OFF
12308 24612 0
-0.229677 -0.012841 0.157495
-0.217457 -0.013046 0.162426
-0.217705 0 0.162786
-0.228794 -0.025782 0.15657
-0.216617 -0.026192 0.161437
-0.199566 -0.013329 0.168634
-0.199799 0 0.169044
-0.229974 0 0.15782
-0.229677 0.012841 0.157495
-0.217457 0.013046 0.162426
-0.236875 -0.012707 0.154197
-0.237207 0 0.1545
-0.236875 0.012707 0.154197
-0.235964 -0.025535 0.153314
-0.24001325 -0.01264375 0.15255425
-0.239171 -0.025404 0.15164325
-0.234551 -0.038581 0.151852
-0.23783775 -0.03839925 0.15015825
-0.227325 -0.038941 0.155101
-0.215098 -0.039535 0.159939
-0.198725 -0.026757 0.167582
-0.177739 -0.01364 0.175239
-0.177979 0 0.175684
-0.199566 0.013329 0.168634
-0.228794 0.025782 0.15657
-0.235964 0.025535 0.153314
-0.216617 0.026192 0.161437
-0.24031175 0 0.15286525
-0.24001325 0.01264375 0.15255425
-0.239171 0.025404 0.15164325
-0.232941 -0.049805 0.150262
-0.23595 -0.0496 0.148934
-0.2366595 -0.049547 0.1481645
-0.225545 -0.050306 0.153526
-0.197157 -0.040375 0.166035
-0.213128 -0.051126 0.158371
-0.176892 -0.027371 0.174102
-0.153737 -0.013901 0.181328
-0.153971 0 0.181822
-0.177739 0.01364 0.175239
-0.198725 0.026757 0.167582
-0.227325 0.038941 0.155101
-0.234558 0.038581 0.151852
-0.2377865 0.0384115 0.150312
-0.215098 0.039535 0.159939
-0.231436 -0.057144 0.148984
-0.23453 -0.056854 0.147656
-0.235116 -0.056833 0.147204
-0.22373 -0.057871 0.152297
-0.19508 -0.052298 0.164439
-0.175317 -0.041293 0.172491
-0.210959 -0.059037 0.157184
-0.152918 -0.027901 0.180106
-0.128344 -0.014155 0.186922
-0.128598 0 0.187459
-0.153737 0.013901 0.181328
-0.176892 0.027371 0.174102
-0.197157 0.040375 0.166035
-0.225545 0.050306 0.153526
-0.232941 0.049805 0.150262
-0.2362535 0.049579 0.148708
-0.213128 0.051126 0.158371
-0.23822425 0.0382735 0.148876
-0.236695 0.04951325 0.1472125
-0.2403135 -0.01257825 0.15119975
-0.23952425 -0.0252875 0.1502605
-0.238226 -0.03826275 0.14873475
-0.240585 0 0.15151775
-0.23669675 -0.0495115 0.14706225
-0.2353 -0.056925 0.146533
-0.230158 -0.061869 0.148009
-0.233336 -0.061495 0.146681
-0.233894 -0.061467 0.146236
-0.222126 -0.062823 0.151378
-0.151364 -0.042099 0.178417
-0.173183 -0.053563 0.170845
-0.192679 -0.06064 0.163245
-0.208981 -0.06432 0.156316
-0.127475 -0.028409 0.185615
-0.102322 -0.014417 0.192043
-0.102682 0 0.192622
-0.128344 0.014155 0.186922
-0.152918 0.027901 0.180106
-0.175317 0.041293 0.172491
-0.19508 0.052298 0.164439
-0.22373 0.057871 0.152297
-0.231436 0.057144 0.148984
-0.23453 0.056854 0.147656
-0.235116 0.056833 0.147204
-0.210959 0.059037 0.157184
-0.2403135 0.01257825 0.15119975
-0.23952425 0.0252875 0.1502605
-0.2353 0.056925 0.146533
-0.23520825 -0.0570555 0.1456905
-0.234078 -0.061573 0.145523
-0.229254 -0.065239 0.147317
-0.232482 -0.064808 0.145982
-0.233047 -0.064709 0.145537
-0.220989 -0.066326 0.150721
-0.149238 -0.054665 0.176715
-0.125907 -0.042876 0.183849
-0.170669 -0.062328 0.169616
-0.190461 -0.066334 0.162383
-0.20759 -0.068029 0.155708
-0.10127 -0.028939 0.190644
-0.082332 -0.014614 0.195744
-0.082799 0 0.196359
-0.102322 0.014417 0.192043
-0.127475 0.028409 0.185615
-0.151364 0.042099 0.178417
-0.173183 0.053563 0.170845
-0.192679 0.06064 0.163245
-0.222126 0.062823 0.151378
-0.230158 0.061869 0.148009
-0.233336 0.061495 0.146681
-0.233894 0.061467 0.146236
-0.208981 0.06432 0.156316
-0.2352065 0.0570555 0.1456905
-0.234078 0.061573 0.145523
-0.2339985 -0.061744 0.14462175
-0.233287 -0.064589 0.144802
-0.228674 -0.067386 0.146561
-0.231952 -0.066934 0.145226
-0.232531 -0.066729 0.144802
-0.232842 -0.066334 0.144103
-0.220276 -0.068551 0.149973
-0.123774 -0.055703 0.182076
-0.146695 -0.063748 0.175444
-0.099546 -0.043674 0.188801
-0.168324 -0.06841 0.168733
-0.188914 -0.070289 0.161783
-0.206707 -0.070353 0.154952
-0.081075 -0.029349 0.194282
-0.077487 -0.014664 0.196641
-0.077974 0 0.197263
-0.082332 0.014614 0.195744
-0.10127 0.028939 0.190644
-0.125907 0.042876 0.183849
-0.149238 0.054665 0.176715
-0.170669 0.062328 0.169616
-0.190461 0.066334 0.162383
-0.220989 0.066326 0.150721
-0.229254 0.065239 0.147317
-0.232482 0.064815 0.145982
-0.233047 0.064709 0.145537
-0.20759 0.068029 0.155708
-0.2339985 0.061744 0.14462175
-0.233287 0.064589 0.144802
-0.23872925 -0.01236125 0.15100575
-0.23794875 -0.02491125 0.15007675
-0.23665275 -0.0378265 0.1485495
-0.235618 -0.04924 0.146957
-0.2389925 0 0.15132025
-0.23872925 0.01236125 0.15100575
-0.23412 -0.056847 0.145565
-0.233357 -0.064476 0.144089
-0.228399 -0.068453 0.145403
-0.231712 -0.067972 0.144096
-0.232312 -0.067711 0.143714
-0.232997 -0.065931 0.143418
-0.232658 -0.067195 0.143149
-0.219916 -0.069639 0.148758
-0.121245 -0.065062 0.180763
-0.097321 -0.056784 0.186957
-0.144322 -0.070105 0.174532
-0.079189 -0.044295 0.192375
-0.166699 -0.072606 0.168126
-0.1876705 -0.073323 0.160254
-0.206255 -0.071476 0.153639
-0.076187 -0.029448 0.195158
-0.075502 0 0.197729
-0.075 -0.014692 0.1971
-0.077487 0.014664 0.196634
-0.081075 0.029349 0.194282
-0.099546 0.043674 0.188801
-0.123774 0.055703 0.182076
-0.146695 0.063748 0.175444
-0.168324 0.06841 0.168733
-0.188914 0.070289 0.161783
-0.220276 0.068551 0.149973
-0.228674 0.067386 0.146561
-0.231952 0.066934 0.145226
-0.232531 0.066729 0.144802
-0.232842 0.066334 0.144103
-0.206707 0.070353 0.154952
-0.23794875 0.02491125 0.15007675
-0.23665275 0.0378265 0.14854775
-0.235618 0.04924 0.146957
-0.23412 0.056847 0.145565
-0.233357 0.064476 0.144089
-0.234615 -0.048989 0.146759
-0.2331035 -0.056685 0.145325
-0.23292 -0.061552 0.14447
-0.2334 -0.064419 0.143693
-0.23227 -0.064101 0.143693
-0.233124 -0.064327 0.143573
-0.228201 -0.069244 0.14334
-0.21964 -0.070437 0.146561
-0.231577 -0.068735 0.142083
-0.23222 -0.068424 0.141807
-0.232842 -0.066658 0.142605
-0.233082 -0.065705 0.143036
-0.23258 -0.067831 0.141511
-0.205902 -0.072274 0.151223
-0.118886 -0.071638 0.179816
-0.094778 -0.066418 0.185594
-0.076865 -0.057624 0.190482
-0.14269 -0.074471 0.173904
-0.074266 -0.044444 0.193237
-0.1653855 -0.075781 0.1664445
-0.186964 -0.074704 0.156817
-0.07368 -0.029497 0.19561
-0.072634 -0.027039 0.192728
-0.074004 -0.013477 0.194967
-0.074386 0 0.194953
-0.074004 0.013477 0.194967
-0.075 0.014692 0.197093
-0.076187 0.029448 0.195158
-0.079189 0.044295 0.192375
-0.097321 0.056784 0.186957
-0.121245 0.065062 0.180763
-0.144322 0.070105 0.174532
-0.166699 0.072606 0.168126
-0.1876705 0.073323 0.160254
-0.228399 0.068453 0.145403
-0.219916 0.069639 0.148758
-0.231712 0.067972 0.144096
-0.232312 0.067711 0.143714
-0.232997 0.065931 0.143418
-0.232658 0.067195 0.143149
-0.206255 0.071476 0.153639
-0.234615 0.048989 0.146759
-0.2331035 0.056685 0.145325
-0.232912 0.061552 0.14447
-0.2334 0.064419 0.143693
-0.23227 0.064101 0.143693
-0.233124 0.064327 0.143573
-0.232044 -0.061403 0.144456
-0.231394 -0.063967 0.143679
-0.231408 -0.064907 0.143149
-0.23198 -0.065288 0.143043
-0.232835 -0.065535 0.142923
-0.219188 -0.071787 0.142874
-0.205301 -0.073609 0.147175
-0.227876 -0.070579 0.139879
-0.231358 -0.070014 0.138706
-0.232446 -0.068891 0.138763
-0.232065 -0.069611 0.138593
-0.232941 -0.066362 0.142302
-0.232863 -0.066877 0.141136
-0.232764 -0.067224 0.14127
-0.23263 -0.068163 0.139024
-0.186216 -0.076039 0.152261
-0.117276 -0.076138 0.179173
-0.09244 -0.073235 0.184619
-0.074294 -0.067471 0.189083
-0.071921 -0.057822 0.191337
-0.141652 -0.077127 0.172979
-0.071737 -0.044521 0.193682
-0.164573 -0.077176 0.16256
-0.163683 -0.078511 0.157411
-0.070543 -0.043222 0.190496
-0.068961 -0.039252 0.1806
-0.071511 -0.019615 0.183729
-0.073023 -0.009804 0.188215
-0.073037 0 0.186265
-0.073023 0.009804 0.188215
-0.072634 0.027039 0.192728
-0.071511 0.019615 0.183729
-0.07368 0.029497 0.19561
-0.074266 0.044444 0.193237
-0.076865 0.057624 0.190482
-0.094778 0.066418 0.185594
-0.118886 0.071638 0.179816
-0.14269 0.074471 0.173904
-0.1653855 0.075781 0.1664445
-0.228201 0.069244 0.14334
-0.21964 0.070437 0.146561
-0.205902 0.072274 0.151223
-0.231577 0.068735 0.142083
-0.23222 0.068424 0.141807
-0.233082 0.065705 0.143036
-0.232842 0.066658 0.142605
-0.23258 0.067831 0.141511
-0.186964 0.074704 0.156817
-0.232044 0.061403 0.144456
-0.23198 0.065288 0.143043
-0.231408 0.064907 0.143149
-0.231394 0.063967 0.143679
-0.232835 0.065535 0.142923
-0.234481 -0.048943 0.145579
-0.236027 -0.037557 0.147289
-0.237313 -0.024673 0.148786
-0.238083 -0.012227 0.149697
-0.238337 0 0.150001
-0.231726 -0.061537 0.14394
-0.232927 -0.056904 0.144018
-0.238083 0.012227 0.149697
-0.236027 0.037557 0.147289
-0.237313 0.024673 0.148786
-0.231069 -0.064137 0.14317
-0.231083 -0.065309 0.142676
-0.231853 -0.065896 0.142358
-0.232701 -0.06615 0.142231
-0.218828 -0.073157 0.139469
-0.204542 -0.0754455 0.14281
-0.185209 -0.0778825 0.147398
-0.227735 -0.071914 0.136651
-0.231344 -0.07125 0.135563
-0.232623 -0.068573 0.137089
-0.23246 -0.069328 0.136397
-0.232192 -0.070522 0.135266
-0.23263 -0.066644 0.141136
-0.232736 -0.067746 0.139173
-0.232503 -0.067471 0.1393
-0.232722 -0.068128 0.13747
-0.116237 -0.078864 0.178163
-0.090844 -0.077875 0.183955
-0.07197 -0.074464 0.18808
-0.069343 -0.067725 0.189924
-0.069378 -0.057928 0.191775
-0.141044 -0.078356 0.171149
-0.140444 -0.079154 0.167695
-0.139448 -0.080489 0.161903
-0.1625035 -0.0804005 0.151919
-0.068114 -0.058232 0.188864
-0.066319 -0.059079 0.179788
-0.066616 -0.035021 0.169708
-0.070148 0 0.172986
-0.070543 0.043222 0.190496
-0.068961 0.039252 0.1806
-0.066616 0.035021 0.169708
-0.071737 0.044521 0.193682
-0.071921 0.057822 0.191337
-0.074294 0.067471 0.189083
-0.09244 0.073235 0.184619
-0.117276 0.076138 0.179173
-0.141652 0.077127 0.172979
-0.164573 0.077176 0.16256
-0.219188 0.071787 0.142874
-0.227876 0.070579 0.139879
-0.205301 0.073609 0.147175
-0.186216 0.076039 0.152261
-0.231358 0.070014 0.138706
-0.232446 0.068891 0.138763
-0.232065 0.069611 0.138593
-0.232764 0.067224 0.14127
-0.232941 0.066362 0.142302
-0.23263 0.06817 0.139024
-0.163683 0.078511 0.157411
-0.234481 0.048943 0.145579
-0.231726 0.061537 0.14394
-0.232927 0.056904 0.144018
-0.231083 0.065309 0.142676
-0.231853 0.065896 0.142358
-0.231069 0.064137 0.14317
-0.232701 0.06615 0.142231
-0.234495 -0.048936 0.143947
-0.236056 -0.03743 0.145692
-0.237327 -0.02456 0.147147
-0.238083 -0.012163 0.148037
-0.238337 0 0.148334
-0.231669 -0.061954 0.142782
-0.232884 -0.057243 0.142224
-0.238083 0.012163 0.148037
-0.236056 0.03743 0.145685
-0.237327 0.02456 0.147147
-0.230998 -0.064617 0.142033
-0.231012 -0.065797 0.141588
-0.231782 -0.066376 0.141292
-0.218849 -0.07404 0.138141
-0.228095 -0.072719 0.135309
-0.231832 -0.071892 0.134263
-0.23292 -0.067513 0.136672
-0.232814 -0.068085 0.135902
-0.232884 -0.068601 0.135132
-0.233372 -0.068785 0.134715
-0.232708 -0.070833 0.134299
-0.231655 -0.067188 0.13949
-0.231641 -0.067555 0.137936
-0.232482 -0.067838 0.137703
-0.23299 -0.067181 0.137096
-0.089813 -0.080672 0.182867
-0.115609 -0.080121 0.176129
-0.070395 -0.079217 0.187409
-0.067026 -0.07476 0.188921
-0.0668 -0.067852 0.190355
-0.114959 -0.080913 0.172272
-0.113871 -0.082248 0.165788
-0.138099 -0.082502 0.1557015
-0.065733 -0.068283 0.188412
-0.063261 -0.06389 0.167893
-0.064518 -0.069456 0.182232
-0.062929 -0.0725 0.175825
-0.063134 -0.032923 0.163513
-0.060443 -0.059432 0.162221
-0.064751 0 0.164446
-0.063134 0.032923 0.163513
-0.069378 0.057928 0.191775
-0.068114 0.058232 0.188864
-0.066319 0.059079 0.179788
-0.063261 0.06389 0.167893
-0.060443 0.059432 0.162221
-0.069343 0.067725 0.189924
-0.07197 0.074464 0.18808
-0.090844 0.077875 0.183955
-0.116237 0.078864 0.178163
-0.141044 0.078356 0.171149
-0.140444 0.079154 0.167695
-0.139448 0.080489 0.161903
-0.204542 0.0754455 0.14281
-0.218828 0.073157 0.139469
-0.227735 0.071914 0.136651
-0.185209 0.0778825 0.147398
-0.231344 0.07125 0.135563
-0.23246 0.069328 0.136397
-0.232623 0.068573 0.137089
-0.232192 0.070522 0.135266
-0.232863 0.066877 0.141136
-0.232736 0.067746 0.139173
-0.232722 0.068128 0.13747
-0.1625035 0.0804005 0.151919
-0.234495 0.048936 0.143947
-0.231669 0.061954 0.142782
-0.232884 0.057243 0.142224
-0.230998 0.064617 0.142033
-0.231012 0.065797 0.141588
-0.231782 0.066376 0.141292
-0.23263 0.066644 0.141136
-0.234784 -0.049 0.142422
-0.2367935 -0.0374755 0.1438525
-0.2380655 -0.024599 0.145282
-0.23838 -0.012142 0.146483
-0.23862 0 0.146773
-0.23157 -0.062639 0.14084
-0.233131 -0.057624 0.14055
-0.23838 0.012142 0.146483
-0.2367935 0.0374755 0.1438525
-0.2380655 0.024599 0.145282
-0.230878 -0.065429 0.140119
-0.230885 -0.066609 0.139766
-0.203564 -0.078214 0.141624
-0.219082 -0.076102 0.137343
-0.183757 -0.080793 0.146243
-0.229409 -0.074308 0.134285
-0.233633 -0.072712 0.133338
-0.233642 -0.06419475 0.13767675
-0.233647 -0.064624 0.136736
-0.233767 -0.064885 0.136043
-0.234247 -0.064942 0.135662
-0.235342 -0.068615 0.134073
-0.23465 -0.070932 0.133571
-0.231104 -0.06692 0.138551
-0.232736 -0.066948 0.13735
-0.231881 -0.066687 0.137583
-0.069371 -0.082064 0.186258
-0.08917 -0.081951 0.180621
-0.065451 -0.079542 0.188243
-0.06449 -0.074916 0.189352
-0.088478 -0.082742 0.176341
-0.112755 -0.083745 0.15989
-0.087319 -0.084077 0.169143
-0.160949 -0.083434 0.150651
-0.063649 -0.074916 0.188384
-0.06312 -0.074796 0.185149
-0.058853 -0.073129 0.162065
-0.05992 -0.076816 0.165682
-0.062512 -0.075368 0.180777
-0.060746 -0.078539 0.173197
-0.056395 -0.063671 0.159318
-0.05881225 -0.03189025 0.16084175
-0.06016525 0 0.16137
-0.05881225 0.03189025 0.16084175
-0.0668 0.067852 0.190355
-0.065733 0.068283 0.188412
-0.064518 0.069456 0.182232
-0.062929 0.0725 0.175825
-0.058853 0.073129 0.162065
-0.05992 0.076816 0.165682
-0.056395 0.063671 0.159318
-0.067026 0.07476 0.188921
-0.070395 0.079217 0.187409
-0.089813 0.080672 0.182867
-0.115609 0.080121 0.176129
-0.114959 0.080913 0.172272
-0.113871 0.082248 0.165788
-0.138099 0.082502 0.1557015
-0.218849 0.07404 0.138141
-0.228095 0.072719 0.135309
-0.231832 0.071892 0.134263
-0.23292 0.067513 0.136672
-0.232814 0.068078 0.135902
-0.232884 0.068601 0.135132
-0.233372 0.068785 0.134715
-0.232708 0.070833 0.134299
-0.232503 0.067471 0.1393
-0.232482 0.067838 0.137703
-0.23299 0.067181 0.137096
-0.234784 0.049 0.142422
-0.23157 0.062639 0.14084
-0.233131 0.057624 0.14055
-0.230878 0.065429 0.140119
-0.230885 0.066609 0.139766
-0.231655 0.067195 0.13949
-0.235653 -0.049212 0.141758
-0.239248 -0.012227 0.145812
-0.239489 0 0.146102
-0.231761 -0.063339 0.139031
-0.233979 -0.057935 0.139836
-0.239248 0.012227 0.145812
-0.231055 -0.066228 0.138339
-0.201529 -0.083773 0.140409
-0.219379 -0.080983 0.135528
-0.180826 -0.086712 0.145219
-0.232135 -0.078002 0.132017
-0.23756 -0.074464 0.131318
-0.235049 -0.05826325 0.13925525
-0.235102 -0.058422 0.138346
-0.235505 -0.0585 0.137495
-0.236197 -0.064744 0.135033
-0.239877 -0.068078 0.132639
-0.239022 -0.070967 0.132003
-0.232595 -0.063755 0.138275
-0.064433 -0.082403 0.187077
-0.068714 -0.083364 0.183849
-0.062915 -0.079705 0.188674
-0.067993 -0.084162 0.179237
-0.086133 -0.085596 0.162602
-0.112013 -0.085024 0.157792
-0.066779 -0.085497 0.171488
-0.136439 -0.085758 0.154296
-0.157898 -0.089516 0.149598
-0.062117 -0.079691 0.188024
-0.061693 -0.079528 0.185749
-0.06134 -0.079161 0.181066
-0.056317 -0.077896 0.160695
-0.057412 -0.084911 0.164114
-0.059143 -0.084183 0.172618
-0.060217 -0.083335 0.180558
-0.053789 -0.0607605 0.1596355
-0.0499355 -0.0852 0.1564325
-0.053789 0.0607605 0.1596355
-0.06449 0.074916 0.189352
-0.063649 0.074916 0.188384
-0.06312 0.074796 0.185149
-0.062512 0.075368 0.180777
-0.060753 0.078539 0.173197
-0.056317 0.077896 0.160695
-0.057412 0.084911 0.164114
-0.059143 0.084183 0.172618
-0.0499355 0.0852 0.1564325
-0.065451 0.079542 0.188243
-0.069371 0.082064 0.186258
-0.08917 0.081951 0.180621
-0.088478 0.082742 0.176341
-0.112755 0.083745 0.15989
-0.087319 0.084084 0.169143
-0.203564 0.078214 0.141624
-0.219082 0.076102 0.137343
-0.229409 0.074308 0.134285
-0.183757 0.080793 0.146243
-0.233633 0.072712 0.133338
-0.233642 0.06419475 0.13767675
-0.233647 0.064624 0.136736
-0.233767 0.064885 0.136043
-0.234247 0.064942 0.135662
-0.23465 0.070932 0.133571
-0.235342 0.068615 0.134073
-0.231641 0.067555 0.137936
-0.232736 0.066948 0.13735
-0.231881 0.066687 0.137583
-0.160949 0.083434 0.150651
-0.235653 0.049212 0.141758
-0.231761 0.063339 0.139031
-0.233979 0.057935 0.139836
-0.231055 0.066228 0.138339
-0.231104 0.06692 0.138551
-0.239617375 -0.024857375 0.143905875
-0.238235 -0.03779 0.143093
-0.236767 -0.049467625 0.140721875
-0.2403275 -0.012347 0.1452435
-0.2405745 0 0.145544
-0.2403275 0.012347 0.1452435
-0.238235 0.03779 0.143093
-0.239617375 0.024857375 0.143905875
-0.199438 -0.089403 0.139194
-0.219527 -0.085942 0.133748
-0.177859 -0.092702 0.144173
-0.23749 -0.082283 0.128563
-0.242759 -0.075996 0.128874
-0.237253 -0.049427 0.139402
-0.237694 -0.058331 0.136665
-0.240732 -0.06425 0.133578
-0.245683 -0.067485 0.130717
-0.244673 -0.070868 0.129969
-0.063769 -0.08371 0.184626
-0.061898 -0.08258 0.187501
-0.063042 -0.084501 0.179936
-0.065557 -0.087015 0.164446
-0.085363 -0.086924 0.160271
-0.110671 -0.087828 0.15729
-0.06182 -0.085836 0.172053
-0.133387 -0.091911 0.153229
-0.154811 -0.095661 0.148539
-0.061509 -0.081923 0.187091
-0.060852 -0.082827 0.185283
-0.053132 -0.086994 0.159127
-0.055738 -0.088435 0.16174
-0.058034 -0.087531 0.165124
-0.060499 -0.084677 0.180296
-0.05927 -0.086012 0.172343
-0.061234 -0.083886 0.185029
-0.047594 -0.084543 0.157615
-0.044479 -0.101178 0.153702
-0.042868 -0.100888 0.15503
-0.045609 -0.102273 0.154239
-0.050525 -0.096255 0.158166
-0.047594 0.084543 0.157615
-0.062915 0.079705 0.188674
-0.06211 0.079691 0.188024
-0.061693 0.079528 0.185749
-0.06134 0.079161 0.181066
-0.060217 0.083335 0.180558
-0.053132 0.086994 0.159127
-0.058034 0.087531 0.165124
-0.055738 0.088435 0.16174
-0.060499 0.084677 0.180296
-0.05927 0.086012 0.172343
-0.044479 0.101178 0.153702
-0.045609 0.102273 0.154239
-0.050525 0.096255 0.158166
-0.042868 0.100888 0.15503
-0.064433 0.082403 0.187077
-0.068714 0.083364 0.183849
-0.067993 0.084162 0.179237
-0.086133 0.085596 0.162602
-0.112013 0.085024 0.157792
-0.066779 0.085497 0.171488
-0.136439 0.085758 0.154296
-0.201529 0.083773 0.140409
-0.219379 0.080983 0.135528
-0.232135 0.078002 0.132017
-0.180826 0.086712 0.145219
-0.23756 0.074464 0.131318
-0.235049 0.05826325 0.13925525
-0.235102 0.058422 0.138346
-0.235505 0.0585035 0.137495
-0.236197 0.064744 0.135033
-0.239022 0.070967 0.132003
-0.239877 0.068078 0.132639
-0.232595 0.063755 0.138275
-0.157898 0.089516 0.149598
-0.236767 0.049467625 0.140721875
-0.1981985 -0.0924085 0.1384275
-0.219107 -0.0886755 0.13278
-0.2358295 -0.0855925 0.1278145
-0.176288 -0.09587 0.1434635
-0.245457 -0.083632 0.125053
-0.246361 -0.081315 0.125547
-0.248389 -0.076138 0.126649
-0.23884075 -0.03768 0.14130375
-0.239467 -0.049289 0.138544
-0.24218 -0.057935 0.135182
-0.24651 -0.063741 0.131629
-0.251454 -0.067132 0.128613
-0.250444 -0.070579 0.127843
-0.060584 -0.087355 0.164891
-0.064794 -0.08835 0.161945
-0.084119 -0.089693 0.159777
-0.107761 -0.093902 0.156224
-0.130329 -0.098063 0.152155
-0.15280525 -0.0996365 0.147133
-0.054269 -0.092744 0.16114
-0.057271 -0.088873 0.16256
-0.056176 -0.091529 0.162072
-0.059821 -0.088697 0.162348
-0.043992 -0.083795 0.160624
-0.049445 -0.059849 0.163316
-0.039118 -0.100224 0.15811
-0.053019 -0.031122 0.164834
-0.042671 -0.107323 0.152706
-0.041103 -0.107055 0.153992
-0.037288 -0.106419 0.157107
-0.043744 -0.107267 0.153165
-0.046068 -0.106963 0.155263
-0.04717 -0.105105 0.156506
-0.049699 -0.101517 0.158618
-0.052376 -0.098155 0.160504
-0.054333 0 0.1653
-0.053019 0.031122 0.164834
-0.049445 0.059849 0.163316
-0.043992 0.083795 0.160624
-0.039118 0.100224 0.15811
-0.061898 0.08258 0.187501
-0.061509 0.081923 0.187091
-0.060852 0.082827 0.185283
-0.061234 0.083886 0.185029
-0.054269 0.092744 0.16114
-0.057278 0.088866 0.16256
-0.059828 0.08869 0.162348
-0.060584 0.087355 0.164891
-0.056176 0.091529 0.162072
-0.06182 0.085836 0.172053
-0.063042 0.084501 0.179936
-0.042671 0.107323 0.152706
-0.043744 0.107267 0.153165
-0.046068 0.106963 0.155263
-0.04717 0.105105 0.156506
-0.049699 0.101517 0.158618
-0.041103 0.107055 0.153992
-0.052376 0.098155 0.160504
-0.037288 0.106419 0.157114
-0.063769 0.08371 0.184626
-0.065557 0.087015 0.164446
-0.085363 0.086924 0.160271
-0.110671 0.087828 0.15729
-0.133387 0.091911 0.153229
-0.199438 0.089403 0.139194
-0.219527 0.085942 0.133748
-0.23749 0.082283 0.128563
-0.177859 0.092702 0.144173
-0.242766 0.075996 0.128874
-0.237253 0.049427 0.139402
-0.237694 0.058331 0.136665
-0.240732 0.06425 0.133578
-0.244673 0.070868 0.129969
-0.245683 0.067485 0.130717
-0.154811 0.095661 0.148539
-0.244935 -0.084522 0.124615
-0.249787 -0.083088 0.123371
-0.249137 -0.083992 0.12299
-0.250691 -0.080835 0.123845
-0.252719 -0.07582 0.12489
-0.240195 -0.0247685 0.142528
-0.241156 -0.03755 0.140239
-0.243889 -0.049 0.137032
-0.24788 -0.057525 0.133211
-0.252196 -0.063487 0.129517
-0.255692 -0.067238 0.126677
-0.25476 -0.070473 0.126006
-0.063663 -0.091042 0.161458
-0.081492 -0.09552 0.158731
-0.104872 -0.099935 0.155164
-0.1283425 -0.10204625 0.150746
-0.053923 -0.097003 0.161084
-0.058719 -0.091367 0.161861
-0.05643 -0.096869 0.160872
-0.030769 -0.09831 0.165159
-0.035805 -0.081894 0.167568
-0.041399 -0.058196 0.17016
-0.02886125 -0.105001 0.16440875
-0.044995 -0.030182 0.171665
-0.042515 -0.108277 0.152763
-0.040968 -0.107959 0.154034
-0.04354 -0.108255 0.153123
-0.0372635 -0.107493 0.1574775
-0.045779 -0.107945 0.154896
-0.048519 -0.106631 0.157425
-0.048145 -0.107592 0.156725
-0.049091 -0.105494 0.158576
-0.051324 -0.10163 0.160102
-0.049996 -0.103947 0.159459
-0.051705 -0.102379 0.160109
-0.046294 0 0.172145
-0.044995 0.030182 0.171665
-0.041399 0.058196 0.17016
-0.035805 0.081894 0.167568
-0.030769 0.09831 0.165159
-0.02886125 0.105001 0.16440875
-0.053923 0.097003 0.161084
-0.063663 0.091042 0.161458
-0.064801 0.08835 0.161945
-0.058719 0.091367 0.161861
-0.05643 0.096869 0.160872
-0.042515 0.108277 0.152763
-0.04354 0.108255 0.153123
-0.045779 0.107945 0.154896
-0.048145 0.107592 0.156725
-0.048519 0.106631 0.157425
-0.049091 0.105494 0.158576
-0.049996 0.103947 0.159459
-0.051324 0.10163 0.160102
-0.040968 0.107959 0.154034
-0.051705 0.102379 0.160109
-0.0372635 0.107493 0.1574775
-0.084119 0.089693 0.159777
-0.107761 0.093902 0.156224
-0.130329 0.098063 0.152155
-0.1981985 0.0924085 0.1384275
-0.219107 0.0886755 0.13278
-0.2358295 0.0855925 0.1278145
-0.245457 0.083632 0.125053
-0.246361 0.081315 0.125547
-0.176288 0.09587 0.1434635
-0.248389 0.076138 0.126649
-0.23884075 0.03768 0.14130375
-0.239467 0.049289 0.138544
-0.24218 0.057935 0.135182
-0.24651 0.063741 0.131629
-0.250444 0.070579 0.127843
-0.251454 0.067139 0.128613
-0.15280525 0.0996365 0.147133
-0.240513 -0.012305 0.1440005
-0.2407565 0 0.144322
-0.240513 0.012305 0.1440005
-0.218201 -0.090706 0.1311095
-0.19714275 -0.0945825 0.13676175
-0.23486925 -0.087531 0.1262
-0.244059 -0.085426 0.123668
-0.247908 -0.08496 0.122206
-0.17515075 -0.0981155 0.14179675
-0.249378 -0.084826 0.121358
-0.250564 -0.083858 0.122036
-0.251186 -0.082968 0.122383
-0.252076 -0.080793 0.122828
-0.254039 -0.075975 0.123823
-0.25601 -0.070911 0.124819
-0.242526 -0.02468 0.141595
-0.245528 -0.037345 0.138713
-0.24129 -0.012269 0.143213
-0.249491 -0.048696 0.135047
-0.253467 -0.057306 0.131113
-0.25683 -0.064038 0.127306
-0.257705 -0.057186 0.129474
-0.256914 -0.068 0.12525
-0.257225 -0.066552 0.125363
-0.061304 -0.096608 0.160455
-0.0789 -0.10127 0.157707
-0.102988 -0.10383175 0.1537625
-0.054177 -0.10228 0.15989
-0.058987 -0.102082 0.159466
-0.013964625 -0.10125125 0.178509375
-0.015363 -0.09427 0.178403
-0.020392 -0.07808 0.180763
-0.025973 -0.055053 0.18332
-0.029561 -0.028424 0.184824
-0.042678 -0.108983 0.153391
-0.041117 -0.108503 0.154691
-0.043667 -0.109117 0.153695
-0.045687 -0.108891 0.155412
-0.049169 -0.10846 0.157735
-0.04782 -0.10858 0.157199
-0.049572 -0.10745 0.157283
-0.049981 -0.106504 0.158089
-0.05037 -0.1056 0.159205
-0.050737 -0.104738 0.159678
-0.053188 -0.104653 0.159459
-0.030861 0 0.185304
-0.029561 0.028424 0.184817
-0.025973 0.055053 0.18332
-0.020392 0.07808 0.180763
-0.015363 0.09427 0.178403
-0.013964625 0.10125125 0.17851025
-0.054177 0.10228 0.15989
-0.061304 0.096608 0.160455
-0.081492 0.09552 0.158731
-0.058987 0.102082 0.159466
-0.042678 0.108983 0.153391
-0.043667 0.109117 0.153695
-0.04568 0.108891 0.155412
-0.049169 0.10846 0.157728
-0.049572 0.10745 0.157283
-0.04782 0.10858 0.157199
-0.049981 0.106504 0.158089
-0.05037 0.1056 0.159205
-0.050737 0.104738 0.159678
-0.041117 0.108503 0.154691
-0.053188 0.104653 0.159459
-0.104872 0.099935 0.155164
-0.1283425 0.10204625 0.150746
-0.244935 0.084522 0.124615
-0.249137 0.083992 0.12299
-0.249787 0.083088 0.123371
-0.250691 0.080835 0.123845
-0.252719 0.07582 0.12489
-0.240195 0.0247685 0.142528
-0.241156 0.03755 0.140239
-0.243889 0.049 0.137032
-0.24788 0.057525 0.133211
-0.252196 0.063487 0.129517
-0.25476 0.070473 0.126006
-0.255692 0.067238 0.126677
-0.243352 -0.086323 0.122976
-0.246955 -0.085928 0.121613
-0.248459 -0.085793 0.120843
-0.25055 -0.08395 0.121111
-0.249561 -0.084868 0.120617
-0.251101 -0.083095 0.121387
-0.251935 -0.081054 0.121817
-0.253764 -0.076569 0.12275
-0.256512 -0.069265 0.123873
-0.255615 -0.071892 0.123626
-0.241544 0 0.143545
-0.24687 -0.024539 0.140063
-0.243338 -0.012234 0.142478
-0.251037 -0.037112 0.136721
-0.254986 -0.048498 0.132971
-0.25826 -0.06283 0.126931
-0.257444 -0.065889 0.125385
-0.259175 -0.048385 0.131346
-0.259535 -0.0569885 0.1287325
-0.256851 -0.067993 0.123809
-0.257041 -0.067365 0.123774
-0.0775465 -0.1042645 0.157015
-0.1516255 -0.101955 0.1458585
-0.0577795 -0.104929 0.1587915
0.005866375 -0.09656625 0.1941135
0.004507 -0.089671 0.193985
-0.000466 -0.073736 0.196281
-0.005997 -0.051458 0.198774
-0.009571 -0.026425 0.200251
-0.043165 -0.10947 0.154677
-0.041632 -0.108792 0.156125
-0.044027 -0.109809 0.154733
-0.03803 -0.107888 0.159162
-0.045637 -0.109696 0.156189
-0.048738 -0.109506 0.158477
-0.047417 -0.109689 0.158166
-0.051599 -0.108397 0.157509
-0.051168 -0.109442 0.158251
-0.052009 -0.107387 0.157057
-0.052425 -0.106426 0.157863
-0.052821 -0.105522 0.158986
-0.010864 0 0.200731
-0.009571 0.026425 0.200251
-0.005997 0.051458 0.198774
-0.000466 0.073736 0.196281
0.004507 0.089671 0.193985
0.005866375 0.09656625 0.1941135
-0.0577795 0.104929 0.1587915
-0.0789 0.10127 0.157707
-0.0775465 0.1042645 0.157015
-0.043165 0.10947 0.154677
-0.044027 0.109809 0.154733
-0.045637 0.109696 0.156189
-0.048738 0.109506 0.158477
-0.051168 0.109442 0.158251
-0.051599 0.108397 0.157502
-0.052009 0.107387 0.157057
-0.047417 0.109689 0.158166
-0.052425 0.106426 0.157863
-0.052821 0.105522 0.158986
-0.041632 0.108792 0.156125
-0.03803 0.107888 0.159162
-0.102988 0.10383175 0.15376075
-0.218201 0.090706 0.1311095
-0.23486925 0.087531 0.1262
-0.19714275 0.0945825 0.13676175
-0.244059 0.085426 0.123668
-0.247908 0.08496 0.122206
-0.249378 0.084826 0.121358
-0.250564 0.083858 0.122036
-0.251186 0.082968 0.122383
-0.252076 0.080793 0.122828
-0.17515075 0.0981155 0.14179675
-0.254039 0.075975 0.123823
-0.25601 0.070911 0.124819
-0.242526 0.02468 0.141595
-0.245521 0.037345 0.138713
-0.24129 0.012269 0.143213
-0.249491 0.048696 0.135047
-0.253467 0.057306 0.131113
-0.25683 0.064038 0.127306
-0.257705 0.057186 0.129474
-0.256914 0.068 0.12525
-0.257225 0.066552 0.125363
-0.243359 -0.087206 0.123287
-0.247153 -0.086825 0.121817
-0.248777 -0.085801 0.120228
-0.248622 -0.086691 0.12097
-0.248827 -0.086684 0.120271
-0.250437 -0.084119 0.119564
-0.250953 -0.083314 0.119713
-0.249533 -0.084974 0.119458
-0.251694 -0.081492 0.120101
-0.253298 -0.077557 0.120942
-0.254972 -0.073397 0.121754
-0.255897 -0.070889 0.122043
-0.256349 -0.06954 0.122072
-0.243607 0 0.142803
-0.243338 0.012234 0.142478
-0.252337 -0.024376 0.138071
-0.247703 -0.012163 0.140924
-0.256469 -0.036949 0.134659
-0.257677 -0.065585 0.125194
-0.260623 -0.036857 0.133041
-0.261082 -0.0482825 0.130537
-0.256575 -0.068869 0.122079
-0.257105 -0.067231 0.123301
-0.1271575 -0.1043955 0.1494605
0.02753775 -0.092953 0.208229125
0.026241 -0.086083 0.208063
0.021261 -0.07024 0.210182
0.01573 -0.04847 0.212499
-0.029822 -0.105812 0.166127
0.012135 -0.024729 0.213912
-0.043992 -0.109774 0.156697
-0.042621 -0.108934 0.158498
-0.044543 -0.11029 0.156061
-0.039195 -0.108015 0.16143
-0.046075 -0.110558 0.157559
-0.045496 -0.110226 0.156612
-0.048237 -0.110537 0.158548
-0.050667 -0.110473 0.158322
-0.047163 -0.110777 0.158357
-0.0556535 -0.109834 0.1578555
-0.0566565 -0.10752275 0.15705
-0.0765295 -0.106461 0.15534975
0.010821 0 0.214385
0.012135 0.024729 0.213912
0.01573 0.04847 0.212499
0.021261 0.07024 0.210182
0.026241 0.086083 0.208063
0.02753775 0.092953 0.208229125
-0.029822 0.105812 0.166127
-0.043992 0.109774 0.156697
-0.044543 0.11029 0.156061
-0.046075 0.110558 0.157559
-0.045496 0.110226 0.156612
-0.0556535 0.109834 0.1578555
-0.0566565 0.10752275 0.15705
-0.050667 0.110473 0.158322
-0.048237 0.110537 0.158548
-0.047163 0.110777 0.158357
-0.042621 0.108934 0.158491
-0.0765295 0.106461 0.15535325
-0.039195 0.108015 0.16143
-0.243352 0.086323 0.122976
-0.246955 0.085928 0.121613
-0.248459 0.085793 0.120843
-0.249561 0.084868 0.120617
-0.25055 0.08395 0.121111
-0.251101 0.083095 0.121387
-0.251935 0.081054 0.121817
-0.253764 0.076569 0.12275
-0.256512 0.069265 0.123873
-0.255615 0.071892 0.123626
-0.24687 0.024539 0.140063
-0.251037 0.037112 0.136721
-0.254986 0.048498 0.132971
-0.25826 0.06283 0.126931
-0.257437 0.065889 0.125385
-0.259175 0.048385 0.131346
-0.259535 0.0569885 0.1287325
-0.256851 0.067993 0.123809
-0.257041 0.067365 0.123774
-0.1516255 0.101955 0.1458585
-0.2434335 -0.088414 0.123873
-0.234092 -0.089901 0.1268675
-0.2171325 -0.0932455 0.131851
-0.195924 -0.097307 0.137516
-0.24764 -0.087637 0.122213
-0.248805 -0.08585 0.119352
-0.249081 -0.087489 0.120419
-0.249046 -0.087496 0.121266
-0.249053 -0.087475 0.11907
-0.248827 -0.086705 0.119218
-0.1738365 -0.100934 0.1425485
-0.25031 -0.084275 0.118088
-0.250804 -0.083526 0.118102
-0.251468 -0.081909 0.118462
-0.24942 -0.085073 0.118363
-0.252853 -0.078518 0.119204
-0.25435 -0.074831 0.119974
-0.255325 -0.072345 0.120398
-0.25589 -0.070833 0.120595
-0.256173 -0.070091 0.120687
-0.247986 0 0.141235
-0.247703 0.012163 0.140924
-0.257727 -0.024263 0.136008
-0.253185 -0.012079 0.138918
-0.257494 -0.066524 0.123145
-0.258052 -0.065217 0.124678
-0.258871 -0.062413 0.126246
-0.261873 -0.0242 0.134376
-0.2625935 -0.0368045 0.1321865
-0.260206 -0.056706 0.12797
-0.256561 -0.068841 0.12169
-0.256575 -0.068537 0.120991
-0.25695 -0.067711 0.121521
-0.1018525 -0.1061755 0.152473
-0.1506545 -0.104035 0.146889
0.038298 -0.067916 0.220043
0.043292 -0.083766 0.218086
0.045161 -0.090245 0.21751375
0.032746 -0.046443 0.22219
0.029137 -0.023571 0.223539
-0.031136 -0.105988 0.168147
0.027809 0 0.224005
-0.045044 -0.11082 0.157269
-0.044571 -0.110247 0.158378
-0.04337 -0.10928 0.160533
-0.040135 -0.108361 0.1634
-0.04587 -0.111441 0.157629
-0.053965 -0.113172 0.157149
-0.049197 -0.113341 0.157573
-0.046746 -0.113426 0.157792
-0.045715 -0.113567 0.157608
-0.0752335 -0.109354 0.156058
-0.073708 -0.112536 0.155397
0.029137 0.023571 0.223539
0.032746 0.046443 0.22219
0.038298 0.067916 0.220043
0.043292 0.083766 0.218086
0.045161 0.090245 0.21751375
-0.031136 0.105988 0.168147
-0.044571 0.110247 0.158378
-0.045044 0.11082 0.157269
-0.04587 0.111441 0.157629
-0.0752335 0.109354 0.156058
-0.053965 0.113172 0.157149
-0.073708 0.112536 0.155397
-0.049197 0.113341 0.157573
-0.046746 0.113426 0.157792
-0.045715 0.113567 0.157608
-0.04337 0.10928 0.160533
-0.1018525 0.1061755 0.152473
-0.040135 0.108361 0.1634
-0.1271575 0.1043955 0.1494605
-0.243359 0.087206 0.123287
-0.247153 0.086825 0.121817
-0.248777 0.085801 0.120228
-0.248622 0.086691 0.12097
-0.248827 0.086684 0.120271
-0.249533 0.084974 0.119458
-0.250437 0.084119 0.119564
-0.250946 0.083314 0.119713
-0.251694 0.081492 0.120101
-0.253305 0.077557 0.120942
-0.254972 0.073397 0.121754
-0.255897 0.070889 0.122043
-0.256349 0.06954 0.122072
-0.252337 0.024376 0.138071
-0.256462 0.036949 0.134659
-0.257677 0.065585 0.125194
-0.257197 0.067033 0.123583
-0.260623 0.036857 0.133041
-0.261082 0.0482825 0.130537
-0.256575 0.068869 0.122079
-0.256681 0.068551 0.121874
-0.247548 -0.088358 0.12222
-0.248947 -0.088195 0.121245
-0.248714 -0.085899 0.118526
-0.248933 -0.088153 0.120348
-0.248756 -0.086726 0.118194
-0.249003 -0.087468 0.117728
-0.248911 -0.088096 0.118907
-0.249363 -0.08513 0.117805
-0.250253 -0.084345 0.117374
-0.250741 -0.083625 0.117332
-0.251355 -0.08212 0.117657
-0.252627 -0.079013 0.118328
-0.248657 -0.085935 0.11806
-0.254025 -0.075573 0.119056
-0.255021 -0.073093 0.119543
-0.255657 -0.071504 0.119833
-0.255968 -0.070727 0.119967
-0.256286 -0.069731 0.120836
-0.256123 -0.070218 0.120136
-0.253503 0 0.139215
-0.253185 0.012079 0.138918
-0.258602 -0.012022 0.136834
-0.257727 -0.066341 0.122566
-0.258433 -0.064928 0.124148
-0.2595385 -0.0621535 0.12552775
-0.262756 -0.011987 0.135196
-0.263868 -0.024157 0.1335145
-0.261802 -0.048124 0.1297
-0.261064 -0.056515 0.12712025
-0.256314 -0.069427 0.120504
-0.255742 -0.06966 0.1189
-0.256907 -0.067965 0.120645
-0.126165 -0.106532 0.150478
-0.015843 -0.101828 0.181285
0.003941 -0.097145 0.196853
0.025464 -0.093549 0.210888
0.043963 -0.091035 0.219047
0.042473 -0.091239 0.220742
0.049512625 -0.082921125 0.222108
0.044356375 -0.067096375 0.224582125
0.039211125 -0.0456745 0.226234875
0.0511505 -0.088944 0.2208515
0.051147 -0.089777 0.220869
0.050737 -0.090109 0.221413
0.04989 -0.090222 0.222395
0.035517125 -0.02313825 0.227334
0.0339401875 0 0.2292135625
-0.0322595 -0.106797 0.1701355
-0.044783 -0.111823 0.157389
-0.044331 -0.111236 0.158661
-0.043208 -0.110198 0.160978
-0.040107 -0.109209 0.163881
-0.044557 -0.113899 0.156902
-0.045821 -0.11991 0.155857
-0.050681 -0.119642 0.155461
-0.070784 -0.118568 0.153815
-0.043328 -0.120045 0.156054
-0.042466 -0.119797 0.155941
-0.1008635 -0.1083335 0.1534765
-0.099497 -0.111356 0.152862
-0.09694 -0.116979 0.151407
0.035517125 0.02313825 0.227334
0.039211125 0.0456745 0.226234875
0.04435725 0.067098125 0.224582125
0.049512625 0.082923125 0.222108
0.0511505 0.088944 0.2208515
0.051147 0.089777 0.220869
0.050737 0.090109 0.221413
0.043963 0.091035 0.219047
0.04989 0.090222 0.222395
-0.015843 0.101828 0.181285
0.003941 0.097145 0.196853
0.025464 0.093549 0.210888
0.042473 0.091239 0.220742
-0.0322595 0.106797 0.1701355
-0.044783 0.111823 0.157389
-0.044331 0.111236 0.158661
-0.044557 0.113899 0.156902
-0.1008635 0.1083335 0.1534765
-0.099497 0.111356 0.152862
-0.050681 0.119642 0.155461
-0.070784 0.118568 0.153815
-0.09694 0.116979 0.151407
-0.045821 0.11991 0.155857
-0.043328 0.120045 0.156054
-0.042466 0.119797 0.155941
-0.043208 0.110198 0.160978
-0.040107 0.109209 0.163881
-0.2434335 0.088414 0.123873
-0.234092 0.089901 0.1268675
-0.2171325 0.0932455 0.131851
-0.24764 0.087637 0.122213
-0.195924 0.097307 0.137516
-0.248805 0.08585 0.119352
-0.249046 0.087496 0.121266
-0.249081 0.087489 0.120419
-0.248827 0.086705 0.119218
-0.249053 0.087475 0.11907
-0.24942 0.085073 0.118363
-0.25031 0.084275 0.118088
-0.250804 0.083526 0.118102
-0.251468 0.081909 0.118462
-0.252853 0.078518 0.119204
-0.25435 0.074831 0.119974
-0.255325 0.072345 0.120398
-0.1738365 0.100934 0.1425485
-0.25589 0.070833 0.120595
-0.256173 0.070091 0.120687
-0.257727 0.024263 0.136008
-0.258052 0.065217 0.124678
-0.258871 0.062413 0.126246
-0.257444 0.066665 0.123075
-0.261873 0.0242 0.134376
-0.2625935 0.0368045 0.1321865
-0.260206 0.056706 0.12797
-0.25625 0.069795 0.120497
-0.256766 0.06829 0.121245
-0.1506545 0.104035 0.146889
-0.2461 -0.090957 0.121471
-0.241961 -0.091458 0.123124
-0.247499 -0.090724 0.120518
-0.232694 -0.092984 0.126154
-0.215882 -0.09629 0.131226
-0.194798 -0.100281 0.136983
-0.248714 -0.08674 0.117572
-0.247541 -0.090576 0.119649
-0.248968 -0.08746 0.116901
-0.248897 -0.088033 0.11748
-0.248883 -0.087997 0.116605
-0.247605 -0.090349 0.11825
-0.172675 -0.103869 0.142026
-0.249724 -0.084621 0.116958
-0.24906 -0.085462 0.11736
-0.248763 -0.085998 0.117572
-0.250296 -0.08347 0.117
-0.251066 -0.08169 0.117382
-0.253439 -0.075905 0.118596
-0.252295 -0.078977 0.117975
-0.254414 -0.073531 0.119084
-0.255099 -0.071921 0.119416
-0.255389 -0.07113 0.119564
-0.255452 -0.070727 0.119508
-0.255459 -0.070261 0.119211
-0.258942 0 0.137117
-0.258602 0.012022 0.136834
-0.258687 -0.064829 0.123915
-0.25791 -0.066284 0.122305
-0.263109 0 0.135471
-0.2647195 -0.011966 0.1343375
-0.263406 -0.036702 0.131283
-0.26267825 -0.04800025 0.12880875
-0.253481 -0.070685 0.117968
-0.256971 -0.068064 0.120256
-0.255572 -0.069675 0.118476
-0.149408 -0.10697 0.146349
-0.01702 -0.102693 0.183185
0.0027475 -0.09807 0.1987355
0.0241855 -0.0945205 0.2127145
0.041212 -0.0922035 0.2224125
0.048696 -0.090392 0.223779
0.047764 -0.090816 0.224952
0.051387 -0.089742 0.22101
0.050992 -0.090074 0.221568
0.050243 -0.09018 0.222494
0.049296 -0.090307 0.223702
-0.043589 -0.113963 0.156662
-0.043109 -0.113306 0.157856
-0.041943 -0.112268 0.160123
-0.03892 -0.111166 0.16309
-0.031221 -0.109054 0.169659
-0.041823 -0.118943 0.155468
-0.041286 -0.117883 0.155341
-0.047523 -0.125978 0.153681
-0.042586 -0.126345 0.154048
-0.067986 -0.124487 0.152148
-0.094503 -0.122503 0.14986
-0.04005 -0.126529 0.154239
-0.038701 -0.126811 0.15402
-0.039019 -0.123866 0.154048
-0.124869 -0.109477 0.149902
-0.122446 -0.115022 0.148503
-0.120115 -0.120468 0.147006
0.051387 0.089742 0.22101
0.050992 0.090074 0.221568
0.050243 0.09018 0.222494
0.048696 0.090392 0.223779
0.049296 0.090307 0.223702
0.0027475 0.09807 0.1987355
-0.01702 0.102693 0.183185
0.02460225 0.09551125 0.21263825
0.041212 0.0922035 0.2224125
0.047764 0.090816 0.224952
-0.043589 0.113963 0.156662
-0.043109 0.113306 0.157856
-0.041943 0.112268 0.160123
-0.041816 0.118943 0.155468
-0.041286 0.117883 0.155341
-0.126165 0.106532 0.150478
-0.124869 0.109477 0.149902
-0.122446 0.115022 0.148503
-0.047523 0.125978 0.153681
-0.067986 0.124487 0.152148
-0.094503 0.122503 0.14986
-0.120115 0.120468 0.147006
-0.042586 0.126345 0.154048
-0.04005 0.126529 0.154239
-0.038701 0.126811 0.15402
-0.039019 0.123866 0.154048
-0.03892 0.111166 0.16309
-0.031221 0.109054 0.169659
-0.247548 0.088358 0.12222
-0.248947 0.088195 0.121245
-0.248714 0.085899 0.118526
-0.248933 0.088153 0.120348
-0.248756 0.086726 0.118194
-0.249003 0.087468 0.117728
-0.248911 0.088096 0.118907
-0.249363 0.08513 0.117805
-0.250253 0.084345 0.117374
-0.250741 0.083625 0.117332
-0.248657 0.085935 0.11806
-0.251355 0.08212 0.117657
-0.252627 0.079013 0.118328
-0.254025 0.075573 0.119056
-0.255021 0.0731 0.119543
-0.255657 0.071504 0.119833
-0.255961 0.070727 0.119974
-0.25606 0.070416 0.119868
-0.258433 0.064928 0.124148
-0.2595385 0.0621535 0.12552775
-0.257712 0.066376 0.122552
-0.262756 0.011987 0.135196
-0.263868 0.024157 0.1335145
-0.261802 0.048124 0.1297
-0.261064 0.056515 0.12712025
-0.256222 0.069625 0.119818
-0.256858 0.068114 0.120574
-0.23857 -0.097992 0.121238
-0.242491 -0.097399 0.119621
-0.243875 -0.097024 0.11871
-0.244038 -0.096636 0.117897
-0.229663 -0.099461 0.124311
-0.213325 -0.10247 0.129616
-0.19258 -0.106136 0.135598
-0.248572 -0.086669 0.11712
-0.244306 -0.096014 0.116598
-0.248593 -0.087453 0.116386
-0.247668 -0.090116 0.116866
-0.248558 -0.087969 0.116103
-0.247711 -0.089975 0.116025
-0.244567 -0.0954 0.115298
-0.170443 -0.109569 0.140698
-0.248205 -0.086422 0.116612
-0.248177 -0.085384 0.116379
-0.249031 -0.082919 0.116739
-0.250317 -0.080185 0.117339
-0.252916 -0.074033 0.118632
-0.25204 -0.076109 0.118194
-0.25156 -0.078349 0.117812
-0.253693 -0.072443 0.118985
-0.253891 -0.071666 0.119119
-0.253771 -0.071292 0.118978
-0.253616 -0.070939 0.118498
-0.259012 -0.064921 0.123887
-0.2582 -0.066397 0.122227
-0.2650405 0 0.134627
-0.2647195 0.011966 0.1343375
-0.26472 -0.024094 0.132589
-0.265475 -0.01193 0.133458
-0.26414925 -0.036624 0.13044025
-0.252125 -0.071236 0.117827
-0.253432 -0.070635 0.117664
-0.257197 -0.068212 0.120094
-0.255714 -0.069851 0.118229
-0.147034 -0.112592 0.144979
0.047707 -0.09172 0.225298
0.048597 -0.09066 0.224683
0.04859 -0.091423 0.224931
0.0515705 -0.088887 0.221247
0.051288 -0.090032 0.221738
0.051663 -0.089707 0.221173
0.050525 -0.090138 0.222769
0.049459 -0.090286 0.224231
-0.040749 -0.117014 0.156294
-0.039393 -0.116096 0.158279
-0.03637 -0.114846 0.16126
-0.028734 -0.112543 0.167949
-0.015999 -0.104992 0.182726
-0.036349 -0.120518 0.154945
-0.037818 -0.122496 0.153639
-0.067061 -0.126818 0.151188
-0.046485 -0.128436 0.152685
-0.041526 -0.128824 0.153045
-0.093683 -0.124699 0.14892
-0.119317 -0.122623 0.146059
-0.038976 -0.129022 0.153229
-0.037083 -0.127574 0.153229
-0.037988 -0.128916 0.153151
-0.037536 -0.125957 0.153398
-0.037196 -0.125151 0.153158
-0.144732 -0.118116 0.143495
-0.143926 -0.120278 0.142542
0.0515705 0.0888905 0.221247
0.051663 0.089707 0.221173
0.051288 0.090039 0.221738
0.050525 0.090138 0.222769
0.048597 0.09066 0.224683
0.049466 0.090286 0.224231
0.047707 0.09172 0.225298
0.04859 0.091423 0.224931
-0.040757 0.117021 0.156294
-0.039393 0.116096 0.158279
-0.03637 0.114846 0.16126
-0.036349 0.120518 0.154945
-0.037818 0.122496 0.153639
-0.149408 0.10697 0.146349
-0.147034 0.112592 0.144979
-0.144732 0.118116 0.143495
-0.067061 0.126818 0.151188
-0.046485 0.128436 0.152685
-0.093683 0.124699 0.14892
-0.119317 0.122623 0.146059
-0.143926 0.120278 0.142542
-0.041526 0.128824 0.153045
-0.038976 0.129022 0.153229
-0.037988 0.128916 0.153151
-0.037083 0.127574 0.153229
-0.037536 0.125957 0.153398
-0.037196 0.125151 0.153151
-0.028734 0.112543 0.167949
-0.015999 0.104992 0.182726
-0.241961 0.091458 0.123124
-0.2461 0.090957 0.121471
-0.247499 0.090724 0.120518
-0.232694 0.092984 0.126154
-0.215882 0.09629 0.131226
-0.194798 0.100281 0.136983
-0.248706 0.08674 0.117572
-0.247541 0.090576 0.119649
-0.248968 0.08746 0.116901
-0.248897 0.088033 0.11748
-0.248883 0.087997 0.116605
-0.247605 0.090349 0.11825
-0.248763 0.085998 0.117572
-0.24906 0.085462 0.11736
-0.249724 0.084621 0.116958
-0.250296 0.08347 0.117
-0.251066 0.08169 0.117382
-0.252295 0.078977 0.117975
-0.253439 0.075905 0.118596
-0.254414 0.073531 0.119084
-0.255099 0.071921 0.119416
-0.255389 0.07113 0.119564
-0.172675 0.103869 0.142026
-0.255431 0.070776 0.119444
-0.256038 0.070226 0.119423
-0.258687 0.064829 0.123915
-0.25791 0.066284 0.122305
-0.263406 0.036709 0.131283
-0.26267825 0.04800025 0.12880875
-0.255685 0.06983 0.118717
-0.256971 0.068064 0.120256
-0.238846 -0.10382 0.117593
-0.235123 -0.104491 0.119162
-0.240216 -0.103304 0.116718
-0.240506 -0.102689 0.115969
-0.240965 -0.101686 0.114768
-0.226577 -0.105889 0.122298
-0.21074 -0.108587 0.127857
-0.190383 -0.1119 0.134087
-0.241417 -0.100698 0.113567
-0.247492 -0.087439 0.115955
-0.244723 -0.095033 0.114521
-0.247315 -0.089855 0.115531
-0.247598 -0.087927 0.115778
-0.241692 -0.100097 0.112847
-0.168267 -0.115171 0.13925
-0.24545 -0.087863 0.115305
-0.247682 -0.082452 0.116379
-0.249886 -0.076639 0.117593
-0.252415 -0.073009 0.11866
-0.251511 -0.074209 0.118328
-0.252224 -0.072458 0.118688
-0.251935 -0.072189 0.118519
-0.251737 -0.071688 0.118095
-0.259606 -0.06521 0.123958
-0.258744 -0.066729 0.122206
-0.260609 -0.062413 0.125483
-0.262127 -0.056706 0.127129
-0.265708 0 0.13379
-0.26548775 -0.02403875 0.131731
-0.26633725 -0.01190725 0.1325485
-0.26650825 0 0.13290175
-0.251511 -0.071469 0.117523
-0.253446 -0.070791 0.117396
-0.257656 -0.068622 0.119896
-0.256024 -0.070296 0.117869
0.003277 -0.10045 0.198033
0.02314 -0.096876 0.211319
0.041562 -0.094482 0.221985
0.048279 -0.092638 0.225312
0.048639 -0.090583 0.225376
0.049028 -0.092122 0.225058
0.048837 -0.091409 0.225863
0.048604 -0.091119 0.225446
0.050617 -0.089855 0.223073
0.051437 -0.089735 0.221922
0.051641 -0.089495 0.221455
0.049332 -0.090032 0.224888
-0.034788 -0.119748 0.156641
-0.031765 -0.118434 0.159628
-0.01352 -0.108453 0.181045
-0.024369 -0.116054 0.166282
0.004182 -0.103862 0.195667
-0.02896 -0.121966 0.154811
-0.02896 -0.123096 0.154218
-0.036596 -0.125031 0.153066
-0.035784 -0.125879 0.153363
-0.035664 -0.125794 0.153716
-0.033177 -0.125766 0.153949
-0.067089 -0.128422 0.149069
-0.046556 -0.129976 0.150587
-0.041618 -0.13035 0.150954
-0.039082 -0.130541 0.151138
-0.093655 -0.126331 0.14678
-0.119253 -0.124155 0.143933
-0.038108 -0.130428 0.151075
-0.036963 -0.12845 0.15277
-0.036095 -0.127906 0.152339
-0.036349 -0.126974 0.15284
-0.037083 -0.129933 0.150728
-0.036617 -0.125385 0.152932
-0.167455 -0.117346 0.138297
-0.143757 -0.121697 0.140437
-0.167045 -0.118745 0.136206
0.051641 0.089495 0.221455
0.051437 0.089742 0.221922
0.050617 0.089855 0.223073
0.048639 0.090583 0.225376
0.049332 0.090032 0.224888
0.003744 0.100358 0.198344
0.042455 0.094284 0.222515
0.048279 0.092638 0.225312
0.049028 0.092122 0.225058
0.048604 0.091119 0.225446
-0.034788 0.119748 0.156641
-0.031765 0.118434 0.159628
-0.028967 0.121973 0.154811
-0.028967 0.123096 0.154218
-0.035664 0.125794 0.153716
-0.035784 0.125879 0.153363
-0.0366065 0.125208 0.152999
-0.033177 0.125766 0.153949
-0.170443 0.109569 0.140698
-0.168267 0.115171 0.13925
-0.167455 0.117346 0.138297
-0.067089 0.128422 0.149069
-0.046556 0.129976 0.150587
-0.041618 0.13035 0.150954
-0.093655 0.126331 0.14678
-0.119253 0.124155 0.143933
-0.143757 0.121697 0.140437
-0.167045 0.118745 0.136206
-0.039082 0.130541 0.151138
-0.038108 0.130428 0.151075
-0.036963 0.12845 0.15277
-0.037083 0.129933 0.150728
-0.036095 0.127906 0.152339
-0.036349 0.126974 0.15284
-0.01352 0.108453 0.181045
-0.024369 0.116054 0.166282
-0.23857 0.097992 0.121238
-0.242491 0.097399 0.119621
-0.243875 0.097024 0.11871
-0.244038 0.096636 0.117897
-0.229663 0.099461 0.124311
-0.213325 0.10247 0.129616
-0.19258 0.106136 0.135598
-0.248593 0.087453 0.116386
-0.248572 0.086669 0.11712
-0.244306 0.096014 0.116598
-0.247668 0.090116 0.116866
-0.248558 0.087969 0.116103
-0.247711 0.089975 0.116025
-0.244567 0.0954 0.115298
-0.248177 0.085384 0.116379
-0.249031 0.082919 0.116739
-0.248212 0.086422 0.116612
-0.250317 0.080185 0.117339
-0.252916 0.074033 0.118632
-0.25204 0.076109 0.118194
-0.25156 0.078349 0.117812
-0.253693 0.072443 0.118985
-0.253884 0.071659 0.119119
-0.253771 0.071292 0.118978
-0.255389 0.070459 0.118943
-0.259005 0.064921 0.123887
-0.2582 0.066397 0.122227
-0.26472 0.024094 0.132589
-0.265475 0.01193 0.133458
-0.26414925 0.036624 0.13044025
-0.253481 0.070685 0.117968
-0.255572 0.069675 0.118476
-0.257197 0.068212 0.120094
-0.237257 -0.106348 0.116294
-0.238648 -0.105783 0.115446
-0.233562 -0.107048 0.117841
-0.23898 -0.105077 0.11474
-0.239524 -0.103933 0.113603
-0.240061 -0.102795 0.112472
-0.225136 -0.108418 0.121012
-0.209568 -0.110975 0.12672
-0.189472 -0.114146 0.133098
-0.240386 -0.102117 0.111787
-0.244348 -0.094785 0.114048
-0.246072 -0.089678 0.115178
-0.241375 -0.099737 0.112409
-0.241601 -0.094369 0.113256
-0.246969 -0.082558 0.115764
-0.24432 -0.088336 0.114394
-0.248848 -0.077656 0.116576
-0.25079 -0.073694 0.118095
-0.250296 -0.073701 0.117339
-0.251172 -0.073665 0.118328
-0.249907 -0.074266 0.116767
-0.250769 -0.072726 0.117749
-0.2615095 -0.062685 0.1255365
-0.26022 -0.065486 0.124007
-0.259309 -0.067061 0.122171
-0.2631905 -0.056911 0.1271715
-0.263844 -0.048124 0.128796
-0.26633725 0.01190725 0.1325485
-0.251327 -0.071815 0.117219
-0.25351 -0.071165 0.116972
-0.258136 -0.069032 0.119691
-0.256342 -0.070748 0.117495
0.019276 -0.100062 0.20689
0.02877 -0.100041 0.211369
0.040269 -0.099087 0.217465
0.046429 -0.094884 0.223914
0.049226 -0.093118 0.225475
0.048336 -0.090455 0.226668
0.049883 -0.092454 0.225199
0.049642 -0.09155 0.226124
0.049028 -0.090526 0.227311
0.051239 -0.088937 0.222077
0.050398 -0.08905 0.223278
0.049042 -0.08924 0.225213
-0.027371 -0.121323 0.156422
-0.02439 -0.120108 0.159438
-0.017616 -0.11794 0.165724
-0.009712 -0.112084 0.178983
0.011867 -0.106772 0.196493
-0.022229 -0.123315 0.154557
-0.022059 -0.122298 0.155171
-0.027166 -0.125738 0.154239
-0.035459 -0.126762 0.152685
-0.034682 -0.127468 0.153187
-0.034011 -0.127984 0.15373
-0.034731 -0.126529 0.153921
-0.033234 -0.128358 0.153956
-0.031051 -0.128238 0.154048
-0.067146 -0.132187 0.143926
-0.046725 -0.133578 0.145501
-0.041823 -0.133917 0.145883
-0.039308 -0.134087 0.146074
-0.038369 -0.133946 0.146038
-0.093599 -0.130152 0.141624
-0.119091 -0.127744 0.138862
-0.143354 -0.12501 0.135478
-0.037373 -0.133395 0.145805
-0.036222 -0.129375 0.150333
-0.035819 -0.12679 0.152593
-0.035586 -0.127588 0.152078
-0.0354835 -0.1290855 0.1501385
-0.036525 -0.132766 0.14553
-0.188674 -0.115623 0.130908
-0.166106 -0.122008 0.131304
-0.186802 -0.119084 0.125794
0.051246 0.088937 0.222077
0.050398 0.08905 0.223278
0.048336 0.090455 0.226668
0.049035 0.08924 0.225213
0.00606 0.103488 0.196903
0.026799 0.098571 0.211856
0.049226 0.093125 0.225475
0.049883 0.092454 0.225199
0.049642 0.09155 0.226124
0.048837 0.091409 0.225863
-0.027371 0.121323 0.156422
-0.02439 0.120108 0.159438
-0.022059 0.122298 0.155171
-0.022229 0.123315 0.154557
-0.027173 0.125731 0.154239
-0.034682 0.127468 0.153187
-0.035459 0.126762 0.152685
-0.035819 0.12679 0.152593
-0.034011 0.127984 0.15373
-0.034731 0.126529 0.153921
-0.031051 0.128238 0.154048
-0.033234 0.128358 0.153956
-0.190383 0.1119 0.134087
-0.189472 0.114146 0.133098
-0.188674 0.115623 0.130908
-0.067146 0.132187 0.143926
-0.046725 0.133578 0.145501
-0.041823 0.133917 0.145883
-0.039308 0.134087 0.146074
-0.093599 0.130152 0.141624
-0.143354 0.12501 0.135478
-0.119091 0.127744 0.138862
-0.166106 0.122008 0.131304
-0.186802 0.119084 0.125794
-0.038369 0.133946 0.146038
-0.037373 0.133395 0.145805
-0.036222 0.129375 0.150333
-0.036525 0.132766 0.14553
-0.035586 0.127588 0.152078
-0.0354835 0.1290855 0.1501385
-0.009712 0.112084 0.178983
-0.017616 0.11794 0.165724
-0.235123 0.104491 0.119162
-0.238846 0.10382 0.117593
-0.240216 0.103311 0.116718
-0.240506 0.102689 0.115969
-0.240965 0.101686 0.114768
-0.226577 0.105889 0.122298
-0.21074 0.108587 0.127857
-0.247492 0.087439 0.115955
-0.241417 0.100698 0.113567
-0.244723 0.095033 0.114514
-0.247315 0.089855 0.115531
-0.247598 0.087927 0.115778
-0.241692 0.100097 0.112847
-0.24545 0.087863 0.115305
-0.247682 0.082452 0.116379
-0.249886 0.076639 0.117593
-0.251511 0.074209 0.118328
-0.252415 0.073009 0.11866
-0.252224 0.072458 0.118688
-0.253616 0.070939 0.118498
-0.251935 0.072189 0.118519
-0.260609 0.062413 0.125483
-0.259598 0.065203 0.123958
-0.258744 0.066729 0.122206
-0.262127 0.056706 0.127129
-0.26548775 0.02403875 0.131731
-0.252125 0.071236 0.117827
-0.253432 0.070635 0.117664
-0.255714 0.069851 0.118229
-0.257656 0.068622 0.119896
-0.235575 -0.108121 0.113475
-0.237052 -0.107521 0.112684
-0.23744 -0.106765 0.11207
-0.231698 -0.108884 0.11498
-0.238069 -0.105543 0.111081
-0.23869 -0.104335 0.110099
-0.238938 -0.103389 0.1093255
-0.223278 -0.110247 0.118229
-0.208176 -0.112642 0.124226
-0.240103 -0.101715 0.111371
-0.24302 -0.094538 0.113687
-0.240061 -0.099468 0.112056
-0.238669 -0.099257 0.111632
-0.240972 -0.094369 0.112557
-0.248586 -0.077466 0.115962
-0.246474 -0.082933 0.115157
-0.243589 -0.088725 0.1136625
-0.249681 -0.074344 0.116223
-0.251136 -0.072175 0.116753
-0.250967 -0.072429 0.116266
-0.260623 -0.065578 0.123937
-0.259683 -0.067174 0.122051
-0.265027 -0.0482615 0.128828
-0.265454 -0.036709 0.130386
-0.253573 -0.071561 0.116527
-0.258433 -0.06918 0.119494
-0.256512 -0.070939 0.117226
0.035014 -0.103735 0.209885
0.05506 -0.101637 0.219584
0.054198 -0.098119 0.223447
0.054149 -0.094969 0.226209
0.055064 -0.0930405 0.226294
0.048117 -0.08941 0.227014
0.055138 -0.091656 0.227064
0.054396 -0.0900565 0.228558
0.04859 -0.089474 0.227813
0.048548 -0.083053 0.224041
0.038341 -0.045786 0.228222
0.047184 -0.083244 0.225976
0.034837 -0.02319 0.229614
0.038341 0.045786 0.228222
0.034837 0.02319 0.229614
0.048548 0.083053 0.224041
-0.020484 -0.121733 0.156803
-0.017539 -0.120659 0.159862
-0.004648 -0.114443 0.177132
-0.011372 -0.118787 0.165717
0.013286 -0.110459 0.191068
0.034929 -0.10685 0.204955
-0.019079 -0.122446 0.155327
-0.019495 -0.123223 0.154691
-0.021 -0.125709 0.154543
-0.025167 -0.128408 0.154338
-0.035113 -0.127673 0.152155
-0.034343 -0.12833 0.15272
-0.033488 -0.129043 0.153335
-0.032761 -0.129305 0.153561
-0.030366 -0.129397 0.153681
-0.067068 -0.135627 0.138614
-0.046831 -0.13687 0.140232
-0.092765 -0.133762 0.13622
-0.041978 -0.137166 0.140628
-0.039492 -0.137315 0.140825
-0.038588 -0.137145 0.14084
-0.037613 -0.136531 0.140755
-0.116456 -0.131431 0.133324
-0.14067 -0.129488 0.12934
-0.165018 -0.126063 0.126041
-0.03678 -0.135846 0.140635
-0.0357945 -0.132441 0.1453955
-0.0360625 -0.135482 0.1405885
-0.204913 -0.116569 0.118406
-0.184527 -0.123294 0.120405
-0.200886 -0.121153 0.112487
0.048117 0.08941 0.227014
0.049028 0.090526 0.227311
0.047184 0.083244 0.225976
0.012178 0.106829 0.196613
0.030726 0.100358 0.21211
0.049805 0.095456 0.224436
0.055064 0.0930405 0.226294
0.055138 0.091656 0.227064
0.054396 0.09006 0.228558
-0.020484 0.121733 0.156803
-0.017539 0.120659 0.159862
-0.019079 0.122446 0.155327
-0.019495 0.123223 0.154691
-0.021 0.125709 0.154543
-0.025167 0.128408 0.154338
-0.035113 0.127673 0.152155
-0.034343 0.12833 0.15272
-0.033488 0.129043 0.153335
-0.032761 0.129305 0.153561
-0.030366 0.129397 0.153681
-0.209568 0.110975 0.12672
-0.208176 0.112642 0.124226
-0.204913 0.116569 0.118406
-0.046831 0.13687 0.140232
-0.067068 0.135627 0.138614
-0.092765 0.133762 0.13622
-0.041978 0.137166 0.140628
-0.039492 0.137315 0.140825
-0.038588 0.137145 0.14084
-0.116456 0.131431 0.133324
-0.14067 0.129488 0.12934
-0.165018 0.126063 0.126041
-0.184527 0.123301 0.120405
-0.200886 0.121153 0.112487
-0.037613 0.136531 0.140755
-0.03678 0.135846 0.140635
-0.0357945 0.132441 0.1453955
-0.0360625 0.135482 0.1405885
-0.004648 0.114443 0.177132
-0.011372 0.118787 0.165717
0.013286 0.110459 0.191068
-0.233562 0.107048 0.117841
-0.237257 0.106348 0.116294
-0.238648 0.105783 0.115446
-0.23898 0.105077 0.11474
-0.239524 0.103933 0.113603
-0.240061 0.102795 0.112472
-0.225136 0.108418 0.121012
-0.240386 0.102117 0.111787
-0.244348 0.094785 0.114048
-0.246072 0.089678 0.115178
-0.241375 0.099737 0.112409
-0.241601 0.094369 0.113256
-0.246969 0.082558 0.115764
-0.24432 0.088336 0.114394
-0.248848 0.077656 0.116576
-0.250296 0.073701 0.117339
-0.25079 0.073694 0.118095
-0.251172 0.073665 0.118328
-0.249907 0.074266 0.116767
-0.250769 0.072726 0.117749
-0.251737 0.071688 0.118102
-0.2615095 0.062685 0.1255365
-0.26022 0.065486 0.124007
-0.259309 0.067061 0.122171
-0.2631905 0.056911 0.1271715
-0.263844 0.048124 0.128796
-0.251511 0.071469 0.117523
-0.253446 0.070791 0.117396
-0.256024 0.070296 0.117869
-0.258136 0.069032 0.119691
-0.231648 -0.112289 0.106885
-0.233322 -0.111575 0.106235
-0.233838 -0.110707 0.105833
-0.234664 -0.109308 0.10519
-0.227346 -0.113221 0.108298
-0.235484 -0.107924 0.104547
-0.2358895 -0.106832 0.1040565
-0.218927 -0.114584 0.111724
-0.238796 -0.101425 0.111039
-0.238132 -0.09908 0.110961
-0.237447 -0.101178 0.110714
-0.2404175 -0.0944675 0.11178
-0.249688 -0.073849 0.115905
-0.249236 -0.074711 0.11575
-0.24752 -0.078568 0.115481
-0.24848 -0.075417 0.115489
-0.245754 -0.083286 0.11481
-0.253566 -0.071758 0.116202
-0.250868 -0.072458 0.115926
-0.262622 -0.062724 0.125109
-0.261527 -0.065564 0.123506
-0.260573 -0.067139 0.12162
-0.259295 -0.069117 0.119098
-0.264317 -0.056939 0.126755
-0.2665735 -0.036794 0.130456
-0.2672695 -0.024122 0.13175575
-0.267481 -0.011937 0.132568
-0.267721 0 0.132886
-0.267481 0.011937 0.132568
-0.2672695 0.024122 0.13175575
-0.265454 0.036709 0.130386
-0.255897 -0.072189 0.114584
0.056847 -0.104265 0.216045
0.070995 -0.098035 0.227601
0.073446 -0.100994 0.224917
0.069237 -0.095379 0.229133
0.069392 -0.09339 0.228777
0.0465345 -0.0834415 0.2281905
0.069441 -0.091833 0.229515
0.068852 -0.090194 0.230995
0.052553 -0.083505 0.229621
0.067379 -0.083611 0.232072
0.04236 -0.067372 0.227961
0.036978 -0.045948 0.230158
0.03346 -0.023281 0.231556
0.032174 0 0.232051
0.033467 0.023281 0.231556
0.036978 0.045948 0.230158
0.04236 0.067372 0.227961
-0.017482 -0.121909 0.156966
-0.01448 -0.120913 0.160052
-0.000148 -0.115806 0.17574
-0.008088 -0.118738 0.165696
0.016013 -0.112268 0.18837
0.036992 -0.108715 0.202031
-0.018528 -0.122488 0.154677
-0.018344 -0.121464 0.155397
-0.018951 -0.124968 0.154599
-0.017906 -0.125505 0.154684
-0.0147275 -0.1292655 0.154698
-0.024532 -0.129623 0.153964
-0.034477 -0.129806 0.150686
-0.033622 -0.130541 0.151251
-0.032895 -0.130802 0.151456
-0.030507 -0.130887 0.151569
-0.02468 -0.131099 0.151844
-0.0648435 -0.136065 0.135415
-0.0462025 -0.137163 0.1370075
-0.041936 -0.137732 0.138
-0.09042 -0.134758 0.133373
-0.108955 -0.133267 0.129792
-0.039478 -0.137873 0.138198
-0.038574 -0.137696 0.138268
-0.037606 -0.137068 0.138325
-0.036787 -0.136354 0.138367
-0.121372 -0.132914 0.126077
-0.144781 -0.132589 0.125081
-0.126755 -0.1348 0.123047
-0.164199 -0.12982 0.122863
-0.182507 -0.127037 0.117403
-0.036306 -0.135937 0.138396
-0.034781 -0.133225 0.145798
-0.03584 -0.136036 0.13841
-0.197213 -0.12477 0.109682
-0.214943 -0.11931 0.102195
-0.208233 -0.12258 0.100387
0.0465345 0.0834415 0.2281905
0.04859 0.089474 0.227813
0.034463 0.104222 0.209179
0.034929 0.10685 0.204955
0.038072 0.101037 0.214632
0.053654 0.098607 0.222741
0.069237 0.095379 0.229126
0.069392 0.09339 0.2287735
0.069441 0.09184 0.229515
0.068852 0.090194 0.230995
-0.017482 0.121909 0.156966
-0.01448 0.120913 0.160052
-0.018344 0.121464 0.155397
-0.018528 0.122488 0.154677
-0.018951 0.124968 0.154599
-0.017906 0.125505 0.154684
-0.0147275 0.1292655 0.154698
-0.024532 0.129623 0.153964
-0.034477 0.129806 0.150686
-0.033622 0.130541 0.151251
-0.032895 0.130802 0.151456
-0.030507 0.130887 0.151569
-0.02468 0.131099 0.151844
-0.223278 0.110247 0.118229
-0.218927 0.114584 0.111724
-0.0648435 0.136065 0.135415
-0.09042 0.134758 0.133373
-0.0462025 0.137163 0.1370075
-0.041936 0.137732 0.138
-0.108955 0.133267 0.129792
-0.039478 0.137873 0.138198
-0.038574 0.137696 0.138268
-0.037606 0.137068 0.138325
-0.121372 0.132914 0.126077
-0.144781 0.132589 0.125081
-0.126755 0.1348 0.123047
-0.164199 0.12982 0.122863
-0.182507 0.127037 0.117403
-0.197213 0.12477 0.109682
-0.214943 0.11931 0.102195
-0.208233 0.12258 0.100387
-0.036787 0.136354 0.138367
-0.036306 0.135944 0.138396
-0.03584 0.136036 0.13841
-0.034781 0.133225 0.145798
-0.000148 0.115806 0.17574
-0.008088 0.118738 0.165696
0.016013 0.112268 0.18837
-0.231698 0.108884 0.11498
-0.235575 0.108121 0.113475
-0.237052 0.107521 0.112684
-0.23744 0.106765 0.11207
-0.238069 0.105543 0.111081
-0.23869 0.104335 0.110099
-0.238938 0.103389 0.1093255
-0.240103 0.101715 0.111371
-0.24302 0.094538 0.113687
-0.240061 0.099468 0.112056
-0.238669 0.099257 0.111632
-0.240972 0.094369 0.112557
-0.246474 0.082933 0.115157
-0.248586 0.077466 0.115962
-0.243589 0.088725 0.1136625
-0.249681 0.074344 0.116223
-0.251327 0.071815 0.117219
-0.251136 0.072175 0.116753
-0.250967 0.072429 0.116266
-0.260623 0.065578 0.123937
-0.259683 0.067174 0.122051
-0.265027 0.0482615 0.128828
-0.25351 0.071165 0.116972
-0.256342 0.070748 0.117495
-0.258433 0.06918 0.119494
-0.228526 -0.115799 0.098981
-0.230278 -0.115008 0.098706
-0.230822 -0.114055 0.098642
-0.231705 -0.112522 0.098536
-0.232573 -0.111003 0.098437
-0.224041 -0.116859 0.099737
-0.233036 -0.109806 0.098363
-0.237539 -0.102845 0.10887
-0.237087 -0.100083 0.109075
-0.237038 -0.100902 0.110332
-0.236275 -0.102485 0.10863
-0.24913 -0.073807 0.113574
-0.244793 -0.079938 0.11457
-0.245627 -0.077006 0.114323
-0.247174 -0.075318 0.112176
-0.243296 -0.08431 0.114168
-0.241191 -0.089438 0.113101
-0.251525 -0.073644 0.112762
-0.264734 -0.062717 0.124163
-0.263646 -0.065542 0.122503
-0.262685 -0.067047 0.120638
-0.26147 -0.068876 0.118286
-0.258419 -0.071935 0.113016
-0.266153 -0.048279 0.128415
-0.266323 -0.056939 0.125872
-0.267672 -0.036808 0.130054
-0.268672 -0.0119625 0.1326175
-0.2690175 0 0.1328895
-0.268672 0.0119625 0.1326175
-0.2665735 0.036794 0.130456
-0.251935 -0.077148 0.102365
-0.248445 -0.078433 0.102915
0.058747 -0.10603 0.213269
0.075594 -0.103396 0.221597
0.089594 -0.098402 0.230377
0.088393 -0.095951 0.231881
0.091289 -0.101086 0.227594
0.0885055 -0.093793 0.231546
0.041809 -0.0675485 0.2302105
0.048272 -0.067563 0.231705
0.088534 -0.092059 0.232249
0.0881205 -0.0903745 0.233672
0.087114 -0.083759 0.234756
0.063939 -0.067612 0.234198
0.084776 -0.067697 0.23691
0.0365325 -0.046082 0.2324425
0.0330855 -0.023359 0.233859
0.031814 0 0.234364
0.0330855 0.023359 0.233859
0.0365325 0.046082 0.2324425
0.041809 0.0675485 0.2302105
-0.016712 -0.120956 0.157029
-0.013626 -0.119995 0.160109
0.0022855 -0.1160185 0.1749315
0.0176165 -0.112723 0.186763
0.0384465 -0.109287 0.2001555
-0.01828 -0.118618 0.154861
-0.016762 -0.122157 0.154663
-0.016776 -0.124848 0.154719
-0.01816 -0.118427 0.155489
0.003546 -0.1299225 0.155588
-0.010998 -0.12549 0.155087
-0.013936 -0.131487 0.152346
-0.033919 -0.134023 0.146201
-0.033191 -0.134306 0.146356
-0.030825 -0.134376 0.146448
-0.025033 -0.134553 0.146688
-0.01436 -0.134871 0.147126
-0.084345 -0.134313 0.130068
-0.041484 -0.137131 0.136792
-0.098713 -0.133825 0.124798
-0.106271 -0.134426 0.120687
-0.03933 -0.137258 0.13699
-0.038433 -0.137082 0.13711
-0.037479 -0.136453 0.137279
-0.036667 -0.135747 0.137435
-0.110869 -0.136319 0.117431
-0.163641 -0.132709 0.121161
-0.145127 -0.135351 0.123174
-0.128252 -0.137209 0.120885
-0.113369 -0.138346 0.115171
-0.181003 -0.129835 0.115955
-0.194409 -0.127278 0.108686
-0.036186 -0.13533 0.137534
-0.03572 -0.135422 0.137534
-0.035049 -0.136326 0.14079
-0.035056 -0.136849 0.138417
-0.034929 -0.136227 0.137414
-0.204475 -0.124728 0.099949
-0.220283 -0.117996 0.090385
-0.215515 -0.120016 0.090215
-0.211814 -0.121881 0.090357
0.048272 0.067563 0.231705
0.052553 0.083505 0.229621
0.067379 0.083611 0.232072
0.054919 0.101757 0.219407
0.056847 0.104265 0.216045
0.036992 0.108715 0.202031
0.070995 0.098035 0.227601
0.088393 0.095951 0.231881
0.0885055 0.093793 0.231546
0.0881205 0.0903745 0.233672
0.088534 0.092059 0.232249
0.087114 0.083759 0.234756
-0.016712 0.120956 0.157029
-0.013626 0.119995 0.160109
-0.01816 0.118427 0.155489
-0.01828 0.118618 0.154861
-0.016762 0.122157 0.154663
-0.016776 0.124848 0.154719
0.003546 0.1299225 0.155588
-0.010998 0.12549 0.155087
-0.013936 0.131487 0.152346
-0.033919 0.134023 0.146201
-0.033191 0.134306 0.146356
-0.030825 0.134376 0.146448
-0.025033 0.134553 0.146688
-0.014353 0.134871 0.147126
-0.227346 0.113221 0.108298
-0.224041 0.116859 0.099737
-0.084345 0.134313 0.130068
-0.098713 0.133825 0.124798
-0.041484 0.137131 0.136792
-0.106271 0.134426 0.120687
-0.03933 0.137258 0.13699
-0.038433 0.137082 0.13711
-0.037479 0.136453 0.137279
-0.110869 0.136319 0.117431
-0.163641 0.132709 0.121161
-0.145127 0.135351 0.123174
-0.128252 0.137209 0.120885
-0.113369 0.138346 0.115171
-0.181003 0.129835 0.115955
-0.194409 0.127278 0.108686
-0.204475 0.124728 0.099949
-0.220283 0.117996 0.090385
-0.215515 0.120016 0.090215
-0.211814 0.121881 0.090357
-0.036667 0.135747 0.137435
-0.036186 0.13533 0.137534
-0.03572 0.135422 0.137534
-0.035049 0.136326 0.14079
-0.035056 0.136849 0.138417
-0.034929 0.136227 0.137414
0.0022855 0.1160185 0.174935
0.0176165 0.112723 0.186763
-0.231648 0.112289 0.106885
-0.233322 0.111575 0.106235
-0.233838 0.110707 0.105833
-0.234664 0.109308 0.10519
-0.235484 0.107924 0.104547
-0.2358895 0.106832 0.1040565
-0.238796 0.101425 0.111039
-0.238132 0.09908 0.110961
-0.237447 0.101178 0.110714
-0.240654 0.094439 0.111914
-0.245754 0.083286 0.11481
-0.24752 0.078568 0.115481
-0.249236 0.074711 0.11575
-0.249688 0.073849 0.115905
-0.24848 0.075417 0.115489
-0.253573 0.071561 0.116527
-0.253573 0.071758 0.116202
-0.250868 0.072458 0.115926
-0.262622 0.062724 0.125109
-0.261527 0.065564 0.123506
-0.260573 0.067139 0.12162
-0.259295 0.069117 0.119098
-0.264317 0.056939 0.126755
-0.256512 0.070939 0.117226
-0.229275 -0.115616 0.092207
-0.225333 -0.11659 0.091239
-0.230744 -0.114867 0.092716
-0.231069 -0.113956 0.093104
-0.231592 -0.112487 0.093733
-0.232107 -0.111024 0.094362
-0.232418 -0.110149 0.094736
-0.232213 -0.10959 0.094962
-0.234615 -0.106165 0.103813
-0.231867 -0.109032 0.098388
-0.23602 -0.101948 0.108376
-0.233552 -0.104014 0.1035655
-0.236812 -0.09968 0.108545
-0.233442 -0.105677 0.103707
-0.233329 -0.104929 0.103594
-0.238542 -0.094637 0.111385
-0.24545 -0.079097 0.102972
-0.242681 -0.079595 0.102852
-0.238422 -0.083081 0.11243
-0.238881 -0.080517 0.111441
-0.244525 -0.076738 0.111166
-0.237553 -0.086705 0.112663
-0.23631 -0.090844 0.112126
-0.266916 -0.06271 0.123181
-0.265828 -0.065507 0.121471
-0.264861 -0.066948 0.119621
-0.263724 -0.068622 0.117452
-0.260891 -0.071342 0.112352
-0.254866 -0.075912 0.101722
-0.268061 -0.048279 0.127574
-0.2684 -0.056939 0.124961
-0.268894 -0.024157 0.131403
-0.269586 -0.036808 0.129213
-0.249017 -0.080136 0.091416
-0.245641 -0.081993 0.092087
-0.241876 -0.083851 0.092723
0.077254 -0.105112 0.21863
0.0602555 -0.106638 0.211358
0.092822 -0.103382 0.223928
0.108927 -0.098783 0.232199
0.108312 -0.096551 0.233682
0.108379 -0.094206 0.2333715
0.109704 -0.101185 0.229331
0.043497 -0.046047 0.234014
0.060103 -0.046047 0.236543
0.1081565 -0.0905575 0.235399
0.10839 -0.092285 0.234036
0.107634 -0.083915 0.236487
0.106433 -0.067782 0.238676
0.082163 -0.046068 0.239291
0.105091 -0.046097 0.241099
-0.016522 -0.117947 0.157086
-0.013378 -0.117035 0.160151
-0.007381 -0.115354 0.165689
-0.017758 -0.116364 0.155122
-0.016854 -0.118674 0.154733
-0.011987 -0.118653 0.155009
-0.01085 -0.121994 0.155023
-0.017708 -0.115425 0.155588
0.003214 -0.132109 0.153151
0.0256475 -0.1305935 0.1567005
0.004132 -0.125342 0.155934
0.002967 -0.12121 0.155821
0.002684 -0.135386 0.147825
-0.03418 -0.137195 0.140995
-0.033453 -0.137491 0.141073
-0.031094 -0.137548 0.141157
-0.025344 -0.137682 0.141362
-0.014735 -0.137936 0.14173
0.002197 -0.138346 0.142323
-0.077734 -0.13314 0.117558
-0.061276 -0.13497 0.129234
-0.087842 -0.133677 0.11486
-0.052983 -0.136029 0.13396
-0.042974 -0.1367 0.135401
-0.040425 -0.13687 0.135796
-0.093493 -0.135005 0.111653
-0.097851 -0.136976 0.108912
-0.039111 -0.136962 0.135994
-0.03827 -0.136792 0.136171
-0.037345 -0.136156 0.136375
-0.03654 -0.135443 0.136552
-0.100825 -0.138805 0.106906
-0.16319925 -0.13459875 0.1195375
-0.179984 -0.13151575 0.11482625
-0.145399 -0.1371525 0.12141125
-0.129236 -0.1386465 0.119308
-0.11501375 -0.1395485 0.11354625
-0.102315 -0.139723 0.105903
-0.1925535 -0.1287945 0.10785825
-0.202596 -0.125801 0.09973
-0.034809 -0.135923 0.136517
-0.0356 -0.135111 0.136658
-0.036066 -0.135019 0.136658
-0.034053 -0.13711 0.137287
-0.03418 -0.137732 0.138424
-0.033933 -0.136799 0.136361
-0.209956 -0.122813 0.090427
-0.224323 -0.115361 0.079571
-0.220198 -0.117106 0.07938
-0.216907 -0.118724 0.079931
-0.215261 -0.119536 0.080206
0.043497 0.046047 0.234014
0.063939 0.067612 0.234198
0.060103 0.046047 0.236543
0.084776 0.067697 0.23691
0.073446 0.100994 0.224917
0.058747 0.10603 0.213269
0.075587 0.103396 0.221597
0.0384465 0.109287 0.2001555
0.089594 0.098402 0.230377
0.108312 0.096551 0.233682
0.108379 0.094206 0.2333715
0.1081565 0.0905575 0.235399
0.108383 0.092285 0.234036
0.107634 0.083915 0.236487
0.106433 0.067782 0.238676
-0.016522 0.117947 0.157086
-0.013378 0.117035 0.160151
-0.017708 0.115425 0.155588
-0.017758 0.116364 0.155122
-0.016854 0.118674 0.154733
-0.011987 0.118653 0.155009
-0.01085 0.121994 0.155023
0.003214 0.132109 0.153151
0.0256475 0.1305935 0.1567005
0.004132 0.125342 0.155934
0.002967 0.12121 0.155821
0.002684 0.135386 0.147825
-0.03418 0.137195 0.140995
-0.031094 0.137548 0.141157
-0.033453 0.137491 0.141073
-0.025344 0.137682 0.141362
-0.014735 0.137936 0.14173
0.002197 0.138346 0.142323
-0.228526 0.115799 0.098981
-0.225333 0.11659 0.091239
-0.052983 0.136029 0.13396
-0.061276 0.13497 0.129234
-0.077734 0.13314 0.117558
-0.087835 0.133677 0.11486
-0.093493 0.135005 0.111653
-0.042974 0.1367 0.135401
-0.040425 0.13687 0.135796
-0.097851 0.136976 0.108912
-0.039111 0.136962 0.135994
-0.03827 0.136792 0.136171
-0.037345 0.136156 0.136375
-0.100825 0.138805 0.106906
-0.16319925 0.13459875 0.1195375
-0.179984 0.13151575 0.11482625
-0.145399 0.1371525 0.12141125
-0.129236 0.1386465 0.119308
-0.11501375 0.1395485 0.11354625
-0.102315 0.139723 0.105903
-0.1925535 0.1287945 0.10785825
-0.202596 0.125801 0.09973
-0.209956 0.122813 0.09042
-0.224323 0.115361 0.079571
-0.220198 0.117106 0.07938
-0.216907 0.118724 0.079931
-0.215261 0.119536 0.080206
-0.03654 0.135443 0.136552
-0.034809 0.135923 0.136517
-0.0356 0.135111 0.136658
-0.036066 0.135019 0.136658
-0.03418 0.137732 0.138424
-0.034053 0.13711 0.137287
-0.033933 0.136799 0.136361
-0.007381 0.115354 0.165689
-0.230278 0.115008 0.098706
-0.230822 0.114055 0.098642
-0.231705 0.112522 0.098536
-0.232573 0.111003 0.098437
-0.233036 0.109806 0.098363
-0.237539 0.102845 0.10887
-0.237087 0.100083 0.109075
-0.237038 0.100902 0.110332
-0.236275 0.102485 0.10863
-0.239361 0.094566 0.111519
-0.243296 0.08431 0.114168
-0.244793 0.079938 0.11457
-0.245627 0.077006 0.114323
-0.24913 0.073807 0.113574
-0.247174 0.075318 0.112176
-0.241191 0.089438 0.113101
-0.251525 0.073644 0.112762
-0.255897 0.072189 0.114584
-0.264734 0.062717 0.124163
-0.263646 0.065542 0.122503
-0.262685 0.067047 0.120638
-0.26147 0.068869 0.118286
-0.258419 0.071935 0.113016
-0.266153 0.048279 0.128415
-0.266323 0.056939 0.125872
-0.267672 0.036808 0.130054
-0.233379 -0.112571 0.08816
-0.232665 -0.112889 0.084706
-0.228455 -0.114132 0.081506
-0.233365 -0.111759 0.088951
-0.23335 -0.110445 0.090215
-0.233329 -0.109138 0.091473
-0.233315 -0.108354 0.092228
-0.232912 -0.10786 0.092659
-0.231161 -0.10911 0.095131
-0.231726 -0.107429 0.092935
-0.2308 -0.108446 0.098437
-0.231161 -0.1064685 0.0986525
-0.235667 -0.099363 0.108503
-0.230786 -0.10757 0.09848
-0.234735 -0.094962 0.110777
-0.239234 -0.084663 0.092963
-0.2368465 -0.0855605 0.092829
-0.23227 -0.086161 0.110262
-0.232362 -0.083964 0.108573
-0.238217 -0.07979 0.108566
-0.240216 -0.080383 0.102838
-0.232008 -0.089036 0.111116
-0.231599 -0.092186 0.111088
-0.268039 -0.062703 0.122679
-0.266945 -0.065493 0.120942
-0.265949 -0.066899 0.119098
-0.264811 -0.068523 0.116979
-0.262141 -0.0708785 0.111551
-0.2563705 -0.0750395 0.101125
-0.250787 -0.0788675 0.0910205
-0.270038 -0.048279 0.126705
-0.269494 -0.056939 0.12448
-0.269841 -0.011966 0.132187
-0.270243 0 0.132434
-0.270844 -0.024157 0.130548
-0.271578 -0.036808 0.128344
-0.268894 0.024157 0.131403
-0.269841 0.011966 0.132187
-0.246722 -0.08181 0.087298
-0.24829 -0.08087 0.08703
-0.24314 -0.083943 0.087905
-0.239248 -0.086055 0.088534
0.094008 -0.10507 0.220594
0.078518 -0.105702 0.2166135
0.110198 -0.103368 0.225326
0.127447 -0.099066 0.232835
0.12727 -0.097003 0.234311
0.1272845 -0.094517 0.2340145
0.127037 -0.103346 0.225672
0.127475 -0.101248 0.22991
0.040368 -0.023324 0.235469
0.057589 -0.023317 0.238019
0.080453 -0.023317 0.240788
0.1272175 -0.0906775 0.2359675
0.127073 -0.084013 0.237059
0.127285 -0.09244 0.23465
0.126734 -0.067852 0.239284
0.126366 -0.046132 0.241728
0.104215 -0.023317 0.242611
0.126126 -0.023331 0.243261
0.039217 0 0.235985
0.040368 0.023324 0.235469
-0.016098 -0.114966 0.157149
-0.012997 -0.11409 0.160151
0.002847 -0.112571 0.174723
-0.006558 -0.1119955 0.1654595
0.018033 -0.109244 0.186343
0.038906 -0.105953 0.199615
-0.016748 -0.1157 0.155044
-0.001787 -0.118618 0.155581
-0.010729 -0.116131 0.155369
-0.016154 -0.114549 0.155701
0.025302 -0.132844 0.154197
0.024638 -0.136008 0.148722
0.0512705 -0.131357 0.1579825
0.025845 -0.125173 0.1571
0.050871 -0.133585 0.155397
0.022624 -0.119614 0.157064
0.00303 -0.117148 0.156111
0.024002 -0.138855 0.143086
-0.031101 -0.138085 0.138516
-0.033453 -0.138035 0.138438
-0.025372 -0.138212 0.138706
-0.014798 -0.138438 0.13906
0.002128 -0.13835475 0.138775
0.0238395 -0.13879125 0.13948325
-0.060026 -0.133564 0.118787
-0.068848 -0.131657 0.102958
-0.077656 -0.132695 0.101284
-0.044776 -0.135662 0.129008
-0.08306 -0.134482 0.099461
-0.042876 -0.136404 0.133437
-0.040905 -0.136672 0.134624
-0.039605 -0.136757 0.134793
-0.087531 -0.136559 0.09759
-0.090738 -0.138346 0.096071
-0.038941 -0.136799 0.134885
-0.038122 -0.136623 0.135083
-0.037211 -0.13598 0.135266
-0.03642 -0.135252 0.135422
-0.092341 -0.139257 0.095308
-0.103297 -0.140052 0.1050275
-0.093436 -0.139596 0.094612
-0.2014055 -0.1262955 0.09926
-0.2087375 -0.1232725 0.0901375
-0.035487 -0.134906 0.135514
-0.034696 -0.135718 0.135394
-0.035953 -0.134821 0.135514
-0.033326 -0.137414 0.137258
-0.03382 -0.136587 0.135259
-0.033206 -0.137103 0.136326
-0.214113 -0.1199635 0.080072
-0.223426 -0.113878 0.068121
-0.220255 -0.11522 0.068707
-0.227219 -0.112366 0.068036
-0.230659 -0.111194 0.069244
-0.218687 -0.115919 0.069004
-0.2175495 -0.1163185 0.0689645
0.057589 0.023317 0.238019
0.080453 0.023317 0.240788
0.082163 0.046068 0.239291
0.105091 0.046097 0.241099
0.091289 0.101086 0.227594
0.077254 0.105112 0.21863
0.0602555 0.106638 0.211358
0.092822 0.103382 0.223928
0.108927 0.098783 0.232199
0.12727 0.097003 0.234311
0.1272845 0.094517 0.2340145
0.127073 0.084013 0.237059
0.127214 0.0906775 0.2359675
0.127285 0.09244 0.23465
0.126734 0.067852 0.239284
0.126366 0.046132 0.241728
-0.016098 0.114966 0.157149
-0.012997 0.11409 0.160151
-0.016154 0.114549 0.155701
-0.016748 0.1157 0.155044
-0.001787 0.118618 0.155581
-0.010729 0.116131 0.155369
0.025302 0.132844 0.154197
0.024638 0.136008 0.148722
0.0512705 0.131357 0.1579825
0.050871 0.133585 0.155397
0.025845 0.125173 0.1571
0.022624 0.119614 0.157064
0.00303 0.117148 0.156111
0.024002 0.138855 0.143086
-0.031101 0.138085 0.138516
-0.025372 0.138212 0.138706
-0.033453 0.138035 0.138438
-0.014798 0.138438 0.13906
0.002128 0.138353 0.13877675
0.0238395 0.13879125 0.13948325
-0.229275 0.115616 0.092207
-0.228455 0.114132 0.081506
-0.232665 0.112889 0.084706
-0.060026 0.133564 0.118787
-0.044776 0.135662 0.129008
-0.042876 0.136404 0.133437
-0.068848 0.131657 0.102958
-0.077656 0.132695 0.101284
-0.08306 0.134482 0.099461
-0.087531 0.136559 0.09759
-0.040905 0.136672 0.134624
-0.039605 0.136757 0.134793
-0.090738 0.138346 0.096071
-0.038122 0.136623 0.135083
-0.038934 0.136799 0.134885
-0.037211 0.13598 0.135266
-0.092341 0.139257 0.095308
-0.103297 0.140052 0.1050275
-0.093436 0.139596 0.094612
-0.2014055 0.1262955 0.09926
-0.2087375 0.1232725 0.0901375
-0.214113 0.1199635 0.080072
-0.223426 0.113871 0.068121
-0.227219 0.112366 0.068036
-0.230659 0.111194 0.069244
-0.220255 0.11522 0.068707
-0.218687 0.115919 0.069004
-0.217546 0.1163185 0.0689645
-0.03642 0.135252 0.135422
-0.034696 0.135718 0.135394
-0.035487 0.134906 0.135514
-0.035953 0.134828 0.135514
-0.033326 0.137414 0.137258
-0.03382 0.136587 0.135259
-0.033206 0.137103 0.136326
0.002847 0.112571 0.174723
-0.006558 0.1119955 0.1654595
0.018033 0.109244 0.186343
-0.231069 0.113956 0.093104
-0.230744 0.114867 0.092716
-0.231592 0.112487 0.09374
-0.232107 0.111024 0.094362
-0.232425 0.110149 0.094736
-0.232213 0.10959 0.094962
-0.234615 0.106165 0.103813
-0.231867 0.109032 0.098388
-0.23602 0.101948 0.108376
-0.233584 0.104215 0.103537
-0.236239 0.099525 0.108524
-0.233442 0.105677 0.103707
-0.233329 0.104929 0.103594
-0.234735 0.094962 0.110777
-0.23631 0.090844 0.112126
-0.237553 0.086705 0.112663
-0.238422 0.083081 0.11243
-0.238881 0.080524 0.111441
-0.244525 0.076738 0.111166
-0.24545 0.079097 0.102972
-0.242681 0.079595 0.102852
-0.248445 0.078433 0.102915
-0.251935 0.077148 0.102365
-0.266916 0.06271 0.123181
-0.265828 0.065507 0.121471
-0.264861 0.066948 0.119621
-0.263724 0.068622 0.117452
-0.260891 0.071342 0.112352
-0.254866 0.075912 0.101722
-0.268061 0.048279 0.127574
-0.2684 0.056939 0.124961
-0.269586 0.036808 0.129213
-0.236854 -0.109541 0.084946
-0.236522 -0.108821 0.085892
-0.23684 -0.109654 0.082043
-0.233718 -0.110141 0.071525
-0.235992 -0.107662 0.087404
-0.235469 -0.106511 0.088901
-0.235152 -0.105819 0.089813
-0.232785 -0.10502 0.090696
-0.234452 -0.105388 0.090335
-0.230193 -0.108517 0.095294
-0.230673 -0.106885 0.093203
-0.231302 -0.104575 0.091084
-0.230214 -0.107606 0.095492
-0.230589 -0.106723 0.095718
-0.230645 -0.106186 0.095944
-0.23085 -0.105204 0.099419
-0.23037 -0.105119 0.096615
-0.232856 -0.103085 0.103947
-0.231316 -0.101383 0.104773
-0.233004 -0.098621 0.108397
-0.231055 -0.09523 0.110099
-0.236741 -0.086902 0.088887
-0.235349 -0.087588 0.089078
-0.2351165 -0.088626 0.090332
-0.235752 -0.085087 0.094581
-0.23417 -0.088011 0.091621
-0.230193 -0.087347 0.109294
-0.230165 -0.085341 0.107443
-0.232107 -0.082784 0.105988
-0.23571 -0.081661 0.102626
-0.230144 -0.089876 0.110318
-0.230009 -0.092596 0.110452
-0.26977 -0.056812 0.123633
-0.268308 -0.062477 0.121817
-0.267185 -0.06521 0.120073
-0.266153 -0.066595 0.118222
-0.264974 -0.068184 0.116089
-0.248869 -0.079888 0.08698
-0.271232 -0.0482615 0.125826
-0.271755 -0.011966 0.131346
-0.272122 0 0.131615
-0.271755 0.011966 0.131346
-0.272857 -0.024157 0.129665
-0.272772 -0.036808 0.1274615
-0.270844 0.024157 0.130548
-0.24739040625 -0.081630109375 0.08632578125
-0.242816 -0.084564 0.087044
-0.238768 -0.086895 0.087658
0.110488 -0.105035 0.221639
0.094803 -0.1056315 0.218436
0.060782 -0.103473 0.210761
0.126451 -0.104992 0.221731
0.143615 -0.099144 0.232065
0.143573 -0.09713 0.233534
0.143524 -0.095365 0.233421
0.143495 -0.093811 0.233082
0.142648 -0.103304 0.224825
0.143397 -0.101248 0.229126
0.141673 -0.104943 0.220834
0.056671 0 0.238542
0.079825 0 0.241311
0.10389 0 0.24314
0.143545 -0.083992 0.236275
0.143495 -0.067873 0.238514
0.1435555 -0.0906565 0.2351765
0.143517 -0.092447 0.233873
0.143453 -0.046188 0.240979
0.143418 -0.023373 0.242505
0.126034 0 0.24379
-0.014621 -0.114097 0.15722
-0.011725 -0.113207 0.160102
0.003419 -0.1092265 0.1741615
0.018393 -0.1059455 0.185481
0.039199 -0.102767 0.1986615
-0.009861 -0.115114 0.156047
0.050038 -0.136658 0.149761
0.049247 -0.139434 0.143969
0.07469 -0.134115 0.156563
0.0751135 -0.1319215 0.1592365
0.051345 -0.125745 0.158406
0.075212 -0.126486 0.159678
0.051281 -0.121069 0.158618
0.073835 -0.137181 0.150757
0.025704 -0.11765 0.1587175
0.0050575 -0.116142 0.1575905
0.04896625 -0.13929075 0.1403025
-0.030981 -0.137463 0.137336
-0.025259 -0.137576 0.13752
-0.01466 -0.137594 0.137396
-0.054163 -0.131812 0.104399
-0.04366 -0.134249 0.119162
-0.069491 -0.13076 0.085363
-0.061318 -0.129616 0.086316
-0.075008 -0.132667 0.084593
-0.040707 -0.135831 0.128966
-0.079733 -0.134857 0.083554
-0.040262 -0.13651 0.133373
-0.03892 -0.136566 0.133338
-0.083201 -0.136743 0.082622
-0.084939 -0.137724 0.082163
-0.038023 -0.136382 0.133465
-0.037098 -0.135718 0.133614
-0.036321 -0.13497 0.133755
-0.0861325 -0.138134 0.081679
-0.034597 -0.135401 0.133705
-0.035402 -0.134609 0.133825
-0.035869 -0.134532 0.133832
-0.0337 -0.136262 0.133571
-0.033093 -0.136884 0.135224
-0.030868 -0.137138 0.136404
-0.22522 -0.110431 0.057179
-0.221992 -0.111589 0.057709
-0.220403 -0.112211 0.05797
-0.228971 -0.109054 0.056713
-0.235335 -0.106567 0.05785
-0.232143 -0.107782 0.056642
-0.2192445 -0.1125995 0.0580125
0.104215 0.023317 0.242611
0.126126 0.023331 0.243261
0.109704 0.101185 0.229331
0.094008 0.10507 0.220594
0.078518 0.105702 0.2166135
0.110198 0.103368 0.225326
0.038906 0.105953 0.199615
0.127447 0.099066 0.232835
0.143573 0.09713 0.233534
0.143524 0.095365 0.233421
0.143495 0.093811 0.233082
0.143545 0.083992 0.236275
0.1435555 0.0906565 0.2351765
0.143495 0.067873 0.238514
0.143517 0.092447 0.233873
0.143453 0.046188 0.240979
0.143418 0.023373 0.242505
-0.014621 0.114097 0.15722
-0.011725 0.113207 0.160102
-0.009861 0.115114 0.156047
0.050045 0.136658 0.149768
0.049247 0.139434 0.143969
0.0751135 0.1319215 0.1592365
0.07469 0.134115 0.156563
0.073835 0.137181 0.150757
0.051345 0.125745 0.158406
0.075212 0.126486 0.159678
0.051281 0.121062 0.158618
0.025704 0.11765 0.1587175
0.0050575 0.116142 0.1575905
0.04896625 0.13929075 0.1403025
-0.030981 0.137463 0.137336
-0.025259 0.137576 0.13752
-0.01466 0.137594 0.137396
-0.233379 0.112571 0.08816
-0.236847 0.109541 0.084946
-0.23684 0.109654 0.082043
-0.233718 0.110141 0.071525
-0.04366 0.134249 0.119162
-0.054163 0.131812 0.104399
-0.040707 0.135831 0.128966
-0.040262 0.13651 0.133373
-0.069491 0.13076 0.085363
-0.061318 0.129616 0.086316
-0.075008 0.132667 0.084593
-0.079733 0.134857 0.083554
-0.083201 0.136743 0.082622
-0.03892 0.136566 0.133338
-0.084939 0.137724 0.082156
-0.038023 0.136382 0.133465
-0.037098 0.135718 0.133614
-0.0861325 0.138134 0.081679
-0.221992 0.111589 0.057709
-0.22522 0.110431 0.057179
-0.228971 0.109054 0.056713
-0.232143 0.107782 0.056642
-0.235335 0.106567 0.05785
-0.220403 0.112211 0.05797
-0.2192445 0.1125995 0.0580125
-0.036321 0.13497 0.133755
-0.034597 0.135401 0.133705
-0.035402 0.134609 0.133825
-0.035861 0.134539 0.133832
-0.0337 0.136262 0.133571
-0.033093 0.136884 0.135224
-0.030868 0.137138 0.136404
0.003419 0.1092265 0.1741615
0.018393 0.1059455 0.185481
-0.233365 0.111759 0.088951
-0.23335 0.110445 0.090215
-0.233329 0.109138 0.091473
-0.233315 0.108354 0.092228
-0.232912 0.10786 0.092659
-0.231161 0.10911 0.095131
-0.231726 0.107429 0.092935
-0.2308 0.108446 0.098437
-0.231161 0.1064685 0.0986525
-0.233188 0.103452 0.10377
-0.231316 0.101383 0.104773
-0.233004 0.098621 0.108397
-0.230786 0.10757 0.09848
-0.231055 0.09523 0.110099
-0.231599 0.092186 0.111088
-0.232008 0.089036 0.111116
-0.23227 0.086168 0.110262
-0.232362 0.083964 0.108573
-0.238217 0.07979 0.108566
-0.240216 0.080383 0.102838
-0.239234 0.084663 0.092963
-0.241876 0.083851 0.092723
-0.2368465 0.0855605 0.092829
-0.245641 0.081993 0.092087
-0.249017 0.080136 0.091416
-0.268039 0.062703 0.122679
-0.266945 0.065493 0.120942
-0.265949 0.066899 0.119098
-0.264811 0.068523 0.116979
-0.262141 0.0708785 0.111551
-0.256374 0.0750395 0.101125
-0.250787 0.0788675 0.0910205
-0.270038 0.048279 0.126705
-0.269494 0.056939 0.124473
-0.271578 0.036808 0.128344
-0.24105 -0.104102 0.08366
-0.241608 -0.104752 0.082693
-0.240153 -0.10305 0.085214
-0.241495 -0.105218 0.079189
-0.236345 -0.10899 0.074647
-0.238139 -0.106737 0.069208
-0.239263 -0.102011 0.086754
-0.238726 -0.10139 0.087687
-0.237553 -0.100719 0.088146
-0.232178 -0.101284 0.089424
-0.233993 -0.10158 0.08893
-0.230666 -0.106045 0.093592
-0.231168 -0.103883 0.091713
-0.231019 -0.105211 0.093973
-0.231055 -0.104695 0.09422
-0.229727 -0.102619 0.098176
-0.23008 -0.102845 0.101001
-0.230695 -0.10365 0.094764
-0.229826 -0.099638 0.105529
-0.229338 -0.100464 0.10252
-0.23044 -0.09783 0.10822
-0.229819 -0.095188 0.109619
-0.236246 -0.087814 0.088068
-0.235349 -0.088237 0.088456
-0.23482 -0.089191 0.089226
-0.234707 -0.091557 0.090229
-0.234629 -0.091275 0.090681
-0.23376 -0.090703 0.091416
-0.233082 -0.084557 0.096742
-0.232079 -0.086874 0.094015
-0.231733 -0.089382 0.093133
-0.230066 -0.090074 0.109407
-0.230094 -0.087941 0.108361
-0.23008 -0.086083 0.106878
-0.230052 -0.084056 0.105042
-0.231337 -0.082982 0.1024
-0.229776 -0.09475 0.108785
-0.229939 -0.092447 0.109357
-0.269381 -0.056423 0.121641
-0.267912 -0.061785 0.119776
-0.270978 -0.048152 0.123463
-0.266754 -0.064391 0.11801
-0.26568 -0.065705 0.116145
-0.264444 -0.067209 0.114019
-0.261823 -0.06947 0.10935
-0.25149 -0.076328 0.090689
-0.256554 -0.073058 0.099857
-0.249455 -0.077635 0.087008
-0.249265 -0.07784 0.086288
-0.272518 -0.036808 0.125116
-0.273718 -0.011966 0.130484
-0.274043 0 0.130767
-0.273718 0.011966 0.130484
-0.272857 0.024157 0.129665
-0.2740645 -0.024157 0.1287855
-0.249738 -0.077783 0.085984
-0.243027 -0.085426 0.086726
-0.238641 -0.088245 0.087397
0.1259355 -0.1055185 0.2193225
0.1106675 -0.1055675 0.2193365
0.078942 -0.102583 0.215995
0.061011 -0.100369 0.2098005
0.1404195 -0.105476 0.2184115
0.158753 -0.098981 0.230045
0.158809 -0.096968 0.231507
0.158753 -0.095188 0.231387
0.158696 -0.093627 0.231048
0.158746 -0.09225 0.231839
0.156379 -0.105091 0.218623
0.157481 -0.103198 0.222889
0.158378 -0.1011 0.227127
0.151795 -0.105889 0.217422
0.159056 -0.085214 0.234177
0.155348 -0.067492 0.237334
0.158837 -0.090452 0.233142
0.15527 -0.023416 0.241269
0.155313 -0.046139 0.239764
0.143411 0 0.243027
-0.008646 -0.11462 0.157531
-0.006385 -0.113666 0.160299
-0.001935 -0.11207 0.16506
0.073001 -0.139942 0.144788
0.072691 -0.140331 0.141906
0.090957 -0.137393 0.151498
0.091564 -0.134228 0.157488
0.091826 -0.132886 0.159975
0.092016 -0.126818 0.160723
0.091918 -0.131148 0.160526
0.075177 -0.121952 0.15989
0.092052 -0.122488 0.160949
0.0508535 -0.1189175 0.1600205
0.0747925 -0.1198715 0.1612955
0.090342 -0.140239 0.145346
0.0725 -0.1391515 0.1401895
-0.02516 -0.13723 0.136587
-0.040735 -0.132384 0.105416
-0.048618 -0.129722 0.087863
-0.039648 -0.134419 0.119253
-0.069646 -0.129785 0.069837
-0.063918 -0.127934 0.069971
-0.05422 -0.126903 0.069682
-0.074619 -0.13206 0.069427
-0.038616 -0.135916 0.128945
-0.078285 -0.13408 0.068989
-0.080129 -0.13516 0.068777
-0.081389 -0.135637 0.068502
-0.037649 -0.135726 0.129001
-0.036709 -0.13504 0.129121
-0.035607 -0.1340705 0.129273
-0.191153 -0.129164 0.106172
-0.179117 -0.131848 0.112868
-0.200194 -0.126444 0.098119
-0.162927 -0.134708 0.117742
-0.145565 -0.137188 0.119571
-0.129997 -0.138749 0.117141
-0.116251 -0.139575 0.111484
-0.104385 -0.139886 0.103636
-0.094722 -0.139441 0.093479
-0.207392 -0.12347 0.089184
-0.212697 -0.120207 0.079323
-0.034216 -0.13468 0.129178
-0.032948 -0.135655 0.1290325
-0.032973 -0.136538 0.133536
-0.030762 -0.136898 0.135295
-0.216052 -0.116619 0.068474
-0.225588 -0.106899 0.047311
-0.222247 -0.108044 0.047947
-0.220594 -0.108651 0.048251
-0.219396 -0.109054 0.048392
-0.229557 -0.105444 0.046556
-0.24016 -0.104498 0.065097
-0.238281 -0.104215 0.055427
-0.233096 -0.10389 0.045878
-0.236105 -0.102527 0.045743
-0.217691 -0.112946 0.057787
0.127475 0.101248 0.22991
0.127037 0.103346 0.225672
0.110488 0.105035 0.221639
0.094803 0.1056315 0.218436
0.060782 0.103473 0.210761
0.126451 0.104992 0.221731
0.039199 0.102767 0.1986615
0.143623 0.099144 0.232065
0.158809 0.096968 0.231507
0.158753 0.095188 0.231387
0.158696 0.093627 0.231048
0.158746 0.09225 0.231839
0.159056 0.085214 0.234177
0.155348 0.067492 0.237334
0.158837 0.090452 0.233142
0.15527 0.023416 0.241269
0.155313 0.046139 0.239764
-0.008646 0.11462 0.157531
-0.006385 0.113666 0.160299
0.073001 0.139942 0.144788
0.072691 0.140331 0.141906
0.090957 0.137393 0.151491
0.091564 0.134228 0.157488
0.091826 0.132886 0.159975
0.090342 0.140239 0.145346
0.092016 0.126811 0.160723
0.091918 0.131148 0.160526
0.075177 0.121952 0.15989
0.092052 0.122488 0.160949
0.0508535 0.1189175 0.1600205
0.0747925 0.1198715 0.1612955
0.0725 0.1391515 0.1401895
-0.02516 0.13723 0.136587
-0.236522 0.108821 0.085892
-0.241608 0.104752 0.082693
-0.24105 0.104102 0.08366
-0.241495 0.105218 0.079189
-0.236345 0.10899 0.074647
-0.238139 0.106737 0.069208
-0.040735 0.132384 0.105416
-0.039648 0.134419 0.119253
-0.048618 0.129722 0.087863
-0.038616 0.135916 0.128945
-0.063918 0.127934 0.069971
-0.069646 0.129785 0.069837
-0.05422 0.126903 0.069682
-0.074619 0.13206 0.069427
-0.078285 0.13408 0.068989
-0.080129 0.13516 0.068777
-0.081389 0.135637 0.068502
-0.037649 0.135726 0.129001
-0.036709 0.13504 0.129121
-0.191153 0.129164 0.106172
-0.200194 0.126444 0.098119
-0.179117 0.131848 0.112868
-0.162927 0.134708 0.117742
-0.145565 0.137188 0.119571
-0.129997 0.138749 0.117141
-0.116251 0.139575 0.111484
-0.104385 0.139886 0.103636
-0.094722 0.139441 0.093479
-0.207392 0.12347 0.089184
-0.212697 0.120207 0.079323
-0.216052 0.116619 0.068474
-0.220594 0.108658 0.048251
-0.222247 0.108044 0.047947
-0.225588 0.106899 0.047311
-0.229557 0.105444 0.046556
-0.233096 0.10389 0.045878
-0.24016 0.104498 0.065097
-0.238281 0.104215 0.055427
-0.236105 0.102527 0.045743
-0.219396 0.109054 0.048392
-0.217691 0.112946 0.057787
-0.035607 0.1340705 0.129273
-0.034216 0.13468 0.129178
-0.032948 0.135655 0.1290325
-0.032973 0.136538 0.133536
-0.030762 0.136898 0.135295
-0.001935 0.11207 0.16506
-0.235992 0.107662 0.087404
-0.235469 0.106511 0.088901
-0.235152 0.105819 0.089813
-0.232785 0.10502 0.090696
-0.234452 0.105388 0.090335
-0.230673 0.106885 0.093203
-0.230193 0.108517 0.095294
-0.231302 0.104575 0.091084
-0.230214 0.107606 0.095499
-0.230589 0.106723 0.095718
-0.230645 0.106186 0.095944
-0.23037 0.105119 0.096615
-0.23085 0.105204 0.099419
-0.23008 0.102845 0.101001
-0.229338 0.100464 0.10252
-0.229826 0.099638 0.105529
-0.23044 0.09783 0.10822
-0.230009 0.092596 0.110452
-0.229819 0.095188 0.109619
-0.230144 0.089876 0.110325
-0.230193 0.087347 0.109294
-0.230165 0.085341 0.107443
-0.232107 0.082784 0.105988
-0.23571 0.081661 0.102626
-0.235752 0.085087 0.094581
-0.24314 0.083943 0.087905
-0.239248 0.086055 0.088534
-0.236741 0.086902 0.088887
-0.235349 0.087588 0.089078
-0.2351165 0.088626 0.090332
-0.23417 0.088011 0.091621
-0.246722 0.08181 0.087298
-0.24829 0.08087 0.08703
-0.268308 0.062477 0.121817
-0.26977 0.056812 0.123633
-0.267185 0.06521 0.120073
-0.266153 0.066595 0.118222
-0.264974 0.068184 0.116089
-0.248869 0.079888 0.08698
-0.271232 0.0482615 0.125826
-0.272772 0.036808 0.127465
-0.247477 -0.09653 0.082
-0.24646 -0.09552 0.083568
-0.248106 -0.097159 0.081026
-0.245443 -0.094524 0.085122
-0.248615 -0.09713 0.079239
-0.243889 -0.101983 0.072677
-0.244836 -0.093917 0.086062
-0.238422 -0.095018 0.087623
-0.244412 -0.09273 0.086528
-0.235003 -0.096784 0.088181
-0.233372 -0.096735 0.088711
-0.231938 -0.100768 0.090251
-0.231528 -0.103184 0.092306
-0.231549 -0.102711 0.092617
-0.229112 -0.100111 0.099716
-0.229854 -0.10122 0.096021
-0.231104 -0.101644 0.093104
-0.228929 -0.099002 0.100316
-0.229105 -0.099384 0.103014
-0.229338 -0.098797 0.10567
-0.229586 -0.097349 0.107973
-0.236006 -0.089396 0.087849
-0.234841 -0.089509 0.088372
-0.23436 -0.092016 0.089382
-0.233562 -0.095859 0.090441
-0.23352 -0.095513 0.090851
-0.232792 -0.094708 0.09143
-0.231104 -0.092829 0.092765
-0.230504 -0.084141 0.098861
-0.230059 -0.085857 0.096403
-0.22979 -0.088153 0.094884
-0.22948 -0.091042 0.094171
-0.229903 -0.090491 0.107493
-0.229875 -0.089248 0.106292
-0.22991 -0.08763 0.105684
-0.229967 -0.085108 0.10471
-0.229819 -0.084642 0.102379
-0.229868 -0.083703 0.102343
-0.229635 -0.084268 0.09968
-0.229571 -0.096537 0.107224
-0.229699 -0.093839 0.107048
-0.229776 -0.092115 0.106928
-0.269932 -0.048025 0.12127
-0.268682 -0.056021 0.11972
-0.267206 -0.061071 0.117812
-0.271465 -0.036808 0.122937
-0.266019 -0.063543 0.116018
-0.264896 -0.064815 0.114146
-0.263632 -0.066242 0.11202
-0.260778 -0.0681065 0.107327
-0.251426 -0.0739725 0.0904415
-0.249752 -0.075467 0.087065
-0.2559925 -0.07119 0.098716
-0.249604 -0.075509 0.086366
-0.273803 -0.024157 0.12643
-0.2727545 -0.024157 0.124258
-0.2749085 -0.011966 0.1296085
-0.275223 0 0.129898
-0.2749085 0.011966 0.1296085
-0.2740645 0.024157 0.1287855
-0.274651 -0.011966 0.127256
-0.243508 -0.087044 0.086691
-0.250147 -0.075029 0.086076
-0.251073 -0.077346 0.085801
-0.238613 -0.090731 0.087475
0.09504 -0.102492 0.217804
0.079009 -0.09944 0.214989
0.150714 -0.105296 0.216631
0.174589 -0.09653 0.228349
0.174172 -0.098543 0.226923
0.173339 -0.100712 0.224069
0.17466 -0.094743 0.228215
0.17461 -0.093168 0.227876
0.174653 -0.091797 0.228674
0.1747265 -0.0900065 0.2299845
0.171983 -0.102965 0.219958
0.169807 -0.104759 0.21644
0.159515 -0.105804 0.216405
0.156181 -0.106271 0.216017
0.154995 -0.105748 0.215176
0.17502 -0.087927 0.230384
0.164629 -0.080891 0.23381
0.160921 -0.066341 0.236713
0.155242 0 0.241791
0.160829 -0.023416 0.240492
0.160921 -0.045856 0.239015
0.006195 -0.114747 0.161041
0.005842 -0.109626 0.172512
0.020004 -0.107154 0.181787
0.007763 -0.113143 0.165046
0.040827 -0.104582 0.193272
0.062823 -0.102555 0.203189
0.080503 -0.101708 0.207759
0.09006 -0.140656 0.142408
0.0895725 -0.139384 0.1406555
0.102202 -0.137421 0.152
0.104992 -0.133847 0.15876
0.104321 -0.132667 0.160815
0.104399 -0.130993 0.161387
0.104561 -0.126903 0.161606
0.104695 -0.12282 0.161839
0.091953 -0.120779 0.161578
0.104681 -0.121153 0.162468
0.091628 -0.120115 0.163075
0.104512 -0.14079 0.145381
0.103481 -0.140889 0.142761
0.049762 -0.117325 0.163633
0.073743 -0.118321 0.164997
0.025189 -0.116082 0.1622
-0.025068 -0.136926 0.13545
0.002197 -0.137075 0.136213
0.023783 -0.137188 0.13682
-0.014565 -0.136983 0.135747
0.048767 -0.137322 0.13752
0.071998 -0.137393 0.138134
0.088322 -0.137329 0.138509
-0.037218 -0.13028 0.089276
-0.037423 -0.132526 0.10567
-0.042918 -0.12809 0.07464
-0.037126 -0.1344015 0.119331
-0.072323 -0.128365 0.057808
-0.06728 -0.126041 0.057991
-0.061509 -0.124276 0.057942
-0.041385 -0.126388 0.066489
-0.053711 -0.123301 0.057956
-0.07606 -0.13047 0.057582
-0.077932 -0.131579 0.057504
-0.079228 -0.132084 0.057356
-0.035756 -0.133614 0.119472
-0.0346645 -0.13263375 0.11962575
-0.087581 -0.138014 0.080891
-0.082954 -0.135549 0.067979
-0.16263 -0.134553 0.115573
-0.178347 -0.131784 0.110834
-0.18998 -0.129192 0.104378
-0.198718 -0.12655 0.096601
-0.145749 -0.136955 0.117367
-0.130626 -0.138466 0.11498
-0.117276 -0.139278 0.109463
-0.105727 -0.139582 0.101842
-0.096332 -0.139158 0.092045
-0.205732 -0.123654 0.087898
-0.210931 -0.120475 0.078285
-0.033283 -0.133232 0.11955
-0.0320085 -0.1342035 0.119423
-0.030656 -0.136503 0.133578
-0.214201 -0.117 0.067789
-0.220142 -0.105967 0.041265
-0.221865 -0.105331 0.040898
-0.225319 -0.104145 0.040128
-0.219308 -0.106278 0.041413
-0.218524 -0.106483 0.041541
-0.229543 -0.102555 0.039188
-0.245302 -0.099963 0.06829
-0.241975 -0.102605 0.062314
-0.240174 -0.10293 0.054869
-0.238486 -0.101623 0.046591
-0.233591 -0.100733 0.038305
-0.238118 -0.097971 0.037041
-0.240478 -0.097625 0.039916
-0.21738 -0.106772 0.041625
-0.217839 -0.109435 0.048399
-0.215918 -0.109986 0.048293
-0.215783 -0.113433 0.057441
0.142648 0.103304 0.224825
0.141673 0.104943 0.220834
0.143397 0.101248 0.229126
0.1259355 0.1055185 0.2193225
0.1106675 0.1055675 0.2193365
0.078942 0.102583 0.215995
0.061011 0.100369 0.2098005
0.1404195 0.105476 0.2184115
0.158753 0.098981 0.230045
0.174589 0.09653 0.228349
0.17466 0.094743 0.228215
0.17461 0.093168 0.227876
0.174653 0.091797 0.228674
0.1747265 0.0900065 0.2299845
0.17502 0.087927 0.230384
0.164629 0.080891 0.23381
0.160921 0.066341 0.236713
0.160921 0.045856 0.239015
0.160829 0.023416 0.240492
0.006195 0.114747 0.161041
0.09006 0.140656 0.142408
0.0895725 0.1393805 0.1406555
0.102202 0.137421 0.152
0.104992 0.133847 0.15876
0.104321 0.132667 0.160815
0.104512 0.14079 0.145381
0.103481 0.140889 0.142761
0.104695 0.12282 0.161839
0.104561 0.126903 0.161606
0.104399 0.130993 0.161387
0.091953 0.120779 0.161578
0.104681 0.121153 0.162468
0.091628 0.120115 0.163075
0.049762 0.117325 0.163633
0.073743 0.118321 0.164997
0.025189 0.116082 0.1622
-0.025068 0.136926 0.13545
0.048767 0.137322 0.13752
0.023783 0.137188 0.13682
0.002197 0.137075 0.136213
-0.014565 0.136983 0.135747
0.071998 0.137393 0.138134
0.088322 0.137329 0.138509
-0.240153 0.10305 0.085214
-0.248106 0.097159 0.081026
-0.247477 0.09653 0.082
-0.24646 0.09552 0.083561
-0.248615 0.09713 0.079239
-0.243889 0.101983 0.072677
-0.037218 0.13028 0.089276
-0.037423 0.132526 0.10567
-0.037126 0.1344015 0.119331
-0.042918 0.12809 0.07464
-0.072323 0.128365 0.057808
-0.06728 0.126041 0.057991
-0.061509 0.124276 0.057942
-0.041385 0.126388 0.066489
-0.053711 0.123301 0.057956
-0.07606 0.13047 0.057582
-0.077932 0.131579 0.057504
-0.079228 0.132084 0.057356
-0.035756 0.133614 0.119472
-0.087581 0.138014 0.080891
-0.082954 0.135549 0.067979
-0.18998 0.129192 0.104378
-0.178347 0.131784 0.110834
-0.198718 0.12655 0.096601
-0.16263 0.134553 0.115573
-0.145749 0.136955 0.117367
-0.130626 0.138466 0.11498
-0.117276 0.139278 0.109463
-0.105727 0.139582 0.101842
-0.096332 0.139158 0.092045
-0.205732 0.123654 0.087898
-0.210931 0.120475 0.078285
-0.214201 0.117 0.067789
-0.219308 0.106278 0.041413
-0.220142 0.105967 0.041265
-0.221865 0.105331 0.040898
-0.225319 0.104145 0.040128
-0.229543 0.102555 0.039188
-0.233591 0.100733 0.038305
-0.241975 0.102605 0.062314
-0.245302 0.099963 0.06829
-0.240174 0.10293 0.054869
-0.238486 0.101623 0.046584
-0.238118 0.097971 0.037041
-0.240478 0.097625 0.039916
-0.218524 0.106483 0.041541
-0.217839 0.109435 0.048399
-0.21738 0.106772 0.041625
-0.215918 0.109986 0.048293
-0.215783 0.113433 0.057441
-0.0346645 0.13263375 0.11962575
-0.033283 0.133232 0.11955
-0.0320085 0.1342035 0.1194195
-0.030656 0.136503 0.133578
0.020004 0.107154 0.181787
0.005842 0.109626 0.172512
0.007763 0.113143 0.165046
0.062823 0.102555 0.203189
0.040827 0.104582 0.193272
-0.239263 0.102011 0.086754
-0.238726 0.10139 0.087687
-0.237553 0.100719 0.088146
-0.233993 0.10158 0.08893
-0.232178 0.101284 0.089424
-0.230666 0.106045 0.093592
-0.231168 0.103883 0.091713
-0.231019 0.105211 0.093973
-0.231055 0.104695 0.09422
-0.230695 0.10365 0.094764
-0.229727 0.102619 0.098176
-0.229112 0.100111 0.099716
-0.228929 0.099002 0.100316
-0.229105 0.099384 0.103014
-0.229338 0.098797 0.10567
-0.229586 0.097356 0.107973
-0.229776 0.09475 0.108785
-0.229939 0.092447 0.109357
-0.230066 0.090074 0.109407
-0.230094 0.087941 0.108361
-0.23008 0.086083 0.106878
-0.230052 0.084056 0.105042
-0.231337 0.082982 0.1024
-0.233082 0.084557 0.096742
-0.232079 0.086874 0.094015
-0.242816 0.084564 0.087044
-0.246524 0.082205 0.086493
-0.238768 0.086895 0.087658
-0.236246 0.087814 0.088068
-0.235349 0.088237 0.088456
-0.23482 0.089191 0.089226
-0.234707 0.091557 0.090229
-0.234629 0.091275 0.090681
-0.23376 0.090703 0.091416
-0.231733 0.089382 0.093133
-0.248035 0.081202 0.086274
-0.248622 0.080227 0.086231
-0.269381 0.056423 0.121641
-0.270978 0.048152 0.123463
-0.267912 0.061785 0.119776
-0.266754 0.064391 0.11801
-0.26568 0.065705 0.116145
-0.264451 0.067209 0.114019
-0.261823 0.06947 0.10935
-0.25149 0.076328 0.090689
-0.249455 0.077635 0.087008
-0.256554 0.073058 0.099857
-0.249265 0.07784 0.086288
-0.272518 0.036808 0.125116
-0.25416 -0.087475 0.08087
-0.254795 -0.088103 0.079903
-0.253135 -0.086465 0.082438
-0.252125 -0.085462 0.083999
-0.255021 -0.088435 0.078334
-0.249243 -0.096156 0.075234
-0.251518 -0.084861 0.084932
-0.243974 -0.089961 0.086676
-0.235703 -0.0922 0.087976
-0.250847 -0.084247 0.085462
-0.234417 -0.092334 0.088506
-0.233202 -0.096346 0.089601
-0.232305 -0.100217 0.091028
-0.232305 -0.0998 0.091402
-0.230073 -0.099151 0.094241
-0.229056 -0.098783 0.0973
-0.228809 -0.097745 0.0979
-0.231754 -0.098769 0.091903
-0.228992 -0.098112 0.100599
-0.229162 -0.098282 0.102965
-0.229352 -0.097929 0.10531
-0.230454 -0.096375 0.093083
-0.229218 -0.094044 0.094326
-0.229388 -0.085737 0.097392
-0.229155 -0.087884 0.095725
-0.228964 -0.090484 0.09492
-0.22883 -0.093203 0.095018
-0.229487 -0.091536 0.102675
-0.229797 -0.087446 0.103968
-0.229727 -0.086599 0.102463
-0.229614 -0.085292 0.100104
-0.229402 -0.086429 0.098028
-0.229395 -0.096113 0.104561
-0.229543 -0.094715 0.105571
-0.268018 -0.05583 0.119105
-0.266549 -0.060753 0.117191
-0.265334 -0.063218 0.115368
-0.26419 -0.064518 0.113475
-0.262904 -0.065931 0.111356
-0.249448 -0.074746 0.087086
-0.249272 -0.074732 0.086401
-0.2736015 -0.011966 0.1250845
-0.274962 0 0.127546
-0.273916 0 0.125374
-0.249653 -0.083222 0.085793
-0.253474 -0.07642 0.085419
-0.25209 -0.071271 0.085885
-0.249604 -0.074103 0.086125
0.110721 -0.102421 0.218687
0.125709 -0.102372 0.218665
0.139731 -0.102357 0.217768
0.150185 -0.102527 0.21637
0.095004 -0.099645 0.21738
0.110657 -0.099574 0.218234
0.094884 -0.098939 0.216094
0.154479 -0.103036 0.214837
0.1901 -0.09766 0.222903
0.190828 -0.095647 0.224309
0.182896 -0.10293 0.216928
0.188723 -0.100281 0.219817
0.191019 -0.093853 0.224161
0.190976 -0.092278 0.223815
0.191012 -0.0909 0.22462
0.191075 -0.0891315 0.225941
0.181907 -0.106292 0.210945
0.168952 -0.108227 0.208981
0.166494 -0.10555 0.215395
0.160024 -0.108651 0.209914
0.1555065 -0.108909 0.2091645
0.154529 -0.105967 0.208402
0.191153 -0.087114 0.226393
0.175889 -0.085525 0.230532
0.166289 -0.078779 0.233718
0.16344475 -0.064707 0.2361935
0.160759 0 0.241021
0.16334925 -0.0234015 0.2397555
0.16350825 -0.04542525 0.23832325
0.04426 -0.109477 0.181864
0.023006 -0.11036 0.175013
0.010242 -0.111046 0.1704
0.02439 -0.113892 0.16708
0.06711 -0.108743 0.188151
0.095866 -0.101531 0.20925
0.084649 -0.108524 0.191103
0.103064 -0.140013 0.141511
0.102223 -0.139024 0.140437
0.108369 -0.137414 0.152289
0.115368 -0.132349 0.161557
0.115828 -0.132886 0.160688
0.110664 -0.134765 0.157241
0.115432 -0.130746 0.16215
0.115658 -0.126924 0.162383
0.11587 -0.123096 0.16263
0.104484 -0.120468 0.163909
0.115934 -0.121485 0.163259
0.115849 -0.120779 0.164644
0.090971 -0.118921 0.165915
0.104053 -0.119303 0.166586
0.115347 -0.141094 0.143072
0.116018 -0.141532 0.144414
0.110551 -0.140041 0.147536
0.114775 -0.14019 0.141807
0.071568 -0.115171 0.172597
0.047855 -0.114584 0.169948
0.088979 -0.115594 0.173967
0.100486 -0.137209 0.138735
-0.014544 -0.136255 0.13384
-0.024991 -0.136418 0.13367
0.048456 -0.135252 0.134864
0.023606 -0.135648 0.134461
0.002126 -0.135987 0.134108
0.071243 -0.134814 0.135231
0.0865 -0.134341 0.13545
0.097371 -0.133875 0.135598
-0.033855 -0.128598 0.076124
-0.034378 -0.130421 0.089629
-0.035307 -0.1324975 0.1058395
-0.036568 -0.127694 0.070211
-0.075488 -0.127391 0.049501
-0.071751 -0.125427 0.049692
-0.066722 -0.123308 0.049861
-0.060979 -0.121803 0.049847
-0.032655 -0.126755 0.066849
-0.032761 -0.123767 0.05874
-0.042593 -0.123343 0.058316
-0.053231 -0.121026 0.049883
-0.07736 -0.128394 0.049459
-0.078257 -0.128782 0.049438
-0.079062 -0.128909 0.049325
-0.080842 -0.131996 0.056854
-0.034025 -0.131706 0.106009
-0.03294925 -0.130726 0.10616625
-0.089445 -0.137781 0.079987
-0.085017 -0.135323 0.067414
-0.162334 -0.134398 0.113377
-0.145939 -0.136721 0.115128
-0.177577 -0.131721 0.108771
-0.188794 -0.12922 0.102562
-0.197213 -0.126663 0.095054
-0.131261 -0.138184 0.11279
-0.118314 -0.138975 0.107415
-0.10709 -0.139278 0.100026
-0.097971 -0.138876 0.090597
-0.204051 -0.123838 0.086585
-0.209151 -0.120751 0.07724
-0.031574 -0.131325 0.106122
-0.030281 -0.135704 0.129029
-0.0303165 -0.1323 0.106027
-0.212329 -0.117396 0.067089
-0.219958 -0.104872 0.038411
-0.21911 -0.105183 0.038574
-0.22171 -0.104229 0.038023
-0.225206 -0.103028 0.037225
-0.218326 -0.105374 0.038694
-0.217182 -0.105663 0.038786
-0.229515 -0.101411 0.036236
-0.249844 -0.094941 0.071059
-0.246248 -0.098706 0.06598
-0.243148 -0.10139 0.060845
-0.24023 -0.100994 0.047707
-0.241368 -0.102047 0.05458
-0.241876 -0.097491 0.04195
-0.233704 -0.099511 0.035268
-0.238034 -0.096869 0.034385
-0.243133 -0.093076 0.03483
-0.24396 -0.093118 0.036773
-0.244843 -0.09309 0.038736
-0.215282 -0.106242 0.038878
-0.215473 -0.107351 0.041661
-0.213544 -0.107952 0.041675
-0.213989 -0.110558 0.048166
-0.213862 -0.113949 0.057087
0.157481 0.103198 0.222889
0.156379 0.105091 0.218623
0.151795 0.105889 0.217422
0.158378 0.1011 0.227127
0.09504 0.102499 0.217804
0.079009 0.09944 0.214989
0.150714 0.105296 0.216631
0.080503 0.101708 0.207759
0.174172 0.098543 0.226923
0.173339 0.100712 0.224069
0.1901 0.09766 0.222903
0.190828 0.095647 0.224309
0.191019 0.093853 0.224161
0.190976 0.092278 0.223815
0.191012 0.0909 0.22462
0.191075 0.0891315 0.225941
0.191153 0.087114 0.226393
0.175889 0.085525 0.230532
0.166289 0.078779 0.233718
0.16344475 0.064707 0.2361935
0.16350825 0.04542525 0.23832325
0.16334925 0.0234015 0.2397555
0.103064 0.140013 0.141511
0.102223 0.139024 0.140437
0.108369 0.137414 0.152289
0.115368 0.132349 0.161557
0.115828 0.132886 0.160688
0.110664 0.134765 0.157241
0.115347 0.141087 0.143072
0.116018 0.141532 0.144414
0.110551 0.140041 0.147536
0.114775 0.140183 0.141807
0.115651 0.126917 0.162383
0.11587 0.123096 0.16263
0.115432 0.130746 0.16215
0.104484 0.120468 0.163909
0.115934 0.121485 0.163259
0.115849 0.120779 0.164644
0.090964 0.118921 0.165915
0.104053 0.119303 0.166586
0.047855 0.114584 0.169948
0.071568 0.115171 0.172597
0.088979 0.115594 0.173967
0.02439 0.113892 0.16708
0.100486 0.137209 0.138735
-0.024991 0.136418 0.13367
-0.014544 0.136255 0.13384
0.048456 0.135252 0.134864
0.023606 0.135648 0.134461
0.071243 0.134814 0.135231
0.002126 0.135987 0.134108
0.0865 0.134341 0.13545
0.097371 0.133875 0.135598
-0.245443 0.094524 0.085122
-0.254795 0.088103 0.079903
-0.25416 0.087475 0.08087
-0.253135 0.086465 0.082438
-0.255021 0.088435 0.078334
-0.249243 0.096156 0.075234
-0.033855 0.128598 0.076124
-0.034378 0.130421 0.089629
-0.035307 0.1324975 0.1058395
-0.036568 0.127694 0.070211
-0.071751 0.125427 0.049692
-0.075488 0.127391 0.049501
-0.066722 0.123308 0.049861
-0.060979 0.121803 0.049847
-0.032655 0.126755 0.066849
-0.042593 0.123343 0.058316
-0.032761 0.123767 0.05874
-0.053231 0.121026 0.049883
-0.07736 0.128394 0.049459
-0.078257 0.128782 0.049438
-0.080842 0.131996 0.056854
-0.079062 0.128909 0.049325
-0.034025 0.131706 0.106009
-0.089445 0.137781 0.079987
-0.085017 0.135323 0.067414
-0.162334 0.134398 0.113377
-0.177577 0.131721 0.108771
-0.188794 0.12922 0.102562
-0.197213 0.126663 0.095054
-0.145939 0.136721 0.115128
-0.131261 0.138184 0.11279
-0.118314 0.138975 0.107415
-0.10709 0.139278 0.100026
-0.097971 0.138876 0.090597
-0.204051 0.123838 0.086585
-0.209151 0.120751 0.07724
-0.212329 0.117396 0.067089
-0.219958 0.104872 0.038411
-0.21911 0.105183 0.038574
-0.218326 0.105374 0.038694
-0.22171 0.104229 0.038023
-0.225206 0.103028 0.037225
-0.229515 0.101411 0.036236
-0.233704 0.099511 0.035268
-0.243148 0.10139 0.060845
-0.246248 0.098706 0.065973
-0.249844 0.094941 0.071059
-0.241368 0.102047 0.05458
-0.24023 0.100994 0.0477
-0.241876 0.097491 0.04195
-0.238034 0.096869 0.034385
-0.243133 0.093076 0.03483
-0.244843 0.09309 0.038736
-0.24396 0.093111 0.036773
-0.217182 0.105663 0.038786
-0.215282 0.106242 0.038878
-0.215473 0.107351 0.041661
-0.213989 0.110558 0.048166
-0.213544 0.107952 0.041675
-0.213862 0.113949 0.057087
-0.03294925 0.130726 0.10616625
-0.031574 0.131325 0.106122
-0.030281 0.135704 0.129029
-0.0303165 0.1323 0.106027
0.04426 0.109477 0.181857
0.023006 0.11036 0.175013
0.010242 0.111046 0.1704
0.06711 0.108743 0.188151
-0.244836 0.093924 0.086055
-0.244412 0.09273 0.086528
-0.238422 0.095018 0.087623
-0.235003 0.096784 0.088181
-0.233372 0.096735 0.088711
-0.231938 0.100768 0.090251
-0.231528 0.103184 0.092306
-0.231549 0.102711 0.092617
-0.231104 0.101644 0.093104
-0.229854 0.10122 0.096021
-0.229056 0.098783 0.0973
-0.228809 0.097745 0.0979
-0.228992 0.098112 0.100599
-0.229162 0.098282 0.102965
-0.229352 0.097929 0.10531
-0.229571 0.096537 0.107224
-0.229699 0.093839 0.107048
-0.229776 0.092115 0.106928
-0.229903 0.090491 0.107493
-0.229875 0.089248 0.106292
-0.22991 0.08763 0.105684
-0.229967 0.085108 0.10471
-0.229868 0.083703 0.102343
-0.229819 0.084642 0.102379
-0.230504 0.084141 0.098861
-0.229635 0.084268 0.09968
-0.230059 0.085857 0.096403
-0.22979 0.088153 0.094884
-0.243027 0.085426 0.086726
-0.246983 0.082615 0.086147
-0.238641 0.088245 0.087397
-0.236006 0.089396 0.087849
-0.234841 0.089509 0.088372
-0.23436 0.092016 0.089382
-0.233562 0.095859 0.090441
-0.23352 0.095513 0.090851
-0.232792 0.094708 0.09143
-0.231104 0.092829 0.092765
-0.22948 0.091042 0.094171
-0.248311 0.081478 0.085956
-0.248933 0.080531 0.085921
-0.249738 0.077783 0.085984
-0.268682 0.056021 0.11972
-0.269932 0.048025 0.12127
-0.271465 0.036808 0.122937
-0.267206 0.061071 0.117812
-0.266019 0.063543 0.116018
-0.264896 0.064815 0.114146
-0.263632 0.066242 0.11202
-0.260778 0.06811 0.107327
-0.251426 0.0739725 0.0904415
-0.249752 0.075467 0.087065
-0.249604 0.075509 0.086366
-0.2559925 0.07119 0.098716
-0.273803 0.024157 0.12643
-0.2727545 0.024157 0.124258
-0.274651 0.011966 0.127256
-0.260086 -0.0789 0.079288
-0.259457 -0.078271 0.080263
-0.2601 -0.079571 0.077656
-0.258433 -0.077261 0.081831
-0.257423 -0.076258 0.083385
-0.259252 -0.080708 0.074103
-0.254831 -0.088555 0.074972
-0.256815 -0.075657 0.084324
-0.25577 -0.07565 0.084911
-0.229084 -0.096693 0.095435
-0.22878 -0.095718 0.096071
-0.228865 -0.095216 0.096862
-0.228907 -0.096876 0.098571
-0.229133 -0.09624 0.101192
-0.229282 -0.095824 0.102859
-0.229204 -0.0884 0.0967
-0.229028 -0.090611 0.095845
-0.228922 -0.09297 0.096099
-0.229571 -0.087566 0.101037
-0.229303 -0.089537 0.098875
-0.229126 -0.092447 0.098494
-0.229119 -0.094934 0.100062
-0.229423 -0.087884 0.099348
-0.268477 -0.047968 0.120998
-0.270003 -0.036808 0.122651
-0.271289 -0.024157 0.123972
-0.26693 -0.055696 0.119169
-0.265475 -0.060556 0.117269
-0.272136 -0.011966 0.124798
-0.264232 -0.063105 0.115404
-0.263053 -0.064511 0.113468
-0.261774 -0.065945 0.111349
-0.259309 -0.067916 0.107055
-0.25459 -0.070925 0.098564
-0.250105 -0.073644 0.090406
-0.248353 -0.074746 0.0871
-0.248219 -0.074082 0.086168
-0.248127 -0.074725 0.086422
-0.2736015 0.011966 0.1250845
-0.254251 -0.058133 0.085688
-0.25618 -0.068099 0.085299
-0.25031 -0.069745 0.086048
-0.24853 -0.069717 0.086111
0.12554 -0.099553 0.218206
0.139257 -0.099574 0.217359
0.149464 -0.099786 0.216002
0.153794 -0.10033 0.214448
0.110452 -0.098868 0.216864
0.125109 -0.098896 0.216822
0.154013 -0.103262 0.208028
0.206763 -0.096156 0.218199
0.205895 -0.09836 0.215487
0.20747 -0.094136 0.219612
0.186957 -0.103396 0.214696
0.186251 -0.105402 0.212379
0.192248 -0.102266 0.214639
0.207625 -0.092341 0.219471
0.207569 -0.090766 0.219132
0.207632 -0.089389 0.21993
0.207738 -0.08763 0.22124
0.16648 -0.115962 0.192813
0.175119 -0.115828 0.192297
0.184294 -0.10858 0.211757
0.18243975 -0.11081975 0.2054055
0.183567 -0.109576 0.210874
0.157509 -0.116421 0.193251
0.153098 -0.1164845 0.19276
0.152261 -0.113412 0.19229
0.151283 -0.1102825 0.191831
0.207759 -0.085638 0.22171
0.191365 -0.084812 0.226682
0.176821 -0.083229 0.230638
0.167229 -0.0774375 0.233361
0.16321525 0 0.24030275
0.110897 -0.101517 0.209907
0.099115 -0.108602 0.192128
0.113624 -0.139095 0.140698
0.111243 -0.137103 0.138939
0.111208 -0.137393 0.152424
0.125547 -0.132533 0.161394
0.125455 -0.131996 0.162235
0.117177 -0.133486 0.159657
0.113115 -0.135238 0.156422
0.125512 -0.130463 0.162849
0.12578 -0.126903 0.163097
0.126077 -0.123343 0.163351
0.115623 -0.119642 0.167172
0.126218 -0.121062 0.165315
0.126204 -0.121789 0.16398
0.102548 -0.115934 0.174617
0.114761 -0.116251 0.175091
0.125469 -0.140338 0.142076
0.126183 -0.141277 0.143361
0.126465 -0.141751 0.144618
0.11748 -0.141242 0.14572
0.11308 -0.139526 0.148595
0.124028 -0.139165 0.140931
0.106984 -0.133465 0.135726
-0.014275 -0.135125 0.129107
-0.024652 -0.135499 0.129058
0.023627 -0.133762 0.129291
0.048322 -0.132872 0.129411
0.070678 -0.131954 0.129531
0.002289 -0.134532 0.129185
0.085024 -0.131099 0.129644
0.094792 -0.130322 0.129736
0.103431 -0.129637 0.12982
-0.031426 -0.128026 0.071356
-0.031553 -0.128733 0.076505
-0.0325345 -0.130389 0.0898625
-0.031355 -0.127871 0.070197
-0.077402 -0.126995 0.045807
-0.07553 -0.126317 0.045863
-0.071794 -0.124925 0.046061
-0.066764 -0.123449 0.046238
-0.061022 -0.122517 0.046245
-0.053266 -0.122093 0.046294
-0.030154 -0.12388 0.058853
-0.030324 -0.126854 0.066955
-0.0324 -0.12145 0.050525
-0.029787 -0.121549 0.050617
-0.042183 -0.121083 0.050186
-0.042169 -0.122135 0.046577
-0.078299 -0.127242 0.045779
-0.08022 -0.128775 0.04888
-0.079097 -0.127348 0.04568
-0.082982 -0.131664 0.056063
-0.031306 -0.129594 0.09006
-0.030253 -0.128607 0.0902225
-0.091352 -0.137548 0.079104
-0.087114 -0.135097 0.066884
-0.1620935 -0.1340585 0.111639
-0.146084 -0.1363225 0.113359
-0.13177 -0.137742 0.1110595
-0.176962 -0.1314625 0.1071465
-0.187858 -0.129033 0.1011215
-0.196027 -0.1265465 0.0938355
-0.11913 -0.138512 0.1057935
-0.1081605 -0.138816 0.0985855
-0.0992705 -0.138434 0.0894525
-0.202723 -0.123785 0.0855495
-0.2077345 -0.120772 0.07641
-0.028904 -0.129206 0.090215
-0.029363 -0.134235 0.119416
-0.0276645 -0.1301805 0.0901555
-0.2108565 -0.1175265 0.066538
-0.21993 -0.104293 0.037825
-0.219075 -0.10459 0.037981
-0.218284 -0.10478 0.038065
-0.221653 -0.103664 0.037444
-0.225051 -0.102492 0.036688
-0.217147 -0.105063 0.038136
-0.21524 -0.105649 0.038228
-0.229247 -0.100895 0.035741
-0.254499 -0.088562 0.071483
-0.25026 -0.094185 0.068785
-0.246503 -0.098042 0.06502
-0.250218 -0.093796 0.067789
-0.243522 -0.100733 0.060245
-0.2414735 -0.1002805 0.0485475
-0.242745 -0.097236 0.043186
-0.241742 -0.101531 0.054474
-0.245401 -0.092963 0.039987
-0.233372 -0.099009 0.034788
-0.237659 -0.096396 0.033891
-0.242759 -0.093012 0.033644
-0.247845 -0.087362 0.034173
-0.2474 -0.0871815 0.0327925
-0.248565 -0.087743 0.037641
-0.248205 -0.087538 0.035904
-0.213318 -0.106271 0.03832
-0.213361 -0.106864 0.038948
-0.212153 -0.107245 0.038998
-0.212336 -0.108333 0.041682
-0.2124565 -0.1108335 0.048067
-0.21234 -0.1141715 0.0568045
0.171983 0.102965 0.219958
0.169807 0.104759 0.21644
0.159515 0.105804 0.216405
0.156181 0.106271 0.216017
0.154995 0.105748 0.215176
0.110721 0.102421 0.218687
0.125709 0.102372 0.218665
0.139731 0.102357 0.217768
0.150185 0.102527 0.21637
0.095004 0.099645 0.21738
0.110657 0.099574 0.218234
0.094884 0.098939 0.216094
0.154479 0.103036 0.214837
0.095866 0.101531 0.20925
0.084649 0.108524 0.191103
0.182896 0.10293 0.216928
0.188723 0.100281 0.219817
0.206763 0.096149 0.218199
0.205895 0.09836 0.215487
0.20747 0.094136 0.219605
0.207625 0.092348 0.219471
0.207569 0.090766 0.219132
0.207632 0.089389 0.21993
0.207738 0.08763 0.22124
0.207759 0.085638 0.22171
0.191365 0.084812 0.226682
0.176821 0.083229 0.230638
0.167229 0.0774375 0.233361
0.113624 0.139095 0.140698
0.111243 0.137103 0.138939
0.111208 0.137393 0.152424
0.125455 0.131996 0.162235
0.125547 0.132533 0.161394
0.117177 0.133486 0.159657
0.113115 0.135238 0.156422
0.126183 0.141277 0.143361
0.125469 0.140338 0.142076
0.126465 0.141751 0.144618
0.11748 0.141242 0.14572
0.11308 0.139526 0.148595
0.124028 0.139165 0.140931
0.12578 0.126903 0.163097
0.125512 0.130463 0.162849
0.126077 0.123343 0.163351
0.115623 0.119642 0.167172
0.126218 0.121062 0.165315
0.126204 0.121789 0.16398
0.102548 0.115934 0.174617
0.114761 0.116251 0.175091
0.099115 0.108602 0.192128
0.106984 0.133465 0.135726
-0.014275 0.135125 0.129107
-0.024652 0.135499 0.129058
0.070678 0.131954 0.129531
0.048322 0.132872 0.129411
0.023627 0.133762 0.129291
0.002289 0.134532 0.129185
0.085024 0.131099 0.129644
0.094792 0.130322 0.129736
0.103431 0.129637 0.12982
-0.252125 0.085462 0.083999
-0.260093 0.0789 0.079288
-0.2601 0.079571 0.077656
-0.259457 0.078271 0.080263
-0.258433 0.077261 0.081831
-0.259252 0.080708 0.074103
-0.254831 0.088555 0.074972
-0.031426 0.128026 0.071356
-0.031553 0.128733 0.076505
-0.0325345 0.130389 0.089866
-0.031355 0.127871 0.070197
-0.07553 0.126317 0.045863
-0.071794 0.124925 0.046061
-0.066764 0.123449 0.046238
-0.077402 0.126995 0.045807
-0.061029 0.122517 0.046245
-0.053266 0.122093 0.046294
-0.030324 0.126854 0.066955
-0.030147 0.12388 0.058853
-0.042183 0.121083 0.050186
-0.0324 0.12145 0.050525
-0.042169 0.122135 0.046577
-0.078299 0.127242 0.045779
-0.08022 0.128775 0.04888
-0.082982 0.131664 0.056063
-0.079097 0.127348 0.04568
-0.031306 0.129594 0.090053
-0.091352 0.137548 0.079104
-0.087114 0.135097 0.066884
-0.1620935 0.1340585 0.111639
-0.176962 0.1314625 0.1071465
-0.146084 0.1363225 0.113359
-0.187858 0.129033 0.1011215
-0.196027 0.1265465 0.0938355
-0.13177 0.137742 0.1110595
-0.11913 0.138512 0.1057935
-0.1081605 0.138816 0.0985855
-0.0992705 0.138434 0.0894525
-0.202723 0.123785 0.0855495
-0.2077345 0.120772 0.07641
-0.2108565 0.1175265 0.066538
-0.219075 0.10459 0.037981
-0.21993 0.104293 0.037825
-0.218284 0.10478 0.038065
-0.217147 0.105063 0.038136
-0.221653 0.103664 0.037444
-0.225051 0.102492 0.036688
-0.229247 0.100895 0.035741
-0.233372 0.099009 0.034788
-0.243522 0.100733 0.060245
-0.246503 0.098042 0.06502
-0.250218 0.093796 0.067789
-0.25026 0.094192 0.068785
-0.254499 0.088562 0.071483
-0.2414735 0.1002805 0.0485475
-0.241742 0.101531 0.054474
-0.242745 0.097236 0.043186
-0.245401 0.092963 0.039987
-0.237659 0.096396 0.033891
-0.242759 0.093012 0.033644
-0.2474 0.0871815 0.0327925
-0.247845 0.087362 0.034173
-0.248565 0.087743 0.037641
-0.248205 0.087538 0.035904
-0.21524 0.105649 0.038228
-0.213361 0.106864 0.038948
-0.213318 0.106271 0.03832
-0.212153 0.107245 0.038998
-0.212336 0.108333 0.041682
-0.21234 0.1141715 0.0568045
-0.2124565 0.1108335 0.048067
-0.030253 0.128607 0.0902225
-0.028904 0.129206 0.090215
-0.029363 0.134235 0.119416
-0.0276645 0.1301805 0.090152
-0.251518 0.084861 0.084932
-0.243974 0.089961 0.086676
-0.238613 0.090731 0.087475
-0.235703 0.0922 0.087976
-0.250847 0.084247 0.085462
-0.234417 0.092334 0.088506
-0.233202 0.096346 0.089601
-0.232305 0.100217 0.091028
-0.232305 0.0998 0.091402
-0.231754 0.098769 0.091903
-0.230066 0.099151 0.094241
-0.229084 0.096693 0.095435
-0.22878 0.095718 0.096071
-0.228865 0.095216 0.096862
-0.228907 0.096876 0.098571
-0.229133 0.09624 0.101192
-0.229282 0.095831 0.102859
-0.229395 0.096113 0.104561
-0.229543 0.094715 0.105571
-0.229487 0.091536 0.102675
-0.229797 0.087446 0.103968
-0.229727 0.086599 0.102463
-0.229614 0.085292 0.100104
-0.229388 0.085737 0.097392
-0.229402 0.086429 0.098028
-0.229155 0.087884 0.095725
-0.228964 0.090484 0.09492
-0.248629 0.082071 0.085935
-0.243508 0.087044 0.086691
-0.230454 0.096375 0.093083
-0.229218 0.094044 0.094326
-0.22883 0.093203 0.095018
-0.251073 0.077346 0.085801
-0.250147 0.075029 0.086076
-0.268018 0.05583 0.119105
-0.266549 0.060753 0.117191
-0.265334 0.063218 0.115368
-0.26419 0.064518 0.113475
-0.262904 0.065931 0.111356
-0.249448 0.074746 0.087086
-0.249272 0.074732 0.086401
-0.264161 -0.069039 0.079005
-0.263526 -0.068438 0.07998
-0.264642 -0.069018 0.076187
-0.261986 -0.074188 0.070748
-0.262509 -0.067471 0.081548
-0.261491 -0.06651 0.083102
-0.260594 -0.076116 0.067125
-0.258193 -0.081866 0.070409
-0.260884 -0.065938 0.084042
-0.2595 -0.066284 0.08467
-0.229042 -0.094171 0.098515
-0.229155 -0.090872 0.097787
-0.266457 -0.047912 0.121055
-0.267969 -0.036808 0.122686
-0.269254 -0.024157 0.124007
-0.270102 -0.011966 0.124834
-0.26496 -0.055456 0.119282
-0.263526 -0.060202 0.117417
-0.272454 0 0.125088
-0.27042 0 0.125123
-0.262233 -0.062894 0.115474
-0.26099 -0.064497 0.113454
-0.259711 -0.065973 0.111349
-0.257267 -0.067923 0.107083
-0.252542 -0.070932 0.098586
-0.24805 -0.073658 0.090413
-0.246284 -0.074753 0.087114
-0.246128 -0.074054 0.086217
-0.246368 -0.069675 0.086189
-0.246051 -0.074725 0.086457
-0.272136 0.011966 0.124798
-0.258539 -0.056784 0.085172
-0.255622 -0.044776 0.085567
-0.251271 -0.058571 0.085942
-0.252118 -0.044882 0.08585
-0.248947 -0.05855 0.086055
-0.246623 -0.058521 0.086168
0.138191 -0.099002 0.216101
0.147825 -0.099278 0.2149
0.15212 -0.099829 0.213452
0.126515 -0.101934 0.209278
0.152572 -0.102689 0.207201
0.223631 -0.096226 0.210422
0.224366 -0.094015 0.212979
0.222903 -0.098621 0.207159
0.205238 -0.100726 0.211736
0.224874 -0.091995 0.214413
0.191725 -0.104703 0.211446
0.185686 -0.108135 0.2118
0.190983 -0.107627 0.21062
0.204503 -0.103375 0.208628
0.224864 -0.0894205 0.2141305
0.224931 -0.087249 0.214752
0.225118 -0.085504 0.216045
0.162715 -0.123852 0.176701
0.171707 -0.124862 0.174554
0.1782335 -0.1167885 0.192417
0.17476225 -0.1238305 0.17980175
0.185269 -0.112084 0.211623
0.184061 -0.112359 0.211574
0.18356 -0.110615 0.209709
0.183447 -0.112889 0.210768
0.15443 -0.12429 0.176602
0.1503855 -0.1241345 0.1763975
0.149662 -0.121125 0.176355
0.148733 -0.1182365 0.174917
0.225157 -0.08354 0.216518
0.207759 -0.083328 0.222063
0.191621 -0.08191925 0.22687675
0.177301 -0.081771 0.2304015
0.112755 -0.108764 0.192657
0.121069 -0.137004 0.139123
0.115757 -0.133091 0.135846
0.112479 -0.137385 0.152487
0.135062 -0.131664 0.162878
0.13485 -0.132286 0.16191
0.134023 -0.133034 0.160653
0.125702 -0.13307 0.160483
0.118589 -0.133988 0.15876
0.114415 -0.135436 0.155941
0.135104 -0.130188 0.163506
0.135429 -0.126889 0.163775
0.135796 -0.123576 0.164036
0.126183 -0.119953 0.167709
0.125695 -0.116767 0.175006
0.135987 -0.122086 0.164665
0.1361 -0.12133 0.16595
0.124374 -0.109781 0.191061
0.136495 -0.141454 0.143637
0.135648 -0.140486 0.142337
0.133946 -0.139229 0.141164
0.136432 -0.141864 0.144979
0.126614 -0.141539 0.145685
0.135415 -0.141468 0.146293
0.118928 -0.140712 0.146759
0.114401 -0.139194 0.149125
0.130421 -0.136905 0.1393
0.111321 -0.129015 0.129898
-0.023776 -0.133995 0.11943
-0.01347 -0.133536 0.119444
0.024164 -0.13189 0.119508
0.002974 -0.132815 0.119472
0.048682 -0.130816 0.11955
0.070861 -0.129714 0.119621
0.094665 -0.127843 0.119868
0.085045 -0.128726 0.119734
0.10317 -0.127059 0.119988
0.11094 -0.126345 0.120094
-0.03026 -0.127998 0.070897
-0.029999 -0.128118 0.071652
-0.029995 -0.1286935 0.076756
-0.029865 -0.12792 0.070233
-0.077713 -0.126529 0.044493
-0.075841 -0.12619 0.044585
-0.072097 -0.12542 0.044811
-0.061325 -0.124261 0.045037
-0.067068 -0.124636 0.045009
-0.053527 -0.124148 0.045094
-0.042332 -0.124155 0.045376
-0.028812 -0.123937 0.05891
-0.029123 -0.126903 0.067012
-0.03233 -0.12234 0.046888
-0.029695 -0.122397 0.046972
-0.028445 -0.121598 0.050667
-0.028346 -0.122425 0.047015
-0.032393 -0.124212 0.04568
-0.078603 -0.126635 0.044444
-0.082198 -0.128415 0.047898
-0.080079 -0.127313 0.045411
-0.079408 -0.126705 0.044345
-0.085158 -0.131339 0.055293
-0.028805 -0.127899 0.076957
-0.02777925 -0.126919 0.07712475
-0.092857 -0.137142 0.0784015
-0.0887635 -0.134726 0.066521
-0.026453 -0.127525 0.077141
-0.027696 -0.132328 0.106052
-0.025238 -0.1284995 0.077105
-0.219937 -0.103156 0.037613
-0.219082 -0.103417 0.037769
-0.218284 -0.103629 0.037853
-0.217133 -0.103947 0.03791
-0.221554 -0.102583 0.037267
-0.224634 -0.10146 0.036603
-0.228512 -0.099899 0.035763
-0.215232 -0.10454 0.038009
-0.213304 -0.105162 0.038108
-0.232524 -0.097999 0.034887
-0.257571 -0.082587 0.068361
-0.254322 -0.088577 0.069498
-0.253926 -0.088577 0.068587
-0.245874 -0.097823 0.064709
-0.249427 -0.093669 0.067471
-0.252938 -0.088584 0.068297
-0.242943 -0.100514 0.060054
-0.242943 -0.097003 0.043829
-0.24545 -0.092829 0.040665
-0.241163 -0.101354 0.054453
-0.248798 -0.087835 0.038772
-0.248671 -0.087856 0.039393
-0.236804 -0.095358 0.034032
-0.242363 -0.09261 0.033142
-0.241459 -0.091579 0.033269
-0.25209 -0.0791255 0.0323615
-0.252443 -0.079436 0.033898
-0.252478 -0.080348 0.036059
-0.252443 -0.08205 0.039535
-0.252464 -0.0814 0.038235
-0.21211 -0.106659 0.038376
-0.212103 -0.10555 0.038171
-0.211517 -0.107104 0.039019
-0.211701 -0.108185 0.041682
0.181907 0.106292 0.210945
0.168952 0.108227 0.208981
0.166494 0.10555 0.215395
0.160024 0.108651 0.209914
0.1555065 0.108909 0.2091645
0.154529 0.105967 0.208402
0.12554 0.099553 0.218206
0.139257 0.099574 0.217359
0.149464 0.099786 0.216002
0.153794 0.10033 0.214448
0.110452 0.098868 0.216864
0.125109 0.098896 0.216822
0.154013 0.103262 0.208028
0.110897 0.101517 0.209907
0.186957 0.103396 0.214696
0.186251 0.105402 0.212379
0.192248 0.102266 0.214639
0.224366 0.094015 0.212979
0.223631 0.096226 0.210422
0.205238 0.100726 0.211736
0.222903 0.098621 0.207159
0.224874 0.091995 0.214413
0.224864 0.0894205 0.2141305
0.224931 0.087249 0.214752
0.225118 0.085504 0.216045
0.225157 0.08354 0.216518
0.207759 0.083328 0.222063
0.191621 0.08191925 0.22687675
0.177301 0.081771 0.2304015
0.121069 0.137004 0.139123
0.115757 0.133091 0.135846
0.112479 0.137385 0.15248
0.13485 0.132286 0.16191
0.134023 0.133034 0.160653
0.125702 0.13307 0.160483
0.135062 0.131664 0.162878
0.118589 0.133988 0.15876
0.114415 0.135436 0.155941
0.136495 0.141454 0.143637
0.135648 0.140486 0.142337
0.133946 0.139229 0.141157
0.136432 0.141864 0.144979
0.126614 0.141539 0.145685
0.135415 0.141468 0.146293
0.118928 0.140712 0.146759
0.114401 0.139194 0.149125
0.130421 0.136905 0.1393
0.135104 0.130188 0.163506
0.135422 0.126889 0.163775
0.135796 0.123576 0.164036
0.125695 0.116767 0.175006
0.126183 0.119953 0.167709
0.135987 0.122079 0.164665
0.1361 0.12133 0.16595
0.112755 0.108764 0.192657
0.124374 0.109781 0.191061
0.111321 0.129015 0.129898
-0.023776 0.133995 0.119423
-0.01347 0.133536 0.119444
0.048682 0.130809 0.11955
0.070861 0.129714 0.119621
0.024164 0.13189 0.119508
0.002974 0.132815 0.119472
0.085045 0.128733 0.119734
0.094665 0.127843 0.119868
0.10317 0.127059 0.119988
0.11094 0.126345 0.120094
-0.257423 0.076258 0.083385
-0.264161 0.069039 0.079005
-0.264642 0.069018 0.076187
-0.261986 0.074188 0.070748
-0.263526 0.068438 0.07998
-0.262509 0.067471 0.081548
-0.258193 0.081866 0.070409
-0.260594 0.076116 0.067125
-0.03026 0.127998 0.070897
-0.029999 0.128118 0.071652
-0.029995 0.1286935 0.076756
-0.029865 0.12792 0.070233
-0.075841 0.12619 0.044585
-0.072097 0.12542 0.044811
-0.061325 0.124261 0.045037
-0.067068 0.124636 0.045009
-0.077713 0.126529 0.044493
-0.053527 0.124148 0.045094
-0.042332 0.124155 0.045376
-0.029787 0.121549 0.050617
-0.028805 0.123937 0.05891
-0.029123 0.126903 0.067012
-0.03233 0.12234 0.046888
-0.032393 0.124212 0.04568
-0.078603 0.126635 0.044444
-0.082198 0.128415 0.047898
-0.080079 0.127313 0.045411
-0.085158 0.131339 0.055293
-0.079408 0.126705 0.044345
-0.028805 0.127899 0.076957
-0.0887635 0.134726 0.066521
-0.092857 0.137142 0.0784015
-0.218284 0.103629 0.037846
-0.219082 0.103417 0.037769
-0.219937 0.103156 0.037613
-0.217133 0.103947 0.03791
-0.215232 0.10454 0.038009
-0.221554 0.102583 0.037267
-0.224634 0.10146 0.036603
-0.228512 0.099899 0.035763
-0.232524 0.097992 0.034887
-0.236804 0.095358 0.034032
-0.242943 0.100514 0.060054
-0.245874 0.097823 0.064709
-0.249427 0.093669 0.067471
-0.252938 0.088584 0.068297
-0.253926 0.088577 0.068587
-0.254322 0.088577 0.069498
-0.257571 0.082587 0.068361
-0.241163 0.101354 0.054453
-0.242943 0.097003 0.043829
-0.24545 0.092829 0.040665
-0.248798 0.087835 0.038772
-0.248671 0.087856 0.039393
-0.242363 0.09261 0.033142
-0.241459 0.091579 0.033269
-0.252443 0.079436 0.033898
-0.252478 0.080348 0.036059
-0.25209 0.0791255 0.0323615
-0.252443 0.08205 0.039527
-0.252464 0.0814 0.038235
-0.213304 0.105162 0.038108
-0.21211 0.106659 0.038376
-0.212103 0.10555 0.038171
-0.211701 0.108185 0.041682
-0.211517 0.107104 0.039019
-0.02777925 0.126919 0.07712475
-0.026453 0.127525 0.077141
-0.027696 0.132328 0.106052
-0.025238 0.1284995 0.077105
-0.25577 0.07565 0.084911
-0.256815 0.075657 0.084324
-0.249653 0.083222 0.085793
-0.253467 0.076427 0.085426
-0.228922 0.09297 0.096099
-0.229042 0.094171 0.098515
-0.229119 0.094934 0.100062
-0.229571 0.087566 0.101037
-0.229303 0.089537 0.098875
-0.229126 0.092447 0.098494
-0.229423 0.087884 0.099348
-0.229204 0.0884 0.0967
-0.229028 0.090611 0.095845
-0.25209 0.071271 0.085885
-0.249604 0.074103 0.086125
-0.26693 0.055696 0.119169
-0.268477 0.047968 0.120998
-0.270003 0.036808 0.122651
-0.271289 0.024157 0.123972
-0.265475 0.060556 0.117269
-0.264232 0.063105 0.115404
-0.263053 0.064511 0.113468
-0.261774 0.065945 0.111349
-0.259309 0.067916 0.107055
-0.25459 0.070925 0.098564
-0.250105 0.073644 0.090406
-0.248353 0.074746 0.0871
-0.248219 0.074082 0.086168
-0.248127 0.074725 0.086422
-0.267171 -0.05802 0.078864
-0.266535 -0.057497 0.079839
-0.26763 -0.0572 0.077635
-0.266556 -0.059722 0.072556
-0.263731 -0.067351 0.064659
-0.262487 -0.070572 0.063042
-0.265511 -0.056656 0.081407
-0.264501 -0.055823 0.082961
-0.261378 -0.072585 0.060909
-0.259768 -0.077338 0.065189
-0.263886 -0.055321 0.0839
-0.262346 -0.055519 0.084529
-0.26402 -0.047834 0.121125
-0.265507 -0.036808 0.1227395
-0.2667995 -0.024157 0.124057
-0.268124 -0.011966 0.124876
-0.268435 0 0.125166
-0.263038 -0.055223 0.119395
-0.261626 -0.059856 0.117551
-0.270102 0.011966 0.124834
-0.260284 -0.062689 0.115545
-0.258984 -0.064483 0.113447
-0.257705 -0.066002 0.111342
-0.255283 -0.06793 0.107111
-0.250557 -0.070939 0.098607
-0.246036 -0.073665 0.09042
-0.244249 -0.07476 0.087136
-0.244151 -0.074033 0.086267
-0.244454 -0.069639 0.086253
-0.244009 -0.074718 0.0865
-0.260354 -0.044437 0.085066
-0.256222 -0.032987 0.085539
-0.252485 -0.032987 0.085829
-0.249349 -0.044875 0.086005
-0.249611 -0.032987 0.085991
-0.246842 -0.044867 0.086154
-0.2442035 -0.058493 0.0862705
0.138706 -0.100726 0.211906
0.145311 -0.10021 0.212824
0.148744 -0.101383 0.210118
0.142973 -0.104865 0.202709
0.13694 -0.108976 0.193745
0.150149 -0.104095 0.204206
0.242222 -0.095781 0.202094
0.242646 -0.093443 0.204976
0.243112 -0.091247 0.207427
0.241516 -0.098331 0.199855
0.221971 -0.101291 0.204552
0.243402 -0.089233 0.208875
0.203422 -0.106426 0.207851
0.190263 -0.111575 0.210535
0.202264 -0.110367 0.207908
0.220622 -0.104342 0.203945
0.2432535 -0.086655 0.2086245
0.243345 -0.08448 0.209243
0.2436205 -0.0827525 0.210514
0.161331 -0.126995 0.170471
0.169475 -0.126458 0.170895
0.173452 -0.127278 0.175507
0.17348 -0.127362 0.174278
0.173812 -0.125879 0.172463
0.173084 -0.125907 0.171382
0.174165 -0.127073 0.176835
0.184972 -0.117735 0.210507
0.189825 -0.117127 0.209553
0.183757 -0.117883 0.210429
0.184351 -0.111201 0.20884
0.183496 -0.11344 0.209702
0.183164 -0.117933 0.20961
0.15325 -0.127412 0.170167
0.149796 -0.127588 0.170033
0.148963 -0.126938 0.170118
0.148737 -0.124869 0.170443
0.14868 -0.124339 0.169645
0.148249 -0.121613 0.168642
0.147317 -0.120553 0.168769
0.144181 -0.116725 0.176828
0.143912 -0.120468 0.168606
0.147974 -0.108799 0.194084
0.243684 -0.080863 0.210987
0.225171 -0.081223 0.216885
0.20770975 -0.080418 0.2223455
0.163662 -0.063988 0.233781
0.166826 -0.076964 0.231217
0.176772 -0.081259 0.2283
0.163747 -0.045171 0.235844
0.163407 0 0.237807
0.16357 -0.023338 0.237257
0.12412 -0.132731 0.135959
0.11883 -0.128415 0.129976
0.112932 -0.137265 0.152431
0.142153 -0.131339 0.163301
0.142944 -0.132801 0.161048
0.140409 -0.13415 0.15888
0.133119 -0.133691 0.159523
0.138735 -0.134814 0.157714
0.125851 -0.133522 0.159699
0.11950225 -0.13410275 0.1579455
0.142175 -0.130004 0.163944
0.142478 -0.12715 0.164227
0.144668 -0.123859 0.164432
0.143411 -0.122277 0.165195
0.13545 -0.117671 0.173967
0.132787 -0.11243 0.185721
0.136241 -0.120249 0.168218
0.143637 -0.121528 0.166445
0.143637 -0.140154 0.139886
0.144124 -0.141496 0.143856
0.140331 -0.138622 0.137265
0.136623 -0.136248 0.135598
0.144788 -0.141256 0.146596
0.141659 -0.140267 0.148652
0.12667 -0.141094 0.146483
0.134221 -0.140818 0.147338
0.139653 -0.139618 0.149662
0.119836 -0.1400625 0.14734675
0.13011 -0.131932 0.132625
0.118335 -0.125667 0.120193
-0.022179 -0.132081 0.106115
-0.011987 -0.131622 0.106228
0.025231 -0.129933 0.106645
0.00428 -0.13088 0.106412
0.049473 -0.128839 0.10692
0.071433 -0.12773 0.107217
0.085532 -0.126748 0.107514
0.095139 -0.125879 0.107803
0.103636 -0.125109 0.108065
0.111392 -0.12441 0.108298
-0.029448 -0.128033 0.070988
-0.029264 -0.12816 0.071808
-0.029095 -0.127949 0.070247
-0.077946 -0.126126 0.043497
-0.076067 -0.125943 0.043603
-0.07233 -0.125483 0.04385
-0.067301 -0.125031 0.044076
-0.061552 -0.124855 0.044119
-0.053732 -0.124827 0.044182
-0.042459 -0.124834 0.044458
-0.032443 -0.124855 0.044762
-0.027823 -0.12376 0.058853
-0.028205 -0.126712 0.067068
-0.028275 -0.127744 0.070339
-0.02973 -0.124233 0.045757
-0.028367 -0.12424 0.0458
-0.027435 -0.121372 0.050511
-0.027336 -0.123689 0.045616
-0.027322 -0.122036 0.046824
-0.029766 -0.124862 0.044839
-0.078836 -0.126183 0.043434
-0.084402 -0.126953 0.044437
-0.081499 -0.127172 0.044903
-0.080453 -0.126748 0.044189
-0.079641 -0.126225 0.043335
-0.086825 -0.1309685 0.0548975
-0.0864685 -0.126917 0.045026
-0.028551 -0.127949 0.071928
-0.027746 -0.127263 0.072055
-0.027032 -0.126493 0.072168
-0.162009 -0.132519 0.111031
-0.146137 -0.13473 0.112741
-0.131939 -0.136121 0.110466
-0.119416 -0.136877 0.105232
-0.17675 -0.129976 0.106581
-0.187529 -0.127595 0.10062
-0.195617 -0.125158 0.093415
-0.108531 -0.137181 0.098084
-0.099716 -0.136813 0.089057
-0.202264 -0.122453 0.085193
-0.207244 -0.119494 0.076124
-0.0263995 -0.1260835 0.0722425
-0.025422 -0.12691 0.072217
-0.02509 -0.130209 0.090244
-0.024574 -0.127772 0.072182
-0.210337 -0.116315 0.066348
-0.21941775 -0.097376 0.03765575
-0.217175 -0.098098 0.037868
-0.215247 -0.098748 0.037981
-0.221576 -0.09665 0.037239
-0.227834 -0.094072 0.03596
-0.224309 -0.095584 0.036681
-0.213318 -0.099405 0.038094
-0.21175 -0.1000425 0.03844125
-0.231726 -0.092193 0.035198
-0.25897 -0.077995 0.06437
-0.256907 -0.082968 0.067442
-0.255728 -0.083088 0.06716
-0.24379 -0.097823 0.064751
-0.246884 -0.093669 0.06752
-0.249907 -0.088577 0.068361
-0.252288 -0.083088 0.067224
-0.241205 -0.100514 0.060089
-0.244807 -0.092786 0.040905
-0.247944 -0.08787 0.039612
-0.242342 -0.096926 0.044055
-0.241043 -0.09997 0.048844
-0.239616 -0.101354 0.054481
-0.251235 -0.082488 0.040417
-0.252125 -0.082375 0.040184
-0.235978 -0.089629 0.034413
-0.246241 -0.086076 0.032619
-0.240605 -0.086041 0.033644
-0.25589 -0.0707835 0.0320825
-0.257119 -0.069908 0.034738
-0.256335 -0.073856 0.038616
-0.256074 -0.075728 0.041004
-0.255389 -0.077529 0.042967
-0.255869 -0.076908 0.042346
-0.211651 -0.106603 0.03856
-0.211482 -0.105833 0.038404
-0.211312 -0.106143 0.039026
-0.211496 -0.10721 0.041689
-0.211927 -0.109753 0.048032
-0.211814 -0.11303 0.056706
0.16648 0.115962 0.192813
0.175119 0.115828 0.192297
0.184294 0.10858 0.211757
0.18243975 0.11081975 0.2054055
0.183567 0.109576 0.210874
0.157509 0.116421 0.193251
0.153098 0.1164845 0.19276
0.152261 0.113412 0.192297
0.151283 0.1102825 0.191831
0.138191 0.099002 0.216101
0.147825 0.099278 0.2149
0.15212 0.099822 0.213452
0.126515 0.101934 0.209278
0.152572 0.102689 0.207201
0.191725 0.104703 0.211446
0.185686 0.108135 0.2118
0.190983 0.107627 0.21062
0.204503 0.103375 0.208628
0.243105 0.091247 0.207427
0.242646 0.093443 0.204976
0.242222 0.095781 0.202094
0.241516 0.098331 0.199855
0.221971 0.101291 0.204552
0.243402 0.089233 0.208875
0.2432535 0.086655 0.2086245
0.243345 0.08448 0.209243
0.2436205 0.0827525 0.210514
0.243684 0.080863 0.210987
0.225171 0.081223 0.216885
0.20770975 0.080418 0.2223455
0.163662 0.063988 0.233781
0.166826 0.076964 0.231217
0.176772 0.081259 0.2283
0.163747 0.045171 0.235844
0.16357 0.023338 0.237257
0.12412 0.132731 0.135959
0.11883 0.128415 0.129976
0.112932 0.137265 0.152431
0.142153 0.131339 0.163301
0.142944 0.132801 0.161048
0.140409 0.13415 0.15888
0.138735 0.134814 0.157714
0.133119 0.133691 0.159523
0.125851 0.133522 0.159699
0.11949875 0.13410275 0.1579455
0.144124 0.141496 0.143856
0.143637 0.140154 0.139886
0.140331 0.138622 0.137265
0.136623 0.136248 0.135598
0.144788 0.141256 0.146596
0.141659 0.140267 0.148652
0.12667 0.141094 0.146483
0.134221 0.140818 0.147338
0.139653 0.139618 0.149662
0.119836 0.1400625 0.14734675
0.13011 0.131932 0.132625
0.142175 0.130004 0.163944
0.142478 0.12715 0.164227
0.143411 0.122277 0.165195
0.144668 0.123859 0.164432
0.13545 0.117671 0.173967
0.132787 0.11243 0.185721
0.136241 0.120249 0.168218
0.143637 0.121528 0.166445
0.13694 0.108976 0.193745
0.118335 0.125667 0.1202
-0.022179 0.132081 0.106115
-0.011987 0.131622 0.106228
0.049473 0.128839 0.10692
0.025231 0.129933 0.106645
0.071433 0.12773 0.107217
0.00428 0.13088 0.106412
0.085532 0.126748 0.107514
0.095139 0.125879 0.107803
0.103636 0.125109 0.108065
0.111392 0.12441 0.108298
-0.261491 0.06651 0.083102
-0.267171 0.05802 0.078864
-0.26763 0.0572 0.077635
-0.266556 0.059722 0.072556
-0.263731 0.067351 0.064659
-0.26248 0.070572 0.063042
-0.266535 0.057497 0.079839
-0.265511 0.056656 0.081407
-0.259768 0.077338 0.065189
-0.261378 0.072585 0.060909
-0.029448 0.128033 0.070988
-0.029264 0.12816 0.071808
-0.029095 0.127949 0.070247
-0.076067 0.125943 0.043603
-0.07233 0.125483 0.04385
-0.067301 0.125031 0.044076
-0.061552 0.124848 0.044119
-0.053732 0.124827 0.044182
-0.077939 0.126126 0.043497
-0.042459 0.124834 0.044458
-0.032443 0.124855 0.044762
-0.028205 0.126712 0.067068
-0.027823 0.12376 0.058853
-0.028445 0.121598 0.050667
-0.028346 0.122425 0.047015
-0.029695 0.122397 0.046972
-0.028275 0.127744 0.070339
-0.02973 0.124233 0.045757
-0.029766 0.124862 0.044839
-0.078836 0.126183 0.043434
-0.081499 0.127172 0.044903
-0.084402 0.126953 0.044437
-0.080453 0.126748 0.044189
-0.0864685 0.126917 0.045026
-0.086825 0.1309685 0.0548975
-0.079641 0.126232 0.043335
-0.028551 0.127949 0.071928
-0.027746 0.127263 0.072055
-0.146137 0.13473 0.112741
-0.131939 0.136121 0.110459
-0.162009 0.132519 0.111031
-0.17675 0.129976 0.106581
-0.119416 0.136877 0.105232
-0.187529 0.127595 0.100627
-0.195617 0.125158 0.093415
-0.108531 0.137181 0.098091
-0.099716 0.136813 0.089057
-0.202264 0.122453 0.085193
-0.207244 0.119494 0.076124
-0.210337 0.116315 0.066348
-0.217175 0.098098 0.037868
-0.21941775 0.097376 0.03765575
-0.215247 0.098748 0.037981
-0.213318 0.099405 0.038094
-0.221576 0.09665 0.037239
-0.227834 0.094072 0.03596
-0.224309 0.095584 0.036681
-0.231726 0.092193 0.035198
-0.235978 0.089629 0.034413
-0.241205 0.100514 0.060089
-0.24379 0.097823 0.064751
-0.246884 0.093669 0.06752
-0.249907 0.088577 0.068361
-0.255728 0.083088 0.06716
-0.256907 0.082968 0.06745
-0.252288 0.083088 0.067224
-0.25897 0.077995 0.06437
-0.241043 0.09997 0.048844
-0.239616 0.101354 0.054481
-0.242342 0.096926 0.044055
-0.244815 0.092786 0.040905
-0.247944 0.08787 0.039612
-0.251235 0.082488 0.040417
-0.252125 0.082375 0.040184
-0.240605 0.086041 0.033644
-0.246241 0.086076 0.032619
-0.25589 0.0707835 0.0320825
-0.257119 0.069908 0.034738
-0.256335 0.073856 0.038616
-0.256074 0.075728 0.041004
-0.255869 0.076908 0.042346
-0.255389 0.077529 0.042967
-0.21175 0.10004425 0.03844125
-0.211651 0.106603 0.03856
-0.211482 0.105833 0.038404
-0.211312 0.106151 0.039026
-0.211496 0.10721 0.041689
-0.211927 0.109753 0.048032
-0.211814 0.11303 0.056706
-0.027032 0.126493 0.072168
-0.025422 0.12691 0.072217
-0.0263995 0.1260835 0.0722425
-0.02509 0.130209 0.090244
-0.024574 0.127772 0.072182
-0.260884 0.065938 0.084042
-0.2595 0.066284 0.08467
-0.25618 0.068099 0.085299
-0.229155 0.090872 0.097787
-0.254251 0.058133 0.085688
-0.25031 0.069745 0.086048
-0.24853 0.069717 0.086111
-0.264953 0.055456 0.119289
-0.266457 0.047912 0.121055
-0.267969 0.036808 0.122693
-0.269254 0.024157 0.124007
-0.263526 0.060202 0.117417
-0.262233 0.062894 0.115474
-0.26099 0.064497 0.113454
-0.259711 0.06598 0.111349
-0.257267 0.067923 0.107083
-0.252549 0.070932 0.098586
-0.24805 0.073658 0.090413
-0.246284 0.074753 0.087114
-0.246128 0.074054 0.086217
-0.246368 0.069675 0.086189
-0.246051 0.074725 0.086457
-0.269374 -0.046414 0.078801
-0.268739 -0.045998 0.079775
-0.269664 -0.046386 0.077579
-0.268138 -0.054036 0.075311
-0.267418 -0.054347 0.070466
-0.265659 -0.057787 0.063014
-0.264847 -0.062378 0.064222
-0.262141 -0.066899 0.053697
-0.262925 -0.063614 0.053683
-0.261386 -0.069441 0.053577
-0.267721 -0.045327 0.081336
-0.266711 -0.044663 0.08289
-0.26075 -0.071327 0.053443
-0.2607 -0.073934 0.059793
-0.264458 -0.044168 0.084451
-0.266097 -0.044253 0.08383
-0.266762375 -0.01196425 0.124857375
-0.266720125 0 0.124982875
-0.268124 0.011966 0.124876
-0.266762375 0.01196425 0.124857375
-0.26183775 -0.0550745 0.11946875
-0.260714 -0.059687 0.117622
-0.259344 -0.06259 0.115573
-0.258016 -0.064476 0.11344
-0.256738 -0.066023 0.111342
-0.2539485 -0.067868 0.107125875
-0.249216625 -0.07087375 0.09861925
-0.24468825 -0.0736075 0.090427
-0.243268 -0.074767 0.087143
-0.243395 -0.069618 0.086288
-0.243112 -0.074019 0.086295
-0.243006 -0.074718 0.086514
-0.261428 -0.032987 0.085031
-0.256399 -0.021996 0.085546
-0.252613 -0.021996 0.085836
-0.249801 -0.021996 0.085991
-0.246997 -0.032987 0.086147
-0.247124 -0.021996 0.08614
-0.244415 -0.0448635 0.086274
0.26087 -0.09261 0.19715
0.260976 -0.090385 0.199686
0.261273 -0.088202 0.201925
0.240209 -0.101157 0.199361
0.255848 -0.099447 0.193964
0.261251 -0.095718 0.193788
0.261477 -0.086175 0.203281
0.219103 -0.108072 0.204093
0.201324 -0.115686 0.207279
0.217669 -0.11279 0.203733
0.23862 -0.104307 0.199438
0.261209 -0.0836005 0.20303
0.261357 -0.081421 0.203634
0.2617525 -0.079708 0.204863
0.161154 -0.127857 0.16903
0.173635 -0.126621 0.169984
0.174554 -0.129404 0.177061
0.17449 -0.129086 0.177937
0.17538 -0.129319 0.176814
0.174497 -0.127157 0.173953
0.179251 -0.1247665 0.172244
0.179449 -0.117509 0.192446
0.175394 -0.126889 0.177485
0.175098 -0.128648 0.178891
0.183976 -0.123944 0.206749
0.188801 -0.12316 0.206022
0.200046 -0.121344 0.204319
0.182712 -0.123993 0.206664
0.183327 -0.11392 0.201402
0.184704 -0.113214 0.206276
0.184308 -0.1138 0.208861
0.183249 -0.117968 0.208536
0.182154 -0.123619 0.205902
0.153052 -0.128238 0.168698
0.148857 -0.127355 0.16891
0.149634 -0.128358 0.168627
0.148525 -0.124791 0.16814
0.14791 -0.122602 0.166685
0.146971 -0.121598 0.166664
0.261852 -0.077868 0.205322
0.243706 -0.078652 0.211348
0.22513375 -0.0782935 0.21718175
0.19099 -0.080736 0.224733
0.162839 -0.0638685 0.2312665
0.162931 -0.045065 0.233329
0.1660065 -0.0768405 0.22871
0.1759525 -0.081142 0.2257855
0.1901715 -0.080616 0.222218
0.162747 -0.023281 0.234742
0.162592 0 0.235293
0.124749 -0.12874 0.128337
0.113313 -0.136919 0.152247
0.144696 -0.131021 0.163316
0.145286 -0.132568 0.160441
0.145212 -0.137103 0.153914
0.143142 -0.137195 0.153865
0.14103 -0.137202 0.153773
0.140041 -0.137209 0.153723
0.1377665 -0.1351495 0.1570045
0.1326035 -0.134048 0.1587735
0.125948 -0.13364025 0.15888
0.114945 -0.135111 0.155567
0.144661 -0.129969 0.163973
0.14483 -0.127963 0.164276
0.145092 -0.127108 0.164163
0.146017 -0.126105 0.16381
0.146427 -0.123527 0.164785
0.145731 -0.1266345 0.163662
0.145367 -0.127334 0.163888
0.14661 -0.122298 0.16547
0.1458365 -0.1397235 0.13889
0.142457 -0.13741875 0.12580675
0.146886 -0.141277 0.143983
0.140176 -0.136658 0.125123
0.137004 -0.134454 0.124148
0.1471155 -0.140352 0.1471085
0.126691 -0.14044775 0.14700425
0.1334085 -0.14008 0.1479615
0.1385225 -0.1391905 0.150195
0.114931 -0.138699 0.149069
0.131784 -0.13023 0.122411
0.118773 -0.123739 0.108517
0.125293 -0.124495 0.108672
0.125307 -0.126479 0.1208
-0.019672 -0.129962 0.090455
-0.009677 -0.129503 0.090844
0.026841 -0.127814 0.092242
0.006287 -0.128761 0.091451
0.050631 -0.126712 0.093161
0.072041 -0.125625 0.094051
0.085462 -0.124685 0.094771
0.094369 -0.123873 0.095365
0.102244 -0.12316 0.095894
0.109428 -0.122503 0.096375
0.11628 -0.121881 0.096834
-0.029031 -0.128047 0.071038
-0.078313 -0.125194 0.041795
-0.076441 -0.12501 0.041901
-0.072705 -0.124593 0.042155
-0.067669 -0.12417 0.042388
-0.061919 -0.123944 0.042438
-0.042657 -0.123894 0.042784
-0.05405 -0.123873 0.042508
-0.032513 -0.123951 0.04308
-0.029801 -0.123965 0.043158
-0.027421 -0.12708 0.070473
-0.027301 -0.126063 0.067118
-0.026898 -0.123138 0.058613
-0.027491 -0.127157 0.071257
-0.028311 -0.127836 0.071137
-0.028388 -0.124862 0.044882
-0.02735 -0.124268 0.044705
-0.026488 -0.120624 0.049967
-0.026361 -0.120829 0.046188
-0.026375 -0.122036 0.044995
-0.026389 -0.122503 0.044126
-0.028409 -0.123972 0.0432
-0.07921 -0.125257 0.041738
-0.082742 -0.12566 0.041922
-0.085596 -0.123753 0.038475
-0.086789 -0.123816 0.038433
-0.082085 -0.126769 0.043985
-0.080574 -0.126303 0.043278
-0.081859 -0.126437 0.043349
-0.080016 -0.125293 0.041639
-0.026771 -0.126409 0.071363
-0.09338 -0.135549 0.078158
-0.089332 -0.133176 0.066404
-0.162009 -0.125363 0.111031
-0.146137 -0.127454 0.112741
-0.131939 -0.128775 0.110459
-0.119416 -0.129488 0.105232
-0.108538 -0.129771 0.098084
-0.17675 -0.122955 0.106581
-0.187529 -0.120708 0.100627
-0.195617 -0.118399 0.093415
-0.099716 -0.129425 0.089057
-0.202264 -0.115842 0.085193
-0.207244 -0.113045 0.076116
-0.025916 -0.126048 0.071433
-0.026347 -0.125971 0.071426
-0.025174 -0.126847 0.071391
-0.022709 -0.128542 0.077254
-0.023889 -0.128047 0.072196
-0.024348 -0.127715 0.071342
-0.210337 -0.110036 0.066348
-0.2179025 -0.0830385 0.037716
-0.219923 -0.0822615 0.037486
-0.215296 -0.084084 0.037917
-0.213339 -0.084868 0.038058
-0.221851 -0.081541 0.037126
-0.224422 -0.080496 0.036638
-0.227756 -0.079055 0.036017
-0.211757 -0.085596 0.03844125
-0.231514 -0.07731 0.035339
-0.257663 -0.078214 0.064116
-0.258595 -0.074951 0.059221
-0.259938 -0.074697 0.059348
-0.253905 -0.078214 0.064186
-0.239693 -0.097823 0.064829
-0.241579 -0.093669 0.067619
-0.243409 -0.088584 0.068481
-0.244822 -0.083088 0.067372
-0.245768 -0.078214 0.064342
-0.238097 -0.100514 0.060146
-0.248417 -0.082488 0.040467
-0.245606 -0.08787 0.039662
-0.242858 -0.092786 0.04094
-0.240661 -0.096926 0.04409
-0.23951 -0.09997 0.048872
-0.237094 -0.101354 0.05453
-0.251023 -0.077734 0.043257
-0.254315 -0.077734 0.043193
-0.23571 -0.075078 0.034632
-0.250896 -0.078278 0.032125
-0.245373 -0.080997 0.032958
-0.240343 -0.072154 0.033898
-0.258299 -0.064327 0.032238
-0.257861 -0.064271 0.031666
-0.254696 -0.070197 0.031779
-0.25868 -0.063805 0.033467
-0.259902 -0.06788 0.043879
-0.259224 -0.065175 0.037712
-0.259323 -0.070381 0.044952
-0.258906 -0.072373 0.046443
-0.256815 -0.07469 0.047834
-0.25803 -0.074442 0.047686
-0.258602 -0.073694 0.047283
-0.211496 -0.101425 0.041696
-0.211927 -0.103827 0.048039
-0.211814 -0.106928 0.056713
0.171707 0.124862 0.174554
0.162715 0.123852 0.176701
0.17476225 0.1238305 0.17980175
0.1782335 0.1167885 0.192417
0.185269 0.112084 0.211623
0.184061 0.112359 0.211574
0.18356 0.110615 0.209709
0.183447 0.112889 0.210768
0.15443 0.12429 0.176602
0.1503855 0.1241345 0.1763975
0.149662 0.121125 0.176355
0.148733 0.1182365 0.174917
0.145311 0.10021 0.212824
0.138706 0.100726 0.211906
0.148744 0.101383 0.210118
0.142973 0.104865 0.202709
0.150149 0.104095 0.204206
0.203422 0.106426 0.207851
0.190263 0.111575 0.210535
0.202264 0.110367 0.207908
0.220622 0.104342 0.203945
0.260976 0.090385 0.199686
0.261273 0.088202 0.201925
0.26087 0.09261 0.19715
0.240209 0.101157 0.199361
0.255848 0.099447 0.193964
0.261251 0.095718 0.193788
0.261477 0.086175 0.203281
0.261209 0.0836005 0.20303
0.261357 0.081421 0.203634
0.2617525 0.079708 0.204863
0.261852 0.077868 0.205322
0.243706 0.078652 0.211348
0.22513375 0.0782935 0.21718175
0.19099 0.080736 0.224733
0.162931 0.045065 0.233329
0.162839 0.063872 0.2312665
0.1660065 0.0768405 0.22871
0.1759525 0.081142 0.2257855
0.1901715 0.080616 0.222218
0.162747 0.023281 0.234742
0.124749 0.12874 0.128337
0.113313 0.136919 0.152247
0.145212 0.137103 0.153914
0.145286 0.132568 0.160441
0.144696 0.131021 0.163316
0.143142 0.137195 0.153858
0.14103 0.137202 0.153773
0.140041 0.137216 0.153723
0.1377665 0.1351495 0.1570045
0.1326035 0.134048 0.1587735
0.125948 0.13364025 0.15888
0.114945 0.135111 0.155567
0.146886 0.141277 0.143983
0.142457 0.13741875 0.12580675
0.1458365 0.1397235 0.13889
0.140176 0.136658 0.125123
0.137004 0.134454 0.124148
0.1471155 0.140352 0.1471085
0.126691 0.14044775 0.14700425
0.1334085 0.14008 0.147965
0.1385225 0.1391905 0.150195
0.114931 0.138699 0.149069
0.131784 0.13023 0.122411
0.144661 0.129969 0.163973
0.14483 0.127963 0.164276
0.145092 0.127108 0.164163
0.146427 0.123527 0.164785
0.146017 0.126105 0.16381
0.145622 0.126493 0.163782
0.145367 0.127334 0.163888
0.14661 0.122298 0.165463
0.143912 0.120468 0.168606
0.144181 0.116725 0.176828
0.146971 0.121598 0.166664
0.147974 0.108799 0.194084
0.118773 0.123739 0.108517
0.125307 0.126479 0.1208
0.125293 0.124495 0.108672
-0.019672 0.129962 0.090455
-0.009677 0.129503 0.090844
0.050631 0.126712 0.093161
0.026841 0.127814 0.092242
0.006287 0.128761 0.091451
0.072041 0.125625 0.094051
0.085462 0.124685 0.094764
0.094369 0.123873 0.095365
0.102244 0.12316 0.095894
0.109428 0.122503 0.096375
0.11628 0.121881 0.096834
-0.264501 0.055823 0.082961
-0.269374 0.046414 0.078801
-0.269664 0.046386 0.077579
-0.268138 0.054036 0.075311
-0.267418 0.054347 0.070466
-0.265659 0.057794 0.063014
-0.264847 0.062378 0.064222
-0.262141 0.066899 0.053697
-0.262925 0.063614 0.053683
-0.261386 0.069441 0.053577
-0.268739 0.045998 0.079775
-0.267721 0.045327 0.081336
-0.2607 0.073934 0.059793
-0.26075 0.071327 0.053443
-0.029031 0.128047 0.071038
-0.076441 0.12501 0.041901
-0.072705 0.124593 0.042155
-0.067669 0.12417 0.042388
-0.061919 0.123944 0.042438
-0.042657 0.123894 0.042784
-0.05405 0.123873 0.042508
-0.078313 0.125194 0.041795
-0.032513 0.123951 0.04308
-0.029801 0.123965 0.043158
-0.027421 0.12708 0.070473
-0.027301 0.126063 0.067118
-0.027435 0.121372 0.050511
-0.026898 0.123138 0.058613
-0.027322 0.122036 0.046824
-0.027336 0.123689 0.045616
-0.028367 0.12424 0.0458
-0.028311 0.127836 0.071137
-0.027491 0.127157 0.071257
-0.028388 0.124862 0.044882
-0.028409 0.123972 0.0432
-0.07921 0.125257 0.041738
-0.082085 0.126769 0.043985
-0.082742 0.12566 0.041922
-0.085596 0.123753 0.038475
-0.086789 0.123816 0.038433
-0.081859 0.126437 0.043349
-0.080574 0.126303 0.043278
-0.080016 0.125293 0.041639
-0.09338 0.135549 0.078158
-0.089332 0.133176 0.066404
-0.146137 0.127454 0.112748
-0.131939 0.128775 0.110459
-0.119416 0.129488 0.105232
-0.162009 0.125363 0.111031
-0.17675 0.122955 0.106581
-0.108538 0.129771 0.098084
-0.187529 0.120708 0.100627
-0.195617 0.118399 0.093415
-0.099716 0.129425 0.089057
-0.202264 0.115842 0.085193
-0.207244 0.113045 0.076124
-0.210337 0.110036 0.066348
-0.215296 0.084084 0.037917
-0.2179025 0.0830385 0.037716
-0.219923 0.0822615 0.0374825
-0.213339 0.084868 0.038058
-0.211757 0.085596 0.03844125
-0.221851 0.081541 0.037126
-0.224429 0.080496 0.036638
-0.227756 0.079055 0.036017
-0.231514 0.07731 0.035339
-0.23571 0.075078 0.034632
-0.238097 0.100514 0.060146
-0.239693 0.097823 0.064829
-0.241579 0.093662 0.067619
-0.243409 0.088584 0.068481
-0.244822 0.083088 0.067372
-0.253905 0.078214 0.064186
-0.257663 0.078214 0.064116
-0.245768 0.078214 0.064342
-0.258595 0.074951 0.059228
-0.259938 0.074697 0.059348
-0.240661 0.096926 0.04409
-0.23951 0.09997 0.048872
-0.237094 0.101354 0.05453
-0.242858 0.092786 0.04094
-0.245606 0.08787 0.039662
-0.248417 0.082488 0.040467
-0.254315 0.077734 0.043193
-0.251023 0.077734 0.043257
-0.250896 0.078278 0.032125
-0.245373 0.080997 0.032958
-0.240343 0.072154 0.033898
-0.258299 0.064327 0.032238
-0.257861 0.064271 0.031673
-0.25868 0.063805 0.033467
-0.259902 0.06788 0.043879
-0.259224 0.065175 0.037712
-0.259323 0.070374 0.044945
-0.258906 0.072373 0.046443
-0.254696 0.070197 0.031779
-0.256815 0.07469 0.047834
-0.25803 0.074442 0.047686
-0.258602 0.073694 0.047283
-0.211496 0.101425 0.041696
-0.211927 0.103827 0.048039
-0.211814 0.106928 0.056713
-0.026771 0.126409 0.071363
-0.025174 0.126847 0.071391
-0.025916 0.126048 0.071433
-0.026347 0.125971 0.071426
-0.022709 0.128542 0.077254
-0.023889 0.12804 0.072196
-0.024348 0.127715 0.071342
-0.262346 0.055519 0.084529
-0.263886 0.055321 0.0839
-0.258539 0.056784 0.085172
-0.255622 0.044776 0.085567
-0.251271 0.058571 0.085942
-0.252118 0.044882 0.08585
-0.248947 0.05855 0.086055
-0.246623 0.058521 0.086168
-0.263038 0.055223 0.119395
-0.26402 0.047834 0.121125
-0.265507 0.036808 0.122736
-0.2667995 0.024157 0.124057
-0.261626 0.059856 0.117551
-0.260284 0.062689 0.115545
-0.258984 0.064483 0.113447
-0.257705 0.066009 0.111342
-0.255283 0.06793 0.107111
-0.250557 0.070939 0.098607
-0.246036 0.073665 0.09042
-0.244249 0.07476 0.087136
-0.244454 0.069639 0.086253
-0.244151 0.074033 0.086267
-0.244009 0.074718 0.0865
-0.271048 -0.034809 0.078744
-0.271282 -0.035 0.077536
-0.270413 -0.034498 0.079712
-0.269643 -0.045708 0.075283
-0.268534 -0.050695 0.072945
-0.266005 -0.055731 0.062321
-0.267721 -0.052115 0.069265
-0.263928 -0.059093 0.053598
-0.263582 -0.060654 0.053619
-0.260722 -0.065041 0.044309
-0.261499 -0.062562 0.045312
-0.269396 -0.033997 0.08128
-0.268385 -0.033495 0.082834
-0.260319 -0.072634 0.053414
-0.265984 -0.033043 0.084402
-0.267771 -0.033191 0.083773
-0.2626675 -0.0477405 0.12095925
-0.263933875 -0.03676725 0.122394125
-0.265215625 -0.02413775 0.123721
-0.265215625 0.02413775 0.123721
-0.2601705 -0.059588 0.1176605
-0.25879 -0.0625295 0.1155945
-0.257607 -0.064469 0.11344
-0.255987 -0.06587975 0.111349
-0.242685 -0.074767 0.087143
-0.242474875 -0.069476 0.086767375
-0.24259 -0.074012 0.086309
-0.242561 -0.074718 0.086521
-0.262 -0.021996 0.085017
-0.256505 -0.010998 0.085546
-0.252733 -0.010998 0.085829
-0.249985 -0.010998 0.085984
-0.247251 -0.010998 0.086133
-0.244493 -0.032987 0.0862775
-0.245033 -0.021996 0.086253
-0.242831125 -0.058435625 0.08678575
0.276523 -0.089516 0.192933
0.276664 -0.087425 0.19508
0.277144 -0.08525 0.196867
0.254287 -0.101792 0.194113
0.261216 -0.101764 0.187649
0.259591 -0.103269 0.188264
0.265906 -0.099589 0.186887
0.276558 -0.092278 0.190016
0.277512 -0.083173 0.197884
0.237059 -0.107803 0.198958
0.216193 -0.117657 0.201409
0.23571 -0.111272 0.197023
0.252782 -0.103933 0.193724
0.277293 -0.081372 0.197722
0.277067 -0.079804 0.197454
0.27742 -0.078405 0.198153
0.278006 -0.0766885 0.199297
0.160999 -0.128895 0.167278
0.193357 -0.123456 0.171552
0.174208 -0.12785 0.168168
0.192982 -0.125681 0.169722
0.17567 -0.131332 0.182613
0.175804 -0.131947 0.182147
0.176673 -0.131954 0.18202
0.180791 -0.128019 0.177146
0.180332 -0.125794 0.174398
0.1945325 -0.121542 0.1735365
0.177683 -0.122828 0.183447
0.180197 -0.118476 0.19116
0.177217 -0.125356 0.18019
0.17627 -0.128358 0.179364
0.176199 -0.13059 0.183115
0.181455 -0.129538 0.198654
0.186336 -0.128577 0.198266
0.197899 -0.126303 0.197383
0.214569 -0.121839 0.195659
0.180282 -0.12951 0.198605
0.183411 -0.118547 0.200046
0.181568 -0.119366 0.193463
0.184697 -0.114803 0.207307
0.184506 -0.118243 0.205464
0.184075 -0.11806 0.207724
0.182302 -0.123167 0.204941
0.179858 -0.128824 0.198174
0.152918 -0.129213 0.16696
0.148751 -0.128012 0.16754
0.149521 -0.129199 0.167095
0.148263 -0.125611 0.166558
0.147472 -0.12323 0.165548
0.278183 -0.074831 0.199728
0.261908 -0.075742 0.205668
0.2436845 -0.0758515 0.21164075
0.206975 -0.079224 0.220233
0.2061485 -0.0791045 0.217719
0.114189 -0.13574 0.151604
0.145028 -0.130633 0.163083
0.146275 -0.1366335 0.153833
0.139632 -0.137103 0.153632
0.115708 -0.134009 0.15479
0.144979 -0.12946 0.163768
0.145403 -0.129107 0.163443
0.146617 -0.126176 0.164234
0.146349 -0.128245 0.163132
0.147091 -0.124219 0.165039
0.145805 -0.1285 0.163174
0.146059 -0.128337 0.16297
0.138768 -0.134604 0.10892125
0.147296 -0.140832 0.144082
0.136721 -0.134023 0.108715
0.134228 -0.132038 0.108693
0.115708 -0.137449 0.14856
0.130428 -0.128062 0.108708
0.122375 -0.122566 0.096579
0.127327 -0.125851 0.094913
-0.01739 -0.128316 0.077586
-0.007565 -0.127899 0.078193
0.028311 -0.12638 0.080411
0.008116 -0.127235 0.079161
0.051684 -0.125392 0.081859
0.072613 -0.124431 0.083222
0.08549 -0.123661 0.084232
0.093846 -0.123018 0.085017
0.101241 -0.12246 0.085709
0.107987 -0.121945 0.086344
0.114415 -0.121457 0.086945
0.119734 -0.122383 0.088824
-0.079048 -0.123124 0.038383
-0.077169 -0.122835 0.038475
-0.073432 -0.122234 0.038687
-0.068396 -0.121598 0.038878
-0.062632 -0.121196 0.038941
-0.054672 -0.121019 0.039026
-0.043038 -0.121069 0.039301
-0.032655 -0.121196 0.039577
-0.029886 -0.121231 0.039655
-0.028459 -0.121245 0.03969
-0.02623225 -0.12515125 0.06720775
-0.026686 -0.126345 0.070593
-0.02581525 -0.12226225 0.05841
-0.027371 -0.123421 0.043052
-0.0254055 -0.119633 0.0494695
-0.025619 -0.120369 0.044401
-0.025605 -0.119585 0.045574
-0.025634 -0.12073 0.043561
-0.02641 -0.121761 0.042551
-0.079938 -0.123237 0.038334
-0.083717 -0.123562 0.038355
-0.081866 -0.123364 0.038228
-0.081075 -0.125399 0.041654
-0.08472 -0.120772 0.034173
-0.086662 -0.120857 0.034074
-0.087432 -0.123421 0.038341
-0.087877 -0.120892 0.033983
-0.080743 -0.123287 0.038249
-0.08739 -0.129474 0.054813
-0.087015 -0.125483 0.044938
-0.026262 -0.125907 0.070671
-0.09338 -0.128231 0.078158
-0.089332 -0.125985 0.066404
-0.162009 -0.107323 0.111031
-0.146137 -0.109117 0.112741
-0.131939 -0.11024 0.110466
-0.119416 -0.110855 0.105232
-0.108531 -0.111095 0.098091
-0.17675 -0.105261 0.106581
-0.187529 -0.103332 0.10062
-0.195617 -0.101361 0.093415
-0.099716 -0.110798 0.089057
-0.202264 -0.099172 0.085193
-0.207244 -0.096777 0.076124
-0.025831 -0.125992 0.070671
-0.02509 -0.126797 0.070593
-0.021727 -0.127984 0.072316
-0.02367 -0.127998 0.071334
-0.02427 -0.127673 0.070501
-0.210337 -0.094199 0.066348
-0.21536 -0.065006 0.037825
-0.2180825 -0.063907 0.0375635
-0.2202935 -0.063056 0.037292
-0.213375 -0.065818 0.038016
-0.21176275 -0.066547 0.03843775
-0.222254 -0.062343 0.036963
-0.224754 -0.061403 0.03654
-0.227975 -0.06016 0.035996
-0.231606 -0.058726 0.035402
-0.254682 -0.074951 0.059298
-0.258369 -0.073658 0.053471
-0.259669 -0.073404 0.053443
-0.246192 -0.074951 0.059461
-0.235759 -0.097823 0.064907
-0.236423 -0.093669 0.067718
-0.237052 -0.088577 0.068608
-0.237518 -0.083088 0.067513
-0.2378 -0.078214 0.064497
-0.237885 -0.074951 0.059623
-0.235166 -0.100514 0.060202
-0.2423 -0.082488 0.040587
-0.243882 -0.077734 0.043391
-0.240612 -0.08787 0.039753
-0.238959 -0.092786 0.041011
-0.237652 -0.096926 0.044147
-0.236988 -0.09997 0.048922
-0.234763 -0.101354 0.054573
-0.253149 -0.07469 0.047905
-0.245189 -0.07469 0.04806
-0.235717 -0.057024 0.03476
-0.250027 -0.074047 0.0324
-0.245154 -0.068347 0.033199
-0.240372 -0.054975 0.034074
-0.259598 -0.058655 0.032196
-0.259175 -0.058585 0.031623
-0.256936 -0.063854 0.031616
-0.253884 -0.066913 0.031998
-0.259916 -0.058451 0.033418
-0.259429 -0.062498 0.035487
-0.260135 -0.062908 0.039485
-0.25447 -0.073658 0.053549
-0.211496 -0.086839 0.041724
-0.211496 -0.067563 0.041767
-0.211927 -0.088894 0.04806
-0.211814 -0.091543 0.056713
0.169475 0.126458 0.170895
0.173452 0.127285 0.175507
0.17348 0.127362 0.174278
0.173812 0.125879 0.172463
0.173084 0.125907 0.171382
0.161331 0.126995 0.170471
0.174165 0.127073 0.176835
0.184972 0.117735 0.210507
0.189825 0.117127 0.209553
0.183757 0.117883 0.210429
0.184351 0.111201 0.20884
0.183496 0.11344 0.209702
0.183164 0.117933 0.209603
0.15325 0.127412 0.170167
0.148963 0.126938 0.170118
0.149796 0.127588 0.170033
0.148737 0.124869 0.170443
0.14868 0.124339 0.169645
0.148249 0.121613 0.168642
0.147317 0.120553 0.168769
0.219103 0.108072 0.204093
0.201324 0.115686 0.207279
0.217669 0.11279 0.203733
0.23862 0.104307 0.199438
0.276664 0.087425 0.19508
0.277144 0.08525 0.196867
0.276523 0.089516 0.192933
0.254287 0.101792 0.194113
0.259591 0.103269 0.188264
0.261216 0.101764 0.187649
0.265906 0.099589 0.186887
0.276558 0.092278 0.190016
0.277512 0.083173 0.197884
0.277293 0.081372 0.197722
0.277067 0.079804 0.197454
0.27742 0.078405 0.198153
0.278006 0.0766885 0.199297
0.278183 0.074831 0.199728
0.261908 0.075742 0.205668
0.2436845 0.0758515 0.21164075
0.206975 0.079224 0.220233
0.2061485 0.0791045 0.217719
0.114189 0.13574 0.151604
0.146275 0.1366335 0.153833
0.145028 0.130633 0.163083
0.139632 0.137103 0.153632
0.115708 0.134009 0.15479
0.147296 0.140832 0.144082
0.138768 0.134604 0.10892125
0.136721 0.134023 0.108715
0.134228 0.132038 0.108693
0.115708 0.137449 0.14856
0.130428 0.128062 0.108708
0.144979 0.12946 0.163768
0.145403 0.129107 0.163443
0.146617 0.126176 0.164234
0.147091 0.124219 0.165039
0.147472 0.12323 0.165548
0.146349 0.128245 0.163132
0.14584 0.126776 0.163542
0.145805 0.1285 0.163174
0.14791 0.122602 0.166685
0.122375 0.122566 0.096579
0.127327 0.125851 0.094913
-0.01739 0.128316 0.077586
-0.007565 0.127899 0.078193
0.051684 0.125392 0.081859
0.028311 0.12638 0.080411
0.008116 0.127235 0.079161
0.072613 0.124431 0.083222
0.08549 0.123661 0.084232
0.093846 0.123018 0.085017
0.101241 0.12246 0.085709
0.107987 0.121945 0.086344
0.114415 0.121457 0.086945
0.119734 0.122383 0.088824
-0.266711 0.044663 0.08289
-0.271048 0.034809 0.078744
-0.271282 0.035 0.077536
-0.269643 0.045708 0.075283
-0.268534 0.050695 0.072945
-0.266005 0.055731 0.062321
-0.267721 0.052115 0.069265
-0.263582 0.060662 0.053619
-0.263928 0.0591 0.053598
-0.260722 0.065048 0.044309
-0.261499 0.062562 0.045312
-0.270413 0.034498 0.079712
-0.269396 0.033997 0.08128
-0.260319 0.072634 0.053414
-0.077169 0.122835 0.038475
-0.073432 0.122234 0.038687
-0.068396 0.121598 0.038878
-0.062632 0.121189 0.038941
-0.054672 0.121019 0.039033
-0.043038 0.121069 0.039301
-0.032655 0.121196 0.039577
-0.079048 0.123124 0.038383
-0.029886 0.121231 0.039655
-0.028459 0.121245 0.03969
-0.026686 0.126345 0.070593
-0.02623225 0.12515125 0.06720775
-0.026488 0.120624 0.049967
-0.02581525 0.12226225 0.05841
-0.026361 0.120829 0.046188
-0.026375 0.122036 0.044995
-0.026389 0.122503 0.044126
-0.02735 0.124268 0.044705
-0.027371 0.123421 0.043052
-0.079938 0.123237 0.038334
-0.081075 0.125399 0.041654
-0.083717 0.123562 0.038355
-0.081866 0.123364 0.038228
-0.08472 0.120772 0.034173
-0.086662 0.120857 0.034074
-0.087877 0.120892 0.033983
-0.087432 0.123421 0.038341
-0.08739 0.129474 0.05482
-0.087015 0.125483 0.044938
-0.080743 0.123287 0.038249
-0.09338 0.128231 0.078158
-0.089332 0.125985 0.066404
-0.146137 0.109117 0.112741
-0.131939 0.11024 0.110459
-0.119416 0.110855 0.105232
-0.108531 0.111095 0.098084
-0.162009 0.107323 0.111031
-0.17675 0.105261 0.106581
-0.187529 0.103332 0.100627
-0.195617 0.101361 0.093415
-0.099716 0.110798 0.089057
-0.202264 0.099172 0.085193
-0.207244 0.096777 0.076124
-0.210337 0.094199 0.066348
-0.213375 0.065818 0.038016
-0.21536 0.065006 0.037825
-0.2180825 0.063907 0.0375635
-0.2202935 0.063056 0.037292
-0.21176275 0.066547 0.03843775
-0.222254 0.062343 0.036963
-0.224754 0.061403 0.03654
-0.227975 0.06016 0.035996
-0.231606 0.058726 0.035402
-0.235717 0.057024 0.03476
-0.235166 0.100514 0.060202
-0.235759 0.097823 0.064907
-0.236423 0.093669 0.067718
-0.237052 0.088577 0.068608
-0.237518 0.083088 0.067513
-0.2378 0.078214 0.064497
-0.254682 0.074951 0.059298
-0.246192 0.074951 0.059461
-0.237885 0.074951 0.059623
-0.258369 0.073658 0.053471
-0.259669 0.073404 0.053443
-0.238959 0.092786 0.041011
-0.237652 0.096926 0.044147
-0.236988 0.09997 0.048922
-0.234763 0.101354 0.054573
-0.240612 0.08787 0.039753
-0.2423 0.082488 0.040587
-0.243882 0.077734 0.043391
-0.253149 0.07469 0.047905
-0.245189 0.07469 0.04806
-0.250027 0.074047 0.0324
-0.245154 0.068347 0.033199
-0.240372 0.054975 0.034074
-0.259175 0.058585 0.031623
-0.259598 0.058655 0.032196
-0.256936 0.063854 0.031616
-0.259916 0.058451 0.033418
-0.259429 0.062498 0.035487
-0.260135 0.062908 0.039485
-0.253884 0.066913 0.031998
-0.25447 0.073658 0.053549
-0.211496 0.086839 0.041724
-0.211496 0.067563 0.041767
-0.211927 0.088894 0.04806
-0.211814 0.091543 0.056713
-0.026262 0.125907 0.070671
-0.02509 0.126797 0.070593
-0.025831 0.125992 0.070671
-0.02172 0.127984 0.072316
-0.02367 0.127998 0.071334
-0.02427 0.127673 0.070501
-0.260354 0.044437 0.085066
-0.264458 0.044168 0.084451
-0.266097 0.044253 0.08383
-0.256222 0.032987 0.085539
-0.252485 0.032987 0.085829
-0.249349 0.044875 0.086005
-0.249611 0.032987 0.085991
-0.246842 0.044867 0.086154
-0.2442035 0.058493 0.0862705
-0.26183775 0.0550745 0.11946875
-0.260714 0.059687 0.117622
-0.259344 0.062583 0.115573
-0.258016 0.064476 0.11344
-0.256738 0.066023 0.111342
-0.2539485 0.067868 0.107125875
-0.249220625 0.070874625 0.098620125
-0.24468825 0.0736075 0.090427
-0.243268 0.074767 0.087143
-0.243395 0.069618 0.086288
-0.243112 0.074019 0.086295
-0.243006 0.074718 0.086514
-0.271091 -0.035127 0.075269
-0.272242 -0.023416 0.075269
-0.272426 -0.023331 0.077501
-0.272193 -0.023204 0.078695
-0.271557 -0.022999 0.079669
-0.269487 -0.044945 0.072945
-0.268633 -0.049353 0.071589
-0.266959 -0.05155 0.068841
-0.265299 -0.05506 0.062138
-0.263286 -0.058373 0.053746
-0.267813 -0.049014 0.071087
-0.261965 -0.061121 0.045962
-0.261407 -0.060351 0.046457
-0.260693 -0.06158 0.040636
-0.27054 -0.022667 0.081238
-0.26953 -0.022328 0.082792
-0.26698 -0.022031 0.084367
-0.268915 -0.02213 0.083731
-0.263930375 0.03676725 0.122394125
-0.257282 -0.064469 0.11344
-0.2420915 -0.073962 0.0864255
-0.242208 -0.074711 0.086528
-0.262297 -0.010998 0.085002
-0.25654 0 0.085546
-0.262381 0 0.084995
-0.252796 0 0.085829
-0.250077 0 0.085977
-0.245069 -0.010998 0.086253
-0.247308 0 0.086133
-0.24362525 -0.02199775 0.086338125
-0.243168 -0.044904375 0.08681075
0.289301 -0.084918 0.191471
0.288559 -0.086846 0.189903
0.290028 -0.082813 0.1927
0.258129 -0.104378 0.188801
0.253806 -0.107577 0.183305
0.25541 -0.106504 0.182069
0.261223 -0.105133 0.18084
0.276593 -0.096481 0.185912
0.276614 -0.100606 0.182239
0.289131 -0.089078 0.187798
0.289555 -0.092857 0.185269
0.290395 -0.080757 0.193321
0.247824 -0.107062 0.193625
0.234777 -0.114323 0.19277
0.251603 -0.107316 0.190044
0.290099 -0.078998 0.193088
0.289753 -0.077444 0.192891
0.289986 -0.075996 0.193618
0.2904165 -0.0742235 0.194791
0.160872 -0.131283 0.163422
0.173812 -0.130576 0.164319
0.215395 -0.119409 0.173635
0.215254 -0.122764 0.171672
0.19258 -0.129269 0.165823
0.214978 -0.127595 0.16766
0.1774745 -0.132335 0.1893975
0.181829 -0.130732 0.182203
0.178615 -0.132787 0.189366
0.194819 -0.122397 0.175493
0.194614 -0.124685 0.177994
0.21526275 -0.11729 0.17623125
0.179738 -0.121097 0.187699
0.178488 -0.126508 0.18298
0.177316 -0.130159 0.183355
0.177775 -0.131007 0.189401
0.183623 -0.131671 0.189324
0.195843 -0.128945 0.189239
0.213424 -0.123929 0.188822
0.234481 -0.115983 0.187784
0.181702 -0.124311 0.193696
0.183411 -0.123301 0.20131
0.183164 -0.12299 0.204235
0.180141 -0.128026 0.197616
0.152007 -0.131198 0.163619
0.149287 -0.129962 0.165717
0.148553 -0.128704 0.166247
0.147875 -0.126176 0.165519
0.290452 -0.072359 0.195278
0.278317 -0.072641 0.20006
0.2619295 -0.07305275 0.20594375
0.224401 -0.077091 0.215077
0.223578 -0.0769745 0.2125625
0.16499 -0.023868 0.233146
0.165152 -0.046217 0.231733
0.165082 -0.065521 0.229663
0.168338 -0.07541 0.227693
0.175649 -0.078829 0.225397
0.189839 -0.078313 0.221844
0.205824 -0.076879 0.217344
0.164848 0 0.233682
0.16499 0.023868 0.233146
0.116124 -0.13314 0.150192
0.145508 -0.130075 0.162751
0.146978 -0.13581 0.153632
0.147868 -0.13949 0.147126
0.145946 -0.131791 0.160059
0.139278 -0.136757 0.153413
0.137301 -0.134871 0.156542
0.132356 -0.133797 0.158265
0.120115 -0.132907 0.156852
0.117403 -0.131579 0.153074
0.145961 -0.129545 0.162433
0.146568 -0.129319 0.16239
0.146964 -0.128803 0.163704
0.146229 -0.129234 0.162249
0.147331 -0.126395 0.164806
0.144670375 -0.13624 0.12665875
0.141153125 -0.133491625 0.109791
0.146695 -0.138897 0.139215
0.1359925 -0.13145925 0.091953
0.133836 -0.131671 0.091829
0.147875 -0.140197 0.144216
0.130979 -0.129524 0.093005
0.138014 -0.138671 0.150135
0.120426 -0.138501 0.146907
0.11741 -0.134694 0.14743
0.122693 -0.124233 0.08443
-0.016437 -0.127829 0.072627
-0.006682 -0.127539 0.073192
0.028946 -0.126493 0.075262
0.008893 -0.127087 0.074103
0.052157 -0.125815 0.076611
0.073079 -0.125201 0.077847
0.086267 -0.124798 0.078659
0.095075 -0.124516 0.079231
0.102859 -0.124268 0.07974
0.109972 -0.12405 0.080206
0.116746 -0.123831 0.080644
-0.079959 -0.120391 0.034456
-0.078087 -0.119931 0.034526
-0.074344 -0.119006 0.034675
-0.0693 -0.118017 0.034823
-0.063529 -0.117367 0.034894
-0.055456 -0.117071 0.035007
-0.043518 -0.117156 0.035268
-0.032838 -0.117367 0.03553
-0.029985 -0.117424 0.0356
-0.028522 -0.117452 0.035635
-0.027399 -0.120772 0.039598
-0.025174 -0.11979 0.044288
-0.025189 -0.120136 0.043469
-0.02516 -0.119091 0.045461
-0.025648 -0.120087 0.042077
-0.026439 -0.119317 0.039273
-0.080856 -0.120567 0.034413
-0.082799 -0.12068 0.034265
-0.081654 -0.120638 0.03435
-0.085673 -0.117897 0.03091
-0.083738 -0.117834 0.031037
-0.087637 -0.117954 0.030783
-0.087644 -0.122234 0.038313
-0.08852 -0.120518 0.033919
-0.088866 -0.117996 0.030698
-0.08739 -0.122488 0.054813
-0.087015 -0.11871 0.044938
-0.09338 -0.109781 0.078158
-0.089332 -0.107853 0.066404
-0.162009 -0.083498 0.111031
-0.146137 -0.084889 0.112741
-0.131939 -0.085765 0.110459
-0.119416 -0.086239 0.105232
-0.108538 -0.086429 0.098084
-0.17675 -0.081894 0.106581
-0.187529 -0.08039 0.100627
-0.195617 -0.078857 0.093415
-0.099716 -0.086203 0.089057
-0.202264 -0.077155 0.085193
-0.207244 -0.07529 0.076116
-0.024948 -0.125801 0.067245
-0.023797 -0.1268185 0.067209
-0.021501 -0.12797 0.071433
-0.023592 -0.127963 0.070487
-0.210337 -0.073291 0.066348
-0.215416 -0.045962 0.03774
-0.213403 -0.046513 0.037973
-0.218252 -0.0452065 0.037419
-0.220654 -0.044606 0.037108
-0.21176975 -0.04701275 0.03843625
-0.222635 -0.044119 0.036815
-0.225065 -0.043504 0.036448
-0.228173 -0.042713 0.035982
-0.211496 -0.047728 0.041802
-0.23169 -0.041816 0.035459
-0.246022 -0.073658 0.053711
-0.234142 -0.097823 0.064935
-0.234318 -0.093669 0.06776
-0.234459 -0.088584 0.068657
-0.234544 -0.083088 0.06757
-0.234558 -0.078214 0.064561
-0.234502 -0.074951 0.059687
-0.237751 -0.073658 0.053866
-0.234389 -0.073658 0.05393
-0.233951 -0.100514 0.060231
-0.237398 -0.07469 0.048209
-0.236896 -0.077734 0.043525
-0.236317 -0.082488 0.0407
-0.235731 -0.08787 0.039845
-0.235201 -0.092786 0.041088
-0.234813 -0.096926 0.044196
-0.23465 -0.09997 0.048964
-0.233781 -0.101354 0.054594
-0.235724 -0.040785 0.03488
-0.249893 -0.063473 0.032598
-0.245274 -0.052623 0.033382
-0.240393 -0.039598 0.03423
-0.260771 -0.052757 0.032167
-0.26034 -0.052644 0.031588
-0.258292 -0.05821 0.031546
-0.256236 -0.061311 0.031772
-0.253884 -0.058627 0.032132
-0.261061 -0.052729 0.03341
-0.260481 -0.058006 0.035459
-0.260213 -0.061099 0.037536
-0.2607 -0.060266 0.038863
-0.211934 -0.069159 0.048088
-0.211934 -0.048858 0.04811
-0.211814 -0.071221 0.05672
0.173635 0.126621 0.169984
0.161154 0.127857 0.16903
0.17449 0.129093 0.177937
0.174554 0.129404 0.177061
0.174497 0.127157 0.173953
0.17538 0.129319 0.176814
0.179251 0.1247665 0.172244
0.175394 0.126889 0.177485
0.175098 0.128648 0.178891
0.179449 0.117509 0.192446
0.188801 0.12316 0.206022
0.183976 0.123944 0.206749
0.200046 0.121344 0.204319
0.182712 0.123993 0.206664
0.184019 0.113384 0.203302
0.185191 0.112423 0.208063
0.184308 0.1138 0.208861
0.183249 0.117968 0.208536
0.182154 0.123619 0.205902
0.153052 0.128238 0.168698
0.148857 0.127355 0.16891
0.149634 0.128358 0.168627
0.148525 0.124791 0.16814
0.237059 0.107803 0.198951
0.216193 0.117657 0.201409
0.23571 0.111272 0.197023
0.252782 0.103933 0.193724
0.289301 0.084918 0.191471
0.288559 0.086846 0.189903
0.290028 0.082813 0.1927
0.258129 0.104378 0.188801
0.253806 0.107577 0.183305
0.25541 0.106504 0.182069
0.261223 0.105133 0.18084
0.276593 0.096481 0.185912
0.276614 0.100606 0.182239
0.289131 0.089078 0.187798
0.289555 0.092857 0.185269
0.290395 0.080757 0.193321
0.290099 0.078998 0.193088
0.289753 0.077444 0.192891
0.289986 0.075996 0.193618
0.2904165 0.0742235 0.194791
0.290452 0.072366 0.195278
0.278317 0.072641 0.20006
0.2619295 0.07305275 0.20594375
0.223578 0.0769745 0.2125625
0.224401 0.077091 0.215077
0.165152 0.046217 0.231733
0.165082 0.065521 0.229663
0.168338 0.07541 0.227693
0.175649 0.078829 0.225397
0.189839 0.078313 0.221844
0.205824 0.076879 0.217344
0.116124 0.13314 0.150192
0.146978 0.13581 0.153632
0.147868 0.13949 0.147126
0.145946 0.131791 0.160059
0.145508 0.130075 0.162751
0.139271 0.136757 0.153413
0.137301 0.134871 0.156542
0.132356 0.133797 0.158265
0.120115 0.132907 0.156852
0.117403 0.131579 0.153074
0.144670375 0.13623825 0.12665875
0.146695 0.138897 0.139215
0.147875 0.140197 0.144216
0.1359925 0.13145925 0.091953
0.133836 0.131671 0.091829
0.141153125 0.133491625 0.109791
0.130979 0.129524 0.093005
0.138014 0.138671 0.150135
0.120426 0.138501 0.146907
0.11741 0.134694 0.14743
0.145961 0.129545 0.162433
0.147331 0.126395 0.164806
0.146964 0.128803 0.163704
0.147875 0.126176 0.165519
0.148263 0.125611 0.166558
0.146568 0.129319 0.16239
0.146229 0.129234 0.162249
0.146059 0.128337 0.16297
0.122693 0.124233 0.08443
-0.016437 0.127829 0.072627
-0.006682 0.127539 0.073192
0.052157 0.125815 0.076611
0.028946 0.126493 0.075262
0.008893 0.127087 0.074103
0.073079 0.125201 0.077847
0.086267 0.124798 0.078659
0.095075 0.124516 0.079231
0.102859 0.124268 0.07974
0.109972 0.12405 0.080206
0.116746 0.123831 0.080644
-0.268385 0.033495 0.082834
-0.271091 0.035127 0.075269
-0.272242 0.023416 0.075269
-0.272426 0.023331 0.077501
-0.272193 0.023204 0.078695
-0.269487 0.044945 0.072945
-0.268633 0.049353 0.071589
-0.263286 0.058373 0.053746
-0.265299 0.05506 0.062138
-0.266959 0.05155 0.068841
-0.267813 0.049014 0.071087
-0.261965 0.061121 0.045962
-0.261407 0.060351 0.046457
-0.260693 0.06158 0.040636
-0.271557 0.022999 0.079669
-0.27054 0.022667 0.081238
-0.078087 0.119931 0.034526
-0.074344 0.119006 0.034675
-0.0693 0.118017 0.034823
-0.063529 0.117367 0.034894
-0.055456 0.117071 0.035007
-0.043518 0.117156 0.035268
-0.032838 0.117367 0.03553
-0.029985 0.117424 0.0356
-0.079959 0.120391 0.034456
-0.028522 0.117452 0.035635
-0.027399 0.120772 0.039598
-0.0254055 0.119633 0.0494695
-0.025605 0.119585 0.045574
-0.025619 0.120369 0.044401
-0.025634 0.12073 0.043561
-0.02641 0.121761 0.042551
-0.080856 0.120567 0.034413
-0.082799 0.12068 0.034265
-0.081654 0.120645 0.03435
-0.085673 0.117897 0.03091
-0.083738 0.117834 0.031037
-0.087637 0.117954 0.030783
-0.087644 0.122234 0.038313
-0.08852 0.120518 0.033919
-0.088866 0.117996 0.030698
-0.08739 0.122488 0.054813
-0.087015 0.11871 0.044938
-0.09338 0.109774 0.078158
-0.089332 0.107853 0.066404
-0.146137 0.084889 0.112748
-0.131939 0.085765 0.110459
-0.119416 0.086239 0.105232
-0.108538 0.086429 0.098084
-0.162009 0.083498 0.111031
-0.17675 0.081894 0.106581
-0.187529 0.08039 0.100627
-0.195617 0.078857 0.093415
-0.099716 0.086203 0.089057
-0.202264 0.077155 0.085193
-0.207244 0.07529 0.076124
-0.210337 0.073291 0.066348
-0.215416 0.045962 0.03774
-0.213403 0.046513 0.037973
-0.21176975 0.04701275 0.03843625
-0.218252 0.0452065 0.037419
-0.220654 0.044606 0.037108
-0.222635 0.044119 0.036815
-0.225065 0.043504 0.036448
-0.228173 0.042713 0.035982
-0.23169 0.041816 0.035459
-0.235724 0.040785 0.03488
-0.234142 0.097823 0.064935
-0.234318 0.093662 0.06776
-0.233951 0.100514 0.060231
-0.234459 0.088584 0.068657
-0.234544 0.083088 0.06757
-0.234558 0.078214 0.064561
-0.234502 0.074951 0.059687
-0.246022 0.073658 0.053711
-0.234389 0.073658 0.05393
-0.237751 0.073658 0.053866
-0.235731 0.08787 0.039845
-0.235201 0.092786 0.041088
-0.234813 0.096926 0.044196
-0.23465 0.09997 0.048964
-0.233781 0.101354 0.054594
-0.236317 0.082488 0.0407
-0.236896 0.077734 0.043525
-0.237398 0.07469 0.048209
-0.249893 0.063473 0.032598
-0.245274 0.052623 0.033382
-0.240393 0.039598 0.03423
-0.260771 0.052757 0.032167
-0.26034 0.052644 0.031588
-0.258292 0.05821 0.031546
-0.256236 0.061311 0.031772
-0.261061 0.052729 0.03341
-0.260481 0.058006 0.035459
-0.260213 0.061099 0.037536
-0.2607 0.060266 0.038863
-0.253884 0.058627 0.032132
-0.211496 0.047728 0.041802
-0.211934 0.069159 0.048088
-0.211934 0.048858 0.04811
-0.211814 0.071221 0.05672
-0.023797 0.1268185 0.067209
-0.024948 0.125801 0.067245
-0.021501 0.12797 0.071433
-0.023592 0.127963 0.070487
-0.265984 0.033043 0.084402
-0.261428 0.032987 0.085031
-0.267778 0.033191 0.083773
-0.256399 0.021996 0.085546
-0.252613 0.021996 0.085836
-0.249801 0.021996 0.085991
-0.246997 0.032987 0.086147
-0.247124 0.021996 0.08614
-0.244415 0.0448635 0.086274
-0.2626675 0.0477405 0.12095925
-0.2601705 0.059588 0.1176605
-0.25879 0.0625295 0.1155945
-0.257607 0.064469 0.11344
-0.255987 0.06587975 0.111349
-0.242685 0.074767 0.087143
-0.242474875 0.069476 0.086767375
-0.24259 0.074012 0.086309
-0.242561 0.074718 0.086521
-0.272857 -0.011711 0.075269
-0.272539 -0.01174 0.073037
-0.271917 -0.023472 0.073001
-0.273033 -0.011669 0.077473
-0.270759 -0.035212 0.072966
-0.2728 -0.011605 0.078659
-0.272164 -0.011499 0.079634
-0.269367 -0.044656 0.071603
-0.259118 -0.059885 0.046994
-0.260976 -0.057928 0.054163
-0.264606 -0.051154 0.069074
-0.265433 -0.048689 0.071292
-0.262961 -0.054629 0.062449
-0.266111 -0.044281 0.07132
-0.268498 -0.044528 0.071108
-0.260185 -0.060859 0.041406
-0.257903 -0.060414 0.042035
-0.260149 -0.059786 0.039725
-0.27114 -0.01133 0.081195
-0.27013 -0.011167 0.082756
-0.26751 -0.011012 0.084331
-0.269523 -0.011069 0.083689
-0.2609795 -0.054714 0.1191435
-0.259768 -0.059334 0.117579
-0.258412 -0.062237 0.115559
-0.257084 -0.064172 0.11344
-0.242307 -0.074506 0.08715
-0.24213 -0.074457 0.086691
-0.256505 0.010998 0.085546
-0.252733 0.010998 0.085829
-0.267658 0 0.084317
-0.262297 0.010998 0.085002
-0.26751 0.011012 0.084331
-0.249985 0.010998 0.085984
-0.247251 0.010998 0.086133
-0.243375125 -0.011009375 0.086839625
-0.245083 0 0.086253
-0.245069 0.010998 0.086253
-0.243292375 -0.0330435 0.08682475
0.296322 -0.084967 0.188504
0.298476 -0.083229 0.189196
0.299211 -0.081329 0.18986
0.252443 -0.108411 0.185135
0.238173 -0.11193225 0.17817925
0.236176 -0.113546 0.180628
0.276622 -0.103149 0.1806
0.260559 -0.107274 0.179046
0.290134 -0.0992 0.181928
0.28988 -0.096714 0.183065
0.2989 -0.08609 0.187113
0.301111 -0.089135 0.185488
0.302855 -0.092539 0.184054
0.298518 -0.077861 0.189952
0.299048 -0.079472 0.190213
0.24735 -0.110318 0.187402
0.297904 -0.07635 0.189889
0.297508 -0.074767 0.190828
0.297205 -0.073348 0.191994
0.296837 -0.072323 0.192615
0.296442 -0.071052 0.193039
0.191662 -0.13504 0.158251
0.172971 -0.135775 0.156556
0.153815 -0.136432 0.155186
0.160759 -0.136192 0.155652
0.23898 -0.114817 0.175846
0.238959 -0.119494 0.173727
0.238825 -0.125759 0.169524
0.214328 -0.134115 0.160243
0.238464 -0.133133 0.162058
0.194854 -0.127638 0.182677
0.214018 -0.119734 0.179209
0.213382 -0.122538 0.183235
0.178891 -0.12939 0.185269
0.180805 -0.127624 0.190772
0.178827 -0.130506 0.189345
0.235053 -0.115291 0.183666
0.181095 -0.127631 0.197206
0.181667 -0.127539 0.195426
0.148765 -0.130506 0.164757
0.149669 -0.132236 0.161938
0.148186 -0.129234 0.165279
0.290494 -0.070105 0.195667
0.2784315 -0.06985625 0.200316
0.24295 -0.074697 0.209532
0.2421305 -0.07458 0.2070175
0.223271 -0.074838 0.212188
0.175578 -0.023811 0.230582
0.1755 0 0.231104
0.175684 -0.046125 0.229183
0.175663 -0.065451 0.227078
0.18979 -0.065027 0.223567
0.205796 -0.063946 0.219075
0.175578 0.023811 0.230582
0.119402 -0.132469 0.147161
0.118957 -0.130654 0.148885
0.1486655 -0.13873825 0.1471525
0.147723 -0.135088 0.153474
0.148433 -0.139589 0.144357
0.14663875 -0.1311075 0.1597505
0.138445 -0.135584 0.152713
0.136601 -0.133776 0.155715
0.131975 -0.132745 0.157368
0.126006 -0.132469 0.157728
0.121125 -0.130576 0.154931
0.119352 -0.13011 0.151407
0.147832 -0.131657 0.160441
0.147253 -0.129983 0.163068
0.147656 -0.129347 0.164488
0.13791025 -0.13051275 0.092631
0.14781825 -0.13814125 0.1395415
0.132213 -0.128565 0.075938
0.12869 -0.129326 0.07933
0.129672 -0.129262 0.075226
0.126578 -0.127581 0.081089
0.126691 -0.138862 0.146575
0.132829 -0.138509 0.147493
0.137265 -0.137421 0.14957
0.121401 -0.135641 0.145925
0.120327 -0.126903 0.076985
-0.016225 -0.127899 0.071659
-0.0064345 -0.1278425 0.0715885
0.0291655 -0.1275535 0.0729945
0.052358 -0.127366 0.0739055
0.009126 -0.127719 0.072203
0.073418 -0.12672 0.075523
0.087206 -0.126684 0.076018
0.096777 -0.126748 0.076293
0.105239 -0.126804 0.07654
0.112967 -0.126854 0.076766
-0.080891 -0.117452 0.031192
-0.07902 -0.116809 0.031242
-0.075283 -0.115524 0.031355
-0.070233 -0.114154 0.031475
-0.06444 -0.113235 0.031567
-0.056254 -0.112811 0.031694
-0.044013 -0.112932 0.031948
-0.033029 -0.113235 0.032196
-0.030105 -0.113313 0.032259
-0.0286 -0.113355 0.032294
-0.027449 -0.117071 0.035614
-0.024736 -0.119437 0.04575
-0.024751 -0.120327 0.044578
-0.024765 -0.120723 0.043744
-0.02521 -0.119515 0.042014
-0.024779 -0.120059 0.042268
-0.025683 -0.117855 0.038969
-0.026481 -0.115884 0.035494
-0.081788 -0.117699 0.031157
-0.082587 -0.117798 0.031115
-0.086429 -0.115545 0.028643
-0.084494 -0.115467 0.02872
-0.08335 -0.115425 0.02877
-0.088393 -0.115616 0.028565
-0.087644 -0.115637 0.038313
-0.088732 -0.119366 0.033898
-0.089502 -0.117636 0.030656
-0.089615 -0.115665 0.028522
-0.08739 -0.104858 0.054813
-0.087015 -0.10163 0.044938
-0.024546 -0.122898 0.058761
-0.09338 -0.085405 0.078158
-0.089332 -0.083908 0.066404
-0.162009 -0.05898 0.111031
-0.146137 -0.059962 0.112741
-0.131939 -0.060584 0.110466
-0.119416 -0.060916 0.105232
-0.108531 -0.06105 0.098091
-0.17675 -0.057843 0.106581
-0.187529 -0.056784 0.10062
-0.195617 -0.055703 0.093415
-0.099716 -0.060888 0.089057
-0.202264 -0.054495 0.085193
-0.207244 -0.053181 0.076124
-0.0233975 -0.1238835 0.059037
-0.021431 -0.127963 0.070565
-0.021297 -0.126974 0.06728
-0.210337 -0.051769 0.066348
-0.21548 -0.028325 0.037677
-0.213431 -0.028558 0.037938
-0.21157175 -0.02882275 0.0386905
-0.217627 -0.028085 0.037401
-0.219216 -0.027915 0.037196
-0.220989 -0.0277315 0.036967
-0.222995 -0.027519 0.036695
-0.225355 -0.027258 0.03637
-0.228356 -0.026926 0.03596
-0.211503 -0.029194 0.041837
-0.211934 -0.029879 0.048131
-0.231761 -0.026545 0.035501
-0.233273 -0.097561 0.064546
-0.233357 -0.093486 0.067329
-0.233407 -0.088513 0.068241
-0.233414 -0.08318 0.067202
-0.233372 -0.078455 0.064292
-0.233294 -0.07529 0.059588
-0.233188 -0.074033 0.054029
-0.233068 -0.075022 0.048548
-0.234226 -0.07469 0.048272
-0.23316 -0.100189 0.059969
-0.234043 -0.077734 0.043582
-0.23388 -0.082488 0.040749
-0.233746 -0.08787 0.039888
-0.233661 -0.092786 0.041117
-0.233633 -0.096926 0.044218
-0.233675 -0.099977 0.048986
-0.23304 -0.101022 0.054509
-0.235731 -0.026107 0.034964
-0.250126 -0.049989 0.032746
-0.245387 -0.038327 0.033552
-0.240421 -0.025591 0.034336
-0.261725 -0.045263 0.031853
-0.25945 -0.052249 0.031496
-0.258136 -0.052644 0.031659
-0.257536 -0.057518 0.031659
-0.256455 -0.054891 0.031842
-0.254294 -0.047559 0.032224
-0.262226 -0.045369 0.033403
-0.261541 -0.052673 0.035459
-0.261068 -0.057532 0.037536
-0.261435 -0.05725 0.038871
-0.211814 -0.050306 0.056727
-0.211814 -0.030762 0.056734
0.193357 0.123456 0.171552
0.160999 0.128895 0.167278
0.174208 0.12785 0.168168
0.192982 0.125681 0.169722
0.17567 0.131332 0.182613
0.175811 0.131947 0.182147
0.176673 0.131954 0.18202
0.180791 0.128019 0.177146
0.180332 0.125794 0.174398
0.1945325 0.121542 0.1735365
0.177683 0.122828 0.183447
0.177217 0.125356 0.18019
0.17627 0.128358 0.179364
0.176199 0.13059 0.183115
0.180197 0.118476 0.19116
0.181455 0.129538 0.198654
0.186336 0.128577 0.198266
0.197899 0.126303 0.197383
0.214569 0.121839 0.195659
0.180282 0.12951 0.198605
0.184436 0.117876 0.203761
0.181208 0.120518 0.192191
0.18534 0.115397 0.207201
0.184909 0.11445 0.208105
0.184075 0.11806 0.207724
0.182302 0.123167 0.204941
0.179858 0.128824 0.198174
0.152918 0.129213 0.16696
0.148751 0.128012 0.16754
0.149521 0.129199 0.167095
0.247824 0.107062 0.193625
0.234777 0.114323 0.19277
0.251603 0.107316 0.190044
0.296322 0.084967 0.188504
0.298476 0.083229 0.189196
0.299211 0.081329 0.18986
0.252443 0.108411 0.185135
0.238173 0.11193225 0.17817925
0.236176 0.113546 0.180628
0.276629 0.103149 0.1806
0.260559 0.107274 0.179046
0.290134 0.0992 0.181928
0.28988 0.096714 0.183065
0.2989 0.08609 0.187113
0.302855 0.092539 0.184054
0.301111 0.089135 0.185488
0.298518 0.077861 0.189952
0.299048 0.079465 0.190213
0.297904 0.07635 0.189889
0.297508 0.074767 0.190828
0.297205 0.073348 0.191994
0.296837 0.072323 0.192615
0.296442 0.071052 0.193039
0.290494 0.070112 0.195667
0.2784315 0.069858 0.200316
0.24295 0.074697 0.209532
0.2421305 0.07458 0.2070175
0.223271 0.074838 0.212188
0.175684 0.046125 0.229183
0.175663 0.065451 0.227078
0.18979 0.065027 0.223567
0.205796 0.063946 0.219075
0.118957 0.130654 0.148885
0.119402 0.132469 0.147161
0.14772125 0.135088 0.153476
0.1486655 0.13873825 0.1471525
0.148433 0.139589 0.144357
0.14663875 0.1311075 0.1597505
0.138445 0.135584 0.152713
0.136601 0.133776 0.155715
0.131975 0.132745 0.157368
0.126006 0.132469 0.157728
0.121125 0.130576 0.154931
0.119352 0.13011 0.151407
0.14781825 0.13814125 0.1395415
0.132213 0.128565 0.075938
0.12869 0.129326 0.07933
0.129672 0.129262 0.075226
0.13791025 0.13051275 0.092631
0.126578 0.127581 0.081089
0.126691 0.138862 0.146575
0.132829 0.138509 0.147493
0.137265 0.137421 0.14957
0.121401 0.135641 0.145925
0.147253 0.129983 0.163068
0.147656 0.129347 0.164488
0.148186 0.129234 0.165279
0.148553 0.128704 0.166247
0.147832 0.131657 0.160441
0.120327 0.126903 0.076985
-0.016225 0.127899 0.071659
-0.0064345 0.1278425 0.0715885
0.052358 0.127366 0.0739055
0.0291655 0.1275535 0.0729945
0.009126 0.127719 0.072203
0.073418 0.12672 0.075523
0.087206 0.126684 0.076018
0.096777 0.126748 0.076293
0.105239 0.126804 0.07654
0.112967 0.126854 0.076766
-0.26953 0.022328 0.082792
-0.272857 0.011711 0.075269
-0.273033 0.011669 0.077473
-0.272539 0.01174 0.073037
-0.271917 0.023472 0.073001
-0.270759 0.035212 0.072966
-0.2728 0.011605 0.078652
-0.269367 0.044656 0.071603
-0.259118 0.059892 0.046994
-0.260976 0.057928 0.054163
-0.262961 0.054629 0.062449
-0.264606 0.051154 0.069074
-0.265433 0.048689 0.071292
-0.266111 0.044281 0.07132
-0.268498 0.044528 0.071108
-0.260185 0.060859 0.041406
-0.257903 0.060414 0.042035
-0.260149 0.059786 0.039725
-0.272164 0.011499 0.079627
-0.27114 0.01133 0.081195
-0.07902 0.116809 0.031242
-0.075283 0.115524 0.031355
-0.070233 0.114154 0.031475
-0.06444 0.113235 0.031567
-0.056254 0.112811 0.031694
-0.044013 0.112932 0.031948
-0.033029 0.113235 0.032196
-0.030105 0.113313 0.032259
-0.0286 0.113355 0.032294
-0.080898 0.117452 0.031185
-0.027449 0.117071 0.035614
-0.026439 0.119317 0.039273
-0.02516 0.119091 0.045461
-0.025174 0.11979 0.044288
-0.025189 0.120136 0.043469
-0.025648 0.120087 0.042077
-0.081788 0.117699 0.031157
-0.082587 0.117798 0.031115
-0.084494 0.115467 0.02872
-0.086429 0.115545 0.028643
-0.08335 0.115425 0.02877
-0.088393 0.115616 0.028565
-0.087644 0.115637 0.038313
-0.088732 0.119366 0.033898
-0.089502 0.117636 0.030656
-0.089615 0.115665 0.028522
-0.08739 0.104858 0.054813
-0.087015 0.10163 0.044938
-0.09338 0.085405 0.078158
-0.089332 0.083908 0.066404
-0.146137 0.059962 0.112741
-0.131939 0.060584 0.110459
-0.119416 0.060916 0.105232
-0.108531 0.06105 0.098084
-0.162009 0.05898 0.111031
-0.17675 0.057843 0.106581
-0.187529 0.056784 0.100627
-0.195617 0.055703 0.093415
-0.099716 0.060888 0.089057
-0.202264 0.054495 0.085193
-0.207244 0.053181 0.076124
-0.210337 0.051769 0.066348
-0.213431 0.028558 0.037938
-0.21548 0.028325 0.037677
-0.21157175 0.02882275 0.0386905
-0.217627 0.028085 0.037401
-0.219216 0.027915 0.037196
-0.220989 0.0277315 0.036967
-0.211503 0.029194 0.041837
-0.222995 0.027519 0.036695
-0.225355 0.027258 0.03637
-0.228356 0.026926 0.03596
-0.231761 0.026545 0.035501
-0.235731 0.026107 0.034964
-0.233273 0.097561 0.064546
-0.233357 0.093486 0.067329
-0.23316 0.100189 0.059969
-0.233407 0.088513 0.068241
-0.233414 0.08318 0.067202
-0.233372 0.078455 0.064292
-0.233294 0.07529 0.059588
-0.233188 0.074033 0.054029
-0.233068 0.075022 0.048548
-0.234226 0.07469 0.048272
-0.23388 0.082488 0.040749
-0.233746 0.08787 0.039888
-0.233661 0.092786 0.041117
-0.233633 0.096926 0.044218
-0.233675 0.09997 0.048986
-0.23304 0.101022 0.054509
-0.234043 0.077734 0.043582
-0.250126 0.049996 0.032746
-0.245387 0.038327 0.033552
-0.240421 0.025591 0.034336
-0.261725 0.045263 0.031853
-0.25945 0.052249 0.031496
-0.257536 0.057518 0.031659
-0.258136 0.052651 0.031659
-0.256455 0.054898 0.031842
-0.262226 0.045369 0.033403
-0.261541 0.05268 0.035459
-0.261068 0.057532 0.037536
-0.261435 0.05725 0.038871
-0.254294 0.047559 0.032224
-0.211934 0.029879 0.048131
-0.211814 0.050306 0.056727
-0.211814 0.030769 0.056734
-0.024546 0.122898 0.058761
-0.0233975 0.1238835 0.059037
-0.021431 0.127963 0.070565
-0.021297 0.126974 0.06728
-0.26698 0.022031 0.084367
-0.262 0.021996 0.085017
-0.268915 0.02213 0.083731
-0.244493 0.032987 0.0862775
-0.245033 0.021996 0.086253
-0.242831125 0.058435625 0.08678575
-0.257282 0.064469 0.11344
-0.2420915 0.073962 0.0864255
-0.242208 0.074711 0.086528
-0.273026 0 0.075276
-0.272715 0 0.073058
-0.272101 0 0.071557
-0.2719205 -0.011736 0.071525
-0.273203 0 0.077459
-0.271296 -0.0234755 0.0714655
-0.272963 0 0.078638
-0.27013 -0.035226 0.071405
-0.272334 0 0.079613
-0.258355 -0.057667 0.054629
-0.256498 -0.05963 0.04746
-0.26034 -0.054368 0.062915
-0.261986 -0.0509 0.06954
-0.262819 -0.048427 0.071758
-0.26349 -0.04402 0.071787
-0.267298 -0.034971 0.071377
-0.264677 -0.03471 0.071843
-0.257826 -0.059418 0.040389
-0.255155 -0.059157 0.040855
-0.255269 -0.060153 0.042501
-0.26082 -0.057024 0.039739
-0.258461 -0.056741 0.040403
-0.27131 0 0.081181
-0.2703 0 0.082742
-0.269692 0 0.083674
-0.259556 -0.058761 0.117247
-0.265751 -0.011951 0.124254
-0.265751 0.011951 0.124254
-0.258313 -0.061467 0.115404
-0.257077 -0.063282 0.11344
-0.255819 -0.064857 0.111392
-0.25339 -0.066835 0.107161
-0.248636 -0.069872 0.098635
-0.244087 -0.07262 0.090434
-0.242265 -0.073722 0.087157
-0.269523 0.011069 0.083689
-0.243626125 0 0.086339
-0.243375125 0.011009375 0.086839625
-0.24362525 0.02199775 0.086338125
0.30631 -0.079366 0.187685
0.305886 -0.075262 0.188575
0.276629 -0.106624 0.179406
0.290247 -0.102993 0.180699
0.260566 -0.110339 0.177866
0.304487 -0.098783 0.18202
0.304042 -0.09475 0.183235
0.315626 -0.084713 0.184739
0.313472 -0.083003 0.185333
0.3103 -0.080362 0.186385
0.3047135 -0.0731675 0.188631
0.303392 -0.071236 0.188561
0.302276 -0.069738 0.189754
0.301181 -0.068375 0.191195
0.300306 -0.067471 0.191994
0.299486 -0.066439 0.192559
0.296032 -0.068898 0.193611
0.191167 -0.140204 0.150573
0.214067 -0.139858 0.1526
0.17242 -0.140437 0.14885
0.150954 -0.136651 0.154804
0.154514 -0.140691 0.147677
0.160766 -0.140592 0.148009
0.260587 -0.11628 0.175613
0.260601 -0.123915 0.171213
0.26058 -0.13206 0.163598
0.238196 -0.139349 0.154359
0.179816 -0.129368 0.189867
0.148051 -0.13059 0.163965
0.148772 -0.132271 0.161267
0.290558 -0.067923 0.19602
0.261209 -0.071942 0.203825
0.2603895 -0.071822 0.20131
0.241848 -0.072486 0.20665
0.223292 -0.062328 0.213919
0.189783 -0.045835 0.225694
0.189747 -0.023663 0.227078
0.189719 0 0.22758
0.189747 0.023663 0.227078
0.20581 -0.045178 0.221201
0.189783 0.045835 0.225694
0.122531 -0.129806 0.148581
0.122305 -0.132363 0.145968
0.148758 -0.139229 0.144435
0.136616 -0.133006 0.151166
0.135054 -0.13136 0.153886
0.131141 -0.130428 0.15539
0.126098 -0.130181 0.155722
0.122121 -0.128902 0.152127
0.150064 -0.136531 0.154416
0.14904 -0.135761 0.153914
0.13392975 -0.12760775 0.076323
0.128874 -0.12517775 0.06295875
0.13041025 -0.12420125 0.06285975
0.122354 -0.128351 0.071405
0.126211 -0.125907 0.063028
0.122206 -0.128549 0.075
0.126691 -0.135973 0.145622
0.131876 -0.135648 0.146441
0.135627 -0.134666 0.14832
0.114542 -0.128408 0.074838
-0.016147 -0.127949 0.070748
0.073616 -0.127779 0.073877
0.087715 -0.127913 0.074266
0.097681 -0.128097 0.074478
0.106497 -0.128259 0.074668
-0.081654 -0.114994 0.028819
-0.079782 -0.114196 0.028862
-0.076039 -0.112614 0.028953
-0.065182 -0.109774 0.029165
-0.070988 -0.110911 0.029066
-0.056904 -0.109259 0.029307
-0.044422 -0.109407 0.029561
-0.033199 -0.109774 0.029794
-0.030204 -0.109873 0.029857
-0.028671 -0.109922 0.029886
-0.027512 -0.113066 0.032344
-0.024143 -0.120426 0.050144
-0.024016 -0.120723 0.046365
-0.02403 -0.122001 0.045178
-0.024044 -0.122496 0.044309
-0.024058 -0.12174 0.042741
-0.024087 -0.119268 0.039464
-0.024814 -0.117777 0.03916
-0.025238 -0.117318 0.038962
-0.025725 -0.114669 0.035402
-0.026538 -0.112147 0.032436
-0.082551 -0.115298 0.028798
-0.083745 -0.114182 0.027541
-0.084896 -0.114231 0.027512
-0.086832 -0.114309 0.027463
-0.082947 -0.114048 0.027562
-0.088788 -0.114394 0.027414
-0.088732 -0.112917 0.033898
-0.087644 -0.098995 0.038313
-0.089714 -0.116513 0.030642
-0.090258 -0.115319 0.028494
-0.09001 -0.114443 0.027378
-0.08739 -0.081577 0.054813
-0.087015 -0.079062 0.044938
-0.0230025 -0.1215275 0.0507335
-0.09338 -0.06033 0.078158
-0.089332 -0.05927 0.066404
-0.162009 -0.036066 0.111031
-0.146137 -0.036667 0.112741
-0.131939 -0.037048 0.110459
-0.119416 -0.037253 0.105232
-0.108538 -0.037338 0.098084
-0.17675 -0.035374 0.106581
-0.187529 -0.034724 0.100627
-0.195617 -0.03406 0.093415
-0.099716 -0.037232 0.089057
-0.202264 -0.033326 0.085193
-0.207244 -0.03252 0.076116
-0.020901 -0.12405 0.059143
-0.016006 -0.127002 0.067442
-0.210337 -0.031659 0.066348
-0.215543 -0.01347 0.037649
-0.213467 -0.013541 0.037924
-0.21157525 -0.013638 0.038701
-0.217747 -0.013385 0.037359
-0.219428 -0.013329 0.03714
-0.221307 -0.013265 0.0368925
-0.211503 -0.013809 0.041865
-0.22332 -0.013195 0.036631
-0.225616 -0.01311 0.036328
-0.228526 -0.012997 0.035946
-0.211934 -0.014127 0.048152
-0.211814 -0.014551 0.056741
-0.231832 -0.01287 0.035508
-0.231592 -0.096777 0.06336
-0.231641 -0.092942 0.066016
-0.231662 -0.088315 0.066976
-0.231641 -0.083448 0.066072
-0.231592 -0.079168 0.063445
-0.231514 -0.0763 0.059256
-0.231415 -0.075142 0.05429
-0.231323 -0.076018 0.049339
-0.231245 -0.078659 0.045157
-0.232955 -0.077967 0.043985
-0.231507 -0.099235 0.059171
-0.232877 -0.082565 0.041194
-0.232828 -0.087792 0.040312
-0.232821 -0.092624 0.041477
-0.232856 -0.096714 0.044472
-0.232934 -0.099687 0.049077
-0.231415 -0.100019 0.054234
-0.235738 -0.012728 0.035
-0.250366 -0.037048 0.032895
-0.245493 -0.025047 0.033665
-0.240442 -0.012559 0.034378
-0.2630315 -0.035021 0.0318175
-0.260524 -0.044825 0.031461
-0.259055 -0.044825 0.031645
-0.257119 -0.045786 0.031878
-0.254703 -0.035939 0.03233
-0.263568 -0.035113 0.033382
-0.262692 -0.045433 0.035459
-0.262035 -0.052623 0.03755
-0.262346 -0.052588 0.038892
-0.210337 -0.014975 0.066348
0.215395 0.119409 0.173635
0.215254 0.122764 0.171672
0.173812 0.130576 0.164319
0.160872 0.131283 0.163422
0.19258 0.129269 0.165823
0.214978 0.127595 0.16766
0.1774745 0.132335 0.1893975
0.181829 0.130732 0.182203
0.178615 0.132787 0.189366
0.194819 0.122404 0.175493
0.194614 0.124685 0.177994
0.21526275 0.11729 0.17623125
0.179738 0.121097 0.187699
0.178227 0.126296 0.182691
0.177316 0.130159 0.183355
0.177775 0.131007 0.189401
0.183623 0.131671 0.189324
0.195843 0.128945 0.189239
0.213424 0.123929 0.188822
0.234481 0.115983 0.187784
0.18197 0.123174 0.19496
0.184097 0.121697 0.203832
0.184987 0.117459 0.207251
0.179187 0.128281 0.186314
0.183164 0.12299 0.204235
0.180141 0.128026 0.197616
0.152007 0.131198 0.163619
0.149287 0.129962 0.165717
0.24735 0.110318 0.187402
0.30631 0.079366 0.187685
0.305886 0.075262 0.188575
0.235053 0.115291 0.183666
0.214018 0.119734 0.179209
0.290247 0.102993 0.180699
0.276629 0.106624 0.179406
0.260566 0.110339 0.177866
0.304487 0.098783 0.18202
0.304042 0.09475 0.183235
0.313472 0.083003 0.185333
0.315626 0.084713 0.184739
0.3103 0.080362 0.186385
0.3047135 0.0731675 0.188631
0.303392 0.071236 0.188561
0.302276 0.069738 0.189754
0.301181 0.068375 0.191195
0.300306 0.067471 0.191994
0.299486 0.066439 0.192559
0.296032 0.068905 0.193618
0.290558 0.06793 0.19602
0.261209 0.071942 0.203825
0.2603895 0.071822 0.20131
0.241848 0.072486 0.20665
0.223292 0.062328 0.213919
0.20581 0.045178 0.221201
0.122531 0.129806 0.148581
0.122305 0.132363 0.145968
0.148758 0.139229 0.144435
0.136616 0.132999 0.151166
0.135054 0.13136 0.153886
0.131141 0.130428 0.15539
0.126098 0.130181 0.155722
0.122121 0.128902 0.152127
0.13392975 0.12760775 0.076323
0.128874 0.12517775 0.06295875
0.13041025 0.12420125 0.06285975
0.126211 0.125907 0.063028
0.122354 0.128351 0.071405
0.122199 0.128549 0.075
0.126691 0.135973 0.145622
0.131876 0.135648 0.146441
0.135627 0.134666 0.14832
0.148765 0.130506 0.164757
0.148051 0.13059 0.163965
0.148772 0.132271 0.161267
0.150064 0.136531 0.154416
0.149047 0.135761 0.153914
0.114542 0.128408 0.074838
-0.016147 0.127949 0.070748
0.073616 0.127779 0.073877
0.087715 0.127913 0.074266
0.097681 0.128097 0.074478
0.106497 0.128259 0.074668
-0.27013 0.011167 0.082756
-0.2719205 0.011736 0.071525
-0.271296 0.0234755 0.0714655
-0.27013 0.035226 0.071405
-0.256498 0.05963 0.04746
-0.258355 0.057667 0.054629
-0.26034 0.054368 0.062915
-0.261986 0.0509 0.06954
-0.262819 0.048427 0.071758
-0.26349 0.04402 0.071787
-0.267298 0.034971 0.071377
-0.264677 0.03471 0.071843
-0.257826 0.059418 0.040389
-0.255155 0.059157 0.040855
-0.255269 0.060153 0.042501
-0.26082 0.057024 0.039739
-0.258461 0.056741 0.040403
-0.079782 0.114196 0.028862
-0.081654 0.114994 0.028819
-0.076039 0.112614 0.028953
-0.065182 0.109774 0.029165
-0.070988 0.110911 0.029066
-0.056904 0.109259 0.029307
-0.044422 0.109407 0.029561
-0.033199 0.109774 0.029794
-0.030204 0.109873 0.029857
-0.028671 0.109922 0.029886
-0.027512 0.113066 0.032344
-0.026481 0.115884 0.035494
-0.025683 0.117855 0.038969
-0.024143 0.120426 0.050144
-0.024736 0.119437 0.04575
-0.024016 0.120723 0.046365
-0.024751 0.120327 0.044578
-0.024765 0.120723 0.043744
-0.024779 0.120059 0.042268
-0.02521 0.119515 0.042014
-0.082551 0.115298 0.028798
-0.083745 0.114182 0.027541
-0.084896 0.114231 0.027512
-0.086832 0.114309 0.027463
-0.082947 0.114048 0.027562
-0.088788 0.114394 0.027414
-0.088732 0.112917 0.033898
-0.087644 0.098995 0.038313
-0.089714 0.116513 0.030649
-0.090258 0.115319 0.028494
-0.09001 0.114443 0.027378
-0.08739 0.081577 0.054813
-0.087015 0.079062 0.044938
-0.09338 0.06033 0.078158
-0.089332 0.05927 0.066404
-0.146137 0.036667 0.112748
-0.131939 0.037048 0.110459
-0.119416 0.037253 0.105232
-0.108538 0.037338 0.098084
-0.162009 0.036066 0.111031
-0.17675 0.035374 0.106581
-0.187529 0.034724 0.100627
-0.195617 0.03406 0.093415
-0.099716 0.037232 0.089057
-0.202264 0.033326 0.085193
-0.207244 0.03252 0.076124
-0.210337 0.031659 0.066348
-0.215543 0.01347 0.037649
-0.213467 0.013541 0.037924
-0.21157525 0.013638 0.038701
-0.217747 0.013385 0.037359
-0.219428 0.013329 0.03714
-0.221307 0.013265 0.0368925
-0.211503 0.013809 0.041865
-0.211934 0.014134 0.048152
-0.22332 0.013195 0.036631
-0.225616 0.01311 0.036328
-0.228526 0.012997 0.035946
-0.231832 0.01287 0.035508
-0.235738 0.012728 0.035
-0.231592 0.096777 0.06336
-0.231641 0.092942 0.066016
-0.231507 0.099235 0.059171
-0.231662 0.088315 0.066976
-0.231641 0.083448 0.066072
-0.231592 0.079168 0.063445
-0.231514 0.0763 0.059256
-0.231415 0.075142 0.05429
-0.231323 0.076018 0.049339
-0.231245 0.078659 0.045157
-0.232955 0.077967 0.043985
-0.232877 0.082565 0.041194
-0.232828 0.087792 0.040312
-0.232821 0.092624 0.041477
-0.232856 0.096714 0.044472
-0.232934 0.099687 0.049077
-0.231415 0.100019 0.054234
-0.250366 0.037048 0.032895
-0.245493 0.025047 0.033665
-0.240442 0.012559 0.034378
-0.2630315 0.035021 0.0318175
-0.260524 0.044825 0.031461
-0.259055 0.044825 0.031645
-0.257119 0.045793 0.031878
-0.263568 0.035113 0.033382
-0.262692 0.045433 0.035459
-0.262035 0.052623 0.03755
-0.262346 0.052588 0.038892
-0.254703 0.035939 0.03233
-0.211814 0.014551 0.056741
-0.210337 0.014975 0.066348
-0.0230025 0.1215275 0.0507335
-0.020901 0.12405 0.059143
-0.016006 0.127002 0.067442
-0.243168 0.044904375 0.08681075
-0.259768 0.059334 0.117579
-0.2609795 0.054714 0.1191435
-0.258412 0.062237 0.115559
-0.257084 0.064172 0.11344
-0.242307 0.074506 0.08715
-0.24213 0.074457 0.086691
-0.256794 -0.057511 0.054912
-0.258786 -0.054213 0.06319
-0.254937 -0.059475 0.047735
-0.260432 -0.050744 0.069823
-0.261258 -0.048279 0.072041
-0.261936 -0.043864 0.072062
-0.263116 -0.034555 0.072119
-0.26847 -0.023246 0.071447
-0.265843 -0.02302 0.071914
-0.2638545 -0.022847 0.072263
-0.255763 -0.056487 0.04087
-0.253566 -0.059002 0.041138
-0.25416 -0.056332 0.041152
-0.2537 -0.059998 0.042777
-0.261718 -0.052489 0.039768
-0.259365 -0.052249 0.040432
-0.256695 -0.051988 0.040898
-0.261534 -0.047432 0.119381
-0.260291 -0.054368 0.117947
-0.259457 -0.057652 0.116915
-0.258525 -0.05927 0.115496
-0.262932 -0.036603 0.120899
-0.264183 -0.024051 0.122199
-0.264988 -0.011916 0.122997
-0.265285 0 0.123265
-0.264988 0.011916 0.122997
-0.264183 0.024051 0.122199
-0.257338 -0.060711 0.113574
-0.256074 -0.062039 0.111491
-0.253609 -0.06372 0.10721
-0.248827 -0.066228 0.09867
-0.244249 -0.068467 0.090462
-0.243292375 0.0330435 0.08682475
-0.245295 -0.033453 0.090667
-0.24509 -0.045235 0.090611
-0.244659 -0.058126 0.090533
0.31617 -0.061587 0.18777
0.312949 -0.060111 0.188568
0.3105035 -0.05849125 0.189041
0.276643 -0.113525 0.177033
0.290127 -0.110798 0.17822
0.304028 -0.107676 0.179399
0.319893 -0.089156 0.183955
0.31831 -0.104349 0.180529
0.322181 -0.064003 0.186675
0.319653 -0.063035 0.187021
0.326801 -0.064087 0.186788
0.30809 -0.05684 0.188999
0.306564 -0.055957 0.190362
0.305059 -0.055138 0.191972
0.303438 -0.054336 0.193127
0.29854 -0.064667 0.193314
0.295693 -0.066807 0.194141
0.192015 -0.141984 0.146377
0.172887 -0.14156 0.145155
0.214971 -0.14233 0.14791
0.160992 -0.141475 0.14452
0.151979 -0.140762 0.1475
0.154635 -0.141546 0.144251
0.151181 -0.140486 0.147387
0.276784 -0.122171 0.172491
0.27718 -0.13088 0.164785
0.264861 -0.139088 0.154204
0.261774 -0.141398 0.148998
0.238344 -0.142167 0.149478
0.2904905 -0.0665385 0.1959385
0.277745 -0.068707 0.198188
0.276929 -0.0685905 0.195677
0.260213 -0.069773 0.200915
0.241926 -0.060287 0.208402
0.22337 -0.044119 0.216038
0.205824 0 0.223045
0.205824 -0.023359 0.222557
0.205824 0.023359 0.222557
0.126458 -0.129778 0.148786
0.126635 -0.132582 0.145805
0.149238 -0.139384 0.144428
0.133889 -0.130541 0.149634
0.133642 -0.132427 0.147875
0.13326 -0.129955 0.15207
0.130421 -0.128782 0.15253
0.126246 -0.12862 0.152713
0.150114 -0.139554 0.147274
0.1260765 -0.123156 0.0542795
0.126818 -0.122312 0.053746
0.127876 -0.1215685 0.05347275
0.120751 -0.125872 0.062901
0.123986 -0.123513 0.054417
0.11469 -0.128203 0.071221
0.130894 -0.132349 0.146413
0.106638 -0.12804 0.071031
-0.006258 -0.127052 0.067739
0.009303 -0.127129 0.068227
0.029342 -0.127228 0.068848
0.052531 -0.127348 0.069562
0.073743 -0.127489 0.070197
0.087849 -0.127673 0.070579
0.097823 -0.127871 0.070819
-0.082057 -0.113709 0.027583
-0.080178 -0.112833 0.027618
-0.076434 -0.111088 0.027696
-0.065571 -0.107966 0.027908
-0.057243 -0.107394 0.028063
-0.071384 -0.109216 0.027802
-0.044641 -0.107556 0.028311
-0.033283 -0.107966 0.028537
-0.03026 -0.108079 0.0286
-0.028706 -0.108135 0.028628
-0.027569 -0.109718 0.029992
-0.023218 -0.122036 0.046958
-0.023232 -0.123689 0.04575
-0.02326 -0.123421 0.043186
-0.023246 -0.124276 0.044839
-0.023281 -0.120779 0.039732
-0.024129 -0.115799 0.035692
-0.023324 -0.117092 0.035741
-0.024857 -0.114535 0.035607
-0.025287 -0.114189 0.035473
-0.025789 -0.111187 0.032556
-0.026594 -0.109011 0.030253
-0.083908 -0.113313 0.027046
-0.083109 -0.113172 0.02706
-0.085059 -0.113362 0.027018
-0.086994 -0.113447 0.026983
-0.088951 -0.113532 0.02694
-0.089714 -0.110226 0.030642
-0.088732 -0.096671 0.033898
-0.087644 -0.077014 0.038313
-0.09047 -0.114217 0.028487
-0.090646 -0.114111 0.027364
-0.090173 -0.113588 0.026912
-0.08739 -0.057624 0.054813
-0.087015 -0.055844 0.044938
-0.022547 -0.122481 0.047163
-0.09338 -0.036893 0.078158
-0.089332 -0.036243 0.066404
-0.162009 -0.017058 0.111031
-0.146137 -0.017341 0.112741
-0.131939 -0.017525 0.110466
-0.119416 -0.017616 0.105232
-0.108531 -0.017659 0.098091
-0.17675 -0.016726 0.106581
-0.187529 -0.016423 0.10062
-0.195617 -0.016112 0.093415
-0.099716 -0.017609 0.089057
-0.202264 -0.015759 0.085193
-0.207244 -0.015377 0.076124
-0.020512 -0.121711 0.050879
-0.015625 -0.124099 0.059291
-0.215579 0 0.037649
-0.213488 0 0.037924
-0.21157875 0 0.0387045
-0.217811 0 0.037352
-0.219534 0 0.037126
-0.2214625 0 0.036875
-0.211503 0 0.04188
-0.211934 0 0.048159
-0.223476 0 0.03661
-0.225736 0 0.036314
-0.228604 0 0.035939
-0.211814 0 0.056741
-0.210337 0 0.066348
-0.23186 0 0.035508
-0.230023 -0.095937 0.062124
-0.230073 -0.09237 0.064631
-0.230087 -0.08811 0.065627
-0.230073 -0.083738 0.064864
-0.230031 -0.079938 0.062547
-0.229882 -0.076328 0.054544
-0.22996 -0.077374 0.058896
-0.229797 -0.077084 0.050158
-0.22972 -0.079401 0.046379
-0.231189 -0.082792 0.042494
-0.22967 -0.083046 0.043864
-0.229953 -0.098211 0.058345
-0.231175 -0.087566 0.041555
-0.231189 -0.092151 0.042529
-0.231245 -0.096057 0.045199
-0.231323 -0.098819 0.049339
-0.229868 -0.098953 0.053958
-0.235745 0 0.035
-0.250607 -0.024489 0.032987
-0.245599 -0.012368 0.0337
-0.240456 0 0.034378
-0.2641545 -0.0233695 0.031793
-0.261619 -0.034802 0.03144
-0.262586 -0.02338 0.031419
-0.259916 -0.034781 0.031659
-0.257748 -0.035176 0.031934
-0.255113 -0.024009 0.0324
-0.26472 -0.023409 0.033375
-0.26402 -0.035198 0.035438
-0.263158 -0.045496 0.03755
-0.263462 -0.045539 0.038906
-0.262834 -0.045482 0.039782
-0.207244 0 0.076116
0.23898 0.114817 0.175846
0.238959 0.119494 0.173727
0.238825 0.125759 0.169524
0.191662 0.13504 0.158251
0.172971 0.135775 0.156556
0.153815 0.136432 0.155186
0.160759 0.136192 0.155652
0.214328 0.134115 0.160243
0.238464 0.133133 0.162058
0.194854 0.127638 0.182677
0.213382 0.122538 0.183235
0.178827 0.130506 0.189345
0.181963 0.126423 0.196472
0.179943 0.128874 0.190334
0.181095 0.127631 0.197206
0.149669 0.132236 0.161938
0.31617 0.061587 0.18777
0.312949 0.060111 0.188568
0.3105035 0.05848775 0.189041
0.290127 0.110798 0.17822
0.304028 0.107676 0.179399
0.276643 0.113525 0.177033
0.260587 0.11628 0.175613
0.319893 0.089156 0.183955
0.31831 0.104349 0.180529
0.322181 0.064003 0.186675
0.326801 0.064087 0.186788
0.319653 0.063035 0.187021
0.30809 0.05684 0.188999
0.306564 0.055957 0.190362
0.305059 0.055138 0.191972
0.303438 0.054336 0.193127
0.29854 0.064667 0.193314
0.295693 0.066807 0.194141
0.2904905 0.0665385 0.1959385
0.277752 0.068707 0.198188
0.2769255 0.0685905 0.195677
0.260213 0.069773 0.200915
0.241926 0.06028 0.208402
0.22337 0.044119 0.216038
0.126458 0.129778 0.148786
0.126635 0.132582 0.145805
0.149238 0.139384 0.144428
0.133642 0.132427 0.147875
0.133889 0.130541 0.149634
0.13326 0.129955 0.15207
0.130421 0.128782 0.15253
0.126246 0.12862 0.152713
0.1260765 0.123156 0.0542795
0.126818 0.122312 0.053746
0.127876 0.1215685 0.05347275
0.120751 0.125872 0.062901
0.123986 0.123513 0.054417
0.11469 0.128203 0.071221
0.130894 0.132349 0.146413
0.150954 0.136651 0.154804
0.150114 0.139554 0.147274
0.151181 0.140486 0.147387
0.106638 0.12804 0.071031
-0.006258 0.127052 0.067739
0.009303 0.127129 0.068227
0.073743 0.127489 0.070197
0.052531 0.127348 0.069562
0.029342 0.127228 0.068848
0.087849 0.127673 0.070579
0.097823 0.127871 0.070819
-0.254944 0.059475 0.047735
-0.256794 0.057511 0.054912
-0.258786 0.054213 0.06319
-0.260432 0.050744 0.069823
-0.261258 0.048272 0.072041
-0.261936 0.043864 0.072062
-0.263116 0.034555 0.072119
-0.265843 0.02302 0.071914
-0.26847 0.023246 0.071447
-0.2638545 0.0228505 0.072263
-0.255763 0.056487 0.04087
-0.253566 0.059002 0.041138
-0.25416 0.056332 0.041152
-0.2537 0.059998 0.042777
-0.261718 0.052489 0.039768
-0.259365 0.052249 0.040432
-0.256695 0.051988 0.040898
-0.080178 0.112833 0.027618
-0.08205 0.113709 0.027583
-0.076434 0.111088 0.027696
-0.065578 0.107966 0.027908
-0.071384 0.109216 0.027802
-0.05725 0.107394 0.028063
-0.044641 0.107556 0.028311
-0.033283 0.107966 0.028537
-0.03026 0.108079 0.0286
-0.028706 0.108135 0.028628
-0.027569 0.109718 0.029992
-0.026538 0.112147 0.032436
-0.025725 0.114669 0.035402
-0.025238 0.117318 0.038969
-0.023218 0.122036 0.046958
-0.02403 0.122001 0.045178
-0.024044 0.122496 0.044309
-0.024058 0.12174 0.042741
-0.024087 0.119268 0.039464
-0.024814 0.117777 0.03916
-0.083109 0.113172 0.02706
-0.083908 0.113313 0.027046
-0.085059 0.113362 0.027018
-0.086994 0.113447 0.026983
-0.088951 0.113532 0.02694
-0.089714 0.110226 0.030642
-0.088732 0.096671 0.033898
-0.087644 0.077014 0.038313
-0.09047 0.114217 0.028487
-0.090646 0.114111 0.027364
-0.090173 0.113588 0.026912
-0.08739 0.057624 0.054813
-0.087015 0.055844 0.044938
-0.09338 0.036893 0.078158
-0.089332 0.036243 0.066404
-0.146137 0.017341 0.112741
-0.131939 0.017525 0.110459
-0.119416 0.017616 0.105232
-0.108531 0.017659 0.098084
-0.162009 0.017058 0.111031
-0.17675 0.016726 0.106581
-0.187529 0.016423 0.100627
-0.195617 0.016112 0.093415
-0.099716 0.017609 0.089057
-0.202264 0.015759 0.085193
-0.207244 0.015384 0.076124
-0.230023 0.095937 0.062124
-0.230073 0.09237 0.064631
-0.229953 0.098211 0.058345
-0.230087 0.08811 0.065627
-0.230073 0.083738 0.064864
-0.230031 0.079938 0.062547
-0.22996 0.077374 0.058896
-0.229882 0.076328 0.054544
-0.229797 0.077084 0.050158
-0.22972 0.079401 0.046379
-0.231189 0.082792 0.042494
-0.22967 0.083046 0.043864
-0.231175 0.087566 0.041555
-0.231189 0.092151 0.042529
-0.231238 0.096057 0.045199
-0.231323 0.098819 0.049339
-0.229868 0.098953 0.053958
-0.250607 0.024496 0.032987
-0.245599 0.012368 0.0337
-0.2641545 0.0233695 0.031793
-0.262586 0.02338 0.031419
-0.261619 0.034802 0.03144
-0.259916 0.034781 0.031659
-0.257748 0.035176 0.031941
-0.26472 0.023409 0.033375
-0.26402 0.035198 0.035438
-0.263158 0.045496 0.03755
-0.263462 0.045539 0.038906
-0.262834 0.045482 0.039782
-0.255113 0.024009 0.0324
-0.022547 0.122481 0.047163
-0.020512 0.121711 0.050879
-0.015625 0.124099 0.059291
-0.259556 0.058761 0.117247
-0.258313 0.061467 0.115404
-0.257077 0.063282 0.11344
-0.255819 0.064857 0.111392
-0.25339 0.066835 0.107161
-0.248636 0.069872 0.098642
-0.244087 0.07262 0.090434
-0.242265 0.073722 0.087157
-0.269268 0 0.071546
-0.269092 -0.011605 0.071511
-0.255636 -0.05730425 0.05511125
-0.2576135 -0.054029 0.06337225
-0.25925225 -0.05058375 0.0699765
-0.2537835 -0.05925425 0.047949
-0.260404 -0.048187 0.072189
-0.2607465 -0.04374625 0.07221175
-0.261931 -0.03444 0.07226875
-0.266471 -0.011471 0.071977
-0.264903 -0.011393 0.072253
-0.255106 -0.051839 0.041173
-0.25269 -0.058917 0.041286
-0.253277 -0.056247 0.0413
-0.2539685 -0.0517225 0.0413745
-0.252846 -0.059913 0.042932
-0.26051 -0.045256 0.040453
-0.257882 -0.044995 0.040912
-0.256314 -0.044839 0.041194
-0.261576 -0.036363 0.118575
-0.260312 -0.047283 0.117254
-0.259245 -0.054735 0.116167
-0.257939 -0.055343 0.11397
-0.262735 -0.02391 0.119783
-0.263498 -0.01186 0.120525
-0.263773 0 0.120786
-0.263498 0.01186 0.120525
-0.262932 0.036603 0.120899
-0.262735 0.02391 0.119783
-0.261534 0.047432 0.119381
-0.256604 -0.055929 0.11171
-0.254103 -0.056586 0.10733
-0.249279 -0.057419 0.098755
-0.243338 -0.022052 0.087291
-0.24538 -0.02225 0.090717
-0.250119 -0.034336 0.098953
-0.250352 -0.022737 0.099052
-0.24978 -0.045955 0.098861
0.323142 -0.039414 0.188462
0.319758 -0.039026 0.189041
0.316714 -0.038659 0.189719
0.3146305 -0.038291 0.1902065
0.290233 -0.120405 0.173544
0.303781 -0.118476 0.174561
0.317858 -0.116371 0.175507
0.332932 -0.100994 0.181575
0.334182 -0.084451 0.184902
0.33289 -0.114083 0.176383
0.325769 -0.039725 0.188299
0.330262 -0.039923 0.188497
0.336577 -0.062879 0.187409
0.3123945 -0.0379205 0.1899805
0.310032 -0.037606 0.191478
0.3084 -0.037401 0.193166
0.306677 -0.037193 0.1943
0.301633 -0.053061 0.194155
0.29741275 -0.0623955 0.19405425
0.295516 -0.065712 0.194416
0.173755 -0.140988 0.14173
0.19181 -0.141934 0.143086
0.214131 -0.143418 0.143411
0.161366 -0.14055 0.140472
0.238832 -0.143644 0.146264
0.151357 -0.141256 0.144166
0.15212 -0.141574 0.144138
0.154055 -0.140409 0.139554
0.150248 -0.140289 0.144301
0.291024 -0.129601 0.16576
0.280676 -0.137188 0.156372
0.284914 -0.139914 0.144357
0.288319 -0.138968 0.146681
0.260404 -0.142923 0.146024
0.281389 -0.141503 0.142224
0.295248 -0.065239 0.193922
0.289809 -0.066051 0.193872
0.2889895 -0.065931 0.1913615
0.277024 -0.066637 0.195151
0.260609 -0.057928 0.202553
0.242074 -0.042593 0.210528
0.223419 -0.022829 0.217373
0.223433 0 0.217839
0.223419 0.022829 0.217373
0.130378 -0.129743 0.148991
0.149245 -0.139052 0.139406
0.146886 -0.136926 0.127016
0.143502 -0.134327 0.110417
0.139413 -0.131678 0.092899
0.135281 -0.12874 0.076519
0.13177 -0.125264 0.063296
0.129277 -0.122644 0.054205
0.124841 -0.12347 0.050547
0.125201 -0.123047 0.050285
0.125773 -0.122072 0.04977
0.126345 -0.121104 0.04931
0.118808 -0.123477 0.054326
0.113398 -0.125724 0.062724
0.122983 -0.123562 0.050603
0.105677 -0.125561 0.06254
-0.005891 -0.124191 0.05956
0.009642 -0.124339 0.05999
0.073877 -0.124975 0.061763
0.052807 -0.124749 0.061191
0.029653 -0.12453 0.060548
0.087651 -0.125187 0.062117
0.097222 -0.125385 0.062343
-0.082212 -0.112826 0.027074
-0.08034 -0.111921 0.027117
-0.076597 -0.110113 0.027187
-0.071546 -0.108185 0.027286
-0.065733 -0.106885 0.027399
-0.057384 -0.106299 0.027562
-0.044726 -0.106461 0.027802
-0.033319 -0.106885 0.028021
-0.030281 -0.107005 0.028085
-0.02872 -0.107062 0.028113
-0.027597 -0.107966 0.028763
-0.022568 -0.124254 0.045948
-0.022575 -0.124869 0.04503
-0.022589 -0.123986 0.043342
-0.022617 -0.121288 0.039831
-0.022653 -0.11753 0.03577
-0.022702 -0.113468 0.032422
-0.023373 -0.113101 0.032471
-0.024185 -0.112027 0.032633
-0.024913 -0.110996 0.032768
-0.025344 -0.110763 0.032704
-0.025838 -0.108255 0.03055
-0.026615 -0.107373 0.029116
-0.083964 -0.112056 0.026877
-0.083166 -0.111914 0.026891
-0.085115 -0.112105 0.026855
-0.087051 -0.11219 0.02682
-0.089007 -0.112282 0.026785
-0.09047 -0.108051 0.028487
-0.089714 -0.094362 0.030649
-0.088732 -0.075205 0.033898
-0.087644 -0.054403 0.038313
-0.090837 -0.1127725 0.0271275
-0.090604 -0.113454 0.027025
-0.090229 -0.112331 0.026757
-0.08739 -0.03524 0.054813
-0.087015 -0.034152 0.044938
-0.020414 -0.124254 0.046005
-0.020392 -0.122488 0.04722
-0.09338 -0.017447 0.078158
-0.089332 -0.017143 0.066404
-0.162009 0 0.111031
-0.146137 0 0.112741
-0.131939 0 0.110459
-0.119416 0 0.105232
-0.108538 0 0.098084
-0.17675 0 0.106581
-0.187529 0 0.100627
-0.195617 0 0.093415
-0.099716 0 0.089057
-0.202264 0 0.085193
-0.01525 -0.121761 0.05102
-0.229501 -0.095407 0.061467
-0.229543 -0.092038 0.063854
-0.229557 -0.088026 0.064836
-0.22955 -0.083957 0.064144
-0.229508 -0.080425 0.062004
-0.229367 -0.077063 0.054615
-0.229289 -0.077762 0.050554
-0.229444 -0.078045 0.058627
-0.229218 -0.079903 0.047029
-0.229176 -0.083279 0.044641
-0.229656 -0.087347 0.042876
-0.229155 -0.087284 0.04366
-0.22943 -0.097547 0.057942
-0.22967 -0.091642 0.04366
-0.229713 -0.095358 0.045984
-0.229783 -0.097893 0.049628
-0.229352 -0.098246 0.053881
-0.250854 -0.012185 0.033008
-0.245655 0 0.0337
-0.264776 -0.0116935 0.031786
-0.263264 -0.01174 0.031376
-0.2607 -0.023465 0.031666
-0.261393 -0.011817 0.031623
-0.258348 -0.02367 0.031977
-0.255523 -0.012022 0.032393
-0.265348 -0.011704 0.033418
-0.265172 -0.023465 0.035416
-0.264479 -0.035282 0.037528
-0.265638 -0.023522 0.037486
-0.264783 -0.035339 0.038885
-0.264154 -0.035289 0.039768
-0.261845 -0.035063 0.040439
0.260601 0.123915 0.171213
0.26058 0.13206 0.163598
0.214067 0.139858 0.1526
0.191167 0.140204 0.150573
0.17242 0.140437 0.14885
0.154514 0.140691 0.147677
0.160766 0.140592 0.148009
0.238196 0.139349 0.154359
0.319758 0.039026 0.189041
0.323142 0.039414 0.188462
0.316714 0.038659 0.189719
0.3146305 0.038291 0.1902065
0.290233 0.120405 0.173544
0.303781 0.118476 0.174561
0.317858 0.116371 0.175507
0.276784 0.122171 0.172491
0.332932 0.100994 0.181575
0.334182 0.084451 0.184902
0.33289 0.114083 0.176383
0.325769 0.039725 0.188299
0.330262 0.039923 0.188497
0.336577 0.062879 0.187409
0.3123945 0.0379205 0.1899805
0.310032 0.037606 0.191478
0.3084 0.037401 0.193166
0.306677 0.037193 0.1943
0.301633 0.053061 0.194155
0.29741275 0.0623955 0.19405425
0.295516 0.065719 0.194416
0.295248 0.065239 0.193922
0.289809 0.066051 0.193872
0.2889895 0.065931 0.1913615
0.277024 0.066637 0.195151
0.260609 0.057928 0.202553
0.242074 0.042593 0.210528
0.130371 0.129743 0.148984
0.150248 0.140289 0.144301
0.149245 0.139052 0.139406
0.146886 0.136919 0.127016
0.143502 0.134327 0.110417
0.139413 0.131678 0.092899
0.135288 0.12874 0.076519
0.13177 0.125272 0.063296
0.124834 0.123463 0.050547
0.125201 0.123047 0.050285
0.125773 0.122072 0.04977
0.126345 0.121104 0.04931
0.118808 0.123477 0.054326
0.113398 0.125724 0.062724
0.122983 0.123562 0.050603
0.129277 0.122644 0.054205
0.151979 0.140762 0.1475
0.151357 0.141256 0.144166
0.105677 0.125561 0.06254
-0.005891 0.124191 0.05956
0.009642 0.124339 0.05999
0.052807 0.124749 0.061191
0.073884 0.124975 0.061763
0.087651 0.125187 0.062117
0.029653 0.12453 0.060548
0.097222 0.125385 0.062343
-0.269092 0.011605 0.071511
-0.2537835 0.05925425 0.047949
-0.255636 0.05730425 0.05511125
-0.2576135 0.054029 0.06337225
-0.25925225 0.05058375 0.0699765
-0.260404 0.048187 0.072189
-0.2607465 0.04374625 0.07221175
-0.261931 0.03444 0.07226875
-0.266471 0.011478 0.071977
-0.264903 0.011401 0.072253
-0.255106 0.051839 0.041173
-0.253277 0.056247 0.0413
-0.25269 0.058917 0.041286
-0.2539685 0.0517225 0.0413745
-0.252846 0.059913 0.042932
-0.26051 0.045256 0.040453
-0.257882 0.044995 0.040912
-0.256314 0.044839 0.041194
-0.08034 0.111921 0.027117
-0.082212 0.112826 0.027074
-0.076597 0.110113 0.027187
-0.057384 0.106299 0.027562
-0.065733 0.106885 0.027399
-0.071546 0.108185 0.027286
-0.044726 0.106461 0.027802
-0.033319 0.106885 0.028021
-0.030281 0.107005 0.028085
-0.02872 0.107062 0.028113
-0.027597 0.107966 0.028763
-0.026594 0.109011 0.030253
-0.025789 0.111187 0.032556
-0.025287 0.114189 0.035473
-0.024857 0.114535 0.035607
-0.023232 0.123689 0.04575
-0.023246 0.124276 0.044839
-0.02326 0.123421 0.043186
-0.023281 0.120779 0.039732
-0.023324 0.117092 0.035741
-0.024129 0.115799 0.035692
-0.083166 0.111914 0.026891
-0.083964 0.112056 0.026877
-0.085115 0.112105 0.026855
-0.087051 0.11219 0.02682
-0.089007 0.112282 0.026785
-0.09047 0.108051 0.028487
-0.089714 0.094362 0.030642
-0.088732 0.075205 0.033898
-0.087644 0.054396 0.038313
-0.090837 0.1127725 0.0271275
-0.090604 0.113454 0.027025
-0.090229 0.112331 0.026757
-0.08739 0.03524 0.054813
-0.087015 0.034152 0.044938
-0.09338 0.017447 0.078158
-0.089332 0.017143 0.066404
-0.229501 0.095407 0.061467
-0.229543 0.092038 0.063854
-0.22943 0.097547 0.057942
-0.229557 0.088026 0.064836
-0.22955 0.083957 0.064144
-0.229508 0.080425 0.062004
-0.229444 0.078045 0.058627
-0.229367 0.077063 0.054615
-0.229289 0.077762 0.050554
-0.229218 0.079903 0.047029
-0.229176 0.083279 0.044641
-0.229649 0.087347 0.042876
-0.229155 0.087284 0.04366
-0.22967 0.091642 0.04366
-0.229713 0.095358 0.045984
-0.229783 0.097893 0.049628
-0.229352 0.098246 0.053881
-0.250854 0.012185 0.033008
-0.264776 0.0116935 0.0317895
-0.263264 0.01174 0.031376
-0.2607 0.023465 0.031666
-0.261393 0.011817 0.031623
-0.258348 0.02367 0.031977
-0.265348 0.011704 0.033418
-0.265172 0.023465 0.035416
-0.265638 0.023522 0.037486
-0.264479 0.035282 0.037528
-0.264783 0.035339 0.038885
-0.264154 0.035289 0.039768
-0.261845 0.035063 0.040439
-0.255523 0.012022 0.032393
-0.020392 0.122488 0.04722
-0.020414 0.124254 0.046005
-0.022568 0.124254 0.045948
-0.01525 0.121761 0.05102
-0.259457 0.057652 0.116915
-0.260291 0.054368 0.117947
-0.258525 0.05927 0.115496
-0.257338 0.060711 0.113574
-0.256074 0.062039 0.111491
-0.253609 0.06372 0.10721
-0.248827 0.066228 0.09867
-0.244249 0.068467 0.090462
-0.266641 0 0.072013
-0.2597505 -0.0480885 0.072182
-0.26259875 -0.022759 0.0719365
-0.26339075 -0.011332625 0.072075125
-0.26508 0 0.072288
-0.2551905 -0.0447295 0.041389
-0.252747 -0.05619 0.041392
-0.252168 -0.058867 0.041378
-0.252323 -0.059863 0.043024
-0.259231 -0.034802 0.040898
-0.25767 -0.034647 0.041173
-0.2565505 -0.034537 0.0413745
-0.26087 -0.023733 0.116661
-0.259874 -0.036066 0.115665
-0.258807 -0.047149 0.114655
-0.257331 -0.047015 0.112091
-0.261541 -0.011775 0.11729
-0.261788 0 0.117523
-0.261541 0.011775 0.11729
-0.261576 0.036363 0.118575
-0.26087 0.023733 0.116661
-0.260312 0.047283 0.117254
-0.254703 -0.046683 0.107507
-0.24545 -0.011111 0.090759
-0.250529 -0.011323 0.099144
-0.255247 -0.035268 0.107754
-0.255699 -0.023253 0.108008
-0.256031 -0.011549 0.108213
0.325678 -0.018923 0.188992
0.322118 -0.018909 0.189592
0.318946 -0.018902 0.190305
0.3168875 -0.0188985 0.1907645
0.304869 -0.128231 0.166685
0.319109 -0.12679 0.167533
0.334126 -0.125279 0.168295
0.348111 -0.111886 0.177188
0.347546 -0.097922 0.182507
0.347822 -0.081245 0.185884
0.349404 -0.123831 0.168995
0.328468 -0.01898 0.188871
0.33289 -0.019121 0.18909
0.339247 -0.039965 0.188984
0.349086 -0.06117 0.188236
0.314701 -0.018895 0.1904675
0.312356 -0.018895 0.191937
0.310738 -0.018895 0.193625
0.3090185 -0.018888 0.1947305
0.304643 -0.036872 0.19525
0.306889 -0.018888 0.195681
0.3000795 -0.05179175 0.194886
0.219668 -0.145727 0.140176
0.200067 -0.144788 0.132674
0.195575 -0.142683 0.135415
0.174391 -0.140571 0.134793
0.18813 -0.141602 0.138106
0.161825 -0.139519 0.131155
0.259514 -0.145148 0.143298
0.239573 -0.145819 0.143573
0.150817 -0.140186 0.1392185
0.152664 -0.138706 0.128274
0.294612 -0.136121 0.156612
0.290134 -0.13865 0.149704
0.301054 -0.1393 0.133649
0.306281 -0.137732 0.134871
0.312568 -0.136806 0.137562
0.303096 -0.137717 0.147847
0.279228 -0.143785 0.139745
0.298003 -0.14156 0.131572
0.294633 -0.065006 0.192135
0.296265 -0.061438 0.192114
0.293984 -0.064914 0.190164
0.27826 -0.05535 0.196415
0.28935 -0.064073 0.190708
0.29466525 -0.06237075 0.189032
0.26111 -0.040827 0.20456
0.242159 -0.022017 0.211849
0.242187 0 0.212301
0.242159 0.022017 0.211849
0.1486485 -0.1381945 0.127126
0.145364 -0.1357325 0.1108055
0.1411115 -0.133105 0.0931925
0.128231 -0.122241 0.050229
0.127186 -0.121055 0.049536
0.126684 -0.120723 0.049233
0.136785 -0.130124 0.0766955
0.133278 -0.1265815 0.0637095
0.1308625 -0.123947 0.054933
0.129382 -0.123463 0.050914
0.124473 -0.124537 0.049282
0.124848 -0.124078 0.049028
0.125469 -0.122785 0.048519
0.126077 -0.121493 0.048074
0.12643 -0.121048 0.047997
0.111823 -0.12335 0.05417
0.117925 -0.123541 0.050525
0.122637 -0.124558 0.049339
0.104484 -0.123209 0.054008
-0.005531 -0.12186 0.051267
0.009974 -0.122015 0.05167
0.073983 -0.122686 0.053308
0.087362 -0.122891 0.053626
0.053068 -0.122453 0.052779
0.029949 -0.12222 0.052178
0.096452 -0.123061 0.053831
-0.082269 -0.111568 0.026905
-0.080397 -0.110664 0.026947
-0.076653 -0.108856 0.027018
-0.071596 -0.106913 0.027117
-0.065783 -0.105621 0.02723
-0.044754 -0.10519 0.027632
-0.057433 -0.105027 0.027392
-0.033326 -0.105621 0.027851
-0.030288 -0.105734 0.027915
-0.028727 -0.10579 0.027943
-0.027604 -0.106906 0.028261
-0.020421 -0.124869 0.045079
-0.020435 -0.123993 0.043391
-0.020456 -0.121302 0.039881
-0.020491 -0.117551 0.035812
-0.020541 -0.113504 0.032464
-0.022752 -0.110064 0.030006
-0.020583 -0.110106 0.030048
-0.023423 -0.109753 0.030112
-0.024235 -0.108863 0.030458
-0.02497 -0.108022 0.030762
-0.0254 -0.107874 0.030762
-0.025867 -0.106723 0.029504
-0.026629 -0.106362 0.02865
-0.085115 -0.106052 0.026855
-0.08291525 -0.1057425 0.0268945
-0.087051 -0.106136 0.02682
-0.089007 -0.106214 0.026785
-0.090692 -0.1066395 0.02709225
-0.09047 -0.092504 0.028487
-0.089714 -0.073411 0.030642
-0.088732 -0.053125 0.033898
-0.087644 -0.033269 0.038313
-0.08739 -0.016663 0.054813
-0.087015 -0.016154 0.044938
-0.015144 -0.124268 0.046132
-0.015151 -0.124876 0.045207
-0.01513 -0.122524 0.047354
-0.09338 0 0.078158
-0.089332 0 0.066404
-0.229494 -0.095068 0.061156
-0.229536 -0.091847 0.063437
-0.22955 -0.088011 0.06437
-0.229536 -0.084119 0.063706
-0.229501 -0.08075 0.061657
-0.229437 -0.078469 0.058436
-0.229367 -0.077536 0.054601
-0.229289 -0.0782 0.050709
-0.229225 -0.080249 0.04734
-0.229183 -0.08347 0.045058
-0.229162 -0.087298 0.044126
-0.229162 -0.091352 0.044352
-0.229176 -0.09119 0.04479
-0.229423 -0.097116 0.05778
-0.229204 -0.094884 0.046492
-0.229275 -0.097265 0.049868
-0.229352 -0.09778 0.053895
-0.250974 0 0.033001
-0.264963 0 0.031793
-0.263533 0 0.031348
-0.26171 0 0.031588
-0.25892 -0.011902 0.031948
-0.259203 0 0.031913
-0.255721 0 0.032372
-0.265525 0 0.033446
-0.265793 -0.011733 0.035409
-0.266238 -0.011761 0.037408
-0.265934 -0.023564 0.038828
-0.265313 -0.023514 0.039711
-0.263003 -0.023317 0.040375
0.27718 0.13088 0.164785
0.264861 0.139088 0.154204
0.214971 0.14233 0.14791
0.192022 0.141984 0.146377
0.172887 0.14156 0.145155
0.160992 0.141475 0.14452
0.154635 0.141546 0.144251
0.238344 0.142167 0.149478
0.261774 0.141398 0.148998
0.325678 0.018923 0.188992
0.322118 0.018909 0.189599
0.318946 0.018902 0.190305
0.3168875 0.0188985 0.1907645
0.291024 0.129601 0.16576
0.304869 0.128231 0.166685
0.319109 0.12679 0.167533
0.334126 0.125279 0.168295
0.347546 0.097922 0.182507
0.348111 0.111886 0.177188
0.347822 0.081245 0.185884
0.349404 0.123831 0.168995
0.328468 0.01898 0.188871
0.33289 0.019121 0.18909
0.339247 0.039965 0.188984
0.349086 0.06117 0.188236
0.314701 0.018895 0.1904675
0.312356 0.018895 0.191937
0.310738 0.018895 0.193625
0.309015 0.018888 0.1947305
0.304643 0.036872 0.19525
0.306889 0.018888 0.195681
0.3000795 0.05179175 0.19488425
0.296265 0.061438 0.192114
0.294633 0.065006 0.192135
0.293984 0.064914 0.190164
0.27826 0.055343 0.196415
0.28935 0.064073 0.190708
0.29466525 0.062369 0.189032
0.26111 0.040827 0.20456
0.150817 0.140186 0.1392185
0.1486485 0.1381945 0.127126
0.145364 0.1357325 0.1108055
0.1411115 0.133105 0.0931925
0.136785 0.130124 0.0766955
0.133278 0.1265815 0.0637095
0.1308625 0.123947 0.054933
0.128231 0.122241 0.050229
0.127186 0.121055 0.049536
0.126684 0.120723 0.049233
0.124848 0.124078 0.049028
0.124473 0.124537 0.049282
0.125469 0.122785 0.048519
0.126077 0.121493 0.048074
0.12643 0.121048 0.047997
0.111823 0.12335 0.05417
0.117925 0.123541 0.050525
0.122637 0.124558 0.049339
0.129382 0.123463 0.050914
0.15212 0.141574 0.144138
0.104484 0.123209 0.054008
-0.005531 0.12186 0.051267
0.009974 0.122015 0.051663
0.053068 0.122453 0.052779
0.073983 0.122686 0.053308
0.087362 0.122891 0.053626
0.096452 0.123061 0.053831
0.029949 0.12222 0.052178
-0.2597505 0.0480885 0.072182
-0.26259875 0.022759 0.0719365
-0.26339075 0.011332625 0.072075125
-0.2551905 0.0447295 0.041389
-0.252747 0.05619 0.041392
-0.252168 0.05886 0.041378
-0.252323 0.059863 0.043024
-0.259231 0.034802 0.040898
-0.25767 0.034647 0.041173
-0.2565505 0.034537 0.0413745
-0.082269 0.111568 0.026905
-0.080397 0.110664 0.026947
-0.076653 0.108856 0.027018
-0.044754 0.10519 0.027632
-0.057433 0.105027 0.027392
-0.065783 0.105621 0.02723
-0.071596 0.106913 0.027117
-0.033326 0.105621 0.027851
-0.030288 0.105734 0.027915
-0.028727 0.10579 0.027943
-0.027604 0.106906 0.028261
-0.026622 0.107373 0.029116
-0.025838 0.108255 0.03055
-0.025351 0.110763 0.032704
-0.024913 0.110996 0.032768
-0.024185 0.112027 0.032633
-0.022575 0.124869 0.04503
-0.022589 0.123986 0.043342
-0.022617 0.121288 0.039831
-0.022653 0.11753 0.03577
-0.022702 0.113461 0.032422
-0.023373 0.113101 0.032471
-0.08291525 0.1057425 0.0268945
-0.085115 0.106052 0.026855
-0.087051 0.106136 0.02682
-0.089007 0.106214 0.026785
-0.090692 0.1066395 0.02709225
-0.09047 0.092504 0.028487
-0.089714 0.073411 0.030642
-0.088732 0.053125 0.033898
-0.087644 0.033269 0.038313
-0.08739 0.016663 0.054813
-0.087015 0.016154 0.044938
-0.229494 0.095068 0.061156
-0.229536 0.091847 0.063437
-0.22955 0.088011 0.06437
-0.229423 0.097116 0.05778
-0.229536 0.084119 0.063706
-0.229501 0.08075 0.061657
-0.229437 0.078469 0.058436
-0.229367 0.077536 0.054601
-0.229289 0.0782 0.050709
-0.229225 0.080249 0.04734
-0.229183 0.08347 0.045058
-0.229162 0.087298 0.044126
-0.229162 0.091352 0.044352
-0.229176 0.09119 0.04479
-0.229204 0.094884 0.046492
-0.229275 0.097265 0.049868
-0.229352 0.09778 0.053895
-0.25892 0.011902 0.031948
-0.265793 0.011733 0.035409
-0.265934 0.023564 0.038828
-0.266238 0.011761 0.037408
-0.265313 0.023514 0.039711
-0.263003 0.023317 0.040375
-0.01513 0.122524 0.047354
-0.015144 0.124268 0.046132
-0.020421 0.124869 0.045079
-0.015151 0.124876 0.045207
-0.245295 0.033453 0.090667
-0.24509 0.045235 0.090611
-0.244659 0.058126 0.090533
-0.259245 0.054735 0.116167
-0.257939 0.055343 0.11397
-0.256611 0.055929 0.11171
-0.254103 0.056586 0.10733
-0.249279 0.057419 0.098755
-0.252549 -0.059263 0.044345
-0.26357325 0 0.07215275
-0.252902 -0.055943 0.043087
-0.253842 -0.051585 0.043102
-0.252344 -0.058542 0.043073
-0.255042 -0.044712 0.043116
-0.260383 -0.023084 0.040841
-0.258821 -0.022949 0.041124
-0.257709 -0.0228575 0.041318
-0.258864 -0.02355 0.113306
-0.259372 -0.01169 0.113723
-0.258129 -0.035777 0.112691
-0.25957 0 0.113885
-0.259372 0.01169 0.113723
-0.259874 0.036066 0.115665
-0.258864 0.02355 0.113306
-0.258807 0.047149 0.114655
-0.243366 0 0.087312
-0.243338 0.022052 0.087291
-0.245478 0 0.09078
-0.250607 0 0.099186
-0.256166 0 0.108298
0.326709 0 0.189027
0.322986 0 0.189691
0.319681 0 0.190454
0.317611 0 0.190913
0.308301 -0.135005 0.1571
0.322167 -0.133917 0.157714
0.336619 -0.132921 0.158343
0.364393 -0.122573 0.169673
0.362768 -0.110099 0.177937
0.3618 -0.095435 0.183312
0.361504 -0.078631 0.186689
0.351488 -0.131982 0.158964
0.329598 0 0.188893
0.333991 0 0.189112
0.341337 -0.019396 0.189514
0.350704 -0.039916 0.189613
0.361899 -0.05975 0.18897
0.3154955 0 0.1905735
0.313232 0 0.192008
0.311657 0 0.193668
0.309961 0 0.194759
0.307821 0 0.195737
0.30282875 -0.03654825 0.19590125
0.3058575 0 0.1964505
0.30495175 -0.018881 0.19636375
0.22154 -0.147755 0.138254
0.20249 -0.146879 0.130449
0.182557 -0.142853 0.119946
0.185269 -0.145035 0.117827
0.176129 -0.140437 0.123781
0.160045 -0.137908 0.116831
0.240266 -0.147847 0.141631
0.258991 -0.147204 0.141207
0.278034 -0.145883 0.137626
0.149846 -0.13651 0.112536
0.318649 -0.136199 0.119091
0.315111 -0.13829 0.11741
0.324406 -0.134864 0.119833
0.331456 -0.13408 0.120066
0.325268 -0.135747 0.135337
0.315089 -0.136856 0.147133
0.296421 -0.143644 0.129566
0.313168 -0.14026 0.115686
0.298773 -0.051211 0.19294
0.295622 -0.061347 0.190136
0.297436 -0.0517915 0.19001925
0.279708 -0.039026 0.198005
0.291377 -0.053294 0.191591
0.261435 -0.02107 0.205789
0.261541 0 0.206205
0.261435 0.02107 0.205789
0.127927 -0.122828 0.048971
0.129043 -0.124184 0.049628
0.126924 -0.121478 0.0483
0.130216 -0.123894 0.051175
0.129863 -0.124643 0.04989
0.124586 -0.12453 0.048095
0.124205 -0.124996 0.048329
0.125215 -0.12316 0.047615
0.125837 -0.121782 0.047191
0.126197 -0.121323 0.047128
0.126677 -0.121775 0.047417
0.111109 -0.12347 0.050377
0.117622 -0.124551 0.049261
0.122368 -0.12501 0.048385
0.10394 -0.123393 0.050222
0.01008 -0.122679 0.047975
-0.005418 -0.122587 0.047594
0.030048 -0.122806 0.04847
0.08722 -0.123209 0.049861
0.074012 -0.123089 0.049558
0.053153 -0.122948 0.049042
0.096099 -0.123301 0.050052
-0.080397 -0.104688 0.026947
-0.076653 -0.102979 0.027018
-0.071596 -0.101143 0.027117
-0.065783 -0.099913 0.02723
-0.044754 -0.099511 0.027632
-0.033326 -0.099913 0.027851
-0.057433 -0.099355 0.027392
-0.030288 -0.100019 0.027915
-0.028169 -0.100009 0.0280175
-0.027611 -0.105642 0.028092
-0.015165 -0.124007 0.043518
-0.01518 -0.121337 0.040001
-0.015215 -0.117615 0.035932
-0.015257 -0.113588 0.032577
-0.0153 -0.110219 0.030154
-0.022773 -0.108284 0.028741
-0.020604 -0.108333 0.028784
-0.015321 -0.108453 0.02889
-0.023444 -0.108008 0.028883
-0.024263 -0.10721 0.029314
-0.024998 -0.106461 0.029716
-0.025429 -0.106362 0.029744
-0.025881 -0.105755 0.029073
-0.026629 -0.105126 0.028494
-0.085115 -0.090794 0.026855
-0.087051 -0.090865 0.02682
-0.082917 -0.09052625 0.0268945
-0.08977 -0.09104625 0.026863625
-0.09047 -0.07197 0.028487
-0.089714 -0.051853 0.030649
-0.088732 -0.032485 0.033898
-0.087644 -0.015738 0.038313
-0.08739 0 0.054813
-0.087015 0 0.044938
-0.005432 -0.124583 0.045906
-0.005439 -0.124035 0.043744
-0.229748 -0.094884 0.060986
-0.22979 -0.091741 0.063211
-0.229805 -0.088004 0.064123
-0.229797 -0.084204 0.063473
-0.229762 -0.080913 0.061474
-0.229699 -0.078688 0.058331
-0.229628 -0.077776 0.054587
-0.22955 -0.078426 0.050794
-0.229487 -0.080425 0.047502
-0.229444 -0.083568 0.045277
-0.22943 -0.087312 0.044359
-0.229444 -0.091105 0.045009
-0.229218 -0.094566 0.046838
-0.22948 -0.094397 0.047008
-0.229684 -0.09689 0.057695
-0.229282 -0.096848 0.050059
-0.229614 -0.09754 0.053895
-0.265963 0 0.035409
-0.266535 -0.011782 0.038729
-0.266408 0 0.037366
-0.265913 -0.011754 0.039605
-0.263596 -0.011641 0.040269
0.280676 0.137188 0.156372
0.284914 0.139914 0.144357
0.288319 0.138968 0.146681
0.238832 0.143644 0.146264
0.214131 0.143418 0.143411
0.19181 0.141934 0.143086
0.173755 0.140988 0.14173
0.161366 0.14055 0.140472
0.154055 0.140409 0.139554
0.260404 0.142923 0.146024
0.281389 0.141503 0.142224
0.294612 0.136121 0.156612
0.308301 0.135005 0.1571
0.322167 0.133917 0.157714
0.336619 0.132921 0.158343
0.364393 0.122573 0.169673
0.362768 0.110099 0.177937
0.3618 0.095435 0.183312
0.361504 0.078631 0.186689
0.351488 0.131982 0.158964
0.341337 0.019396 0.189514
0.350704 0.039916 0.189613
0.361899 0.05975 0.18897
0.30282875 0.03654825 0.19590125
0.30495175 0.018881 0.19636375
0.298773 0.051211 0.19294
0.295622 0.061347 0.190136
0.297436 0.0517915 0.19001925
0.279708 0.039026 0.198005
0.291377 0.053294 0.191591
0.130216 0.123894 0.051182
0.129043 0.124184 0.049628
0.127927 0.122828 0.048971
0.126924 0.121478 0.0483
0.124586 0.12453 0.048095
0.125215 0.12316 0.047615
0.124205 0.124996 0.048329
0.125837 0.121782 0.047191
0.126197 0.121323 0.047128
0.126677 0.121775 0.047417
0.111109 0.12347 0.050377
0.117622 0.124551 0.049261
0.122368 0.12501 0.048385
0.129863 0.124643 0.04989
0.152664 0.138706 0.128274
0.10394 0.123393 0.050222
0.01008 0.122679 0.047975
-0.005418 0.122587 0.047594
0.030048 0.122806 0.04847
0.053153 0.122948 0.049042
0.08722 0.123209 0.049861
0.074012 0.123089 0.049558
0.096099 0.123301 0.050052
-0.252549 0.059263 0.044345
-0.253842 0.051585 0.043102
-0.252902 0.055943 0.043087
-0.252344 0.058542 0.043073
-0.255042 0.044712 0.043116
-0.260383 0.023084 0.040841
-0.258821 0.022949 0.041124
-0.257709 0.0228575 0.041318
-0.080397 0.104688 0.026947
-0.076653 0.102979 0.027018
-0.033326 0.099913 0.027851
-0.044754 0.099511 0.027632
-0.057433 0.099355 0.027392
-0.065783 0.099913 0.02723
-0.071596 0.101143 0.027117
-0.030288 0.100019 0.027915
-0.028169 0.100009 0.0280175
-0.027611 0.105642 0.028092
-0.026629 0.106362 0.02865
-0.025867 0.106723 0.029504
-0.0254 0.107874 0.030762
-0.02497 0.108022 0.030762
-0.024235 0.108863 0.030458
-0.023423 0.109753 0.030112
-0.020435 0.123993 0.043391
-0.020456 0.121302 0.039881
-0.020491 0.117551 0.035812
-0.020541 0.113504 0.032464
-0.020583 0.110106 0.030048
-0.022752 0.110064 0.030006
-0.082917 0.09052625 0.026898
-0.085115 0.090794 0.026855
-0.087051 0.090865 0.02682
-0.08977 0.09104625 0.026863625
-0.09047 0.07197 0.028487
-0.089714 0.051853 0.030642
-0.088732 0.032485 0.033898
-0.087644 0.015738 0.038313
-0.229748 0.094884 0.060986
-0.22979 0.091741 0.063211
-0.229805 0.088004 0.064123
-0.229797 0.084204 0.063473
-0.229684 0.09689 0.057695
-0.229762 0.080913 0.061474
-0.229699 0.078688 0.058331
-0.229628 0.077776 0.054587
-0.22955 0.078426 0.050794
-0.229487 0.080425 0.047502
-0.229444 0.083568 0.045277
-0.22943 0.087312 0.044359
-0.229444 0.091105 0.045009
-0.229218 0.094566 0.046838
-0.22948 0.094397 0.047008
-0.229275 0.096848 0.050059
-0.229614 0.09754 0.053895
-0.266535 0.011782 0.038729
-0.265913 0.011754 0.039605
-0.263596 0.011641 0.040269
-0.005432 0.124583 0.045906
-0.015165 0.124007 0.043518
-0.005439 0.124035 0.043744
-0.24538 0.02225 0.090717
-0.250119 0.034336 0.098953
-0.24978 0.045955 0.098861
-0.250352 0.022737 0.099052
-0.257331 0.047015 0.112091
-0.254703 0.046683 0.107507
-0.25358 -0.05766 0.048046
-0.255367 -0.055908 0.055088
-0.257232 -0.052969 0.063021
-0.258744 -0.049918 0.069293
-0.259471 -0.04782 0.071377
-0.260093 -0.043653 0.071384
-0.261258 -0.034421 0.071433
-0.254089 -0.055251 0.048039
-0.254937 -0.051316 0.048039
-0.256399 -0.034555 0.043095
-0.256053 -0.044818 0.048025
-0.260976 -0.011506 0.040735
-0.259415 -0.011436 0.041018
-0.258295 -0.011379 0.041219
-0.256031 0.011549 0.108213
-0.258129 0.035777 0.112691
-0.255247 0.035268 0.107754
-0.255699 0.023253 0.108008
-0.24545 0.011111 0.090759
-0.250529 0.011323 0.099144
0.327154 -0.136065 0.147168
0.340327 -0.135323 0.147564
0.375998 -0.121662 0.170188
0.374006 -0.108849 0.178502
0.366604 -0.131071 0.159572
0.372805 -0.093712 0.183892
0.372212 -0.076816 0.187254
0.354454 -0.134588 0.148136
0.342242 0 0.189521
0.352074 -0.0197 0.190065
0.362627 -0.039831 0.190249
0.372036 -0.058733 0.1895
0.2229125 -0.149134 0.1362325
0.204441 -0.148302 0.12829325
0.18766675 -0.14651675 0.115877
0.17488725 -0.14356625 0.09909925
0.172025 -0.142047 0.099998
0.168917 -0.139801 0.100867
0.16316 -0.137258 0.100627
0.153688 -0.135231 0.097731
0.25860975 -0.148606 0.13906125
0.240776 -0.1492255 0.13956625
0.277001 -0.14731125 0.13547325
0.2948665 -0.14507225 0.1275635
0.144993 -0.133875 0.09451
0.332487 -0.132286 0.101764
0.328588 -0.134157 0.10045
0.326356 -0.135959 0.099094
0.338604 -0.131191 0.102322
0.338879 -0.133642 0.120249
0.345823 -0.130626 0.102901
0.335065 -0.135203 0.135146
0.31113 -0.141641 0.11408825
0.32394175 -0.13726525 0.097955
0.301429 -0.036335 0.193929
0.30009025 -0.036702 0.191015
0.280634 -0.020152 0.198993
0.293751 -0.037663 0.192756
0.280966 0 0.19934
0.280634 0.020152 0.198993
0.139858 -0.130767 0.077317
0.136171 -0.127122 0.064101
0.129601 -0.125017 0.048908
0.128782 -0.124551 0.048668
0.127673 -0.12316 0.048046
0.133868 -0.124396 0.055314
0.132865 -0.124028 0.051415
0.132554 -0.124678 0.050116
0.132314 -0.125017 0.049127
0.123767 -0.124374 0.046612
0.124155 -0.123915 0.046414
0.124777 -0.122609 0.046005
0.125399 -0.121309 0.045644
0.125759 -0.120857 0.045602
0.126239 -0.121288 0.045863
0.127235 -0.122623 0.0464
0.110855 -0.124537 0.04912
0.117382 -0.125003 0.048307
0.121945 -0.124403 0.04664
0.103749 -0.124516 0.048964
0.0100765 -0.124604 0.04628
0.030048 -0.1246355 0.046771
0.087139 -0.124724 0.0481345
0.095965 -0.124487 0.048802
0.0740005 -0.1246995 0.047834
0.0531635 -0.124668 0.0473325
-0.080397 -0.089622 0.026947
-0.076653 -0.08816 0.027018
-0.071596 -0.086592 0.027117
-0.065783 -0.085539 0.02723
-0.044754 -0.085193 0.027632
-0.033326 -0.085532 0.027851
-0.030288 -0.085624 0.027915
-0.057433 -0.085059 0.027392
-0.028169 -0.085613 0.0280175
-0.005453 -0.121408 0.04022
-0.005474 -0.117735 0.036144
-0.00551 -0.113758 0.032775
-0.005545 -0.110424 0.030345
-0.0055695 -0.108153 0.0288195
-0.02278 -0.107217 0.028226
-0.020618 -0.107267 0.028268
-0.015328 -0.107394 0.028374
-0.023458 -0.106956 0.028374
-0.02427 -0.106193 0.028854
-0.025005 -0.105494 0.029285
-0.025436 -0.105409 0.029328
-0.025881 -0.104533 0.028932
-0.026091625 -0.0990965 0.02877125
-0.085115 -0.070635 0.026855
-0.087051 -0.070692 0.02682
-0.08977 -0.070828375 0.026863625
-0.08291525 -0.0704285 0.0268945
-0.09047 -0.050836 0.028487
-0.089714 -0.031708 0.030642
-0.088732 -0.015363 0.033898
-0.087644 0 0.038313
0.010073 -0.124092 0.044119
0.010073 -0.121521 0.04058
-0.230532 -0.094828 0.060916
-0.230574 -0.091706 0.06312
-0.230589 -0.087997 0.064024
-0.230582 -0.084232 0.063381
-0.230539 -0.080969 0.061396
-0.230483 -0.078765 0.058281
-0.230412 -0.077861 0.054573
-0.230341 -0.078504 0.050808
-0.230278 -0.080482 0.047545
-0.230228 -0.083604 0.045334
-0.230214 -0.087312 0.04443
-0.230228 -0.091077 0.045072
-0.230264 -0.09434 0.047057
-0.229543 -0.096622 0.050158
-0.230327 -0.096551 0.050172
-0.230468 -0.096813 0.057652
-0.230398 -0.097455 0.053888
-0.266697 0 0.038673
-0.266069 0 0.039542
-0.263759 0 0.040206
-0.261131 0 0.040672
0.290134 0.13865 0.149704
0.306281 0.137732 0.134871
0.301054 0.1393 0.133649
0.312568 0.136806 0.137562
0.303096 0.137717 0.147847
0.259514 0.145148 0.143298
0.239573 0.145819 0.143573
0.219668 0.145727 0.140176
0.200067 0.144781 0.132674
0.195575 0.142683 0.135415
0.18813 0.141602 0.138106
0.174391 0.140571 0.134793
0.161825 0.139519 0.131162
0.279228 0.143785 0.139745
0.298003 0.14156 0.131572
0.315089 0.136856 0.147133
0.327154 0.136065 0.147168
0.340327 0.135323 0.147564
0.374006 0.108849 0.178502
0.375998 0.121662 0.170188
0.366604 0.131071 0.159572
0.372805 0.093712 0.183892
0.372212 0.076816 0.187254
0.354454 0.134588 0.148136
0.352074 0.0197 0.190065
0.362627 0.039831 0.190249
0.372036 0.058733 0.1895
0.301429 0.036335 0.193929
0.30009025 0.036702 0.191015
0.293751 0.037663 0.192756
0.149846 0.13651 0.112536
0.144993 0.133875 0.09451
0.139858 0.130767 0.077317
0.136171 0.127122 0.064101
0.133868 0.124396 0.055314
0.132865 0.124028 0.051415
0.132554 0.124678 0.050116
0.129601 0.125017 0.048908
0.128782 0.124551 0.048668
0.127673 0.12316 0.048053
0.123767 0.124374 0.046612
0.124155 0.123915 0.046414
0.124784 0.122609 0.046005
0.125399 0.121316 0.045644
0.126239 0.121288 0.045863
0.125759 0.120864 0.045602
0.127235 0.12263 0.0464
0.110855 0.124537 0.04912
0.117382 0.125003 0.048307
0.121945 0.124403 0.04664
0.132314 0.125017 0.049127
0.160045 0.137908 0.116831
0.103749 0.124516 0.048964
0.0100765 0.124604 0.04628
0.030048 0.1246355 0.046771
0.0531635 0.124668 0.0473325
0.095965 0.124487 0.048802
0.087139 0.124724 0.0481345
0.0740005 0.1246995 0.047834
-0.25358 0.05766 0.048039
-0.255367 0.055908 0.055088
-0.258744 0.049918 0.069293
-0.259471 0.04782 0.071377
-0.257232 0.052969 0.063021
-0.260093 0.043653 0.071384
-0.261258 0.034421 0.071433
-0.254089 0.055251 0.048039
-0.254937 0.051316 0.048039
-0.256053 0.044818 0.048025
-0.256399 0.034555 0.043095
-0.260976 0.011506 0.040735
-0.259415 0.011436 0.041018
-0.2582985 0.011379 0.041219
-0.080397 0.089622 0.026947
-0.076653 0.08816 0.027018
-0.033326 0.085539 0.027851
-0.030288 0.085631 0.027915
-0.044754 0.085193 0.027632
-0.057433 0.085059 0.027392
-0.065783 0.085539 0.02723
-0.071596 0.086592 0.027117
-0.028169 0.0856165 0.0280175
-0.026637 0.105126 0.028494
-0.025881 0.105755 0.029073
-0.025429 0.106362 0.029737
-0.024998 0.106461 0.029716
-0.024263 0.10721 0.029314
-0.023444 0.108008 0.028883
-0.022773 0.108284 0.028741
-0.01518 0.121337 0.040001
-0.015215 0.117615 0.035932
-0.015257 0.113588 0.03257
-0.0153 0.110219 0.030154
-0.020611 0.108333 0.028784
-0.015321 0.108453 0.02889
-0.08291525 0.0704285 0.0268945
-0.085115 0.070635 0.026855
-0.087051 0.070692 0.02682
-0.08977 0.070828375 0.026863625
-0.09047 0.050836 0.028487
-0.089714 0.031708 0.030642
-0.088732 0.015363 0.033898
-0.230532 0.094828 0.060916
-0.230574 0.091706 0.06312
-0.230589 0.087997 0.064024
-0.230582 0.084232 0.063381
-0.230539 0.080969 0.061396
-0.230468 0.096813 0.057652
-0.230483 0.078765 0.058281
-0.230412 0.077861 0.054573
-0.230341 0.078504 0.050808
-0.230278 0.080482 0.047545
-0.230228 0.083604 0.045334
-0.230214 0.087312 0.04443
-0.230228 0.091077 0.045072
-0.230264 0.09434 0.047057
-0.229543 0.096622 0.050158
-0.230327 0.096551 0.050172
-0.230398 0.097455 0.053888
0.010073 0.124092 0.044119
-0.005453 0.121408 0.04022
0.010073 0.121521 0.04058
-0.255791 -0.053866 0.054982
-0.257494 -0.0515 0.062653
-0.258504 -0.049755 0.067287
-0.259062 -0.048032 0.068679
-0.25969 -0.043794 0.068664
-0.260863 -0.034512 0.068693
-0.262042 -0.022822 0.068806
-0.262692 -0.011358 0.069053
-0.256476 -0.050624 0.054933
-0.257388 -0.034745 0.047982
-0.258553 -0.022985 0.047919
-0.25755 -0.022858 0.043038
-0.257458 -0.044762 0.054898
-0.25957 0 0.040954
-0.2584505 0 0.041156
0.34636 -0.134602 0.135704
0.37852 -0.130371 0.160031
0.381126 -0.121266 0.170414
0.378965 -0.108298 0.178756
0.369358 -0.133811 0.148687
0.377665 -0.092956 0.184146
0.376945 -0.075996 0.187501
0.359088 -0.133924 0.1367
0.352696 0 0.190051
0.36334 -0.019912 0.190644
0.372134 -0.039718 0.19075
0.37722 -0.0580055 0.1894505
0.165424 -0.139307 0.0819265
0.163132 -0.138014 0.081683
0.159628 -0.135853 0.081238
0.154168 -0.133493 0.08034
0.146547 -0.131805 0.078779
0.340892 -0.127631 0.084889
0.336464 -0.129354 0.083879
0.334055 -0.131 0.082883
0.332402 -0.1319995 0.0822585
0.348196 -0.126564 0.085426
0.353035 -0.130357 0.104286
0.346918 -0.133317 0.120878
0.356729 -0.125985 0.086691
0.303498 -0.018824 0.194395
0.302252125 -0.0189515 0.191823875
0.295319 -0.019467 0.193484
0.295905 0 0.193738
0.295319 0.019467 0.193484
0.142401 -0.127949 0.064871
0.140345 -0.12501 0.055971
0.129178 -0.124424 0.047128
0.131939 -0.124431 0.04734
0.128351 -0.123972 0.046923
0.139497 -0.124353 0.052009
0.139278 -0.124763 0.050688
0.139109 -0.125024 0.049678
0.138841 -0.124438 0.047855
0.122919 -0.122178 0.043031
0.123315 -0.121726 0.042918
0.123937 -0.12056 0.042642
0.124551 -0.119402 0.042416
0.126395 -0.120603 0.042967
0.125392 -0.119352 0.042607
0.124904 -0.118978 0.042409
0.127511 -0.12186 0.043299
0.110657 -0.125003 0.048166
0.117007 -0.124396 0.046563
0.121118 -0.122234 0.043024
0.103601 -0.124996 0.048011
0.095866 -0.124989 0.047848
-0.080397 -0.069724 0.026947
-0.076653 -0.068587 0.027018
-0.071596 -0.067365 0.027117
-0.065783 -0.066552 0.02723
-0.044754 -0.066277 0.027632
-0.033326 -0.066545 0.027851
-0.0295075 -0.0666335 0.027929
-0.057433 -0.066171 0.027392
0.010066 -0.117918 0.036483
0.010044 -0.114019 0.0331
0.010016 -0.110749 0.030656
0.0100055 -0.1085205 0.029123
-0.02278 -0.105946 0.028056
-0.020618 -0.105995 0.028099
-0.015335 -0.106122 0.028205
-0.005573 -0.106355 0.028388
0.010002 -0.10673 0.028685
-0.023458 -0.105691 0.028212
-0.02427 -0.10495 0.028699
-0.0252275 -0.104233 0.029165
-0.026091625 -0.084835625 0.02877125
-0.085115 -0.049897 0.026855
-0.087051 -0.049932 0.02682
-0.08977 -0.050029875 0.026863625
-0.082917 -0.0497485 0.0268945
-0.09034875 -0.03085725 0.027718125
-0.089714 -0.014996 0.030649
-0.088732 0 0.033898
0.030055 -0.124155 0.044592
0.030069 -0.121662 0.041039
0.030084 -0.118159 0.036921
-0.231351 -0.094778 0.060852
-0.231401 -0.091684 0.063042
-0.231415 -0.087997 0.063946
-0.231408 -0.084254 0.063303
-0.231366 -0.081012 0.061333
-0.231309 -0.078822 0.058239
-0.231238 -0.077925 0.054552
-0.231161 -0.07856 0.050815
-0.231097 -0.080531 0.047573
-0.231062 -0.083625 0.045376
-0.231041 -0.087312 0.044479
-0.231055 -0.091056 0.045115
-0.23109 -0.094298 0.047092
-0.231154 -0.096488 0.050186
-0.231224 -0.097392 0.053873
-0.231295 -0.096749 0.05761
0.324406 0.134864 0.119833
0.318649 0.136206 0.119091
0.315111 0.13829 0.11741
0.325268 0.135747 0.135337
0.331456 0.13408 0.120066
0.240266 0.147847 0.141631
0.258991 0.147204 0.141207
0.278034 0.145883 0.137626
0.22154 0.147755 0.138254
0.20249 0.146879 0.130449
0.185269 0.145035 0.117827
0.182557 0.142853 0.119946
0.176129 0.140437 0.123781
0.296421 0.143644 0.129566
0.313168 0.14026 0.115686
0.335065 0.135203 0.135146
0.34636 0.134602 0.135704
0.378965 0.108298 0.178756
0.37852 0.130371 0.160031
0.381126 0.121266 0.170414
0.369358 0.133811 0.148687
0.377665 0.092956 0.184146
0.376945 0.075996 0.187501
0.359088 0.133924 0.1367
0.36334 0.019912 0.190644
0.372134 0.039718 0.19075
0.37722 0.058002 0.1894505
0.303498 0.018824 0.194395
0.302252125 0.0189515 0.191822125
0.153688 0.135231 0.097731
0.146547 0.131805 0.078779
0.142401 0.127949 0.064871
0.140345 0.12501 0.055971
0.139497 0.124353 0.052009
0.139278 0.124763 0.050688
0.139109 0.125024 0.049678
0.131939 0.124431 0.04734
0.129178 0.124424 0.047128
0.128351 0.123972 0.046923
0.122919 0.122171 0.043031
0.123315 0.121726 0.042918
0.123937 0.12056 0.042642
0.124551 0.119409 0.042416
0.126395 0.120603 0.042967
0.125392 0.119359 0.042607
0.124904 0.118985 0.042409
0.127511 0.12186 0.043299
0.110657 0.125003 0.048166
0.117007 0.124396 0.046563
0.121118 0.122234 0.043024
0.138841 0.124438 0.047855
0.16316 0.137258 0.100627
0.103601 0.124996 0.048011
0.095866 0.124989 0.047848
-0.255791 0.053866 0.054982
-0.258504 0.049755 0.067287
-0.259062 0.048032 0.068679
-0.25969 0.043794 0.068664
-0.257494 0.0515 0.062653
-0.260863 0.034512 0.068693
-0.262042 0.022822 0.068806
-0.262692 0.011358 0.069053
-0.256476 0.050624 0.054933
-0.257388 0.034738 0.047982
-0.257458 0.044762 0.054898
-0.258546 0.022985 0.047919
-0.25755 0.022858 0.043038
-0.080397 0.069724 0.026947
-0.076653 0.068587 0.027018
-0.033326 0.066545 0.027851
-0.0295075 0.0666335 0.027929
-0.044754 0.066284 0.027632
-0.057433 0.066171 0.027392
-0.065783 0.066545 0.02723
-0.071596 0.067365 0.027117
-0.026091625 0.0990965 0.02877125
-0.025881 0.104533 0.028932
-0.025436 0.105409 0.029328
-0.02427 0.106193 0.028854
-0.025005 0.105494 0.029285
-0.023458 0.106956 0.028374
-0.02278 0.107217 0.028226
-0.020618 0.107267 0.028268
-0.005474 0.117735 0.036144
-0.00551 0.113758 0.032775
-0.005545 0.110424 0.030345
-0.0055695 0.108153 0.0288195
-0.015328 0.107394 0.028374
-0.082917 0.0497485 0.026898
-0.085115 0.049897 0.026855
-0.087051 0.049932 0.02682
-0.08977 0.050033375 0.026863625
-0.09047 0.031087 0.028487
-0.089714 0.014996 0.030642
-0.231351 0.094778 0.060852
-0.231401 0.091684 0.063042
-0.231415 0.087997 0.063946
-0.231408 0.084254 0.063303
-0.231366 0.081012 0.061333
-0.231309 0.078822 0.058239
-0.231295 0.096749 0.05761
-0.231238 0.077925 0.054552
-0.231161 0.07856 0.050815
-0.231097 0.080531 0.047573
-0.231062 0.083625 0.045376
-0.231041 0.087312 0.044479
-0.231055 0.091056 0.045115
-0.23109 0.094298 0.047092
-0.231154 0.096488 0.050186
-0.231224 0.097392 0.053873
0.030055 0.124155 0.044592
0.030069 0.121662 0.041039
0.010066 0.117918 0.036483
0.030084 0.118159 0.036921
-0.25796 -0.049247 0.062505
-0.258744 -0.044288 0.062477
-0.259966 -0.034724 0.062463
-0.261145 -0.022971 0.062505
-0.261781 -0.011436 0.062646
-0.262883 0 0.069215
-0.261965 0 0.062738
-0.258751 -0.034866 0.054848
-0.259916 -0.023069 0.054813
-0.259153 -0.011436 0.047848
-0.25815 -0.011372 0.042939
0.355811 -0.132865 0.122481
0.38131 -0.13319 0.149118
0.383782 -0.130061 0.160236
0.3828815 -0.120486 0.170022
0.38078 -0.107599 0.177962
0.373194 -0.133133 0.137845
0.379127 -0.092525 0.183736
0.378393 -0.075516 0.186993
0.366194 -0.132243 0.124869
0.363686 0 0.190616
0.372353 -0.020025 0.191111
0.372495 0 0.191075
0.3770045 -0.039418 0.190669
0.304388 0 0.194501
0.167342 -0.139653 0.081831
0.1614155 -0.1341365 0.068096
0.163436 -0.134419 0.068163
0.158957 -0.133063 0.067633
0.155193 -0.131261 0.066849
0.149641 -0.129312 0.065867
0.345639 -0.122418 0.069569
0.340596 -0.124106 0.068629
0.338102 -0.125674 0.067902
0.336393 -0.126617 0.0674495
0.354546 -0.121252 0.0706
0.360148 -0.130188 0.106511
0.364838 -0.125731 0.089862
0.364873 -0.120497 0.073009
0.330502 -0.132377 0.081887
0.334443 -0.126946 0.067167
0.303738 0 0.192516
0.3024705 0 0.19137575
0.147889 -0.126027 0.056812
0.147211 -0.124968 0.052764
0.128351 -0.122284 0.043441
0.131198 -0.122291 0.043624
0.138318 -0.122319 0.044069
0.147098 -0.125038 0.051394
0.147006 -0.125137 0.050349
0.146865 -0.124502 0.048477
0.146596 -0.122368 0.04462
0.12186 -0.119034 0.038885
0.122262 -0.118596 0.038871
0.122884 -0.117608 0.038772
0.123484 -0.116633 0.038694
0.125328 -0.117678 0.038991
0.126458 -0.11883 0.039097
0.124325 -0.116548 0.038863
0.123838 -0.116237 0.038743
0.12732 -0.119218 0.03916
0.110353 -0.124382 0.046421
0.11628 -0.122227 0.042939
0.120087 -0.119133 0.038835
0.10336 -0.12436 0.046273
0.087044 -0.124325 0.045927
0.095704 -0.124346 0.046111
0.073997 -0.124283 0.04563
0.053181 -0.124219 0.045143
-0.080397 -0.049254 0.026947
-0.076653 -0.048449 0.027018
-0.071596 -0.047587 0.027117
-0.065783 -0.047008 0.02723
-0.044754 -0.046817 0.027632
-0.033326 -0.047008 0.027851
-0.0295075 -0.0470675 0.027929
-0.02712 -0.0663975 0.028293
-0.057433 -0.046746 0.027392
0.030076 -0.114358 0.033516
0.030069 -0.111173 0.031058
0.030062 -0.1081 0.02929225
-0.023119 -0.100104 0.028134
-0.020618 -0.100274 0.028099
-0.015335 -0.100394 0.028205
-0.005573 -0.100613 0.028388
0.010002 -0.100966 0.028685
0.030062 -0.101425 0.029073
-0.02427 -0.099285 0.028699
-0.085115 -0.030507 0.026855
-0.087051 -0.030536 0.02682
-0.08291525 -0.0304225 0.0268945
-0.09047 -0.014699 0.028487
-0.089714 0 0.030642
0.053217 -0.121825 0.041569
0.053245 -0.118441 0.037423
0.053266 -0.114754 0.033997
-0.231676 -0.096565 0.057532
-0.23174 -0.09463 0.060711
-0.231782 -0.0916 0.062851
-0.231796 -0.08799 0.063734
-0.231789 -0.084324 0.063113
-0.231754 -0.081153 0.061177
-0.23169 -0.079005 0.058147
-0.23162 -0.07813 0.054537
-0.231549 -0.078751 0.050879
-0.231486 -0.08068 0.0477
-0.231443 -0.08371 0.045553
-0.231429 -0.087319 0.04467
-0.231443 -0.090985 0.045298
-0.231479 -0.094164 0.047227
-0.231542 -0.096311 0.050264
-0.231606 -0.097187 0.053873
0.338604 0.131191 0.102322
0.332487 0.132286 0.101764
0.328588 0.134157 0.10045
0.326356 0.135959 0.099094
0.338879 0.133642 0.120249
0.345823 0.130626 0.102901
0.25860975 0.148606 0.13906125
0.240776 0.1492255 0.13956625
0.2229125 0.149134 0.1362325
0.27699925 0.14731125 0.13547325
0.2948665 0.14507225 0.1275635
0.204441 0.14830025 0.12829325
0.18766675 0.14651675 0.115877
0.17488725 0.14356625 0.099101
0.172025 0.142047 0.099998
0.168917 0.139801 0.100867
0.31113 0.141641 0.11408825
0.32394175 0.13726525 0.097955
0.346918 0.133317 0.120878
0.355811 0.132872 0.122481
0.38078 0.107599 0.177962
0.3828815 0.120486 0.170022
0.383782 0.130061 0.160236
0.38131 0.13319 0.149118
0.373194 0.133133 0.137845
0.379127 0.092525 0.183736
0.378393 0.075516 0.186993
0.366194 0.132243 0.124869
0.372353 0.020025 0.191111
0.3770045 0.039418 0.190669
0.154168 0.133501 0.08034
0.149641 0.129312 0.065867
0.147889 0.126027 0.056812
0.147211 0.124968 0.052764
0.147098 0.125038 0.051394
0.147006 0.125137 0.050349
0.146865 0.124502 0.048477
0.131198 0.122291 0.043624
0.138318 0.122319 0.044069
0.128351 0.122284 0.043441
0.12186 0.119034 0.038885
0.122262 0.118596 0.038871
0.122884 0.117608 0.038772
0.123484 0.116633 0.038694
0.126458 0.11883 0.039097
0.125328 0.117678 0.038991
0.124325 0.116548 0.038863
0.123838 0.116237 0.038743
0.12732 0.119218 0.03916
0.110353 0.124382 0.046421
0.11628 0.122227 0.042939
0.120087 0.119133 0.038835
0.146596 0.122368 0.04462
0.159628 0.13586 0.081238
0.10336 0.12436 0.046273
0.053181 0.124219 0.045143
0.095704 0.124346 0.046111
0.087044 0.124325 0.045927
0.073997 0.124283 0.04563
-0.25796 0.049247 0.062505
-0.258744 0.044288 0.062477
-0.259966 0.034731 0.062463
-0.261145 0.022971 0.062505
-0.261781 0.011436 0.062646
-0.258751 0.034866 0.054848
-0.259916 0.023069 0.054813
-0.259153 0.011436 0.047848
-0.25815 0.011372 0.042939
-0.080397 0.049254 0.026947
-0.076653 0.048449 0.027018
-0.033326 0.047008 0.027851
-0.0295075 0.0470675 0.027929
-0.044754 0.046817 0.027632
-0.057433 0.046746 0.027392
-0.065783 0.047008 0.02723
-0.071596 0.047587 0.027117
-0.026091625 0.084835625 0.02877125
-0.02712 0.0663975 0.028293
-0.0252275 0.1042295 0.029165
-0.02427 0.10495 0.028699
-0.023458 0.105691 0.028212
-0.02278 0.105946 0.028056
-0.020618 0.105995 0.028099
-0.015335 0.106122 0.028205
0.010044 0.114019 0.0331
0.010016 0.110749 0.030656
0.0100055 0.1085205 0.029123
-0.005573 0.106355 0.028388
0.010002 0.10673 0.028685
-0.08291525 0.0304225 0.0268945
-0.085115 0.030514 0.026855
-0.087051 0.030536 0.02682
-0.08977 0.030596625 0.026863625
-0.09047 0.014699 0.028487
-0.231676 0.096565 0.057532
-0.23174 0.09463 0.060711
-0.231782 0.0916 0.062858
-0.231796 0.08799 0.063734
-0.231789 0.084324 0.063113
-0.231754 0.081153 0.061177
-0.23169 0.079005 0.058147
-0.231606 0.097187 0.053873
-0.23162 0.07813 0.054537
-0.231549 0.078751 0.050879
-0.231486 0.08068 0.0477
-0.231443 0.08371 0.045553
-0.231429 0.087319 0.04467
-0.231443 0.090985 0.045298
-0.231479 0.094164 0.047227
-0.231542 0.096311 0.050264
0.053217 0.121825 0.041569
0.053245 0.118441 0.037423
0.030076 0.114358 0.033516
0.053266 0.114754 0.033997
-0.260538 -0.011478 0.054806
-0.260714 0 0.054813
-0.259316 0 0.047806
-0.258306 0 0.042883
0.367056 -0.129898 0.109619
0.386586 -0.132914 0.149302
0.384764 -0.132476 0.138798
0.385481 -0.129167 0.1602215
0.378689 -0.131367 0.127857
0.37994 -0.09179 0.182316
0.379262 -0.074725 0.185276
0.375045 -0.129368 0.11373
0.377005 0 0.19098
0.376973 -0.01993 0.191022
0.378809 -0.057094 0.187268
0.24105 -0.149386 0.136714
0.223645 -0.149295 0.133472
0.189959 -0.146688 0.113836
0.205916 -0.148468 0.125759
0.177859 -0.143743 0.097929
0.169828 -0.139618 0.081471
0.166049 -0.134299 0.067887
0.159572 -0.129495 0.058599
0.16073 -0.12975 0.058712
0.1622 -0.129827 0.058726
0.157594 -0.128824 0.058274
0.153667 -0.127482 0.057624
0.258405 -0.148772 0.13622
0.276021 -0.147479 0.132688
0.292974 -0.145282 0.125095
0.308358 -0.141977 0.112395
0.3205 -0.137696 0.097053
0.327733 -0.132596 0.081513
0.348493 -0.116852 0.056918
0.342877 -0.118653 0.055618
0.340342 -0.120285 0.055018
0.3385935 -0.12127 0.05464
0.336598 -0.121556 0.054424
0.358989 -0.115524 0.059298
0.372198 -0.125625 0.094171
0.374204 -0.120037 0.078073
0.370969 -0.114486 0.063445
0.331604 -0.127087 0.066863
0.333681 -0.121613 0.054205
0.15313 -0.125978 0.053478
0.153088 -0.125667 0.052037
0.130272 -0.119239 0.039301
0.137668 -0.119275 0.039669
0.146257 -0.119345 0.040114
0.153052 -0.125476 0.050942
0.153003 -0.124657 0.049021
0.152911 -0.12246 0.045086
0.152791 -0.119451 0.040502
0.120779 -0.115594 0.035452
0.121196 -0.115178 0.035537
0.12181 -0.114358 0.035607
0.122404 -0.11356 0.035692
0.126267 -0.115856 0.035586
0.125392 -0.115503 0.035607
0.124247 -0.114457 0.035734
0.123237 -0.11344 0.03584
0.12275 -0.1132 0.035798
0.129319 -0.115884 0.035699
0.109753 -0.122185 0.042798
0.115361 -0.119126 0.038736
0.119034 -0.115736 0.035353
0.102901 -0.122149 0.042657
0.08691 -0.122051 0.042325
0.0954 -0.122107 0.042501
0.073997 -0.121966 0.042042
-0.080397 -0.030119 0.026947
-0.076653 -0.029624 0.027018
-0.071596 -0.029102 0.027117
-0.065783 -0.028749 0.02723
-0.044754 -0.028628 0.027632
-0.033326 -0.028741 0.027851
-0.057433 -0.028586 0.027392
-0.0295075 -0.028784 0.027929
-0.02712 -0.0468985 0.028293
0.053273 -0.11166 0.031517
0.05327825 -0.10865275 0.029739
0.05328 -0.101948 0.029518
-0.0236945 -0.08534675 0.0284165
-0.020618 -0.085843 0.028099
-0.015335 -0.085949 0.028205
-0.005573 -0.086133 0.028388
0.010002 -0.086436 0.028692
0.030062 -0.086825 0.029073
0.05328 -0.087277 0.029518
-0.024912125 -0.06594425 0.02887375
-0.087051 -0.014438 0.02682
-0.085115 -0.014431 0.026855
-0.089007 -0.014452 0.026785
-0.082917 -0.0143885 0.0268945
-0.090533 -0.0144855 0.02694225
-0.09047 0 0.028487
0.073983 -0.118688 0.037875
0.073962 -0.1151 0.034428
0.073941 -0.112084 0.031934
-0.232072 -0.095965 0.057299
-0.232008 -0.096551 0.053888
-0.232128 -0.094164 0.060266
-0.232164 -0.091338 0.062265
-0.232185 -0.087969 0.063084
-0.232171 -0.08455 0.062505
-0.232135 -0.081591 0.060704
-0.232086 -0.079585 0.057871
-0.232015 -0.078765 0.054509
-0.231952 -0.079352 0.05109
-0.231895 -0.081153 0.048131
-0.231853 -0.083978 0.046125
-0.231839 -0.087347 0.045305
-0.231853 -0.090766 0.045892
-0.231888 -0.093726 0.047693
-0.231945 -0.095732 0.050518
0.348196 0.126564 0.085426
0.340892 0.127631 0.084889
0.336464 0.129354 0.083879
0.334055 0.131 0.082883
0.332402 0.1319995 0.0822585
0.353035 0.130357 0.104286
0.356729 0.125985 0.086691
0.165424 0.139307 0.0819265
0.163132 0.138021 0.081683
0.360148 0.130188 0.106511
0.367056 0.129898 0.109619
0.385481 0.129167 0.1602215
0.386593 0.132914 0.149302
0.384764 0.132476 0.138798
0.378689 0.131367 0.127857
0.37994 0.09179 0.182309
0.379262 0.074725 0.185276
0.375045 0.129368 0.11373
0.3769765 0.01993 0.191022
0.378809 0.057094 0.187268
0.155193 0.131261 0.066849
0.153667 0.127482 0.057624
0.15313 0.125971 0.053478
0.153088 0.125667 0.052037
0.153052 0.125476 0.050942
0.153003 0.124657 0.049021
0.152911 0.12246 0.045086
0.130272 0.119239 0.039301
0.137668 0.119275 0.039669
0.146257 0.119345 0.040114
0.120779 0.115594 0.035452
0.121196 0.115178 0.035537
0.12181 0.114358 0.035607
0.122404 0.11356 0.035692
0.126267 0.115856 0.035586
0.125392 0.115503 0.035607
0.124247 0.114457 0.035734
0.123237 0.113447 0.03584
0.12275 0.1132 0.035798
0.129319 0.115884 0.035699
0.109753 0.122185 0.042798
0.115361 0.119126 0.038736
0.119034 0.115736 0.035353
0.152791 0.119451 0.040502
0.158957 0.133063 0.067633
0.102901 0.122149 0.042657
0.073997 0.121966 0.042042
0.0954 0.122107 0.042501
0.08691 0.122051 0.042325
-0.260538 0.011478 0.054806
-0.080397 0.030119 0.026947
-0.076653 0.029624 0.027018
-0.033326 0.028749 0.027851
-0.0295075 0.028784 0.027929
-0.044754 0.028628 0.027632
-0.057433 0.028586 0.027392
-0.065783 0.028749 0.02723
-0.071596 0.029102 0.027117
-0.02712 0.0468985 0.028293
-0.02427 0.099285 0.028699
-0.023119 0.100104 0.028134
-0.020618 0.100274 0.028099
-0.015335 0.100394 0.028205
-0.005573 0.100613 0.028388
0.030069 0.111173 0.031058
0.030062 0.1081 0.02929225
0.010002 0.100966 0.028685
0.030062 0.101425 0.029073
-0.082917 0.0143885 0.026898
-0.085115 0.014431 0.026855
-0.087051 0.014445 0.02682
-0.089007 0.014452 0.026785
-0.090533 0.014489 0.02694225
-0.232072 0.095965 0.057299
-0.232128 0.094164 0.060266
-0.232008 0.096551 0.053888
-0.232164 0.091338 0.062265
-0.232185 0.087969 0.063084
-0.232171 0.08455 0.062505
-0.232135 0.081591 0.060704
-0.232086 0.079585 0.057878
-0.231945 0.095732 0.050518
-0.232015 0.078765 0.054509
-0.231952 0.079352 0.05109
-0.231895 0.081153 0.048131
-0.231853 0.083978 0.046125
-0.231839 0.087347 0.045305
-0.231853 0.090766 0.045892
-0.231888 0.093726 0.047693
0.073983 0.118688 0.037875
0.073962 0.1151 0.034428
0.053273 0.11166 0.031517
0.073941 0.112084 0.031934
0.37847 -0.125476 0.09884
0.389871 -0.132187 0.139215
0.388013 -0.132497 0.149443
0.389292 -0.13059 0.130435
0.388409 -0.131466 0.149718
0.385739 -0.127016 0.159975
0.383415 -0.118724 0.168776
0.3816 -0.106158 0.175634
0.388303 -0.129707 0.149973
0.385393 -0.128478 0.118957
0.380575 -0.090639 0.179795
0.380024 -0.073482 0.182239
0.384926 -0.12513 0.104392
0.378555 -0.038758 0.188398
0.379643 -0.055978 0.183927
0.241466 -0.149386 0.132999
0.224768 -0.149295 0.129877
0.207908 -0.148468 0.122517
0.192869 -0.146688 0.11125
0.181624 -0.143743 0.09641
0.174193 -0.139533 0.080785
0.170626 -0.13396 0.067167
0.1647 -0.129658 0.058408
0.161818 -0.127659 0.054424
0.160342 -0.127602 0.05441
0.159169 -0.127419 0.054304
0.163965 -0.127581 0.054283
0.157142 -0.126938 0.054029
0.25808 -0.148772 0.132526
0.274686 -0.147479 0.129079
0.290508 -0.145346 0.121902
0.304748 -0.142224 0.110247
0.316001 -0.138099 0.095951
0.322859 -0.132978 0.080842
0.326617 -0.127348 0.066334
0.34992 -0.111653 0.04842
0.343902 -0.11368 0.046704
0.341345 -0.115411 0.046132
0.340066 -0.11628 0.045842
0.339112 -0.116612 0.045708
0.337559 -0.116725 0.045602
0.334571 -0.116767 0.045454
0.36161 -0.109859 0.052136
0.382165 -0.119783 0.084423
0.381056 -0.113553 0.070014
0.37479 -0.108263 0.057794
0.328553 -0.121711 0.053824
0.329337 -0.116866 0.045192
0.157149 -0.126303 0.052531
0.157156 -0.12583 0.051387
0.136997 -0.115941 0.035982
0.145904 -0.116039 0.036314
0.152657 -0.116174 0.036603
0.157163 -0.124819 0.049416
0.157184 -0.122559 0.045433
0.157206 -0.11955 0.040785
0.157213 -0.116294 0.036815
0.119903 -0.112698 0.032965
0.12032 -0.112289 0.033135
0.120935 -0.111618 0.033347
0.121521 -0.110961 0.033559
0.125413 -0.113023 0.032994
0.128549 -0.113052 0.033078
0.124516 -0.112698 0.033078
0.123364 -0.111731 0.033396
0.122347 -0.11082 0.033686
0.12186 -0.110629 0.033707
0.136446 -0.113129 0.033283
0.108997 -0.119063 0.038602
0.114429 -0.115722 0.035247
0.11818 -0.112875 0.032838
0.102322 -0.118992 0.038468
0.086733 -0.11883 0.038143
0.095011 -0.118914 0.038313
-0.080397 -0.014247 0.026947
-0.076653 -0.014014 0.027018
-0.071596 -0.01376 0.027117
-0.065783 -0.013597 0.02723
-0.057433 -0.01352 0.027392
-0.044754 -0.013541 0.027632
-0.033326 -0.013597 0.027851
-0.030288 -0.013611 0.027915
-0.028727 -0.013618 0.027943
-0.02712 -0.028678 0.028293
0.073927 -0.1100145 0.0303625
0.07392 -0.108255 0.029921
0.07392 -0.102414 0.029921
0.07392 -0.087679 0.029921
-0.023119 -0.066669 0.028134
-0.020618 -0.066786 0.028099
-0.015335 -0.066863 0.028205
-0.005573 -0.067012 0.028388
0.010002 -0.067245 0.028685
0.030062 -0.067548 0.029073
0.05328 -0.067902 0.029518
0.07392 -0.068212 0.029921
-0.02555425 -0.046453 0.0290485
-0.087051 0 0.02682
-0.085115 0 0.026855
-0.089007 0 0.026785
-0.0835615 0 0.026884
-0.082269 0 0.026905
-0.090533 0 0.02694225
0.086549 -0.115305 0.034682
0.086394 -0.112338 0.032181
0.086309 -0.110784 0.030868
-0.232863 -0.09516 0.053916
-0.23292 -0.094672 0.056798
-0.232969 -0.093147 0.059298
-0.232997 -0.090766 0.060986
-0.233011 -0.08792 0.061686
-0.233004 -0.085038 0.061191
-0.232976 -0.082537 0.059673
-0.232927 -0.080842 0.057285
-0.232877 -0.08015 0.054446
-0.232821 -0.080644 0.051564
-0.232771 -0.082163 0.049063
-0.232736 -0.08455 0.047368
-0.232722 -0.087397 0.046676
-0.232764 -0.092779 0.048689
-0.232736 -0.090279 0.04717
-0.232807 -0.094468 0.051076
0.354546 0.121252 0.0706
0.345639 0.122418 0.069569
0.340596 0.124106 0.068629
0.338102 0.125674 0.067902
0.336393 0.126617 0.0674495
0.364838 0.125731 0.089862
0.364873 0.120497 0.073009
0.167342 0.139653 0.081831
0.1614155 0.13414 0.068096
0.163436 0.134419 0.068163
0.330509 0.132377 0.081894
0.334443 0.126946 0.067167
0.372198 0.125625 0.094171
0.37847 0.125476 0.098833
0.388013 0.132497 0.149443
0.388409 0.131466 0.149718
0.383415 0.118724 0.168776
0.385739 0.127016 0.159975
0.388303 0.129707 0.149973
0.3816 0.106158 0.175634
0.389871 0.132187 0.139215
0.389292 0.13059 0.130435
0.385393 0.128478 0.118957
0.380575 0.090639 0.179795
0.380024 0.073482 0.182239
0.384926 0.12513 0.104392
0.378555 0.038758 0.188398
0.379643 0.055978 0.183927
0.157594 0.128824 0.058274
0.157142 0.126938 0.054029
0.157149 0.126303 0.052531
0.157156 0.12583 0.051387
0.157163 0.124819 0.049416
0.157184 0.122559 0.045433
0.157206 0.11955 0.040785
0.136997 0.115941 0.035982
0.145904 0.116039 0.036314
0.152657 0.116174 0.036603
0.119903 0.112698 0.032965
0.12032 0.112289 0.033135
0.120935 0.111618 0.033347
0.121521 0.110961 0.033559
0.128549 0.113052 0.033078
0.125413 0.113023 0.032994
0.124516 0.112698 0.033078
0.123364 0.111731 0.033396
0.122347 0.11082 0.033686
0.12186 0.110629 0.033707
0.136446 0.113129 0.033283
0.108997 0.119063 0.038602
0.114422 0.115722 0.035247
0.11818 0.112875 0.032831
0.157213 0.116294 0.036815
0.159572 0.129495 0.058599
0.102322 0.118992 0.038468
0.086733 0.11883 0.038143
0.095011 0.118914 0.038313
-0.080397 0.014247 0.026947
-0.076653 0.014014 0.027018
-0.033326 0.013597 0.027851
-0.028727 0.013618 0.027943
-0.030288 0.013611 0.027915
-0.057433 0.01352 0.027392
-0.065783 0.013597 0.02723
-0.044754 0.013541 0.027632
-0.071596 0.01376 0.027117
-0.024912125 0.06594425 0.02887375
-0.02712 0.028678 0.028293
-0.0236945 0.08534675 0.0284165
-0.020618 0.085843 0.028099
-0.015335 0.085949 0.028205
-0.005573 0.086133 0.028388
0.010002 0.086436 0.028685
0.05328 0.10865275 0.029743
0.05328 0.101948 0.029518
0.030062 0.086825 0.029073
0.05328 0.087277 0.029518
-0.232969 0.093147 0.059298
-0.23292 0.094672 0.056798
-0.232997 0.090766 0.060986
-0.232863 0.09516 0.053916
-0.233011 0.08792 0.061686
-0.233004 0.085038 0.061191
-0.232976 0.082537 0.059673
-0.232877 0.08015 0.054446
-0.232927 0.080842 0.057285
-0.232807 0.094468 0.051076
-0.232821 0.080644 0.051564
-0.232771 0.082163 0.049063
-0.232736 0.08455 0.047368
-0.232722 0.087397 0.046676
-0.232764 0.092779 0.048689
-0.232736 0.090279 0.04717
0.086549 0.115305 0.034682
0.086394 0.112338 0.032181
0.073927 0.1100145 0.0303625
0.086309 0.110784 0.030868
0.388388 -0.119635 0.09066
0.391354 -0.131939 0.138636
0.393968 -0.130251 0.131565
0.3905 -0.131134 0.141461
0.394399 -0.127638 0.123484
0.390358 -0.129439 0.141843
0.385788 -0.124572 0.159586
0.388232 -0.127115 0.150022
0.383747 -0.116732 0.167342
0.382271 -0.104533 0.172957
0.390274 -0.126917 0.141948
0.392852 -0.124417 0.111385
0.381508 -0.088944 0.176101
0.38114 -0.071652 0.177782
0.393819 -0.119416 0.097568
0.378463 -0.019587 0.18878
0.378463 0 0.18878
0.378463 0.019587 0.18878
0.379417 -0.037945 0.184937
0.380872 -0.054347 0.179011
0.225905 -0.149295 0.126402
0.24189 -0.149386 0.129404
0.209878 -0.148468 0.119373
0.195702 -0.146688 0.10875
0.185262 -0.143743 0.094941
0.178424 -0.139455 0.080114
0.175069 -0.133628 0.066461
0.168938 -0.129185 0.057554
0.167158 -0.127369 0.05393
0.161861 -0.12679 0.052878
0.160377 -0.126748 0.052863
0.159198 -0.126628 0.052779
0.164234 -0.126797 0.052878
0.257748 -0.148772 0.128945
0.273386 -0.147479 0.125582
0.288114 -0.145403 0.118815
0.301252 -0.142457 0.108171
0.311642 -0.138487 0.094884
0.318141 -0.133345 0.080192
0.321779 -0.127595 0.065818
0.323587 -0.121803 0.05345
0.344241 -0.109894 0.04373
0.350393 -0.107542 0.045574
0.341705 -0.111604 0.043172
0.340426 -0.112458 0.04289
0.339473 -0.112804 0.042763
0.337912 -0.11296 0.042664
0.334903 -0.113158 0.042537
0.329612 -0.113624 0.04231
0.3625 -0.104745 0.04972
0.389143 -0.112826 0.077805
0.385266 -0.106793 0.065345
0.376104 -0.102117 0.055872
0.324258 -0.116972 0.044931
0.324491 -0.114104 0.042092
0.159219 -0.126013 0.051613
0.159254 -0.124897 0.049621
0.145607 -0.113249 0.033538
0.152544 -0.113412 0.033742
0.157213 -0.113567 0.033884
0.159332 -0.122602 0.045609
0.159424 -0.1196 0.040926
0.159501 -0.116357 0.036921
0.159558 -0.113645 0.033961
0.119437 -0.11118 0.031666
0.119868 -0.110784 0.031878
0.120475 -0.110177 0.03216
0.121062 -0.109605 0.032443
0.124961 -0.11154 0.031638
0.128146 -0.111575 0.031701
0.136163 -0.111653 0.031878
0.124057 -0.111229 0.031758
0.122905 -0.110311 0.032174
0.121888 -0.109442 0.032563
0.121401 -0.109287 0.032612
0.145459 -0.111787 0.032083
0.108234 -0.11563 0.03512
0.113666 -0.112854 0.032711
0.117728 -0.111378 0.031517
0.101729 -0.115531 0.034993
0.094609 -0.115425 0.034844
-0.080397 0 0.026947
-0.076653 0 0.027018
-0.071596 0 0.027117
-0.065783 0 0.02723
-0.057433 0 0.027392
-0.044754 0 0.027632
-0.033326 0 0.027851
-0.030288 0 0.027915
-0.028727 0 0.027943
-0.02712 -0.013562 0.028293
0.086274 -0.109802 0.030331
0.086267 -0.108545 0.030154
0.086267 -0.102682 0.030154
0.086267 -0.087905 0.030154
0.086267 -0.068389 0.030154
-0.0236945 -0.0469 0.0284165
-0.020618 -0.047177 0.028099
-0.015335 -0.047234 0.028205
-0.005573 -0.047333 0.028388
0.010002 -0.047502 0.028692
0.030062 -0.047714 0.029073
0.05328 -0.047961 0.029518
0.07392 -0.04818 0.029921
0.086267 -0.048307 0.030154
-0.02555425 -0.02840425 0.0290485
0.094277 -0.112487 0.03233
0.0941 -0.110954 0.031016
0.09403 -0.109972 0.030479
-0.233767 -0.092836 0.051804
-0.233845 -0.093231 0.053965
-0.233852 -0.092984 0.056155
-0.233915 -0.091741 0.057963
-0.233915 -0.090017 0.059341
-0.233915 -0.085666 0.059489
-0.233958 -0.087856 0.059736
-0.233923 -0.083851 0.058239
-0.233859 -0.082481 0.056522
-0.233852 -0.082078 0.054354
-0.233774 -0.082325 0.052171
-0.233774 -0.083576 0.050356
-0.233711 -0.085299 0.048986
-0.233739 -0.08746 0.048583
-0.233711 -0.08965 0.04883
-0.233767 -0.091466 0.05008
0.358989 0.115524 0.059298
0.348493 0.116852 0.056918
0.342877 0.118653 0.055618
0.340342 0.120285 0.055018
0.3385935 0.12127 0.05464
0.336598 0.121556 0.054424
0.374204 0.120037 0.078073
0.370969 0.114486 0.063445
0.24105 0.149386 0.136714
0.258405 0.148772 0.13622
0.276021 0.147479 0.132688
0.292974 0.145282 0.125095
0.308358 0.141977 0.112395
0.223645 0.149295 0.133472
0.205916 0.148468 0.125759
0.189959 0.146688 0.113836
0.177859 0.143743 0.097929
0.3205 0.137696 0.097053
0.327733 0.132596 0.081513
0.169828 0.139618 0.081471
0.166049 0.134299 0.067887
0.16073 0.12975 0.058712
0.1622 0.129827 0.058726
0.331604 0.127087 0.066863
0.333681 0.121613 0.054205
0.382165 0.119783 0.084423
0.388388 0.119635 0.09066
0.391354 0.131939 0.138636
0.3905 0.131134 0.141461
0.390358 0.129439 0.141843
0.383747 0.116725 0.167342
0.385788 0.124572 0.159586
0.388232 0.127115 0.150022
0.390274 0.126917 0.141948
0.382271 0.104533 0.172957
0.393968 0.130251 0.131565
0.394399 0.127638 0.123484
0.392852 0.124417 0.111385
0.381508 0.088944 0.176101
0.38114 0.071652 0.177782
0.393819 0.119416 0.097568
0.379417 0.037945 0.184937
0.380872 0.054347 0.179011
0.159169 0.127419 0.054311
0.159198 0.126628 0.052779
0.159219 0.126013 0.051613
0.159254 0.124897 0.049621
0.159332 0.122609 0.045609
0.159424 0.1196 0.040926
0.159501 0.116357 0.036921
0.145607 0.113249 0.033538
0.152544 0.113412 0.033742
0.157213 0.113567 0.033884
0.119437 0.11118 0.031666
0.119868 0.110784 0.031878
0.120475 0.110177 0.03216
0.121062 0.109605 0.032443
0.124961 0.11154 0.03163
0.128146 0.111575 0.031701
0.136163 0.111653 0.031878
0.124057 0.111229 0.031758
0.122905 0.110311 0.032174
0.121888 0.109442 0.032563
0.121401 0.109287 0.032612
0.145459 0.111787 0.032083
0.108234 0.11563 0.03512
0.113666 0.112854 0.032711
0.117728 0.111378 0.031517
0.159558 0.113645 0.033961
0.160342 0.127602 0.05441
0.101729 0.115531 0.034993
0.094609 0.115425 0.034844
-0.02712 0.013562 0.028293
-0.02555425 0.046453 0.0290485
-0.023119 0.066669 0.028134
-0.020618 0.066786 0.028099
-0.015335 0.066863 0.028205
-0.005573 0.067012 0.028388
0.010002 0.067245 0.028685
0.030062 0.067548 0.029073
0.07392 0.108255 0.029921
0.07392 0.102414 0.029921
0.07392 0.087679 0.029921
0.05328 0.067902 0.029518
0.07392 0.068212 0.029921
-0.233852 0.092984 0.056155
-0.233915 0.091741 0.057963
-0.233915 0.090017 0.059341
-0.233767 0.092836 0.051804
-0.233845 0.093231 0.053965
-0.233958 0.087856 0.059736
-0.233915 0.085666 0.059489
-0.233923 0.083851 0.058239
-0.233859 0.082481 0.056522
-0.233852 0.082078 0.054354
-0.233774 0.082325 0.052171
-0.233774 0.083576 0.050356
-0.233711 0.085299 0.048986
-0.233739 0.08746 0.048583
-0.233711 0.08965 0.04883
-0.233767 0.091466 0.05008
0.094277 0.112487 0.03233
0.0941 0.110954 0.031016
0.086274 0.109802 0.030331
0.09403 0.109972 0.030479
0.39971 -0.112119 0.093973
0.395147 -0.112395 0.085617
0.39531 -0.129799 0.131805
0.392753 -0.130287 0.136065
0.39163 -0.13023 0.137626
0.391404 -0.130442 0.138035
0.391234 -0.130386 0.138516
0.398382 -0.12727 0.125476
0.399612 -0.12371 0.11741
0.391164 -0.128853 0.138671
0.385838 -0.122326 0.159205
0.388183 -0.124728 0.14998
0.384065 -0.114895 0.166021
0.382892 -0.10305 0.170492
0.3911 -0.126557 0.138678
0.390217 -0.1246 0.14192
0.399428 -0.118943 0.105932
0.382362 -0.087383 0.172696
0.382165 -0.069964 0.173678
0.403489 -0.11183 0.103389
0.379318 -0.019156 0.185354
0.379304 0 0.18541
0.379318 0.019156 0.185354
0.380681 -0.036737 0.179844
0.381995 -0.052849 0.174497
0.211019 -0.1482315 0.117562
0.2265655 -0.149058 0.124392
0.2421375 -0.1491495 0.127327
0.197337 -0.146455 0.107302
0.1873635 -0.143517 0.094086
0.1808755 -0.1391975 0.079765
0.177651 -0.1332925 0.066185
0.173247 -0.127179 0.053803
0.176489 -0.1273905 0.0547455
0.168105 -0.126811 0.052927
0.164029 -0.126169 0.051797
0.161889 -0.126105 0.051705
0.160405 -0.126084 0.051691
0.167201 -0.126345 0.052122
0.2575535 -0.1485355 0.126875
0.2726275 -0.1472425 0.1235585
0.2867295 -0.145205 0.117032
0.2992285 -0.1423685 0.10697
0.3091205 -0.138491 0.0942665
0.3154145 -0.133349 0.079821
0.3189885 -0.127535 0.065518
0.320719 -0.121662 0.053234
0.3213655 -0.117459 0.0458845
0.341747 -0.107118 0.043172
0.344255 -0.105783 0.043723
0.350061 -0.103671 0.045454
0.34049 -0.10781 0.04289
0.339543 -0.108107 0.042763
0.337989 -0.108284 0.042671
0.334973 -0.108609 0.042537
0.329661 -0.109357 0.04231
0.324512 -0.110127 0.042092
0.361242 -0.100641 0.049247
0.374663 -0.096361 0.054792
0.39442 -0.104123 0.073955
0.399053 -0.104794 0.08301
0.386728 -0.100267 0.063748
0.386791 -0.095174 0.063706
0.321983 -0.114344 0.041986
0.321983 -0.110502 0.041986
0.160455 -0.124932 0.049692
0.160554 -0.122623 0.045673
0.152487 -0.111971 0.032245
0.157213 -0.11214 0.032358
0.159586 -0.112225 0.032407
0.160674 -0.119621 0.040983
0.160773 -0.116386 0.036963
0.16085 -0.113673 0.03399
0.160893 -0.112253 0.032436
0.119253 -0.110212 0.031136
0.119684 -0.109817 0.031362
0.120292 -0.109244 0.03168
0.120871 -0.1087 0.031984
0.124777 -0.110579 0.031079
0.127984 -0.110615 0.031143
0.136043 -0.110699 0.031306
0.145395 -0.110841 0.031489
0.123873 -0.110276 0.031221
0.122715 -0.109379 0.031673
0.121697 -0.108538 0.032097
0.12121 -0.10839 0.032167
0.152466 -0.111031 0.03163
0.107606 -0.112741 0.032598
0.113264 -0.111356 0.03139
0.117544 -0.11041 0.030981
0.101241 -0.112621 0.032471
-0.02712 0 0.028293
0.094008 -0.108715 0.030302
0.094008 -0.102845 0.030302
0.094008 -0.08804 0.030302
0.094008 -0.068495 0.030302
0.094008 -0.048378 0.030302
-0.0236945 -0.0286815 0.0284165
-0.020618 -0.028847 0.028099
-0.015335 -0.028883 0.028205
-0.005573 -0.028946 0.028388
0.010002 -0.029045 0.028685
0.030062 -0.029179 0.029073
0.05328 -0.029328 0.029518
0.07392 -0.029462 0.029921
0.086267 -0.02954 0.030154
0.094008 -0.029582 0.030302
-0.02555425 -0.01343675 0.0290485
0.100987 -0.111095 0.03115
0.100881 -0.11012 0.030613
0.100853 -0.108863 0.03043
-0.234445 -0.091134 0.052567
-0.234601 -0.090971 0.054029
-0.234502 -0.091232 0.055484
-0.23465 -0.090081 0.056409
-0.234544 -0.08924 0.057624
-0.234544 -0.086323 0.057723
-0.234671 -0.087778 0.057462
-0.23465 -0.085398 0.056572
-0.234509 -0.084183 0.055731
-0.234608 -0.084345 0.054262
-0.234452 -0.084077 0.052814
-0.234558 -0.085235 0.051889
-0.23441 -0.086076 0.050674
-0.234544 -0.087545 0.050836
-0.23441 -0.088993 0.050568
-0.234558 -0.089919 0.051719
0.36161 0.109859 0.052136
0.34992 0.111653 0.04842
0.343902 0.11368 0.046704
0.341345 0.115411 0.046132
0.340066 0.11628 0.045842
0.339112 0.116612 0.045708
0.337559 0.116725 0.045602
0.334571 0.116767 0.045454
0.381056 0.113553 0.070014
0.37479 0.108263 0.057794
0.241466 0.149386 0.132999
0.224768 0.149295 0.129877
0.25808 0.148772 0.132526
0.274686 0.147479 0.129079
0.290508 0.145346 0.121902
0.304748 0.142224 0.110247
0.316001 0.138099 0.095951
0.207908 0.148468 0.122517
0.192869 0.146688 0.11125
0.181624 0.143743 0.09641
0.174193 0.139533 0.080785
0.322859 0.132978 0.080842
0.326617 0.127348 0.066334
0.170626 0.13396 0.067167
0.1647 0.129658 0.058408
0.163965 0.127581 0.054283
0.161818 0.127659 0.054424
0.328553 0.121711 0.053824
0.329337 0.116866 0.045192
0.389143 0.112826 0.077805
0.39971 0.112119 0.093973
0.395147 0.112395 0.085617
0.39531 0.129799 0.131805
0.391404 0.130442 0.138035
0.39163 0.13023 0.137626
0.392753 0.130287 0.136065
0.391234 0.130386 0.138516
0.391164 0.128853 0.138671
0.384065 0.114895 0.166021
0.385838 0.122326 0.159205
0.388183 0.124728 0.14998
0.3911 0.126557 0.138678
0.390217 0.1246 0.14192
0.382892 0.10305 0.170492
0.398382 0.12727 0.125476
0.399612 0.12371 0.11741
0.399428 0.118943 0.105932
0.382362 0.087383 0.172696
0.382165 0.069964 0.173678
0.403482 0.11183 0.103389
0.380681 0.036737 0.179844
0.381995 0.052849 0.174497
0.160377 0.126748 0.052863
0.160405 0.126084 0.051691
0.160455 0.124932 0.049692
0.160554 0.122623 0.045673
0.160674 0.119621 0.040983
0.160773 0.116386 0.036963
0.16085 0.113673 0.03399
0.152487 0.111971 0.032245
0.157213 0.11214 0.032358
0.159586 0.112225 0.032407
0.119253 0.110212 0.031136
0.119684 0.109817 0.031362
0.120292 0.109244 0.03168
0.120871 0.1087 0.031984
0.127984 0.110615 0.031143
0.124777 0.110579 0.031079
0.136043 0.110699 0.031306
0.145395 0.110841 0.031489
0.123873 0.110276 0.031221
0.122715 0.109379 0.031673
0.121697 0.108538 0.032097
0.12121 0.10839 0.032167
0.152466 0.111031 0.03163
0.107606 0.112741 0.032598
0.113264 0.111356 0.03139
0.117544 0.11041 0.030981
0.160893 0.112253 0.032436
0.161861 0.12679 0.052878
0.101241 0.112621 0.032471
-0.02555425 0.02840425 0.0290485
-0.0236945 0.0469 0.0284165
-0.020618 0.047177 0.028099
-0.015335 0.047234 0.028205
-0.005573 0.047333 0.028388
0.010002 0.047502 0.028685
0.030062 0.047714 0.029073
0.05328 0.047961 0.029518
0.086267 0.108538 0.030154
0.086267 0.102682 0.030154
0.086267 0.087905 0.030154
0.086267 0.068389 0.030154
0.07392 0.04818 0.029921
0.086267 0.048307 0.030154
-0.234502 0.091232 0.055484
-0.23465 0.090081 0.056409
-0.234544 0.08924 0.057624
-0.234445 0.091134 0.052567
-0.234601 0.090971 0.054029
-0.234544 0.086323 0.057723
-0.234671 0.087778 0.057462
-0.23465 0.085398 0.056572
-0.234509 0.084183 0.055731
-0.234608 0.084345 0.054262
-0.234452 0.084077 0.052814
-0.234558 0.085235 0.051889
-0.23441 0.086076 0.050674
-0.234544 0.087538 0.050836
-0.23441 0.088993 0.050568
-0.234558 0.089919 0.051719
0.100987 0.111095 0.03115
0.100881 0.110127 0.030613
0.094008 0.108715 0.030302
0.100853 0.108863 0.03043
0.403468 -0.101178 0.091684
0.405616 -0.10139 0.102562
0.39947 -0.126854 0.126034
0.395868 -0.12869 0.131692
0.391693 -0.128648 0.137435
0.392922 -0.128478 0.135733
0.39139 -0.128577 0.137986
0.402599 -0.1234 0.120073
0.403871 -0.118476 0.11303
0.405834 -0.118272 0.116174
0.3880345 -0.123329 0.1499025
0.385746 -0.121005 0.158922
0.3841245 -0.113825 0.165198
0.383129 -0.102195 0.1690265
0.3900655 -0.123241 0.141867
0.391051 -0.124438 0.138622
0.391354 -0.126282 0.137894
0.406131 -0.111597 0.111159
0.382733 -0.086507 0.1707005
0.382631 -0.0690355 0.1712935
0.407085 -0.101333 0.110685
0.380568 -0.018521 0.180318
0.380526 0 0.180466
0.380568 0.018521 0.180318
0.381847 -0.035635 0.175161
0.3825145 -0.0520475 0.17188
0.168627 -0.125413 0.050518
0.175776 -0.123273 0.046845
0.173586 -0.123195 0.046704
0.161938 -0.124947 0.049706
0.164425 -0.125067 0.049904
0.320882 -0.115891 0.044762
0.340589 -0.100464 0.04289
0.341818 -0.10021 0.043165
0.344269 -0.099857 0.043716
0.357435 -0.09802 0.047912
0.349093 -0.099193 0.045108
0.339656 -0.100634 0.04277
0.338109 -0.100733 0.042671
0.335086 -0.100945 0.042544
0.329732 -0.101439 0.042318
0.32454 -0.101941 0.042099
0.321998 -0.102188 0.041986
0.376154 -0.093535 0.055788
0.362464 -0.093514 0.049642
0.361207 -0.09523 0.049219
0.398474 -0.095287 0.077939
0.393897 -0.097886 0.070939
0.40041 -0.097844 0.082128
0.386827 -0.09273 0.063685
0.393756 -0.093881 0.07048
0.320882 -0.111886 0.044762
0.320882 -0.102915 0.044762
0.162044 -0.122637 0.045687
0.162171 -0.119628 0.041004
0.157213 -0.111201 0.031729
0.1596 -0.111293 0.031779
0.160914 -0.111321 0.0318
0.162277 -0.116393 0.036992
0.162362 -0.11368 0.034018
0.162411 -0.112268 0.032464
0.162426 -0.111335 0.031828
0.1194055 -0.1087535 0.0310755
0.117488 -0.109145 0.030797
0.120228 -0.108001 0.031517
0.1209765 -0.1073235 0.0319235
0.124721 -0.109322 0.030896
0.127927 -0.109357 0.030959
0.136008 -0.109442 0.031115
0.145374 -0.109576 0.031291
0.152452 -0.109767 0.031426
0.123809 -0.109018 0.031044
0.122651 -0.108135 0.03151
0.121634 -0.107309 0.031948
0.157213 -0.109944 0.031524
0.107274 -0.111229 0.031277
0.113101 -0.110389 0.030846
0.100853 -0.102986 0.03043
0.100853 -0.08816 0.03043
0.100853 -0.068587 0.03043
0.100853 -0.048449 0.03043
0.100853 -0.029624 0.03043
-0.0236945 -0.0135635 0.0284165
-0.020618 -0.013647 0.028099
-0.015335 -0.013661 0.028205
-0.005573 -0.013689 0.028388
0.010002 -0.013739 0.028685
0.030062 -0.013802 0.029073
0.05328 -0.013873 0.029526
0.07392 -0.013936 0.029921
0.086267 -0.013972 0.030154
0.094008 -0.013993 0.030302
-0.02555425 0 0.0290485
-0.02555425 0.01343675 0.0290485
0.107139 -0.110262 0.030733
0.107097 -0.108997 0.030557
0.107097 -0.103113 0.030557
-0.235187 -0.087658 0.054135
0.3625 0.104745 0.04972
0.350393 0.107542 0.045574
0.344241 0.109894 0.04373
0.341705 0.111604 0.043172
0.340426 0.112458 0.04289
0.339473 0.112804 0.042763
0.337912 0.11296 0.042664
0.334903 0.113158 0.042537
0.329612 0.113624 0.04231
0.385273 0.106793 0.065345
0.376104 0.102117 0.055872
0.209878 0.148468 0.119373
0.225905 0.149295 0.126402
0.24189 0.149386 0.129404
0.257748 0.148772 0.128945
0.273386 0.147479 0.125582
0.288114 0.145403 0.118815
0.301252 0.142457 0.108171
0.311642 0.138487 0.094884
0.318141 0.133345 0.080192
0.195702 0.146688 0.10875
0.185262 0.143743 0.094941
0.178424 0.139455 0.080114
0.175069 0.133628 0.066461
0.321779 0.127595 0.065818
0.323587 0.121803 0.05345
0.168938 0.129185 0.057554
0.167158 0.127369 0.05393
0.164234 0.126797 0.052878
0.324258 0.116972 0.044931
0.324491 0.114104 0.042092
0.399053 0.104794 0.08301
0.39442 0.104123 0.073955
0.403468 0.101178 0.091684
0.405616 0.10139 0.102562
0.39947 0.126854 0.126034
0.395868 0.12869 0.131692
0.39139 0.128577 0.137986
0.391693 0.128641 0.137435
0.392922 0.128478 0.135733
0.3841245 0.113825 0.165198
0.385746 0.121005 0.158922
0.3880345 0.123329 0.1499025
0.3900655 0.123241 0.141867
0.391051 0.124438 0.138622
0.391354 0.126282 0.137894
0.383129 0.102195 0.1690265
0.402599 0.1234 0.120073
0.403871 0.118476 0.11303
0.405834 0.118272 0.116174
0.406131 0.111597 0.111159
0.38241 0.0863655 0.17010525
0.382631 0.0690355 0.1712935
0.407085 0.101333 0.110685
0.381847 0.035635 0.175161
0.3825145 0.0520475 0.17188
0.161889 0.126112 0.051705
0.161938 0.124947 0.049706
0.162171 0.119628 0.041004
0.162044 0.122637 0.045687
0.162277 0.116393 0.036992
0.162362 0.11368 0.034018
0.162411 0.112268 0.032464
0.157213 0.111201 0.031729
0.1596 0.111293 0.031779
0.160914 0.111321 0.0318
0.1194055 0.1087535 0.0310755
0.117488 0.109145 0.030797
0.120228 0.108001 0.031517
0.1209765 0.1073235 0.0319235
0.127927 0.109357 0.030959
0.136008 0.109442 0.031115
0.124721 0.109315 0.030896
0.145374 0.109576 0.031291
0.152452 0.109767 0.031426
0.123809 0.109018 0.031044
0.122651 0.108135 0.031503
0.121634 0.107309 0.031948
0.157213 0.109944 0.031524
0.107274 0.111229 0.031277
0.113101 0.110389 0.030846
0.162426 0.111335 0.031828
0.164029 0.126169 0.051797
-0.0236945 0.0286815 0.0284165
-0.020618 0.028847 0.028099
-0.005573 0.028946 0.028388
-0.015335 0.028883 0.028205
0.010002 0.029045 0.028685
0.030062 0.029179 0.029073
0.05328 0.029328 0.029518
0.07392 0.029462 0.029921
0.094008 0.102845 0.030302
0.094008 0.08804 0.030302
0.094008 0.068495 0.030302
0.094008 0.048378 0.030302
0.086267 0.02954 0.030154
0.094008 0.029582 0.030302
-0.235187 0.087658 0.054135
0.107139 0.110262 0.030733
0.107097 0.108997 0.030557
0.100853 0.102986 0.03043
0.107097 0.103113 0.030557
0.406392 -0.085956 0.102259
0.404973 -0.084762 0.093422
0.402317 -0.091882 0.085998
0.407438 -0.085956 0.110509
0.403348 -0.123061 0.120899
0.399809 -0.125879 0.126239
0.395988 -0.126889 0.131473
0.391672 -0.126345 0.137315
0.392929 -0.125964 0.135584
0.406251 -0.118038 0.117198
0.407297 -0.111491 0.114591
0.391029 -0.123428 0.138586
0.391312 -0.12429 0.137809
0.407735 -0.101305 0.114274
0.38172 -0.017941 0.175691
0.381656 0 0.175924
0.38172 0.017941 0.175691
0.3823835 -0.035081 0.1723885
0.211305 -0.146575 0.117099
0.226732 -0.147387 0.12388
0.242201 -0.147479 0.126797
0.197757 -0.144816 0.106935
0.187897 -0.141913 0.093867
0.181497 -0.13764 0.079691
0.178311 -0.131798 0.066164
0.169178 -0.122955 0.046266
0.175889 -0.11979 0.041343
0.176595 -0.122877 0.046838
0.173692 -0.119769 0.0413
0.17716 -0.125957 0.054735
0.164644 -0.122715 0.045828
0.257508 -0.146872 0.126352
0.27244 -0.145593 0.123047
0.286376 -0.143587 0.116583
0.298716 -0.140811 0.106666
0.308478 -0.136997 0.094114
0.314722 -0.131904 0.079726
0.318275 -0.12614 0.065444
0.319984 -0.120313 0.053181
0.319984 -0.115679 0.053181
0.339791 -0.091564 0.04277
0.340709 -0.091529 0.042897
0.341938 -0.09172 0.043172
0.344368 -0.09463 0.04373
0.348938 -0.09463 0.04503
0.338251 -0.091579 0.042678
0.33522 -0.091621 0.042551
0.329824 -0.09172 0.042318
0.324576 -0.091819 0.042099
0.322012 -0.091868 0.041986
0.320889 -0.092066 0.044762
0.372721 -0.092659 0.055915
0.381889 -0.091882 0.063692
0.361214 -0.092659 0.050102
0.350902 -0.093083 0.045659
0.397132 -0.093676 0.075015
0.398043 -0.089622 0.07683
0.400374 -0.086337 0.081711
0.391121 -0.090357 0.071808
0.393714 -0.091896 0.07031
0.396059 -0.091847 0.072634
0.396341 -0.092652 0.07327
0.319984 -0.104879 0.053181
0.319984 -0.092603 0.053181
0.164764 -0.119649 0.041046
0.159607 -0.110028 0.031567
0.160914 -0.110064 0.031588
0.162433 -0.110071 0.031616
0.16487 -0.116393 0.037013
0.164947 -0.11368 0.03406
0.16499 -0.112268 0.032513
0.165011 -0.111335 0.031878
0.165018 -0.110078 0.031673
0.117488 -0.103255 0.030797
0.11981675 -0.102529 0.03129625
0.113052 -0.103233 0.03067
0.113052 -0.109131 0.03067
0.12130525 -0.10152225 0.03193575
0.124265 -0.1032755 0.03097
0.127927 -0.103452 0.030959
0.136008 -0.10353 0.031115
0.145374 -0.103664 0.031291
0.152452 -0.103841 0.031426
0.157213 -0.10401 0.031524
0.122651 -0.102301 0.031503
0.1602605 -0.1041055 0.0315775
0.107097 -0.088273 0.030557
0.107097 -0.068679 0.030557
0.107097 -0.048512 0.030557
0.107097 -0.029667 0.030557
0.100853 -0.014014 0.03043
-0.023119 0 0.028134
-0.020618 0 0.028099
-0.015335 0 0.028205
-0.005573 0 0.028388
0.010002 0 0.028685
0.030062 0 0.029073
0.05328 0 0.029518
0.07392 0 0.029921
0.086267 0 0.030154
0.094008 0 0.030302
-0.02427 0 0.028699
0.113052 -0.088379 0.03067
0.344255 0.105783 0.043723
0.350061 0.103671 0.045454
0.361242 0.100648 0.049247
0.374663 0.096368 0.054792
0.341747 0.107118 0.043172
0.34049 0.10781 0.04289
0.339543 0.108107 0.042763
0.337989 0.108284 0.042671
0.334973 0.108609 0.042537
0.329661 0.109357 0.04231
0.324512 0.110127 0.042092
0.386728 0.100267 0.063748
0.386791 0.095174 0.063706
0.211019 0.1482315 0.117562
0.197337 0.146455 0.107302
0.2265655 0.149058 0.124392
0.2421375 0.1491495 0.127327
0.2575535 0.1485355 0.126875
0.2726275 0.1472425 0.1235585
0.2867295 0.145205 0.117032
0.2992285 0.1423685 0.10697
0.3091205 0.138491 0.0942665
0.3154145 0.133349 0.079821
0.3189885 0.127535 0.065518
0.1873635 0.143517 0.094086
0.1808755 0.1391975 0.079765
0.177651 0.1332925 0.066185
0.173247 0.127179 0.053803
0.176489 0.1273905 0.0547455
0.320719 0.121662 0.053234
0.3213655 0.117459 0.0458845
0.168105 0.126811 0.052927
0.167208 0.126345 0.052122
0.321983 0.114344 0.041986
0.321983 0.110502 0.041986
0.398474 0.095287 0.077939
0.40041 0.097844 0.082128
0.393897 0.097886 0.070939
0.406392 0.085956 0.102259
0.404973 0.084762 0.093422
0.402317 0.091882 0.085998
0.407438 0.085956 0.110509
0.403348 0.123061 0.120899
0.399809 0.125879 0.126239
0.395988 0.126889 0.131473
0.391672 0.126345 0.137315
0.392929 0.125964 0.135584
0.391029 0.123428 0.138586
0.391312 0.12429 0.137809
0.406251 0.118038 0.117198
0.407297 0.111491 0.114591
0.407735 0.101305 0.114274
0.3823835 0.035081 0.1723885
0.164425 0.125067 0.049904
0.164644 0.122715 0.045828
0.164764 0.119649 0.041046
0.16487 0.116393 0.037013
0.164947 0.11368 0.03406
0.16499 0.112268 0.032513
0.165011 0.111335 0.031878
0.159607 0.110028 0.031567
0.160914 0.110064 0.031588
0.162433 0.110071 0.031616
0.11981675 0.102529 0.03129625
0.117488 0.103255 0.030797
0.113052 0.103233 0.03067
0.113052 0.109131 0.03067
0.12130525 0.10152225 0.03193575
0.127927 0.103452 0.030959
0.136008 0.10353 0.031115
0.145374 0.103664 0.031291
0.124265 0.1032755 0.03097
0.152452 0.103841 0.031426
0.157213 0.10401 0.031524
0.122651 0.102301 0.031503
0.1602605 0.1041055 0.0315775
0.165018 0.110078 0.031673
-0.0236945 0.0135635 0.0284165
-0.020618 0.013647 0.028099
-0.015335 0.013661 0.028205
-0.005573 0.013689 0.028388
0.010002 0.013739 0.028685
0.030062 0.013802 0.029073
0.05328 0.013873 0.029518
0.07392 0.013936 0.029921
0.100853 0.08816 0.03043
0.100853 0.068587 0.03043
0.100853 0.048449 0.03043
0.100853 0.029624 0.03043
0.086267 0.013972 0.030154
0.094008 0.013993 0.030302
0.107097 0.088273 0.030557
0.113052 0.088379 0.03067
0.40647 -0.068311 0.10223
0.407473 -0.068311 0.110495
0.405142 -0.068318 0.0935
0.403398 -0.081202 0.088019
0.407897 -0.085956 0.114154
0.403398 -0.122284 0.121422
0.399732 -0.124254 0.12631
0.395981 -0.124339 0.131389
0.391623 -0.12424 0.137237
0.392866 -0.123682 0.135542
0.407473 -0.111371 0.115722
0.406046 -0.117495 0.117961
0.38718 -0.122481 0.149528
0.384941 -0.120221 0.15835
0.383263 -0.11301075 0.164043
0.3823445 -0.101706 0.16758925
0.389172 -0.122404 0.141609
0.390768 -0.122941 0.138509
0.391291 -0.123343 0.137767
0.38198975 -0.08617125 0.169095
0.38181325 -0.05227925 0.1701125
0.381912 -0.06887275 0.16959525
0.407579 -0.1012415 0.115877
0.3822495 -0.017613 0.173021
0.381868 0 0.1726555
0.3822495 0.017613 0.173021
0.38168975 -0.03999175 0.17046725
0.226732 -0.139427 0.12388
0.242201 -0.139519 0.126797
0.211305 -0.138657 0.117099
0.197757 -0.136997 0.106935
0.187904 -0.134249 0.093867
0.181497 -0.130209 0.079691
0.178311 -0.124685 0.066164
0.169291 -0.119713 0.041173
0.176715 -0.119409 0.041343
0.175988 -0.116393 0.037119
0.176863 -0.121697 0.046838
0.173791 -0.116393 0.037098
0.17716 -0.119162 0.054735
0.257508 -0.138939 0.126352
0.27244 -0.137732 0.123047
0.286376 -0.135839 0.116583
0.298716 -0.133204 0.106666
0.308478 -0.129764 0.094107
0.314722 -0.125441 0.079726
0.318275 -0.120617 0.065444
0.318275 -0.107309 0.065444
0.338406 -0.082085 0.042685
0.339932 -0.082092 0.042777
0.340836 -0.082099 0.042897
0.341747 -0.082106 0.043109
0.344622 -0.092638 0.043787
0.343633 -0.089608 0.043554
0.34595 -0.092857 0.044083
0.346607 -0.092673 0.044232
0.335362 -0.082071 0.042558
0.329916 -0.082057 0.042325
0.324618 -0.082036 0.042099
0.322019 -0.082029 0.041986
0.320889 -0.082403 0.044762
0.319984 -0.083554 0.053181
0.367056 -0.0916 0.063734
0.362401 -0.092391 0.056325
0.370679 -0.089834 0.071363
0.349348 -0.090611 0.045906
0.357456 -0.092469 0.051486
0.400141 -0.082905 0.08111
0.402077 -0.077557 0.085094
0.398262 -0.087694 0.077233
0.396631 -0.090632 0.073821
0.396956 -0.090936 0.074534
0.391778 -0.087044 0.076992
0.372579 -0.086825 0.076879
0.318374 -0.093097 0.065119
0.318649 -0.084875 0.064165
0.169397 -0.116393 0.037055
0.162433 -0.10413 0.031623
0.165018 -0.10413 0.031673
0.169468 -0.11368 0.034124
0.169524 -0.111335 0.031969
0.16951 -0.112268 0.032591
0.169532 -0.110078 0.031758
0.117488 -0.0884 0.030797
0.11981675 -0.08777675 0.03129625
0.121978125 -0.087247125 0.031722875
0.124265 -0.088414 0.03097
0.127927 -0.088562 0.030959
0.136008 -0.088633 0.031115
0.145374 -0.088746 0.031291
0.152452 -0.088894 0.031426
0.157213 -0.089043 0.031524
0.1602605 -0.0891205 0.0315775
0.113052 -0.068756 0.03067
0.113052 -0.048569 0.03067
0.107097 -0.014028 0.030557
0.113052 -0.029702 0.03067
0.100853 0 0.03043
0.100853 0.014014 0.03043
0.344269 0.099857 0.043716
0.341818 0.10021 0.043165
0.357435 0.09802 0.047912
0.349093 0.099193 0.045108
0.376154 0.093535 0.055788
0.362464 0.093514 0.049642
0.361207 0.095237 0.049219
0.340589 0.100464 0.04289
0.339656 0.100634 0.04277
0.338109 0.100733 0.042671
0.335086 0.100945 0.042544
0.329732 0.101439 0.042318
0.32454 0.101941 0.042099
0.321998 0.102188 0.041986
0.386827 0.09273 0.063685
0.393756 0.093881 0.07048
0.173586 0.123195 0.046704
0.168627 0.125413 0.050518
0.175776 0.123273 0.046845
0.320882 0.115891 0.044762
0.320882 0.111886 0.044762
0.320882 0.102915 0.044762
0.397132 0.093676 0.075015
0.398043 0.089622 0.07683
0.400374 0.086337 0.081711
0.40647 0.068311 0.10223
0.405142 0.068318 0.0935
0.403398 0.081202 0.088019
0.407473 0.068311 0.110495
0.407897 0.085956 0.114154
0.403398 0.122284 0.121415
0.399732 0.124254 0.12631
0.395981 0.124339 0.131389
0.391623 0.12424 0.137237
0.392866 0.123682 0.135542
0.38718 0.122481 0.149528
0.384941 0.120221 0.15835
0.383263 0.11301075 0.164043
0.389172 0.122404 0.141609
0.390768 0.122941 0.138509
0.391291 0.123343 0.137767
0.3823445 0.101706 0.16758925
0.407473 0.111371 0.115722
0.406046 0.117495 0.117961
0.38181325 0.05227925 0.1701085
0.381912 0.06887275 0.16959525
0.407579 0.1012415 0.115877
0.38168975 0.03999175 0.17046725
0.169178 0.122955 0.046266
0.169291 0.119713 0.041173
0.169397 0.116393 0.037055
0.169468 0.11368 0.034124
0.16951 0.112268 0.032591
0.169524 0.111335 0.031969
0.162433 0.10413 0.031623
0.165018 0.10413 0.031673
0.11981675 0.08777675 0.03129625
0.117488 0.0884 0.030797
0.121978125 0.087247125 0.031719375
0.124265 0.088414 0.03097
0.127927 0.088562 0.030959
0.136008 0.088633 0.031115
0.145374 0.088746 0.031291
0.152452 0.088894 0.031426
0.157213 0.089043 0.031524
0.1602605 0.0891205 0.0315775
0.169532 0.110078 0.031758
0.107097 0.068679 0.030557
0.107097 0.048512 0.030557
0.107097 0.029667 0.030557
0.113052 0.068756 0.03067
0.407918 -0.068311 0.114146
0.407487 -0.051267 0.110488
0.406498 -0.051267 0.102216
0.405086 -0.052411 0.093274
0.403362 -0.055837 0.087588
0.403722 -0.06834 0.088449
0.407678 -0.085956 0.115778
0.403002 -0.12097 0.121895
0.399576 -0.121888 0.126472
0.395939 -0.122022 0.131374
0.391594 -0.123237 0.137202
0.392838 -0.122602 0.135521
0.407141 -0.111095 0.116576
0.405368 -0.116576 0.11878
0.384665 -0.1195325 0.157831
0.3868475 -0.1217185 0.149217
0.3887975 -0.121648 0.1414755
0.390005 -0.122383 0.13829
0.391036 -0.122884 0.137661
0.381617 -0.0308165 0.17078
0.381515 -0.035466 0.170789
0.382110875 -0.017531125 0.170719
0.381303 -0.035657 0.170323
0.242201 -0.119437 0.126797
0.226732 -0.119366 0.12388
0.211305 -0.118702 0.117099
0.197757 -0.117283 0.106935
0.187897 -0.114931 0.093867
0.181497 -0.111469 0.079691
0.178311 -0.106744 0.066164
0.176807 -0.116018 0.037126
0.176984 -0.118257 0.041343
0.173861 -0.11368 0.034194
0.176058 -0.11368 0.034223
0.176863 -0.115121 0.046838
0.17716 -0.102011 0.054735
0.257508 -0.11895 0.126352
0.27244 -0.117911 0.123047
0.286376 -0.116287 0.116583
0.298716 -0.114033 0.106666
0.308478 -0.111611 0.094114
0.314722 -0.109463 0.079726
0.315097 -0.093161 0.078455
0.335468 -0.071864 0.042558
0.338526 -0.071871 0.042692
0.3404865 -0.0718815 0.0428405
0.341818 -0.071892 0.043109
0.343329 -0.08212 0.043476
0.343351 -0.0719 0.043462
0.345258 -0.089678 0.043928
0.345011 -0.082142 0.043857
0.346338 -0.08965 0.044168
0.329986 -0.071843 0.042325
0.322033 -0.071808 0.041993
0.324646 -0.071822 0.042099
0.320896 -0.072465 0.044762
0.319984 -0.074442 0.053181
0.318374 -0.077028 0.065119
0.352215 -0.088937 0.063769
0.353014 -0.087362 0.071398
0.351128 -0.089643 0.056063
0.353402 -0.084649 0.077042
0.346953 -0.082078 0.045644
0.349863 -0.089742 0.0502
0.393382 -0.082424 0.080793
0.394455 -0.07589 0.083229
0.401455 -0.076131 0.08371
0.402536 -0.068368 0.085857
0.373455 -0.082262 0.080637
0.358735 -0.081379 0.079966
0.316213 -0.085751 0.074626
0.162433 -0.089149 0.031616
0.169532 -0.10413 0.031758
0.165018 -0.089149 0.031673
0.173897 -0.112268 0.032669
0.173911 -0.111335 0.032047
0.173918 -0.110078 0.031842
0.117488 -0.06877 0.030797
0.120561 -0.067951875 0.031616
0.123458 -0.06845975 0.0312365
0.127927 -0.068898 0.030959
0.136008 -0.068954 0.031115
0.145374 -0.069039 0.031291
0.152452 -0.069159 0.031426
0.157213 -0.069272 0.031524
0.1602605 -0.069332 0.0315775
0.117488 -0.048576 0.030797
0.107097 0 0.030557
0.113052 -0.014049 0.03067
0.117488 -0.029709 0.030797
0.107097 0.014028 0.030557
0.340709 0.091529 0.042897
0.341938 0.09172 0.043172
0.344368 0.09463 0.04373
0.348938 0.09463 0.04503
0.381889 0.091882 0.063692
0.372721 0.092659 0.055915
0.350902 0.093083 0.045659
0.361214 0.092659 0.050102
0.339791 0.091564 0.04277
0.338251 0.091579 0.042678
0.33522 0.091621 0.042551
0.329824 0.09172 0.042318
0.324576 0.091819 0.042099
0.322012 0.091868 0.041986
0.320889 0.092066 0.044762
0.393714 0.091896 0.07031
0.391121 0.090357 0.071808
0.396059 0.091847 0.072634
0.396341 0.092652 0.07327
0.211305 0.146575 0.117099
0.197757 0.144816 0.106935
0.226732 0.147387 0.12388
0.242201 0.147479 0.126797
0.257508 0.146872 0.126352
0.27244 0.145593 0.123047
0.286376 0.143587 0.116583
0.298716 0.140811 0.106666
0.308478 0.136997 0.094114
0.314722 0.131904 0.079726
0.318275 0.12614 0.065444
0.187904 0.141913 0.093867
0.181497 0.13764 0.079691
0.178311 0.131798 0.066164
0.173692 0.119769 0.0413
0.175889 0.11979 0.041343
0.176595 0.122877 0.046838
0.17716 0.125957 0.054735
0.319984 0.120313 0.053181
0.319984 0.115679 0.053181
0.319984 0.104879 0.053181
0.319984 0.092603 0.053181
0.402077 0.077557 0.085094
0.400141 0.082905 0.08111
0.398262 0.087694 0.077233
0.396631 0.090632 0.073821
0.396956 0.090936 0.074534
0.406498 0.051267 0.102216
0.405086 0.052411 0.093274
0.407487 0.051267 0.110488
0.403369 0.05583 0.087588
0.403722 0.06834 0.088449
0.407918 0.068311 0.114146
0.407678 0.085956 0.115778
0.403002 0.12097 0.121895
0.399576 0.121888 0.126472
0.395939 0.122022 0.131374
0.391594 0.123237 0.137195
0.392838 0.122602 0.135521
0.384665 0.1195325 0.157831
0.3868515 0.1217185 0.149217
0.3887975 0.121648 0.1414755
0.390005 0.122383 0.13829
0.391036 0.122884 0.137661
0.407141 0.111095 0.116576
0.405368 0.116576 0.11878
0.3818925 0.0861185 0.16868
0.381617 0.0308165 0.17078
0.381515 0.035466 0.170789
0.382112625 0.017531125 0.170719
0.381303 0.035657 0.170323
0.173791 0.116393 0.037098
0.173861 0.11368 0.034194
0.173897 0.112268 0.032669
0.173911 0.111335 0.032047
0.162433 0.089149 0.031616
0.165018 0.089149 0.031673
0.169532 0.10413 0.031758
0.120561 0.067951875 0.031616
0.117488 0.06877 0.030797
0.127927 0.068898 0.030959
0.123458 0.06845975 0.0312365
0.136008 0.068954 0.031115
0.145374 0.069039 0.031291
0.152452 0.069159 0.031426
0.157213 0.069272 0.031524
0.1602605 0.069332 0.0315775
0.173918 0.110078 0.031842
0.113052 0.048569 0.03067
0.113052 0.029702 0.03067
0.4076885 -0.068311 0.115764
0.407925 -0.051267 0.114139
0.407487 -0.034399 0.110488
0.404394 -0.035734 0.091077
0.406498 -0.034399 0.102216
0.402055 -0.046443 0.084748
0.401893 -0.059341 0.084395
0.400452 -0.052291 0.08128
0.40243 -0.119034 0.122594
0.399421 -0.119727 0.126642
0.395917 -0.12092 0.131367
0.39134 -0.122757 0.137082
0.392583 -0.122086 0.135408
0.406371 -0.110622 0.117516
0.404379 -0.115234 0.119995
0.38944 -0.121846 0.138148
0.389765 -0.121415 0.13829
0.390281 -0.12234 0.1374
0.389708 -0.12181 0.137237
0.381833 -0.03584 0.170061
0.406619 -0.101086 0.117254
0.406717 -0.085956 0.117156
0.406724 -0.068311 0.117141
0.242201 -0.092921 0.126797
0.226732 -0.092864 0.12388
0.211305 -0.092348 0.117099
0.197757 -0.091247 0.106935
0.187904 -0.089417 0.093867
0.181497 -0.086726 0.079691
0.178311 -0.083046 0.066164
0.177082 -0.114902 0.037133
0.176984 -0.111872 0.041343
0.176878 -0.11332 0.034237
0.176094 -0.112268 0.032711
0.176863 -0.098557 0.046838
0.17716 -0.079366 0.054735
0.257508 -0.092539 0.126352
0.27244 -0.091734 0.123047
0.286376 -0.090653 0.116583
0.298716 -0.089438 0.106666
0.309714 -0.087616 0.092398
0.315097 -0.079493 0.078455
0.335503 -0.060548 0.042565
0.338562 -0.060584 0.042692
0.3405215 -0.0606085 0.0428405
0.341839 -0.060619 0.043102
0.343344 -0.060626 0.043455
0.344975 -0.071907 0.043843
0.34494 -0.06064 0.043829
0.346204 -0.082156 0.044133
0.346148 -0.071914 0.044112
0.330008 -0.060478 0.042332
0.320896 -0.060767 0.044762
0.322033 -0.060372 0.041993
0.324661 -0.060407 0.042099
0.319984 -0.061982 0.053181
0.318275 -0.063621 0.065444
0.314722 -0.065309 0.079726
0.347271 -0.080948 0.063748
0.347356 -0.081449 0.055936
0.347115 -0.079959 0.071539
0.353706 -0.076385 0.081633
0.346995 -0.078101 0.077649
0.346896 -0.07173 0.045616
0.347299 -0.081838 0.049741
0.374035 -0.075813 0.083018
0.394808 -0.068431 0.083908
0.374218 -0.068438 0.083653
0.401907 -0.068403 0.084494
0.401201 -0.060746 0.082897
0.162433 -0.069357 0.031623
0.173918 -0.10413 0.031842
0.169532 -0.089149 0.031758
0.165018 -0.06935 0.031673
0.176108 -0.111335 0.03209
0.176108 -0.110078 0.031885
0.17658275 -0.1043545 0.03214975
0.120561 -0.04799925 0.031616
0.123458 -0.04835875 0.03124
0.127927 -0.048668 0.030959
0.136008 -0.048703 0.031115
0.145374 -0.048767 0.031291
0.152452 -0.048851 0.031426
0.157213 -0.048929 0.031524
0.1602605 -0.0489785 0.0315775
0.113052 0 0.03067
0.113052 0.014049 0.03067
0.117488 -0.014049 0.030797
0.11981675 -0.0139505 0.03129625
0.11981675 -0.029499 0.03129625
0.339932 0.082092 0.042777
0.340829 0.082099 0.042897
0.341747 0.082106 0.043109
0.344622 0.092638 0.043787
0.343633 0.089608 0.043554
0.34595 0.092857 0.044083
0.346607 0.092673 0.044232
0.367056 0.0916 0.063734
0.370679 0.089834 0.071363
0.362401 0.092391 0.056325
0.349348 0.090611 0.045906
0.357456 0.092469 0.051486
0.338406 0.082085 0.042685
0.335362 0.082071 0.042558
0.329916 0.082057 0.042325
0.324618 0.082036 0.042099
0.322019 0.082029 0.041986
0.320889 0.082403 0.044762
0.319984 0.083554 0.053181
0.391778 0.087044 0.076992
0.372579 0.086825 0.076879
0.226732 0.139427 0.12388
0.211305 0.138657 0.117099
0.197757 0.136997 0.106935
0.242201 0.139519 0.126797
0.257508 0.138939 0.126352
0.27244 0.137732 0.123047
0.286376 0.135839 0.116583
0.298716 0.133204 0.106666
0.308478 0.129764 0.094107
0.314722 0.125441 0.079726
0.318275 0.120617 0.065444
0.187904 0.134249 0.093867
0.181497 0.130209 0.079691
0.178311 0.124685 0.066164
0.176715 0.119409 0.041343
0.175988 0.116393 0.037119
0.176863 0.121697 0.046838
0.17716 0.119162 0.054735
0.318275 0.107309 0.065444
0.318374 0.093097 0.065119
0.318649 0.084875 0.064165
0.394455 0.07589 0.083229
0.393382 0.082424 0.080793
0.401455 0.076131 0.08371
0.402536 0.068368 0.085857
0.407925 0.051267 0.114139
0.407487 0.034399 0.110488
0.406498 0.034399 0.102216
0.404394 0.035734 0.091077
0.402055 0.046443 0.084748
0.400452 0.052291 0.08128
0.401893 0.059341 0.084395
0.4076885 0.068311 0.115764
0.40243 0.119041 0.122594
0.399421 0.119727 0.126642
0.395917 0.12092 0.131367
0.39134 0.122757 0.137082
0.392583 0.122086 0.135408
0.38944 0.121846 0.138141
0.389765 0.121415 0.13829
0.390281 0.12234 0.1374
0.406371 0.110622 0.117516
0.404379 0.115234 0.119995
0.381833 0.03584 0.170061
0.406619 0.101086 0.117254
0.406717 0.085956 0.117156
0.406724 0.068311 0.117141
0.176058 0.11368 0.034223
0.176108 0.111335 0.03209
0.176094 0.112268 0.032711
0.162433 0.069357 0.031623
0.165018 0.06935 0.031673
0.169532 0.089149 0.031758
0.173918 0.10413 0.031842
0.120561 0.04799925 0.031616
0.117488 0.048576 0.030797
0.123458 0.04835875 0.0312365
0.127927 0.048668 0.030959
0.136008 0.048703 0.031115
0.145374 0.048767 0.031291
0.152452 0.048851 0.031426
0.157213 0.048929 0.031524
0.1602605 0.0489785 0.0315775
0.176108 0.110078 0.031885
0.117488 0.029709 0.030797
0.4076955 -0.051267 0.115764
0.407925 -0.034399 0.114139
0.407487 -0.017263 0.110488
0.404436 -0.017334 0.091875
0.400473 -0.032669 0.081315
0.406498 -0.017263 0.102216
0.398524 -0.049014 0.077091
0.399513 -0.042925 0.079224
0.399795 -0.054665 0.079846
0.398135 -0.051641 0.076251
0.4019 -0.117261 0.123244
0.399343 -0.118695 0.12672
0.395663 -0.120412 0.131261
0.390606 -0.122206 0.136778
0.391856 -0.121535 0.135069
0.405248 -0.109937 0.1189
0.403461 -0.113998 0.121104
0.385569 -0.11907 0.157757
0.387724 -0.12121 0.149273
0.384460375 -0.11234875 0.163499875
0.38358 -0.10136775 0.1668995
0.389631 -0.121132 0.141666
0.390387 -0.121104 0.13853
0.390005 -0.12138 0.137442
0.390591 -0.121069 0.13776
0.39004 -0.121683 0.136594
0.383759875 -0.0529934375 0.1693425625
0.38355525 -0.040769 0.169538625
0.383851875 -0.0690430625 0.1688423125
0.38368075 -0.0860115 0.168347625
0.382567 -0.035989 0.169934
0.383209 -0.030930125 0.169356625
0.405495 -0.100916 0.118639
0.406732 -0.051267 0.117134
0.405608 -0.051267 0.118519
0.405601 -0.068311 0.118526
0.405587 -0.085956 0.11854
0.381352 0 0.1711845
0.242201 -0.065634 0.126797
0.226732 -0.065599 0.12388
0.211305 -0.065232 0.117099
0.197757 -0.064455 0.106935
0.187897 -0.063162 0.093867
0.181497 -0.061262 0.079691
0.178311 -0.058663 0.066164
0.177082 -0.1087 0.037133
0.177153 -0.112232 0.034244
0.176984 -0.095774 0.041343
0.176913 -0.111907 0.032725
0.176863 -0.076682 0.046838
0.17716 -0.056063 0.054735
0.257508 -0.065366 0.126352
0.27244 -0.064794 0.123047
0.286376 -0.064624 0.116583
0.298716 -0.065549 0.106666
0.308478 -0.06622 0.094114
0.338562 -0.049657 0.042692
0.335503 -0.049536 0.042565
0.3405215 -0.049727 0.0428405
0.342107 -0.049325 0.043165
0.343633 -0.051648 0.043525
0.346112 -0.060647 0.044105
0.345131 -0.051627 0.043872
0.330008 -0.049317 0.042332
0.320896 -0.049049 0.044762
0.319984 -0.049268 0.053181
0.322033 -0.049007 0.041993
0.324661 -0.049113 0.042099
0.318275 -0.049621 0.065444
0.314722 -0.050052 0.079726
0.308718 -0.049614 0.093867
0.347349 -0.070614 0.05588
0.347271 -0.070444 0.063706
0.347264 -0.071165 0.049699
0.347115 -0.070204 0.071589
0.353741 -0.068693 0.082184
0.346988 -0.069449 0.07796
0.346875 -0.06052 0.045602
0.394229 -0.061015 0.082396
0.373907 -0.061099 0.082177
0.162433 -0.048986 0.031616
0.173918 -0.089149 0.031842
0.17658275 -0.08933775 0.03214975
0.169532 -0.069357 0.031758
0.165018 -0.048986 0.031673
0.176708 -0.111208 0.032259
0.176927 -0.110262 0.032104
0.121978125 -0.029320875 0.031719375
0.124265 -0.029713 0.03097
0.127927 -0.029766 0.030959
0.152452 -0.029872 0.031426
0.145374 -0.029822 0.031291
0.136008 -0.029787 0.031115
0.157213 -0.029921 0.031524
0.1602605 -0.029949 0.0315775
0.117488 0 0.030797
0.117488 0.014049 0.030797
0.11981675 0 0.03129625
0.3404865 0.0718815 0.0428405
0.338526 0.071871 0.042692
0.341818 0.071892 0.043109
0.343351 0.0719 0.043462
0.343329 0.08212 0.043476
0.345258 0.089678 0.043928
0.345011 0.082142 0.043857
0.346338 0.08965 0.044168
0.353014 0.087362 0.071398
0.352215 0.088937 0.063769
0.353402 0.084649 0.077042
0.351128 0.089643 0.056063
0.346953 0.082078 0.045644
0.349863 0.089742 0.0502
0.335468 0.071864 0.042558
0.329986 0.071843 0.042325
0.324646 0.071822 0.042099
0.322033 0.071808 0.041993
0.320896 0.072465 0.044762
0.319984 0.074442 0.053181
0.318374 0.077028 0.065119
0.373455 0.082262 0.080637
0.358735 0.081379 0.079966
0.242201 0.119437 0.126797
0.226732 0.119366 0.12388
0.211305 0.11871 0.117099
0.197757 0.117283 0.106935
0.257508 0.11895 0.126352
0.27244 0.117911 0.123047
0.286376 0.116287 0.116583
0.298716 0.114033 0.106666
0.308478 0.111611 0.094114
0.314722 0.109456 0.079726
0.187904 0.114931 0.093867
0.181497 0.111469 0.079691
0.178311 0.106744 0.066164
0.176984 0.118257 0.041343
0.176807 0.116018 0.037126
0.176863 0.115121 0.046838
0.17716 0.102011 0.054735
0.315097 0.093161 0.078455
0.316213 0.085751 0.074626
0.394808 0.068431 0.083908
0.374035 0.075813 0.083018
0.374218 0.068438 0.083653
0.401907 0.068403 0.084494
0.401201 0.060746 0.082897
0.407487 0.017263 0.110488
0.407925 0.034399 0.114139
0.4076955 0.051267 0.115764
0.400473 0.032669 0.081315
0.404436 0.017334 0.091875
0.406498 0.017263 0.102216
0.398524 0.049014 0.077091
0.399513 0.042925 0.079224
0.399795 0.054665 0.079846
0.398135 0.051641 0.076251
0.4019 0.117261 0.123244
0.399343 0.118695 0.12672
0.395663 0.120405 0.131261
0.390606 0.122206 0.136778
0.391856 0.121535 0.135069
0.385569 0.11907 0.157757
0.387724 0.12121 0.149273
0.384463875 0.11234525 0.163499875
0.389708 0.12181 0.137237
0.390005 0.12138 0.137442
0.389631 0.121132 0.141666
0.390387 0.121104 0.13853
0.390591 0.121069 0.13776
0.39004 0.121683 0.136594
0.38403375 0.101292625 0.16689775
0.405248 0.109937 0.118893
0.403461 0.113998 0.121104
0.38324625 0.0405915 0.169619875
0.383073125 0.052800625 0.169352875
0.3838724375 0.0690465625 0.1688431875
0.38369475 0.08600975 0.168347625
0.382567 0.035989 0.169934
0.383209 0.030930125 0.169356625
0.405495 0.100916 0.118639
0.406732 0.051267 0.117134
0.405608 0.051267 0.118519
0.405601 0.068311 0.118526
0.405587 0.085956 0.11854
0.176878 0.11332 0.034237
0.176913 0.111907 0.032725
0.176708 0.111208 0.032259
0.162433 0.048986 0.031616
0.165018 0.048986 0.031673
0.169532 0.069357 0.031758
0.173918 0.089149 0.031842
0.17658275 0.1043545 0.03214975
0.11981675 0.029499 0.03129625
0.121978125 0.029320875 0.031719375
0.127927 0.029766 0.030959
0.124265 0.029713 0.03097
0.152452 0.029872 0.031426
0.145374 0.029822 0.031291
0.136008 0.029787 0.031115
0.157213 0.029921 0.031524
0.1602605 0.029949 0.0315775
0.176927 0.110262 0.032104
0.11981675 0.0139505 0.03129625
0.4076955 -0.034399 0.115764
0.407925 -0.017263 0.114139
0.407487 0 0.110488
0.400791 -0.017546 0.082007
0.400791 0 0.082007
0.404436 0 0.091875
0.406498 0 0.102216
0.395147 -0.01797 0.072564
0.39507 -0.0331 0.072394
0.394582 -0.047785 0.071334
0.39483 -0.042558 0.071871
0.393071 -0.055138 0.079521
0.391686 -0.052305 0.076081
0.394483 -0.050243 0.071123
0.401646 -0.116421 0.123548
0.399061 -0.118222 0.126656
0.394921 -0.119861 0.130944
0.398277 -0.117714 0.126395
0.391291 -0.121012 0.134885
0.394328 -0.119352 0.130781
0.40421 -0.109301 0.120165
0.40303 -0.113412 0.121634
0.38631625 -0.11877975 0.157785
0.3884475 -0.12089725 0.14938125
0.3903335 -0.1208235 0.141853
0.390853 -0.120882 0.1387065
0.390916 -0.120899 0.137936
0.390295 -0.121266 0.136856
0.390839 -0.120963 0.137258
0.383097 -0.036091 0.169705
0.40409325 -0.1007115 0.12024925
0.406732 -0.034399 0.117134
0.405608 -0.034399 0.118519
0.4041905 -0.034429 0.12013975
0.404208 -0.0512865 0.1201345
0.40420625 -0.06831625 0.12013975
0.40419225 -0.08595425 0.12015025
0.242201 -0.040135 0.126797
0.226732 -0.040114 0.12388
0.211305 -0.039895 0.117099
0.197757 -0.039414 0.106935
0.187904 -0.038623 0.093867
0.181497 -0.037458 0.079691
0.178311 -0.035869 0.066164
0.177153 -0.106172 0.034237
0.177082 -0.093055 0.037133
0.177188 -0.110834 0.032725
0.176984 -0.074513 0.041343
0.176863 -0.054163 0.046838
0.17716 -0.034279 0.054735
0.257508 -0.039972 0.126352
0.27244 -0.039626 0.123047
0.288206 -0.038976 0.115651
0.299677 -0.047347 0.105698
0.338562 -0.040516 0.042692
0.34008 -0.040658 0.042784
0.335503 -0.040241 0.042565
0.340963 -0.040735 0.042897
0.342079 -0.040735 0.043158
0.344361 -0.046224 0.043695
0.344566 -0.048286 0.043737
0.346176 -0.05167 0.044112
0.345788 -0.048159 0.044027
0.330008 -0.039732 0.042332
0.319984 -0.039407 0.053181
0.320896 -0.03904 0.044762
0.318275 -0.039958 0.065444
0.322033 -0.038998 0.041993
0.324661 -0.039238 0.042099
0.314722 -0.040566 0.079726
0.309439 -0.040693 0.09314
0.302559 -0.039817 0.102788
0.347264 -0.060217 0.063663
0.347123 -0.060697 0.071384
0.347349 -0.059906 0.05583
0.34725 -0.060139 0.049664
0.34701 -0.060951 0.077211
0.353685 -0.061064 0.080898
0.348973 -0.050624 0.045708
0.358671 -0.0566 0.078977
0.373286 -0.0553 0.079373
0.162433 -0.029956 0.031623
0.173918 -0.069357 0.031842
0.17658275 -0.0695035 0.03214975
0.169532 -0.048986 0.031758
0.165018 -0.029956 0.031673
0.12130525 -0.013816 0.03193575
0.124265 -0.014053 0.03097
0.127927 -0.014078 0.030959
0.145374 -0.014106 0.031291
0.152452 -0.014127 0.031426
0.136008 -0.014092 0.031115
0.157213 -0.014148 0.031524
0.1602605 -0.0141655 0.0315775
0.122651 -0.013922 0.03151
0.3405215 0.0606085 0.0428405
0.338562 0.060584 0.042692
0.335503 0.060548 0.042565
0.341839 0.060619 0.043102
0.343344 0.060626 0.043455
0.344975 0.071907 0.043843
0.34494 0.06064 0.043829
0.346204 0.082156 0.044133
0.346148 0.071914 0.044112
0.347115 0.079959 0.071539
0.347264 0.080948 0.063748
0.347356 0.081449 0.055936
0.346995 0.078101 0.077649
0.353706 0.076385 0.081633
0.346896 0.07173 0.045616
0.347299 0.081838 0.049741
0.330008 0.060478 0.042332
0.322033 0.060372 0.041993
0.324661 0.060407 0.042099
0.320896 0.060767 0.044762
0.319984 0.061982 0.053181
0.318275 0.063621 0.065444
0.315097 0.079493 0.078455
0.314722 0.065309 0.079726
0.242201 0.092921 0.126797
0.226732 0.092864 0.12388
0.211305 0.092348 0.117099
0.197757 0.091247 0.106935
0.257508 0.092539 0.126352
0.27244 0.091734 0.123047
0.286376 0.090653 0.116583
0.298716 0.089438 0.106666
0.309714 0.087616 0.092398
0.187904 0.089417 0.093867
0.181497 0.086726 0.079691
0.178311 0.083046 0.066164
0.177082 0.114902 0.037133
0.176984 0.111872 0.041343
0.176863 0.098557 0.046838
0.17716 0.079366 0.054735
0.394229 0.061015 0.082396
0.353741 0.068693 0.082184
0.373907 0.061099 0.082177
0.407925 0.017263 0.114139
0.4076955 0.034399 0.115764
0.400791 0.017546 0.082007
0.395147 0.01797 0.072564
0.39507 0.0331 0.072394
0.394582 0.047785 0.071334
0.39483 0.042558 0.071871
0.393071 0.055138 0.079521
0.394483 0.050243 0.071123
0.391686 0.052305 0.076081
0.401646 0.116421 0.123548
0.399061 0.118222 0.126656
0.394921 0.119861 0.130944
0.398277 0.117714 0.126395
0.391291 0.121012 0.134885
0.394328 0.119352 0.130781
0.38632675 0.11877625 0.157785
0.38845975 0.12089375 0.14938475
0.390295 0.121259 0.136856
0.39034575 0.12081825 0.1418565
0.390733 0.120935 0.138664
0.390916 0.120899 0.137936
0.390839 0.120963 0.137258
0.40421 0.109301 0.120165
0.40303 0.113412 0.121634
0.383097 0.036091 0.169705
0.40409325 0.1007115 0.12024925
0.406732 0.034399 0.117134
0.405608 0.034399 0.118519
0.40420625 0.06831625 0.12013975
0.404208 0.0512865 0.1201345
0.4041905 0.034429 0.12013975
0.40419225 0.08595425 0.12015025
0.177153 0.112232 0.034244
0.177188 0.110834 0.032725
0.162433 0.029956 0.031623
0.165018 0.029956 0.031673
0.169532 0.048986 0.031758
0.173918 0.069357 0.031842
0.17658275 0.0893395 0.03214975
0.12130525 0.013816 0.03193575
0.124265 0.014053 0.03097
0.127927 0.014078 0.030959
0.145374 0.014106 0.031291
0.136008 0.014092 0.031115
0.152452 0.014127 0.031426
0.157213 0.014148 0.031524
0.1602605 0.0141655 0.0315775
0.122651 0.013922 0.031503
0.4076955 -0.017263 0.115764
0.407925 0 0.114139
0.395147 0 0.072564
0.387109 -0.018655 0.063501
0.387109 0 0.063501
0.387109 -0.033968 0.063501
0.387116 -0.049028 0.063501
0.387109 -0.046866 0.063501
0.387116 -0.042614 0.063501
0.38855 -0.051041 0.07108
0.372537 -0.052531 0.075996
0.401286 -0.116025 0.123583
0.400431 -0.115609 0.123421
0.397648 -0.117247 0.126289
0.399732 -0.11522 0.1234
0.39151 -0.12061 0.135196
0.394526 -0.118964 0.131127
0.397817 -0.11688 0.126677
0.403482 -0.10893 0.1208535
0.402592 -0.113136 0.121768
0.391142 -0.120793 0.138049
0.391135 -0.1208 0.137477
0.392018 -0.120327 0.135662
0.3829505 0 0.170078875
0.406732 -0.017263 0.117134
0.405608 -0.017263 0.118519
0.40421 -0.017263 0.12013275
0.226732 -0.018973 0.12388
0.242201 -0.018987 0.126797
0.211305 -0.018867 0.117099
0.197757 -0.018641 0.106935
0.187897 -0.018266 0.093867
0.181497 -0.017715 0.079691
0.178311 -0.016967 0.066164
0.177153 -0.090893 0.034244
0.177082 -0.072401 0.037133
0.176984 -0.05263 0.041343
0.176863 -0.033121 0.046838
0.17716 -0.016211 0.054735
0.257508 -0.018902 0.126352
0.286376 -0.018478 0.116583
0.27244 -0.01874 0.123047
0.299677 -0.032605 0.105698
0.3405215 -0.030546 0.0428405
0.338562 -0.030302 0.042692
0.335503 -0.029935 0.042565
0.342079 -0.030719 0.043158
0.344297 -0.030931 0.043681
0.344297 -0.040615 0.043681
0.348493 -0.046457 0.044853
0.346409 -0.048307 0.044168
0.330008 -0.029264 0.042332
0.318275 -0.030288 0.065444
0.319984 -0.029208 0.053181
0.320896 -0.028445 0.044762
0.314722 -0.031362 0.079726
0.322033 -0.028289 0.041993
0.324661 -0.028607 0.042099
0.308718 -0.032217 0.093867
0.353402 -0.054636 0.076272
0.353042 -0.053654 0.07113
0.352251 -0.052659 0.063614
0.351354 -0.051924 0.055894
0.350683 -0.05174 0.05013
0.359738 -0.048696 0.049219
0.349969 -0.048081 0.045312
0.162433 -0.014169 0.031616
0.173918 -0.048986 0.031842
0.17658275 -0.04909175 0.03214975
0.169532 -0.029956 0.031758
0.165018 -0.014169 0.031673
0.177153 -0.070713 0.034237
0.177153 -0.049946 0.034244
0.1215595 0 0.0318245
0.124265 0 0.03097
0.127927 0 0.030959
0.145374 0 0.031291
0.136008 0 0.031115
0.152452 0 0.031426
0.157213 0 0.031524
0.159607 0 0.031567
0.160914 0 0.031588
0.3405215 0.049727 0.0428405
0.338562 0.049657 0.042692
0.335503 0.049536 0.042565
0.342107 0.049325 0.043165
0.343633 0.051648 0.043525
0.346112 0.060647 0.044105
0.345131 0.051627 0.043872
0.347115 0.070204 0.071589
0.347271 0.070444 0.063706
0.347349 0.070614 0.05588
0.347264 0.071165 0.049699
0.346988 0.069449 0.07796
0.346875 0.06052 0.045602
0.330008 0.049325 0.042332
0.324661 0.049113 0.042099
0.322033 0.049007 0.041993
0.320896 0.049049 0.044762
0.319984 0.049268 0.053181
0.318275 0.049621 0.065444
0.314722 0.050052 0.079726
0.308478 0.06622 0.094114
0.308718 0.049614 0.093867
0.242201 0.065634 0.126797
0.226732 0.065599 0.12388
0.211305 0.065232 0.117099
0.197757 0.064455 0.106935
0.257508 0.065366 0.126352
0.27244 0.064794 0.123047
0.286376 0.064624 0.116583
0.298716 0.065549 0.106666
0.187904 0.063162 0.093867
0.181497 0.061255 0.079691
0.178311 0.058655 0.066164
0.177082 0.1087 0.037133
0.176984 0.095774 0.041343
0.176863 0.076682 0.046838
0.17716 0.056063 0.054735
0.353685 0.061064 0.080898
0.373286 0.0553 0.079373
0.358671 0.0566 0.078977
0.4076955 0.017263 0.115764
0.387109 0.018655 0.063501
0.387109 0.033968 0.063501
0.387109 0.049028 0.063501
0.387109 0.046866 0.063501
0.387109 0.042614 0.063501
0.38855 0.051041 0.07108
0.372537 0.052531 0.075996
0.401286 0.116025 0.123583
0.400431 0.115609 0.123421
0.397648 0.117247 0.126289
0.399732 0.11522 0.1234
0.39151 0.12061 0.135196
0.394526 0.118964 0.131127
0.397817 0.11688 0.126677
0.39098 0.120829 0.138756
0.391149 0.120786 0.138049
0.391135 0.1208 0.137477
0.392018 0.120327 0.135662
0.403482 0.10893 0.1208535
0.402592 0.113136 0.121768
0.406732 0.017263 0.117134
0.405608 0.017263 0.118519
0.40421 0.017263 0.12013275
0.177153 0.106172 0.034237
0.162433 0.014169 0.031616
0.165018 0.014169 0.031673
0.169532 0.029956 0.031758
0.173918 0.048986 0.031842
0.17658275 0.0695035 0.03214975
0.177153 0.090893 0.034244
0.177153 0.070713 0.034237
0.4076955 0 0.115764
0.379459 -0.019199 0.056607
0.37948 0 0.056614
0.379424 -0.034689 0.0566
0.382129 -0.049861 0.063522
0.379403 -0.048187 0.056593
0.379403 -0.046287 0.056593
0.37941 -0.042748 0.056593
0.370792 -0.051309 0.071059
0.401674 -0.11284 0.121697
0.399852 -0.114923 0.123859
0.400918 -0.112557 0.121761
0.398277 -0.116633 0.1272
0.395013 -0.118695 0.131629
0.400275 -0.114712 0.124431
0.391277 -0.120701 0.138869
0.391446 -0.120666 0.138177
0.391354 -0.120694 0.137604
0.3923965 -0.1201225 0.1359905
0.39556425 -0.11840575 0.13209675
0.383867 -0.037352 0.168705
0.383599 -0.036956 0.16867
0.383507 -0.036116 0.168677
0.406732 0 0.117134
0.405608 0 0.118519
0.40421175 0 0.120131
0.226732 0 0.12388
0.211305 0 0.117099
0.242201 0 0.126797
0.197757 0 0.106935
0.187904 0 0.093867
0.181497 0 0.079691
0.178311 0 0.066164
0.177082 -0.05114 0.037133
0.176984 -0.032188 0.041343
0.176863 -0.015667 0.046838
0.17716 0 0.054735
0.257508 0 0.126352
0.27244 0 0.123047
0.286376 0 0.116583
0.298716 -0.018125 0.106666
0.308478 -0.017631 0.094114
0.3405215 -0.0162955 0.0428405
0.342079 -0.01643 0.043158
0.338562 -0.01614 0.042692
0.335503 -0.0159 0.042565
0.344297 -0.01662 0.043681
0.349496 -0.017058 0.045207
0.349468 -0.03151 0.045199
0.349446 -0.040735 0.045192
0.359342 -0.045863 0.048435
0.330008 -0.015462 0.042332
0.314722 -0.016981 0.079726
0.318275 -0.016239 0.065444
0.319984 -0.015483 0.053181
0.320896 -0.014946 0.044762
0.322033 -0.014833 0.041993
0.324661 -0.015038 0.042099
0.36719 -0.050137 0.063565
0.363369 -0.049268 0.056183
0.360988 -0.048957 0.051606
0.359328 -0.047975 0.048427
0.368338 -0.0482155 0.0515885
0.162433 0 0.031623
0.173918 -0.029956 0.031842
0.17658275 -0.0300215 0.03214975
0.177153 -0.030543 0.034237
0.169532 -0.014169 0.031758
0.165018 0 0.031673
0.177082 -0.03127 0.037133
0.340963 0.040735 0.042897
0.34008 0.040658 0.042784
0.338562 0.040516 0.042692
0.335503 0.040241 0.042565
0.342079 0.040735 0.043158
0.344361 0.046224 0.043695
0.344566 0.048286 0.043737
0.346176 0.05167 0.044112
0.345788 0.048159 0.044027
0.34701 0.060951 0.077211
0.347123 0.060697 0.071384
0.347271 0.060217 0.063663
0.347349 0.059906 0.05583
0.34725 0.060139 0.049664
0.348973 0.050624 0.045708
0.330008 0.039732 0.042332
0.319984 0.039407 0.053181
0.320896 0.039047 0.044762
0.322033 0.038998 0.041993
0.324661 0.039238 0.042099
0.318275 0.039958 0.065444
0.314722 0.040566 0.079726
0.309439 0.040693 0.09314
0.302559 0.039817 0.102788
0.299677 0.047347 0.105698
0.242201 0.040135 0.126797
0.226732 0.040114 0.12388
0.211305 0.039895 0.117099
0.197757 0.039414 0.106935
0.257508 0.039972 0.126352
0.27244 0.039626 0.123047
0.288206 0.038976 0.115651
0.187904 0.038623 0.093867
0.181497 0.037458 0.079691
0.178311 0.035869 0.066164
0.177082 0.093055 0.037133
0.176984 0.074513 0.041343
0.176863 0.054163 0.046838
0.17716 0.034279 0.054735
0.353402 0.054636 0.076272
0.379459 0.019199 0.056607
0.379424 0.034689 0.0566
0.379403 0.048187 0.056593
0.382129 0.049861 0.063522
0.379403 0.046287 0.056593
0.37941 0.042748 0.056593
0.370792 0.051309 0.071059
0.401674 0.11284 0.121697
0.399852 0.114923 0.123859
0.400918 0.112557 0.121761
0.395013 0.118695 0.131629
0.398277 0.116633 0.1272
0.400275 0.114712 0.124431
0.391298 0.120694 0.138876
0.391467 0.120652 0.138184
0.391354 0.120694 0.137604
0.3924 0.120119 0.1359905
0.395573 0.11840225 0.13210375
0.383747 0.0371575 0.1686875
0.3835 0.036116 0.168677
0.169532 0.014169 0.031758
0.173918 0.029956 0.031842
0.17658275 0.04909175 0.03214975
0.177153 0.049946 0.034244
0.177082 0.072401 0.037133
0.177082 0.05114 0.037133
0.375045 0 0.05369
0.374967 -0.019213 0.053662
0.37484 -0.034675 0.053619
0.374776 -0.042635 0.053598
0.375391 -0.049 0.056487
0.374734 -0.047912 0.053584
0.374748 -0.046061 0.053591
0.402296 -0.108693 0.120899
0.400982 -0.112338 0.122284
0.40154 -0.108471 0.1212665
0.39880825 -0.11636475 0.1277015
0.4006005 -0.1145525 0.124837
0.40137 -0.11219 0.122898
0.387286 -0.118427 0.157933
0.389398 -0.120518 0.149612
0.391262 -0.120447 0.142167
0.391983 -0.120412 0.139137
0.392152 -0.120376 0.138452
0.385824 -0.111957 0.163577
0.384962 -0.101135 0.166925
0.391651 -0.120567 0.137739
0.384609 -0.037705 0.168818
0.384831 -0.037112 0.164435
0.384609 -0.036073 0.164403
0.384573 -0.030896 0.164538
0.383358 -0.017525 0.169228
0.384481 -0.017503 0.164884
0.402158 -0.100546 0.1208305
0.40225175 -0.0859245 0.1207315
0.40226575 -0.068426 0.1207175
0.40226925 -0.05176325 0.1207105
0.4023115 -0.01727 0.1206535
0.40222675 -0.0303575 0.120689
0.40233075 0 0.12063075
0.40221625 -0.0394725 0.12070175
0.40226 -0.034936 0.120475
0.242201 0.018987 0.126797
0.226732 0.018973 0.12388
0.211305 0.018867 0.117099
0.197757 0.018641 0.106935
0.257508 0.018902 0.126352
0.187904 0.018266 0.093867
0.181497 0.017715 0.079691
0.178311 0.016967 0.066164
0.17716 0.016211 0.054735
0.176984 -0.015222 0.041343
0.176863 0 0.046838
0.176863 0.015667 0.046838
0.27244 0.01874 0.123047
0.286376 0.018478 0.116583
0.298716 0 0.106666
0.298716 0.018125 0.106666
0.308478 0 0.094107
0.3405215 0 0.0428405
0.342079 0 0.043158
0.344297 0 0.043681
0.338562 0 0.042692
0.335503 0 0.042565
0.349517 0 0.045214
0.359561 -0.017906 0.048505
0.359434 -0.032739 0.048463
0.359639 0 0.048533
0.359371 -0.04142 0.048442
0.36933 -0.045998 0.051776
0.369373 -0.042212 0.05179
0.330008 0 0.042332
0.314722 0 0.079726
0.318275 0 0.065444
0.319984 0 0.053181
0.320896 0 0.044762
0.322033 0 0.041993
0.324661 0 0.042099
0.371294 -0.04871 0.053089
0.173918 -0.014169 0.031842
0.17658275 -0.01419925 0.03214975
0.177153 -0.014445 0.034244
0.177082 -0.014791 0.037133
0.169532 0 0.031758
0.342079 0.030719 0.043158
0.3405215 0.030546 0.0428405
0.338562 0.030302 0.042692
0.335503 0.029935 0.042565
0.344297 0.030931 0.043681
0.344297 0.040622 0.043681
0.348493 0.046457 0.044853
0.346409 0.048307 0.044168
0.353042 0.053654 0.07113
0.352251 0.052659 0.063614
0.351354 0.051924 0.055894
0.350683 0.05174 0.05013
0.349969 0.048081 0.045312
0.359738 0.048696 0.049219
0.330008 0.029264 0.042332
0.319984 0.029215 0.053181
0.318275 0.030288 0.065444
0.320896 0.028445 0.044762
0.324661 0.028614 0.042099
0.322033 0.028289 0.041993
0.314722 0.031362 0.079726
0.308718 0.032217 0.093867
0.299677 0.032605 0.105698
0.176984 0.05263 0.041343
0.176863 0.033121 0.046838
0.374967 0.019213 0.053662
0.37484 0.034675 0.053619
0.374776 0.042635 0.053598
0.375391 0.049 0.056487
0.374734 0.047919 0.053584
0.36719 0.050137 0.063565
0.374748 0.046061 0.053591
0.402296 0.108693 0.120899
0.400982 0.112338 0.122284
0.40154 0.108471 0.1212665
0.3988205 0.11636125 0.1277085
0.4006005 0.1145525 0.124837
0.40137 0.11219 0.122898
0.387321 0.118413 0.15794
0.389426 0.120504 0.149627
0.391298 0.120433 0.142182
0.392018 0.120398 0.139151
0.392181 0.120362 0.138459
0.385859 0.111943 0.163577
0.391672 0.12056 0.137746
0.384489 0.053195 0.169334
0.384644 0.037726 0.168825
0.3848415 0.0371225 0.164442
0.384609 0.036073 0.164403
0.384573 0.030896 0.164538
0.383358 0.017525 0.169228
0.384481 0.017503 0.164884
0.402158 0.100546 0.12083225
0.40225175 0.0859245 0.1207315
0.40226575 0.068426 0.1207175
0.40226925 0.05176325 0.1207105
0.40221625 0.0394725 0.12070175
0.40226 0.034936 0.120475
0.40222675 0.0303575 0.120689
0.4023115 0.01727 0.1206535
0.173918 0.014169 0.031842
0.17658275 0.0300215 0.03214975
0.177153 0.030543 0.034237
0.177082 0.03127 0.037133
0.176984 0.032188 0.041343
0.369471 -0.033997 0.051825
0.369662 -0.018754 0.051889
0.369775 0 0.051924
0.369662 0.018754 0.051889
0.401674 -0.1120735 0.123336
0.401942 -0.108326 0.122185
0.388804 -0.117869 0.158188
0.390881 -0.119924 0.150001
0.392718 -0.119854 0.142669
0.393424 -0.119826 0.139695
0.393593 -0.11979 0.139017
0.39235 -0.120285 0.138021
0.387363 -0.111505 0.163739
0.386516 -0.100853 0.167031
0.386014 -0.053676 0.169404
0.386106 -0.06935 0.168917
0.386184 -0.085942 0.168444
0.392788 -0.119946 0.136206
0.385993 -0.042254 0.169567
0.386127 -0.03844 0.169058
0.385682 -0.03767 0.164658
0.3875435 -0.03702 0.153925
0.388388 -0.037578 0.154197
0.387328 -0.035975 0.153872
0.3873 -0.030811 0.153964
0.387243 -0.017454 0.154197
0.387201 0 0.154352
0.384418 0 0.165117
0.401773 -0.035134 0.120603
0.176984 0 0.041343
0.176984 0.015222 0.041343
0.308478 0.017631 0.094114
0.314722 0.016981 0.079726
0.3405215 0.0162955 0.0428405
0.338562 0.01614 0.042692
0.342079 0.01643 0.043158
0.344297 0.01662 0.043681
0.335503 0.0159 0.042565
0.330008 0.015462 0.042332
0.349496 0.017058 0.045207
0.359561 0.017906 0.048505
0.324661 0.015038 0.042099
0.318275 0.016239 0.065444
0.319984 0.01549 0.053181
0.320896 0.014946 0.044762
0.322033 0.014833 0.041993
0.173918 0 0.031842
0.17658275 0 0.03214975
0.177153 0 0.034237
0.177082 0 0.037133
0.349468 0.03151 0.045199
0.349446 0.040735 0.045192
0.359342 0.045863 0.048435
0.363369 0.049268 0.056183
0.360988 0.048957 0.051606
0.359328 0.047975 0.048427
0.368338 0.0482155 0.0515885
0.369471 0.033997 0.051825
0.369373 0.042212 0.05179
0.36933 0.045998 0.051776
0.371294 0.04871 0.053089
0.4016775 0.1120735 0.123336
0.401942 0.108326 0.122185
0.388826 0.117855 0.158195
0.390902 0.119917 0.150008
0.392739 0.119847 0.142676
0.393445 0.119818 0.139702
0.393608 0.119783 0.139024
0.392386 0.120271 0.138028
0.387385 0.111498 0.163739
0.392809 0.119939 0.136213
0.386537 0.100846 0.167031
0.386035 0.053683 0.169404
0.386134 0.069357 0.168917
0.386205 0.085942 0.168444
0.386014 0.042261 0.169567
0.386148 0.038454 0.169065
0.385725 0.037691 0.164665
0.3875575 0.037027 0.1539285
0.387328 0.035975 0.153872
0.3873 0.030811 0.153964
0.387243 0.017454 0.154197
0.401773 0.035134 0.120603
0.17658275 0.01419925 0.03214975
0.177153 0.014445 0.034244
0.177082 0.014791 0.037133
0.359434 0.032739 0.048463
0.400954 -0.114408 0.125116
0.4024015 -0.10821325 0.12277975
0.402706375 -0.100371625 0.122530125
0.390323 -0.117304 0.158442
0.392371 -0.119338 0.150389
0.394173 -0.119268 0.143178
0.394872 -0.119232 0.140246
0.395034 -0.119197 0.139582
0.393791 -0.119698 0.138593
0.39348 -0.119663 0.136503
0.38891 -0.111046 0.163902
0.38865525 -0.10044575 0.166954375
0.3881515 -0.054318375 0.169335375
0.388301 -0.0439475 0.1695705
0.388249625 -0.06965875 0.16883675
0.388332875 -0.085885875 0.168345
0.396419 -0.11806 0.13254
0.387653 -0.039174 0.169298
0.387166 -0.038404 0.165039
0.38985 -0.038305 0.15467
0.3902595 -0.0369245 0.1434245
0.391093 -0.037479 0.143721
0.392541 -0.038214 0.144244
0.390005 -0.017405 0.143517
0.390033 -0.030726 0.143404
0.39004 -0.035883 0.143361
0.389984 0 0.143594
0.390005 0.017405 0.143517
0.401907 -0.035332 0.121175
0.359371 0.04142 0.048442
0.400968 0.114401 0.125123
0.4024085 0.10820975 0.12278325
0.40271775 0.100369875 0.12253625
0.39033 0.117304 0.158442
0.392378 0.119331 0.150389
0.39418 0.11926 0.143178
0.394879 0.119232 0.140246
0.395041 0.119197 0.139582
0.393812 0.119691 0.1386
0.393509 0.119649 0.13651
0.388917 0.111046 0.163902
0.396454 0.118046 0.132554
0.38865875 0.10044575 0.16695525
0.38830275 0.0439475 0.1695705
0.388155 0.054321875 0.169335375
0.388253125 0.06965875 0.16883675
0.388332 0.085885875 0.168345
0.38766 0.039174 0.169305
0.387194 0.038411 0.165046
0.388423 0.037592 0.154204
0.389871 0.03832 0.154677
0.3902735 0.0369315 0.143428
0.391128 0.0375 0.143736
0.390033 0.030726 0.143404
0.39004 0.035883 0.143361
0.401907 0.035332 0.121168
0.4029845625 -0.0858836875 0.1225729375
0.402998625 -0.0686515 0.1225518125
0.39964 -0.116032 0.128189
0.40202 -0.11195 0.123626
0.401582 -0.114168 0.12549
0.391245 -0.1168765 0.15853
0.3932615 -0.118868 0.150587
0.395045 -0.118798 0.143471
0.395599 -0.118943 0.140522
0.395755 -0.118907 0.139865
0.395232 -0.119105 0.139165
0.3949 -0.119091 0.137096
0.3900525 -0.1104875 0.163623
0.388416 -0.039542 0.169426
0.397789 -0.117509 0.133197
0.389027 -0.0393225 0.16553
0.3916795 -0.0392305 0.155263
0.3943565 -0.0391355 0.1448975
0.391135 -0.03584 0.139137
0.39122 -0.036688 0.139165
0.391474 -0.037083 0.139257
0.392181 -0.037444 0.139526
0.393622 -0.038178 0.14007
0.395063 -0.038913 0.140621
0.391128 -0.030691 0.139158
0.391114 -0.017383 0.139201
0.391114 0 0.139229
0.391114 0.017383 0.139201
0.391128 0.030691 0.139158
0.402803375 -0.05242825 0.122408875
0.402596625 -0.04009175 0.122345375
0.402274 -0.035487 0.121817
0.40238225 -0.030479 0.12205225
0.402284 -0.01727875 0.122493875
0.402293625 0 0.1224825
0.40300125 0.0858836875 0.1225808125
0.403014375 0.0686528125 0.122560125
0.399661 0.116018 0.128203
0.402034 0.111943 0.123633
0.40161 0.114161 0.125505
0.391245 0.1168765 0.15853
0.3932615 0.118868 0.150587
0.395045 0.118798 0.143471
0.395599 0.118943 0.140522
0.395755 0.118907 0.139865
0.395239 0.119105 0.139165
0.394921 0.119077 0.137103
0.3900525 0.1104875 0.163623
0.39781 0.117495 0.133204
0.388416 0.039542 0.169426
0.3890305 0.0393225 0.16553
0.391683 0.0392305 0.155263
0.392562 0.038228 0.144251
0.3943565 0.0391355 0.1448975
0.391135 0.03584 0.139137
0.391227 0.036688 0.139165
0.391496 0.037098 0.139264
0.392209 0.037458 0.13954
0.393643 0.038185 0.140084
0.4028165 0.052434375 0.122416875
0.402603625 0.04009525 0.122348
0.402274 0.035487 0.121817
0.40238225 0.030479 0.12205225
0.402284 0.0172805 0.122493875
0.400954 -0.11551 0.128916
0.402642 -0.111731 0.124014
0.402868 -0.11368 0.12626
0.395875 -0.118596 0.140628
0.39603 -0.118568 0.139971
0.395953 -0.118815 0.139448
0.39632 -0.118512 0.137689
0.399167 -0.116951 0.133861
0.39579 -0.03928 0.140896
0.391573 -0.036674 0.138155
0.391488 -0.035833 0.138127
0.391739 -0.0306805 0.1376925
0.391828 -0.037076 0.138254
0.392527 -0.03743 0.13853
0.393961 -0.038164 0.139095
0.395402 -0.038906 0.13966
0.396122 -0.039273 0.139942
0.3917495 -0.0173795 0.1376785
0.3917565 0 0.137668
0.3917495 0.0173795 0.1376785
0.391739 0.0306805 0.1376925
0.402465 -0.035593 0.1223225
0.400975 0.115503 0.128923
0.402663 0.111724 0.124028
0.402889 0.113673 0.126275
0.395875 0.118596 0.140628
0.39603 0.118568 0.139971
0.395953 0.118815 0.139448
0.396327 0.118505 0.137696
0.399174 0.116951 0.133861
0.39507 0.038913 0.140621
0.39579 0.03928 0.140896
0.391488 0.035833 0.138127
0.39158 0.036681 0.138155
0.391849 0.037083 0.138261
0.392562 0.037451 0.138544
0.393982 0.038178 0.139102
0.395409 0.038906 0.13966
0.402465 0.035593 0.1223225
0.402282 -0.114994 0.129644
0.403186 -0.107973 0.123322
0.403913 -0.111286 0.124812
0.404167 -0.113193 0.127037
0.391587 -0.116096 0.158138
0.393551 -0.117975 0.150425
0.395296 -0.117897 0.143502
0.395967 -0.117862 0.14067
0.396228 -0.118491 0.139554
0.396136 -0.117834 0.140006
0.397171 -0.11807 0.138046
0.389701 -0.043342 0.165569
0.399993 -0.1165305 0.1342425
0.392336 -0.04325 0.155383
0.394999 -0.043158 0.145085
0.396059 -0.043116 0.140988
0.391983 -0.035819 0.137251
0.392075 -0.036667 0.137279
0.392329 -0.037062 0.137378
0.393021 -0.037423 0.137661
0.394448 -0.038157 0.13824
0.395882 -0.038892 0.138819
0.396595 -0.039259 0.139109
0.396624 -0.0431055 0.1396385
0.402282 0.114987 0.129644
0.403214 0.107966 0.123336
0.403927 0.111279 0.124819
0.404167 0.113193 0.127037
0.391587 0.116096 0.158138
0.393551 0.117975 0.150425
0.395296 0.117897 0.143502
0.395974 0.117862 0.14067
0.396228 0.118491 0.139554
0.396136 0.117834 0.140006
0.397171 0.11807 0.138046
0.399993 0.1165305 0.1342425
0.389701 0.043342 0.165569
0.394999 0.043158 0.145085
0.392336 0.04325 0.155383
0.396059 0.043116 0.140988
0.396122 0.039273 0.139942
0.391983 0.035819 0.137251
0.392075 0.036667 0.137279
0.39235 0.037076 0.137393
0.393057 0.037437 0.137675
0.394469 0.038171 0.138247
0.395889 0.038899 0.138819
0.403062 -0.114595 0.1300815
0.40445 -0.107584 0.124127
0.405192 -0.110834 0.125603
0.40481 -0.112946 0.127419
0.391955 -0.114217 0.156697
0.391065 -0.109922 0.160172
0.395296 -0.115418 0.143587
0.393487 -0.115481 0.150714
0.396002 -0.115383 0.140691
0.396334 -0.117812 0.139582
0.396179 -0.115368 0.140013
0.390394 -0.100189 0.162821
0.390097 -0.085878 0.164093
0.389878 -0.054481 0.165202
0.389991 -0.069724 0.164665
0.392484 -0.054389 0.15515
0.395112 -0.054297 0.145007
0.39615 -0.054255 0.140981
0.396694 -0.0542445 0.139692
0.393346 -0.030656 0.13533
0.393339 -0.035798 0.135337
0.393424 -0.036638 0.135365
0.393671 -0.037034 0.135471
0.394363 -0.037401 0.135775
0.395769 -0.038136 0.136375
0.397175 -0.038871 0.13699
0.398185 -0.05422 0.137506
0.398135 -0.043073 0.137421
0.397881 -0.039238 0.137294
0.393374 -0.017362 0.135288
0.393396 0 0.135252
0.393374 0.017362 0.135288
0.393346 0.030656 0.13533
0.393339 0.035798 0.135337
0.40232725 -0.036462 0.12307675
0.401882 -0.0305105 0.1233505
0.403062 0.114595 0.1300815
0.404471 0.107577 0.124134
0.405192 0.110834 0.125611
0.40481 0.112946 0.127419
0.391955 0.114217 0.156697
0.391065 0.109922 0.160172
0.393487 0.115481 0.150714
0.395296 0.115418 0.143587
0.396002 0.115383 0.140691
0.396334 0.117812 0.139582
0.396179 0.115368 0.140013
0.390394 0.100189 0.162821
0.390097 0.085878 0.164093
0.389878 0.054481 0.165202
0.389991 0.069724 0.164665
0.392484 0.054389 0.15515
0.395112 0.054297 0.145007
0.39615 0.054255 0.140981
0.396624 0.0431055 0.1396385
0.396694 0.0542445 0.139692
0.396595 0.039266 0.139109
0.393431 0.036646 0.135372
0.393692 0.037048 0.135478
0.394392 0.037415 0.135782
0.39579 0.038143 0.136389
0.397182 0.038871 0.13699
0.4022 0.036052 0.1229935
0.402472 0.036886 0.123174
0.401882 0.0305105 0.1233505
0.403073 -0.037232 0.123562
0.404669 -0.09997 0.123894
0.405721 -0.107196 0.124932
0.405905 -0.110523 0.1261405
0.405008 -0.11272 0.127631
0.404761 -0.068975 0.123788
0.404747 -0.085836 0.123802
0.404768 -0.053195 0.123781
0.404655 -0.041774 0.123929
0.40433 -0.037966 0.124374
0.393155 -0.109824 0.152085
0.392795 -0.100224 0.153617
0.395246 -0.109838 0.143969
0.396066 -0.109824 0.140734
0.3964295 -0.1098275 0.139755
0.397422 -0.117297 0.138113
0.396405 -0.11539 0.139554
0.392626 -0.085885 0.154401
0.392555 -0.06966 0.15479
0.40024 -0.115778 0.134313
0.39514 -0.06959 0.144852
0.3964115 -0.06955625 0.1403185
0.396249 -0.030606 0.131219
0.396249 -0.035741 0.131219
0.396334 -0.036589 0.131254
0.396574 -0.036985 0.131367
0.397238 -0.037345 0.131699
0.398594 -0.038079 0.13237
0.399958 -0.038821 0.133041
0.398128 -0.069526 0.137569
0.400947 -0.05417 0.133592
0.400911 -0.069491 0.133635
0.40089 -0.043024 0.133515
0.400643 -0.039188 0.13338
0.396285 0 0.13117
0.39627 -0.017334 0.131184
0.39627 0.017334 0.131184
0.396249 0.030606 0.131219
0.396249 0.035741 0.131219
0.40161 -0.035643 0.123718
0.401688 -0.03649 0.12376
0.401907 -0.036886 0.123901
0.402529 -0.037246 0.124304
0.4011865 -0.0172875 0.1242895
0.4011725 0 0.124311
0.403101 0.037246 0.123576
0.404683 0.09997 0.123908
0.405721 0.107196 0.124932
0.405905 0.110523 0.1261405
0.405008 0.11272 0.127631
0.404775 0.068982 0.123795
0.404768 0.085836 0.123816
0.404782 0.053202 0.123795
0.404676 0.041781 0.123944
0.404344 0.037981 0.124389
0.393155 0.109824 0.152085
0.392795 0.100224 0.153617
0.395246 0.109838 0.143969
0.396066 0.109824 0.140734
0.3964295 0.1098275 0.139755
0.397422 0.117297 0.138113
0.396405 0.11539 0.139554
0.392626 0.085885 0.154401
0.40024 0.115778 0.134313
0.392555 0.06966 0.15479
0.39514 0.06959 0.144852
0.3964115 0.06955625 0.1403185
0.398135 0.043073 0.137421
0.398185 0.05422 0.137506
0.397881 0.039238 0.137294
0.396334 0.036589 0.131254
0.396595 0.036992 0.131374
0.397266 0.037359 0.131713
0.398616 0.038094 0.132377
0.399965 0.038821 0.133041
0.40161 0.035643 0.123718
0.401695 0.03649 0.123767
0.401928 0.036893 0.123915
0.402557 0.03726 0.124318
0.4011865 0.0172875 0.1242895
0.403786 -0.037981 0.125109
0.403256 -0.113899 0.130223
0.406275 -0.099556125 0.12556875
0.406359 -0.10684275 0.125775
0.404959 -0.112282 0.127878
0.40633325 -0.0692955 0.12502675
0.406330625 -0.0538585 0.125027625
0.406327125 -0.085789125 0.125035125
0.4063245 -0.04348325 0.125344625
0.405587 -0.038708 0.125194
0.40505 -0.038722 0.125921
0.395162 -0.085892 0.144675
0.39519 -0.100281 0.144414
0.3963465 -0.100288 0.14026025
0.397514 -0.11498 0.138042
0.400332 -0.113673 0.134214
0.3963975 -0.0858815 0.140287
0.398065 -0.085871 0.137619
0.39923 -0.030557 0.127002
0.399237 -0.035685 0.126995
0.399322 -0.036533 0.12703
0.399548 -0.036928 0.127165
0.400191 -0.037288 0.127525
0.401497 -0.03803 0.128266
0.402811 -0.038765 0.129008
0.400869 -0.085857 0.133677
0.403772 -0.085836 0.129594
0.403786 -0.069456 0.129587
0.403793 -0.054121 0.12958
0.403715 -0.042974 0.129524
0.403468 -0.039139 0.129382
0.39923 0 0.127002
0.39923 -0.017306 0.127002
0.39923 0.017306 0.127002
0.39923 0.030557 0.127002
0.399237 0.035685 0.126995
0.400819 -0.030529 0.124791
0.400833 -0.035657 0.124777
0.400911 -0.036504 0.124819
0.401137 -0.0369 0.124954
0.401759 -0.03726 0.125342
0.403037 -0.038002 0.126126
0.403807 0.037995 0.125123
0.403256 0.113899 0.130223
0.406275 0.099556125 0.12556875
0.406359 0.10684275 0.125775
0.404959 0.112289 0.127871
0.4063315 0.085789125 0.125038625
0.40633325 0.0692955 0.12502675
0.40633325 0.0538585 0.125031125
0.4063245 0.04348325 0.125346375
0.405594 0.038715 0.125194
0.405057 0.038722 0.125928
0.39519 0.100281 0.144414
0.395162 0.085892 0.144675
0.3963465 0.100288 0.14026025
0.397514 0.11498 0.138042
0.400332 0.113673 0.134214
0.3963975 0.0858815 0.140287
0.398128 0.069526 0.137569
0.398065 0.085871 0.137619
0.400947 0.05417 0.133592
0.40089 0.043024 0.133515
0.400911 0.069491 0.133635
0.400643 0.039188 0.13338
0.399322 0.036533 0.127037
0.399569 0.036942 0.127172
0.400226 0.03731 0.127539
0.401519 0.038037 0.128274
0.402818 0.038772 0.129015
0.400819 0.030529 0.124791
0.400833 0.035657 0.124777
0.400918 0.036504 0.124819
0.401158 0.036907 0.124968
0.401794 0.037274 0.125356
0.403059 0.038009 0.12614
0.404316 -0.038736 0.126917
0.403313 -0.112063 0.130159
0.405813 -0.110163 0.126684
0.404895 -0.110756 0.127984
0.406216 -0.039082 0.125603
0.405679 -0.03909 0.126331
0.404959 -0.039111 0.127313
0.397726 -0.109619 0.13788
0.400551 -0.108877 0.133995
0.397952 -0.100238 0.13771
0.40077 -0.100055 0.133769
0.403701 -0.099822 0.129672
0.405269 -0.099624 0.127518
0.405697 -0.085804 0.1269385
0.4056755 -0.06942 0.1269665
0.4056545 -0.0540885 0.126995
0.405206 -0.042946 0.127454
0.404323 0.038743 0.126917
0.403313 0.112063 0.130159
0.405813 0.110163 0.126684
0.404895 0.110756 0.127984
0.406216 0.039082 0.125603
0.405679 0.03909 0.126331
0.404959 0.039111 0.127313
0.397726 0.109619 0.13788
0.400551 0.108877 0.133995
0.397952 0.100238 0.13771
0.400869 0.085857 0.133677
0.40077 0.100055 0.133769
0.403793 0.054121 0.12958
0.403786 0.069456 0.129587
0.403715 0.042974 0.129524
0.403772 0.085836 0.129594
0.403468 0.039139 0.129382
0.403504 -0.107973 0.129919
0.405524 -0.109393 0.127108
0.405057 -0.107238 0.127779
0.405799 -0.106793 0.126762
0.403504 0.107966 0.129919
0.405524 0.109393 0.127108
0.405057 0.107238 0.127779
0.405206 0.042946 0.127454
0.403701 0.099822 0.129672
0.405697 0.085804 0.1269385
0.4056755 0.06942 0.1269665
0.4056545 0.054085 0.126995
0.405269 0.099624 0.127518
0.405799 0.106793 0.126762
-0.245586484375 -0.0827912578125 0.086598984375
-0.244771699219 -0.0833154785156 0.0867383554688
-0.244208831055 -0.0836732602539 0.0868198701172
-0.243795746826 -0.0839386470947 0.0868907722168
-0.24348815625 -0.084132828125 0.08693071875
-0.2432795 -0.084269125 0.086975125
-0.243152078125 -0.0843484140625 0.086987359375
-0.243537623413 -0.0841038860474 0.0869329486084
3 0 1 2
3 1 0 3
3 1 3 4
3 5 1 4
3 1 5 6
3 1 6 2
3 0 2 7
3 8 7 2
3 8 2 9
3 6 9 2
3 10 0 7
3 10 7 11
3 7 8 12
3 7 12 11
3 0 10 13
3 14 10 11
3 10 14 15
3 10 15 13
3 0 13 3
3 16 3 13
3 17 16 13
3 17 13 15
3 18 4 3
3 16 18 3
3 19 20 4
3 18 19 4
3 5 4 20
3 21 5 20
3 5 21 22
3 5 22 6
3 6 23 9
3 23 6 22
3 24 8 9
3 8 24 25
3 8 25 12
3 24 9 26
3 23 26 9
3 14 11 27
3 28 27 11
3 28 11 12
3 29 28 12
3 29 12 25
3 18 16 30
3 16 17 31
3 16 31 30
3 17 32 31
3 18 30 33
3 19 18 33
3 34 19 35
3 19 34 20
3 19 33 35
3 34 36 20
3 21 20 36
3 37 21 36
3 21 37 38
3 21 38 22
3 38 39 22
3 23 22 39
3 23 40 26
3 40 23 39
3 41 24 26
3 24 41 42
3 24 42 25
3 43 29 25
3 43 25 42
3 40 44 26
3 41 26 44
3 45 33 30
3 46 45 30
3 46 30 31
3 47 46 31
3 47 31 32
3 48 35 33
3 45 48 33
3 34 35 49
3 50 34 49
3 34 50 36
3 48 51 35
3 51 49 35
3 50 52 36
3 37 36 52
3 53 37 52
3 37 53 54
3 37 54 38
3 38 55 39
3 55 38 54
3 55 56 39
3 40 39 56
3 40 57 44
3 57 40 56
3 58 41 44
3 41 58 59
3 41 59 42
3 60 43 42
3 60 42 59
3 57 61 44
3 58 44 61
3 62 29 43
3 43 60 63
3 43 63 62
3 64 65 15
3 64 15 14
3 15 65 66
3 15 66 17
3 14 27 67
3 14 67 64
3 32 17 66
3 28 67 27
3 32 66 68
3 69 32 68
3 32 69 47
3 48 45 70
3 45 46 71
3 45 71 70
3 46 47 72
3 46 72 71
3 69 72 47
3 48 70 73
3 51 48 73
3 74 50 75
3 50 74 52
3 50 49 75
3 76 75 49
3 51 76 49
3 51 73 77
3 76 51 77
3 74 78 52
3 53 52 78
3 53 79 80
3 53 80 54
3 79 53 78
3 55 54 81
3 80 81 54
3 55 82 56
3 82 55 81
3 82 83 56
3 57 56 83
3 57 84 61
3 84 57 83
3 58 85 86
3 58 86 59
3 85 58 61
3 87 60 59
3 87 59 86
3 60 87 88
3 88 63 60
3 85 61 89
3 84 89 61
3 29 90 28
3 28 90 67
3 29 91 90
3 62 91 29
3 88 92 63
3 69 68 93
3 94 69 93
3 69 94 72
3 95 73 70
3 96 95 70
3 96 70 71
3 97 96 71
3 97 71 72
3 94 97 72
3 98 77 73
3 95 98 73
3 74 75 99
3 100 74 99
3 74 100 78
3 101 99 75
3 76 101 75
3 76 77 102
3 101 76 102
3 98 103 77
3 103 102 77
3 100 104 78
3 79 78 104
3 79 105 106
3 79 106 80
3 105 79 104
3 107 80 106
3 80 107 81
3 82 81 108
3 107 108 81
3 82 109 83
3 109 82 108
3 109 110 83
3 84 83 110
3 84 111 89
3 111 84 110
3 85 112 113
3 85 113 86
3 112 85 89
3 114 87 86
3 114 86 113
3 87 114 115
3 87 115 88
3 92 88 115
3 112 89 116
3 111 116 89
3 92 117 63
3 92 115 118
3 117 92 118
3 94 93 119
3 120 94 119
3 94 120 97
3 98 95 121
3 95 96 122
3 95 122 121
3 96 97 123
3 96 123 122
3 124 123 97
3 124 97 120
3 98 121 125
3 103 98 125
3 100 99 126
3 127 126 99
3 101 127 99
3 128 100 126
3 100 128 104
3 127 101 129
3 101 102 129
3 130 129 102
3 103 130 102
3 103 125 131
3 130 103 131
3 128 132 104
3 105 104 132
3 132 133 105
3 134 106 105
3 134 105 133
3 135 106 134
3 107 106 135
3 136 107 135
3 107 136 108
3 109 108 137
3 136 137 108
3 109 138 110
3 138 109 137
3 138 139 110
3 111 110 139
3 111 140 116
3 140 111 139
3 141 112 116
3 112 141 142
3 112 142 113
3 143 114 113
3 143 113 142
3 114 143 144
3 114 144 115
3 144 118 115
3 141 116 145
3 140 145 116
3 117 118 146
3 147 146 118
3 144 147 118
3 64 148 149
3 64 149 65
3 148 64 67
3 150 66 65
3 150 65 149
3 66 150 151
3 66 151 68
3 148 67 152
3 153 152 67
3 153 67 90
3 154 93 68
3 154 68 151
3 154 119 93
3 120 119 155
3 124 120 155
3 122 156 121
3 125 121 156
3 122 157 156
3 157 122 123
3 157 123 158
3 124 158 123
3 124 155 159
3 160 124 159
3 124 160 158
3 125 156 161
3 161 131 125
3 127 162 126
3 128 126 163
3 162 163 126
3 127 129 164
3 162 127 164
3 165 128 163
3 128 165 132
3 166 164 129
3 130 166 129
3 130 131 167
3 166 130 167
3 161 168 131
3 167 131 168
3 132 169 133
3 169 132 165
3 170 134 133
3 170 133 171
3 169 171 133
3 135 134 172
3 170 172 134
3 173 135 172
3 136 135 173
3 136 174 137
3 174 136 173
3 138 137 175
3 174 175 137
3 138 176 139
3 176 138 175
3 176 177 139
3 140 139 177
3 140 178 145
3 178 140 177
3 179 141 145
3 141 179 180
3 141 180 142
3 181 143 142
3 181 142 180
3 143 181 182
3 143 182 144
3 144 182 183
3 144 183 147
3 179 145 184
3 178 184 145
3 185 153 90
3 185 90 91
3 186 185 91
3 186 91 62
3 187 186 62
3 187 62 63
3 188 187 63
3 188 63 117
3 188 117 146
3 147 189 146
3 189 147 183
3 150 190 151
3 191 154 151
3 191 151 190
3 191 192 154
3 154 192 119
3 119 193 155
3 194 195 119
3 194 119 192
3 193 119 195
3 193 159 155
3 157 196 156
3 197 161 156
3 197 156 196
3 157 198 196
3 198 157 158
3 198 158 199
3 160 199 158
3 200 159 201
3 193 201 159
3 160 159 200
3 202 160 200
3 160 202 199
3 161 197 203
3 161 203 168
3 162 164 204
3 205 162 204
3 162 205 163
3 165 163 206
3 205 206 163
3 207 204 164
3 166 207 164
3 206 208 165
3 169 165 208
3 207 166 209
3 166 167 209
3 210 167 168
3 210 168 203
3 211 169 208
3 169 211 171
3 171 211 212
3 171 212 213
3 213 170 171
3 213 214 170
3 170 214 215
3 170 215 216
3 170 216 172
3 173 172 217
3 216 217 172
3 218 173 217
3 174 173 218
3 174 219 175
3 219 174 218
3 176 175 220
3 219 220 175
3 176 221 177
3 221 176 220
3 221 222 177
3 178 177 222
3 178 223 184
3 223 178 222
3 224 180 179
3 224 179 225
3 225 179 184
3 224 181 180
3 226 182 181
3 224 226 181
3 226 227 182
3 227 183 182
3 189 183 228
3 229 228 183
3 227 229 183
3 225 184 230
3 230 184 223
3 186 187 231
3 187 188 232
3 187 232 231
3 188 146 233
3 233 232 188
3 189 234 146
3 235 233 146
3 235 146 236
3 234 236 146
3 234 189 228
3 191 237 192
3 194 192 237
3 195 201 193
3 194 238 239
3 194 239 240
3 195 194 240
3 194 237 238
3 195 240 241
3 195 241 201
3 242 197 196
3 197 242 243
3 197 243 203
3 242 196 244
3 198 244 196
3 198 245 244
3 245 198 199
3 246 247 199
3 246 199 202
3 245 199 247
3 200 248 249
3 200 249 250
3 200 201 248
3 202 200 250
3 241 248 201
3 251 246 202
3 251 202 250
3 252 210 203
3 252 203 243
3 207 253 204
3 253 254 204
3 205 204 254
3 255 205 254
3 205 255 206
3 206 256 208
3 256 206 255
3 207 209 257
3 253 207 257
3 211 208 258
3 256 258 208
3 167 210 259
3 167 259 209
3 210 252 260
3 210 260 259
3 261 212 211
3 261 211 258
3 262 263 212
3 262 212 261
3 263 213 212
3 264 214 213
3 263 264 213
3 264 265 214
3 266 215 214
3 266 214 265
3 216 215 267
3 268 267 215
3 268 215 266
3 216 267 269
3 216 269 217
3 218 217 270
3 269 270 217
3 271 218 270
3 219 218 271
3 219 272 220
3 272 219 271
3 221 220 273
3 272 273 220
3 221 274 222
3 274 221 273
3 274 275 222
3 223 222 275
3 226 224 276
3 224 225 277
3 224 277 276
3 225 230 278
3 225 278 277
3 226 276 279
3 227 226 279
3 227 279 280
3 229 227 280
3 281 228 282
3 234 228 281
3 229 282 228
3 229 280 283
3 282 229 283
3 230 223 284
3 230 284 278
3 233 285 232
3 235 285 233
3 281 236 234
3 286 235 236
3 235 286 287
3 235 287 288
3 235 288 285
3 286 236 289
3 281 289 236
3 191 190 290
3 190 150 291
3 190 291 290
3 150 149 292
3 150 292 291
3 293 292 149
3 293 149 148
3 148 152 294
3 148 294 293
3 153 294 152
3 295 238 237
3 191 295 237
3 191 290 296
3 295 191 296
3 185 297 153
3 153 297 294
3 186 298 299
3 186 299 185
3 298 186 231
3 185 299 297
3 239 238 300
3 295 300 238
3 239 300 301
3 240 239 301
3 302 241 240
3 240 301 302
3 241 303 248
3 302 303 241
3 304 242 244
3 242 304 305
3 242 305 243
3 306 252 243
3 306 243 305
3 304 244 307
3 245 307 244
3 245 308 307
3 308 245 247
3 246 251 309
3 246 309 310
3 247 246 310
3 247 310 311
3 308 247 311
3 303 249 248
3 303 312 249
3 313 250 249
3 314 313 249
3 314 249 312
3 313 251 250
3 251 313 315
3 251 315 309
3 306 260 252
3 253 257 316
3 317 253 316
3 253 317 254
3 317 318 254
3 255 254 318
3 318 319 255
3 256 255 319
3 320 256 319
3 256 320 258
3 321 316 257
3 257 209 321
3 261 258 320
3 322 321 209
3 322 209 259
3 323 322 259
3 323 259 260
3 306 324 260
3 323 260 324
3 261 320 325
3 326 262 261
3 326 261 325
3 326 327 262
3 263 262 327
3 263 327 328
3 264 263 328
3 264 328 265
3 266 265 328
3 266 328 268
3 269 267 329
3 330 329 267
3 330 267 268
3 331 330 268
3 331 268 328
3 269 329 332
3 269 332 270
3 271 270 333
3 332 333 270
3 334 271 333
3 272 271 334
3 272 335 273
3 335 272 334
3 274 273 336
3 335 336 273
3 274 337 275
3 337 274 336
3 223 275 338
3 223 338 284
3 339 340 276
3 339 276 277
3 340 279 276
3 341 339 277
3 341 277 278
3 342 341 278
3 342 278 284
3 343 280 279
3 340 343 279
3 344 283 280
3 344 280 345
3 343 345 280
3 346 347 282
3 281 282 347
3 282 283 346
3 289 281 347
3 283 344 348
3 283 348 346
3 349 342 284
3 349 284 338
3 232 350 231
3 298 231 350
3 288 351 285
3 232 285 351
3 232 352 350
3 352 232 351
3 353 287 286
3 353 286 354
3 354 286 289
3 287 353 355
3 287 355 288
3 288 355 351
3 289 347 356
3 354 289 356
3 357 296 290
3 358 357 290
3 358 290 291
3 359 358 291
3 359 291 292
3 360 359 292
3 360 292 293
3 293 294 361
3 293 361 360
3 361 294 297
3 300 295 362
3 295 296 362
3 363 362 296
3 357 363 296
3 361 297 364
3 364 297 299
3 298 365 366
3 298 366 299
3 365 298 350
3 364 299 366
3 300 362 367
3 301 300 367
3 301 367 368
3 302 301 368
3 302 368 369
3 303 302 369
3 303 369 312
3 370 304 307
3 304 370 305
3 308 371 307
3 370 307 371
3 308 372 371
3 372 308 311
3 315 373 309
3 374 310 309
3 374 309 373
3 310 374 375
3 310 375 311
3 376 377 311
3 376 311 375
3 372 311 377
3 378 314 312
3 378 312 369
3 314 378 379
3 314 379 380
3 313 314 380
3 313 380 315
3 315 381 373
3 380 381 315
3 317 316 382
3 321 383 316
3 382 316 383
3 384 317 382
3 317 384 318
3 318 385 319
3 385 318 384
3 320 319 386
3 385 386 319
3 386 325 320
3 322 383 321
3 323 387 322
3 322 387 383
3 323 388 387
3 323 324 389
3 388 323 389
3 386 390 325
3 326 325 390
3 326 391 327
3 326 390 392
3 326 392 393
3 326 393 391
3 394 328 327
3 395 394 327
3 395 327 391
3 394 396 328
3 397 331 328
3 397 328 396
3 398 332 329
3 398 329 399
3 329 330 400
3 329 400 399
3 331 400 330
3 331 401 400
3 331 397 402
3 331 402 401
3 332 398 333
3 334 333 403
3 398 403 333
3 404 334 403
3 335 334 404
3 335 405 336
3 405 335 404
3 337 336 406
3 405 406 336
3 275 337 407
3 407 337 406
3 275 407 408
3 275 408 338
3 409 349 338
3 409 338 408
3 339 341 410
3 339 410 411
3 340 339 411
3 340 411 412
3 343 340 412
3 341 342 413
3 341 413 410
3 349 413 342
3 343 412 414
3 345 343 414
3 415 344 345
3 344 415 416
3 344 416 348
3 415 345 417
3 345 414 417
3 346 418 347
3 419 418 346
3 419 346 348
3 418 356 347
3 420 419 348
3 420 348 416
3 349 421 413
3 409 421 349
3 352 422 350
3 365 350 422
3 355 423 351
3 352 351 423
3 352 424 422
3 424 352 423
3 425 355 353
3 425 353 426
3 354 426 353
3 354 427 426
3 427 354 356
3 355 425 423
3 418 428 356
3 427 356 428
3 363 357 429
3 357 358 430
3 357 430 429
3 358 359 431
3 358 431 430
3 432 431 359
3 432 359 360
3 360 361 433
3 360 433 432
3 364 433 361
3 434 367 362
3 363 434 362
3 363 429 435
3 434 363 435
3 366 436 364
3 364 436 433
3 365 437 438
3 365 438 366
3 437 365 422
3 366 438 436
3 439 368 367
3 434 439 367
3 439 440 368
3 440 369 368
3 440 378 369
3 306 305 441
3 442 441 305
3 442 305 370
3 442 370 371
3 306 441 443
3 324 306 443
3 372 444 371
3 442 371 444
3 372 445 444
3 445 372 377
3 381 446 373
3 447 374 373
3 447 373 446
3 374 447 448
3 374 448 375
3 375 448 449
3 375 449 376
3 450 376 449
3 376 450 451
3 376 451 377
3 445 377 451
3 378 440 452
3 378 452 379
3 380 453 381
3 454 453 380
3 454 380 379
3 454 379 452
3 446 381 453
3 384 382 455
3 456 455 382
3 382 383 456
3 456 383 387
3 455 457 384
3 385 384 457
3 458 385 457
3 385 458 386
3 390 386 458
3 388 459 387
3 456 387 459
3 388 389 460
3 388 461 459
3 461 388 460
3 389 324 462
3 324 443 462
3 390 458 463
3 464 392 390
3 464 390 463
3 465 395 391
3 465 391 466
3 466 391 393
3 392 464 467
3 392 467 393
3 466 393 468
3 468 393 467
3 465 469 395
3 395 469 470
3 395 470 394
3 396 394 470
3 396 470 471
3 472 397 396
3 472 396 471
3 472 402 397
3 473 398 399
3 398 473 403
3 473 399 474
3 474 399 400
3 474 400 475
3 476 475 400
3 476 400 401
3 477 478 401
3 477 401 402
3 476 401 478
3 477 402 479
3 472 479 402
3 404 403 480
3 473 480 403
3 481 404 480
3 405 404 481
3 405 482 406
3 482 405 481
3 407 406 483
3 483 406 482
3 483 408 407
3 409 408 484
3 483 484 408
3 409 484 485
3 486 409 485
3 409 486 421
3 487 412 411
3 410 487 411
3 488 414 412
3 487 488 412
3 489 417 414
3 488 489 414
3 490 420 416
3 491 490 416
3 491 416 415
3 492 491 415
3 492 415 417
3 493 492 417
3 493 417 494
3 489 494 417
3 418 419 495
3 418 495 428
3 419 420 496
3 419 496 495
3 496 420 497
3 490 497 420
3 424 498 422
3 437 422 498
3 425 499 423
3 424 423 499
3 424 500 498
3 500 424 499
3 425 501 499
3 501 425 426
3 501 426 502
3 427 502 426
3 427 503 502
3 503 427 428
3 503 428 495
3 430 504 429
3 504 435 429
3 505 431 432
3 506 505 432
3 506 432 433
3 436 506 433
3 439 434 507
3 434 435 507
3 508 507 435
3 504 508 435
3 509 436 438
3 436 509 506
3 439 507 510
3 440 439 510
3 440 510 452
3 511 443 441
3 512 511 441
3 512 441 442
3 512 442 444
3 513 462 443
3 511 513 443
3 512 444 514
3 514 444 445
3 514 445 515
3 515 445 451
3 517 447 446
3 517 446 516
3 447 517 518
3 447 518 448
3 518 449 448
3 518 519 449
3 450 449 519
3 450 520 521
3 450 521 451
3 520 450 519
3 515 451 521
3 454 452 510
3 454 446 453
3 522 454 510
3 454 522 446
3 455 523 457
3 456 524 455
3 524 523 455
3 459 524 456
3 458 457 525
3 523 525 457
3 525 463 458
3 461 526 459
3 459 526 524
3 461 460 527
3 389 528 460
3 528 527 460
3 461 529 526
3 529 461 527
3 389 462 530
3 528 389 530
3 531 530 462
3 513 531 462
3 525 532 463
3 533 464 463
3 533 463 532
3 534 467 464
3 534 464 533
3 465 535 469
3 466 535 465
3 466 536 535
3 466 468 537
3 466 537 536
3 468 467 534
3 468 534 538
3 468 538 537
3 470 469 539
3 540 539 469
3 535 540 469
3 541 479 472
3 542 473 474
3 473 542 480
3 542 474 543
3 474 475 544
3 474 544 543
3 475 476 545
3 475 545 544
3 476 478 546
3 546 545 476
3 477 479 547
3 478 477 547
3 478 547 548
3 549 546 478
3 549 478 548
3 550 479 541
3 550 547 479
3 481 480 551
3 542 551 480
3 552 481 551
3 482 481 552
3 483 482 553
3 553 482 552
3 553 484 483
3 554 485 484
3 553 554 484
3 486 485 555
3 556 555 485
3 554 556 485
3 413 557 410
3 410 557 558
3 410 558 487
3 488 487 558
3 489 488 559
3 488 558 559
3 413 560 557
3 560 413 421
3 489 559 561
3 494 489 561
3 497 490 562
3 490 491 563
3 490 563 562
3 491 492 564
3 491 564 563
3 565 564 492
3 565 492 493
3 493 494 566
3 493 566 567
3 565 493 567
3 494 561 566
3 568 503 495
3 568 495 496
3 496 497 569
3 570 568 496
3 570 496 569
3 569 497 562
3 486 571 421
3 560 421 571
3 437 498 572
3 500 572 498
3 501 573 499
3 500 499 573
3 574 500 573
3 500 574 572
3 501 575 573
3 575 501 502
3 575 502 576
3 503 576 502
3 503 568 576
3 430 431 577
3 430 577 578
3 504 430 578
3 504 578 579
3 508 504 579
3 431 505 580
3 431 580 577
3 505 506 581
3 505 581 580
3 509 581 506
3 508 522 507
3 522 510 507
3 508 579 516
3 522 508 516
3 582 509 438
3 509 582 581
3 583 437 572
3 437 583 584
3 437 584 438
3 582 438 584
3 513 511 585
3 586 585 511
3 586 511 512
3 586 512 514
3 513 585 587
3 531 513 587
3 586 514 588
3 515 588 514
3 521 589 515
3 515 589 588
3 579 517 516
3 517 579 590
3 517 590 518
3 518 591 519
3 591 518 590
3 591 592 519
3 520 519 592
3 520 593 594
3 520 594 521
3 593 520 592
3 521 594 589
3 522 516 446
3 524 595 523
3 523 596 525
3 595 596 523
3 526 595 524
3 532 525 596
3 526 597 595
3 597 526 529
3 529 527 598
3 599 598 527
3 528 599 527
3 528 530 600
3 599 528 600
3 598 601 529
3 597 529 601
3 602 600 530
3 531 602 530
3 602 531 603
3 531 587 603
3 532 596 604
3 533 532 604
3 533 604 605
3 534 533 605
3 534 605 538
3 535 606 540
3 606 535 536
3 607 536 608
3 537 608 536
3 606 536 607
3 537 538 609
3 537 609 610
3 537 610 608
3 611 609 538
3 611 538 605
3 612 539 540
3 540 613 614
3 540 614 612
3 540 615 613
3 616 615 540
3 616 540 606
3 541 617 550
3 618 542 543
3 542 618 551
3 618 543 619
3 620 619 543
3 620 543 544
3 544 545 621
3 544 621 620
3 546 621 545
3 546 549 622
3 546 622 621
3 623 548 547
3 550 623 547
3 624 548 625
3 624 549 548
3 623 625 548
3 626 622 549
3 626 549 627
3 624 627 549
3 628 629 550
3 550 629 630
3 550 630 623
3 550 617 631
3 550 631 628
3 552 551 632
3 618 632 551
3 553 552 633
3 633 552 632
3 633 554 553
3 556 554 634
3 633 634 554
3 556 635 555
3 486 555 636
3 635 636 555
3 556 634 637
3 635 556 637
3 486 638 571
3 638 486 636
3 560 639 557
3 640 558 557
3 640 557 639
3 640 559 558
3 640 641 559
3 561 559 641
3 560 642 639
3 642 560 571
3 643 566 561
3 561 641 643
3 645 644 562
3 645 562 563
3 646 645 563
3 646 563 564
3 646 564 565
3 646 565 647
3 565 567 647
3 648 567 566
3 643 648 566
3 649 647 567
3 648 649 567
3 570 576 568
3 570 569 562
3 570 575 576
3 570 562 650
3 575 570 650
3 638 651 571
3 642 571 651
3 583 572 652
3 574 652 572
3 574 573 650
3 575 650 573
3 644 574 650
3 574 644 652
3 653 587 585
3 654 653 585
3 654 585 586
3 655 654 586
3 655 586 588
3 656 603 587
3 653 656 587
3 657 655 588
3 657 588 658
3 589 658 588
3 589 659 658
3 659 589 594
3 660 579 578
3 579 660 590
3 660 661 590
3 591 590 661
3 591 662 592
3 662 591 661
3 662 663 592
3 593 592 663
3 593 664 665
3 593 665 594
3 664 593 663
3 659 594 665
3 596 611 605
3 596 605 604
3 595 611 596
3 597 611 595
3 609 597 601
3 597 609 611
3 598 666 601
3 599 667 598
3 666 598 667
3 599 600 668
3 667 599 668
3 669 668 600
3 602 669 600
3 609 601 610
3 666 610 601
3 602 603 670
3 669 602 670
3 671 670 603
3 656 671 603
3 606 607 672
3 606 672 616
3 607 673 674
3 607 674 672
3 607 608 673
3 608 666 675
3 608 675 673
3 666 608 610
3 676 677 539
3 676 539 612
3 677 470 539
3 678 676 612
3 678 612 614
3 679 471 470
3 677 679 470
3 613 680 681
3 613 681 614
3 680 613 615
3 682 678 614
3 682 614 681
3 680 615 683
3 684 683 615
3 684 615 685
3 686 685 615
3 686 615 616
3 687 686 616
3 687 616 672
3 679 688 471
3 689 472 471
3 689 471 688
3 472 689 690
3 472 690 541
3 691 617 541
3 691 541 690
3 617 691 692
3 617 692 631
3 693 618 619
3 618 693 632
3 693 619 694
3 620 694 619
3 695 620 621
3 620 695 694
3 695 621 622
3 696 695 622
3 696 622 626
3 623 630 697
3 623 697 625
3 624 625 698
3 624 698 699
3 624 699 700
3 627 624 700
3 701 698 625
3 701 625 697
3 626 627 702
3 626 702 703
3 696 626 703
3 627 700 702
3 704 705 629
3 704 629 628
3 706 707 629
3 706 629 705
3 708 630 629
3 708 629 707
3 709 704 628
3 709 628 631
3 630 708 710
3 630 710 697
3 711 709 631
3 711 631 692
3 693 712 632
3 633 632 712
3 634 633 712
3 637 634 703
3 634 712 703
3 635 637 713
3 635 714 636
3 714 635 713
3 638 636 715
3 714 715 636
3 713 637 702
3 637 703 702
3 638 716 651
3 716 638 715
3 642 717 639
3 639 717 718
3 639 718 640
3 641 640 718
3 641 718 719
3 643 641 719
3 642 720 717
3 720 642 651
3 721 648 643
3 643 719 721
3 644 645 652
3 645 646 722
3 645 722 652
3 646 647 723
3 722 646 723
3 724 723 647
3 649 724 647
3 649 648 725
3 721 725 648
3 649 725 726
3 724 649 726
3 644 650 562
3 716 727 651
3 720 651 727
3 655 657 728
3 657 729 730
3 657 730 728
3 729 657 658
3 729 658 731
3 659 731 658
3 659 732 731
3 732 659 665
3 660 578 577
3 577 733 660
3 660 734 661
3 734 660 733
3 734 735 661
3 662 661 735
3 662 736 663
3 736 662 735
3 664 663 737
3 736 737 663
3 664 738 739
3 664 739 665
3 738 664 737
3 732 665 739
3 740 675 667
3 667 668 740
3 666 667 675
3 741 740 668
3 669 741 668
3 741 669 742
3 669 670 742
3 743 742 670
3 671 743 670
3 744 687 672
3 744 672 674
3 745 674 673
3 745 673 675
3 674 745 746
3 674 746 744
3 740 745 675
3 676 678 747
3 676 747 748
3 677 676 748
3 677 748 749
3 679 677 749
3 678 682 750
3 678 750 747
3 679 749 751
3 688 679 751
3 752 753 681
3 752 681 680
3 682 681 753
3 680 683 754
3 680 754 752
3 682 753 755
3 755 750 682
3 683 684 756
3 683 756 754
3 684 757 758
3 684 758 756
3 757 684 685
3 757 685 759
3 686 759 685
3 686 687 760
3 686 760 761
3 686 761 759
3 687 744 762
3 687 762 760
3 688 751 763
3 764 689 688
3 764 688 763
3 689 764 765
3 689 765 690
3 766 691 690
3 766 690 765
3 691 766 767
3 691 767 692
3 768 711 692
3 768 692 767
3 693 696 712
3 695 696 693
3 695 693 694
3 696 703 712
3 769 701 697
3 769 697 710
3 770 771 699
3 770 699 772
3 771 700 699
3 698 772 699
3 771 713 700
3 713 702 700
3 698 701 772
3 701 769 773
3 701 773 772
3 709 774 704
3 704 774 775
3 704 775 705
3 776 706 705
3 776 705 775
3 706 776 777
3 706 777 778
3 707 706 778
3 707 778 779
3 708 707 779
3 708 780 781
3 708 781 710
3 708 779 780
3 709 782 774
3 711 782 709
3 783 769 710
3 783 710 781
3 768 784 711
3 711 784 782
3 714 713 771
3 714 785 715
3 785 714 771
3 785 786 715
3 716 715 786
3 716 787 727
3 787 716 786
3 720 788 717
3 789 718 717
3 789 717 788
3 718 789 790
3 718 790 719
3 791 792 719
3 791 719 790
3 792 721 719
3 720 793 788
3 793 720 727
3 794 725 721
3 792 794 721
3 795 583 652
3 795 652 722
3 795 722 796
3 722 723 796
3 797 796 723
3 724 797 723
3 797 724 798
3 724 726 798
3 799 726 725
3 794 799 725
3 800 798 726
3 799 800 726
3 787 801 727
3 793 727 801
3 577 580 802
3 802 580 581
3 802 581 803
3 804 803 581
3 804 581 582
3 582 584 804
3 795 584 583
3 805 806 653
3 805 653 654
3 806 656 653
3 807 805 654
3 807 654 655
3 808 807 655
3 808 655 728
3 809 808 728
3 809 728 730
3 810 671 656
3 806 810 656
3 811 809 730
3 811 730 812
3 812 730 729
3 812 729 813
3 813 729 731
3 813 731 814
3 814 731 732
3 814 732 815
3 816 815 732
3 816 732 739
3 802 733 577
3 734 733 817
3 734 818 735
3 818 734 817
3 819 817 733
3 802 819 733
3 818 820 735
3 736 735 820
3 736 821 737
3 821 736 820
3 738 737 822
3 823 822 737
3 823 737 821
3 824 739 738
3 825 824 738
3 825 738 822
3 824 816 739
3 741 826 740
3 745 740 826
3 741 742 827
3 826 741 827
3 743 828 742
3 828 827 742
3 829 762 744
3 829 744 746
3 745 826 746
3 830 829 746
3 830 746 826
3 831 832 747
3 831 747 750
3 832 748 747
3 833 749 748
3 832 833 748
3 834 751 749
3 833 834 749
3 835 763 751
3 834 835 751
3 836 753 752
3 836 752 754
3 836 837 753
3 837 755 753
3 836 754 838
3 756 838 754
3 839 756 758
3 756 839 838
3 840 841 758
3 840 758 842
3 757 842 758
3 839 758 841
3 757 843 842
3 843 757 759
3 761 844 759
3 843 759 844
3 761 845 844
3 761 760 762
3 761 762 845
3 762 829 846
3 762 846 845
3 835 847 763
3 848 764 763
3 848 763 847
3 764 848 849
3 764 849 765
3 850 766 765
3 850 765 849
3 766 850 851
3 766 851 767
3 852 768 767
3 852 767 851
3 769 783 853
3 769 853 773
3 785 771 770
3 854 770 772
3 855 785 770
3 855 770 854
3 854 772 773
3 856 854 773
3 856 773 853
3 857 775 774
3 857 774 782
3 857 858 775
3 858 776 775
3 859 777 776
3 858 859 776
3 860 861 777
3 860 777 862
3 861 778 777
3 859 862 777
3 863 779 778
3 861 863 778
3 864 780 779
3 863 864 779
3 783 781 780
3 783 780 865
3 864 865 780
3 857 782 866
3 784 866 782
3 783 865 867
3 783 867 853
3 785 855 786
3 855 868 786
3 787 786 868
3 787 869 801
3 869 787 868
3 870 791 790
3 791 870 871
3 791 871 872
3 792 791 872
3 792 872 873
3 794 792 873
3 794 873 874
3 799 794 874
3 795 875 584
3 795 796 876
3 875 795 876
3 877 876 796
3 797 877 796
3 797 798 878
3 877 797 878
3 800 879 798
3 879 878 798
3 800 799 880
3 799 874 880
3 800 880 881
3 879 800 881
3 804 584 875
3 807 808 882
3 808 809 883
3 808 883 882
3 884 883 809
3 884 809 811
3 811 812 885
3 811 885 886
3 884 811 886
3 812 813 887
3 812 887 885
3 813 814 888
3 813 888 887
3 814 815 889
3 814 889 888
3 816 824 890
3 816 890 891
3 815 816 891
3 815 891 889
3 802 803 892
3 802 892 819
3 818 817 893
3 819 894 817
3 894 893 817
3 818 895 820
3 895 818 893
3 894 819 892
3 895 896 820
3 821 820 896
3 823 821 896
3 823 897 822
3 898 825 822
3 898 822 897
3 823 896 899
3 823 900 897
3 900 823 899
3 824 825 901
3 824 901 890
3 825 898 902
3 825 902 901
3 826 827 830
3 903 830 827
3 828 903 827
3 743 671 904
3 671 810 904
3 829 830 905
3 829 905 846
3 903 905 830
3 832 831 906
3 832 906 907
3 833 832 907
3 833 907 908
3 834 833 908
3 835 834 909
3 834 908 909
3 835 909 910
3 847 835 910
3 838 911 836
3 837 836 911
3 837 911 912
3 755 837 912
3 838 913 911
3 839 913 838
3 755 912 914
3 750 755 914
3 915 839 841
3 839 915 913
3 841 840 916
3 841 916 917
3 915 841 917
3 842 918 840
3 919 916 840
3 919 840 918
3 842 920 918
3 920 842 843
3 844 921 843
3 920 843 921
3 844 922 921
3 922 844 845
3 922 845 846
3 905 922 846
3 847 910 923
3 924 848 847
3 924 847 923
3 848 924 925
3 848 925 849
3 926 850 849
3 926 849 925
3 850 926 927
3 850 927 851
3 928 852 851
3 928 851 927
3 929 856 853
3 929 853 867
3 930 855 854
3 930 854 856
3 855 930 868
3 931 930 856
3 931 856 929
3 932 858 857
3 932 857 866
3 932 933 858
3 859 858 933
3 859 933 934
3 862 859 934
3 935 860 862
3 860 935 936
3 860 936 937
3 861 860 937
3 861 937 938
3 863 861 938
3 935 862 939
3 862 934 939
3 863 938 940
3 864 863 940
3 865 864 941
3 864 940 941
3 865 941 867
3 932 866 942
3 784 942 866
3 929 867 941
3 943 784 768
3 784 943 942
3 869 868 944
3 930 944 868
3 945 789 788
3 789 945 946
3 789 946 790
3 945 788 947
3 793 947 788
3 948 870 790
3 948 790 946
3 870 948 949
3 870 949 871
3 950 951 871
3 950 871 949
3 872 871 951
3 952 873 872
3 872 951 952
3 952 953 873
3 874 873 953
3 793 954 947
3 954 793 801
3 874 955 956
3 874 956 880
3 874 953 955
3 875 876 957
3 958 957 876
3 877 958 876
3 875 959 804
3 959 875 957
3 958 877 960
3 877 878 960
3 961 960 878
3 879 961 878
3 879 881 962
3 879 962 963
3 879 963 961
3 964 881 880
3 964 880 956
3 881 964 965
3 881 965 962
3 892 803 804
3 892 804 959
3 966 807 882
3 967 966 882
3 967 882 883
3 967 883 884
3 884 886 968
3 967 884 969
3 970 969 884
3 970 884 968
3 971 886 885
3 972 971 885
3 972 885 887
3 973 968 886
3 971 973 886
3 974 972 887
3 974 887 888
3 975 974 888
3 975 888 889
3 976 975 889
3 976 889 891
3 977 891 890
3 978 977 890
3 978 890 901
3 977 976 891
3 894 892 979
3 892 959 980
3 892 980 979
3 895 893 981
3 982 981 893
3 894 982 893
3 982 894 979
3 895 983 896
3 983 895 981
3 983 899 896
3 984 898 897
3 984 902 898
3 983 985 899
3 985 986 899
3 900 899 986
3 987 978 901
3 987 901 902
3 984 988 902
3 987 902 988
3 743 904 989
3 828 743 989
3 906 990 991
3 906 991 907
3 992 908 907
3 992 907 991
3 908 992 993
3 908 993 909
3 910 909 993
3 831 750 994
3 750 914 994
3 995 923 910
3 910 993 995
3 996 912 911
3 996 911 913
3 997 914 912
3 996 997 912
3 998 913 915
3 996 913 998
3 999 994 914
3 997 999 914
3 915 917 1000
3 915 1000 1001
3 998 915 1001
3 1002 917 916
3 916 919 1003
3 916 1003 1002
3 1004 1000 917
3 1002 1004 917
3 1005 919 918
3 919 1005 1003
3 1005 918 1006
3 920 1006 918
3 1006 920 921
3 922 1006 921
3 922 905 1006
3 1007 1006 905
3 1007 905 903
3 995 1008 923
3 1009 924 923
3 1009 923 1008
3 1010 925 924
3 1010 924 1009
3 1010 926 925
3 1011 927 926
3 1010 1011 926
3 1011 1012 927
3 1012 928 927
3 1012 1013 928
3 852 1014 768
3 943 768 1014
3 930 931 944
3 1015 932 942
3 1015 933 932
3 1016 934 933
3 1015 1016 933
3 1017 939 934
3 1017 934 1018
3 1016 1018 934
3 1019 1020 937
3 1019 937 936
3 1020 938 937
3 1019 936 1021
3 935 1021 936
3 1022 935 939
3 935 1022 1021
3 1020 940 938
3 1017 1023 939
3 1022 939 1023
3 1020 941 940
3 1020 929 941
3 943 1024 942
3 1015 942 1024
3 1025 931 929
3 1025 929 1020
3 1026 943 1014
3 943 1026 1024
3 1027 948 946
3 948 1027 1028
3 948 1028 949
3 949 1028 1029
3 949 1029 950
3 950 1030 1031
3 950 1031 951
3 1030 950 1029
3 1032 952 951
3 1032 951 1031
3 952 1032 1033
3 952 1033 953
3 1034 955 953
3 1034 953 1033
3 1035 964 956
3 1035 956 1036
3 955 1036 956
3 955 1034 1036
3 958 1037 957
3 959 957 980
3 1037 980 957
3 958 960 1038
3 1037 958 1038
3 1039 1038 960
3 961 1039 960
3 1039 961 963
3 1040 963 962
3 1041 1040 962
3 1041 962 965
3 1039 963 1042
3 1043 1042 963
3 1040 1043 963
3 964 1035 1044
3 964 1044 965
3 1045 1041 965
3 1045 965 1044
3 869 1046 801
3 954 801 1046
3 967 1047 966
3 807 966 1047
3 807 1047 1048
3 805 807 1048
3 805 1048 1049
3 806 805 1049
3 810 806 1050
3 806 1049 1050
3 967 1051 1047
3 969 1051 967
3 1052 970 968
3 973 1052 968
3 969 970 1053
3 969 1053 1054
3 969 1054 1051
3 1055 1053 970
3 1055 970 1056
3 1052 1056 970
3 810 1050 1057
3 904 810 1057
3 973 971 1058
3 971 972 1059
3 971 1059 1058
3 972 974 1060
3 972 1060 1059
3 973 1058 1061
3 1052 973 1061
3 974 975 1062
3 974 1062 1060
3 975 976 1063
3 975 1063 1062
3 976 977 1064
3 976 1064 1063
3 977 978 1065
3 977 1065 1064
3 978 987 1066
3 978 1066 1065
3 982 979 1067
3 1068 1067 979
3 1068 979 980
3 1037 1068 980
3 983 981 1069
3 1070 1069 981
3 982 1070 981
3 1070 982 1067
3 985 983 1069
3 1071 988 984
3 1071 984 1072
3 1072 984 897
3 1072 897 1073
3 900 1073 897
3 985 1069 1074
3 985 1075 986
3 1075 985 1074
3 1076 900 986
3 900 1076 1073
3 1077 1066 987
3 987 988 1077
3 1078 1077 988
3 1079 1078 988
3 1079 988 1071
3 828 1007 903
3 828 989 1080
3 1007 828 1080
3 989 904 1081
3 904 1057 1081
3 1082 992 991
3 1082 991 1083
3 990 1083 991
3 990 1084 1083
3 992 1082 1085
3 992 1085 993
3 1086 995 993
3 1086 993 1085
3 1087 831 994
3 999 1087 994
3 995 1086 1088
3 995 1088 1008
3 996 998 1089
3 996 1089 1090
3 997 996 1090
3 999 997 1091
3 997 1090 1091
3 1001 1089 998
3 999 1091 1092
3 1087 999 1092
3 1093 1089 1000
3 1004 1093 1000
3 1001 1000 1089
3 1094 1095 1003
3 1094 1003 1005
3 1095 1002 1003
3 1004 1002 1096
3 1095 1096 1002
3 1093 1004 1097
3 1004 1096 1097
3 1006 1098 1005
3 1005 1098 1099
3 1005 1099 1094
3 1006 1007 1098
3 1009 1008 1088
3 1009 1088 1100
3 1010 1009 1100
3 1011 1010 1101
3 1010 1100 1101
3 1011 1101 1102
3 1012 1011 1102
3 1012 1102 1103
3 1013 1012 1103
3 1013 1103 1104
3 852 1105 1014
3 1026 1014 1105
3 931 1025 944
3 1106 1015 1024
3 1015 1106 1107
3 1015 1107 1016
3 1018 1016 1107
3 1017 1108 1023
3 1108 1017 1107
3 1018 1107 1017
3 1109 1020 1019
3 1109 1025 1020
3 1110 1019 1021
3 1111 1109 1019
3 1111 1019 1110
3 1110 1021 1112
3 1022 1112 1021
3 1113 1022 1023
3 1022 1113 1112
3 1108 1114 1023
3 1113 1023 1114
3 1026 1115 1024
3 1106 1024 1115
3 1025 1116 944
3 1117 1026 1105
3 1026 1117 1115
3 869 1118 1046
3 1118 869 944
3 1119 1027 946
3 1027 1119 1120
3 1027 1120 1028
3 1029 1028 1120
3 1030 1029 1121
3 1029 1122 1123
3 1029 1123 1121
3 1029 1120 1122
3 1030 1124 1125
3 1030 1125 1031
3 1124 1030 1121
3 1126 1032 1031
3 1126 1031 1125
3 1032 1126 1127
3 1032 1127 1033
3 1128 1034 1033
3 1128 1033 1127
3 1034 1128 1129
3 1034 1129 1036
3 1130 1035 1036
3 1035 1130 1131
3 1035 1131 1044
3 1130 1036 1129
3 1037 1038 1132
3 1068 1037 1132
3 1133 1132 1038
3 1039 1133 1038
3 1133 1039 1042
3 1040 1041 1134
3 1041 1045 1135
3 1041 1135 1134
3 1133 1042 1136
3 1137 1136 1042
3 1043 1137 1042
3 1138 1045 1044
3 1138 1044 1131
3 1045 1138 1139
3 1045 1139 1135
3 1140 1047 1051
3 1141 1140 1051
3 1141 1051 1054
3 1056 1052 1142
3 1052 1061 1142
3 1141 1054 1053
3 1141 1053 1143
3 1055 1143 1053
3 1056 1142 1144
3 1055 1056 1144
3 1055 1144 1145
3 1146 1055 1145
3 1055 1146 1143
3 1147 1061 1058
3 1147 1058 1148
3 1149 1148 1058
3 1149 1058 1059
3 1150 1149 1059
3 1150 1059 1060
3 1151 1150 1060
3 1151 1060 1062
3 1061 1147 1152
3 1061 1152 1142
3 1153 1151 1062
3 1153 1062 1063
3 1154 1153 1063
3 1154 1063 1064
3 1155 1154 1064
3 1155 1064 1065
3 1156 1155 1065
3 1156 1065 1066
3 1077 1157 1066
3 1066 1157 1158
3 1066 1158 1156
3 1070 1067 1159
3 1067 1068 1160
3 1067 1160 1159
3 1068 1132 1160
3 1161 1074 1069
3 1070 1161 1069
3 1161 1070 1159
3 1079 1071 1162
3 1071 1072 1163
3 1071 1163 1162
3 1073 1163 1072
3 1073 1164 1163
3 1076 1164 1073
3 1161 1165 1074
3 1075 1074 1166
3 1166 1074 1165
3 1076 986 1167
3 1075 1167 986
3 1168 1076 1167
3 1076 1168 1164
3 1169 1157 1077
3 1078 1169 1077
3 1169 1078 1170
3 1171 1170 1078
3 1171 1078 1079
3 1079 1162 1171
3 989 1081 1172
3 1080 989 1172
3 1173 1174 906
3 1173 906 831
3 1175 990 906
3 1175 906 1174
3 990 1176 1084
3 990 1175 1177
3 990 1177 1176
3 1087 1173 831
3 1084 1178 1083
3 1179 1082 1083
3 1179 1083 1178
3 1082 1179 1180
3 1082 1180 1085
3 1181 1084 1182
3 1183 1182 1084
3 1184 1183 1084
3 1184 1084 1176
3 1084 1181 1178
3 1185 1086 1085
3 1185 1085 1180
3 1086 1185 1186
3 1086 1186 1088
3 1173 1087 1187
3 1087 1092 1187
3 1186 1100 1088
3 1093 1188 1089
3 1189 1090 1089
3 1189 1089 1188
3 1189 1091 1090
3 1189 1190 1091
3 1190 1092 1091
3 1191 1187 1092
3 1190 1191 1092
3 1093 1097 1192
3 1188 1093 1192
3 1096 1095 1193
3 1095 1094 1194
3 1095 1194 1193
3 1195 1194 1094
3 1195 1094 1099
3 1196 1097 1096
3 1096 1193 1196
3 1196 1197 1097
3 1192 1097 1197
3 1007 1198 1098
3 1098 1198 1199
3 1098 1199 1099
3 1200 1195 1099
3 1200 1099 1199
3 1007 1080 1198
3 1201 1101 1100
3 1186 1201 1100
3 1201 1202 1101
3 1202 1102 1101
3 1203 1103 1102
3 1202 1203 1102
3 1204 1104 1103
3 1203 1204 1103
3 1205 1206 1104
3 1207 1104 1206
3 1013 1104 1208
3 1104 1207 1209
3 1104 1209 1208
3 1204 1205 1104
3 1210 852 928
3 1210 928 1211
3 1212 1211 928
3 1212 928 1013
3 1213 1212 1013
3 1213 1013 1208
3 852 1210 1105
3 1210 1214 1105
3 1117 1105 1214
3 1118 944 1116
3 1108 1107 1215
3 1216 1215 1107
3 1216 1107 1106
3 1216 1106 1115
3 1108 1217 1114
3 1217 1108 1215
3 1025 1109 1218
3 1109 1111 1219
3 1109 1219 1218
3 1025 1218 1116
3 1220 1110 1112
3 1221 1111 1110
3 1221 1110 1220
3 1111 1221 1222
3 1111 1222 1219
3 1220 1112 1223
3 1113 1223 1112
3 1224 1113 1114
3 1113 1224 1223
3 1224 1114 1225
3 1225 1114 1217
3 1216 1115 1226
3 1117 1226 1115
3 1227 1117 1214
3 1117 1227 1226
3 1228 1120 1119
3 1228 1119 946
3 1228 946 1229
3 945 1229 946
3 1230 945 947
3 945 1230 1229
3 1228 1231 1120
3 1122 1120 1231
3 954 1232 947
3 1230 947 1232
3 1123 1233 1121
3 1124 1121 1233
3 1122 1234 1235
3 1122 1235 1123
3 1122 1231 1234
3 1123 1236 1233
3 1123 1235 1237
3 1123 1237 1236
3 1124 1238 1239
3 1124 1239 1125
3 1238 1124 1233
3 1240 1126 1125
3 1240 1125 1239
3 1126 1240 1241
3 1126 1241 1127
3 1242 1128 1127
3 1242 1127 1241
3 1128 1242 1243
3 1128 1243 1129
3 1244 1130 1129
3 1244 1129 1243
3 954 1245 1232
3 1245 954 1046
3 1130 1244 1246
3 1130 1246 1131
3 1247 1138 1131
3 1247 1131 1246
3 1133 1248 1132
3 1248 1160 1132
3 1248 1133 1136
3 1249 1250 1040
3 1249 1040 1134
3 1250 1043 1040
3 1249 1134 1135
3 1139 1251 1135
3 1249 1135 1251
3 1248 1136 1252
3 1253 1252 1136
3 1137 1253 1136
3 1254 1137 1043
3 1250 1254 1043
3 1138 1247 1255
3 1138 1255 1139
3 1139 1256 1251
3 1256 1139 1255
3 1118 1257 1046
3 1245 1046 1257
3 1047 1140 1258
3 1047 1258 1259
3 1048 1047 1259
3 1260 1258 1140
3 1260 1140 1141
3 1049 1048 1261
3 1048 1259 1261
3 1049 1261 1262
3 1050 1049 1262
3 1057 1050 1263
3 1050 1262 1263
3 1260 1141 1143
3 1142 1152 1264
3 1142 1264 1144
3 1260 1143 1265
3 1146 1265 1143
3 1145 1144 1264
3 1145 1264 1266
3 1146 1145 1267
3 1145 1266 1268
3 1145 1268 1267
3 1269 1146 1267
3 1146 1269 1265
3 1057 1263 1270
3 1081 1057 1270
3 1147 1148 1271
3 1147 1271 1272
3 1147 1272 1273
3 1147 1273 1152
3 1271 1148 1149
3 1150 1274 1149
3 1271 1149 1274
3 1150 1275 1274
3 1151 1275 1150
3 1151 1153 1276
3 1151 1276 1277
3 1151 1277 1275
3 1273 1264 1152
3 1153 1154 1278
3 1153 1278 1276
3 1154 1155 1279
3 1154 1279 1278
3 1280 1279 1155
3 1280 1155 1156
3 1281 1280 1156
3 1281 1156 1158
3 1169 1158 1157
3 1282 1281 1158
3 1282 1158 1169
3 1161 1159 1283
3 1284 1283 1159
3 1284 1159 1160
3 1248 1284 1160
3 1165 1161 1283
3 1285 1286 1162
3 1285 1162 1163
3 1286 1171 1162
3 1285 1163 1164
3 1165 1283 1287
3 1166 1165 1288
3 1288 1165 1287
3 1289 1075 1166
3 1075 1289 1167
3 1168 1167 1290
3 1289 1290 1167
3 1169 1170 1282
3 1282 1170 1291
3 1292 1293 1170
3 1292 1170 1171
3 1293 1291 1170
3 1286 1292 1171
3 1080 1172 1198
3 1172 1081 1294
3 1081 1270 1294
3 1173 1187 1295
3 1173 1295 1296
3 1173 1296 1174
3 1297 1175 1174
3 1297 1174 1296
3 1175 1297 1298
3 1175 1298 1177
3 1299 1184 1176
3 1299 1176 1177
3 1300 1299 1177
3 1300 1177 1298
3 1182 1301 1181
3 1302 1301 1182
3 1302 1182 1183
3 1303 1302 1183
3 1303 1183 1184
3 1184 1299 1304
3 1184 1304 1303
3 1188 1192 1305
3 1306 1189 1188
3 1306 1188 1305
3 1189 1306 1307
3 1189 1307 1190
3 1190 1307 1308
3 1190 1308 1191
3 1191 1308 1309
3 1191 1309 1187
3 1192 1197 1310
3 1192 1310 1311
3 1192 1311 1305
3 1312 1313 1193
3 1312 1193 1194
3 1313 1196 1193
3 1194 1195 1314
3 1194 1314 1312
3 1195 1200 1315
3 1195 1315 1314
3 1197 1196 1316
3 1313 1316 1196
3 1197 1316 1317
3 1318 1310 1197
3 1318 1197 1317
3 1198 1172 1319
3 1198 1319 1199
3 1320 1200 1199
3 1320 1199 1319
3 1200 1320 1321
3 1200 1321 1315
3 1205 1322 1206
3 1206 1322 1323
3 1206 1323 1207
3 1324 1209 1207
3 1324 1207 1323
3 1325 1213 1208
3 1325 1208 1209
3 1326 1325 1209
3 1326 1209 1324
3 1210 1211 1327
3 1210 1327 1328
3 1210 1328 1214
3 1211 1212 1329
3 1211 1329 1327
3 1212 1213 1330
3 1212 1330 1329
3 1213 1325 1331
3 1213 1331 1330
3 1217 1215 1332
3 1215 1216 1333
3 1215 1333 1332
3 1216 1226 1334
3 1216 1334 1333
3 1225 1217 1335
3 1336 1335 1217
3 1336 1217 1332
3 1337 1116 1218
3 1338 1337 1218
3 1338 1218 1219
3 1339 1338 1219
3 1339 1219 1222
3 1337 1118 1116
3 1340 1220 1223
3 1341 1221 1220
3 1341 1220 1340
3 1221 1341 1342
3 1221 1342 1222
3 1343 1339 1222
3 1343 1222 1342
3 1340 1223 1344
3 1224 1344 1223
3 1345 1224 1225
3 1224 1345 1344
3 1345 1225 1346
3 1225 1335 1347
3 1225 1347 1346
3 1348 1334 1226
3 1348 1226 1227
3 1118 1337 1257
3 1227 1214 1349
3 1227 1349 1348
3 1228 1350 1231
3 1351 1234 1231
3 1351 1231 1350
3 1236 1352 1233
3 1238 1233 1352
3 1351 1235 1234
3 1351 1353 1235
3 1353 1237 1235
3 1236 1354 1352
3 1354 1236 1237
3 1354 1237 1355
3 1356 1355 1237
3 1353 1356 1237
3 1357 1358 1239
3 1357 1239 1238
3 1359 1240 1239
3 1359 1239 1358
3 1360 1357 1238
3 1360 1238 1352
3 1240 1359 1361
3 1240 1361 1241
3 1362 1242 1241
3 1362 1241 1361
3 1242 1362 1363
3 1242 1363 1243
3 1364 1244 1243
3 1364 1243 1363
3 1244 1364 1365
3 1244 1365 1246
3 1366 1247 1246
3 1366 1246 1365
3 1367 1255 1247
3 1367 1247 1366
3 1284 1248 1252
3 1368 1369 1250
3 1368 1250 1249
3 1254 1250 1369
3 1368 1249 1251
3 1256 1370 1251
3 1368 1251 1370
3 1284 1252 1371
3 1253 1372 1252
3 1371 1252 1372
3 1254 1373 1137
3 1373 1253 1137
3 1254 1369 1374
3 1373 1254 1374
3 1256 1255 1375
3 1367 1375 1255
3 1256 1376 1370
3 1376 1256 1375
3 1377 1261 1259
3 1378 1377 1259
3 1378 1259 1258
3 1379 1378 1258
3 1379 1258 1260
3 1380 1379 1260
3 1380 1260 1265
3 1381 1262 1261
3 1377 1381 1261
3 1382 1263 1262
3 1381 1382 1262
3 1383 1270 1263
3 1382 1383 1263
3 1273 1384 1264
3 1266 1264 1384
3 1385 1380 1265
3 1385 1265 1269
3 1266 1384 1386
3 1386 1268 1266
3 1269 1267 1387
3 1268 1387 1267
3 1386 1388 1268
3 1389 1268 1388
3 1268 1389 1387
3 1390 1385 1269
3 1390 1269 1387
3 1391 1294 1270
3 1383 1391 1270
3 1384 1273 1272
3 1384 1272 1392
3 1272 1271 1393
3 1272 1393 1392
3 1394 1393 1271
3 1394 1271 1274
3 1394 1274 1275
3 1394 1275 1395
3 1395 1275 1277
3 1396 1397 1276
3 1396 1276 1278
3 1397 1277 1276
3 1395 1277 1398
3 1397 1398 1277
3 1399 1396 1278
3 1399 1278 1279
3 1400 1399 1279
3 1400 1279 1280
3 1401 1400 1280
3 1401 1280 1281
3 1282 1401 1281
3 1282 1291 1402
3 1282 1402 1401
3 1283 1284 1371
3 1283 1371 1287
3 1403 1404 1286
3 1403 1286 1285
3 1292 1286 1404
3 1403 1285 1164
3 1288 1287 1405
3 1406 1405 1287
3 1406 1287 1371
3 1289 1166 1407
3 1408 1407 1166
3 1408 1166 1288
3 1409 1289 1407
3 1289 1409 1290
3 1402 1291 1410
3 1410 1291 1411
3 1293 1411 1291
3 1292 1404 1412
3 1293 1292 1412
3 1293 1412 1413
3 1411 1293 1413
3 1172 1294 1319
3 1414 1319 1294
3 1391 1414 1294
3 1415 1300 1298
3 1299 1300 1416
3 1299 1416 1304
3 1417 1416 1300
3 1417 1300 1415
3 1181 1418 1178
3 1301 1418 1181
3 1301 1302 1419
3 1301 1419 1420
3 1301 1420 1418
3 1419 1302 1303
3 1304 1421 1303
3 1419 1303 1421
3 1422 1304 1416
3 1304 1422 1421
3 1295 1187 1309
3 1423 1306 1305
3 1306 1423 1424
3 1306 1424 1307
3 1423 1305 1311
3 1425 1308 1307
3 1425 1307 1424
3 1308 1425 1426
3 1308 1426 1309
3 1426 1427 1309
3 1295 1309 1427
3 1428 1423 1311
3 1428 1311 1429
3 1310 1429 1311
3 1310 1318 1429
3 1430 1431 1312
3 1430 1312 1314
3 1431 1313 1312
3 1431 1432 1313
3 1432 1316 1313
3 1433 1430 1314
3 1433 1314 1315
3 1434 1433 1315
3 1434 1315 1321
3 1435 1317 1316
3 1432 1435 1316
3 1436 1317 1437
3 1435 1437 1317
3 1438 1318 1317
3 1438 1317 1436
3 1439 1429 1318
3 1439 1318 1438
3 1414 1320 1319
3 1320 1414 1440
3 1320 1440 1321
3 1441 1434 1321
3 1441 1321 1440
3 1322 1205 1442
3 1204 1442 1205
3 1322 1443 1444
3 1322 1444 1323
3 1322 1442 1443
3 1324 1323 1444
3 1445 1326 1324
3 1324 1444 1445
3 1325 1326 1446
3 1325 1446 1331
3 1447 1446 1326
3 1445 1447 1326
3 1448 1330 1331
3 1331 1446 1449
3 1331 1449 1448
3 1328 1349 1214
3 1450 1336 1332
3 1450 1332 1333
3 1451 1450 1333
3 1451 1333 1334
3 1452 1451 1334
3 1452 1334 1348
3 1336 1450 1453
3 1336 1453 1454
3 1335 1336 1454
3 1335 1454 1347
3 1337 1338 1455
3 1337 1455 1257
3 1338 1339 1456
3 1338 1456 1455
3 1339 1343 1457
3 1339 1457 1456
3 1458 1341 1340
3 1458 1340 1459
3 1459 1340 1344
3 1341 1458 1460
3 1341 1460 1342
3 1461 1343 1342
3 1461 1342 1460
3 1343 1461 1462
3 1343 1462 1457
3 1345 1463 1344
3 1459 1344 1463
3 1345 1464 1463
3 1464 1345 1346
3 1465 1346 1466
3 1464 1346 1465
3 1467 1466 1346
3 1467 1346 1347
3 1468 1467 1347
3 1468 1347 1454
3 1469 1452 1348
3 1469 1348 1349
3 1470 1469 1349
3 1328 1470 1349
3 1228 1471 1472
3 1228 1472 1350
3 1471 1228 1229
3 1350 1472 1473
3 1350 1473 1351
3 1230 1474 1229
3 1471 1229 1474
3 1230 1475 1474
3 1475 1230 1232
3 1353 1351 1473
3 1245 1476 1232
3 1475 1232 1476
3 1477 1360 1352
3 1477 1352 1354
3 1353 1473 1478
3 1356 1353 1478
3 1479 1477 1354
3 1479 1354 1355
3 1356 1480 1355
3 1481 1479 1355
3 1481 1355 1480
3 1356 1478 1482
3 1480 1356 1482
3 1483 1484 1357
3 1483 1357 1360
3 1357 1484 1485
3 1357 1485 1358
3 1486 1359 1358
3 1486 1358 1485
3 1486 1361 1359
3 1483 1360 1477
3 1486 1487 1361
3 1362 1361 1487
3 1362 1488 1489
3 1362 1489 1363
3 1362 1487 1488
3 1490 1364 1363
3 1490 1363 1489
3 1364 1490 1491
3 1364 1491 1365
3 1365 1491 1492
3 1365 1492 1366
3 1493 1245 1257
3 1245 1493 1476
3 1494 1367 1366
3 1494 1366 1492
3 1367 1495 1375
3 1494 1495 1367
3 1496 1369 1368
3 1496 1368 1370
3 1496 1370 1497
3 1376 1497 1370
3 1371 1372 1406
3 1498 1372 1253
3 1373 1498 1253
3 1373 1374 1499
3 1498 1373 1499
3 1376 1375 1500
3 1500 1375 1495
3 1376 1501 1497
3 1501 1376 1500
3 1493 1257 1455
3 1377 1378 1502
3 1377 1502 1503
3 1381 1377 1503
3 1378 1379 1504
3 1378 1504 1502
3 1379 1380 1505
3 1379 1505 1504
3 1380 1385 1506
3 1380 1506 1505
3 1382 1381 1507
3 1381 1503 1507
3 1382 1507 1508
3 1383 1382 1508
3 1391 1383 1509
3 1383 1508 1509
3 1392 1386 1384
3 1385 1390 1510
3 1385 1510 1506
3 1392 1511 1386
3 1511 1388 1386
3 1512 1390 1387
3 1512 1387 1389
3 1512 1389 1513
3 1389 1388 1513
3 1514 1513 1388
3 1511 1514 1388
3 1390 1512 1515
3 1390 1515 1510
3 1391 1509 1516
3 1414 1391 1516
3 1511 1392 1393
3 1511 1393 1517
3 1518 1517 1393
3 1518 1393 1394
3 1518 1394 1395
3 1518 1395 1519
3 1398 1519 1395
3 1396 1399 1520
3 1396 1520 1521
3 1397 1396 1521
3 1397 1521 1519
3 1398 1397 1519
3 1399 1400 1522
3 1399 1522 1520
3 1401 1522 1400
3 1402 1523 1401
3 1401 1523 1522
3 1402 1410 1524
3 1402 1524 1523
3 1403 1525 1526
3 1403 1526 1404
3 1403 1164 1527
3 1403 1527 1525
3 1526 1412 1404
3 1528 1527 1164
3 1528 1164 1168
3 1288 1405 1529
3 1288 1529 1408
3 1409 1407 1530
3 1531 1530 1407
3 1531 1407 1408
3 1408 1529 1532
3 1408 1532 1531
3 1528 1168 1290
3 1524 1410 1533
3 1410 1411 1533
3 1411 1413 1534
3 1533 1411 1534
3 1535 1413 1412
3 1526 1535 1412
3 1535 1536 1413
3 1536 1534 1413
3 1414 1516 1440
3 1295 1427 1537
3 1295 1537 1296
3 1296 1537 1538
3 1296 1538 1297
3 1297 1538 1539
3 1297 1539 1298
3 1415 1298 1539
3 1415 1539 1540
3 1417 1415 1540
3 1422 1416 1541
3 1417 1541 1416
3 1417 1540 1542
3 1543 1544 1417
3 1543 1417 1542
3 1417 1544 1541
3 1545 1546 1419
3 1545 1419 1421
3 1546 1420 1419
3 1546 1547 1420
3 1420 1547 1418
3 1422 1545 1421
3 1548 1422 1541
3 1422 1548 1545
3 1428 1424 1423
3 1428 1549 1424
3 1425 1424 1549
3 1425 1549 1550
3 1550 1426 1425
3 1426 1551 1427
3 1551 1426 1552
3 1550 1552 1426
3 1553 1537 1427
3 1553 1427 1551
3 1554 1549 1428
3 1555 1554 1428
3 1555 1428 1429
3 1429 1556 1557
3 1429 1557 1558
3 1439 1556 1429
3 1559 1429 1558
3 1559 1555 1429
3 1433 1560 1430
3 1430 1560 1561
3 1430 1561 1431
3 1431 1561 1562
3 1431 1562 1432
3 1563 1435 1432
3 1563 1432 1562
3 1434 1564 1433
3 1433 1564 1560
3 1441 1565 1434
3 1434 1565 1564
3 1435 1563 1566
3 1435 1566 1437
3 1436 1567 1568
3 1436 1568 1569
3 1436 1437 1567
3 1438 1436 1569
3 1570 1567 1437
3 1570 1437 1566
3 1438 1569 1439
3 1571 1439 1569
3 1439 1571 1556
3 1572 1441 1440
3 1572 1440 1516
3 1441 1573 1565
3 1441 1572 1574
3 1441 1574 1573
3 1443 1575 1576
3 1443 1576 1444
3 1442 1575 1443
3 1577 1445 1444
3 1577 1444 1576
3 1447 1445 1577
3 1447 1578 1446
3 1578 1449 1446
3 1447 1577 1579
3 1578 1447 1579
3 1327 1470 1328
3 1327 1580 1470
3 1329 1580 1327
3 1448 1581 1330
3 1329 1330 1581
3 1448 1582 1581
3 1582 1448 1449
3 1582 1449 1583
3 1583 1449 1584
3 1578 1584 1449
3 1451 1453 1450
3 1451 1585 1453
3 1452 1585 1451
3 1469 1586 1452
3 1452 1586 1585
3 1453 1587 1588
3 1453 1588 1454
3 1587 1453 1585
3 1454 1589 1590
3 1454 1590 1591
3 1454 1591 1468
3 1592 1589 1454
3 1588 1592 1454
3 1593 1493 1455
3 1593 1455 1456
3 1594 1593 1456
3 1594 1456 1457
3 1595 1594 1457
3 1595 1457 1462
3 1596 1460 1458
3 1458 1459 1597
3 1458 1597 1596
3 1598 1597 1459
3 1598 1459 1463
3 1461 1460 1599
3 1596 1599 1460
3 1600 1462 1461
3 1461 1599 1600
3 1600 1601 1462
3 1602 1595 1462
3 1602 1462 1601
3 1603 1598 1463
3 1603 1463 1464
3 1464 1465 1604
3 1464 1604 1603
3 1465 1605 1606
3 1465 1606 1604
3 1465 1466 1605
3 1607 1605 1466
3 1607 1466 1608
3 1467 1608 1466
3 1467 1468 1608
3 1591 1608 1468
3 1609 1610 1469
3 1470 1609 1469
3 1469 1610 1586
3 1609 1470 1580
3 1471 1611 1612
3 1471 1612 1472
3 1611 1471 1474
3 1613 1473 1472
3 1613 1472 1612
3 1473 1613 1614
3 1473 1614 1478
3 1475 1615 1474
3 1611 1474 1615
3 1616 1475 1476
3 1475 1616 1615
3 1493 1617 1476
3 1616 1476 1617
3 1618 1619 1477
3 1618 1477 1479
3 1483 1477 1619
3 1620 1482 1478
3 1620 1478 1614
3 1618 1479 1481
3 1480 1482 1621
3 1481 1480 1621
3 1618 1481 1622
3 1481 1621 1623
3 1622 1481 1623
3 1482 1620 1624
3 1482 1624 1621
3 1625 1485 1484
3 1626 1486 1485
3 1626 1485 1625
3 1625 1484 1627
3 1484 1483 1619
3 1484 1619 1627
3 1626 1487 1486
3 1626 1628 1487
3 1488 1487 1628
3 1629 1490 1489
3 1629 1489 1630
3 1630 1489 1488
3 1488 1628 1631
3 1630 1488 1631
3 1490 1629 1632
3 1490 1632 1491
3 1633 1492 1491
3 1633 1491 1632
3 1492 1633 1634
3 1492 1634 1494
3 1493 1593 1617
3 1634 1635 1494
3 1494 1635 1495
3 1500 1495 1635
3 1497 1636 1496
3 1369 1496 1636
3 1497 1637 1636
3 1501 1637 1497
3 1498 1638 1372
3 1639 1406 1372
3 1639 1372 1638
3 1498 1499 1640
3 1638 1498 1640
3 1641 1500 1635
3 1501 1500 1642
3 1641 1642 1500
3 1501 1643 1637
3 1643 1501 1642
3 1644 1503 1502
3 1645 1644 1502
3 1645 1502 1504
3 1646 1507 1503
3 1644 1646 1503
3 1504 1505 1647
3 1504 1647 1645
3 1648 1647 1505
3 1648 1505 1506
3 1506 1510 1649
3 1506 1649 1648
3 1650 1508 1507
3 1646 1650 1507
3 1651 1509 1508
3 1650 1651 1508
3 1651 1652 1509
3 1652 1516 1509
3 1653 1649 1510
3 1653 1510 1515
3 1514 1511 1517
3 1512 1513 1654
3 1654 1515 1512
3 1655 1654 1513
3 1514 1655 1513
3 1514 1517 1655
3 1653 1515 1656
3 1654 1656 1515
3 1652 1572 1516
3 1655 1517 1657
3 1658 1659 1517
3 1658 1517 1518
3 1659 1657 1517
3 1660 1658 1518
3 1660 1518 1519
3 1661 1662 1519
3 1519 1521 1663
3 1519 1663 1661
3 1664 1660 1519
3 1664 1519 1662
3 1663 1521 1520
3 1663 1520 1522
3 1663 1522 1523
3 1665 1661 1523
3 1665 1523 1524
3 1663 1523 1661
3 1524 1533 1665
3 1528 1666 1527
3 1667 1525 1527
3 1667 1527 1666
3 1525 1667 1668
3 1525 1668 1526
3 1535 1526 1668
3 1528 1669 1666
3 1528 1290 1670
3 1669 1528 1670
3 1529 1405 1406
3 1529 1406 1639
3 1639 1532 1529
3 1639 1671 1532
3 1409 1670 1290
3 1665 1533 1672
3 1533 1534 1672
3 1673 1672 1534
3 1536 1673 1534
3 1535 1668 1674
3 1536 1535 1674
3 1536 1674 1675
3 1673 1536 1675
3 1676 1538 1537
3 1676 1537 1553
3 1538 1676 1677
3 1538 1677 1539
3 1678 1679 1539
3 1678 1539 1677
3 1679 1540 1539
3 1680 1542 1540
3 1679 1680 1540
3 1548 1541 1681
3 1681 1541 1544
3 1680 1682 1542
3 1683 1543 1542
3 1683 1542 1682
3 1543 1683 1684
3 1543 1684 1681
3 1681 1544 1543
3 1685 1178 1418
3 1418 1547 1546
3 1418 1546 1685
3 1548 1686 1545
3 1685 1546 1545
3 1685 1545 1686
3 1548 1687 1686
3 1687 1548 1681
3 1554 1688 1549
3 1688 1550 1549
3 1689 1552 1550
3 1688 1689 1550
3 1690 1691 1552
3 1551 1552 1691
3 1689 1690 1552
3 1553 1551 1691
3 1676 1553 1692
3 1553 1691 1692
3 1554 1555 1693
3 1554 1693 1694
3 1688 1554 1694
3 1695 1693 1555
3 1559 1695 1555
3 1557 1556 1696
3 1557 1696 1697
3 1558 1557 1697
3 1696 1556 1571
3 1558 1697 1698
3 1699 1558 1698
3 1559 1558 1699
3 1559 1699 1700
3 1559 1700 1701
3 1695 1559 1701
3 1560 1702 1703
3 1560 1703 1561
3 1702 1560 1564
3 1561 1703 1704
3 1561 1704 1562
3 1705 1563 1562
3 1705 1562 1704
3 1563 1705 1706
3 1563 1706 1566
3 1565 1707 1564
3 1702 1564 1707
3 1565 1708 1707
3 1565 1573 1709
3 1565 1709 1708
3 1710 1570 1566
3 1710 1566 1706
3 1567 1570 1711
3 1567 1711 1568
3 1712 1569 1568
3 1712 1568 1713
3 1714 1713 1568
3 1714 1568 1711
3 1571 1569 1712
3 1570 1710 1715
3 1570 1715 1711
3 1696 1571 1712
3 1572 1652 1716
3 1572 1716 1574
3 1717 1709 1573
3 1717 1573 1574
3 1718 1717 1574
3 1718 1574 1716
3 1719 1442 1204
3 1576 1575 1442
3 1576 1442 1719
3 1719 1577 1576
3 1720 1579 1577
3 1719 1720 1577
3 1578 1579 1721
3 1721 1584 1578
3 1722 1721 1579
3 1720 1722 1579
3 1329 1723 1580
3 1609 1580 1723
3 1329 1724 1723
3 1724 1329 1581
3 1582 1725 1581
3 1725 1582 1583
3 1725 1583 1726
3 1727 1726 1583
3 1727 1583 1728
3 1583 1584 1728
3 1721 1728 1584
3 1587 1585 1729
3 1586 1729 1585
3 1730 1586 1610
3 1586 1730 1729
3 1587 1731 1732
3 1587 1732 1588
3 1731 1587 1729
3 1588 1733 1592
3 1733 1588 1732
3 1590 1734 1735
3 1590 1735 1591
3 1589 1734 1590
3 1736 1591 1735
3 1589 1737 1734
3 1738 1737 1589
3 1592 1738 1589
3 1591 1736 1608
3 1592 1739 1740
3 1592 1740 1738
3 1733 1739 1592
3 1593 1594 1741
3 1593 1741 1617
3 1594 1595 1742
3 1594 1742 1741
3 1595 1602 1743
3 1595 1743 1742
3 1744 1599 1596
3 1745 1744 1596
3 1745 1596 1597
3 1597 1598 1746
3 1597 1746 1745
3 1598 1603 1747
3 1598 1747 1746
3 1748 1600 1599
3 1744 1748 1599
3 1749 1601 1600
3 1749 1600 1750
3 1748 1750 1600
3 1751 1602 1601
3 1751 1601 1749
3 1602 1751 1752
3 1602 1752 1743
3 1753 1747 1603
3 1753 1603 1604
3 1754 1753 1604
3 1754 1604 1606
3 1605 1607 1755
3 1605 1755 1606
3 1756 1754 1606
3 1756 1606 1755
3 1607 1608 1736
3 1607 1736 1757
3 1607 1757 1758
3 1607 1758 1755
3 1759 1760 1610
3 1609 1759 1610
3 1730 1610 1760
3 1759 1609 1723
3 1611 1761 1762
3 1611 1762 1612
3 1761 1611 1615
3 1763 1613 1612
3 1763 1612 1762
3 1613 1763 1764
3 1613 1764 1614
3 1765 1620 1614
3 1765 1614 1764
3 1616 1766 1615
3 1761 1615 1766
3 1767 1616 1617
3 1616 1767 1766
3 1767 1617 1741
3 1627 1619 1618
3 1627 1618 1768
3 1768 1618 1622
3 1620 1765 1769
3 1620 1769 1624
3 1770 1623 1621
3 1770 1621 1624
3 1770 1771 1623
3 1622 1623 1771
3 1772 1622 1771
3 1768 1622 1772
3 1773 1770 1624
3 1773 1624 1769
3 1625 1627 1768
3 1625 1768 1774
3 1625 1774 1775
3 1625 1775 1626
3 1628 1626 1775
3 1628 1775 1776
3 1631 1628 1776
3 1629 1777 1778
3 1629 1778 1632
3 1777 1629 1630
3 1777 1630 1776
3 1631 1776 1630
3 1779 1633 1632
3 1779 1632 1778
3 1779 1634 1633
3 1634 1780 1635
3 1780 1634 1781
3 1779 1781 1634
3 1641 1635 1780
3 1782 1369 1636
3 1782 1636 1783
3 1784 1783 1636
3 1784 1636 1637
3 1785 1374 1369
3 1785 1369 1782
3 1643 1784 1637
3 1638 1640 1786
3 1638 1786 1671
3 1638 1671 1639
3 1785 1499 1374
3 1780 1787 1641
3 1641 1788 1642
3 1788 1641 1787
3 1643 1642 1789
3 1788 1789 1642
3 1790 1643 1789
3 1643 1790 1784
3 1646 1644 1791
3 1792 1791 1644
3 1792 1644 1645
3 1645 1647 1793
3 1645 1793 1792
3 1646 1791 1794
3 1650 1646 1794
3 1795 1793 1647
3 1795 1647 1648
3 1648 1649 1796
3 1648 1796 1795
3 1797 1796 1649
3 1797 1649 1653
3 1651 1650 1798
3 1650 1794 1798
3 1651 1798 1799
3 1652 1651 1799
3 1652 1799 1716
3 1653 1656 1800
3 1797 1653 1800
3 1801 1656 1654
3 1655 1801 1654
3 1655 1657 1801
3 1801 1802 1656
3 1802 1800 1656
3 1802 1801 1657
3 1802 1657 1803
3 1804 1803 1657
3 1659 1804 1657
3 1658 1660 1805
3 1658 1805 1806
3 1659 1658 1806
3 1659 1806 1807
3 1804 1659 1807
3 1660 1664 1808
3 1660 1808 1805
3 1665 1672 1662
3 1661 1665 1662
3 1809 1664 1662
3 1809 1662 1672
3 1664 1809 1810
3 1664 1810 1808
3 1811 1667 1666
3 1667 1811 1812
3 1667 1812 1668
3 1812 1674 1668
3 1669 1670 1813
3 1814 1813 1670
3 1409 1814 1670
3 1814 1409 1530
3 1673 1809 1672
3 1673 1675 1815
3 1809 1673 1815
3 1816 1675 1674
3 1812 1816 1674
3 1817 1815 1675
3 1816 1817 1675
3 1676 1692 1677
3 1818 1678 1677
3 1818 1677 1692
3 1678 1818 1819
3 1678 1819 1820
3 1679 1678 1820
3 1679 1820 1821
3 1680 1679 1821
3 1680 1821 1822
3 1682 1680 1822
3 1687 1681 1823
3 1823 1681 1684
3 1824 1683 1682
3 1824 1682 1822
3 1683 1824 1825
3 1683 1825 1684
3 1823 1684 1826
3 1825 1826 1684
3 1178 1685 1686
3 1178 1686 1827
3 1179 1178 1827
3 1180 1179 1828
3 1185 1180 1828
3 1687 1827 1686
3 1687 1829 1827
3 1829 1687 1823
3 1185 1828 1830
3 1185 1830 1186
3 1203 1202 1831
3 1201 1831 1202
3 1201 1832 1831
3 1201 1186 1832
3 1203 1833 1204
3 1720 1719 1204
3 1720 1204 1833
3 1688 1694 1834
3 1689 1688 1834
3 1689 1834 1835
3 1690 1689 1835
3 1836 1690 1837
3 1690 1836 1691
3 1690 1835 1837
3 1838 1692 1691
3 1838 1691 1836
3 1839 1818 1692
3 1839 1692 1838
3 1840 1834 1694
3 1841 1840 1694
3 1841 1694 1693
3 1841 1693 1842
3 1695 1842 1693
3 1695 1701 1843
3 1842 1695 1843
3 1697 1696 1844
3 1697 1844 1845
3 1845 1698 1697
3 1696 1712 1713
3 1696 1713 1844
3 1700 1698 1846
3 1845 1846 1698
3 1699 1698 1700
3 1700 1846 1847
3 1847 1701 1700
3 1847 1848 1701
3 1843 1701 1848
3 1702 1849 1850
3 1702 1850 1703
3 1702 1707 1851
3 1702 1851 1849
3 1703 1850 1852
3 1703 1852 1704
3 1853 1705 1704
3 1853 1704 1852
3 1705 1853 1854
3 1705 1854 1706
3 1855 1710 1706
3 1855 1706 1854
3 1856 1851 1707
3 1856 1707 1708
3 1708 1709 1857
3 1708 1857 1856
3 1709 1717 1858
3 1709 1858 1857
3 1710 1855 1859
3 1710 1859 1715
3 1860 1714 1711
3 1860 1711 1715
3 1713 1714 1844
3 1861 1860 1715
3 1861 1715 1859
3 1862 1718 1716
3 1862 1716 1799
3 1717 1718 1863
3 1717 1863 1858
3 1718 1862 1864
3 1718 1864 1863
3 1722 1720 1833
3 1722 1865 1721
3 1866 1721 1865
3 1866 1728 1721
3 1722 1833 1867
3 1865 1722 1867
3 1724 1868 1723
3 1759 1723 1868
3 1724 1869 1868
3 1869 1724 1581
3 1869 1581 1870
3 1725 1870 1581
3 1725 1871 1870
3 1871 1725 1726
3 1726 1727 1872
3 1726 1872 1871
3 1866 1727 1728
3 1727 1866 1873
3 1727 1873 1872
3 1731 1729 1874
3 1730 1874 1729
3 1875 1730 1760
3 1730 1875 1874
3 1731 1876 1877
3 1731 1877 1732
3 1876 1731 1874
3 1878 1732 1877
3 1733 1732 1878
3 1733 1879 1739
3 1879 1733 1878
3 1880 1735 1734
3 1757 1736 1735
3 1757 1735 1880
3 1880 1734 1881
3 1881 1734 1737
3 1882 1737 1740
3 1881 1737 1882
3 1738 1740 1737
3 1882 1740 1883
3 1883 1740 1739
3 1883 1739 1884
3 1884 1739 1879
3 1885 1767 1741
3 1885 1741 1742
3 1886 1885 1742
3 1886 1742 1743
3 1887 1886 1743
3 1887 1743 1752
3 1744 1745 1888
3 1744 1888 1889
3 1744 1889 1890
3 1744 1890 1748
3 1891 1888 1745
3 1891 1745 1746
3 1892 1891 1746
3 1892 1746 1747
3 1747 1753 1893
3 1747 1893 1892
3 1748 1890 1894
3 1748 1894 1750
3 1750 1894 1895
3 1750 1895 1749
3 1896 1751 1749
3 1896 1749 1895
3 1751 1896 1897
3 1751 1897 1752
3 1898 1887 1752
3 1898 1752 1897
3 1753 1754 1899
3 1753 1899 1893
3 1754 1756 1900
3 1754 1900 1899
3 1901 1756 1755
3 1901 1755 1758
3 1756 1901 1902
3 1756 1902 1900
3 1757 1880 1758
3 1903 1904 1760
3 1759 1903 1760
3 1875 1760 1904
3 1759 1868 1905
3 1759 1905 1903
3 1761 1906 1907
3 1761 1907 1762
3 1906 1761 1766
3 1908 1763 1762
3 1908 1762 1907
3 1909 1764 1763
3 1909 1763 1908
3 1910 1765 1764
3 1910 1764 1909
3 1911 1769 1765
3 1911 1765 1910
3 1767 1912 1766
3 1906 1766 1912
3 1767 1885 1912
3 1772 1774 1768
3 1913 1773 1769
3 1913 1769 1911
3 1773 1914 1770
3 1770 1914 1771
3 1914 1915 1771
3 1772 1771 1915
3 1772 1915 1774
3 1913 1916 1773
3 1773 1916 1914
3 1917 1774 1915
3 1918 1775 1774
3 1918 1774 1919
3 1917 1919 1774
3 1775 1918 1920
3 1775 1920 1776
3 1921 1922 1776
3 1776 1922 1923
3 1776 1923 1777
3 1924 1921 1776
3 1924 1776 1920
3 1923 1778 1777
3 1923 1779 1778
3 1923 1781 1779
3 1925 1926 1781
3 1925 1781 1922
3 1780 1781 1926
3 1923 1922 1781
3 1780 1926 1787
3 1785 1782 1927
3 1782 1783 1928
3 1782 1928 1927
3 1783 1784 1929
3 1783 1929 1928
3 1790 1929 1784
3 1785 1927 1930
3 1931 1785 1930
3 1785 1931 1499
3 1931 1640 1499
3 1932 1787 1926
3 1788 1787 1932
3 1788 1933 1789
3 1933 1788 1932
3 1790 1789 1934
3 1933 1934 1789
3 1935 1790 1934
3 1790 1935 1929
3 1936 1794 1791
3 1937 1936 1791
3 1937 1791 1792
3 1938 1937 1792
3 1938 1792 1793
3 1939 1938 1793
3 1939 1793 1795
3 1940 1798 1794
3 1936 1940 1794
3 1941 1939 1795
3 1941 1795 1796
3 1942 1941 1796
3 1942 1796 1797
3 1940 1943 1798
3 1943 1799 1798
3 1943 1862 1799
3 1944 1797 1800
3 1802 1944 1800
3 1944 1802 1803
3 1804 1945 1803
3 1946 1803 1945
3 1944 1803 1946
3 1804 1807 1947
3 1945 1804 1947
3 1805 1808 1948
3 1805 1948 1949
3 1950 1806 1805
3 1951 1950 1805
3 1951 1805 1949
3 1952 1807 1806
3 1950 1952 1806
3 1948 1808 1810
3 1809 1815 1810
3 1953 1954 1810
3 1953 1810 1815
3 1948 1810 1954
3 1669 1955 1666
3 1956 1811 1666
3 1956 1666 1955
3 1811 1956 1957
3 1811 1957 1812
3 1812 1957 1958
3 1812 1958 1816
3 1669 1959 1955
3 1959 1669 1813
3 1814 1960 1813
3 1814 1530 1961
3 1960 1814 1961
3 1961 1530 1531
3 1961 1531 1962
3 1962 1531 1532
3 1962 1532 1963
3 1964 1963 1532
3 1964 1532 1671
3 1671 1786 1965
3 1671 1965 1964
3 1966 1965 1786
3 1966 1786 1640
3 1817 1953 1815
3 1817 1816 1958
3 1953 1817 1967
3 1817 1958 1967
3 1818 1839 1968
3 1818 1968 1819
3 1969 1820 1819
3 1969 1819 1970
3 1968 1970 1819
3 1820 1969 1971
3 1820 1971 1821
3 1971 1822 1821
3 1971 1972 1822
3 1829 1823 1973
3 1823 1826 1973
3 1974 1824 1822
3 1974 1822 1972
3 1824 1974 1975
3 1824 1975 1825
3 1826 1825 1976
3 1826 1976 1973
3 1825 1975 1977
3 1825 1977 1976
3 1829 1179 1827
3 1978 1828 1179
3 1829 1978 1179
3 1979 1830 1828
3 1978 1979 1828
3 1978 1829 1973
3 1980 1981 1186
3 1980 1186 1830
3 1982 1832 1186
3 1982 1186 1981
3 1979 1980 1830
3 1832 1983 1831
3 1984 1203 1831
3 1984 1831 1983
3 1203 1984 1867
3 1203 1867 1833
3 1832 1982 1983
3 1840 1985 1834
3 1985 1835 1834
3 1986 1837 1835
3 1985 1986 1835
3 1836 1837 1987
3 1838 1836 1987
3 1988 1987 1837
3 1986 1988 1837
3 1838 1987 1989
3 1839 1838 1989
3 1990 1968 1839
3 1839 1989 1990
3 1840 1841 1991
3 1840 1991 1992
3 1985 1840 1992
3 1841 1842 1993
3 1993 1991 1841
3 1994 1993 1842
3 1994 1842 1995
3 1842 1843 1995
3 1843 1848 1996
3 1996 1995 1843
3 1997 1845 1844
3 1997 1844 1714
3 1845 1997 1998
3 1845 1998 1846
3 1999 1847 1846
3 1999 1846 1998
3 1847 1999 2000
3 1847 2000 1848
3 2001 1996 1848
3 2001 1848 2000
3 2002 2003 1850
3 2002 1850 1849
3 1850 2003 2004
3 1850 2004 1852
3 2005 2002 1849
3 2005 1849 1851
3 2006 2005 1851
3 2006 1851 1856
3 2007 1853 1852
3 2007 1852 2004
3 1853 2007 2008
3 1853 2008 1854
3 2009 1855 1854
3 2009 1854 2008
3 2010 1859 1855
3 2010 1855 2009
3 2011 2006 1856
3 2011 1856 1857
3 2012 1857 1858
3 2013 2011 1857
3 2013 1857 2012
3 2012 1858 2014
3 2015 2014 1858
3 2015 1858 1863
3 2016 1861 1859
3 2016 1859 2010
3 2017 1997 1714
3 2017 1714 1860
3 2017 1860 1861
3 2018 1861 2016
3 1943 1864 1862
3 2019 2015 1863
3 2019 1863 1864
3 1943 2020 1864
3 2021 2019 1864
3 2021 1864 2020
3 1865 1867 2022
3 1866 1865 2023
3 2022 2023 1865
3 1866 2023 1873
3 1984 2022 1867
3 2024 1868 1869
3 2025 1905 1868
3 2025 1868 2024
3 2024 1869 2026
3 2026 1869 1870
3 2026 1870 2027
3 2028 2027 1870
3 1871 2028 1870
3 1871 2029 2028
3 2030 2029 1871
3 2030 1871 1872
3 2031 2030 1872
3 2031 1872 1873
3 1876 1874 2032
3 1875 2032 1874
3 2033 1875 1904
3 1875 2033 2032
3 1876 2034 2035
3 1876 2035 1877
3 2034 1876 2032
3 1878 1877 2036
3 2036 1877 2035
3 2037 2038 1878
3 2037 1878 2036
3 1879 1878 2038
3 1884 1879 2039
3 2039 1879 2038
3 1880 1881 2040
3 1880 2040 1758
3 1881 1882 2041
3 1881 2041 2040
3 1882 1883 2042
3 1882 2042 2041
3 1883 1884 2043
3 1883 2043 2042
3 1884 2039 2044
3 1884 2044 2043
3 1885 1886 2045
3 1885 2045 1912
3 1886 1887 2046
3 1886 2046 2045
3 1898 2046 1887
3 2047 1889 1888
3 1889 2047 2048
3 1889 2048 1890
3 2047 1888 2049
3 1888 1891 2050
3 1888 2050 2049
3 2051 1894 1890
3 2051 1890 2048
3 1891 1892 2052
3 1891 2052 2050
3 2053 2052 1892
3 2053 1892 1893
3 2054 2053 1893
3 2054 1893 1899
3 1894 2051 2055
3 1894 2055 1895
3 1896 1895 2056
3 2057 2056 1895
3 2057 1895 2055
3 1896 2058 2059
3 1896 2059 1897
3 1896 2056 2058
3 2060 1898 1897
3 2060 1897 2059
3 1898 2061 2046
3 1898 2060 2062
3 1898 2062 2061
3 1899 1900 2063
3 1899 2063 2054
3 2064 2063 1900
3 2064 1900 1902
3 1902 2065 2064
3 2066 1901 1758
3 2066 1758 2040
3 2066 1902 1901
3 1903 2067 1904
3 2067 1903 1905
3 2067 2068 1904
3 2033 1904 2068
3 2067 1905 2069
3 2025 2069 1905
3 1906 2070 2071
3 1906 2071 1907
3 2070 1906 1912
3 1907 2071 2072
3 1907 2072 1908
3 1908 2072 2073
3 1908 2073 1909
3 1909 2073 2074
3 1909 2074 1910
3 1910 2074 2075
3 1910 2075 1911
3 1911 2075 2076
3 1911 2076 1913
3 2070 1912 2045
3 2077 1913 2076
3 1913 2077 1916
3 1914 2078 1915
3 2078 1914 1916
3 1917 1915 2078
3 2078 1916 2079
3 2077 2079 1916
3 1917 2078 2079
3 1917 2079 2080
3 1917 2081 1919
3 2081 1917 2080
3 2082 1918 1919
3 1918 2082 2083
3 1918 2083 1920
3 2082 1919 2084
3 2081 2084 1919
3 2085 1924 1920
3 2085 1920 2083
3 1921 1925 1922
3 1925 1921 2086
3 1921 1924 2087
3 1921 2087 2086
3 1924 2085 2088
3 1924 2088 2087
3 1925 2086 1932
3 1932 1926 1925
3 2089 1927 1928
3 2090 2089 1928
3 2090 1928 1929
3 1935 2090 1929
3 1931 1930 2091
3 1966 1931 2091
3 1931 1966 1640
3 1933 1932 2086
3 2092 1933 2086
3 1933 2092 1934
3 1935 1934 2093
3 2092 2093 1934
3 2094 1935 2093
3 1935 2094 2090
3 1940 1936 2095
3 1936 1937 2096
3 1936 2096 2095
3 1937 1938 2097
3 1937 2097 2096
3 1938 1939 2098
3 1938 2098 2097
3 1939 1941 2099
3 1939 2099 2098
3 1940 2095 2100
3 1943 1940 2100
3 1941 1942 2101
3 1941 2101 2099
3 2102 1942 1797
3 1944 2102 1797
3 1943 2100 2020
3 2102 1944 1946
3 1945 1947 2103
3 2104 1945 2103
3 1946 1945 2104
3 2104 2105 1946
3 2102 1946 2105
3 2106 1949 1948
3 2106 1948 1954
3 1951 1949 2106
3 1952 1950 2107
3 1950 1951 2108
3 1950 2108 2107
3 2109 2108 1951
3 1951 2106 2109
3 1952 2107 2110
3 1807 1952 2110
3 1947 1807 2111
3 1807 2110 2111
3 1953 1967 2112
3 1954 1953 2112
3 1954 2112 2106
3 1959 2113 1955
3 2114 1956 1955
3 2114 1955 2113
3 1956 2114 2115
3 1956 2115 1957
3 2116 1958 1957
3 2116 1957 2115
3 1958 2116 2117
3 1958 2117 1967
3 1959 1813 2118
3 1959 2119 2113
3 2119 1959 2118
3 1960 2118 1813
3 2120 1960 1961
3 1960 2120 2118
3 1963 2121 1962
3 1962 2121 1961
3 1963 2122 2121
3 2123 2122 1963
3 2123 1963 1964
3 1964 1965 2123
3 1965 1966 2124
3 1966 2091 2124
3 2125 2126 1967
3 2125 1967 2117
3 2126 2112 1967
3 1990 2127 1968
3 2128 1968 2127
3 1968 2128 1970
3 1969 2129 2130
3 1969 2130 1971
3 2129 1969 1970
3 2129 1970 2131
3 2128 2131 1970
3 1971 2130 2132
3 1971 2132 1972
3 1978 1973 2133
3 2134 2133 1973
3 2134 1973 1976
3 1974 1972 2132
3 1974 2132 2135
3 1974 2135 2136
3 1974 2136 1975
3 1975 2136 2137
3 1975 2137 1977
3 2138 2134 1976
3 2138 1976 1977
3 2139 2138 1977
3 2139 1977 2137
3 1979 1978 2133
3 1980 1979 2140
3 1979 2133 2140
3 1980 2140 2141
3 1980 2141 2142
3 1980 2142 1981
3 1982 1981 2142
3 1982 2142 2143
3 1982 2143 2144
3 1982 2144 1983
3 2145 1984 1983
3 2145 1983 2144
3 1984 2145 2022
3 1985 1992 2146
3 1986 1985 2146
3 1986 2146 2147
3 1988 1986 2147
3 2148 1989 1987
3 1988 2148 1987
3 2148 2149 1989
3 2149 1990 1989
3 2150 2127 1990
3 2149 2150 1990
3 1993 1994 1991
3 2151 1992 1991
3 2151 1991 2152
3 2153 2152 1991
3 2153 1991 1994
3 2154 2146 1992
3 2151 2154 1992
3 2155 2156 1995
3 2153 1994 1995
3 2153 1995 2156
3 1996 2001 2157
3 1996 2157 1995
3 2158 1998 1997
3 2158 1997 2017
3 2159 1999 1998
3 2159 1998 2158
3 1999 2159 2160
3 1999 2160 2000
3 2161 2001 2000
3 2161 2000 2160
3 2001 2161 2162
3 2001 2162 2157
3 2002 2005 2163
3 2003 2164 2004
3 2164 2007 2004
3 2005 2006 2165
3 2005 2165 2163
3 2006 2011 2166
3 2006 2166 2165
3 2167 2008 2007
3 2164 2167 2007
3 2167 2168 2008
3 2009 2008 2168
3 2009 2168 2169
3 2010 2009 2169
3 2016 2010 2170
3 2010 2169 2170
3 2011 2013 2171
3 2011 2171 2166
3 2012 2014 2172
3 2012 2172 2173
3 2174 2013 2012
3 2174 2012 2173
3 2013 2174 2175
3 2013 2175 2171
3 2014 2015 2176
3 2014 2176 2172
3 2015 2019 2177
3 2015 2177 2176
3 2016 2170 2178
3 2016 2178 2179
3 2016 2179 2018
3 2017 1861 2180
3 2158 2017 2180
3 2180 1861 2018
3 2180 2018 2181
3 2182 2181 2018
3 2182 2018 2179
3 2019 2021 2183
3 2019 2183 2177
3 2100 2184 2020
3 2185 2021 2020
3 2185 2020 2184
3 2021 2185 2186
3 2021 2186 2183
3 2022 2145 2187
3 2022 2187 2188
3 2023 2022 2188
3 2023 2188 1873
3 2189 2031 1873
3 2189 1873 2188
3 2026 2190 2024
3 2191 2025 2024
3 2191 2024 2190
3 2191 2192 2025
3 2025 2192 2069
3 2026 2027 2190
3 2193 2190 2027
3 2028 2193 2027
3 2193 2028 2194
3 2195 2194 2028
3 2195 2028 2029
3 2030 2195 2029
3 2030 2031 2196
3 2030 2196 2197
3 2030 2197 2195
3 2031 2189 2198
3 2031 2198 2196
3 2034 2032 2199
3 2033 2199 2032
3 2200 2033 2068
3 2033 2200 2199
3 2034 2201 2202
3 2034 2202 2035
3 2201 2034 2199
3 2036 2035 2037
3 2203 2035 2202
3 2204 2037 2035
3 2204 2035 2203
3 2206 2205 2038
3 2204 2206 2038
3 2204 2038 2037
3 2039 2038 2207
3 2039 2207 2044
3 2040 2041 2208
3 2040 2208 2066
3 2209 2208 2041
3 2209 2041 2042
3 2210 2209 2042
3 2210 2042 2043
3 2211 2210 2043
3 2211 2043 2044
3 2212 2211 2044
3 2212 2044 2207
3 2213 2070 2045
3 2213 2045 2046
3 2214 2213 2046
3 2214 2046 2061
3 2047 2215 2048
3 2216 2051 2048
3 2216 2048 2215
3 2049 2050 2217
3 2052 2217 2050
3 2051 2216 2218
3 2051 2218 2055
3 2053 2219 2052
3 2052 2219 2217
3 2053 2220 2219
3 2054 2220 2053
3 2054 2221 2220
3 2221 2054 2063
3 2222 2057 2055
3 2222 2055 2218
3 2223 2058 2056
3 2223 2056 2224
3 2056 2057 2225
3 2056 2225 2224
3 2057 2222 2226
3 2057 2226 2225
3 2058 2223 2227
3 2058 2227 2059
3 2228 2060 2059
3 2228 2059 2227
3 2060 2228 2229
3 2060 2229 2062
3 2230 2214 2061
3 2231 2230 2061
3 2231 2061 2062
3 2232 2231 2062
3 2232 2062 2229
3 2064 2233 2063
3 2221 2063 2233
3 2064 2234 2233
3 2064 2065 2235
3 2064 2235 2234
3 2065 1902 2236
3 2065 2236 2237
3 2065 2237 2238
3 2065 2238 2235
3 2066 2236 1902
3 2236 2066 2208
3 2239 2067 2069
3 2067 2239 2068
3 2239 2069 2240
3 2192 2240 2069
3 2070 2213 2241
3 2070 2241 2071
3 2242 2072 2071
3 2242 2071 2241
3 2072 2242 2243
3 2072 2243 2073
3 2244 2074 2073
3 2244 2073 2243
3 2074 2244 2245
3 2074 2245 2075
3 2246 2076 2075
3 2246 2075 2245
3 2077 2247 2079
3 2247 2077 2076
3 2247 2080 2079
3 2081 2080 2248
3 2249 2248 2080
3 2247 2249 2080
3 2081 2250 2084
3 2250 2081 2248
3 2082 2251 2252
3 2082 2252 2083
3 2251 2082 2084
3 2083 2253 2254
3 2083 2254 2085
3 2255 2253 2083
3 2255 2083 2252
3 2254 2088 2085
3 2092 2086 2087
3 2256 2092 2087
3 2256 2087 2088
3 2257 2256 2088
3 2257 2088 2258
3 2254 2258 2088
3 1930 1927 2259
3 1927 2089 2260
3 1927 2260 2259
3 2089 2090 2261
3 2089 2261 2260
3 2262 2261 2090
3 2262 2090 2094
3 1930 2259 2263
3 2091 1930 2263
3 2092 2256 2093
3 2256 2264 2093
3 2094 2093 2264
3 2262 2094 2264
3 2096 2265 2095
3 2266 2100 2095
3 2266 2095 2265
3 2096 2267 2265
3 2096 2097 2268
3 2096 2268 2267
3 2269 2268 2097
3 2269 2097 2098
3 2098 2099 2270
3 2098 2270 2269
3 2271 2270 2099
3 2271 2099 2101
3 2100 2266 2184
3 2101 2272 2271
3 2273 2274 2101
3 2273 2101 1942
3 2272 2101 2274
3 2102 2273 1942
3 2273 2102 2105
3 2104 2103 2275
3 2276 2275 2103
3 2276 2103 2277
3 1947 2277 2103
3 2104 2275 2105
3 2273 2105 2278
3 2279 2278 2105
3 2279 2105 2275
3 1947 2111 2280
3 2277 1947 2280
3 2281 2282 2106
3 2281 2106 2112
3 2282 2109 2106
3 2283 2110 2107
3 2284 2283 2107
3 2284 2107 2108
3 2109 2285 2108
3 2284 2108 2285
3 2282 2285 2109
3 2286 2111 2110
3 2283 2286 2110
3 2287 2280 2111
3 2286 2287 2111
3 2126 2281 2112
3 2119 2288 2113
3 2289 2114 2113
3 2289 2113 2288
3 2114 2289 2290
3 2114 2290 2115
3 2291 2116 2115
3 2291 2115 2290
3 2116 2291 2292
3 2116 2292 2117
3 2293 2125 2117
3 2293 2117 2292
3 2120 2294 2118
3 2119 2118 2294
3 2119 2295 2288
3 2295 2119 2294
3 2120 1961 2296
3 2121 2296 1961
3 2120 2297 2294
3 2297 2120 2296
3 2125 2293 2298
3 2125 2298 2299
3 2126 2125 2299
3 2126 2299 2300
3 2281 2126 2300
3 2128 2127 2301
3 2150 2302 2127
3 2302 2301 2127
3 2303 2128 2301
3 2128 2303 2131
3 2129 2304 2305
3 2129 2305 2130
3 2304 2129 2131
3 2306 2132 2130
3 2306 2130 2305
3 2303 2307 2131
3 2304 2131 2307
3 2133 2134 2308
3 2133 2308 2140
3 2134 2138 2309
3 2134 2309 2308
3 2135 2132 2306
3 2135 2310 2136
3 2135 2306 2311
3 2135 2311 2310
3 2136 2310 2312
3 2136 2312 2137
3 2313 2139 2137
3 2313 2137 2312
3 2138 2139 2314
3 2138 2314 2309
3 2139 2313 2315
3 2139 2315 2314
3 2154 2316 2146
3 2316 2147 2146
3 2317 1988 2147
3 2316 2317 2147
3 2318 2148 1988
3 2317 2318 1988
3 2154 2151 2319
3 2320 2319 2151
3 2151 2152 2320
3 2321 2320 2152
3 2321 2152 2322
3 2153 2322 2152
3 2153 2156 2322
3 2154 2319 2323
3 2316 2154 2323
3 2324 2155 1995
3 2324 1995 2157
3 2326 2155 2325
3 2155 2326 2156
3 2327 2322 2156
3 2327 2156 2326
3 2328 2324 2157
3 2328 2157 2162
3 2159 2158 2329
3 2158 2180 2329
3 2159 2329 2330
3 2159 2330 2331
3 2159 2331 2160
3 2332 2161 2160
3 2332 2160 2331
3 2161 2332 2333
3 2161 2333 2162
3 2334 2328 2162
3 2334 2162 2333
3 2335 2336 2163
3 2337 2335 2163
3 2337 2163 2165
3 2336 2002 2163
3 2338 2003 2002
3 2336 2338 2002
3 2338 2339 2003
3 2164 2003 2339
3 2167 2164 2340
3 2164 2339 2340
3 2341 2337 2165
3 2341 2165 2166
3 2342 2341 2166
3 2342 2166 2171
3 2343 2168 2167
3 2167 2340 2343
3 2343 2344 2168
3 2344 2169 2168
3 2345 2170 2169
3 2344 2345 2169
3 2346 2178 2170
3 2345 2346 2170
3 2347 2342 2171
3 2347 2171 2175
3 2348 2173 2172
3 2349 2348 2172
3 2349 2172 2176
3 2348 2350 2173
3 2351 2174 2173
3 2351 2173 2350
3 2174 2351 2352
3 2174 2352 2175
3 2353 2347 2175
3 2353 2175 2352
3 2354 2349 2176
3 2354 2176 2177
3 2355 2354 2177
3 2355 2177 2183
3 2356 2182 2179
3 2356 2179 2357
3 2179 2178 2358
3 2179 2358 2357
3 2346 2358 2178
3 2181 2329 2180
3 2181 2182 2359
3 2181 2359 2360
3 2181 2360 2329
3 2361 2359 2182
3 2361 2182 2356
3 2362 2355 2183
3 2362 2183 2186
3 2266 2363 2184
3 2364 2185 2184
3 2364 2184 2363
3 2185 2364 2365
3 2185 2365 2186
3 2366 2362 2186
3 2366 2186 2365
3 2145 2144 2367
3 2145 2367 2187
3 2368 2188 2187
3 2369 2368 2187
3 2369 2187 2367
3 2368 2189 2188
3 2189 2368 2370
3 2189 2370 2198
3 2193 2371 2190
3 2371 2191 2190
3 2191 2372 2192
3 2373 2372 2191
3 2371 2373 2191
3 2374 2192 2372
3 2192 2374 2240
3 2193 2194 2375
3 2371 2193 2375
3 2376 2375 2194
3 2377 2376 2194
3 2377 2194 2195
3 2377 2195 2197
3 2378 2197 2196
3 2377 2197 2379
3 2378 2379 2197
3 2380 2378 2196
3 2380 2196 2198
3 2381 2380 2198
3 2381 2198 2370
3 2201 2199 2382
3 2200 2382 2199
3 2383 2200 2068
3 2200 2383 2382
3 2201 2384 2385
3 2201 2385 2202
3 2384 2201 2382
3 2203 2202 2386
3 2386 2202 2385
3 2203 2386 2387
3 2203 2387 2388
3 2204 2203 2388
3 2204 2388 2206
3 2038 2205 2389
3 2038 2389 2207
3 2391 2390 2205
3 2206 2391 2205
3 2206 2388 2392
3 2206 2392 2391
3 2393 2212 2207
3 2393 2207 2389
3 2209 2394 2208
3 2236 2208 2394
3 2209 2210 2395
3 2209 2395 2396
3 2209 2396 2394
3 2210 2211 2397
3 2210 2397 2395
3 2211 2212 2398
3 2211 2398 2397
3 2212 2393 2399
3 2212 2399 2398
3 2213 2214 2400
3 2213 2400 2241
3 2401 2400 2214
3 2230 2401 2214
3 2047 2402 2403
3 2047 2403 2215
3 2402 2047 2049
3 2403 2404 2215
3 2405 2216 2215
3 2405 2215 2404
3 2216 2405 2406
3 2216 2406 2218
3 2402 2049 2407
3 2407 2049 2217
3 2407 2217 2408
3 2219 2408 2217
3 2409 2222 2218
3 2409 2218 2406
3 2410 2219 2220
3 2219 2410 2408
3 2410 2220 2411
3 2221 2411 2220
3 2221 2412 2411
3 2412 2221 2233
3 2222 2409 2413
3 2222 2413 2226
3 2223 2414 2415
3 2223 2415 2227
3 2414 2223 2224
3 2414 2224 2416
3 2417 2416 2224
3 2417 2224 2225
3 2418 2417 2225
3 2418 2225 2226
3 2419 2418 2226
3 2419 2226 2413
3 2420 2228 2227
3 2420 2227 2415
3 2228 2420 2421
3 2228 2421 2229
3 2422 2232 2229
3 2422 2229 2421
3 2401 2230 2423
3 2230 2231 2424
3 2230 2424 2423
3 2231 2232 2425
3 2231 2425 2424
3 2232 2422 2426
3 2232 2426 2425
3 2234 2427 2233
3 2412 2233 2427
3 2428 2429 2235
3 2428 2235 2238
3 2235 2429 2430
3 2235 2430 2234
3 2234 2430 2427
3 2237 2236 2394
3 2237 2394 2431
3 2237 2431 2432
3 2237 2432 2238
3 2238 2432 2433
3 2238 2433 2428
3 2239 2434 2068
3 2383 2068 2434
3 2435 2242 2241
3 2435 2241 2400
3 2242 2435 2436
3 2242 2436 2243
3 2437 2244 2243
3 2437 2243 2436
3 2244 2437 2438
3 2244 2438 2245
3 2439 2246 2245
3 2439 2245 2438
3 2246 2440 2076
3 2247 2076 2440
3 2249 2247 2440
3 2250 2248 2441
3 2442 2441 2248
3 2249 2442 2248
3 2442 2249 2443
3 2249 2440 2443
3 2250 2444 2084
3 2444 2250 2441
3 2251 2445 2446
3 2251 2446 2252
3 2445 2251 2084
3 2447 2255 2252
3 2447 2252 2446
3 2448 2258 2254
3 2448 2254 2253
3 2255 2448 2253
3 2447 2449 2255
3 2255 2449 2448
3 2450 2084 2444
3 2445 2084 2450
3 2256 2257 2264
3 2451 2257 2258
3 2257 2451 2452
3 2257 2452 2264
3 2451 2258 2448
3 2453 2263 2259
3 2454 2453 2259
3 2454 2259 2260
3 2455 2454 2260
3 2455 2260 2261
3 2456 2455 2261
3 2456 2261 2262
3 2262 2264 2452
3 2457 2456 2262
3 2457 2262 2452
3 2091 2263 2458
3 2459 2458 2263
3 2453 2459 2263
3 2124 2091 2458
3 2124 2458 2460
3 1965 2124 2460
3 2461 2462 2265
3 2461 2265 2267
3 2266 2265 2462
3 2266 2463 2363
3 2266 2462 2463
3 2267 2268 2464
3 2267 2464 2461
3 2465 2464 2268
3 2465 2268 2269
3 2465 2269 2270
3 2465 2270 2466
3 2271 2466 2270
3 2271 2467 2466
3 2271 2272 2468
3 2271 2468 2467
3 2272 2469 2470
3 2272 2470 2468
3 2272 2274 2469
3 2274 2273 2278
3 2274 2278 2471
3 2469 2274 2471
3 2276 2279 2275
3 2279 2276 2472
3 2276 2277 2473
3 2277 2280 2473
3 2278 2279 2474
3 2278 2474 2471
3 2279 2472 2474
3 2475 2473 2280
3 2287 2475 2280
3 2281 2300 2476
3 2282 2281 2476
3 2282 2476 2477
3 2286 2283 2478
3 2283 2284 2479
3 2283 2479 2478
3 2284 2285 2480
3 2480 2479 2284
3 2282 2481 2285
3 2481 2480 2285
3 2481 2282 2477
3 2286 2478 2482
3 2287 2286 2482
3 2475 2287 2483
3 2287 2482 2483
3 2295 2484 2288
3 2485 2289 2288
3 2485 2288 2484
3 2289 2485 2486
3 2289 2486 2290
3 2487 2291 2290
3 2487 2290 2486
3 2488 2292 2291
3 2488 2291 2487
3 2489 2293 2292
3 2489 2292 2488
3 2293 2489 2490
3 2293 2490 2298
3 2297 2491 2294
3 2295 2294 2491
3 2295 2492 2484
3 2492 2295 2491
3 2121 2493 2296
3 2121 2122 2494
3 2121 2494 2493
3 2297 2296 2495
3 2493 2495 2296
3 2297 2496 2491
3 2496 2297 2495
3 2123 2494 2122
3 2123 1965 2497
3 2123 2497 2498
3 2123 2498 2494
3 1965 2460 2497
3 2499 2299 2298
3 2500 2499 2298
3 2500 2298 2490
3 2501 2300 2299
3 2499 2501 2299
3 2501 2502 2300
3 2502 2476 2300
3 2303 2301 2503
3 2504 2503 2301
3 2302 2504 2301
3 2505 2303 2503
3 2303 2505 2307
3 2304 2506 2507
3 2304 2507 2305
3 2506 2304 2307
3 2305 2507 2508
3 2305 2508 2306
3 2509 2510 2307
3 2509 2307 2505
3 2506 2307 2510
3 2511 2141 2140
3 2511 2140 2308
3 2512 2511 2308
3 2512 2308 2309
3 2513 2512 2309
3 2513 2309 2314
3 2311 2306 2508
3 2310 2514 2515
3 2310 2515 2312
3 2311 2514 2310
3 2311 2508 2516
3 2311 2516 2514
3 2517 2313 2312
3 2517 2312 2515
3 2313 2517 2518
3 2313 2518 2315
3 2519 2513 2314
3 2519 2314 2315
3 2520 2519 2315
3 2520 2315 2518
3 2141 2511 2521
3 2141 2521 2142
3 2143 2142 2521
3 2143 2521 2522
3 2144 2143 2522
3 2144 2522 2367
3 2316 2323 2523
3 2317 2316 2523
3 2317 2523 2524
3 2318 2317 2524
3 2525 2149 2148
3 2318 2525 2148
3 2525 2318 2526
3 2318 2524 2526
3 2525 2527 2149
3 2527 2150 2149
3 2528 2302 2150
3 2527 2528 2150
3 2529 2323 2319
3 2320 2529 2319
3 2321 2529 2320
3 2530 2321 2322
3 2530 2322 2327
3 2530 2531 2321
3 2321 2531 2529
3 2532 2523 2323
3 2529 2532 2323
3 2155 2324 2533
3 2155 2533 2325
3 2324 2328 2534
3 2324 2534 2533
3 2536 2325 2535
3 2326 2325 2536
3 2537 2535 2325
3 2537 2325 2533
3 2326 2536 2538
3 2326 2538 2327
3 2539 2530 2327
3 2539 2327 2538
3 2328 2334 2540
3 2328 2540 2534
3 2360 2330 2329
3 2541 2331 2330
3 2541 2330 2542
3 2360 2542 2330
3 2543 2332 2331
3 2543 2331 2541
3 2544 2333 2332
3 2544 2332 2543
3 2545 2334 2333
3 2545 2333 2544
3 2546 2540 2334
3 2546 2334 2545
3 2547 2335 2548
3 2335 2547 2336
3 2335 2337 2549
3 2335 2549 2548
3 2547 2550 2336
3 2338 2336 2550
3 2337 2341 2551
3 2337 2551 2549
3 2338 2550 2552
3 2339 2338 2552
3 2339 2552 2553
3 2553 2340 2339
3 2553 2554 2340
3 2554 2343 2340
3 2341 2342 2555
3 2341 2555 2551
3 2342 2347 2556
3 2342 2556 2555
3 2343 2557 2558
3 2343 2558 2344
3 2554 2557 2343
3 2345 2344 2558
3 2345 2558 2559
3 2346 2345 2559
3 2358 2346 2560
3 2346 2559 2560
3 2347 2353 2561
3 2347 2561 2556
3 2562 2353 2352
3 2353 2562 2563
3 2353 2563 2561
3 2354 2355 2564
3 2355 2362 2565
3 2355 2565 2564
3 2356 2357 2566
3 2356 2566 2567
3 2361 2356 2567
3 2357 2358 2568
3 2357 2568 2566
3 2358 2560 2568
3 2360 2359 2569
3 2361 2569 2359
3 2360 2569 2542
3 2361 2567 2570
3 2571 2361 2570
3 2361 2571 2569
3 2362 2366 2572
3 2362 2572 2565
3 2364 2573 2574
3 2364 2574 2365
3 2573 2364 2363
3 2573 2363 2575
3 2576 2575 2363
3 2576 2363 2463
3 2577 2366 2365
3 2577 2365 2574
3 2366 2577 2578
3 2366 2578 2572
3 2579 2369 2367
3 2579 2367 2522
3 2369 2579 2580
3 2369 2580 2581
3 2368 2369 2581
3 2368 2581 2370
3 2582 2381 2370
3 2582 2370 2581
3 2371 2375 2583
3 2373 2371 2583
3 2373 2584 2372
3 2374 2372 2585
3 2584 2585 2372
3 2373 2583 2586
3 2584 2373 2586
3 2587 2583 2375
3 2376 2587 2375
3 2587 2376 2588
3 2589 2588 2376
3 2589 2376 2377
3 2379 2589 2377
3 2378 2380 2590
3 2378 2590 2591
3 2379 2378 2591
3 2379 2591 2592
3 2379 2592 2589
3 2380 2381 2593
3 2380 2593 2590
3 2381 2582 2594
3 2381 2594 2593
3 2384 2382 2595
3 2383 2595 2382
3 2596 2383 2434
3 2383 2596 2595
3 2384 2597 2598
3 2384 2598 2385
3 2597 2384 2595
3 2386 2385 2598
3 2598 2387 2386
3 2599 2392 2388
3 2599 2388 2387
3 2599 2387 2600
3 2598 2600 2387
3 2205 2390 2601
3 2205 2601 2389
3 2602 2393 2389
3 2602 2389 2601
3 2390 2603 2604
3 2390 2604 2601
3 2603 2390 2605
3 2391 2605 2390
3 2391 2392 2606
3 2391 2606 2605
3 2607 2606 2392
3 2607 2392 2599
3 2393 2602 2608
3 2393 2608 2399
3 2396 2431 2394
3 2396 2395 2609
3 2610 2609 2395
3 2610 2395 2397
3 2396 2611 2431
3 2396 2609 2611
3 2397 2398 2612
3 2397 2612 2610
3 2613 2612 2398
3 2613 2398 2399
3 2399 2608 2614
3 2399 2614 2613
3 2615 2435 2400
3 2401 2615 2400
3 2401 2423 2616
3 2401 2616 2617
3 2401 2617 2615
3 2618 2403 2619
3 2403 2618 2404
3 2402 2619 2403
3 2402 2620 2619
3 2620 2402 2407
3 2618 2621 2404
3 2622 2405 2404
3 2622 2404 2621
3 2405 2622 2623
3 2405 2623 2406
3 2624 2409 2406
3 2624 2406 2623
3 2620 2407 2625
3 2625 2407 2408
3 2625 2408 2626
3 2410 2626 2408
3 2409 2624 2627
3 2409 2627 2413
3 2410 2411 2628
3 2410 2628 2629
3 2410 2629 2626
3 2412 2628 2411
3 2412 2630 2628
3 2630 2412 2427
3 2631 2419 2413
3 2631 2413 2627
3 2418 2419 2632
3 2419 2631 2633
3 2419 2633 2632
3 2420 2634 2421
3 2635 2422 2421
3 2635 2421 2634
3 2422 2635 2636
3 2422 2636 2426
3 2637 2638 2423
3 2637 2423 2424
3 2639 2616 2423
3 2639 2423 2638
3 2640 2637 2424
3 2640 2424 2425
3 2641 2640 2425
3 2641 2425 2426
3 2642 2641 2426
3 2642 2426 2636
3 2430 2643 2427
3 2630 2427 2643
3 2428 2644 2645
3 2428 2645 2429
3 2644 2428 2433
3 2646 2430 2429
3 2646 2429 2645
3 2430 2646 2643
3 2647 2432 2431
3 2647 2431 2611
3 2647 2433 2432
3 2644 2433 2648
3 2649 2648 2433
3 2647 2649 2433
3 2239 2650 2434
3 2650 2239 2240
3 2650 2651 2434
3 2596 2434 2651
3 2650 2240 2652
3 2374 2652 2240
3 2653 2436 2435
3 2653 2435 2654
3 2615 2654 2435
3 2655 2437 2436
3 2655 2436 2653
3 2656 2438 2437
3 2656 2437 2655
3 2657 2439 2438
3 2657 2438 2656
3 2658 2439 2657
3 2246 2659 2440
3 2659 2246 2439
3 2659 2439 2660
3 2660 2439 2658
3 2659 2443 2440
3 2442 2661 2441
3 2661 2662 2441
3 2663 2441 2662
3 2444 2441 2663
3 2442 2443 2661
3 2659 2664 2443
3 2665 2661 2443
3 2665 2443 2664
3 2666 2444 2663
3 2444 2666 2667
3 2444 2667 2450
3 2668 2445 2450
3 2445 2668 2669
3 2445 2669 2446
3 2670 2447 2446
3 2670 2446 2669
3 2447 2671 2449
3 2670 2671 2447
3 2672 2451 2448
3 2672 2448 2673
3 2449 2673 2448
3 2673 2449 2671
3 2668 2450 2667
3 2451 2672 2674
3 2451 2674 2452
3 2675 2457 2452
3 2675 2452 2674
3 2459 2453 2676
3 2453 2454 2677
3 2453 2677 2676
3 2454 2455 2678
3 2454 2678 2677
3 2455 2456 2679
3 2455 2679 2678
3 2456 2457 2680
3 2456 2680 2679
3 2457 2675 2681
3 2457 2681 2680
3 2682 2460 2458
3 2459 2682 2458
3 2459 2676 2683
3 2682 2459 2683
3 2684 2497 2460
3 2682 2684 2460
3 2685 2462 2461
3 2686 2685 2461
3 2686 2461 2464
3 2685 2687 2462
3 2688 2463 2462
3 2687 2688 2462
3 2688 2576 2463
3 2689 2686 2464
3 2689 2464 2465
3 2690 2689 2465
3 2690 2465 2466
3 2691 2690 2466
3 2691 2466 2467
3 2692 2693 2468
3 2692 2468 2470
3 2693 2467 2468
3 2693 2691 2467
3 2469 2694 2695
3 2469 2695 2470
3 2469 2471 2694
3 2696 2692 2470
3 2696 2470 2695
3 2697 2694 2471
3 2697 2471 2474
3 2474 2472 2698
3 2699 2698 2472
3 2472 2700 2701
3 2472 2701 2699
3 2276 2700 2472
3 2276 2702 2700
3 2276 2473 2702
3 2703 2702 2473
3 2703 2473 2704
3 2475 2704 2473
3 2474 2698 2697
3 2475 2483 2705
3 2704 2475 2705
3 2706 2477 2476
3 2502 2706 2476
3 2706 2707 2477
3 2707 2708 2477
3 2481 2477 2709
3 2477 2708 2710
3 2477 2710 2709
3 2482 2478 2711
3 2712 2711 2478
3 2712 2478 2479
3 2480 2713 2479
3 2712 2479 2713
3 2714 2713 2480
3 2481 2714 2480
3 2714 2481 2709
3 2715 2483 2482
3 2482 2711 2715
3 2705 2483 2716
3 2715 2716 2483
3 2717 2718 2484
3 2717 2484 2492
3 2485 2484 2718
3 2719 2486 2485
3 2485 2718 2719
3 2487 2486 2720
3 2719 2720 2486
3 2487 2720 2721
3 2488 2487 2721
3 2722 2500 2490
3 2492 2491 2723
3 2496 2723 2491
3 2492 2723 2717
3 2724 2493 2494
3 2493 2724 2495
3 2724 2494 2725
3 2726 2725 2494
3 2726 2494 2498
3 2496 2495 2727
3 2724 2727 2495
3 2496 2728 2723
3 2728 2496 2727
3 2684 2729 2497
3 2729 2498 2497
3 2729 2726 2498
3 2501 2499 2730
3 2499 2500 2730
3 2500 2722 2730
3 2730 12300 2501
3 12300 12301 2501
3 12301 12302 2501
3 12302 12303 2501
3 12303 12307 2501
3 12307 12305 2501
3 12305 2731 2501
3 2502 2501 2731
3 2502 2731 2732
3 2706 2502 2732
3 2505 2503 2733
3 2504 2734 2503
3 2734 2733 2503
3 2528 2735 2302
3 2504 2302 2735
3 2505 2733 2736
3 2505 2736 2509
3 2506 2737 2738
3 2506 2738 2507
3 2737 2506 2510
3 2739 2508 2507
3 2739 2507 2738
3 2740 2508 2739
3 2741 2742 2510
3 2741 2510 2509
3 2737 2510 2742
3 2743 2741 2509
3 2743 2509 2736
3 2511 2512 2744
3 2511 2744 2521
3 2512 2513 2745
3 2512 2745 2744
3 2513 2519 2746
3 2513 2746 2745
3 2516 2508 2740
3 2747 2515 2514
3 2748 2517 2515
3 2748 2515 2747
3 2747 2514 2749
3 2516 2749 2514
3 2516 2740 2750
3 2516 2750 2749
3 2517 2748 2751
3 2517 2751 2518
3 2752 2520 2518
3 2752 2518 2751
3 2519 2520 2753
3 2519 2753 2746
3 2752 2753 2520
3 2744 2522 2521
3 2744 2579 2522
3 2754 2524 2523
3 2532 2754 2523
3 2755 2526 2524
3 2754 2755 2524
3 2525 2526 2756
3 2527 2525 2756
3 2527 2756 2757
3 2528 2527 2757
3 2528 2757 2758
3 2735 2528 2758
3 2532 2529 2531
3 2530 2539 2531
3 2539 2759 2531
3 2532 2531 2759
3 2754 2532 2759
3 2760 2537 2533
3 2760 2533 2534
3 2761 2760 2534
3 2761 2534 2540
3 2535 2537 2762
3 2535 2762 2763
3 2536 2535 2764
3 2765 2764 2535
3 2765 2535 2763
3 2536 2764 2766
3 2536 2766 2538
3 2537 2760 2767
3 2537 2767 2762
3 2768 2538 2766
3 2769 2539 2538
3 2769 2538 2768
3 2539 2769 2759
3 2770 2761 2540
3 2770 2540 2546
3 2541 2542 2569
3 2541 2569 2771
3 2543 2541 2771
3 2543 2771 2772
3 2544 2543 2772
3 2544 2773 2545
3 2544 2772 2773
3 2547 2548 2774
3 2775 2547 2774
3 2547 2775 2550
3 2776 2777 2548
3 2776 2548 2549
3 2777 2774 2548
3 2778 2776 2549
3 2778 2549 2551
3 2552 2550 2779
3 2779 2550 2775
3 2780 2778 2551
3 2780 2551 2555
3 2553 2552 2781
3 2552 2779 2781
3 2553 2781 2554
3 2782 2557 2554
3 2782 2554 2781
3 2783 2780 2555
3 2783 2555 2556
3 2784 2783 2556
3 2784 2556 2561
3 2557 2782 2785
3 2557 2785 2558
3 2786 2559 2558
3 2786 2558 2785
3 2786 2560 2559
3 2787 2568 2560
3 2786 2787 2560
3 2788 2784 2561
3 2788 2561 2563
3 2789 2570 2567
3 2790 2789 2567
3 2790 2567 2566
3 2791 2790 2566
3 2791 2566 2568
3 2787 2791 2568
3 2571 2771 2569
3 2789 2792 2570
3 2792 2793 2570
3 2571 2570 2793
3 2794 2571 2793
3 2571 2794 2771
3 2573 2795 2796
3 2573 2796 2574
3 2795 2573 2575
3 2797 2577 2574
3 2797 2574 2796
3 2795 2575 2798
3 2576 2798 2575
3 2576 2688 2799
3 2576 2799 2800
3 2576 2800 2798
3 2577 2797 2801
3 2577 2801 2578
3 2579 2744 2745
3 2579 2745 2580
3 2802 2582 2581
3 2802 2581 2580
3 2746 2802 2580
3 2746 2580 2745
3 2582 2802 2803
3 2582 2803 2594
3 2804 2586 2583
3 2587 2804 2583
3 2584 2586 2805
3 2806 2584 2805
3 2584 2806 2585
3 2807 2805 2586
3 2804 2807 2586
3 2374 2808 2652
3 2808 2374 2585
3 2587 2588 2809
3 2804 2587 2809
3 2810 2809 2588
3 2811 2810 2588
3 2811 2588 2589
3 2589 2812 2811
3 2812 2589 2592
3 2591 2590 2813
3 2591 2813 2814
3 2815 2813 2590
3 2815 2590 2593
3 2814 2592 2591
3 2812 2592 2816
3 2814 2816 2592
3 2817 2815 2593
3 2817 2593 2594
3 2818 2817 2594
3 2818 2594 2803
3 2596 2819 2595
3 2597 2595 2819
3 2596 2820 2819
3 2820 2596 2651
3 2597 2821 2600
3 2597 2600 2598
3 2821 2597 2819
3 2599 2600 2607
3 2821 2607 2600
3 2822 2602 2601
3 2822 2601 2604
3 2602 2822 2823
3 2602 2823 2608
3 2603 2824 2825
3 2603 2825 2604
3 2826 2822 2604
3 2826 2604 2825
3 2603 2827 2828
3 2603 2828 2824
3 2603 2605 2827
3 2829 2827 2605
3 2829 2605 2606
3 2829 2606 2830
3 2831 2830 2606
3 2831 2606 2607
3 2821 2831 2607
3 2832 2614 2608
3 2832 2608 2823
3 2647 2611 2609
3 2647 2609 2833
3 2610 2833 2609
3 2610 2834 2833
3 2834 2610 2612
3 2613 2835 2612
3 2834 2612 2835
3 2615 2617 2836
3 2615 2836 2654
3 2837 2836 2617
3 2837 2617 2838
3 2616 2839 2617
3 2838 2617 2839
3 2616 2639 2839
3 2618 2619 2840
3 2841 2618 2840
3 2618 2841 2621
3 2840 2619 2842
3 2842 2619 2620
3 2625 2843 2620
3 2842 2620 2843
3 2844 2622 2621
3 2844 2621 2845
3 2841 2845 2621
3 2622 2844 2846
3 2622 2846 2623
3 2847 2624 2623
3 2847 2623 2846
3 2624 2847 2848
3 2624 2848 2627
3 2625 2626 2843
3 2626 2629 2849
3 2626 2849 2843
3 2850 2631 2627
3 2850 2627 2848
3 2851 2849 2629
3 2851 2629 2628
3 2852 2851 2628
3 2852 2628 2630
3 2852 2630 2643
3 2631 2850 2853
3 2631 2853 2633
3 2637 2640 2854
3 2637 2854 2855
3 2638 2637 2855
3 2638 2855 2856
3 2639 2638 2856
3 2639 2856 2857
3 2639 2857 2858
3 2639 2858 2839
3 2640 2641 2859
3 2640 2859 2854
3 2641 2642 2860
3 2641 2860 2859
3 2646 2861 2643
3 2852 2643 2861
3 2644 2862 2863
3 2644 2863 2645
3 2862 2644 2648
3 2864 2646 2645
3 2864 2645 2863
3 2646 2864 2861
3 2649 2647 2833
3 2862 2648 2865
3 2866 2865 2648
3 2649 2866 2648
3 2649 2833 2867
3 2866 2649 2867
3 2650 2868 2651
3 2868 2650 2652
3 2868 2652 2869
3 2808 2869 2652
3 2654 2836 2870
3 2654 2870 2653
3 2653 2870 2871
3 2653 2871 2655
3 2656 2655 2871
3 2656 2871 2872
3 2657 2656 2872
3 2657 2872 2873
3 2657 2873 2874
3 2657 2874 2658
3 2660 2658 2875
3 2876 2875 2658
3 2876 2658 2874
3 2664 2659 2660
3 2664 2660 2877
3 2875 2877 2660
3 2661 2665 2662
3 2665 2878 2662
3 2663 2662 2879
3 2878 2879 2662
3 2880 2881 2663
3 2880 2663 2879
3 2666 2663 2881
3 2882 2665 2664
3 2882 2664 2877
3 2665 2882 2878
3 2883 2666 2881
3 2666 2883 2884
3 2666 2884 2667
3 2885 2668 2667
3 2885 2667 2884
3 2668 2885 2886
3 2668 2886 2669
3 2887 2670 2669
3 2887 2669 2886
3 2887 2888 2670
3 2670 2888 2671
3 2673 2671 2889
3 2888 2889 2671
3 2890 2672 2673
3 2672 2890 2891
3 2672 2891 2674
3 2890 2673 2892
3 2892 2673 2889
3 2893 2675 2674
3 2893 2674 2891
3 2675 2893 2894
3 2675 2894 2681
3 2895 2683 2676
3 2896 2895 2676
3 2896 2676 2677
3 2897 2896 2677
3 2897 2677 2678
3 2898 2897 2678
3 2898 2678 2679
3 2679 2680 2899
3 2679 2899 2898
3 2900 2899 2680
3 2900 2680 2681
3 2901 2900 2681
3 2901 2681 2894
3 2684 2682 2902
3 2682 2683 2902
3 2903 2902 2683
3 2895 2903 2683
3 2684 2902 2904
3 2729 2684 2904
3 2685 2686 2905
3 2685 2905 2906
3 2687 2685 2906
3 2686 2689 2907
3 2686 2907 2905
3 2687 2906 2908
3 2687 2909 2688
3 2909 2687 2908
3 2910 2799 2688
3 2910 2688 2909
3 2689 2690 2911
3 2689 2911 2907
3 2690 2691 2912
3 2690 2912 2911
3 2691 2693 2913
3 2691 2913 2912
3 2692 2696 2914
3 2692 2914 2915
3 2693 2692 2915
3 2693 2915 2913
3 2697 2695 2694
3 2916 2696 2695
3 2697 2916 2695
3 2917 2914 2696
3 2916 2917 2696
3 2916 2697 2698
3 2916 2698 2918
3 2699 2918 2698
3 2699 2919 2918
3 2919 2699 2701
3 2920 2701 2700
3 2920 2700 2921
3 2702 2921 2700
3 2919 2701 2922
3 2920 2922 2701
3 2702 2703 2921
3 2703 2923 2924
3 2703 2924 2921
3 2923 2703 2704
3 2923 2704 2925
3 2704 2705 2925
3 2926 2925 2705
3 2705 2716 2926
3 2706 2732 2927
3 2707 2706 2927
3 2707 2927 2928
3 2707 2929 2708
3 2929 2707 2928
3 2929 2930 2708
3 2931 2708 2930
3 2708 2931 2932
3 2708 2932 2710
3 2714 2709 2933
3 2934 2933 2709
3 2934 2709 2710
3 2935 2934 2710
3 2935 2710 2932
3 2936 2715 2711
3 2936 2711 2937
3 2938 2937 2711
3 2938 2711 2712
3 2712 2713 2939
3 2938 2712 2939
3 2714 2940 2713
3 2940 2939 2713
3 2940 2714 2933
3 2936 2716 2715
3 2941 2926 2716
3 2941 2716 2942
3 2936 2942 2716
3 2943 2944 2718
3 2943 2718 2717
3 2944 2719 2718
3 2945 2943 2717
3 2945 2717 2723
3 2946 2720 2719
3 2944 2946 2719
3 2947 2721 2720
3 2946 2947 2720
3 2948 2488 2721
3 2947 2948 2721
3 2948 2949 2488
3 2949 2489 2488
3 2950 2490 2489
3 2950 2489 2951
3 2949 2951 2489
3 2952 2722 2490
3 2952 2490 2950
3 2722 2952 2953
3 2722 2953 2730
3 2954 2945 2723
3 2954 2723 2728
3 2955 2724 2725
3 2724 2955 2727
3 2955 2725 2956
3 2725 2726 2957
3 2725 2957 2956
3 2726 2729 2958
3 2726 2958 2957
3 2728 2727 2959
3 2959 2727 2955
3 2729 2904 2958
3 12304 12306 12305
3 12306 2731 12305
3 12305 12307 12304
3 12307 12303 12304
3 2960 2730 2953
3 2961 2732 2731
3 2731 12306 2961
3 12306 12304 2961
3 12304 12303 2961
3 12303 12302 2961
3 12302 12301 2961
3 12301 12300 2961
3 12300 2730 2961
3 2962 2927 2732
3 2961 2962 2732
3 2963 2736 2733
3 2963 2733 2964
3 2734 2964 2733
3 2965 2734 2504
3 2504 2735 2965
3 2735 2758 2966
3 2965 2735 2966
3 2967 2743 2736
3 2967 2736 2963
3 2737 2968 2969
3 2737 2969 2738
3 2968 2737 2742
3 2738 2969 2970
3 2738 2970 2739
3 2739 2970 2971
3 2739 2971 2740
3 2972 2750 2740
3 2972 2740 2971
3 2741 2743 2973
3 2741 2973 2974
3 2742 2741 2974
3 2742 2974 2975
3 2968 2742 2975
3 2743 2967 2976
3 2743 2976 2973
3 2802 2746 2753
3 2749 2977 2747
3 2978 2748 2747
3 2978 2747 2977
3 2978 2751 2748
3 2749 2979 2977
3 2750 2979 2749
3 2750 2972 2979
3 2980 2752 2751
3 2980 2751 2981
3 2978 2981 2751
3 2980 2982 2752
3 2752 2982 2753
3 2818 2803 2753
3 2818 2753 2982
3 2802 2753 2803
3 2755 2754 2983
3 2754 2759 2983
3 2755 2983 2984
3 2526 2755 2984
3 2526 2984 2985
3 2756 2526 2985
3 2769 2983 2759
3 2760 2761 2986
3 2760 2986 2767
3 2987 2986 2761
3 2987 2761 2770
3 2988 2989 2762
3 2988 2762 2767
3 2989 2763 2762
3 2989 2990 2763
3 2991 2765 2763
3 2991 2763 2992
3 2990 2992 2763
3 2764 2765 2993
3 2764 2993 2766
3 2994 2993 2765
3 2994 2765 2991
3 2768 2766 2995
3 2996 2995 2766
3 2996 2766 2993
3 2997 2988 2767
3 2997 2767 2986
3 2770 2998 2987
3 2794 2772 2771
3 2999 2773 2772
3 2794 2999 2772
3 2775 2774 3000
3 3001 3000 2774
3 2777 3001 2774
3 3000 3002 2775
3 2779 2775 3002
3 2776 2778 3003
3 2776 3003 3004
3 2777 2776 3004
3 2777 3004 3005
3 3001 2777 3005
3 2778 2780 3006
3 2778 3006 3003
3 3007 2779 3002
3 3007 2781 2779
3 2780 2783 3008
3 2780 3008 3006
3 3007 2782 2781
3 3007 2785 2782
3 2783 2784 3009
3 2783 3009 3008
3 2784 2788 3010
3 2784 3010 3009
3 3007 3011 2785
3 2786 2785 3011
3 2786 3011 3012
3 2787 2786 3012
3 2791 2787 3013
3 2787 3012 3013
3 2354 3014 3015
3 2354 3015 2349
3 3014 2354 2564
3 3014 2564 3016
3 2565 3016 2564
3 3017 2348 2349
3 3017 2349 3015
3 2348 3017 3018
3 2348 3018 2350
3 3019 2351 2350
3 3019 2350 3018
3 3019 2352 2351
3 3019 3020 2352
3 2352 3020 3021
3 2352 3021 2562
3 2563 2562 3021
3 2563 3021 3022
3 2788 2563 3022
3 2565 3023 3016
3 3023 2565 2572
3 3023 2572 3024
3 2578 3024 2572
3 2789 2790 3013
3 2789 3013 3025
3 2792 2789 3025
3 2790 2791 3013
3 2792 3025 3026
3 3027 2792 3026
3 2792 3027 2793
3 3027 3028 2793
3 2794 2793 3028
3 2999 2794 3028
3 2578 3029 3024
3 3029 2578 2801
3 3030 2795 2798
3 2795 3030 3031
3 2795 3031 2796
3 3032 2797 2796
3 3032 2796 3031
3 2797 3032 3033
3 2797 3033 2801
3 3030 2798 3034
3 2800 3034 2798
3 3035 3036 2799
3 3035 2799 2910
3 3037 2800 2799
3 3037 2799 3038
3 3038 2799 3036
3 2800 3037 3034
3 3029 2801 3039
3 3033 3039 2801
3 2804 3040 3041
3 2804 3041 2807
3 2804 2809 3040
3 2807 3042 2805
3 2806 2805 3043
3 3042 3043 2805
3 2808 2585 3044
3 3044 2585 2806
3 2807 3041 3045
3 2807 3045 3042
3 2808 3046 2869
3 3046 2808 3044
3 3047 3040 2809
3 2810 3047 2809
3 3047 2810 3048
3 3049 3048 2810
3 3049 2810 2811
3 2811 2812 3050
3 2811 3050 3049
3 2812 2816 3051
3 2812 3051 3050
3 2814 2813 3052
3 2813 2815 3053
3 2813 3053 3052
3 2814 3052 3054
3 2817 3053 2815
3 2816 2814 3054
3 2816 3054 3051
3 2817 2818 3055
3 2817 3055 3056
3 2817 3056 3053
3 2982 3055 2818
3 2820 3057 2819
3 2821 2819 3057
3 2820 3058 3057
3 3058 2820 2651
3 2831 2821 3057
3 2822 2826 3059
3 2822 3059 2823
3 2823 3059 3060
3 2823 3060 2832
3 3061 2826 2825
3 3061 2825 3062
3 2824 3062 2825
3 2824 3063 3062
3 2826 3061 3064
3 2826 3064 3059
3 3065 3066 2824
3 3065 2824 2828
3 3063 2824 3066
3 2827 2829 3067
3 2827 3067 2828
3 2828 3067 3068
3 2828 3068 3065
3 2829 2830 3069
3 2829 3069 3070
3 2829 3070 3067
3 2832 3060 3071
3 2834 2867 2833
3 2834 3072 2867
3 3072 2834 2835
3 2836 2837 3073
3 2836 3073 2870
3 2837 3074 3075
3 2837 3075 3073
3 3074 2837 2838
3 3074 2838 3076
3 3077 3076 2838
3 2838 2839 3077
3 2839 2858 3078
3 2839 3078 3077
3 2841 2840 3079
3 3079 2840 3080
3 2840 2842 3080
3 2841 3081 2845
3 3081 2841 3079
3 2842 2843 2849
3 2842 2849 3082
3 3082 3080 2842
3 2844 3083 3084
3 2844 3084 2846
3 3083 2844 2845
3 3083 2845 3085
3 3081 3085 2845
3 3086 2847 2846
3 3086 2846 3084
3 2847 3086 3087
3 2847 3087 2848
3 3088 2850 2848
3 3088 2848 3087
3 2851 3082 2849
3 2850 3088 3089
3 2850 3089 2853
3 2851 3090 3082
3 2852 3090 2851
3 2852 3091 3090
3 3091 2852 2861
3 2634 2420 3092
3 2634 3092 3093
3 2635 2634 3093
3 2420 2415 3094
3 2420 3094 3092
3 2415 2414 3095
3 2415 3095 3094
3 2414 2416 3096
3 2414 3096 3095
3 2416 2417 3097
3 2416 3097 3096
3 2418 3097 2417
3 2418 3098 3097
3 3099 3098 2418
3 3099 2418 2632
3 3099 2632 2633
3 3099 2633 3100
3 2853 3100 2633
3 2635 3093 3101
3 2636 2635 3101
3 2636 3101 3102
3 2642 2636 3102
3 2642 3102 3103
3 2860 2642 3103
3 3104 3105 2854
3 3104 2854 2859
3 3105 2855 2854
3 3106 2856 2855
3 3105 3106 2855
3 3106 3107 2856
3 3107 2857 2856
3 3108 2858 2857
3 3107 3108 2857
3 3109 3078 2858
3 3109 2858 3110
3 3108 3111 2858
3 3110 2858 3111
3 3112 3104 2859
3 3112 2859 2860
3 2860 3103 3113
3 3112 2860 3113
3 2864 3114 2861
3 3091 2861 3114
3 2862 3115 3114
3 2862 3114 2863
3 3115 2862 2865
3 3114 2864 2863
3 3115 2865 3116
3 3117 3116 2865
3 2866 3117 2865
3 3117 2866 3118
3 2866 2867 3118
3 3072 3118 2867
3 3058 2651 3119
3 2868 3119 2651
3 3120 2871 2870
3 3120 2870 3073
3 2871 3120 3121
3 2871 3121 2872
3 3122 2873 2872
3 3122 2872 3121
3 3123 2876 2874
3 3123 2874 3124
3 2873 3124 2874
3 2873 3122 3124
3 2875 2876 3125
3 2875 3125 3126
3 2875 3126 2877
3 2876 3123 3127
3 2876 3127 3125
3 3128 2882 2877
3 3128 2877 3126
3 3129 2878 2882
3 3130 2878 3129
3 3131 3132 2878
3 3131 2878 3130
3 3132 2879 2878
3 3133 2880 2879
3 3133 2879 3132
3 2880 3133 3134
3 2880 3134 3135
3 2881 2880 3135
3 2881 3135 3136
3 2883 2881 3136
3 3129 2882 3128
3 3137 2884 2883
3 3137 2883 3138
3 3138 2883 3136
3 3139 2885 2884
3 3139 2884 3137
3 3140 2886 2885
3 3140 2885 3139
3 3141 2887 2886
3 3141 2886 3140
3 2887 3142 2888
3 3141 3142 2887
3 3143 2888 3142
3 2888 3143 2889
3 2892 2889 3144
3 3143 3144 2889
3 3145 2893 2891
3 3145 2891 3146
3 2890 3146 2891
3 3147 2890 2892
3 2890 3147 3146
3 3147 2892 3148
3 3149 3148 2892
3 3150 3149 2892
3 3150 2892 3144
3 2893 3145 3151
3 2893 3151 2894
3 3152 2901 2894
3 3152 2894 3151
3 2895 3153 3154
3 2895 3154 2903
3 2896 3153 2895
3 2897 3155 2896
3 2896 3155 3153
3 2898 3156 2897
3 2897 3156 3155
3 3157 2898 2899
3 2898 3157 3156
3 2901 3152 3158
3 2903 3159 2902
3 3159 2904 2902
3 2903 3154 3159
3 3160 2958 2904
3 3159 3160 2904
3 3161 2906 2905
3 3162 3161 2905
3 3162 2905 2907
3 3163 2908 2906
3 3161 3163 2906
3 3164 3162 2907
3 3164 2907 2911
3 3163 3165 2908
3 2909 2908 2910
3 3166 2910 2908
3 3165 3166 2908
3 3166 3035 2910
3 3167 3164 2911
3 3167 2911 2912
3 3167 2912 2913
3 3168 3169 2913
3 3170 3168 2913
3 3170 2913 2915
3 3167 2913 3169
3 3171 2915 2914
3 3172 3171 2914
3 2917 3172 2914
3 3171 3170 2915
3 2917 2916 2918
3 2917 2918 3173
3 3172 2917 3173
3 2919 3173 2918
3 3174 2919 2922
3 2919 3174 3173
3 3175 3176 2920
3 2920 3176 2922
3 3175 2920 2921
3 3175 2921 2924
3 3174 2922 3177
3 3176 3177 2922
3 3178 3175 2924
3 3178 2924 3179
3 2923 3179 2924
3 2923 3180 3179
3 3180 2923 2925
3 3180 2925 3181
3 2926 3181 2925
3 2941 3181 2926
3 3182 2928 2927
3 2962 3182 2927
3 3182 3183 2928
3 2929 2928 3183
3 2929 3184 2930
3 3184 2929 3183
3 3184 3185 2930
3 3186 2931 2930
3 3186 2930 3185
3 2931 3186 3187
3 2931 3187 2932
3 3188 2935 2932
3 3188 2932 3187
3 2940 2933 3189
3 2933 2934 3190
3 2933 3190 3189
3 2934 2935 3191
3 2934 3191 3190
3 2935 3188 3192
3 2935 3192 3191
3 3193 2942 2936
3 3193 2936 2937
3 3193 2937 3194
3 3195 3194 2937
3 3195 2937 2938
3 2938 2939 3196
3 3195 2938 3196
3 3197 3196 2939
3 3197 2939 3198
3 2940 3198 2939
3 2940 3189 3199
3 2940 3199 3198
3 2941 3200 3181
3 3201 3200 2941
3 3201 2941 2942
3 3201 2942 3202
3 3193 3202 2942
3 2943 2945 3203
3 2943 3203 3204
3 2944 2943 3204
3 2944 3204 3205
3 2946 2944 3205
3 2945 2954 3206
3 2945 3206 3203
3 2946 3205 3207
3 2947 2946 3207
3 2948 2947 3208
3 2947 3207 3208
3 2948 3208 3209
3 2949 2948 3209
3 2949 3209 3210
3 2951 2949 3210
3 2951 3211 2950
3 3212 2952 2950
3 3212 2950 3211
3 2951 3210 3213
3 2951 3213 3211
3 2952 3212 3214
3 2952 3214 2953
3 2960 2953 3214
3 3215 2954 2728
3 3215 2728 2959
3 2954 3215 3216
3 2954 3216 3206
3 2959 2955 3217
3 3217 2955 2956
3 3217 2956 3218
3 3219 3218 2956
3 3219 2956 2957
3 2957 2958 3220
3 2957 3220 3219
3 3160 3220 2958
3 3221 3215 2959
3 3221 2959 3217
3 2730 3222 2961
3 2960 3214 3223
3 3224 2960 3223
3 2730 2960 3224
3 2962 2961 3222
3 3182 2962 3225
3 2962 3222 3225
3 2965 3226 2734
3 2964 2734 3226
3 3227 3226 2965
3 2965 2966 3227
3 2967 3228 2976
3 3229 2969 2968
3 3229 2970 2969
3 3229 2968 3230
3 3231 3230 2968
3 3231 2968 2975
3 3232 2971 2970
3 3229 3232 2970
3 3232 3233 2971
3 3234 2972 2971
3 3234 2971 3233
3 2972 3234 3235
3 2972 3235 2979
3 3236 2975 2974
3 3237 3236 2974
3 3237 2974 2973
3 3238 3237 2973
3 3239 3238 2973
3 3239 2973 2976
3 3236 3231 2975
3 2976 3228 3240
3 2976 3240 3239
3 3241 2977 2979
3 3241 3242 2977
3 3242 2978 2977
3 3243 2981 2978
3 3242 3243 2978
3 3241 2979 3235
3 2980 3244 2982
3 3245 3244 2980
3 2980 2981 3246
3 2980 3246 3245
3 3243 3246 2981
3 2982 3244 3055
3 2769 2984 2983
3 3247 2985 2984
3 2769 3247 2984
3 2756 2985 3248
3 2756 3248 3249
3 2756 3249 2757
3 3248 2985 3250
3 3247 3250 2985
3 3251 2758 2757
3 2758 3251 3252
3 2758 3252 2966
3 3251 2757 3249
3 3253 3227 2966
3 3253 2966 3252
3 3254 2997 2986
3 3254 2986 2987
3 3255 3254 2987
3 3255 2987 2998
3 2997 3256 2988
3 2989 2988 3256
3 2989 3256 3257
3 2989 3257 3258
3 2989 3258 2990
3 2992 2990 3258
3 2991 2992 3259
3 2991 3259 3260
3 2991 3260 3261
3 2991 3261 2994
3 2992 3258 3259
3 3262 2996 2993
3 3262 2993 2994
3 3263 3262 2994
3 3263 2994 3261
3 2996 3262 3264
3 2997 3265 3256
3 2997 3254 3266
3 2997 3266 3265
3 3267 2768 2995
3 3268 3267 2995
3 3268 2995 2996
3 3247 2769 2768
3 3247 2768 3269
3 3267 3269 2768
3 2999 3028 3270
3 2773 2999 3270
3 2773 3271 2545
3 2545 3271 3272
3 2545 3272 2546
3 2773 3273 3271
3 2773 3270 3273
3 3274 2770 2546
3 3274 2546 3272
3 2770 3274 3275
3 2770 3275 2998
3 3276 3255 2998
3 3276 2998 3275
3 3001 3277 3000
3 3000 3278 3002
3 3278 3000 3277
3 3001 3005 3279
3 3277 3001 3279
3 3007 3002 3280
3 3278 3280 3002
3 3281 3282 3003
3 3281 3003 3006
3 3282 3004 3003
3 3283 3005 3004
3 3282 3283 3004
3 3284 3279 3005
3 3285 3284 3005
3 3283 3285 3005
3 3286 3281 3006
3 3286 3006 3008
3 3280 3011 3007
3 3287 3286 3008
3 3287 3008 3009
3 3288 3287 3009
3 3288 3009 3010
3 3280 3012 3011
3 3289 3013 3012
3 3280 3289 3012
3 3289 3290 3013
3 2788 3022 3291
3 3010 2788 3291
3 3010 3291 3292
3 3288 3010 3292
3 3293 3017 3015
3 3293 3015 3294
3 3014 3294 3015
3 3014 3295 3294
3 3295 3014 3016
3 3295 3016 3296
3 3023 3296 3016
3 3017 3293 3297
3 3017 3297 3018
3 3298 3019 3018
3 3298 3018 3297
3 3299 3020 3019
3 3299 3019 3298
3 3299 3021 3020
3 3300 3022 3021
3 3299 3300 3021
3 3300 3301 3022
3 3301 3291 3022
3 3023 3302 3296
3 3302 3023 3024
3 3302 3024 3303
3 3029 3303 3024
3 3290 3025 3013
3 3304 3026 3025
3 3290 3304 3025
3 3304 3305 3026
3 3306 3027 3026
3 3027 3306 3028
3 3306 3270 3028
3 3029 3307 3303
3 3307 3029 3039
3 3308 3032 3031
3 3308 3031 3309
3 3030 3309 3031
3 3310 3030 3034
3 3030 3310 3309
3 3032 3308 3311
3 3032 3311 3033
3 3312 3033 3311
3 3310 3034 3313
3 3037 3313 3034
3 3035 3166 3314
3 3035 3314 3315
3 3036 3035 3315
3 3036 3315 3316
3 3038 3036 3317
3 3317 3036 3316
3 3318 3037 3038
3 3037 3318 3313
3 3318 3038 3319
3 3038 3317 3320
3 3038 3320 3319
3 3033 3312 3321
3 3033 3321 3322
3 3033 3322 3039
3 3323 3324 3039
3 3323 3039 3322
3 3307 3039 3324
3 3325 3041 3040
3 3041 3325 3326
3 3041 3326 3045
3 3325 3040 3327
3 3047 3327 3040
3 3042 3045 3328
3 3042 3328 3329
3 3042 3329 3043
3 3044 2806 3330
3 3330 2806 3043
3 3046 3044 3331
3 3330 3331 3044
3 3332 3328 3045
3 3332 3045 3326
3 3047 3048 3333
3 3327 3047 3333
3 3333 3048 3334
3 3049 3334 3048
3 3049 3335 3334
3 3335 3049 3050
3 3335 3050 3336
3 3337 3336 3050
3 3337 3050 3051
3 3338 3337 3051
3 3338 3051 3054
3 3054 3052 3339
3 3340 3339 3052
3 3053 3340 3052
3 3053 3341 3340
3 3341 3053 3056
3 3054 3339 3338
3 3342 3056 3055
3 3342 3055 3343
3 3343 3055 3244
3 3341 3056 3342
3 3058 2831 3057
3 3058 3344 2831
3 3344 3058 3119
3 3345 3060 3059
3 3345 3059 3064
3 3060 3345 3346
3 3060 3346 3071
3 3347 3064 3061
3 3347 3061 3062
3 3347 3062 3348
3 3349 3348 3062
3 3349 3062 3063
3 3349 3063 3066
3 3347 3350 3064
3 3351 3345 3064
3 3351 3064 3350
3 3065 3068 3352
3 3065 3352 3353
3 3065 3353 3354
3 3065 3354 3066
3 3349 3066 3354
3 3355 3068 3067
3 3355 3067 3070
3 3068 3355 3356
3 3068 3356 3352
3 3357 3355 3070
3 3069 3358 3359
3 3069 3359 3070
3 3358 3069 2830
3 3344 3360 2830
3 3344 2830 2831
3 3358 2830 3360
3 3072 3361 3118
3 3361 3072 2835
3 2614 2832 3362
3 2614 3362 3363
3 2613 2614 3363
3 3364 2835 2613
3 2613 3363 3364
3 3364 3365 2835
3 3361 2835 3365
3 2832 3071 3366
3 2832 3366 3362
3 3071 3346 3367
3 3071 3367 3366
3 3368 3120 3073
3 3368 3073 3075
3 3074 3369 3370
3 3074 3370 3075
3 3369 3074 3076
3 3371 3368 3075
3 3371 3075 3370
3 3369 3076 3372
3 3077 3078 3076
3 3078 3373 3076
3 3373 3372 3076
3 3078 3109 3373
3 3081 3079 3374
3 3374 3079 3375
3 3079 3080 3375
3 3376 3375 3080
3 3082 3376 3080
3 3081 3377 3085
3 3377 3081 3374
3 3376 3082 3090
3 3378 3086 3084
3 3378 3084 3379
3 3083 3379 3084
3 3083 3380 3379
3 3380 3083 3085
3 3377 3381 3085
3 3381 3382 3085
3 3380 3085 3382
3 3086 3378 3383
3 3086 3383 3087
3 3384 3088 3087
3 3384 3087 3383
3 3088 3384 3385
3 3088 3385 3089
3 3091 3376 3090
3 3386 3091 3114
3 3091 3386 3376
3 2853 3387 3100
3 3387 2853 3089
3 3387 3089 3388
3 3385 3388 3089
3 3389 3093 3092
3 3092 3094 3390
3 3092 3390 3389
3 3389 3391 3093
3 3101 3093 3391
3 3392 3390 3094
3 3392 3094 3095
3 3095 3096 3393
3 3095 3393 3392
3 3394 3393 3096
3 3394 3096 3097
3 3097 3098 3395
3 3097 3395 3394
3 3099 3395 3098
3 3396 3099 3100
3 3099 3396 3395
3 3396 3100 3397
3 3387 3397 3100
3 3398 3102 3101
3 3101 3391 3398
3 3398 3399 3102
3 3103 3102 3399
3 3400 3113 3103
3 3103 3399 3400
3 3104 3112 3401
3 3104 3401 3402
3 3105 3104 3402
3 3105 3402 3403
3 3106 3105 3403
3 3106 3403 3404
3 3107 3106 3404
3 3107 3404 3405
3 3108 3107 3405
3 3108 3405 3406
3 3111 3108 3406
3 3109 3407 3408
3 3109 3408 3373
3 3407 3109 3110
3 3407 3110 3409
3 3410 3409 3110
3 3110 3111 3410
3 3111 3406 3411
3 3412 3410 3111
3 3412 3111 3411
3 3112 3413 3401
3 3112 3113 3414
3 3112 3414 3415
3 3112 3415 3413
3 3416 3414 3113
3 3416 3113 3417
3 3400 3417 3113
3 3386 3114 3418
3 3419 3115 3116
3 3115 3419 3418
3 3115 3418 3114
3 3419 3116 3420
3 3117 3118 3421
3 3116 3117 3421
3 3361 3421 3118
3 2868 2869 3422
3 2868 3422 3423
3 2868 3423 3119
3 3423 3424 3119
3 3344 3119 3424
3 3046 3331 3425
3 3046 3425 3426
3 2869 3046 3426
3 2869 3426 3422
3 3120 3368 3427
3 3120 3427 3121
3 3428 3122 3121
3 3428 3121 3427
3 3122 3428 3429
3 3122 3429 3124
3 3430 3123 3124
3 3123 3430 3431
3 3123 3431 3127
3 3430 3124 3429
3 3127 3432 3125
3 3128 3126 3125
3 3128 3125 3432
3 3433 3127 3431
3 3127 3433 3432
3 3129 3128 3432
3 3129 3432 3434
3 3130 3129 3434
3 3130 3434 3435
3 3131 3130 3435
3 3131 3435 3436
3 3437 3132 3131
3 3437 3131 3436
3 3437 3133 3132
3 3133 3437 3438
3 3133 3438 3134
3 3439 3440 3134
3 3439 3134 3438
3 3440 3135 3134
3 3441 3136 3135
3 3440 3441 3135
3 3441 3442 3136
3 3138 3136 3442
3 3137 3138 3443
3 3137 3443 3444
3 3137 3444 3445
3 3137 3445 3139
3 3442 3443 3138
3 3140 3139 3445
3 3140 3445 3446
3 3140 3446 3447
3 3140 3447 3141
3 3141 3448 3142
3 3448 3141 3447
3 3143 3142 3449
3 3448 3449 3142
3 3450 3143 3449
3 3143 3450 3144
3 3451 3150 3144
3 3451 3144 3450
3 3452 3145 3146
3 3145 3452 3453
3 3145 3453 3151
3 3452 3146 3454
3 3147 3454 3146
3 3455 3147 3148
3 3147 3455 3454
3 3455 3148 3456
3 3457 3456 3148
3 3149 3457 3148
3 3457 3149 3458
3 3149 3459 3458
3 3149 3150 3460
3 3149 3460 3459
3 3150 3451 3461
3 3150 3461 3460
3 3462 3152 3151
3 3462 3151 3453
3 3152 3462 3463
3 3152 3463 3158
3 3154 3464 3465
3 3154 3465 3159
3 3464 3154 3153
3 3464 3153 3466
3 3155 3466 3153
3 3155 3467 3466
3 3467 3155 3156
3 3157 3468 3156
3 3467 3156 3468
3 3157 3469 3468
3 3469 3157 2899
3 3469 2899 3470
3 2900 3470 2899
3 2900 2901 3471
3 3472 3471 2901
3 3472 2901 3158
3 2900 3473 3470
3 2900 3471 3473
3 3474 3472 3158
3 3474 3158 3463
3 3475 3160 3159
3 3475 3159 3465
3 3161 3476 3477
3 3161 3477 3163
3 3162 3476 3161
3 3164 3478 3162
3 3162 3478 3476
3 3165 3163 3477
3 3164 3479 3478
3 3167 3479 3164
3 3165 3477 3480
3 3165 3481 3166
3 3481 3165 3480
3 3481 3314 3166
3 3169 3482 3167
3 3167 3482 3479
3 3483 3168 3225
3 3168 3483 3169
3 3168 3170 3484
3 3168 3484 3225
3 3483 3485 3169
3 3169 3485 3482
3 3170 3171 3486
3 3170 3486 3484
3 3487 3486 3171
3 3172 3487 3171
3 3487 3172 3488
3 3172 3173 3488
3 3174 3488 3173
3 3489 3174 3177
3 3174 3489 3488
3 3176 3490 3177
3 3490 3176 3491
3 3175 3491 3176
3 3175 3178 3492
3 3175 3492 3491
3 3489 3177 3493
3 3490 3493 3177
3 3494 3492 3178
3 3494 3178 3179
3 3494 3179 3495
3 3496 3495 3179
3 3496 3179 3180
3 3496 3180 3181
3 3496 3181 3200
3 3182 3225 3484
3 3183 3182 3484
3 3183 3484 3486
3 3184 3183 3486
3 3184 3487 3185
3 3487 3184 3486
3 3487 3488 3185
3 3489 3186 3185
3 3489 3185 3488
3 3186 3489 3493
3 3186 3493 3187
3 3497 3188 3187
3 3497 3187 3493
3 3188 3497 3498
3 3188 3498 3192
3 3499 3199 3189
3 3499 3189 3190
3 3190 3191 3500
3 3190 3500 3499
3 3501 3500 3191
3 3501 3191 3192
3 3192 3498 3502
3 3192 3502 3501
3 3194 3202 3193
3 3194 3503 3202
3 3504 3503 3194
3 3504 3194 3195
3 3195 3196 3504
3 3505 3504 3196
3 3505 3196 3197
3 3197 3198 3199
3 3197 3199 3506
3 3505 3197 3506
3 3507 3506 3199
3 3507 3199 3499
3 3508 3496 3200
3 3508 3200 3509
3 3201 3509 3200
3 3202 3509 3201
3 3202 3503 3509
3 3510 3205 3204
3 3203 3510 3204
3 3510 3511 3205
3 3511 3207 3205
3 3512 3208 3207
3 3511 3512 3207
3 3513 3209 3208
3 3512 3513 3208
3 3514 3210 3209
3 3513 3514 3209
3 3515 3212 3211
3 3515 3214 3212
3 3223 3214 3516
3 3515 3516 3214
3 3215 3221 3517
3 3215 3517 3216
3 3518 3221 3217
3 3518 3217 3218
3 3221 3518 3519
3 3221 3519 3517
3 3224 3520 2730
3 3520 3222 2730
3 3483 3225 3222
3 3520 3483 3222
3 3521 3224 3522
3 3224 3521 3520
3 3224 3223 3522
3 3523 3522 3223
3 3223 3516 3523
3 3524 3525 2963
3 3524 2963 2964
3 3526 2967 2963
3 3526 2963 3525
3 2967 3526 3527
3 2967 3527 3228
3 2964 3226 3524
3 3227 3528 3226
3 3529 3524 3226
3 3529 3226 3528
3 3227 3530 3528
3 3253 3530 3227
3 3531 3240 3228
3 3531 3228 3527
3 3229 3230 3532
3 3229 3532 3533
3 3232 3229 3533
3 3231 3236 3534
3 3231 3534 3535
3 3230 3231 3535
3 3230 3535 3532
3 3232 3533 3536
3 3233 3232 3536
3 3233 3536 3537
3 3538 3234 3233
3 3538 3233 3537
3 3234 3538 3539
3 3234 3539 3235
3 3237 3540 3534
3 3237 3534 3236
3 3541 3540 3237
3 3541 3237 3542
3 3238 3542 3237
3 3542 3238 3543
3 3239 3543 3238
3 3544 3239 3240
3 3239 3544 3543
3 3240 3531 3545
3 3240 3545 3544
3 3241 3235 3539
3 3241 3539 3546
3 3241 3547 3242
3 3547 3241 3546
3 3547 3548 3242
3 3243 3242 3548
3 3243 3548 3549
3 3246 3243 3549
3 3245 3550 3244
3 3343 3244 3550
3 3551 3550 3245
3 3245 3246 3552
3 3245 3552 3551
3 3246 3549 3552
3 3250 3247 3269
3 3553 3251 3249
3 3553 3249 3554
3 3555 3554 3249
3 3555 3249 3248
3 3248 3250 3555
3 3555 3250 3556
3 3250 3269 3556
3 3251 3553 3557
3 3251 3557 3252
3 3557 3253 3252
3 3253 3558 3530
3 3559 3558 3253
3 3557 3559 3253
3 3254 3255 3560
3 3254 3560 3266
3 3255 3561 3560
3 3562 3257 3256
3 3562 3256 3265
3 3563 3258 3257
3 3563 3257 3564
3 3565 3564 3257
3 3562 3565 3257
3 3563 3259 3258
3 3566 3260 3259
3 3563 3566 3259
3 3567 3261 3260
3 3566 3567 3260
3 3567 3568 3261
3 3263 3261 3568
3 3262 3263 3569
3 3262 3569 3264
3 3263 3570 3571
3 3263 3571 3569
3 3263 3568 3570
3 3572 3268 2996
3 3572 2996 3264
3 3573 3572 3264
3 3573 3264 3569
3 3574 3575 3265
3 3574 3265 3266
3 3562 3265 3576
3 3575 3576 3265
3 3577 3574 3266
3 3577 3266 3560
3 3267 3268 3578
3 3267 3578 3579
3 3269 3267 3579
3 3268 3572 3580
3 3268 3580 3578
3 3269 3579 3556
3 3255 3276 3581
3 3255 3581 3561
3 3582 3273 3270
3 3582 3270 3583
3 3306 3583 3270
3 3584 3274 3272
3 3584 3272 3585
3 3271 3585 3272
3 3271 3586 3585
3 3586 3271 3273
3 3586 3273 3582
3 3274 3584 3587
3 3274 3587 3275
3 3588 3276 3275
3 3588 3275 3587
3 3276 3588 3589
3 3276 3589 3581
3 3277 3279 3590
3 3590 3591 3277
3 3278 3277 3591
3 3592 3278 3591
3 3278 3592 3280
3 3593 3590 3279
3 3284 3593 3279
3 3281 3286 3594
3 3281 3594 3595
3 3282 3281 3595
3 3282 3595 3596
3 3283 3282 3596
3 3283 3596 3597
3 3285 3283 3597
3 3593 3284 3598
3 3599 3598 3284
3 3599 3284 3600
3 3285 3600 3284
3 3600 3285 3601
3 3285 3597 3601
3 3286 3287 3602
3 3286 3602 3594
3 3287 3288 3603
3 3287 3603 3602
3 3288 3604 3603
3 3288 3292 3605
3 3604 3288 3605
3 3289 3280 3592
3 3289 3592 3606
3 3290 3289 3606
3 3290 3606 3607
3 3608 3292 3291
3 3301 3608 3291
3 3608 3609 3292
3 3609 3605 3292
3 3293 3610 3611
3 3293 3611 3297
3 3610 3293 3294
3 3610 3294 3612
3 3295 3612 3294
3 3295 3613 3612
3 3613 3295 3296
3 3613 3296 3614
3 3302 3614 3296
3 3297 3611 3615
3 3297 3615 3298
3 3298 3615 3616
3 3298 3616 3299
3 3300 3299 3616
3 3300 3616 3617
3 3301 3300 3617
3 3301 3617 3618
3 3608 3301 3618
3 3302 3619 3614
3 3619 3302 3303
3 3619 3303 3620
3 3307 3620 3303
3 3304 3290 3607
3 3304 3607 3621
3 3305 3304 3621
3 3305 3622 3026
3 3306 3026 3622
3 3305 3621 3623
3 3583 3306 3622
3 3307 3624 3620
3 3624 3307 3324
3 3308 3625 3626
3 3308 3626 3311
3 3625 3308 3309
3 3625 3309 3627
3 3310 3627 3309
3 3310 3628 3627
3 3628 3310 3313
3 3629 3312 3311
3 3629 3311 3626
3 3312 3629 3630
3 3312 3630 3321
3 3318 3631 3313
3 3628 3313 3631
3 3481 3632 3314
3 3633 3315 3314
3 3632 3633 3314
3 3634 3316 3315
3 3633 3634 3315
3 3635 3316 3636
3 3634 3636 3316
3 3317 3316 3635
3 3317 3635 3637
3 3317 3637 3320
3 3318 3638 3631
3 3638 3318 3319
3 3638 3319 3639
3 3640 3639 3319
3 3320 3640 3319
3 3320 3641 3640
3 3320 3637 3642
3 3320 3642 3641
3 3643 3644 3321
3 3643 3321 3630
3 3322 3321 3644
3 3322 3644 3323
3 3323 3644 3645
3 3323 3645 3646
3 3646 3324 3323
3 3646 3647 3324
3 3624 3324 3647
3 3648 3325 3327
3 3325 3648 3649
3 3325 3649 3326
3 3650 3332 3326
3 3650 3326 3649
3 3648 3327 3651
3 3327 3333 3651
3 3330 3043 3652
3 3652 3043 3329
3 3652 3653 3330
3 3330 3653 3331
3 3332 3650 3654
3 3331 3653 3655
3 3331 3655 3425
3 3333 3656 3657
3 3333 3657 3651
3 3333 3334 3656
3 3658 3656 3334
3 3658 3334 3659
3 3335 3659 3334
3 3335 3660 3659
3 3660 3335 3336
3 3660 3336 3661
3 3336 3337 3662
3 3336 3662 3661
3 3337 3338 3663
3 3337 3663 3662
3 3663 3338 3339
3 3663 3339 3664
3 3665 3664 3339
3 3340 3665 3339
3 3665 3340 3666
3 3341 3666 3340
3 3341 3667 3666
3 3667 3341 3342
3 3343 3668 3342
3 3667 3342 3668
3 3550 3669 3343
3 3343 3669 3668
3 3360 3344 3424
3 3345 3351 3670
3 3345 3670 3346
3 3671 3346 3670
3 3672 3350 3347
3 3672 3347 3348
3 3673 3674 3348
3 3673 3348 3349
3 3674 3675 3348
3 3672 3348 3675
3 3673 3349 3354
3 3676 3351 3350
3 3676 3350 3677
3 3672 3678 3350
3 3678 3677 3350
3 3351 3676 3679
3 3351 3679 3670
3 3680 3353 3352
3 3680 3352 3681
3 3681 3352 3356
3 3353 3680 3682
3 3353 3682 3354
3 3673 3354 3682
3 3355 3357 3683
3 3355 3683 3356
3 3681 3356 3684
3 3685 3684 3356
3 3685 3356 3683
3 3686 3357 3070
3 3686 3070 3359
3 3357 3686 3687
3 3357 3687 3683
3 3358 3688 3689
3 3358 3689 3359
3 3688 3358 3360
3 3690 3686 3359
3 3690 3359 3689
3 3360 3424 3691
3 3688 3360 3691
3 3346 3671 3692
3 3346 3692 3367
3 3361 3693 3421
3 3361 3365 3694
3 3361 3694 3693
3 3695 3696 3363
3 3695 3363 3362
3 3696 3364 3363
3 3697 3695 3362
3 3697 3362 3366
3 3698 3365 3364
3 3696 3698 3364
3 3698 3694 3365
3 3699 3697 3366
3 3699 3366 3367
3 3700 3699 3367
3 3700 3367 3692
3 3368 3371 3701
3 3368 3701 3427
3 3702 3703 3370
3 3702 3370 3369
3 3371 3370 3703
3 3702 3369 3372
3 3704 3701 3371
3 3371 3703 3704
3 3702 3372 3705
3 3706 3705 3372
3 3373 3706 3372
3 3706 3373 3408
3 3377 3374 3707
3 3707 3374 3708
3 3374 3375 3708
3 3709 3708 3375
3 3376 3709 3375
3 3377 3710 3381
3 3710 3377 3707
3 3378 3711 3712
3 3378 3712 3383
3 3711 3378 3379
3 3711 3379 3713
3 3380 3713 3379
3 3380 3714 3713
3 3714 3380 3382
3 3710 3715 3381
3 3381 3716 3382
3 3381 3715 3717
3 3381 3717 3716
3 3716 3718 3382
3 3714 3382 3718
3 3719 3384 3383
3 3719 3383 3712
3 3384 3719 3720
3 3384 3720 3385
3 3385 3721 3388
3 3385 3720 3722
3 3721 3385 3722
3 3386 3709 3376
3 3723 3386 3418
3 3386 3723 3709
3 3724 3387 3388
3 3387 3724 3397
3 3724 3388 3725
3 3721 3725 3388
3 3726 3727 3390
3 3726 3390 3392
3 3389 3390 3727
3 3728 3391 3389
3 3389 3727 3728
3 3728 3729 3391
3 3398 3391 3729
3 3392 3393 3730
3 3392 3730 3726
3 3731 3730 3393
3 3731 3393 3394
3 3394 3395 3732
3 3394 3732 3731
3 3396 3732 3395
3 3733 3396 3397
3 3396 3733 3732
3 3733 3397 3734
3 3724 3734 3397
3 3735 3399 3398
3 3398 3729 3735
3 3735 3736 3399
3 3400 3399 3736
3 3737 3417 3400
3 3400 3736 3737
3 3738 3403 3402
3 3739 3738 3402
3 3739 3402 3401
3 3740 3739 3401
3 3740 3401 3413
3 3738 3741 3403
3 3741 3404 3403
3 3742 3405 3404
3 3741 3742 3404
3 3743 3406 3405
3 3742 3743 3405
3 3744 3411 3406
3 3743 3744 3406
3 3745 3407 3409
3 3407 3745 3746
3 3407 3746 3408
3 3706 3408 3747
3 3746 3747 3408
3 3748 3409 3749
3 3745 3409 3748
3 3410 3749 3409
3 3410 3412 3750
3 3410 3750 3749
3 3744 3751 3411
3 3751 3752 3411
3 3752 3412 3411
3 3753 3750 3412
3 3753 3412 3754
3 3752 3754 3412
3 3755 3740 3413
3 3755 3413 3415
3 3756 3755 3415
3 3756 3415 3757
3 3757 3415 3414
3 3757 3414 3416
3 3417 3758 3416
3 3416 3758 3759
3 3416 3759 3757
3 3417 3760 3758
3 3737 3760 3417
3 3723 3418 3761
3 3762 3419 3420
3 3419 3762 3761
3 3419 3761 3418
3 3420 3116 3763
3 3116 3421 3763
3 3762 3420 3764
3 3693 3763 3421
3 3765 3766 3422
3 3765 3422 3426
3 3767 3423 3422
3 3767 3422 3766
3 3423 3767 3424
3 3767 3691 3424
3 3768 3765 3426
3 3768 3426 3425
3 3655 3768 3425
3 3769 3428 3427
3 3769 3427 3701
3 3769 3429 3428
3 3770 3771 3429
3 3772 3430 3429
3 3772 3429 3771
3 3769 3770 3429
3 3430 3772 3773
3 3430 3773 3431
3 3773 3774 3431
3 3433 3431 3774
3 3433 3434 3432
3 3775 3433 3774
3 3433 3775 3434
3 3775 3435 3434
3 3776 3436 3435
3 3775 3776 3435
3 3776 3777 3436
3 3777 3778 3436
3 3437 3436 3778
3 3778 3438 3437
3 3778 3779 3438
3 3780 3439 3438
3 3780 3438 3779
3 3780 3781 3439
3 3440 3439 3781
3 3440 3781 3782
3 3440 3782 3783
3 3440 3783 3441
3 3442 3441 3783
3 3442 3783 3784
3 3442 3784 3443
3 3785 3443 3784
3 3785 3444 3443
3 3785 3786 3444
3 3787 3445 3444
3 3787 3444 3786
3 3787 3446 3445
3 3787 3788 3446
3 3789 3447 3446
3 3789 3446 3788
3 3448 3447 3790
3 3789 3790 3447
3 3448 3791 3449
3 3448 3790 3792
3 3448 3792 3791
3 3450 3449 3793
3 3794 3793 3449
3 3794 3449 3791
3 3795 3451 3450
3 3795 3450 3793
3 3451 3795 3796
3 3451 3796 3461
3 3452 3797 3798
3 3452 3798 3453
3 3797 3452 3454
3 3462 3453 3798
3 3455 3799 3454
3 3797 3454 3799
3 3455 3800 3799
3 3800 3455 3456
3 3800 3456 3801
3 3457 3801 3456
3 3457 3458 3802
3 3801 3457 3802
3 3803 3802 3458
3 3804 3803 3458
3 3804 3458 3459
3 3805 3804 3459
3 3805 3459 3460
3 3806 3805 3460
3 3806 3460 3461
3 3807 3806 3461
3 3807 3461 3796
3 3462 3798 3808
3 3809 3463 3462
3 3809 3462 3808
3 3810 3474 3463
3 3810 3463 3809
3 3464 3811 3812
3 3464 3812 3465
3 3811 3464 3466
3 3813 3475 3465
3 3813 3465 3812
3 3811 3466 3814
3 3467 3814 3466
3 3467 3815 3814
3 3815 3467 3468
3 3469 3816 3468
3 3815 3468 3816
3 3469 3817 3816
3 3817 3469 3470
3 3817 3470 3818
3 3473 3818 3470
3 3473 3471 3819
3 3471 3472 3820
3 3471 3820 3819
3 3472 3474 3821
3 3472 3821 3820
3 3473 3822 3818
3 3473 3819 3822
3 3810 3821 3474
3 3160 3475 3823
3 3160 3823 3220
3 3475 3813 3824
3 3475 3824 3823
3 3825 3219 3220
3 3825 3220 3823
3 3826 3477 3476
3 3826 3476 3827
3 3478 3827 3476
3 3477 3826 3828
3 3477 3828 3480
3 3829 3478 3479
3 3478 3829 3827
3 3482 3830 3479
3 3829 3479 3830
3 3831 3832 3480
3 3831 3480 3828
3 3481 3480 3832
3 3632 3481 3832
3 3482 3833 3830
3 3482 3485 3834
3 3482 3834 3833
3 3483 3520 3485
3 3521 3834 3485
3 3521 3485 3520
3 3490 3497 3493
3 3490 3491 3835
3 3497 3490 3835
3 3835 3491 3492
3 3835 3492 3836
3 3837 3836 3492
3 3837 3492 3838
3 3494 3838 3492
3 3839 3838 3494
3 3839 3494 3495
3 3839 3495 3840
3 3508 3840 3495
3 3508 3495 3496
3 3497 3835 3498
3 3836 3502 3498
3 3836 3498 3835
3 3507 3499 3500
3 3507 3500 3841
3 3842 3841 3500
3 3842 3500 3501
3 3842 3501 3502
3 3842 3502 3843
3 3837 3843 3502
3 3837 3502 3836
3 3844 3503 3504
3 3844 3504 3505
3 3845 3503 3844
3 3846 3503 3845
3 3847 3503 3846
3 3840 3503 3847
3 3509 3503 3840
3 3505 3506 3844
3 3848 3844 3506
3 3848 3506 3507
3 3848 3507 3841
3 3509 3840 3508
3 3510 3203 3849
3 3203 3206 3850
3 3203 3850 3849
3 3206 3216 3851
3 3206 3851 3850
3 3510 3849 3852
3 3511 3510 3852
3 3511 3852 3853
3 3512 3511 3853
3 3216 3517 3854
3 3216 3854 3851
3 3512 3853 3855
3 3513 3512 3855
3 3514 3513 3856
3 3513 3855 3856
3 3514 3856 3857
3 3210 3514 3857
3 3210 3857 3858
3 3213 3210 3858
3 3213 3858 3859
3 3211 3213 3859
3 3211 3859 3860
3 3515 3211 3860
3 3515 3860 3861
3 3516 3515 3861
3 3862 3523 3516
3 3862 3516 3863
3 3516 3861 3863
3 3519 3854 3517
3 3219 3518 3218
3 3219 3825 3518
3 3825 3519 3518
3 3825 3864 3519
3 3865 3866 3522
3 3521 3522 3866
3 3865 3522 3867
3 3523 3867 3522
3 3834 3521 3866
3 3523 3862 3868
3 3523 3868 3867
3 3524 3529 3869
3 3524 3869 3525
3 3870 3526 3525
3 3870 3525 3869
3 3526 3870 3871
3 3526 3871 3527
3 3872 3531 3527
3 3872 3527 3871
3 3873 3529 3528
3 3873 3528 3530
3 3529 3873 3874
3 3529 3874 3869
3 3873 3530 3558
3 3531 3872 3875
3 3531 3875 3545
3 3876 3533 3532
3 3877 3876 3532
3 3877 3532 3535
3 3876 3878 3533
3 3878 3536 3533
3 3879 3535 3534
3 3880 3879 3534
3 3880 3534 3540
3 3879 3881 3535
3 3881 3877 3535
3 3882 3537 3536
3 3878 3882 3536
3 3882 3883 3537
3 3884 3538 3537
3 3884 3537 3883
3 3538 3884 3885
3 3538 3885 3539
3 3885 3546 3539
3 3886 3541 3543
3 3541 3886 3887
3 3541 3887 3540
3 3542 3543 3541
3 3880 3540 3888
3 3887 3889 3540
3 3890 3888 3540
3 3890 3540 3889
3 3886 3543 3891
3 3544 3891 3543
3 3544 3892 3891
3 3893 3892 3544
3 3893 3544 3545
3 3894 3893 3545
3 3894 3545 3875
3 3885 3895 3546
3 3547 3546 3896
3 3895 3896 3546
3 3547 3897 3548
3 3897 3547 3896
3 3898 3549 3548
3 3897 3898 3548
3 3551 3899 3550
3 3550 3899 3669
3 3553 3554 3556
3 3553 3556 3579
3 3579 3557 3553
3 3555 3556 3554
3 3579 3578 3557
3 3559 3557 3578
3 3873 3558 3900
3 3901 3900 3558
3 3559 3901 3558
3 3559 3578 3580
3 3901 3559 3580
3 3902 3577 3560
3 3902 3560 3561
3 3903 3902 3561
3 3903 3561 3581
3 3576 3904 3562
3 3565 3562 3904
3 3564 3905 3906
3 3564 3906 3563
3 3907 3905 3564
3 3565 3907 3564
3 3566 3563 3906
3 3907 3565 3908
3 3565 3904 3908
3 3567 3566 3909
3 3566 3906 3909
3 3567 3909 3910
3 3568 3567 3910
3 3568 3910 3911
3 3570 3568 3911
3 3912 3573 3569
3 3912 3569 3571
3 3912 3571 3913
3 3914 3913 3571
3 3914 3571 3570
3 3570 3911 3914
3 3572 3573 3915
3 3572 3915 3580
3 3573 3912 3916
3 3573 3916 3915
3 3574 3577 3917
3 3574 3917 3918
3 3575 3574 3918
3 3575 3918 3919
3 3575 3920 3576
3 3920 3575 3919
3 3576 3921 3904
3 3920 3921 3576
3 3577 3902 3922
3 3577 3922 3917
3 3901 3580 3915
3 3923 3903 3581
3 3923 3581 3589
3 3586 3582 3924
3 3582 3583 3925
3 3582 3925 3924
3 3583 3622 3925
3 3584 3585 3926
3 3584 3926 3927
3 3584 3927 3928
3 3584 3928 3587
3 3929 3926 3585
3 3929 3585 3586
3 3586 3924 3929
3 3930 3588 3587
3 3930 3587 3928
3 3588 3930 3931
3 3588 3931 3589
3 3932 3923 3589
3 3932 3589 3931
3 3593 3933 3590
3 3590 3934 3591
3 3934 3590 3933
3 3592 3591 3935
3 3934 3935 3591
3 3593 3598 3936
3 3933 3593 3936
3 3937 3938 3594
3 3937 3594 3602
3 3595 3594 3938
3 3595 3939 3940
3 3595 3940 3596
3 3595 3938 3939
3 3941 3597 3596
3 3941 3596 3940
3 3597 3941 3942
3 3597 3942 3601
3 3598 3599 3943
3 3598 3943 3944
3 3936 3598 3944
3 3600 3945 3599
3 3599 3945 3946
3 3599 3946 3943
3 3600 3601 3947
3 3600 3947 3945
3 3948 3947 3601
3 3948 3601 3942
3 3602 3603 3949
3 3602 3949 3937
3 3604 3949 3603
3 3604 3605 3950
3 3951 3604 3950
3 3604 3951 3949
3 3952 3950 3605
3 3609 3952 3605
3 3935 3606 3592
3 3953 3607 3606
3 3935 3953 3606
3 3953 3954 3607
3 3608 3618 3955
3 3609 3608 3955
3 3609 3955 3956
3 3952 3609 3956
3 3610 3957 3958
3 3610 3958 3611
3 3957 3610 3612
3 3959 3615 3611
3 3959 3611 3958
3 3957 3612 3960
3 3613 3960 3612
3 3613 3961 3960
3 3961 3613 3614
3 3961 3614 3962
3 3619 3962 3614
3 3959 3616 3615
3 3959 3963 3616
3 3617 3616 3963
3 3617 3963 3964
3 3964 3618 3617
3 3964 3965 3618
3 3955 3618 3965
3 3619 3966 3962
3 3966 3619 3620
3 3966 3620 3967
3 3624 3967 3620
3 3954 3621 3607
3 3968 3623 3621
3 3954 3968 3621
3 3305 3969 3622
3 3969 3305 3623
3 3969 3925 3622
3 3968 3970 3623
3 3624 3971 3967
3 3971 3624 3647
3 3625 3972 3973
3 3625 3973 3626
3 3972 3625 3627
3 3974 3629 3626
3 3974 3626 3973
3 3972 3627 3975
3 3628 3975 3627
3 3628 3976 3975
3 3976 3628 3631
3 3629 3974 3977
3 3629 3977 3630
3 3978 3643 3630
3 3978 3630 3977
3 3638 3979 3631
3 3976 3631 3979
3 3632 3832 3980
3 3632 3981 3633
3 3981 3632 3980
3 3634 3633 3982
3 3983 3982 3633
3 3983 3633 3981
3 3634 3982 3984
3 3636 3634 3984
3 3635 3985 3986
3 3635 3986 3637
3 3635 3636 3985
3 3985 3636 3987
3 3636 3984 3987
3 3988 3642 3637
3 3988 3637 3986
3 3638 3989 3979
3 3989 3638 3639
3 3989 3639 3990
3 3991 3990 3639
3 3640 3991 3639
3 3640 3992 3993
3 3640 3993 3991
3 3641 3992 3640
3 3988 3994 3642
3 3995 3641 3642
3 3995 3642 3994
3 3641 3995 3992
3 3643 3978 3996
3 3643 3996 3997
3 3644 3643 3997
3 3644 3997 3645
3 3998 3999 3645
3 3998 3645 3997
3 3646 3645 3999
3 3646 3999 4000
3 4000 3647 3646
3 3971 3647 4001
3 4000 4001 3647
3 4002 3648 3651
3 3648 4002 4003
3 3648 4003 3649
3 4004 3649 4003
3 4005 3650 3649
3 4005 3649 4004
3 4006 3654 3650
3 4006 3650 4005
3 4002 3651 3657
3 4007 3329 3328
3 4007 3328 4008
3 4009 4008 3328
3 4009 3328 3332
3 4010 4009 3332
3 4010 3332 3654
3 3652 3329 4007
3 3652 4011 3653
3 3652 4007 4012
3 3652 4012 4011
3 4013 3653 4011
3 4013 3655 3653
3 4014 4010 3654
3 4014 3654 4006
3 4013 4015 3655
3 3655 4016 3768
3 4016 3655 4015
3 4017 4002 3657
3 4017 3657 4018
3 3656 4018 3657
3 3656 3658 4018
3 3658 4019 4020
3 3658 4020 4018
3 4019 3658 3659
3 4019 3659 4021
3 3660 4021 3659
3 3660 4022 4021
3 4022 3660 3661
3 4022 3661 4023
3 4024 4023 3661
3 4024 3661 3662
3 4025 4024 3662
3 4025 3662 3663
3 4025 3663 3664
3 4025 3664 4026
3 3665 4027 3664
3 4027 4026 3664
3 3665 3666 4028
3 4027 3665 4028
3 3667 4029 3666
3 4029 4028 3666
3 4030 3671 3670
3 4030 3670 3679
3 3671 4030 4031
3 3671 4031 3692
3 4032 3678 3672
3 4032 3672 3675
3 4033 4034 3674
3 4033 3674 3673
3 3674 4035 3675
3 4035 3674 4034
3 4033 3673 3682
3 4035 4036 3675
3 4032 3675 4036
3 3676 4037 4038
3 3676 4038 3679
3 4037 3676 3677
3 4037 3677 4039
3 4040 4039 3677
3 3678 4040 3677
3 4032 4041 3678
3 4040 3678 4041
3 4042 4030 3679
3 4042 3679 4038
3 4043 3680 3681
3 3680 4043 4044
3 3680 4044 3682
3 4043 3681 4045
3 3684 4045 3681
3 4033 3682 4044
3 4046 3685 3683
3 4046 3683 3687
3 4046 4047 3685
3 3685 4047 4048
3 3685 4048 3684
3 3684 4048 4045
3 3686 3690 4049
3 3686 4049 3687
3 4050 4046 3687
3 4050 3687 4049
3 3768 3689 3688
3 4016 3690 3689
3 4016 3689 3768
3 3768 3688 3765
3 3765 3688 3691
3 3690 4016 4051
3 3690 4051 4049
3 3765 3691 3766
3 3767 3766 3691
3 4052 3700 3692
3 4052 3692 4031
3 3698 4053 3694
3 4054 3693 3694
3 4054 3694 4053
3 3693 4054 3763
3 3695 3697 4055
3 3695 4055 4056
3 3695 4056 4057
3 3695 4057 3696
3 3696 4057 4058
3 3696 4058 3698
3 3697 3699 4059
3 3697 4059 4055
3 3698 4058 4053
3 3699 3700 4060
3 3699 4060 4059
3 3700 4052 4061
3 3700 4061 4060
3 3704 4062 3701
3 3769 3701 4062
3 4063 3703 3702
3 4064 4063 3702
3 4064 3702 3705
3 4063 4065 3703
3 4065 3704 3703
3 4066 4062 3704
3 4065 4066 3704
3 4067 4064 3705
3 4067 3705 4068
3 3706 4068 3705
3 4068 3706 3747
3 3710 3707 4069
3 3707 3708 4070
3 4069 3707 4070
3 4071 4070 3708
3 3709 4071 3708
3 3710 4072 3715
3 4072 3710 4069
3 4073 3712 3711
3 4073 3711 4074
3 4075 4074 3711
3 4075 3711 3713
3 4076 3719 3712
3 4076 3712 4073
3 4077 4075 3713
3 4077 3713 3714
3 4078 4077 3714
3 4078 3714 3718
3 3715 4079 4080
3 3715 4080 3717
3 4079 3715 4072
3 3716 4081 3718
3 3716 3717 4082
3 3716 4082 4081
3 4080 4082 3717
3 4083 4078 3718
3 4083 3718 4081
3 4084 3720 3719
3 4084 3719 4076
3 4084 3722 3720
3 3721 3722 4085
3 4086 3721 4085
3 3721 4086 3725
3 4087 4085 3722
3 4084 4087 3722
3 3723 4071 3709
3 4088 3723 3761
3 3723 4088 4071
3 4089 3724 3725
3 3724 4089 3734
3 4089 3725 4090
3 4086 4090 3725
3 4091 4092 3727
3 4091 3727 3726
3 4092 3728 3727
3 4093 4091 3726
3 4093 3726 3730
3 4094 3729 3728
3 4092 4094 3728
3 4094 4095 3729
3 4095 3735 3729
3 4096 4093 3730
3 4096 3730 3731
3 3731 3732 4097
3 3731 4097 4096
3 3733 4097 3732
3 4098 3733 3734
3 3733 4098 4097
3 4098 3734 4099
3 4089 4099 3734
3 4100 3736 3735
3 4095 4100 3735
3 4100 4101 3736
3 4101 3737 3736
3 4102 3760 3737
3 4101 4102 3737
3 3738 3739 4103
3 3738 4103 4104
3 3741 3738 4104
3 3739 3740 4105
3 3739 4105 4103
3 3740 3755 4106
3 3740 4106 4105
3 3741 4104 4107
3 3742 3741 4107
3 3742 4107 4108
3 3743 3742 4108
3 3744 3743 4109
3 3743 4108 4109
3 3744 4109 4110
3 3751 3744 4110
3 4111 3745 3748
3 3745 4111 4112
3 3745 4112 3746
3 3746 4112 4113
3 3746 4113 4114
3 3746 4114 3747
3 4068 3747 4115
3 4114 4115 3747
3 4116 4117 3748
3 3748 3749 4116
3 4111 3748 4117
3 4118 4116 3749
3 4118 3749 3750
3 4119 4118 3750
3 4119 3750 3753
3 3751 4110 4120
3 4121 3751 4120
3 3751 4121 3752
3 4122 4123 3752
3 4122 3752 4121
3 3754 3752 4123
3 4119 3753 4124
3 3753 3754 4125
3 3753 4125 4124
3 3754 4123 4125
3 3755 3756 4126
3 3755 4126 4106
3 4127 3756 3757
3 3756 4127 4128
3 3756 4128 4126
3 4127 3757 3759
3 4129 4127 3759
3 4129 3759 4130
3 3758 4130 3759
3 3758 3760 4131
3 3758 4131 4132
3 3758 4132 4130
3 4102 4131 3760
3 4088 3761 4133
3 4134 3762 3764
3 3762 4134 4133
3 3762 4133 3761
3 3420 3763 4135
3 3764 3420 4135
3 4054 4135 3763
3 4134 3764 4136
3 4137 3770 3769
3 3769 4062 4137
3 4138 4139 3771
3 3770 4138 3771
3 4140 3772 3771
3 4140 3771 4139
3 4138 3770 4141
3 4137 4141 3770
3 3772 4140 4142
3 3772 4142 3773
3 3773 4143 3774
3 4143 3773 4142
3 4143 4144 3774
3 3775 3774 4144
3 3776 3775 4144
3 3776 4144 4145
3 3777 3776 4145
3 3777 4145 4146
3 4147 3777 4146
3 3777 4147 3778
3 4147 3779 3778
3 4147 4148 3779
3 3780 3779 4148
3 3780 4148 4149
3 3780 4149 4150
3 3780 4150 4151
3 3780 4151 3781
3 4152 3781 4151
3 4152 3782 3781
3 4152 4153 3782
3 4154 3783 3782
3 4154 3782 4153
3 4154 3784 3783
3 4154 4155 3784
3 3785 3784 4155
3 3786 3785 4155
3 3786 4155 4156
3 3788 3787 3786
3 3788 3786 4156
3 4157 3789 3788
3 4157 3788 4156
3 3789 4157 3790
3 4158 3792 3790
3 4158 3790 4157
3 3794 3791 3792
3 3794 3792 4159
3 4158 4159 3792
3 4160 3795 3793
3 4160 3793 3794
3 3794 4159 4161
3 3794 4161 4160
3 4162 3796 3795
3 4162 3795 4160
3 4163 3807 3796
3 4163 3796 4162
3 4164 3808 3798
3 4165 4164 3798
3 4165 3798 3797
3 4165 3797 3799
3 3800 4139 3799
3 4165 3799 4139
3 3800 4140 4139
3 4140 3800 3801
3 4140 3801 4142
3 3801 3802 4142
3 4143 4142 3802
3 3803 4143 3802
3 4143 3803 4144
3 3803 3804 4145
3 3803 4145 4144
3 3804 3805 4146
3 3804 4146 4145
3 3805 3806 4166
3 3805 4166 4146
3 3806 3807 4167
3 3806 4167 4166
3 4168 4167 3807
3 4168 3807 4163
3 4164 3809 3808
3 4169 3810 3809
3 4169 3809 4164
3 3810 4170 3821
3 4170 3810 4169
3 3811 4171 3812
3 4171 3811 3814
3 4171 3814 4172
3 3815 4172 3814
3 3815 4173 4172
3 4173 3815 3816
3 3817 4174 3816
3 4173 3816 4174
3 3817 4175 4174
3 4175 3817 3818
3 4176 3819 3820
3 4176 3820 3821
3 4177 3821 4170
3 4176 3821 4177
3 3864 3825 3823
3 3864 3823 3824
3 4178 3826 3827
3 4178 3828 3826
3 4178 3827 4179
3 3829 4179 3827
3 4178 4180 3828
3 4181 3831 3828
3 4181 3828 4180
3 4182 3829 3830
3 3829 4182 4179
3 3833 4183 3830
3 4182 3830 4183
3 3831 4181 4184
3 3831 4184 4185
3 3832 3831 4185
3 3832 4185 3980
3 3833 4186 4183
3 3833 3834 4187
3 3833 4187 4186
3 3834 3866 4187
3 4188 3843 3837
3 4188 3837 3838
3 4188 3838 3847
3 3839 3847 3838
3 3840 3847 3839
3 3848 3841 3845
3 4189 3845 3841
3 4189 3841 3842
3 4189 3842 3843
3 4189 3843 3846
3 4188 3846 3843
3 3845 3844 3848
3 3846 3845 4189
3 3847 3846 4188
3 4190 3852 3849
3 4191 4190 3849
3 4191 3849 3850
3 4192 4191 3850
3 4192 3850 3851
3 4193 4192 3851
3 4193 3851 3854
3 4194 3853 3852
3 4190 4194 3852
3 4194 4195 3853
3 4195 3855 3853
3 3519 4196 3854
3 4197 4193 3854
3 4197 3854 4196
3 4198 3856 3855
3 4195 4198 3855
3 4199 3857 3856
3 4198 4199 3856
3 4200 3858 3857
3 4199 4200 3857
3 4200 4201 3858
3 4201 3859 3858
3 4202 3860 3859
3 4201 4202 3859
3 4202 4203 3860
3 4203 3861 3860
3 4204 3863 3861
3 4203 4204 3861
3 3862 4205 4206
3 3862 4206 3868
3 4205 3862 3863
3 4204 4207 3863
3 4205 3863 4207
3 4208 4196 3519
3 4208 3519 3864
3 4209 3865 4210
3 3865 4209 3866
3 3865 4211 4212
3 3865 4212 4210
3 3865 3867 4211
3 4209 4187 3866
3 4213 4211 3867
3 4213 3867 3868
3 4214 4213 3868
3 4214 3868 4206
3 4215 3870 3869
3 4215 3869 3874
3 3870 4215 4216
3 3870 4216 3871
3 4217 3872 3871
3 4217 3871 4216
3 4217 3875 3872
3 3900 3874 3873
3 3900 4218 3874
3 4215 3874 4218
3 4217 4219 3875
3 4219 3894 3875
3 3876 3877 4220
3 3876 4220 4221
3 3878 3876 4221
3 4222 4220 3877
3 4222 3877 4223
3 3881 4223 3877
3 3878 4221 4224
3 3882 3878 4224
3 3879 3880 4225
3 3879 4225 3881
3 3880 4226 4227
3 3880 4227 4225
3 3880 3888 4226
3 3881 4225 4228
3 3881 4228 4223
3 3882 4224 4229
3 3883 3882 4229
3 3884 3883 4229
3 4230 3885 3884
3 3884 4229 4230
3 4230 4231 3885
3 3895 3885 4231
3 4232 3886 3891
3 3886 4232 4233
3 3886 4233 3887
3 3887 4234 3889
3 3887 4233 4235
3 3887 4235 4234
3 4236 4226 3888
3 4236 3888 4237
3 3890 4237 3888
3 3889 4238 3890
3 4239 3890 4238
3 3890 4239 4237
3 4232 3891 4240
3 3892 4240 3891
3 3892 4241 4240
3 3894 4242 3893
3 3892 3893 4242
3 3892 4242 4241
3 3894 4243 4242
3 3895 4231 4244
3 4245 3895 4244
3 3895 4245 3896
3 3897 3896 4246
3 4245 4246 3896
3 3897 4247 3898
3 4247 3897 4246
3 4248 4218 3900
3 3901 4248 3900
3 4248 3901 3915
3 3902 3903 4249
3 3902 4249 3922
3 3903 3923 4250
3 3903 4250 4249
3 4251 3908 3904
3 4251 3904 3921
3 4252 3909 3906
3 3906 3905 4253
3 3906 4253 4252
3 4254 4253 3905
3 4254 3905 4255
3 3907 4255 3905
3 3907 3908 4256
3 4255 3907 4256
3 4257 4256 3908
3 4251 4257 3908
3 4252 4258 3909
3 4258 3910 3909
3 4259 3911 3910
3 4258 4259 3910
3 4260 3914 3911
3 4259 4260 3911
3 3912 4261 4262
3 3912 4262 3916
3 3912 3913 4261
3 4263 4264 3913
3 4263 3913 3914
3 4264 4261 3913
3 4260 4263 3914
3 4248 3915 3916
3 4265 4248 3916
3 4265 3916 4262
3 4266 3919 3918
3 4267 4266 3918
3 4267 3918 3917
3 4268 4267 3917
3 4268 3917 3922
3 4266 4269 3919
3 3920 3919 4270
3 4271 4270 3919
3 4271 3919 4269
3 3920 4272 3921
3 4272 3920 4270
3 4251 3921 4273
3 4272 4273 3921
3 4274 4268 3922
3 4274 3922 4249
3 3923 3932 4275
3 3923 4275 4250
3 4276 4277 3924
3 4276 3924 3925
3 4277 3929 3924
3 3969 4276 3925
3 4278 3927 3926
3 4279 4278 3926
3 4279 3926 3929
3 4280 3928 3927
3 4278 4280 3927
3 4280 4281 3928
3 4281 3930 3928
3 4277 4279 3929
3 4282 3931 3930
3 4282 3930 4283
3 4281 4283 3930
3 4284 3932 3931
3 4284 3931 4282
3 4285 4275 3932
3 4285 3932 4284
3 3933 3936 4286
3 4287 3933 4286
3 3934 3933 4287
3 4288 3934 4287
3 3934 4288 3935
3 4289 4286 3936
3 3936 3944 4289
3 4290 3937 3949
3 3937 4290 4291
3 3937 4291 3938
3 4292 3939 3938
3 4292 3938 4291
3 4293 3941 3940
3 4293 3940 4294
3 3939 4294 3940
3 3939 4292 4294
3 3941 4293 4295
3 3941 4295 3942
3 4296 3948 3942
3 4296 3942 4295
3 4297 3943 3946
3 4297 3944 3943
3 4297 4298 3944
3 4298 4289 3944
3 3947 4299 3945
3 4300 3946 3945
3 4300 3945 4299
3 4297 3946 4301
3 4302 4301 3946
3 4302 3946 4300
3 3947 3948 4299
3 3948 4296 4303
3 3948 4303 4299
3 4290 3949 4304
3 3951 4304 3949
3 3952 4305 3950
3 3951 3950 4306
3 4306 3950 4305
3 4307 3951 4306
3 3951 4307 4304
3 3952 3956 4308
3 4305 3952 4308
3 3953 3935 4288
3 3953 4288 4309
3 3954 3953 4309
3 3954 4309 4310
3 3955 3965 4311
3 4311 3956 3955
3 4311 4312 3956
3 4308 3956 4312
3 3968 3954 4310
3 3968 4310 4313
3 3970 3968 4313
3 3970 4314 3623
3 3969 3623 4314
3 4276 3969 4314
3 3970 4313 4315
3 4316 3972 3975
3 3972 4316 4317
3 3972 4317 3973
3 4318 3974 3973
3 4318 3973 4317
3 3974 4318 4319
3 3974 4319 3977
3 4316 3975 4320
3 4320 3975 3976
3 4320 3976 4321
3 4322 4321 3976
3 4322 3976 3979
3 4323 3978 3977
3 4323 3977 4319
3 3978 4323 4324
3 3978 4324 3996
3 4325 4322 3979
3 4325 3979 3989
3 4326 4327 3980
3 4326 3980 4185
3 3981 3980 4327
3 3981 4327 4328
3 3981 4328 3983
3 4329 3984 3982
3 4330 4329 3982
3 4330 3982 3983
3 4331 4330 3983
3 4331 3983 4328
3 4332 3987 3984
3 4329 4332 3984
3 3986 4333 4334
3 3986 4334 3988
3 3985 4333 3986
3 3985 3987 4335
3 4332 4335 3987
3 3988 4336 3994
3 3988 4334 4337
3 3988 4337 4336
3 4338 4325 3989
3 4338 3989 3990
3 3991 4339 3990
3 4340 4338 3990
3 4340 3990 4339
3 4339 3991 3993
3 3993 3992 4342
3 3993 4342 4341
3 4343 4342 3992
3 4343 3992 3995
3 4344 4345 3994
3 4344 3994 4336
3 4345 3995 3994
3 4345 4343 3995
3 3997 3996 4346
3 4347 4346 3996
3 4347 3996 4324
3 3997 4346 3998
3 4346 4348 3998
3 3998 4348 4349
3 3998 4349 3999
3 4000 3999 4349
3 4017 4003 4002
3 4017 4350 4003
3 4003 4350 4351
3 4003 4351 4352
3 4004 4003 4352
3 4352 4353 4004
3 4005 4004 4353
3 4005 4353 4354
3 4006 4005 4354
3 4355 4014 4006
3 4355 4006 4354
3 4007 4008 4356
3 4007 4356 4012
3 4008 4009 4357
3 4008 4357 4356
3 4009 4010 4358
3 4009 4358 4357
3 4010 4014 4359
3 4010 4359 4358
3 4360 4013 4011
3 4360 4011 4012
3 4361 4360 4012
3 4361 4012 4356
3 4360 4015 4013
3 4014 4355 4362
3 4014 4362 4359
3 4360 4363 4015
3 4363 4051 4015
3 4016 4015 4051
3 4364 4017 4018
3 4365 4350 4017
3 4365 4017 4364
3 4364 4018 4366
3 4020 4366 4018
3 4019 4367 4368
3 4019 4368 4020
3 4367 4019 4021
3 4020 4369 4366
3 4020 4368 4370
3 4020 4370 4369
3 4367 4021 4371
3 4022 4371 4021
3 4022 4372 4371
3 4372 4022 4023
3 4024 4372 4023
3 4025 4373 4024
3 4024 4373 4372
3 4025 4374 4373
3 4374 4025 4026
3 4374 4026 4375
3 4376 4375 4026
3 4027 4376 4026
3 4027 4028 4377
3 4376 4027 4377
3 4378 4377 4028
3 4029 4378 4028
3 4030 4042 4379
3 4030 4379 4031
3 4380 4052 4031
3 4380 4031 4379
3 4381 4032 4036
3 4381 4041 4032
3 4382 4034 4033
3 4383 4384 4034
3 4383 4034 4382
3 4035 4034 4384
3 4382 4033 4385
3 4385 4033 4044
3 4035 4386 4036
3 4386 4035 4384
3 4386 4387 4036
3 4381 4036 4387
3 4037 4388 4389
3 4037 4389 4038
3 4388 4037 4039
3 4390 4042 4038
3 4390 4038 4389
3 4388 4039 4391
3 4040 4392 4039
3 4393 4391 4039
3 4393 4039 4392
3 4040 4041 4394
3 4392 4040 4394
3 4381 4395 4041
3 4395 4394 4041
3 4042 4390 4396
3 4042 4396 4379
3 4385 4044 4397
3 4043 4397 4044
3 4398 4043 4045
3 4043 4398 4397
3 4048 4399 4045
3 4398 4045 4399
3 4046 4050 4400
3 4046 4400 4401
3 4046 4401 4047
3 4048 4402 4399
3 4402 4048 4047
3 4402 4047 4403
3 4401 4403 4047
3 4404 4050 4049
3 4404 4049 4051
3 4050 4404 4405
3 4050 4405 4400
3 4363 4404 4051
3 4052 4380 4406
3 4052 4406 4061
3 4407 4054 4053
3 4054 4407 4135
3 4407 4053 4408
3 4058 4408 4053
3 4409 4056 4055
3 4409 4055 4410
3 4059 4410 4055
3 4056 4409 4411
3 4056 4411 4057
3 4412 4058 4057
3 4412 4057 4411
3 4058 4412 4408
3 4059 4413 4410
3 4059 4060 4414
3 4059 4414 4413
3 4415 4414 4060
3 4415 4060 4061
3 4061 4406 4416
3 4061 4416 4415
3 4417 4137 4062
3 4066 4417 4062
3 4064 4418 4063
3 4065 4063 4418
3 4064 4419 4418
3 4064 4067 4420
3 4064 4420 4419
3 4065 4418 4421
3 4066 4065 4421
3 4066 4421 4422
3 4417 4066 4422
3 4067 4423 4424
3 4067 4424 4420
3 4423 4067 4068
3 4423 4068 4115
3 4072 4069 4425
3 4426 4425 4069
3 4069 4070 4426
3 4071 4427 4070
3 4427 4426 4070
3 4428 4072 4425
3 4079 4072 4428
3 4076 4073 4429
3 4073 4074 4430
3 4073 4430 4429
3 4075 4077 4431
3 4075 4431 4432
3 4074 4075 4432
3 4074 4432 4430
3 4076 4429 4433
3 4084 4076 4433
3 4077 4078 4434
3 4077 4434 4431
3 4078 4083 4435
3 4078 4435 4434
3 4080 4436 4082
3 4437 4436 4080
3 4079 4437 4080
3 4438 4079 4428
3 4079 4438 4437
3 4439 4083 4081
3 4439 4081 4082
3 4439 4082 4436
3 4083 4439 4440
3 4083 4440 4435
3 4084 4433 4441
3 4087 4084 4441
3 4442 4085 4443
3 4086 4085 4442
3 4087 4443 4085
3 4444 4086 4442
3 4086 4444 4090
3 4087 4441 4445
3 4443 4087 4445
3 4088 4427 4071
3 4446 4088 4133
3 4088 4446 4427
3 4089 4090 4447
3 4089 4447 4448
3 4089 4448 4099
3 4444 4447 4090
3 4449 4450 4103
3 4449 4103 4105
3 4450 4104 4103
3 4451 4107 4104
3 4450 4451 4104
3 4452 4449 4105
3 4452 4105 4106
3 4453 4452 4106
3 4453 4106 4126
3 4451 4454 4107
3 4108 4107 4454
3 4108 4454 4455
3 4108 4455 4456
3 4108 4456 4109
3 4457 4110 4109
3 4457 4109 4456
3 4110 4457 4458
3 4110 4458 4120
3 4111 4459 4460
3 4111 4460 4112
3 4459 4111 4117
3 4461 4113 4112
3 4461 4112 4460
3 4113 4461 4462
3 4113 4462 4463
3 4114 4113 4463
3 4114 4463 4464
3 4114 4464 4115
3 4465 4423 4115
3 4465 4115 4464
3 4466 4117 4116
3 4459 4117 4466
3 4116 4118 4467
3 4468 4467 4118
3 4468 4118 4119
3 4119 4124 4469
3 4119 4469 4470
3 4119 4470 4468
3 4121 4120 4471
3 4472 4471 4120
3 4472 4120 4458
3 4122 4121 4471
3 4473 4123 4122
3 4474 4125 4123
3 4474 4123 4473
3 4473 4122 4475
3 4476 4469 4124
3 4476 4124 4477
3 4125 4477 4124
3 4125 4474 4477
3 4478 4453 4126
3 4478 4126 4128
3 4127 4129 4479
3 4127 4479 4128
3 4480 4478 4128
3 4480 4128 4479
3 4129 4130 4481
3 4129 4481 4482
3 4482 4479 4129
3 4132 4481 4130
3 4446 4133 4483
3 4484 4134 4136
3 4134 4484 4483
3 4134 4483 4133
3 4136 3764 4485
3 3764 4135 4485
3 4407 4485 4135
3 4484 4136 4486
3 4487 4141 4137
3 4487 4137 4488
3 4417 4488 4137
3 4138 4165 4139
3 4138 4141 4489
3 4165 4138 4489
3 4490 4489 4141
3 4490 4141 4487
3 4147 4146 4166
3 4148 4147 4166
3 4148 4166 4167
3 4149 4148 4167
3 4149 4167 4168
3 4168 4150 4149
3 4168 4491 4150
3 4492 4150 4491
3 4492 4151 4150
3 4492 4493 4151
3 4152 4151 4493
3 4153 4152 4493
3 4153 4493 4156
3 4155 4154 4153
3 4155 4153 4156
3 4494 4157 4156
3 4495 4494 4156
3 4496 4495 4156
3 4493 4496 4156
3 4494 4158 4157
3 4158 4494 4159
3 4497 4161 4159
3 4497 4159 4494
3 4162 4160 4161
3 4162 4161 4498
3 4497 4498 4161
3 4162 4498 4499
3 4162 4499 4163
3 4168 4163 4499
3 4489 4169 4164
3 4165 4489 4164
3 4168 4499 4491
3 4490 4500 4169
3 4489 4490 4169
3 4170 4169 4500
3 4177 4170 4501
3 4501 4170 4500
3 4171 4502 4503
3 4171 4503 3812
3 4502 4171 4172
3 4504 3813 3812
3 4504 3812 4503
3 3813 4504 4505
3 3813 4505 3824
3 4208 3864 3824
3 4208 3824 4505
3 4502 4172 4506
3 4173 4506 4172
3 4173 4507 4506
3 4507 4173 4174
3 4175 4508 4174
3 4507 4174 4508
3 4175 4509 4508
3 4509 4175 3818
3 4509 3818 4510
3 3822 4510 3818
3 3822 4511 4510
3 4511 3822 3819
3 4511 3819 4512
3 4176 4512 3819
3 4176 4513 4512
3 4513 4176 4177
3 4177 4501 4514
3 4177 4514 4515
3 4513 4177 4515
3 4516 4178 4179
3 4516 4180 4178
3 4516 4179 4517
3 4182 4517 4179
3 4516 4518 4180
3 4518 4519 4180
3 4520 4181 4180
3 4519 4520 4180
3 4521 4184 4181
3 4520 4521 4181
3 4182 4522 4517
3 4522 4182 4183
3 4522 4183 4523
3 4186 4523 4183
3 4521 4524 4184
3 4525 4185 4184
3 4524 4525 4184
3 4525 4326 4185
3 4186 4526 4523
3 4186 4187 4527
3 4186 4527 4526
3 4209 4527 4187
3 4194 4190 4528
3 4190 4191 4529
3 4190 4529 4528
3 4191 4192 4530
3 4191 4530 4529
3 4192 4193 4531
3 4192 4531 4530
3 4193 4197 4532
3 4193 4532 4531
3 4194 4528 4533
3 4195 4194 4533
3 4195 4533 4534
3 4198 4195 4534
3 4208 4197 4196
3 4535 4532 4197
3 4208 4535 4197
3 4198 4534 4536
3 4199 4198 4536
3 4200 4199 4537
3 4199 4536 4537
3 4200 4537 4538
3 4201 4200 4538
3 4201 4538 4539
3 4202 4201 4539
3 4202 4539 4540
3 4203 4202 4540
3 4203 4540 4541
3 4204 4203 4541
3 4204 4541 4542
3 4207 4204 4542
3 4205 4543 4544
3 4205 4544 4206
3 4543 4205 4207
3 4214 4206 4544
3 4207 4542 4545
3 4543 4207 4545
3 4535 4208 4505
3 4209 4210 4546
3 4527 4209 4546
3 4547 4546 4210
3 4548 4547 4210
3 4548 4210 4212
3 4211 4213 4549
3 4211 4549 4212
3 4550 4548 4212
3 4550 4212 4549
3 4213 4214 4551
3 4213 4551 4549
3 4214 4544 4552
3 4552 4551 4214
3 4215 4218 4553
3 4215 4553 4554
3 4215 4554 4216
3 4555 4217 4216
3 4555 4216 4554
3 4555 4219 4217
3 4248 4265 4218
3 4556 4553 4218
3 4556 4218 4557
3 4557 4218 4265
3 4555 4558 4219
3 3894 4219 4558
3 4559 4560 4220
3 4559 4220 4222
3 4560 4221 4220
3 4561 4224 4221
3 4560 4561 4221
3 4562 4559 4222
3 4562 4222 4563
3 4223 4563 4222
3 4223 4228 4563
3 4561 4564 4224
3 4564 4229 4224
3 4565 4228 4225
3 4565 4225 4227
3 4226 4236 4566
3 4226 4566 4227
3 4567 4565 4227
3 4567 4227 4566
3 4228 4565 4568
3 4228 4568 4563
3 4564 4569 4229
3 4569 4230 4229
3 4570 4231 4230
3 4569 4570 4230
3 4570 4571 4231
3 4571 4244 4231
3 4572 4232 4240
3 4232 4572 4573
3 4232 4573 4233
3 4574 4235 4233
3 4574 4233 4575
3 4576 4575 4233
3 4577 4576 4233
3 4577 4233 4573
3 4578 4235 4574
3 4236 4579 4580
3 4236 4580 4566
3 4579 4236 4237
3 4579 4237 4581
3 4239 4581 4237
3 4582 4238 3889
3 4239 4238 4583
3 4582 4583 4238
3 4584 4239 4583
3 4239 4584 4581
3 4572 4240 4585
3 4241 4585 4240
3 4241 4586 4585
3 4241 4587 4586
3 4588 4241 4242
3 4588 4242 4243
3 4588 4587 4241
3 4588 4243 4589
3 4590 4589 4243
3 4591 4590 4243
3 3894 4592 4243
3 4243 4592 4593
3 4243 4593 4591
3 3894 4558 4594
3 3894 4594 4592
3 4571 4595 4244
3 4245 4244 4596
3 4595 4596 4244
3 4597 4245 4596
3 4245 4597 4246
3 4598 3549 3898
3 4598 3898 4599
3 4600 4599 3898
3 4600 3898 4247
3 3549 4598 4601
3 3549 4601 3552
3 4602 3899 3551
3 4602 3551 4603
3 4603 3551 3552
3 4603 3552 4601
3 4604 4274 4249
3 4604 4249 4250
3 4605 4604 4250
3 4605 4250 4275
3 4273 4606 4251
3 4257 4251 4606
3 4607 4258 4252
3 4607 4252 4253
3 4607 4253 4608
3 4253 4254 4609
3 4253 4609 4608
3 4254 4610 4611
3 4254 4611 4609
3 4610 4254 4255
3 4610 4255 4612
3 4255 4256 4612
3 4613 4612 4256
3 4257 4613 4256
3 4607 4614 4258
3 4259 4258 4614
3 4259 4614 4615
3 4260 4259 4615
3 4260 4616 4617
3 4260 4617 4263
3 4260 4615 4616
3 4618 4262 4261
3 4619 4265 4262
3 4619 4262 4618
3 4618 4261 4620
3 4264 4620 4261
3 4264 4263 4617
3 4264 4617 4621
3 4620 4264 4621
3 4557 4265 4619
3 4266 4267 4622
3 4266 4622 4623
3 4269 4266 4623
3 4267 4268 4624
3 4267 4624 4622
3 4268 4274 4625
3 4268 4625 4624
3 4269 4623 4626
3 4627 4271 4269
3 4627 4269 4626
3 4272 4270 4628
3 4270 4271 4629
3 4270 4629 4628
3 4271 4627 4630
3 4271 4630 4629
3 4272 4631 4273
3 4631 4272 4628
3 4274 4604 4632
3 4274 4632 4625
3 4633 4605 4275
3 4633 4275 4285
3 4276 4314 4634
3 4277 4276 4634
3 4277 4634 4635
3 4279 4277 4635
3 4280 4278 4636
3 4278 4279 4637
3 4278 4637 4636
3 4279 4635 4637
3 4280 4636 4638
3 4281 4280 4638
3 4281 4638 4639
3 4283 4281 4639
3 4283 4639 4640
3 4282 4283 4640
3 4282 4640 4641
3 4284 4282 4641
3 4284 4641 4642
3 4285 4284 4642
3 4633 4285 4643
3 4285 4642 4643
3 4289 4644 4286
3 4287 4286 4644
3 4288 4287 4645
3 4645 4287 4644
3 4644 4289 4646
3 4298 4646 4289
3 4290 4647 4648
3 4290 4648 4291
3 4647 4290 4304
3 4649 4292 4291
3 4649 4291 4648
3 4292 4649 4650
3 4292 4650 4294
3 4651 4293 4294
3 4293 4651 4652
3 4293 4652 4295
3 4651 4294 4650
3 4653 4296 4295
3 4653 4295 4652
3 4296 4653 4654
3 4296 4654 4303
3 4655 4297 4301
3 4297 4655 4656
3 4297 4656 4298
3 4298 4656 4657
3 4298 4657 4646
3 4299 4303 4658
3 4299 4658 4300
3 4659 4302 4300
3 4659 4300 4658
3 4655 4301 4660
3 4302 4660 4301
3 4302 4659 4661
3 4302 4661 4662
3 4302 4662 4660
3 4303 4654 4663
3 4303 4663 4658
3 4647 4304 4664
3 4307 4664 4304
3 4305 4308 4665
3 4666 4305 4665
3 4306 4305 4666
3 4307 4306 4667
3 4666 4667 4306
3 4668 4307 4667
3 4307 4668 4664
3 4308 4312 4669
3 4308 4669 4670
3 4308 4670 4665
3 4671 4309 4288
3 4645 4671 4288
3 4672 4310 4309
3 4671 4672 4309
3 4672 4673 4310
3 3957 4674 4675
3 3957 4675 3958
3 4674 3957 3960
3 4676 3959 3958
3 4676 3958 4675
3 3959 4676 4677
3 3959 4677 3963
3 4674 3960 4678
3 3961 4678 3960
3 3961 4679 4678
3 4679 3961 3962
3 4679 3962 4680
3 3966 4680 3962
3 4681 3964 3963
3 4681 3963 4677
3 4681 3965 3964
3 4681 4682 3965
3 4682 4311 3965
3 3966 4683 4680
3 4683 3966 3967
3 4683 3967 4684
3 3971 4684 3967
3 4685 4313 4310
3 4673 4685 4310
3 4686 4315 4313
3 4685 4686 4313
3 3970 4687 4314
3 4687 3970 4315
3 4687 4634 4314
3 4686 4688 4315
3 3971 4689 4684
3 4689 3971 4001
3 4690 4318 4317
3 4316 4690 4317
3 4690 4316 4320
3 4318 4690 4691
3 4318 4691 4319
3 4692 4323 4319
3 4692 4319 4691
3 4690 4320 4693
3 4321 4693 4320
3 4325 4694 4322
3 4322 4694 4695
3 4322 4695 4321
3 4321 4695 4693
3 4323 4692 4696
3 4323 4696 4324
3 4324 4696 4697
3 4324 4697 4347
3 4338 4698 4325
3 4325 4698 4694
3 4326 4525 4699
3 4326 4699 4700
3 4327 4326 4700
3 4327 4700 4328
3 4701 4331 4328
3 4701 4328 4700
3 4332 4329 4702
3 4329 4330 4703
3 4329 4703 4702
3 4330 4331 4704
3 4330 4704 4703
3 4331 4701 4705
3 4331 4705 4704
3 4332 4702 4706
3 4335 4332 4706
3 4334 4707 4708
3 4334 4708 4337
3 4707 4334 4333
3 4707 4333 4709
3 3985 4709 4333
3 3985 4710 4709
3 3985 4335 4710
3 4710 4335 4711
3 4335 4706 4711
3 4712 4713 4337
3 4712 4337 4708
3 4713 4336 4337
3 4713 4344 4336
3 4340 4714 4338
3 4338 4714 4698
3 4340 4339 3993
3 4340 3993 4715
3 4716 4340 4715
3 4340 4716 4714
3 4717 4341 4342
3 4341 4715 3993
3 4717 4342 4718
3 4342 4343 4719
3 4342 4719 4718
3 4343 4345 4720
3 4343 4720 4719
3 4344 4713 4721
3 4344 4721 4722
3 4345 4344 4722
3 4345 4722 4720
3 4346 4723 4348
3 4723 4346 4347
3 4347 4697 4724
3 4723 4347 4724
3 4348 4725 4726
3 4348 4726 4349
3 4723 4725 4348
3 4727 4000 4349
3 4727 4349 4726
3 4000 4727 4728
3 4000 4728 4001
3 4689 4001 4728
3 4729 4353 4351
3 4730 4729 4351
3 4730 4351 4350
3 4352 4351 4353
3 4731 4350 4365
3 4732 4730 4350
3 4733 4732 4350
3 4733 4350 4731
3 4729 4734 4353
3 4734 4354 4353
3 4734 4735 4354
3 4355 4736 4737
3 4355 4737 4362
3 4736 4355 4354
3 4736 4354 4735
3 4738 4361 4356
3 4738 4356 4357
3 4739 4738 4357
3 4739 4357 4358
3 4740 4739 4358
3 4740 4358 4359
3 4740 4359 4362
3 4361 4363 4360
3 4361 4741 4363
3 4738 4741 4361
3 4740 4362 4742
3 4737 4742 4362
3 4404 4363 4741
3 4364 4366 4743
3 4364 4743 4365
3 4731 4365 4744
3 4745 4744 4365
3 4745 4365 4743
3 4746 4743 4366
3 4746 4366 4369
3 4747 4367 4371
3 4367 4747 4748
3 4367 4748 4368
3 4749 4370 4368
3 4749 4368 4748
3 4370 4749 4750
3 4370 4750 4751
3 4369 4370 4751
3 4369 4751 4746
3 4747 4371 4752
3 4372 4752 4371
3 4372 4753 4752
3 4373 4753 4372
3 4754 4373 4374
3 4373 4754 4753
3 4754 4374 4755
3 4755 4374 4375
3 4755 4375 4756
3 4376 4757 4375
3 4757 4756 4375
3 4376 4377 4758
3 4757 4376 4758
3 4759 4760 4029
3 4759 4029 3667
3 4761 4378 4029
3 4761 4029 4760
3 4762 4759 3667
3 4762 3667 3668
3 4763 4762 3668
3 4763 3668 3669
3 3669 3899 4602
3 3669 4602 4763
3 4764 4380 4379
3 4764 4379 4396
3 4380 4764 4765
3 4380 4765 4406
3 4766 4381 4387
3 4766 4395 4381
3 4382 4385 4767
3 4382 4767 4768
3 4769 4383 4382
3 4769 4382 4768
3 4383 4769 4770
3 4383 4770 4771
3 4384 4383 4771
3 4384 4771 4772
3 4386 4384 4772
3 4397 4767 4385
3 4773 4386 4772
3 4386 4773 4387
3 4388 4774 4775
3 4388 4775 4389
3 4774 4388 4391
3 4776 4390 4389
3 4776 4389 4775
3 4390 4776 4777
3 4390 4777 4396
3 4774 4391 4778
3 4391 4393 4779
3 4391 4779 4778
3 4392 4394 4780
3 4781 4393 4392
3 4781 4392 4780
3 4393 4781 4782
3 4393 4782 4779
3 4783 4780 4394
3 4395 4783 4394
3 4784 4764 4396
3 4784 4396 4777
3 4397 4785 4767
3 4398 4785 4397
3 4786 4398 4399
3 4398 4786 4785
3 4787 4788 4399
3 4787 4399 4402
3 4786 4399 4788
3 4401 4400 4789
3 4790 4789 4400
3 4790 4400 4405
3 4401 4789 4791
3 4401 4791 4403
3 4787 4402 4403
3 4787 4403 4792
3 4791 4792 4403
3 4404 4741 4405
3 4405 4741 4793
3 4405 4793 4790
3 4794 4416 4406
3 4794 4406 4765
3 4795 4407 4408
3 4407 4795 4485
3 4795 4408 4796
3 4412 4796 4408
3 4797 4409 4410
3 4409 4797 4798
3 4409 4798 4411
3 4797 4410 4799
3 4413 4799 4410
3 4800 4412 4411
3 4800 4411 4798
3 4412 4800 4796
3 4413 4801 4799
3 4801 4413 4414
3 4801 4414 4802
3 4415 4802 4414
3 4415 4803 4802
3 4803 4415 4416
3 4794 4804 4416
3 4803 4416 4804
3 4488 4417 4805
3 4417 4422 4805
3 4806 4421 4418
3 4806 4418 4419
3 4806 4419 4807
3 4808 4807 4419
3 4420 4809 4419
3 4809 4808 4419
3 4810 4420 4424
3 4420 4810 4809
3 4806 4811 4421
3 4811 4422 4421
3 4812 4805 4422
3 4811 4812 4422
3 4423 4465 4813
3 4423 4813 4424
3 4810 4424 4814
3 4813 4814 4424
3 4428 4425 4815
3 4426 4815 4425
3 4815 4426 4816
3 4427 4816 4426
3 4438 4428 4817
3 4817 4428 4815
3 4818 4433 4429
3 4819 4818 4429
3 4819 4429 4430
3 4820 4819 4430
3 4820 4430 4432
3 4821 4432 4431
3 4822 4821 4431
3 4822 4431 4434
3 4821 4820 4432
3 4823 4441 4433
3 4818 4823 4433
3 4824 4822 4434
3 4824 4434 4435
3 4825 4824 4435
3 4825 4435 4440
3 4437 4438 4826
3 4437 4826 4827
3 4828 4437 4827
3 4437 4828 4436
3 4829 4830 4436
3 4829 4436 4828
3 4439 4436 4830
3 4831 4826 4438
3 4831 4438 4817
3 4832 4440 4439
3 4832 4439 4830
3 4440 4832 4833
3 4440 4833 4825
3 4823 4834 4441
3 4834 4445 4441
3 4442 4443 4835
3 4835 4836 4442
3 4444 4442 4836
3 4835 4443 4837
3 4443 4445 4837
3 4444 4836 4838
3 4444 4838 4839
3 4444 4839 4447
3 4840 4837 4445
3 4834 4840 4445
3 4446 4841 4427
3 4816 4427 4841
3 4842 4446 4483
3 4446 4842 4841
3 4843 4091 4093
3 4844 4843 4093
3 4844 4093 4096
3 4845 4092 4091
3 4843 4845 4091
3 4845 4846 4092
3 4846 4094 4092
3 4847 4844 4096
3 4847 4096 4097
3 4848 4095 4094
3 4846 4848 4094
3 4848 4849 4095
3 4849 4100 4095
3 4850 4847 4097
3 4850 4097 4098
3 4850 4098 4099
3 4850 4099 4851
3 4448 4851 4099
3 4852 4101 4100
3 4849 4852 4100
3 4852 4853 4101
3 4853 4102 4101
3 4854 4131 4102
3 4853 4854 4102
3 4449 4452 4855
3 4449 4855 4856
3 4450 4449 4856
3 4451 4450 4856
3 4454 4451 4856
3 4452 4453 4857
3 4452 4857 4855
3 4453 4478 4858
3 4453 4858 4857
3 4454 4856 4859
3 4455 4454 4859
3 4457 4456 4860
3 4861 4860 4456
3 4861 4456 4455
3 4455 4859 4861
3 4457 4860 4862
3 4862 4458 4457
3 4472 4458 4863
3 4862 4863 4458
3 4459 4864 4865
3 4459 4865 4460
3 4864 4459 4466
3 4866 4461 4460
3 4866 4460 4865
3 4461 4866 4867
3 4461 4867 4462
3 4868 4869 4463
3 4868 4463 4462
3 4869 4464 4463
3 4870 4868 4462
3 4870 4462 4867
3 4869 4465 4464
3 4465 4869 4871
3 4465 4871 4813
3 4872 4873 4466
3 4466 4116 4872
3 4864 4466 4873
3 4874 4872 4116
3 4874 4116 4467
3 4875 4874 4467
3 4875 4467 4468
3 4876 4875 4468
3 4876 4468 4470
3 4877 4876 4470
3 4877 4470 4878
3 4469 4878 4470
3 4469 4476 4878
3 4472 4122 4471
3 4472 4863 4879
3 4880 4472 4879
3 4472 4880 4122
3 4473 4475 4881
3 4473 4881 4882
3 4883 4474 4473
3 4883 4473 4882
3 4474 4883 4884
3 4474 4884 4477
3 4880 4475 4122
3 4476 4885 4886
3 4476 4886 4878
3 4885 4476 4477
3 4885 4477 4884
3 4478 4480 4887
3 4478 4887 4858
3 4482 4888 4479
3 4479 4888 4889
3 4479 4889 4480
3 4480 4889 4887
3 4890 4888 4482
3 4891 4890 4482
3 4891 4482 4481
3 4892 4891 4481
3 4892 4481 4132
3 4893 4892 4132
3 4893 4132 4131
3 4854 4893 4131
3 4842 4483 4894
3 4895 4484 4486
3 4484 4895 4896
3 4484 4896 4483
3 4483 4896 4894
3 4136 4485 4897
3 4486 4136 4897
3 4795 4897 4485
3 4895 4486 4898
3 4488 4805 4899
3 4488 4899 4900
3 4488 4900 4487
3 4901 4490 4487
3 4901 4487 4900
3 4490 4901 4500
3 4902 4496 4491
3 4902 4491 4499
3 4492 4491 4496
3 4493 4492 4496
3 4495 4497 4494
3 4497 4495 4498
3 4902 4498 4495
3 4496 4902 4495
3 4902 4499 4498
3 4901 4903 4500
3 4904 4500 4903
3 4501 4500 4904
3 4501 4904 4905
3 4501 4905 4514
3 4906 4502 4506
3 4502 4906 4907
3 4502 4907 4503
3 4908 4504 4503
3 4908 4503 4907
3 4504 4908 4909
3 4504 4909 4505
3 4535 4505 4909
3 4906 4506 4910
3 4507 4910 4506
3 4911 4507 4508
3 4507 4911 4910
3 4509 4912 4508
3 4911 4508 4912
3 4913 4509 4510
3 4509 4913 4912
3 4913 4510 4914
3 4511 4914 4510
3 4511 4915 4914
3 4915 4511 4512
3 4915 4512 4916
3 4513 4916 4512
3 4513 4917 4916
3 4917 4513 4515
3 4918 4515 4514
3 4919 4918 4514
3 4919 4514 4905
3 4917 4515 4920
3 4918 4920 4515
3 4921 4516 4517
3 4921 4518 4516
3 4921 4517 4922
3 4522 4922 4517
3 4921 4923 4518
3 4518 4924 4519
3 4924 4518 4923
3 4924 4925 4519
3 4519 4925 4926
3 4519 4926 4927
3 4519 4927 4520
3 4521 4520 4928
3 4929 4928 4520
3 4929 4520 4927
3 4521 4928 4930
3 4524 4521 4930
3 4522 4931 4922
3 4931 4522 4523
3 4931 4523 4932
3 4526 4932 4523
3 4524 4930 4933
3 4524 4934 4525
3 4934 4524 4933
3 4934 4699 4525
3 4527 4546 4935
3 4526 4527 4935
3 4526 4936 4932
3 4526 4935 4936
3 4937 4530 4531
3 4937 4531 4532
3 4937 4532 4938
3 4535 4939 4532
3 4940 4938 4532
3 4940 4532 4939
3 4941 4534 4533
3 4528 4941 4533
3 4941 4942 4534
3 4942 4536 4534
3 4939 4535 4909
3 4943 4537 4536
3 4942 4943 4536
3 4944 4538 4537
3 4943 4944 4537
3 4945 4539 4538
3 4944 4945 4538
3 4945 4946 4539
3 4946 4540 4539
3 4947 4541 4540
3 4946 4947 4540
3 4947 4948 4541
3 4948 4542 4541
3 4949 4545 4542
3 4948 4949 4542
3 4552 4544 4950
3 4543 4950 4544
3 4543 4951 4950
3 4951 4543 4545
3 4951 4545 4952
3 4949 4952 4545
3 4953 4935 4546
3 4547 4953 4546
3 4953 4547 4954
3 4547 4548 4955
3 4547 4955 4954
3 4548 4550 4956
3 4548 4956 4955
3 4957 4550 4549
3 4957 4549 4551
3 4550 4957 4958
3 4550 4958 4956
3 4552 4959 4551
3 4957 4551 4959
3 4553 4556 4555
3 4553 4555 4554
3 4556 4558 4555
3 4556 4594 4558
3 4594 4556 4557
3 4594 4557 4592
3 4619 4592 4557
3 4562 4960 4559
3 4559 4960 4961
3 4559 4961 4560
3 4561 4560 4961
3 4561 4961 4962
3 4564 4561 4962
3 4562 4963 4964
3 4562 4964 4965
3 4963 4562 4563
3 4562 4965 4960
3 4963 4563 4568
3 4564 4962 4966
3 4569 4564 4966
3 4565 4567 4967
3 4565 4967 4568
3 4968 4567 4566
3 4968 4566 4580
3 4567 4968 4969
3 4567 4969 4967
3 4970 4963 4568
3 4970 4568 4967
3 4569 4966 4971
3 4570 4569 4971
3 4570 4971 4972
3 4571 4570 4972
3 4571 4972 4973
3 4595 4571 4973
3 4974 4572 4585
3 4974 4573 4572
3 4974 4975 4573
3 4577 4573 4975
3 4574 4575 4976
3 4574 4976 4977
3 4578 4574 4977
3 4978 4976 4575
3 4978 4575 4979
3 4576 4979 4575
3 4979 4576 4980
3 4980 4576 4577
3 4577 4975 4980
3 3889 4234 4981
3 4235 4981 4234
3 4982 4235 4578
3 4578 4977 4983
3 4982 4578 4983
3 4579 4984 4985
3 4579 4985 4580
3 4984 4579 4581
3 4986 4968 4580
3 4986 4580 4985
3 4984 4581 4987
3 4584 4987 4581
3 4981 4988 3889
3 3889 4988 4989
3 3889 4989 4582
3 4990 4582 4989
3 4582 4990 4583
3 4584 4583 4991
3 4990 4991 4583
3 4992 4584 4991
3 4584 4992 4987
3 4974 4585 4993
3 4586 4993 4585
3 4589 4994 4587
3 4589 4587 4588
3 4586 4587 4994
3 4586 4995 4993
3 4586 4994 4995
3 4996 4994 4589
3 4590 4996 4589
3 4996 4590 4997
3 4998 4997 4590
3 4998 4590 4591
3 4998 4591 4593
3 4618 4593 4592
3 4619 4618 4592
3 4998 4593 4621
3 4620 4621 4593
3 4618 4620 4593
3 4595 4973 4999
3 5000 4595 4999
3 4595 5000 4596
3 4597 4596 5001
3 5000 5001 4596
3 5002 4600 4247
3 5002 4247 4246
3 4598 5003 5004
3 4598 5004 4601
3 5003 4598 4599
3 5003 4599 5005
3 4599 4600 5006
3 4599 5006 5005
3 4600 5002 5007
3 4600 5007 5006
3 4601 5004 5008
3 4601 5008 4603
3 4603 5009 4602
3 4763 4602 5009
3 4603 5008 5009
3 4604 4605 5010
3 4604 5010 4632
3 4633 5010 4605
3 5011 4257 4606
3 5011 4606 4273
3 5012 4607 4608
3 5012 4614 4607
3 5013 4608 5014
3 5012 4608 5013
3 5014 4608 4609
3 5014 4609 5015
3 5016 5015 4609
3 5016 4609 4611
3 5017 5016 4611
3 5017 4611 5018
3 4610 5018 4611
3 4610 5019 5018
3 5019 4610 4612
3 5019 4612 5020
3 4613 5020 4612
3 5021 4613 4257
3 5011 5021 4257
3 5012 5022 4614
3 5023 4615 4614
3 5023 4614 5022
3 5024 4616 4615
3 5024 4615 5023
3 5025 5026 4616
3 4616 5027 5025
3 4616 5024 5028
3 4616 5028 5027
3 5029 4617 4616
3 5029 4616 5026
3 5029 4621 4617
3 5029 4998 4621
3 5030 4622 5031
3 4624 5031 4622
3 5032 4623 4622
3 5032 4622 5030
3 5032 4626 4623
3 5033 4624 4625
3 4624 5033 5031
3 4632 5034 4625
3 5033 4625 5034
3 5035 5014 4626
3 5032 5035 4626
3 5014 4627 4626
3 5016 4630 4627
3 5016 4627 5015
3 5014 5015 4627
3 4631 4628 5036
3 5037 5036 4628
3 5037 4628 4629
3 5038 5037 4629
3 5038 4629 4630
3 5017 5038 4630
3 5017 4630 5016
3 5011 4273 5039
3 4631 5039 4273
3 4632 5040 5034
3 5040 4632 5010
3 4633 4643 5041
3 4633 5041 5042
3 4633 5042 5043
3 4633 5043 5010
3 5044 4635 4634
3 4687 5044 4634
3 5044 5045 4635
3 5045 4637 4635
3 5046 4638 4636
3 5047 5046 4636
3 5047 4636 4637
3 5045 5047 4637
3 5048 4639 4638
3 5046 5048 4638
3 5048 5049 4639
3 4640 4639 5049
3 4640 5050 5051
3 4640 5051 4641
3 4640 5049 5050
3 5052 4642 4641
3 5052 4641 5051
3 4642 5052 5053
3 4642 5053 4643
3 5054 5041 4643
3 5054 4643 5053
3 4644 4646 5055
3 4645 4644 5055
3 4671 4645 5055
3 5055 4646 4657
3 4647 5056 5057
3 4647 5057 4648
3 5056 4647 4664
3 5058 4649 4648
3 5058 4648 5057
3 4649 5058 5059
3 4649 5059 4650
3 5060 4651 4650
3 5060 4650 5059
3 5061 4653 4652
3 5061 4652 5062
3 4651 5062 4652
3 4651 5060 5062
3 4653 5061 5063
3 4653 5063 4654
3 4654 5063 5064
3 4654 5064 4663
3 5065 4657 4656
3 5065 4656 5066
3 4655 5066 4656
3 5067 4655 4660
3 4655 5067 5066
3 5068 5069 4657
3 5068 4657 5065
3 5055 4657 5069
3 5070 4659 4658
3 5070 4658 4663
3 4659 5070 5071
3 4659 5071 4661
3 5072 4660 4662
3 5067 4660 5072
3 5072 4662 5073
3 5074 5073 4662
3 5074 4662 4661
3 5075 5074 4661
3 5075 4661 5071
3 5076 5070 4663
3 5076 4663 5064
3 5056 4664 5077
3 4668 5077 4664
3 5078 4665 5079
3 5080 5079 4665
3 5080 4665 4670
3 5081 4665 5078
3 4666 4665 5081
3 4666 5081 4667
3 4668 4667 5082
3 5083 5082 4667
3 5083 4667 5081
3 5084 4668 5082
3 4668 5084 5077
3 4672 4671 5069
3 4671 5055 5069
3 4672 5069 5068
3 4673 4672 5068
3 4673 5068 5085
3 4685 4673 5085
3 5086 4312 4311
3 4682 5086 4311
3 5086 5087 4312
3 5087 4669 4312
3 4674 5088 5089
3 4674 5089 4675
3 5088 4674 4678
3 5090 4676 4675
3 5090 4675 5089
3 4676 5090 5091
3 4676 5091 4677
3 4677 5091 5092
3 4677 5092 4681
3 5088 4678 5093
3 4679 5093 4678
3 4679 5094 5093
3 5094 4679 4680
3 5094 4680 5095
3 4683 5095 4680
3 4682 4681 5092
3 4682 5092 5096
3 5086 4682 5096
3 4683 5097 5095
3 5097 4683 4684
3 5097 4684 5098
3 4689 5098 4684
3 4686 4685 5099
3 5100 5099 4685
3 4685 5085 5100
3 4686 5099 5101
3 4688 4686 5101
3 4687 4315 5102
3 5044 4687 5102
3 5103 5102 4315
3 4688 5103 4315
3 5103 4688 5104
3 4688 5101 5104
3 4689 5105 5098
3 5105 4689 4728
3 4690 5106 4691
3 5106 4690 5107
3 5107 4690 4693
3 5108 4692 4691
3 5108 4691 5106
3 4692 5108 5109
3 4692 5109 4696
3 5107 4693 5110
3 4695 5110 4693
3 5111 4695 4694
3 5111 4694 5112
3 4698 5112 4694
3 4695 5111 5110
3 5113 4697 4696
3 5113 4696 5109
3 5114 4698 4714
3 4698 5114 5112
3 5115 4701 4700
3 5115 4700 4699
3 5116 5115 4699
3 5116 4699 5117
3 4934 5117 4699
3 4701 5115 5118
3 4701 5118 4705
3 5119 4706 4702
3 5120 5119 4702
3 5120 4702 4703
3 5121 5120 4703
3 5121 4703 4704
3 5122 5121 4704
3 5122 4704 4705
3 5123 5122 4705
3 5123 4705 5118
3 5124 4711 4706
3 5119 5124 4706
3 5125 4712 4708
3 5125 4708 5126
3 4707 5126 4708
3 4707 5127 5126
3 5127 4707 4709
3 5127 4709 5128
3 4710 5128 4709
3 4710 5129 5128
3 4710 4711 5129
3 5129 4711 5130
3 5124 5130 4711
3 4712 5125 5131
3 4712 5131 5132
3 4713 4712 5132
3 4713 5132 4721
3 5114 4714 5133
3 4716 5133 4714
3 5134 5135 4715
3 4341 5134 4715
3 4716 4715 5135
3 5136 4716 5135
3 4716 5136 5133
3 5137 4717 4718
3 4717 5137 5138
3 5134 4341 4717
3 5134 4717 5139
3 5138 5139 4717
3 5137 4718 5140
3 4719 5141 4718
3 5141 5142 4718
3 5142 5140 4718
3 4719 5143 5141
3 5143 4719 4720
3 4722 5144 4720
3 5143 4720 5144
3 5145 5146 4721
3 5145 4721 5132
3 4722 4721 5146
3 4722 5147 5144
3 4722 5146 5147
3 4723 4724 4725
3 4697 4725 4724
3 4725 4697 5148
3 4725 5148 4726
3 5149 4727 4726
3 5149 4726 5148
3 4727 5149 5150
3 4727 5150 4728
3 5105 4728 5150
3 4729 4730 5151
3 4729 5151 5152
3 4734 4729 5152
3 5153 5151 4730
3 5153 4730 5154
3 4732 5154 4730
3 4731 4744 5155
3 4731 5155 5156
3 4733 4731 5156
3 5157 4732 4733
3 4733 5156 5158
3 5157 4733 5158
3 4734 5152 5159
3 4735 4734 5159
3 4735 5159 5160
3 5161 5162 4737
3 5161 4737 4736
3 5161 4736 4735
3 5161 4735 5160
3 4738 4739 5163
3 4738 5163 5164
3 4738 5164 4741
3 4739 4740 5165
3 4739 5165 5163
3 4742 5165 4740
3 5166 4793 4741
3 5166 4741 5164
3 4742 5167 5165
3 4737 5167 4742
3 5168 4745 4743
3 5168 4743 4746
3 4744 4745 5169
3 4744 5169 5155
3 4745 5168 5170
3 4745 5170 5169
3 5171 5168 4746
3 5171 4746 4751
3 4749 4748 5172
3 5173 5172 4748
3 5173 4748 4747
3 5173 4747 4752
3 5174 4750 4749
3 4749 5172 5174
3 5175 5171 4751
3 5175 4751 4750
3 5176 5175 4750
3 5176 4750 5177
3 5174 5177 4750
3 5173 4752 5178
3 4753 5178 4752
3 4753 5179 5178
3 4754 5179 4753
3 5180 4754 4755
3 4754 5180 5179
3 5180 4755 5181
3 5181 4755 4756
3 5181 4756 5182
3 5183 5182 4756
3 4757 5183 4756
3 4757 4758 5184
3 5183 4757 5184
3 4378 4761 5185
3 4378 5185 4377
3 4759 4762 5186
3 4759 5186 5187
3 4760 4759 5187
3 4760 5187 5188
3 5189 4761 4760
3 5189 4760 5188
3 4761 5189 5190
3 4761 5190 5185
3 5191 5186 4762
3 5191 4762 4763
3 4763 5009 5191
3 4764 4784 5192
3 4764 5192 4765
3 4794 4765 5192
3 5193 4395 4766
3 5193 4766 4387
3 5194 4768 5195
3 5196 5195 4768
3 5196 4768 4767
3 4769 4768 5194
3 5196 4767 4785
3 4769 5197 5198
3 4769 5198 4770
3 4769 5194 5197
3 5199 5200 4770
3 5199 4770 5198
3 5200 4771 4770
3 5201 4772 4771
3 5200 5201 4771
3 5201 5202 4772
3 4773 4772 5202
3 4773 5203 4387
3 5193 4387 5203
3 5204 4775 4774
3 5204 4774 4778
3 5205 4775 5206
3 5205 4776 4775
3 5204 5206 4775
3 5207 4777 4776
3 5205 5207 4776
3 5208 4784 4777
3 5207 5208 4777
3 5194 5209 4778
3 5204 4778 5209
3 4779 5194 4778
3 5197 4779 4782
3 4779 5197 5194
3 4783 5210 4780
3 5211 4781 4780
3 5211 4780 5210
3 4781 5211 5212
3 4781 5212 4782
3 5197 4782 5198
3 5199 5198 4782
3 5199 4782 5212
3 5193 5213 4395
3 5213 4783 4395
3 5214 5192 4784
3 5208 5214 4784
3 5196 4785 5215
3 5216 5215 4785
3 5216 4785 4786
3 5217 5216 4786
3 5217 4786 4788
3 5218 5219 4788
3 5219 5220 4788
3 4788 5220 5221
3 4788 5221 5217
3 5222 5218 4788
3 5222 4788 4787
3 5222 4787 4792
3 5223 4791 4789
3 5223 4789 5224
3 4790 5224 4789
3 4790 4793 5224
3 4791 5223 4792
3 5222 4792 5225
3 5223 5225 4792
3 4793 5166 5226
3 4793 5226 5224
3 4794 5227 4804
3 4794 5192 5228
3 4794 5228 5229
3 4794 5229 5227
3 5230 4795 4796
3 4795 5230 4897
3 5230 4796 5231
3 4800 5231 4796
3 5232 4797 4799
3 4797 5232 5233
3 4797 5233 4798
3 5234 4800 4798
3 5234 4798 5233
3 5232 4799 5235
3 5235 4799 4801
3 4800 5234 5231
3 5235 4801 5236
3 5237 5236 4801
3 5237 4801 4802
3 5238 5237 4802
3 5238 4802 4803
3 5239 5238 4803
3 5239 4803 4804
3 5240 5239 4804
3 5240 4804 5227
3 4812 5241 4805
3 5241 4899 4805
3 4807 5242 4806
3 4811 4806 5242
3 4807 5243 5242
3 5244 5243 4807
3 4808 5244 4807
3 5244 4808 5245
3 5246 5245 4808
3 5246 4808 5247
3 4809 5247 4808
3 4810 5248 4809
3 4809 5248 5249
3 4809 5249 5247
3 5250 4810 4814
3 4810 5250 5248
3 4811 5242 5251
3 4812 4811 5251
3 4812 5251 5252
3 5241 4812 5252
3 5253 4813 4871
3 4813 5253 4814
3 5250 4814 5254
3 5253 5254 4814
3 4817 4815 5255
3 4815 4816 5255
3 5255 4816 4841
3 4831 4817 5255
3 4823 4818 5256
3 4818 4819 5257
3 4818 5257 5256
3 4819 4820 5258
3 4819 5258 5257
3 4820 4821 5259
3 4820 5259 5258
3 4822 4824 5260
3 4822 5260 5261
3 4821 4822 5261
3 4821 5261 5259
3 4823 5256 5262
3 4834 4823 5262
3 4824 4825 5263
3 4824 5263 5260
3 5264 5263 4825
3 5264 4825 4833
3 5265 5266 4826
3 5265 4826 4831
3 5266 4827 4826
3 4828 4827 5267
3 5268 5267 4827
3 5266 5268 4827
3 4829 4828 5267
3 4829 5267 5269
3 4829 5269 5270
3 4829 5270 5271
3 5271 4830 4829
3 5271 4832 4830
3 4831 5272 5273
3 4831 5273 5265
3 4831 5255 5272
3 4832 5271 5274
3 4832 5274 4833
3 5275 5264 4833
3 5275 4833 5274
3 4834 5262 5276
3 4840 4834 5276
3 4835 4837 5277
3 4835 5277 4836
3 5278 4836 5277
3 5279 4836 5278
3 5280 4838 4836
3 5280 4836 5279
3 5281 5277 4837
3 5281 4837 5282
3 4840 5282 4837
3 4840 5276 5283
3 5282 4840 5283
3 4842 5272 4841
3 5255 4841 5272
3 5273 4842 4894
3 4842 5273 5272
3 4448 5284 4851
3 5284 4448 4447
3 5284 4447 5285
3 4839 5285 4447
3 4845 4843 5286
3 4843 4844 5287
3 4843 5287 5286
3 4844 4847 5288
3 4844 5288 5287
3 4845 5286 5289
3 4846 4845 5289
3 4846 5289 5290
3 4848 4846 5290
3 5291 5288 4847
3 5291 4847 4850
3 4848 5290 5292
3 4849 4848 5292
3 4849 5292 5293
3 4852 4849 5293
3 5291 4850 4851
3 5291 4851 5294
3 5284 5294 4851
3 4852 5293 5295
3 4853 4852 5295
3 4853 5295 5296
3 4854 4853 5296
3 4854 5296 5297
3 4893 4854 5297
3 5298 5299 4855
3 5298 4855 4857
3 5299 4856 4855
3 5299 5300 4856
3 5300 4859 4856
3 5301 5298 4857
3 5301 4857 4858
3 5302 5301 4858
3 5302 4858 4887
3 5300 5303 4859
3 5303 4861 4859
3 5304 5305 4860
3 5304 4860 4861
3 5305 4862 4860
3 5303 5304 4861
3 5306 4863 4862
3 5305 5306 4862
3 5306 5307 4863
3 5307 4879 4863
3 5308 4864 4873
3 4864 5308 5309
3 4864 5309 4865
3 5310 4866 4865
3 5310 4865 5309
3 4866 5310 5311
3 4866 5311 4867
3 5312 4870 4867
3 5312 4867 5311
3 4868 4870 5313
3 4868 5313 5314
3 4869 4868 5314
3 4869 5314 4871
3 4870 5312 5315
3 4870 5315 5313
3 5316 5317 4871
3 5316 4871 5314
3 5253 4871 5317
3 4872 4874 5318
3 4872 5318 5319
3 4872 5319 4873
3 5320 4873 5319
3 5308 4873 5320
3 4874 4875 5321
3 4874 5321 5318
3 4875 4876 5322
3 4875 5322 5321
3 4876 4877 5323
3 4876 5323 5322
3 4877 5324 5325
3 4877 5325 5323
3 5324 4877 4878
3 5324 4878 4886
3 4880 5326 4475
3 5326 4880 5327
3 4880 4879 5327
3 5328 5327 4879
3 5307 5328 4879
3 5329 4882 4881
3 5330 5329 4881
3 5329 5331 4882
3 5332 4883 4882
3 5333 5332 4882
3 5331 5333 4882
3 5334 4884 4883
3 5332 5334 4883
3 5335 4885 4884
3 5334 5335 4884
3 5326 4881 4475
3 5326 5336 4881
3 5336 5330 4881
3 5337 5324 4886
3 5337 4886 5338
3 5338 4886 4885
3 5338 4885 5339
3 5335 5339 4885
3 4889 4890 4887
3 4890 4889 4888
3 4890 4891 5340
3 4890 5340 4887
3 4891 4892 5341
3 4891 5341 5340
3 4892 4893 5342
3 4892 5342 5341
3 4893 5297 5342
3 5273 4894 5343
3 4896 5343 4894
3 5344 4895 4898
3 4895 5344 5345
3 4895 5345 4896
3 4896 5345 5346
3 4896 5346 5343
3 4486 4897 5347
3 5230 5347 4897
3 5348 4486 5347
3 4486 5348 4898
3 5348 5349 4898
3 5344 4898 5349
3 5350 4900 4899
3 5350 4899 5351
3 5241 5351 4899
3 5352 4901 4900
3 5352 4900 5350
3 4901 5352 4903
3 5352 5353 4903
3 4904 4903 5354
3 5355 5354 4903
3 5355 4903 5353
3 4904 5354 5356
3 4904 5356 4905
3 5357 4919 4905
3 5357 4905 5356
3 5358 4906 4910
3 4906 5358 5359
3 4906 5359 4907
3 5360 4908 4907
3 5360 4907 5359
3 4908 5360 5361
3 4908 5361 4909
3 4939 4909 5361
3 5358 4910 5362
3 4911 5362 4910
3 5363 4911 4912
3 4911 5363 5362
3 4913 5364 4912
3 5363 4912 5364
3 5365 4913 4914
3 4913 5365 5364
3 5365 4914 5366
3 4915 5366 4914
3 4915 5367 5366
3 5367 4915 4916
3 5367 4916 5368
3 4917 5368 4916
3 4917 5369 5368
3 5369 4917 4920
3 4918 4919 5370
3 4918 5370 5371
3 4920 4918 5371
3 5357 5370 4919
3 5369 4920 5372
3 4920 5371 5372
3 5373 4921 4922
3 4921 5373 5374
3 4921 5374 4923
3 5373 4922 5375
3 4931 5375 4922
3 5376 4923 5374
3 4924 4923 5376
3 4924 5377 4925
3 5377 4924 5376
3 5378 4926 4925
3 5378 4925 5379
3 5377 5379 4925
3 5380 5381 4926
3 5380 4926 5378
3 4927 4926 5381
3 4927 5381 4929
3 5143 4930 4928
3 5143 4928 5141
3 5382 5141 4928
3 5382 4928 4929
3 5383 5382 4929
3 5383 4929 5381
3 4930 5143 5144
3 4930 5144 4933
3 5384 4931 4932
3 4931 5384 5375
3 4936 5385 4932
3 5384 4932 5385
3 4934 4933 5386
3 5147 5386 4933
3 5147 4933 5144
3 5117 4934 5386
3 4936 4935 5387
3 4953 5387 4935
3 4936 5388 5385
3 4936 5387 5388
3 4941 4528 5389
3 4528 4529 5390
3 4528 5390 5389
3 4529 4530 5391
3 4529 5391 5390
3 4937 5391 4530
3 4940 4939 5361
3 4940 5361 5392
3 4942 4941 5393
3 4943 4942 5393
3 4943 5393 5394
3 4944 4943 5394
3 4945 4944 5395
3 4944 5394 5395
3 4945 5395 5396
3 4946 4945 5396
3 4949 4948 5397
3 5397 4952 4949
3 4552 4950 5398
3 4951 5398 4950
3 4951 5399 5398
3 4952 5399 4951
3 4952 5400 5399
3 5397 5400 4952
3 4953 4954 5401
3 5387 4953 5401
3 5402 5401 4954
3 5403 5402 4954
3 5403 4954 4955
3 5404 5403 4955
3 5404 4955 4956
3 5405 5404 4956
3 5405 4956 4958
3 4957 4959 5406
3 5406 4958 4957
3 5406 5407 4958
3 5405 4958 5407
3 4552 5398 5408
3 5408 4959 4552
3 5409 4960 4965
3 4960 5409 5410
3 4960 5410 4961
3 5410 4962 4961
3 5411 4966 4962
3 5410 5411 4962
3 4963 4970 5412
3 4963 5412 4964
3 5413 4965 4964
3 4964 5412 5414
3 4964 5414 5413
3 5413 5415 4965
3 5409 4965 5416
3 5416 4965 5415
3 5411 5417 4966
3 5417 4971 4966
3 5418 4970 4967
3 5418 4967 4969
3 4968 4986 5419
3 4968 5419 4969
3 5420 5418 4969
3 5420 4969 5419
3 4970 5418 5421
3 4970 5421 5412
3 5417 5422 4971
3 5422 5423 4971
3 5423 4972 4971
3 5424 4973 4972
3 5423 5424 4972
3 5424 5425 4973
3 5425 4999 4973
3 5426 4974 4993
3 5426 4975 4974
3 5427 4980 4975
3 5426 5428 4975
3 5429 5427 4975
3 5429 4975 5428
3 5430 4983 4977
3 5431 5430 4977
3 5431 4977 4976
3 5432 5431 4976
3 5432 4976 4978
3 5432 4978 5433
3 4978 4979 5434
3 4978 5434 5433
3 4979 4980 5434
3 5434 4980 5435
3 5427 5435 4980
3 4981 4235 5436
3 4981 5436 5437
3 4981 5437 4988
3 5438 5436 4235
3 5438 4235 4982
3 4982 4983 5439
3 5438 4982 5439
3 5430 5440 4983
3 5440 5439 4983
3 4984 5441 5442
3 4984 5442 4985
3 5441 4984 4987
3 5443 4986 4985
3 5443 4985 5442
3 4986 5443 5444
3 4986 5444 5419
3 5441 4987 5445
3 4992 5445 4987
3 5446 4989 4988
3 5446 4988 5447
3 5447 4988 5437
3 4990 4989 5448
3 4989 5446 5449
3 4989 5449 5448
3 5450 4990 5448
3 4990 5450 4991
3 4992 4991 5451
3 5450 5451 4991
3 5452 4992 5451
3 4992 5452 5445
3 5426 4993 5453
3 5453 4993 4995
3 5454 4995 4994
3 4996 5454 4994
3 5453 4995 5455
3 5454 5455 4995
3 4996 4997 5456
3 5454 4996 5456
3 5457 5456 4997
3 5029 5457 4997
3 5029 4997 4998
3 5425 5458 4999
3 5000 4999 5459
3 5458 5459 4999
3 5460 5000 5459
3 5000 5460 5001
3 5461 5002 4246
3 5461 4246 4597
3 5002 5461 5462
3 5002 5462 5007
3 5040 5010 5043
3 5039 5463 5011
3 5021 5011 5463
3 5464 5012 5013
3 5464 5022 5012
3 5013 5014 5465
3 5035 5465 5014
3 5466 5038 5017
3 5466 5017 5018
3 4613 5021 5467
3 5021 5463 5467
3 5464 5468 5022
3 5023 5022 5468
3 5023 5468 5024
3 5024 5468 5469
3 5024 5469 5028
3 5470 5025 5471
3 5025 5470 5026
3 5471 5025 5027
3 5470 5472 5026
3 5026 5472 5457
3 5026 5457 5029
3 5473 5474 5027
3 5471 5027 5474
3 5028 5473 5027
3 5028 5469 5473
3 5033 5475 5031
3 5032 5030 5476
3 5476 5035 5032
3 5477 5033 5034
3 5033 5477 5475
3 5040 5478 5034
3 5477 5034 5478
3 5039 5479 5463
3 4631 5479 5039
3 5040 5480 5478
3 5480 5040 5043
3 5041 5054 5481
3 5041 5481 5042
3 5482 5480 5042
3 5482 5042 5481
3 5480 5043 5042
3 5044 5102 5483
3 5045 5044 5483
3 5045 5483 5484
3 5047 5045 5484
3 5048 5046 5485
3 5046 5047 5486
3 5046 5486 5485
3 5047 5484 5486
3 5048 5485 5487
3 5049 5048 5487
3 5049 5487 5488
3 5489 5050 5049
3 5489 5049 5488
3 5050 5489 5490
3 5050 5490 5051
3 5491 5052 5051
3 5491 5051 5490
3 5052 5491 5492
3 5052 5492 5053
3 5493 5054 5053
3 5493 5053 5492
3 5054 5493 5494
3 5054 5494 5481
3 5056 5495 5496
3 5056 5496 5057
3 5495 5056 5077
3 5497 5058 5057
3 5497 5057 5496
3 5058 5497 5498
3 5058 5498 5059
3 5499 5060 5059
3 5499 5059 5498
3 5060 5499 5500
3 5060 5500 5062
3 5061 5501 5502
3 5061 5502 5063
3 5501 5061 5062
3 5501 5062 5500
3 5063 5502 5503
3 5063 5503 5064
3 5504 5076 5064
3 5504 5064 5503
3 5066 5505 5506
3 5066 5506 5065
3 5067 5505 5066
3 5065 5506 5085
3 5065 5085 5068
3 5507 5067 5072
3 5067 5507 5505
3 5076 5071 5070
3 5075 5071 5508
3 5076 5508 5071
3 5073 5509 5072
3 5507 5072 5509
3 5073 5074 5510
3 5073 5510 5511
3 5073 5511 5509
3 5512 5510 5074
3 5512 5074 5075
3 5075 5508 5513
3 5512 5075 5513
3 5504 5508 5076
3 5495 5077 5514
3 5084 5514 5077
3 5078 5515 5516
3 5078 5516 5517
3 5078 5079 5515
3 5081 5078 5083
3 5083 5078 5517
3 5518 5515 5079
3 5518 5079 5519
3 5080 5519 5079
3 5080 4670 5520
3 5520 5521 5080
3 5080 5521 5519
3 5084 5082 5517
3 5083 5517 5082
3 5522 5084 5517
3 5084 5522 5514
3 5523 4670 4669
3 5087 5523 4669
3 5523 5524 4670
3 5524 5520 4670
3 5085 5506 5525
3 5085 5525 5100
3 5086 5096 5526
3 5087 5086 5526
3 5087 5526 5527
3 5523 5087 5527
3 5088 5528 5529
3 5088 5529 5089
3 5528 5088 5093
3 5530 5090 5089
3 5530 5089 5529
3 5090 5530 5531
3 5090 5531 5091
3 5532 5092 5091
3 5532 5091 5531
3 5532 5096 5092
3 5528 5093 5533
3 5094 5533 5093
3 5094 5534 5533
3 5534 5094 5095
3 5534 5095 5535
3 5097 5535 5095
3 5532 5536 5096
3 5536 5526 5096
3 5097 5537 5535
3 5537 5097 5098
3 5537 5098 5538
3 5105 5538 5098
3 5539 5101 5099
3 5539 5099 5100
3 5539 5100 5525
3 5540 5104 5101
3 5539 5540 5101
3 5103 5541 5102
3 5541 5483 5102
3 5103 5104 5542
3 5541 5103 5542
3 5542 5104 5543
3 5540 5543 5104
3 5105 5544 5538
3 5544 5105 5150
3 5545 5108 5106
3 5545 5106 5546
3 5546 5106 5107
3 5546 5107 5547
3 5547 5107 5110
3 5108 5545 5548
3 5108 5548 5109
3 5109 5548 5549
3 5109 5549 5113
3 5547 5110 5550
3 5111 5550 5110
3 5551 5111 5112
3 5111 5551 5550
3 5551 5112 5552
3 5114 5552 5112
3 5553 5114 5133
3 5114 5553 5552
3 5115 5116 5554
3 5115 5554 5118
3 5555 5554 5116
3 5116 5117 5556
3 5116 5556 5555
3 5117 5386 5556
3 5557 5123 5118
3 5557 5118 5554
3 5124 5119 5558
3 5119 5120 5559
3 5119 5559 5558
3 5120 5121 5560
3 5120 5560 5559
3 5121 5122 5561
3 5121 5561 5560
3 5122 5123 5562
3 5122 5562 5561
3 5123 5557 5563
3 5123 5563 5562
3 5124 5558 5564
3 5130 5124 5564
3 5125 5565 5566
3 5125 5566 5131
3 5565 5125 5126
3 5565 5126 5567
3 5127 5567 5126
3 5127 5568 5567
3 5568 5127 5128
3 5568 5128 5569
3 5129 5569 5128
3 5129 5570 5569
3 5129 5130 5570
3 5570 5130 5571
3 5130 5564 5571
3 5572 5145 5132
3 5572 5132 5131
3 5573 5572 5131
3 5573 5131 5566
3 5553 5133 5574
3 5136 5574 5133
3 5575 5134 5139
3 5134 5575 5135
3 5136 5135 5576
3 5575 5576 5135
3 5577 5136 5576
3 5136 5577 5574
3 5578 5137 5140
3 5137 5578 5579
3 5137 5579 5138
3 5580 5138 5579
3 5138 5580 5139
3 5575 5139 5581
3 5580 5581 5139
3 5578 5140 5582
3 5583 5582 5140
3 5142 5583 5140
3 5141 5382 5142
3 5382 5584 5142
3 5583 5142 5584
3 5145 5572 5585
3 5145 5585 5555
3 5146 5145 5555
3 5146 5555 5556
3 5147 5146 5556
3 5147 5556 5386
3 4697 5113 5586
3 4697 5586 5148
3 5113 5549 5587
3 5113 5587 5586
3 5588 5149 5148
3 5588 5148 5586
3 5149 5588 5589
3 5149 5589 5150
3 5544 5150 5589
3 5590 5152 5151
3 5591 5592 5151
3 5591 5151 5153
3 5592 5593 5151
3 5594 5590 5151
3 5594 5151 5593
3 5595 5159 5152
3 5590 5595 5152
3 5153 5596 5591
3 5597 5156 5155
3 5598 5597 5155
3 5598 5155 5169
3 5597 5599 5156
3 5599 5158 5156
3 5600 4732 5157
3 5157 5158 5601
3 5600 5157 5601
3 5602 5601 5158
3 5599 5602 5158
3 5595 5603 5159
3 5603 5160 5159
3 5604 5160 5605
3 5603 5605 5160
3 5606 5162 5161
3 5606 5161 5160
3 5606 5607 5162
3 5607 5608 5162
3 5609 5162 5608
3 4737 5162 5224
3 5223 5224 5162
3 5223 5162 5609
3 4737 5224 5226
3 4737 5226 5167
3 5606 5160 5604
3 5165 5164 5163
3 5165 5166 5164
3 5166 5165 5167
3 5166 5167 5226
3 5168 5171 5610
3 5168 5610 5170
3 5611 5598 5169
3 5611 5169 5170
3 5612 5611 5170
3 5612 5170 5610
3 5171 5175 5613
3 5171 5613 5610
3 5173 5614 5172
3 5614 5174 5172
3 5173 5615 5614
3 5615 5173 5178
3 5616 5177 5174
3 5614 5616 5174
3 5175 5176 5617
3 5175 5617 5613
3 5618 5617 5176
3 5618 5176 5619
3 5619 5176 5177
3 5619 5177 5620
3 5616 5621 5177
3 5620 5177 5621
3 5615 5178 5622
3 5179 5622 5178
3 5179 5623 5622
3 5623 5179 5624
3 5180 5624 5179
3 5180 5625 5624
3 5625 5180 5181
3 5625 5181 5626
3 5626 5181 5182
3 5626 5182 5627
3 5183 5628 5182
3 5628 5627 5182
3 5183 5184 5629
3 5628 5183 5629
3 5630 4758 4377
3 5630 4377 5185
3 5631 5630 5185
3 5631 5185 5190
3 5214 5228 5192
3 5632 5213 5193
3 5632 5193 5203
3 5194 5195 5633
3 5194 5633 5209
3 5195 5196 5634
3 5215 5634 5196
3 5212 5635 5199
3 5200 5199 5635
3 4773 5636 5203
3 5632 5203 5636
3 5209 5637 5204
3 5204 5637 5206
3 5207 5205 5638
3 5207 5638 5639
3 5208 5207 5639
3 5214 5208 5640
3 5208 5639 5640
3 5632 5641 5213
3 4783 5213 5641
3 5214 5640 5642
3 5228 5214 5642
3 5215 5643 5634
3 5216 5643 5215
3 5216 5217 5643
3 5644 5643 5217
3 5644 5217 5221
3 5645 5218 5646
3 5218 5645 5219
3 5647 5646 5218
3 5647 5218 5222
3 5645 5648 5219
3 5219 5649 5220
3 5648 5649 5219
3 5650 5220 5649
3 5221 5220 5650
3 5221 5650 5644
3 5222 5225 5651
3 5222 5651 5647
3 5223 5609 5225
3 5608 5651 5225
3 5608 5225 5609
3 5652 5240 5227
3 5652 5227 5229
3 5228 5642 5229
3 5653 5652 5229
3 5653 5229 5642
3 5654 5230 5231
3 5230 5654 5347
3 5654 5231 5655
3 5234 5655 5231
3 5656 5232 5235
3 5232 5656 5657
3 5232 5657 5233
3 5658 5234 5233
3 5658 5233 5657
3 5234 5658 5655
3 5656 5235 5659
3 5235 5236 5660
3 5235 5660 5659
3 5236 5237 5661
3 5236 5661 5660
3 5237 5238 5662
3 5237 5662 5661
3 5238 5239 5663
3 5238 5663 5662
3 5239 5240 5664
3 5239 5664 5663
3 5240 5652 5665
3 5240 5665 5664
3 5241 5252 5666
3 5351 5241 5666
3 5667 5251 5242
3 5668 5667 5242
3 5668 5242 5243
3 5668 5243 5669
3 5244 5669 5243
3 5244 5245 5670
3 5669 5244 5670
3 5671 5672 5245
3 5671 5245 5246
3 5672 5670 5245
3 5246 5673 5674
3 5246 5674 5671
3 5247 5673 5246
3 5247 5249 5673
3 5334 5332 5248
3 5334 5248 5250
3 5675 5249 5248
3 5675 5248 5332
3 5249 5675 5676
3 5249 5676 5673
3 5335 5334 5250
3 5335 5250 5254
3 5667 5677 5251
3 5677 5252 5251
3 5678 5666 5252
3 5677 5678 5252
3 5679 5253 5317
3 5253 5679 5254
3 5339 5335 5254
3 5339 5254 5679
3 5680 5262 5256
3 5681 5680 5256
3 5681 5256 5257
3 5682 5681 5257
3 5682 5257 5258
3 5683 5682 5258
3 5683 5258 5259
3 5684 5683 5259
3 5684 5259 5261
3 5685 5261 5260
3 5686 5685 5260
3 5686 5260 5263
3 5685 5684 5261
3 5687 5276 5262
3 5680 5687 5262
3 5263 5264 5688
3 5263 5688 5686
3 5264 5275 5689
3 5264 5689 5688
3 5690 5691 5266
3 5690 5266 5265
3 5268 5266 5691
3 5265 5273 5343
3 5265 5343 5690
3 5269 5267 5692
3 5268 5692 5267
3 5268 5691 5693
3 5692 5268 5693
3 5269 5694 5695
3 5269 5695 5270
3 5269 5692 5694
3 5696 5697 5270
3 5696 5270 5695
3 5697 5271 5270
3 5697 5274 5271
3 5697 5275 5274
3 5697 5698 5275
3 5689 5275 5698
3 5687 5699 5276
3 5699 5283 5276
3 5278 5277 5281
3 5281 5700 5278
3 5279 5278 5701
3 5702 5701 5278
3 5702 5278 5700
3 5279 5701 5703
3 5279 5703 5704
3 5280 5279 5704
3 5280 5704 5705
3 5706 5280 5705
3 5280 5706 4838
3 5281 5282 5700
3 5282 5283 5700
3 4839 5707 5285
3 5707 4839 4838
3 5707 4838 5708
3 5706 5708 4838
3 5709 5700 5283
3 5699 5709 5283
3 5284 5710 5294
3 5710 5284 5285
3 5710 5285 5711
3 5707 5711 5285
3 5712 5289 5286
3 5713 5712 5286
3 5713 5286 5287
3 5714 5713 5287
3 5714 5287 5288
3 5715 5714 5288
3 5715 5288 5291
3 5716 5290 5289
3 5712 5716 5289
3 5716 5717 5290
3 5717 5292 5290
3 5715 5291 5294
3 5718 5293 5292
3 5717 5718 5292
3 5718 5719 5293
3 5719 5295 5293
3 5715 5294 5720
3 5710 5720 5294
3 5721 5296 5295
3 5719 5721 5295
3 5721 5722 5296
3 5722 5297 5296
3 5723 5342 5297
3 5722 5723 5297
3 5298 5301 5724
3 5298 5724 5725
3 5299 5298 5725
3 5299 5725 5726
3 5300 5299 5726
3 5300 5726 5727
3 5303 5300 5727
3 5301 5302 5728
3 5301 5728 5724
3 5303 5727 5729
3 5304 5303 5729
3 5304 5729 5730
3 5305 5304 5730
3 5305 5730 5731
3 5306 5305 5731
3 5306 5731 5732
3 5307 5306 5732
3 5307 5732 5733
3 5328 5307 5733
3 5734 5308 5320
3 5308 5734 5735
3 5308 5735 5309
3 5736 5310 5309
3 5736 5309 5735
3 5310 5736 5737
3 5310 5737 5311
3 5738 5312 5311
3 5738 5311 5737
3 5312 5738 5739
3 5312 5739 5315
3 5740 5314 5313
3 5741 5740 5313
3 5741 5313 5315
3 5740 5316 5314
3 5742 5741 5315
3 5742 5315 5739
3 5740 5743 5316
3 5316 5743 5744
3 5316 5744 5317
3 5679 5317 5744
3 5745 5746 5318
3 5745 5318 5321
3 5746 5319 5318
3 5320 5319 5747
3 5746 5747 5319
3 5747 5748 5320
3 5734 5320 5748
3 5749 5745 5321
3 5749 5321 5322
3 5750 5749 5322
3 5750 5322 5323
3 5751 5750 5323
3 5751 5323 5325
3 5324 5337 5752
3 5324 5752 5325
3 5753 5751 5325
3 5753 5325 5752
3 5326 5327 5754
3 5336 5326 5754
3 5328 5755 5327
3 5755 5754 5327
3 5328 5733 5756
3 5755 5328 5756
3 5329 5330 5757
3 5329 5757 5758
3 5331 5329 5758
3 5759 5757 5330
3 5336 5759 5330
3 5331 5758 5760
3 5761 5331 5760
3 5331 5761 5333
3 5333 5675 5332
3 5675 5333 5762
3 5761 5762 5333
3 5336 5754 5763
3 5759 5336 5763
3 5337 5743 5764
3 5337 5764 5752
3 5743 5337 5338
3 5743 5338 5744
3 5339 5744 5338
3 5339 5679 5744
3 5765 5302 4887
3 5765 4887 5340
3 5302 5765 5766
3 5302 5766 5728
3 5767 5765 5340
3 5767 5340 5341
3 5768 5767 5341
3 5768 5341 5342
3 5723 5768 5342
3 5343 5346 5769
3 5343 5769 5690
3 5770 5344 5349
3 5344 5770 5771
3 5344 5771 5345
3 5346 5345 5771
3 5346 5771 5769
3 5348 5347 5772
3 5654 5772 5347
3 5773 5348 5772
3 5348 5773 5349
3 5774 5349 5773
3 5770 5349 5774
3 5775 5352 5350
3 5775 5350 5776
3 5351 5776 5350
3 5351 5666 5777
3 5351 5777 5776
3 5352 5775 5353
3 5775 5778 5353
3 5779 5355 5353
3 5779 5353 5778
3 5354 5355 5780
3 5354 5780 5356
3 5355 5779 5781
3 5355 5781 5780
3 5782 5357 5356
3 5782 5356 5780
3 5782 5783 5357
3 5357 5783 5370
3 5784 5358 5362
3 5358 5784 5359
3 5784 5362 5785
3 5363 5785 5362
3 5786 5363 5364
3 5363 5786 5785
3 5365 5787 5364
3 5786 5364 5787
3 5788 5365 5366
3 5365 5788 5787
3 5788 5366 5789
3 5367 5789 5366
3 5367 5790 5789
3 5790 5367 5368
3 5790 5368 5791
3 5369 5791 5368
3 5369 5792 5791
3 5792 5369 5372
3 5793 5370 5783
3 5793 5371 5370
3 5794 5372 5371
3 5793 5794 5371
3 5794 5795 5372
3 5792 5372 5795
3 5376 5374 5796
3 5797 5796 5374
3 5797 5374 5798
3 5373 5798 5374
3 5799 5373 5375
3 5373 5799 5798
3 5799 5375 5800
3 5384 5800 5375
3 5796 5801 5376
3 5377 5376 5801
3 5377 5802 5379
3 5802 5377 5801
3 5378 5379 5803
3 5378 5803 5804
3 5378 5804 5805
3 5378 5805 5380
3 5806 5803 5379
3 5806 5379 5802
3 5807 5383 5381
3 5807 5381 5380
3 5808 5807 5380
3 5808 5380 5805
3 5382 5383 5584
3 5383 5807 5809
3 5383 5809 5584
3 5810 5384 5385
3 5384 5810 5800
3 5388 5811 5385
3 5810 5385 5811
3 5388 5387 5812
3 5387 5401 5812
3 5388 5813 5811
3 5388 5812 5813
3 5360 5814 5392
3 5360 5392 5361
3 5815 5396 5395
3 5394 5815 5395
3 5816 5398 5399
3 5400 5816 5399
3 5400 5397 5817
3 5400 5817 5816
3 5818 5812 5401
3 5402 5818 5401
3 5402 5819 5820
3 5402 5820 5818
3 5403 5819 5402
3 5404 5821 5403
3 5403 5821 5819
3 5404 5822 5821
3 5405 5822 5404
3 5823 5824 5405
3 5405 5824 5822
3 5405 5407 5823
3 5406 5825 5407
3 5823 5407 5825
3 5408 5826 4959
3 5406 4959 5826
3 5411 5410 5827
3 5828 5827 5410
3 5828 5410 5409
3 5828 5409 5416
3 5411 5827 5829
3 5417 5411 5829
3 5830 5414 5412
3 5830 5412 5421
3 5830 5831 5414
3 5832 5413 5414
3 5832 5414 5831
3 5413 5832 5833
3 5413 5833 5415
3 5416 5415 5834
3 5835 5834 5415
3 5835 5415 5833
3 5828 5416 5836
3 5416 5834 5837
3 5416 5837 5836
3 5417 5829 5838
3 5422 5417 5838
3 5418 5420 5839
3 5418 5839 5421
3 5840 5420 5419
3 5840 5419 5444
3 5840 5839 5420
3 5841 5830 5421
3 5841 5421 5839
3 5422 5838 5842
3 5423 5422 5842
3 5423 5842 5843
3 5424 5423 5843
3 5424 5843 5844
3 5425 5424 5844
3 5425 5844 5845
3 5458 5425 5845
3 5846 5426 5453
3 5426 5846 5847
3 5426 5847 5428
3 5435 5427 5848
3 5427 5429 5849
3 5427 5849 5848
3 5850 5429 5428
3 5850 5428 5847
3 5429 5850 5851
3 5429 5851 5849
3 5430 5431 5852
3 5440 5430 5852
3 5432 5852 5431
3 5432 5433 5853
3 5854 5432 5853
3 5432 5854 5852
3 5434 5855 5856
3 5434 5856 5433
3 5434 5435 5855
3 5853 5433 5856
3 5435 5848 5857
3 5857 5855 5435
3 5858 5437 5436
3 5858 5436 5438
3 5447 5437 5858
3 5438 5439 5859
3 5858 5438 5859
3 5860 5859 5439
3 5440 5860 5439
3 5440 5852 5861
3 5860 5440 5861
3 5441 5854 5862
3 5441 5862 5442
3 5854 5441 5445
3 5863 5443 5442
3 5863 5442 5862
3 5443 5863 5864
3 5443 5864 5444
3 5865 5840 5444
3 5865 5444 5864
3 5854 5445 5852
3 5452 5852 5445
3 5446 5866 5867
3 5446 5867 5449
3 5866 5446 5447
3 5866 5447 5859
3 5858 5859 5447
3 5450 5448 5449
3 5868 5450 5449
3 5868 5449 5867
3 5450 5868 5451
3 5452 5451 5869
3 5869 5451 5868
3 5452 5869 5861
3 5452 5861 5852
3 5846 5453 5870
3 5453 5455 5871
3 5453 5871 5870
3 5455 5454 5872
3 5454 5456 5872
3 5455 5872 5871
3 5873 5872 5456
3 5457 5873 5456
3 5873 5457 5472
3 5458 5845 5874
3 5875 5458 5874
3 5458 5875 5459
3 5460 5459 5876
3 5875 5876 5459
3 5461 4597 5001
3 5461 5877 5878
3 5461 5878 5462
3 5461 5001 5877
3 5879 5008 5004
3 5879 5004 5880
3 5003 5880 5004
3 5003 5881 5880
3 5003 5005 5882
3 5003 5882 5881
3 5005 5006 5883
3 5005 5883 5882
3 5007 5883 5006
3 5007 5884 5883
3 5462 5884 5007
3 5885 5462 5878
3 5462 5885 5884
3 5879 5009 5008
3 5879 5886 5009
3 5009 5886 5887
3 5009 5887 5191
3 5186 5191 5887
3 5888 5467 5463
3 5888 5463 5479
3 5889 5464 5013
3 5889 5468 5464
3 5890 5013 5465
3 5891 5890 5465
3 5891 5465 5035
3 5890 5892 5013
3 5889 5013 5892
3 5893 5038 5466
3 5893 5466 5018
3 5893 5018 5894
3 5019 5894 5018
3 5019 5895 5894
3 5895 5019 5020
3 4613 5467 5896
3 5020 4613 5896
3 5897 5896 5467
3 5888 5897 5467
3 5889 5469 5468
3 5898 5473 5469
3 5898 5469 5889
3 5899 5900 5471
3 5471 5474 5901
3 5471 5901 5899
3 5470 5471 5900
3 5902 5470 5900
3 5470 5902 5472
3 5873 5472 5902
3 5474 5473 5898
3 5474 5898 5901
3 5903 5030 5031
3 5904 5903 5031
3 5904 5031 5475
3 5903 5905 5030
3 5476 5030 5905
3 5907 5475 5477
3 5906 5475 5907
3 5476 5905 5908
3 5908 5035 5476
3 5907 5477 5478
3 5909 5478 5480
3 5907 5478 5909
3 5908 5891 5035
3 5910 5037 5038
3 5893 5910 5038
3 4631 5911 5479
3 5911 4631 5036
3 5888 5479 5912
3 5911 5912 5479
3 5909 5480 5482
3 5482 5481 5494
3 5482 5494 5913
3 5909 5482 5913
3 5914 5484 5483
3 5541 5914 5483
3 5914 5915 5484
3 5915 5486 5484
3 5916 5487 5485
3 5917 5916 5485
3 5917 5485 5486
3 5915 5917 5486
3 5918 5488 5487
3 5916 5918 5487
3 5918 5919 5488
3 5919 5489 5488
3 5920 5490 5489
3 5919 5920 5489
3 5920 5921 5490
3 5921 5491 5490
3 5922 5492 5491
3 5921 5922 5491
3 5923 5493 5492
3 5922 5923 5492
3 5924 5494 5493
3 5923 5924 5493
3 5924 5913 5494
3 5495 5925 5926
3 5495 5926 5496
3 5925 5495 5514
3 5927 5497 5496
3 5927 5496 5926
3 5497 5927 5928
3 5497 5928 5498
3 5929 5499 5498
3 5929 5498 5928
3 5499 5929 5930
3 5499 5930 5500
3 5931 5501 5500
3 5931 5500 5930
3 5501 5931 5932
3 5501 5932 5502
3 5502 5932 5933
3 5502 5933 5503
3 5934 5504 5503
3 5934 5503 5933
3 5934 5935 5504
3 5504 5935 5508
3 5525 5506 5505
3 5935 5513 5508
3 5936 5511 5510
3 5937 5936 5510
3 5937 5510 5512
3 5509 5511 5938
3 5936 5938 5511
3 5512 5513 5939
3 5937 5512 5939
3 5940 5939 5513
3 5935 5940 5513
3 5925 5514 5941
3 5522 5941 5514
3 5522 5517 5516
3 5515 5518 5942
3 5515 5942 5516
3 5943 5522 5516
3 5943 5516 5942
3 5518 5944 5945
3 5518 5945 5942
3 5944 5518 5519
3 5944 5519 5946
3 5946 5519 5521
3 5947 5948 5520
3 5524 5947 5520
3 5520 5948 5521
3 5946 5521 5949
3 5949 5521 5948
3 5522 5943 5941
3 5523 5527 5950
3 5524 5523 5950
3 5524 5950 5951
3 5947 5524 5951
3 5525 5505 5539
3 5952 5527 5526
3 5536 5952 5526
3 5952 5953 5527
3 5953 5950 5527
3 5528 5954 5955
3 5528 5955 5529
3 5954 5528 5533
3 5956 5530 5529
3 5956 5529 5955
3 5530 5956 5957
3 5530 5957 5531
3 5958 5532 5531
3 5958 5531 5957
3 5958 5536 5532
3 5954 5533 5959
3 5534 5959 5533
3 5534 5960 5959
3 5960 5534 5535
3 5960 5535 5961
3 5537 5961 5535
3 5958 5962 5536
3 5952 5536 5962
3 5537 5963 5961
3 5963 5537 5538
3 5963 5538 5964
3 5544 5964 5538
3 5539 5505 5965
3 5539 5965 5540
3 5540 5965 5966
3 5540 5966 5543
3 5541 5542 5967
3 5914 5541 5967
3 5542 5543 5968
3 5968 5967 5542
3 5966 5968 5543
3 5544 5969 5964
3 5969 5544 5589
3 5970 5545 5546
3 5545 5970 5971
3 5545 5971 5548
3 5970 5546 5972
3 5972 5546 5547
3 5972 5547 5973
3 5973 5547 5550
3 5974 5549 5548
3 5974 5548 5971
3 5551 5975 5550
3 5973 5550 5975
3 5551 5976 5975
3 5976 5551 5552
3 5976 5552 5977
3 5553 5977 5552
3 5549 5974 5978
3 5549 5978 5587
3 5553 5979 5977
3 5979 5553 5574
3 5555 5585 5554
3 5557 5554 5585
3 5557 5585 5980
3 5980 5563 5557
3 5564 5558 5981
3 5982 5981 5558
3 5982 5558 5559
3 5983 5982 5559
3 5983 5559 5560
3 5984 5983 5560
3 5984 5560 5561
3 5561 5562 5985
3 5561 5985 5984
3 5986 5985 5562
3 5986 5562 5563
3 5563 5987 5988
3 5563 5988 5986
3 5980 5987 5563
3 5564 5981 5989
3 5989 5571 5564
3 5990 5573 5566
3 5990 5566 5991
3 5565 5991 5566
3 5565 5992 5991
3 5992 5565 5567
3 5992 5567 5993
3 5568 5993 5567
3 5568 5994 5993
3 5994 5568 5569
3 5994 5569 5995
3 5570 5995 5569
3 5570 5996 5995
3 5570 5571 5996
3 5996 5571 5997
3 5989 5997 5571
3 5572 5573 5980
3 5572 5980 5585
3 5573 5990 5987
3 5573 5987 5980
3 5979 5574 5998
3 5577 5998 5574
3 5999 5575 5581
3 5575 5999 5576
3 5577 5576 6000
3 5999 6000 5576
3 5577 6001 5998
3 6001 5577 6000
3 6002 5578 5582
3 6002 5579 5578
3 6002 6003 5579
3 6003 6004 5579
3 5580 5579 6004
3 6005 5580 6004
3 5580 6005 5581
3 5999 5581 6006
3 6005 6006 5581
3 6002 5582 6007
3 5583 6008 5582
3 6008 6007 5582
3 5583 5584 6009
3 6008 5583 6009
3 6010 6009 5584
3 6010 5584 5809
3 6011 5588 5586
3 6011 5586 5587
3 6012 6011 5587
3 6012 5587 5978
3 5588 6011 6013
3 5588 6013 5589
3 5969 5589 6013
3 5590 6014 6015
3 5590 6015 5595
3 5594 6014 5590
3 5591 6016 6017
3 5591 6017 5592
3 6016 5591 5596
3 5592 6018 5593
3 5592 6017 6019
3 5592 6019 6018
3 6018 6020 5593
3 5593 6020 5594
3 5594 6020 6014
3 5603 5595 6015
3 6021 5596 5153
3 6016 5596 6022
3 6021 6022 5596
3 5154 6023 5153
3 5154 4732 6023
3 5597 5598 6024
3 5597 6024 6025
3 5599 5597 6025
3 5598 5611 6026
3 5598 6026 6024
3 5599 6025 6027
3 5602 5599 6027
3 6023 4732 6028
3 6029 6028 4732
3 6029 4732 5600
3 5600 5601 6030
3 6029 5600 6030
3 5602 6031 5601
3 6031 6030 5601
3 5602 6027 6032
3 6031 5602 6032
3 5603 6015 6033
3 5605 5603 6033
3 5604 6034 5607
3 5604 5607 5606
3 5605 6034 5604
3 5605 6033 6035
3 5605 6035 6034
3 5607 6036 5608
3 6036 5607 6034
3 6036 5651 5608
3 6037 5612 5610
3 6037 5610 5613
3 5611 5612 6038
3 5611 6038 6026
3 5612 6037 6039
3 5612 6039 6038
3 6040 6037 5613
3 6040 5613 5617
3 5615 6041 5614
3 5614 6041 6042
3 5614 6042 5616
3 5615 6043 6041
3 6043 5615 5622
3 5621 5616 6042
3 6044 6040 5617
3 6044 5617 5618
3 6044 5618 6045
3 5618 5619 6046
3 5618 6046 6045
3 5619 5620 6047
3 5619 6047 6046
3 5620 6048 6049
3 5620 6049 6047
3 5620 5621 6048
3 5621 6042 6050
3 6051 6048 5621
3 6051 5621 6050
3 6043 5622 6052
3 5623 6052 5622
3 5623 6053 6052
3 6053 5623 5624
3 6053 5624 6054
3 5625 6054 5624
3 5625 6055 6054
3 6055 5625 5626
3 6055 5626 6056
3 6056 5626 5627
3 6056 5627 6057
3 6058 6057 5627
3 5628 6058 5627
3 5628 5629 6059
3 6058 5628 6059
3 5630 5184 4758
3 5630 5631 6060
3 5630 6060 6061
3 5630 6061 5184
3 5186 5887 6062
3 5187 5186 6062
3 5187 6062 6063
3 5187 6063 6064
3 5187 6064 5188
3 6065 5189 5188
3 6065 5188 6064
3 6065 5190 5189
3 6065 6066 5190
3 5631 5190 6066
3 5631 6066 6067
3 6060 5631 6067
3 6068 5632 5636
3 6068 5641 5632
3 6069 5633 5195
3 5633 6069 6070
3 5633 6070 5209
3 6069 5195 6071
3 6072 6071 5195
3 6072 5195 5634
3 6072 5634 5643
3 6073 5200 5635
3 6073 5635 5212
3 6073 6074 5200
3 6074 5201 5200
3 6075 5202 5201
3 6074 6075 5201
3 4773 6076 5636
3 6076 4773 5202
3 6076 6077 5636
3 6068 5636 6077
3 6078 5205 5206
3 6078 5206 6079
3 6079 5206 5637
3 6079 5637 6080
3 6080 5637 5209
3 5639 5638 6082
3 6081 6082 5638
3 5205 6078 6083
3 5205 6083 5638
3 6082 5640 5639
3 5642 5640 6084
3 6082 6084 5640
3 6080 5209 6070
3 5211 6085 5212
3 6073 5212 6085
3 4783 5641 6086
3 5210 4783 6086
3 6068 6087 5641
3 6087 6086 5641
3 5642 6084 5653
3 6072 5643 5644
3 5644 5650 6088
3 5644 6088 6072
3 5645 5646 6089
3 6090 5645 6089
3 5645 6090 5648
3 6091 6089 5646
3 6091 5646 5647
3 6092 6091 5647
3 6092 5647 5651
3 6090 6093 5648
3 5648 6093 6094
3 5648 6094 6095
3 5648 6095 5649
3 5650 5649 6095
3 6088 5650 6095
3 6036 6092 5651
3 5653 5665 5652
3 6096 5653 6084
3 5653 6096 5665
3 6097 5654 5655
3 5654 6097 5772
3 6097 5655 6098
3 5658 6098 5655
3 6099 5656 5659
3 5656 6099 6100
3 5656 6100 5657
3 6101 5658 5657
3 6101 5657 6100
3 5658 6101 6098
3 6099 5659 6102
3 5660 6102 5659
3 5660 6103 6102
3 6103 5660 5661
3 6103 5661 6104
3 5662 6104 5661
3 5662 6105 6104
3 6105 5662 5663
3 5664 6106 5663
3 6105 5663 6106
3 5664 6107 6106
3 6107 5664 5665
3 6107 5665 6096
3 6108 5777 5666
3 5678 6108 5666
3 5668 6109 6110
3 5668 6110 6111
3 5668 5669 6109
3 5667 5668 6111
3 5667 6111 6112
3 5677 5667 6112
3 6109 5669 6113
3 5669 5670 6113
3 6114 6113 5670
3 5672 6114 5670
3 5671 5674 6115
3 5671 6115 6116
3 5671 6116 6117
3 5671 6117 5672
3 5672 6117 6118
3 5672 6118 6114
3 6119 5674 5673
3 5674 6119 6120
3 5674 6120 6115
3 6119 5673 5676
3 5675 5762 5676
3 6121 6119 5676
3 6121 5676 5762
3 5677 6112 6122
3 5678 5677 6122
3 5678 6122 6123
3 6108 5678 6123
3 5687 5680 6124
3 5680 5681 6125
3 5680 6125 6124
3 5681 5682 6126
3 5681 6126 6125
3 5682 5683 6127
3 5682 6127 6126
3 5683 5684 6128
3 5683 6128 6127
3 5684 5685 6129
3 5684 6129 6128
3 5685 5686 6130
3 5685 6130 6129
3 6131 6130 5686
3 6131 5686 5688
3 5687 6124 6132
3 5699 5687 6132
3 6133 6131 5688
3 6133 5688 5689
3 5689 5698 6134
3 6134 6133 5689
3 5769 5691 5690
3 5694 5692 6135
3 5692 5693 6135
3 5694 6136 6137
3 5694 6137 5695
3 5694 6135 6136
3 5695 6137 6138
3 5695 6138 5696
3 6139 5696 6138
3 5696 6139 5698
3 5696 5698 5697
3 6139 6134 5698
3 5699 6132 6140
3 5709 5699 6140
3 5709 5702 5700
3 5701 5702 6141
3 5701 6141 5703
3 5702 5709 6142
3 5702 6142 6141
3 6143 5704 5703
3 6144 6143 5703
3 6144 5703 6141
3 6143 6145 5704
3 6145 5705 5704
3 5706 6146 5708
3 6146 5706 6147
3 5706 5705 6147
3 6148 6147 5705
3 6145 6148 5705
3 5707 6149 5711
3 6149 5707 5708
3 6149 5708 6150
3 6146 6150 5708
3 5709 6140 6142
3 6151 5710 5711
3 5710 6151 5720
3 6151 5711 6152
3 6149 6152 5711
3 5716 5712 6153
3 5712 5713 6154
3 5712 6154 6153
3 5713 5714 6155
3 5713 6155 6154
3 5714 5715 6156
3 5714 6156 6155
3 5720 6156 5715
3 5716 6153 6157
3 5717 5716 6157
3 5717 6157 6158
3 5718 5717 6158
3 5718 6158 6159
3 5719 5718 6159
3 5719 6159 6160
3 5721 5719 6160
3 5720 6161 6156
3 6151 6161 5720
3 5721 6160 6162
3 5722 5721 6162
3 5722 6162 6163
3 5723 5722 6163
3 5723 6163 6164
3 5768 5723 6164
3 6165 5726 5725
3 6166 6165 5725
3 6166 5725 5724
3 6167 6166 5724
3 6167 5724 5728
3 6165 6168 5726
3 6168 5727 5726
3 6168 6169 5727
3 6169 5729 5727
3 6170 5730 5729
3 6169 6170 5729
3 6171 5731 5730
3 6170 6171 5730
3 6171 6172 5731
3 6172 5732 5731
3 6173 5733 5732
3 6172 6173 5732
3 6173 6174 5733
3 6174 5756 5733
3 6175 5735 5734
3 6176 5736 5735
3 6176 5735 6175
3 6175 5734 6177
3 6177 5734 5748
3 5736 6176 6178
3 5736 6178 5737
3 6179 5738 5737
3 6179 5737 6178
3 6180 5739 5738
3 6180 5738 6179
3 6181 5742 5739
3 6181 5739 6180
3 5740 5764 5743
3 5741 5764 5740
3 5742 6182 5741
3 5741 6182 5764
3 6183 6184 5742
3 6183 5742 6181
3 5742 6184 6182
3 5745 5749 6185
3 5745 6185 6186
3 5746 5745 6186
3 5746 6186 6187
3 5747 5746 6187
3 5747 6187 6188
3 5747 6188 5748
3 6189 5748 6188
3 6177 5748 6189
3 5749 5750 6190
3 5749 6190 6185
3 5750 5751 6191
3 5750 6191 6190
3 5751 5753 6192
3 5751 6192 6191
3 6182 5753 5752
3 6182 5752 5764
3 5753 6182 6184
3 5753 6184 6192
3 6193 5763 5754
3 5755 6193 5754
3 5755 5756 6194
3 6193 5755 6194
3 6195 6194 5756
3 6174 6195 5756
3 6196 5758 5757
3 6196 5757 6197
3 6198 6197 5757
3 5759 6198 5757
3 6196 5760 5758
3 5759 5763 6199
3 6198 5759 6199
3 6196 6200 5760
3 5761 5760 6201
3 6200 6201 5760
3 6202 5761 6201
3 5761 6202 5762
3 6203 6121 5762
3 6203 5762 6202
3 6193 6204 5763
3 6204 6199 5763
3 6205 6167 5728
3 6205 5728 5766
3 5765 5767 6206
3 5765 6206 5766
3 6207 6205 5766
3 6207 5766 6206
3 5767 5768 6208
3 5767 6208 6206
3 5768 6164 6208
3 5769 5771 5691
3 5770 5774 6209
3 5770 6209 6210
3 6210 5771 5770
3 6210 5691 5771
3 5773 5772 6211
3 6097 6211 5772
3 5774 5773 6212
3 6212 5773 6211
3 5774 6212 6209
3 6213 5776 5777
3 6214 5775 5776
3 6214 5776 6213
3 5775 6214 5778
3 6213 5777 6215
3 6108 6215 5777
3 6214 6216 5778
3 6217 5779 5778
3 6217 5778 6216
3 5779 6217 6218
3 5779 6218 5781
3 6219 5782 5780
3 6219 5780 5781
3 6220 6219 5781
3 6220 5781 6218
3 5782 6221 5783
3 6219 6221 5782
3 5784 6222 5359
3 5814 5360 5359
3 5814 5359 6222
3 5784 5785 6223
3 5786 6223 5785
3 6224 5786 5787
3 5786 6224 6223
3 5788 6225 5787
3 6224 5787 6225
3 6226 5788 5789
3 5788 6226 6225
3 5792 6227 5791
3 5795 6227 5792
3 5783 6228 5793
3 5794 5793 6228
3 5794 6228 6229
3 6229 5795 5794
3 6229 6230 5795
3 5795 6230 6227
3 5797 6231 6232
3 5797 6232 6233
3 6231 5797 5798
3 5796 5797 6233
3 6231 5798 6234
3 5799 6234 5798
3 5796 6233 6235
3 5796 6235 5801
3 6236 5799 5800
3 5799 6236 6234
3 6236 5800 6237
3 5810 6237 5800
3 6238 5801 6235
3 5802 5801 6238
3 5806 5802 6238
3 6239 5808 5805
3 6239 5805 6240
3 6240 5805 5804
3 6241 5804 5803
3 6242 6241 5803
3 6242 5803 5806
3 6240 5804 6243
3 6241 6243 5804
3 6244 6242 5806
3 6244 5806 6245
3 5806 6238 6245
3 5807 5808 6246
3 5807 6246 5809
3 6247 6246 5808
3 6247 5808 6239
3 5809 6246 6248
3 5809 6248 6010
3 6249 5810 5811
3 5810 6249 6237
3 5813 6250 5811
3 6249 5811 6250
3 5813 5812 6251
3 5818 6251 5812
3 5813 6252 6250
3 5813 6251 6252
3 5389 6253 4941
3 4941 6253 6254
3 4941 6254 5393
3 5393 6254 6255
3 5393 6255 5394
3 5394 6255 6256
3 5394 6256 5815
3 5815 6256 5396
3 5397 4948 6257
3 6257 5817 5397
3 6257 6258 5817
3 5817 6258 5816
3 6251 5818 5820
3 5820 5819 6259
3 6260 6259 5819
3 6260 5819 5821
3 6251 5820 6261
3 5820 6262 6263
3 5820 6263 6261
3 5820 6259 6262
3 5821 5822 6264
3 5821 6264 6260
3 6265 6264 5822
3 6265 5822 5824
3 5823 5825 6266
3 6266 6267 5823
3 5823 6267 5824
3 5824 6267 6268
3 5824 6268 6265
3 5406 5826 6269
3 6269 5825 5406
3 6270 6271 5827
3 6270 5827 5828
3 6271 5829 5827
3 6270 5828 5836
3 6272 5838 5829
3 6271 6272 5829
3 5841 6273 5830
3 5830 6273 5831
3 6274 5832 5831
3 5832 6274 5833
3 6274 5831 6275
3 6273 6275 5831
3 6276 5835 5833
3 6276 5833 6277
3 6274 6277 5833
3 5835 6276 6278
3 5835 6278 6279
3 5834 5835 6279
3 5834 6279 5837
3 5837 6280 5836
3 6270 5836 6280
3 5837 6281 6280
3 5837 6279 6282
3 5837 6282 6281
3 6283 5842 5838
3 6283 5838 6284
3 6272 6284 5838
3 5840 5841 5839
3 5840 5865 6285
3 5840 6285 5841
3 5841 6285 6273
3 5842 6283 6286
3 5842 6286 5843
3 6287 5844 5843
3 6287 5843 6286
3 5844 6287 6288
3 5844 6288 5845
3 6289 5845 6288
3 5845 6289 6290
3 5845 6290 5874
3 6291 5850 5847
3 6291 5847 6292
3 5846 6292 5847
3 5846 5870 6293
3 5846 6293 6294
3 5846 6294 6292
3 6295 5857 5848
3 6296 6295 5848
3 6296 5848 5849
3 6297 6296 5849
3 6297 5849 5851
3 5850 6291 6298
3 5850 6298 5851
3 6299 6297 5851
3 6299 5851 6298
3 5854 5853 5862
3 5853 5856 6300
3 6300 5862 5853
3 5855 5857 6301
3 5855 6301 5856
3 6302 6300 5856
3 6302 5856 6301
3 6295 6274 5857
3 5857 6274 6275
3 5857 6275 6301
3 5860 6303 5859
3 6304 5866 5859
3 6304 5859 6303
3 5860 5861 6305
3 6303 5860 6305
3 5869 6305 5861
3 6300 5863 5862
3 6302 5864 5863
3 6302 5863 6300
3 6302 5865 5864
3 6306 6285 5865
3 6302 6306 5865
3 6307 5868 5867
3 6307 5867 6308
3 6308 5867 5866
3 6308 5866 6304
3 5869 5868 6307
3 5869 6307 6305
3 6309 6310 5870
3 6309 5870 5871
3 6310 6293 5870
3 6311 6309 5871
3 6311 5871 5872
3 5873 6311 5872
3 6311 5873 5902
3 5875 5874 6312
3 6312 5874 6290
3 6313 5875 6312
3 5875 6313 5876
3 5877 5001 5460
3 5877 5460 6314
3 6314 5460 5876
3 6314 5878 5877
3 6314 6315 5878
3 5885 5878 6316
3 6315 6316 5878
3 6317 5879 5880
3 5879 6317 6318
3 5879 6318 5886
3 6317 5880 6319
3 5881 6319 5880
3 6320 5881 5882
3 5881 6320 6319
3 6320 5882 5883
3 6320 5883 5884
3 5885 6321 5884
3 6320 5884 6321
3 6322 5885 6316
3 5885 6322 6321
3 6318 5887 5886
3 6323 6062 5887
3 6318 6323 5887
3 5888 5912 6324
3 5888 6324 6325
3 5897 5888 6325
3 5898 5889 5892
3 5890 5891 6326
3 5890 6326 6327
3 5892 5890 6327
3 6328 6326 5891
3 6328 5891 5908
3 5892 6327 6329
3 5898 5892 6329
3 6330 5910 5893
3 6330 5893 5894
3 6330 5894 6331
3 5895 6331 5894
3 5895 6332 6331
3 6332 5895 5020
3 6332 5020 6333
3 5020 5896 6333
3 6334 6333 5896
3 5897 6334 5896
3 6334 5897 6335
3 5897 6325 6335
3 5901 5898 6329
3 5899 6329 6336
3 5899 6336 6337
3 5899 6337 5900
3 5901 6329 5899
3 6337 6338 5900
3 5902 5900 6338
3 6311 5902 6338
3 5906 5904 5475
3 5904 5906 6339
3 5905 5903 6340
3 5908 5905 6340
3 6341 5906 5907
3 5907 6342 6343
3 6341 5907 6343
3 5908 6340 6328
3 5907 5909 6344
3 5907 6344 6342
3 5909 5913 6344
3 5911 5036 6345
3 5036 5037 6346
3 5036 6346 6345
3 5037 5910 6347
3 5037 6347 6346
3 6330 6347 5910
3 5911 6348 5912
3 6348 5911 6345
3 6348 6324 5912
3 5913 5924 6349
3 5913 6349 6344
3 5914 5967 6350
3 5915 5914 6350
3 5915 6350 6351
3 5917 5915 6351
3 5916 6352 6353
3 5916 6353 5918
3 5916 5917 6354
3 5916 6354 6352
3 5917 6351 6354
3 5919 5918 6353
3 5919 6353 6355
3 5920 5919 6355
3 5920 6355 6356
3 5921 5920 6356
3 5921 6356 6357
3 5922 5921 6357
3 5922 6357 6358
3 5923 5922 6358
3 5924 5923 6359
3 5923 6358 6359
3 5924 6359 6349
3 6360 5925 5941
3 5925 6360 6361
3 5925 6361 5926
3 6362 5927 5926
3 6362 5926 6361
3 6363 5928 5927
3 6363 5927 6362
3 6364 5929 5928
3 6364 5928 6363
3 5929 6364 6365
3 5929 6365 5930
3 6366 5931 5930
3 6366 5930 6365
3 5931 6366 6367
3 5931 6367 5932
3 5932 6367 6368
3 5932 6368 5933
3 6369 5934 5933
3 6369 5933 6368
3 5934 6370 5935
3 6369 6370 5934
3 5940 5935 6370
3 5509 5938 6371
3 5936 6372 6371
3 5936 6371 5938
3 5936 5937 6373
3 5936 6373 6372
3 5937 5939 6374
3 5937 6374 6375
3 5937 6375 6373
3 5940 6376 5939
3 6374 5939 6376
3 5940 6370 6377
3 6376 5940 6377
3 6360 5941 6378
3 5943 6378 5941
3 6379 5943 5942
3 6379 5942 5945
3 5943 6379 6378
3 5944 6380 6381
3 5944 6381 5945
3 6380 5944 5946
3 6382 6379 5945
3 6382 5945 6381
3 6380 5946 6383
3 5949 6383 5946
3 5947 5951 6384
3 6385 5947 6384
3 5947 6385 5948
3 6385 6386 5948
3 5949 5948 6386
3 6386 6387 5949
3 5949 6387 6383
3 6388 5951 5950
3 5953 6388 5950
3 6388 6389 5951
3 6389 6384 5951
3 6390 5965 5505
3 6390 5505 5507
3 5952 5962 6391
3 5953 5952 6391
3 5953 6391 6392
3 6388 5953 6392
3 5954 6393 6394
3 5954 6394 5955
3 6393 5954 5959
3 6395 5956 5955
3 6395 5955 6394
3 5956 6395 6396
3 5956 6396 5957
3 6397 5958 5957
3 6397 5957 6396
3 6397 5962 5958
3 6393 5959 6398
3 5960 6398 5959
3 5960 6399 6398
3 6399 5960 5961
3 6399 5961 6400
3 5963 6400 5961
3 6397 6401 5962
3 6401 6391 5962
3 5963 6402 6400
3 6402 5963 5964
3 6402 5964 6403
3 5969 6403 5964
3 5965 6390 6404
3 5965 6404 5966
3 5968 6405 5967
3 6350 5967 6405
3 5966 6405 5968
3 5966 6406 6405
3 6404 6406 5966
3 5969 6407 6403
3 6407 5969 6013
3 6408 5970 5972
3 5970 6408 6409
3 5970 6409 5971
3 5971 6409 6410
3 5971 6410 5974
3 6408 5972 6411
3 5972 6412 6411
3 6412 5972 5973
3 6412 5973 6413
3 6413 5973 5975
3 5976 6414 5975
3 6413 5975 6414
3 5976 6415 6414
3 6415 5976 5977
3 6415 5977 6416
3 5979 6416 5977
3 5974 6410 6417
3 5974 6417 5978
3 6418 6012 5978
3 6418 5978 6417
3 5979 6419 6416
3 6419 5979 5998
3 5989 5981 6420
3 5981 5982 6421
3 5981 6421 6420
3 5983 6421 5982
3 5984 6422 5983
3 5983 6422 6421
3 6423 5984 5985
3 5984 6423 6422
3 6423 5985 6424
3 6425 6424 5985
3 6425 5985 5986
3 5986 5988 6426
3 5986 6426 6425
3 5990 5988 5987
3 6427 6426 5988
3 6427 5988 6428
3 5990 6428 5988
3 5989 6420 6429
3 6429 5997 5989
3 6428 5990 5991
3 6428 5991 6430
3 5992 6430 5991
3 6431 5992 5993
3 5992 6431 6430
3 6431 5993 6432
3 5994 6432 5993
3 6433 5994 5995
3 5994 6433 6432
3 6433 5995 6434
3 5996 6434 5995
3 5996 5997 6435
3 5996 6435 6434
3 6435 5997 6436
3 6429 6436 5997
3 6419 5998 6437
3 6001 6437 5998
3 6438 5999 6006
3 5999 6438 6000
3 6001 6000 6439
3 6438 6439 6000
3 6001 6440 6437
3 6440 6001 6439
3 6441 6002 6007
3 6441 6003 6002
3 6442 6003 6441
3 6003 6442 6004
3 6443 6444 6004
3 6443 6004 6442
3 6005 6004 6444
3 6445 6005 6444
3 6005 6445 6006
3 6438 6006 6446
3 6445 6446 6006
3 6441 6007 6447
3 6448 6447 6007
3 6008 6448 6007
3 6008 6009 6449
3 6448 6008 6449
3 6010 6449 6009
3 6010 6450 6449
3 6450 6010 6248
3 6011 6012 6451
3 6011 6451 6013
3 6012 6418 6452
3 6012 6452 6451
3 6407 6013 6451
3 6020 6453 6014
3 6454 6015 6014
3 6454 6014 6455
3 6456 6455 6014
3 6456 6014 6453
3 6454 6033 6015
3 6016 6457 6458
3 6016 6458 6017
3 6457 6016 6022
3 6459 6019 6017
3 6459 6017 6458
3 6459 6460 6019
3 6461 6018 6019
3 6461 6019 6460
3 6018 6461 6020
3 6020 6462 6453
3 6462 6020 6461
3 6023 6463 5153
3 5153 6463 6464
3 5153 6464 6021
3 6021 6465 6022
3 6465 6021 6464
3 6457 6022 6466
3 6465 6466 6022
3 6023 6467 6463
3 6023 6028 6467
3 6468 6027 6025
3 6469 6468 6025
3 6469 6025 6024
3 6470 6469 6024
3 6470 6024 6026
3 6471 6470 6026
3 6471 6026 6038
3 6468 6472 6027
3 6472 6032 6027
3 6473 6474 6028
3 6467 6028 6474
3 6475 6473 6028
3 6475 6028 6029
3 6029 6030 6476
3 6475 6029 6476
3 6477 6476 6030
3 6031 6477 6030
3 6031 6032 6478
3 6477 6031 6478
3 6479 6478 6032
3 6472 6479 6032
3 6454 6480 6033
3 6035 6033 6480
3 6035 6481 6034
3 6036 6034 6481
3 6035 6482 6481
3 6035 6480 6482
3 6092 6036 6481
3 6037 6040 6483
3 6037 6483 6039
3 6484 6471 6038
3 6484 6038 6039
3 6484 6039 6483
3 6040 6044 6485
3 6040 6485 6483
3 6486 6042 6041
3 6486 6041 6487
3 6043 6487 6041
3 6486 6050 6042
3 6043 6488 6487
3 6488 6043 6052
3 6044 6045 6489
3 6489 6485 6044
3 6490 6491 6045
3 6490 6045 6046
3 6491 6489 6045
3 6490 6046 6047
3 6492 6493 6047
3 6492 6047 6049
3 6493 6490 6047
3 6494 6492 6049
3 6494 6049 6495
3 6048 6495 6049
3 6048 6051 6495
3 6496 6051 6050
3 6486 6496 6050
3 6497 6495 6051
3 6497 6051 6498
3 6496 6498 6051
3 6499 6500 6052
3 6499 6052 6053
3 6488 6052 6500
3 6501 6499 6053
3 6501 6053 6054
3 6502 6501 6054
3 6502 6054 6055
3 6503 6502 6055
3 6503 6055 6056
3 6504 6503 6056
3 6505 6504 6056
3 6505 6056 6057
3 6058 6506 6057
3 6505 6057 6506
3 6058 6059 6507
3 6506 6058 6507
3 5629 5184 6061
3 6508 6059 5629
3 5629 6061 6508
3 6508 6061 6060
3 6508 6060 6509
3 6060 6067 6510
3 6509 6060 6510
3 6323 6511 6062
3 6511 6063 6062
3 6512 6065 6064
3 6512 6064 6063
3 6511 6512 6063
3 6512 6066 6065
3 6513 6067 6066
3 6512 6513 6066
3 6514 6510 6067
3 6513 6514 6067
3 6515 6068 6077
3 6068 6515 6516
3 6068 6516 6087
3 6517 6069 6071
3 6069 6517 6518
3 6069 6518 6070
3 6070 6518 6519
3 6070 6519 6080
3 6517 6071 6520
3 6071 6072 6088
3 6071 6088 6520
3 6085 6521 6073
3 6074 6073 6521
3 6074 6521 6522
3 6075 6074 6522
3 6075 6522 6523
3 5202 6075 6523
3 5202 6523 6524
3 6076 5202 6524
3 6525 6076 6524
3 6076 6525 6077
3 6525 6526 6077
3 6515 6077 6526
3 6078 6079 6527
3 6080 6527 6079
3 6080 6519 6527
3 6081 5638 6083
3 6082 6081 6528
3 6529 6082 6530
3 6082 6528 6530
3 6531 6081 6083
3 6082 6529 6532
3 6082 6532 6084
3 6096 6084 6532
3 5210 6086 6533
3 6534 5211 5210
3 6534 5210 6533
3 5211 6534 6535
3 5211 6535 6085
3 6085 6535 6521
3 6536 6533 6086
3 6087 6536 6086
3 6536 6087 6516
3 6094 6520 6088
3 6088 6095 6094
3 6090 6537 6093
3 6537 6090 6538
3 6090 6089 6538
3 6089 6091 6539
3 6089 6539 6538
3 6091 6092 6540
3 6091 6540 6539
3 6092 6481 6540
3 6541 6520 6093
3 6541 6093 6537
3 6094 6093 6520
3 6542 6107 6096
3 6542 6096 6532
3 6543 6097 6098
3 6097 6543 6211
3 6543 6098 6544
3 6101 6544 6098
3 6545 6099 6102
3 6545 6100 6099
3 6545 6546 6100
3 6547 6101 6100
3 6547 6100 6546
3 6101 6547 6544
3 6545 6102 6548
3 6103 6548 6102
3 6103 6549 6548
3 6549 6103 6104
3 6549 6104 6550
3 6105 6550 6104
3 6105 6551 6550
3 6551 6105 6106
3 6107 6552 6106
3 6551 6106 6552
3 6107 6542 6552
3 6215 6108 6553
3 6108 6123 6553
3 6554 6555 6111
3 6554 6111 6110
3 6555 6112 6111
3 6556 6554 6110
3 6556 6110 6557
3 6109 6557 6110
3 6109 6558 6557
3 6109 6113 6558
3 6559 6122 6112
3 6555 6559 6112
3 6558 6113 6560
3 6114 6560 6113
3 6560 6114 6118
3 6561 6562 6115
3 6561 6115 6120
3 6116 6115 6562
3 6116 6563 6564
3 6116 6564 6117
3 6116 6562 6563
3 6565 6118 6117
3 6565 6117 6564
3 6118 6565 6566
3 6118 6566 6567
3 6560 6118 6567
3 6119 6121 6568
3 6119 6568 6120
3 6120 6568 6569
3 6120 6569 6561
3 6570 6568 6121
3 6570 6121 6203
3 6559 6571 6122
3 6571 6123 6122
3 6572 6553 6123
3 6571 6572 6123
3 6573 6132 6124
3 6574 6573 6124
3 6574 6124 6125
3 6125 6126 6575
3 6125 6575 6574
3 6576 6575 6126
3 6576 6126 6127
3 6577 6576 6127
3 6577 6127 6128
3 6578 6577 6128
3 6578 6128 6129
3 6579 6578 6129
3 6579 6129 6130
3 6130 6131 6580
3 6130 6580 6579
3 6131 6133 6581
3 6131 6581 6580
3 6582 6140 6132
3 6573 6582 6132
3 6134 6583 6133
3 6581 6133 6583
3 6584 6583 6134
3 6139 6584 6134
3 6136 6135 6585
3 6136 6585 6586
3 6136 6586 6137
3 6587 6138 6137
3 6587 6137 6586
3 6139 6138 6588
3 6587 6588 6138
3 6584 6139 6588
3 6582 6589 6140
3 6589 6142 6140
3 6590 6144 6141
3 6590 6141 6142
3 6589 6590 6142
3 6143 6144 6591
3 6143 6591 6592
3 6145 6143 6592
3 6144 6590 6593
3 6144 6593 6591
3 6145 6592 6594
3 6148 6145 6594
3 6146 6595 6150
3 6146 6147 6596
3 6595 6146 6596
3 6597 6596 6147
3 6148 6597 6147
3 6148 6594 6598
3 6597 6148 6598
3 6599 6149 6150
3 6149 6599 6152
3 6599 6150 6600
3 6595 6600 6150
3 6601 6151 6152
3 6151 6601 6161
3 6601 6152 6602
3 6599 6602 6152
3 6603 6157 6153
3 6604 6603 6153
3 6604 6153 6154
3 6605 6604 6154
3 6605 6154 6155
3 6606 6605 6155
3 6606 6155 6156
3 6606 6156 6161
3 6607 6158 6157
3 6603 6607 6157
3 6607 6608 6158
3 6608 6159 6158
3 6609 6160 6159
3 6608 6609 6159
3 6609 6610 6160
3 6610 6162 6160
3 6606 6161 6611
3 6601 6611 6161
3 6612 6163 6162
3 6610 6612 6162
3 6612 6613 6163
3 6613 6164 6163
3 6614 6208 6164
3 6613 6614 6164
3 6165 6166 6615
3 6165 6615 6616
3 6168 6165 6616
3 6166 6167 6617
3 6166 6617 6615
3 6168 6616 6618
3 6168 6618 6619
3 6169 6168 6619
3 6169 6619 6620
3 6170 6169 6620
3 6167 6205 6621
3 6167 6621 6617
3 6171 6170 6622
3 6170 6620 6622
3 6171 6622 6623
3 6172 6171 6623
3 6172 6623 6624
3 6173 6172 6624
3 6173 6624 6625
3 6174 6173 6625
3 6174 6625 6626
3 6195 6174 6626
3 6177 6627 6175
3 6628 6176 6175
3 6628 6175 6627
3 6628 6178 6176
3 6189 6629 6177
3 6177 6629 6627
3 6179 6178 6630
3 6628 6630 6178
3 6179 6630 6631
3 6180 6179 6631
3 6180 6631 6632
3 6180 6632 6633
3 6180 6633 6181
3 6181 6633 6634
3 6181 6634 6183
3 6183 6634 6635
3 6183 6635 6636
3 6183 6636 6192
3 6183 6192 6184
3 6637 6638 6185
3 6637 6185 6190
3 6638 6186 6185
3 6639 6187 6186
3 6638 6639 6186
3 6639 6640 6187
3 6640 6188 6187
3 6189 6188 6641
3 6640 6641 6188
3 6641 6642 6189
3 6189 6642 6629
3 6643 6637 6190
3 6643 6190 6191
3 6636 6643 6191
3 6636 6191 6192
3 6193 6194 6644
3 6204 6193 6644
3 6195 6645 6194
3 6645 6644 6194
3 6195 6626 6646
3 6645 6195 6646
3 6197 6647 6196
3 6200 6196 6647
3 6648 6647 6197
3 6198 6648 6197
3 6198 6649 6650
3 6198 6650 6648
3 6198 6199 6649
3 6651 6649 6199
3 6204 6651 6199
3 6200 6647 6652
3 6653 6200 6652
3 6200 6653 6201
3 6202 6201 6654
3 6653 6654 6201
3 6203 6202 6654
3 6203 6654 6655
3 6570 6203 6655
3 6204 6644 6656
3 6651 6204 6656
3 6205 6207 6657
3 6205 6657 6621
3 6658 6207 6206
3 6658 6206 6208
3 6207 6658 6659
3 6207 6659 6657
3 6614 6658 6208
3 6660 5693 5691
3 6660 5691 6210
3 6661 6660 6210
3 6661 6210 6209
3 6212 6211 6662
3 6662 6211 6543
3 6662 6209 6212
3 6662 6663 6209
3 6661 6209 6663
3 6215 6664 6213
3 6665 6214 6213
3 6665 6213 6664
3 6214 6665 6216
3 6215 6553 6666
3 6215 6666 6664
3 6665 6259 6216
3 6260 6217 6216
3 6260 6216 6259
3 6217 6260 6264
3 6217 6264 6218
3 6265 6220 6218
3 6265 6218 6264
3 6220 6667 6219
3 6219 6667 6221
3 6220 6668 6667
3 6265 6668 6220
3 6221 6669 5783
3 5783 6669 6228
3 6226 6670 6225
3 6224 6225 6670
3 6671 6229 6228
3 6230 6229 6671
3 6230 6672 6227
3 6230 6671 6672
3 6673 6674 6232
3 6673 6232 6231
3 6232 6674 6675
3 6232 6675 6676
3 6676 6233 6232
3 6231 6234 6677
3 6231 6677 6673
3 6676 6678 6233
3 6678 6235 6233
3 6679 6677 6234
3 6679 6234 6236
3 6238 6235 6680
3 6678 6680 6235
3 6679 6236 6237
3 6679 6237 6681
3 6249 6681 6237
3 6680 6245 6238
3 6239 6240 6682
3 6239 6682 6683
3 6247 6239 6683
3 6240 6243 6684
3 6240 6684 6682
3 6243 6241 6685
3 6241 6242 6686
3 6241 6686 6685
3 6242 6244 6687
3 6242 6687 6686
3 6243 6685 6684
3 6244 6688 6689
3 6244 6689 6687
3 6688 6244 6245
3 6688 6245 6680
3 6690 6248 6246
3 6690 6246 6247
3 6691 6690 6247
3 6691 6247 6692
3 6247 6683 6692
3 6450 6248 6693
3 6248 6690 6694
3 6248 6694 6693
3 6695 6249 6250
3 6249 6695 6681
3 6252 6696 6250
3 6695 6250 6696
3 6252 6251 6261
3 6252 6697 6696
3 6252 6261 6697
3 6253 6698 6254
3 6699 5391 4937
3 6699 4937 4938
3 6700 4938 4940
3 6700 4940 5392
3 6701 6255 6254
3 6701 6254 6698
3 6255 6701 6702
3 6255 6702 6256
3 6703 5396 6256
3 6703 6256 6702
3 5396 6703 6704
3 5396 6704 4946
3 6705 4947 4946
3 6705 4946 6704
3 4947 6705 6706
3 4947 6706 4948
3 6707 6257 4948
3 6707 4948 6706
3 5816 6258 6257
3 5816 6257 6707
3 6707 5398 5816
3 6665 6262 6259
3 6708 6697 6261
3 6708 6261 6263
3 6263 6664 6666
3 6263 6666 6708
3 6262 6664 6263
3 6262 6665 6664
3 6265 6268 6668
3 6266 6709 6267
3 6710 6268 6267
3 6710 6267 6709
3 6711 6668 6268
3 6711 6268 6710
3 6280 6271 6270
3 6280 6712 6271
3 6272 6271 6712
3 6272 6712 6713
3 6284 6272 6713
3 6273 6306 6275
3 6306 6273 6285
3 6306 6301 6275
3 6714 6276 6277
3 6276 6714 6715
3 6276 6715 6278
3 6714 6277 6716
3 6274 6716 6277
3 6278 6715 6717
3 6278 6717 6718
3 6718 6279 6278
3 6718 6282 6279
3 6281 6712 6280
3 6719 6720 6282
3 6719 6282 6718
3 6281 6282 6720
3 6281 6721 6712
3 6281 6720 6721
3 6722 6286 6283
3 6283 6284 6722
3 6284 6713 6722
3 6287 6286 6723
3 6722 6723 6286
3 6724 6288 6287
3 6287 6723 6724
3 6724 6725 6288
3 6289 6288 6725
3 6726 6290 6289
3 6289 6725 6726
3 6726 6727 6290
3 6312 6290 6728
3 6728 6290 6727
3 6729 6291 6292
3 6291 6729 6730
3 6291 6730 6298
3 6729 6292 6731
3 6294 6731 6292
3 6732 6733 6293
3 6310 6732 6293
3 6734 6294 6293
3 6734 6293 6733
3 6294 6734 6731
3 6274 6295 6716
3 6295 6296 6735
3 6295 6735 6716
3 6296 6297 6736
3 6296 6736 6735
3 6297 6299 6737
3 6297 6737 6736
3 6738 6299 6298
3 6738 6298 6730
3 6738 6737 6299
3 6306 6302 6301
3 6303 6305 6739
3 6304 6303 6739
3 6304 6739 6308
3 6308 6739 6305
3 6308 6305 6307
3 6309 6311 6338
3 6309 6338 6740
3 6310 6309 6740
3 6310 6740 6741
3 6732 6310 6741
3 6313 6312 6742
3 6728 6742 6312
3 6314 5876 6743
3 6313 6743 5876
3 6743 6315 6314
3 6743 6744 6315
3 6745 6315 6744
3 6315 6745 6316
3 6322 6316 6746
3 6745 6746 6316
3 6317 6319 6747
3 6317 6747 6748
3 6748 6318 6317
3 6748 6749 6318
3 6318 6749 6750
3 6318 6750 6323
3 6321 6747 6319
3 6321 6319 6320
3 6322 6747 6321
3 6751 6322 6746
3 6322 6751 6747
3 6323 6750 6752
3 6323 6752 6511
3 6753 6335 6325
3 6753 6325 6324
3 6753 6324 6754
3 6348 6754 6324
3 6755 6326 6328
3 6328 6340 6755
3 6756 6347 6330
3 6756 6330 6331
3 6756 6331 6757
3 6332 6757 6331
3 6332 6758 6757
3 6758 6332 6333
3 6758 6333 6759
3 6334 6759 6333
3 6334 6335 6760
3 6759 6334 6760
3 6753 6760 6335
3 6327 6336 6329
3 6337 6336 6741
3 6761 6741 6336
3 6761 6336 6762
3 6327 6762 6336
3 6337 6741 6740
3 6337 6740 6338
3 5906 6341 6763
3 5906 6763 6339
3 6764 6341 6343
3 6765 6763 6341
3 6765 6341 6764
3 6766 6767 6343
3 6764 6343 6767
3 6768 6766 6343
3 6768 6343 6342
3 6768 6342 6344
3 6768 6344 6349
3 6348 6345 6769
3 6770 6769 6345
3 6770 6345 6346
3 6771 6770 6346
3 6771 6346 6347
3 6756 6771 6347
3 6754 6348 6769
3 6772 6768 6349
3 6772 6349 6359
3 6350 6405 6773
3 6773 6351 6350
3 6774 6356 6355
3 6353 6774 6355
3 6775 6357 6356
3 6774 6775 6356
3 6775 6776 6357
3 6776 6358 6357
3 6777 6359 6358
3 6776 6777 6358
3 6777 6772 6359
3 6778 6360 6378
3 6778 6361 6360
3 6778 6779 6361
3 6362 6361 6779
3 6362 6779 6780
3 6363 6362 6780
3 6781 6364 6363
3 6781 6363 6782
3 6363 6780 6782
3 6364 6781 6783
3 6364 6783 6365
3 6784 6366 6365
3 6784 6365 6783
3 6366 6784 6785
3 6366 6785 6367
3 6367 6785 6786
3 6367 6786 6368
3 6787 6369 6368
3 6787 6368 6786
3 6787 6788 6369
3 6369 6788 6370
3 6788 6377 6370
3 6789 6390 5507
3 6789 5507 5509
3 6790 6789 5509
3 6790 5509 6371
3 6790 6371 6372
3 6790 6372 6791
3 6791 6372 6373
3 6791 6373 6792
3 6793 6792 6373
3 6793 6373 6375
3 6794 6793 6375
3 6794 6375 6795
3 6374 6795 6375
3 6374 6376 6796
3 6374 6796 6795
3 6376 6377 6797
3 6796 6376 6797
3 6798 6797 6377
3 6788 6798 6377
3 6778 6378 6799
3 6379 6799 6378
3 6379 6382 6799
3 6800 6382 6381
3 6800 6381 6801
3 6380 6801 6381
3 6380 6802 6801
3 6802 6380 6383
3 6382 6800 6803
3 6382 6803 6799
3 6802 6383 6804
3 6804 6383 6387
3 6385 6384 6805
3 6806 6805 6384
3 6389 6806 6384
3 6807 6385 6805
3 6385 6807 6386
3 6807 6808 6386
3 6386 6808 6387
3 6804 6387 6809
3 6809 6387 6808
3 6388 6392 6810
3 6389 6388 6810
3 6389 6810 6811
3 6806 6389 6811
3 6390 6789 6812
3 6390 6812 6404
3 6813 6392 6391
3 6401 6813 6391
3 6813 6814 6392
3 6814 6810 6392
3 6393 6815 6816
3 6393 6816 6394
3 6815 6393 6398
3 6817 6395 6394
3 6817 6394 6816
3 6395 6817 6818
3 6395 6818 6396
3 6819 6397 6396
3 6819 6396 6818
3 6819 6401 6397
3 6815 6398 6820
3 6399 6820 6398
3 6399 6821 6820
3 6821 6399 6400
3 6821 6400 6822
3 6402 6822 6400
3 6819 6823 6401
3 6813 6401 6823
3 6402 6824 6822
3 6824 6402 6403
3 6824 6403 6825
3 6407 6825 6403
3 6404 6826 6406
3 6826 6404 6812
3 6773 6405 6406
3 6773 6406 6827
3 6826 6827 6406
3 6407 6828 6825
3 6828 6407 6451
3 6829 6408 6411
3 6408 6829 6830
3 6408 6830 6409
3 6831 6410 6409
3 6831 6409 6830
3 6829 6411 6832
3 6412 6832 6411
3 6412 6833 6832
3 6833 6412 6413
3 6833 6413 6834
3 6834 6413 6414
3 6410 6831 6835
3 6410 6835 6417
3 6415 6836 6414
3 6834 6414 6836
3 6415 6837 6836
3 6837 6415 6416
3 6837 6416 6838
3 6419 6838 6416
3 6839 6418 6417
3 6839 6417 6835
3 6418 6839 6840
3 6418 6840 6452
3 6419 6841 6838
3 6841 6419 6437
3 6842 6429 6420
3 6843 6842 6420
3 6843 6420 6421
3 6843 6421 6422
3 6423 6844 6422
3 6843 6422 6844
3 6423 6845 6844
3 6845 6423 6424
3 6845 6424 6846
3 6846 6424 6425
3 6846 6425 6847
3 6848 6847 6425
3 6848 6425 6426
3 6849 6848 6426
3 6849 6426 6427
3 6850 6849 6427
3 6850 6427 6851
3 6428 6851 6427
3 6428 6430 6851
3 6852 6436 6429
3 6842 6852 6429
3 6853 6851 6430
3 6853 6430 6431
3 6431 6432 6854
3 6431 6854 6853
3 6855 6854 6432
3 6855 6432 6433
3 6855 6433 6434
3 6855 6434 6856
3 6857 6856 6434
3 6857 6434 6435
3 6435 6436 6857
3 6858 6857 6436
3 6852 6858 6436
3 6841 6437 6859
3 6440 6859 6437
3 6438 6860 6439
3 6860 6438 6446
3 6440 6439 6861
3 6860 6861 6439
3 6440 6862 6859
3 6862 6440 6861
3 6863 6441 6447
3 6863 6864 6441
3 6442 6441 6864
3 6442 6864 6865
3 6442 6865 6443
3 6445 6444 6443
3 6866 6445 6443
3 6866 6443 6865
3 6445 6866 6446
3 6860 6446 6867
3 6866 6867 6446
3 6863 6447 6868
3 6448 6869 6447
3 6868 6447 6869
3 6448 6449 6870
3 6869 6448 6870
3 6450 6870 6449
3 6450 6871 6870
3 6871 6450 6693
3 6828 6451 6452
3 6872 6828 6452
3 6872 6452 6840
3 6462 6873 6453
3 6874 6456 6453
3 6874 6453 6873
3 6454 6455 6875
3 6454 6875 6876
3 6480 6454 6876
3 6455 6456 6877
3 6455 6877 6875
3 6456 6874 6878
3 6456 6878 6877
3 6457 6879 6458
3 6879 6457 6466
3 6459 6458 6879
3 6459 6880 6460
3 6459 6879 6881
3 6880 6459 6881
3 6462 6461 6882
3 6883 6882 6461
3 6883 6461 6460
3 6883 6460 6880
3 6462 6884 6873
3 6462 6882 6884
3 6885 6464 6463
3 6885 6463 6467
3 6465 6464 6886
3 6885 6886 6464
3 6465 6887 6466
3 6887 6465 6886
3 6879 6466 6888
3 6887 6888 6466
3 6467 6474 6885
3 6468 6469 6889
3 6468 6889 6881
3 6472 6468 6881
3 6469 6470 6890
3 6469 6890 6889
3 6470 6471 6891
3 6470 6891 6890
3 6471 6484 6892
3 6471 6892 6891
3 6472 6881 6879
3 6479 6472 6879
3 6893 6473 6894
3 6473 6893 6474
3 6895 6894 6473
3 6895 6473 6475
3 6896 6886 6474
3 6896 6474 6893
3 6885 6474 6886
3 6475 6476 6895
3 6477 6895 6476
3 6477 6478 6897
3 6477 6897 6894
3 6477 6894 6895
3 6479 6898 6478
3 6897 6478 6898
3 6479 6879 6888
3 6479 6888 6898
3 6480 6876 6899
3 6900 6482 6480
3 6900 6480 6899
3 6482 6540 6481
3 6482 6900 6540
3 6484 6483 6485
3 6484 6485 6901
3 6484 6901 6892
3 6489 6901 6485
3 6496 6486 6487
3 6496 6487 6902
3 6488 6902 6487
3 6488 6903 6902
3 6903 6488 6500
3 6904 6901 6489
3 6491 6904 6489
3 6491 6490 6884
3 6491 6884 6905
3 6904 6491 6905
3 6492 6494 6906
3 6492 6906 6907
3 6493 6492 6907
3 6493 6907 6908
3 6490 6493 6908
3 6909 6906 6494
3 6909 6494 6910
3 6910 6494 6495
3 6910 6495 6497
3 6498 6496 6902
3 6497 6911 6912
3 6497 6912 6910
3 6498 6911 6497
3 6498 6902 6913
3 6498 6913 6911
3 6501 6914 6499
3 6499 6914 6500
3 6903 6500 6914
3 6502 6915 6501
3 6501 6915 6914
3 6503 6916 6502
3 6502 6916 6915
3 6503 6917 6916
3 6504 6917 6503
3 6505 6918 6504
3 6504 6918 6917
3 6505 6919 6918
3 6920 6919 6505
3 6505 6506 6920
3 6506 6507 6921
3 6920 6506 6921
3 6508 6922 6059
3 6922 6507 6059
3 6509 6922 6508
3 6509 6923 6922
3 6509 6510 6924
3 6923 6509 6924
3 6514 6925 6510
3 6925 6924 6510
3 6511 6752 6513
3 6511 6513 6512
3 6514 6513 6752
3 6514 6752 6926
3 6925 6514 6926
3 6927 6515 6526
3 6927 6516 6515
3 6927 6928 6516
3 6536 6516 6928
3 6929 6519 6518
3 6527 6519 6929
3 6930 6522 6521
3 6930 6521 6535
3 6930 6931 6522
3 6931 6523 6522
3 6932 6524 6523
3 6931 6932 6523
3 6932 6933 6524
3 6525 6524 6933
3 6934 6525 6933
3 6525 6934 6526
3 6927 6526 6934
3 6081 6531 6935
3 6081 6935 6528
3 6936 6530 6528
3 6528 6935 6937
3 6528 6937 6936
3 6938 6939 6530
3 6936 6938 6530
3 6940 6529 6530
3 6940 6530 6939
3 6940 6532 6529
3 6940 6542 6532
3 6536 6941 6533
3 6942 6534 6533
3 6942 6533 6941
3 6534 6942 6943
3 6534 6943 6535
3 6930 6535 6943
3 6941 6536 6928
3 6944 6945 6538
3 6944 6538 6539
3 6537 6538 6945
3 6537 6945 6946
3 6537 6946 6541
3 6900 6944 6539
3 6900 6539 6540
3 6541 6946 6947
3 6541 6947 6948
3 6541 6948 6517
3 6541 6517 6520
3 6542 6940 6949
3 6542 6949 6552
3 6662 6543 6950
3 6950 6543 6544
3 6549 6951 6548
3 6545 6548 6951
3 6952 6549 6550
3 6549 6952 6951
3 6952 6550 6953
3 6551 6953 6550
3 6954 6551 6552
3 6551 6954 6953
3 6954 6552 6949
3 6955 6666 6553
3 6572 6955 6553
3 6556 6673 6554
3 6554 6673 6677
3 6554 6677 6555
3 6555 6677 6679
3 6555 6679 6559
3 6556 6674 6673
3 6675 6674 6556
3 6675 6556 6956
3 6956 6556 6557
3 6956 6557 6957
3 6558 6957 6557
3 6558 6560 6958
3 6558 6958 6957
3 6571 6559 6679
3 6958 6560 6567
3 6561 6959 6960
3 6561 6960 6562
3 6959 6561 6569
3 6961 6563 6562
3 6961 6562 6960
3 6563 6961 6962
3 6563 6962 6564
3 6963 6565 6564
3 6963 6564 6962
3 6565 6963 6964
3 6565 6964 6566
3 6965 6567 6566
3 6966 6965 6566
3 6966 6566 6964
3 6965 6958 6567
3 6967 6569 6568
3 6967 6568 6570
3 6569 6967 6968
3 6569 6968 6969
3 6959 6569 6969
3 6570 6655 6970
3 6971 6967 6570
3 6971 6570 6970
3 6571 6679 6681
3 6572 6571 6681
3 6572 6681 6695
3 6955 6572 6695
3 6573 6972 6973
3 6573 6973 6582
3 6574 6972 6573
3 6574 6974 6972
3 6974 6574 6575
3 6575 6576 6975
3 6575 6975 6976
3 6974 6575 6976
3 6576 6577 6977
3 6576 6977 6975
3 6577 6578 6978
3 6577 6978 6977
3 6578 6579 6979
3 6578 6979 6978
3 6980 6979 6579
3 6980 6579 6580
3 6981 6980 6580
3 6981 6580 6581
3 6581 6583 6982
3 6982 6981 6581
3 6589 6582 6973
3 6584 6983 6583
3 6983 6982 6583
3 6584 6588 6984
3 6983 6584 6984
3 5693 6660 6985
3 5693 6985 6135
3 6986 6585 6135
3 6987 6986 6135
3 6987 6135 6985
3 6986 6586 6585
3 6986 6988 6586
3 6989 6587 6586
3 6989 6586 6988
3 6587 6989 6990
3 6587 6990 6991
3 6587 6991 6588
3 6984 6588 6991
3 6589 6973 6992
3 6590 6589 6992
3 6590 6992 6593
3 6993 6994 6591
3 6993 6591 6593
3 6994 6592 6591
3 6995 6594 6592
3 6994 6995 6592
3 6996 6993 6593
3 6996 6593 6992
3 6995 6997 6594
3 6997 6598 6594
3 6595 6596 6998
3 6999 6595 6998
3 6595 6999 6600
3 7000 6998 6596
3 6597 7000 6596
3 7000 6597 7001
3 6597 6598 7001
3 7002 7001 6598
3 6997 7002 6598
3 7003 6599 6600
3 6599 7003 6602
3 7003 6600 7004
3 6999 7004 6600
3 7005 6601 6602
3 6601 7005 6611
3 7005 6602 7006
3 7003 7006 6602
3 6607 6603 7007
3 6603 6604 7008
3 6603 7008 7007
3 6604 6605 7009
3 6604 7009 7008
3 6605 6606 7010
3 6605 7010 7009
3 6611 7010 6606
3 6607 7007 7011
3 6608 6607 7011
3 6608 7011 7012
3 6609 6608 7012
3 6609 7012 7013
3 6610 6609 7013
3 6610 7013 7014
3 6612 6610 7014
3 6611 7015 7010
3 7005 7015 6611
3 6612 7014 7016
3 6613 6612 7016
3 6613 7016 7017
3 6614 6613 7017
3 6614 7017 7018
3 6658 6614 7018
3 7019 6618 6616
3 7020 7019 6616
3 7020 6616 6615
3 7021 7020 6615
3 7021 6615 6617
3 7019 7022 6618
3 7022 6619 6618
3 7023 6620 6619
3 7022 7023 6619
3 7023 7024 6620
3 7024 6622 6620
3 7025 7021 6617
3 7025 6617 6621
3 7026 7025 6621
3 7026 6621 6657
3 7027 6623 6622
3 7024 7027 6622
3 7028 6624 6623
3 7027 7028 6623
3 7028 7029 6624
3 7029 6625 6624
3 7030 6626 6625
3 7029 7030 6625
3 7030 7031 6626
3 7031 6646 6626
3 6629 7032 6627
3 7033 6628 6627
3 7033 6627 7032
3 7033 6630 6628
3 6629 7034 7032
3 7034 6629 6642
3 7035 6631 6630
3 7033 7035 6630
3 7036 6632 6631
3 7035 7036 6631
3 7036 7037 6632
3 6633 6632 7037
3 6633 7038 7039
3 6633 7039 6634
3 6633 7037 7038
3 7040 6635 6634
3 7040 6634 7039
3 6635 7040 7041
3 6635 7041 7042
3 6636 6635 7042
3 6636 7042 6643
3 6643 7043 6637
3 6637 7043 7044
3 6637 7044 6638
3 6638 7044 7045
3 6638 7045 6639
3 6640 6639 7045
3 6640 7045 7046
3 6640 7046 7047
3 6640 7047 6641
3 6641 7047 6642
3 7047 7048 6642
3 7034 6642 7048
3 6643 7042 7043
3 7049 6656 6644
3 6645 7049 6644
3 6645 6646 7050
3 7049 6645 7050
3 7051 7050 6646
3 7031 7051 6646
3 7052 6652 6647
3 7053 7052 6647
3 6648 7053 6647
3 6648 6650 7054
3 6648 7054 7053
3 6651 6650 6649
3 6650 6651 7055
3 6650 7055 7054
3 6651 6656 7055
3 7052 7056 6652
3 6653 6652 7057
3 7057 6652 7056
3 7058 6653 7057
3 6653 7058 6654
3 7058 6655 6654
3 7059 6970 6655
3 7058 7059 6655
3 7049 7060 6656
3 7060 7055 6656
3 7061 7026 6657
3 7061 6657 6659
3 6658 7018 6659
3 7062 7061 6659
3 7062 6659 7018
3 6660 6661 7063
3 6660 7063 6985
3 6661 6663 7064
3 7063 6661 7064
3 6950 6663 6662
3 6950 7065 6663
3 7065 7064 6663
3 6955 6708 6666
3 6667 6668 6711
3 6221 7066 6669
3 6667 7066 6221
3 5784 6223 7067
3 5784 7067 7068
3 7068 6222 5784
3 7069 7067 6223
3 7069 6223 6224
3 6224 6670 7070
3 6224 7070 7069
3 6226 7070 6670
3 6672 7071 6227
3 6227 7071 5791
3 6672 7072 7071
3 6671 7072 6672
3 7073 6683 6682
3 7074 7073 6682
3 7074 6682 6684
3 7075 6692 6683
3 7073 7075 6683
3 6684 6685 7076
3 6684 7076 7074
3 7077 7076 6685
3 7077 6685 6686
3 7078 7077 6686
3 7078 6686 6687
3 7079 7078 6687
3 7079 6687 6689
3 7080 7081 6689
3 7080 6689 6688
3 6689 7081 7082
3 6689 7082 7079
3 6688 6680 6678
3 6688 6678 7080
3 6690 6691 7083
3 6690 7083 6694
3 6691 7084 7085
3 6691 7085 7083
3 7084 6691 6692
3 7084 6692 7086
3 7075 7086 6692
3 6871 6693 7087
3 7088 7087 6693
3 7088 6693 6694
3 7089 7088 6694
3 7089 6694 7083
3 6955 6695 6696
3 6708 6955 6696
3 6708 6696 6697
3 6253 5389 7090
3 6253 7090 7091
3 6253 7091 7092
3 6253 7092 6698
3 7093 6701 6698
3 7093 6698 7092
3 5389 5390 7094
3 5389 7094 7090
3 5390 5391 7095
3 5390 7095 7094
3 5391 6699 7096
3 5391 7096 7095
3 4938 7096 6699
3 4938 7097 7096
3 7098 7097 4938
3 7098 4938 6700
3 7098 6700 5392
3 5814 7099 5392
3 7098 5392 7099
3 6701 7093 7100
3 6701 7100 6702
3 7101 6703 6702
3 7101 6702 7100
3 6703 7101 7102
3 6703 7102 6704
3 7103 6705 6704
3 7103 6704 7102
3 6705 7103 7104
3 6705 7104 6706
3 5398 6707 6706
3 5398 6706 7104
3 5408 5398 7104
3 6711 7105 6667
3 7106 6269 5826
3 7106 5826 7107
3 5826 5408 7108
3 5826 7108 7107
3 5408 7104 7108
3 7109 7110 6712
3 7109 6712 6721
3 7110 6713 6712
3 7111 6722 6713
3 7110 7111 6713
3 6714 7112 7113
3 6714 7113 6715
3 7112 6714 6716
3 7114 6717 6715
3 7114 6715 7113
3 7112 6716 6735
3 6718 6717 7115
3 6717 7114 7116
3 6717 7116 7115
3 6718 7115 6719
3 7117 7118 6720
3 7117 6720 6719
3 7118 6721 6720
3 7119 7117 6719
3 7119 6719 7115
3 7118 7109 6721
3 7111 6723 6722
3 7111 7120 6723
3 7120 6724 6723
3 7121 6725 6724
3 7120 7121 6724
3 7121 7122 6725
3 7122 6726 6725
3 7123 6727 6726
3 7122 7123 6726
3 7123 7124 6727
3 6728 6727 7124
3 7124 7125 6728
3 6728 7125 6742
3 7126 6730 6729
3 7127 7126 6729
3 7127 6729 6731
3 7128 6738 6730
3 7126 7128 6730
3 7129 7127 6731
3 7129 6731 6734
3 7130 7131 6733
3 6732 7130 6733
3 7129 6734 6733
3 7129 6733 7131
3 6732 6741 6761
3 6732 6761 7132
3 6732 7132 7130
3 7133 7112 6735
3 7133 6735 6736
3 7134 7133 6736
3 7134 6736 6737
3 7134 6737 7135
3 6738 7135 6737
3 7136 7135 6738
3 7136 6738 7137
3 7128 7137 6738
3 6313 6742 7138
3 7138 6742 7125
3 6313 7139 6743
3 7139 6313 7138
3 7139 6744 6743
3 7139 7140 6744
3 6745 6744 7141
3 7140 7141 6744
3 6745 7142 6746
3 7142 6745 7141
3 6751 6746 7143
3 7142 7143 6746
3 6751 6748 6747
3 7144 6749 6748
3 7144 6748 7145
3 6751 7145 6748
3 6750 6749 7144
3 6750 7146 6926
3 6750 6926 6752
3 6750 7144 7146
3 7145 6751 7143
3 6754 7147 6753
3 6760 6753 7147
3 6754 7148 7147
3 6754 6769 7148
3 6755 6340 7149
3 6755 7149 6326
3 6756 7150 7151
3 6756 7151 6771
3 7150 6756 6757
3 7150 6757 7152
3 6758 7152 6757
3 6758 7153 7152
3 7153 6758 6759
3 7153 6759 7154
3 6759 6760 7154
3 6760 7147 7154
3 6762 6327 6326
3 6761 6762 7155
3 6761 7155 7132
3 6762 6326 7155
3 6767 7156 6764
3 6764 7156 7157
3 6765 6764 7157
3 6765 7157 7158
3 7159 7160 6767
3 6766 7159 6767
3 6767 7160 7156
3 7159 6766 7161
3 6768 7161 6766
3 6768 6772 7161
3 6769 6770 7162
3 6769 7162 7148
3 6770 6771 7151
3 6770 7151 7162
3 6772 6777 7163
3 6772 7163 7161
3 6827 6351 6773
3 6827 7164 6351
3 6351 7164 7165
3 6351 7165 6354
3 6352 7166 7167
3 6352 7167 6353
3 6354 7166 6352
3 6353 7167 7168
3 6353 7168 6774
3 6354 7165 7166
3 6774 7168 7169
3 6774 7169 6775
3 6776 6775 7169
3 6776 7169 7170
3 6777 6776 7170
3 6777 7170 7163
3 7171 6779 6778
3 6803 7171 6778
3 6803 6778 6799
3 7172 6780 6779
3 7171 7172 6779
3 7173 6782 6780
3 7172 7173 6780
3 7174 6781 6782
3 6781 7174 7175
3 6781 7175 6783
3 7174 6782 7176
3 7173 7176 6782
3 7177 6784 6783
3 7177 6783 7175
3 6784 7177 7178
3 6784 7178 6785
3 6785 7178 7179
3 6785 7179 6786
3 7180 6787 6786
3 7180 6786 7179
3 7180 7181 6787
3 6787 7181 6788
3 6798 6788 7181
3 7182 6812 6789
3 7182 6789 6790
3 7182 6790 6791
3 7182 6791 7183
3 6792 7183 6791
3 6792 6793 7184
3 6792 7184 7185
3 6792 7185 7183
3 6793 6794 7186
3 6793 7186 7184
3 7187 6794 6795
3 6794 7187 7188
3 6794 7188 7186
3 7187 6795 7189
3 6796 7189 6795
3 6796 6797 7190
3 6796 7190 7189
3 6798 7191 6797
3 7191 7190 6797
3 6798 7181 7192
3 7191 6798 7192
3 7193 6800 6801
3 6800 7193 7194
3 6800 7194 6803
3 7193 6801 7195
3 6802 7195 6801
3 6802 7196 7195
3 7196 6802 6804
3 7171 6803 7194
3 7196 6804 7197
3 6809 7197 6804
3 6807 6805 7198
3 6806 7199 6805
3 7199 7198 6805
3 6806 6811 7200
3 7199 6806 7200
3 7201 6807 7198
3 6807 7201 6808
3 7201 7202 6808
3 6809 6808 7202
3 7202 7203 6809
3 6809 7203 7197
3 7204 6811 6810
3 6814 7204 6810
3 7204 7205 6811
3 7205 7200 6811
3 7206 6812 7182
3 6813 6823 7207
3 6814 6813 7207
3 6814 7207 7208
3 7204 6814 7208
3 6815 7209 7210
3 6815 7210 6816
3 7209 6815 6820
3 7211 6817 6816
3 7211 6816 7210
3 6817 7211 7212
3 6817 7212 6818
3 6819 6818 7212
3 6819 7212 7213
3 7213 6823 6819
3 7209 6820 7214
3 6821 7214 6820
3 6821 7215 7214
3 7215 6821 6822
3 7215 6822 7216
3 6824 7216 6822
3 7213 7217 6823
3 7217 7207 6823
3 6824 7218 7216
3 7218 6824 6825
3 7218 6825 7219
3 6828 7219 6825
3 6826 6812 7220
3 7206 7220 6812
3 7221 6826 7220
3 6826 7221 6827
3 7221 7164 6827
3 6828 6872 7219
3 7222 6829 6832
3 6829 7222 7223
3 6829 7223 6830
3 6830 7223 7224
3 6830 7224 6831
3 7222 6832 7225
3 6833 7225 6832
3 6833 7226 7225
3 7226 6833 6834
3 7226 6834 7227
3 7227 6834 6836
3 6831 7224 7228
3 6831 7228 6835
3 7229 6839 6835
3 7229 6835 7228
3 6837 7230 6836
3 7227 6836 7230
3 6837 7231 7230
3 7231 6837 6838
3 7231 6838 7232
3 6841 7232 6838
3 6839 7229 7233
3 6839 7233 6840
3 7234 6872 6840
3 7234 6840 7233
3 6841 7235 7232
3 7235 6841 6859
3 6852 6842 7236
3 6842 6843 7237
3 6842 7237 7236
3 6844 7237 6843
3 6845 7238 6844
3 6844 7238 7237
3 6845 7239 7238
3 7239 6845 6846
3 7239 6846 7240
3 6847 7240 6846
3 6847 6848 7241
3 6847 7241 7242
3 6847 7242 7240
3 6848 6849 7243
3 6848 7243 7241
3 6849 6850 7244
3 6849 7244 7243
3 6850 7245 7246
3 6850 7246 7244
3 7245 6850 6851
3 7245 6851 6853
3 6852 7236 7247
3 6858 6852 7247
3 7248 7245 6853
3 7248 6853 6854
3 7249 7248 6854
3 7249 6854 6855
3 7249 6855 6856
3 7249 6856 7250
3 7251 7250 6856
3 7251 6856 6857
3 6858 7251 6857
3 7251 6858 7252
3 6858 7247 7252
3 7235 6859 7253
3 6862 7253 6859
3 6860 7254 6861
3 7254 6860 6867
3 6862 6861 7255
3 7254 7255 6861
3 6862 7256 7253
3 7256 6862 7255
3 6868 7257 6863
3 6863 7258 6864
3 6863 7257 7259
3 6863 7259 7258
3 7260 6865 6864
3 7260 6864 7258
3 7261 6866 6865
3 7261 6865 7260
3 6866 7261 6867
3 7254 6867 7262
3 7261 7262 6867
3 6868 7263 7257
3 7264 7263 6868
3 6868 6869 7264
3 6869 6870 7265
3 7264 6869 7265
3 6871 7265 6870
3 6871 7266 7265
3 6871 7087 7267
3 6871 7267 7266
3 6872 7234 7268
3 6872 7268 7219
3 6884 7269 6873
3 7270 6874 6873
3 7270 6873 7269
3 6874 7270 7271
3 6874 7271 6878
3 7272 7273 6875
3 7272 6875 6877
3 7273 6876 6875
3 7274 6899 6876
3 7274 6876 7275
3 7273 7275 6876
3 7276 7272 6877
3 7276 6877 6878
3 7277 7276 6878
3 7277 6878 7271
3 6880 6881 6889
3 6883 6880 7278
3 7278 6880 6889
3 6882 6883 6905
3 6882 6905 6884
3 6883 7278 7279
3 6883 7279 6905
3 6884 6490 7269
3 6887 6886 6896
3 6887 7280 6888
3 7280 6887 6896
3 7280 6898 6888
3 7278 6889 6890
3 6890 6891 7279
3 6890 7279 7278
3 6892 7279 6891
3 6892 6904 7279
3 6904 6892 6901
3 6897 7281 6894
3 6893 6894 7281
3 6893 7281 7282
3 6893 7282 6896
3 7280 6896 7282
3 6897 6898 7283
3 6897 7283 7281
3 7280 7283 6898
3 6944 6900 6899
3 6944 6899 7284
3 7274 7284 6899
3 7285 6913 6902
3 7285 6902 7286
3 6903 7286 6902
3 6903 7287 7286
3 7287 6903 6914
3 6904 6905 7279
3 6490 6908 7269
3 7288 6907 6906
3 7289 7288 6906
3 7289 6906 6909
3 7290 6908 6907
3 7288 7290 6907
3 7291 7269 6908
3 7290 7291 6908
3 6910 6912 7292
3 6910 7292 6909
3 7293 7289 6909
3 7293 6909 7292
3 6912 7294 7295
3 6912 7295 7292
3 7294 6912 6911
3 7294 6911 7296
3 6913 7296 6911
3 6913 7285 7296
3 7287 6914 6915
3 7287 6915 7297
3 6916 7297 6915
3 7298 6916 6917
3 6916 7298 7297
3 7298 6917 7299
3 6918 7299 6917
3 7300 6918 6919
3 6918 7300 7299
3 7301 7300 6919
3 6920 7301 6919
3 7302 7301 6920
3 6920 6921 7302
3 6507 7303 6921
3 7302 6921 7303
3 7304 7303 6507
3 6922 7304 6507
3 6922 6923 7305
3 6922 7305 7304
3 6923 6924 7306
3 7305 6923 7306
3 7307 7306 6924
3 6925 7307 6924
3 6925 6926 7308
3 7307 6925 7308
3 7146 7308 6926
3 7309 6927 6934
3 7309 6928 6927
3 7309 7310 6928
3 6941 6928 7310
3 6929 6518 7311
3 6929 7311 6527
3 6930 6943 7312
3 6930 7312 7313
3 6931 6930 7313
3 6931 7313 7314
3 6932 6931 7314
3 6932 7314 7315
3 6933 6932 7315
3 6933 7315 7316
3 6934 6933 7316
3 7309 6934 7316
3 6936 7318 7317
3 7318 6936 6937
3 7317 6938 6936
3 7318 6937 7319
3 7320 6938 7321
3 6938 7320 6939
3 7317 7321 6938
3 7320 7322 6939
3 6940 6939 7322
3 6940 7322 6949
3 7323 6942 6941
3 7323 6941 7310
3 6942 7323 7312
3 6942 7312 6943
3 6945 6944 7284
3 6945 7284 6946
3 7324 6947 6946
3 7324 6946 7284
3 6948 6518 6517
3 7325 6948 6947
3 7325 6947 7326
3 7324 7326 6947
3 6948 7325 6518
3 7327 6954 6949
3 7327 6949 7322
3 6544 7065 6950
3 6544 7328 7065
3 7329 7328 6544
3 7329 6544 6547
3 6545 6951 7330
3 6545 7330 7331
3 7331 6546 6545
3 7331 7332 6546
3 6547 6546 7332
3 6547 7332 7329
3 7333 7330 6951
3 7333 6951 6952
3 7333 6952 6953
3 7333 6953 7334
3 6954 7334 6953
3 6954 7327 7334
3 7335 6959 6969
3 6959 7335 7336
3 6959 7336 6960
3 7337 6961 6960
3 7337 6960 7336
3 7338 6962 6961
3 7338 6961 7337
3 7339 6963 6962
3 7339 6962 7338
3 6963 7339 7340
3 6963 7340 6964
3 7341 6966 6964
3 7341 6964 7340
3 6966 7342 7343
3 6966 7343 6965
3 7344 7342 6966
3 7344 6966 7341
3 6965 7343 6957
3 6965 6957 6958
3 6967 6971 7345
3 6967 7345 6968
3 7346 6969 6968
3 7347 7346 6968
3 7347 6968 7345
3 7346 7348 6969
3 7335 6969 7348
3 7059 7349 6970
3 7350 6971 6970
3 7350 6970 7349
3 6971 7350 7351
3 6971 7351 7345
3 6974 7352 6972
3 7353 6973 6972
3 7353 6972 7352
3 6973 7353 6996
3 6973 6996 6992
3 7354 6974 6976
3 6974 7354 7352
3 7355 7356 6976
3 7355 6976 6975
3 7354 6976 7356
3 7357 7355 6975
3 7357 6975 6977
3 7358 7357 6977
3 7358 6977 6978
3 7359 7358 6978
3 7359 6978 6979
3 6979 6980 7360
3 6979 7360 7359
3 6980 6981 7361
3 6980 7361 7360
3 7361 6981 7362
3 6982 7362 6981
3 7363 7362 6982
3 6983 7363 6982
3 6983 6984 7364
3 7363 6983 7364
3 6984 6991 7365
3 7365 7364 6984
3 6985 7063 7366
3 6985 7366 6987
3 6987 6988 6986
3 7367 6987 7366
3 6987 7367 6988
3 6989 6988 7367
3 6989 7367 7368
3 6989 7368 7369
3 6989 7369 6990
3 7370 7371 6990
3 7370 6990 7369
3 7371 6991 6990
3 7371 7365 6991
3 6993 6996 7372
3 6993 7372 7373
3 6994 6993 7373
3 6994 7373 7374
3 6995 6994 7374
3 6995 7374 7375
3 6997 6995 7375
3 7353 7372 6996
3 6997 7375 7376
3 7002 6997 7376
3 7000 7377 6998
3 6999 6998 7378
3 7377 7378 6998
3 7379 6999 7378
3 6999 7379 7004
3 7000 7001 7380
3 7377 7000 7380
3 7381 7380 7001
3 7002 7381 7001
3 7002 7376 7382
3 7382 7381 7002
3 7383 7003 7004
3 7003 7383 7006
3 7383 7004 7384
3 7379 7384 7004
3 7385 7005 7006
3 7005 7385 7015
3 7385 7006 7386
3 7383 7386 7006
3 7387 7011 7007
3 7388 7387 7007
3 7388 7007 7008
3 7389 7388 7008
3 7389 7008 7009
3 7389 7009 7010
3 7389 7010 7390
3 7390 7010 7015
3 7391 7012 7011
3 7387 7391 7011
3 7391 7392 7012
3 7392 7013 7012
3 7393 7014 7013
3 7392 7393 7013
3 7393 7394 7014
3 7394 7016 7014
3 7390 7015 7395
3 7385 7395 7015
3 7396 7017 7016
3 7394 7396 7016
3 7396 7397 7017
3 7397 7018 7017
3 7397 7062 7018
3 7019 7020 7223
3 7019 7223 7222
3 7022 7019 7222
3 7021 7223 7020
3 7021 7224 7223
3 7021 7025 7228
3 7021 7228 7224
3 7022 7222 7225
3 7023 7022 7225
3 7023 7225 7226
3 7024 7023 7226
3 7024 7226 7227
3 7027 7024 7227
3 7025 7026 7229
3 7025 7229 7228
3 7026 7061 7233
3 7026 7233 7229
3 7028 7027 7230
3 7027 7227 7230
3 7028 7230 7231
3 7029 7028 7231
3 7029 7231 7232
3 7030 7029 7232
3 7030 7232 7235
3 7031 7030 7235
3 7031 7235 7253
3 7051 7031 7253
3 7034 7398 7032
3 7399 7033 7032
3 7399 7032 7398
3 7399 7035 7033
3 7034 7400 7398
3 7400 7034 7048
3 7036 7035 7401
3 7399 7401 7035
3 7036 7401 7402
3 7037 7036 7402
3 7037 7402 7403
3 7038 7037 7403
3 7038 7404 7405
3 7038 7405 7039
3 7038 7403 7404
3 7406 7040 7039
3 7406 7039 7405
3 7040 7406 7407
3 7040 7407 7041
3 7408 7042 7041
3 7409 7408 7041
3 7409 7041 7407
3 7408 7043 7042
3 7043 7408 7410
3 7043 7410 7044
3 7411 7045 7044
3 7411 7044 7410
3 7411 7046 7045
3 7411 7412 7046
3 7413 7047 7046
3 7413 7046 7412
3 7047 7413 7048
3 7413 7414 7048
3 7400 7048 7414
3 7049 7050 7415
3 7060 7049 7415
3 7051 7416 7050
3 7416 7415 7050
3 7051 7253 7256
3 7416 7051 7256
3 7417 7056 7052
3 7418 7417 7052
3 7418 7052 7419
3 7053 7419 7052
3 7053 7054 7420
3 7053 7420 7419
3 7421 7420 7054
3 7421 7054 7055
3 7060 7421 7055
3 7417 7422 7056
3 7057 7056 7423
3 7423 7056 7422
3 7058 7057 7424
3 7423 7424 7057
3 7059 7058 7424
3 7059 7424 7425
3 7059 7425 7426
3 7059 7426 7349
3 7060 7415 7427
3 7421 7060 7427
3 7061 7062 7234
3 7061 7234 7233
3 7062 7397 7268
3 7062 7268 7234
3 7428 7366 7063
3 7063 7064 7429
3 7428 7063 7429
3 7430 7429 7064
3 7065 7430 7064
3 7430 7065 7328
3 6667 7105 7066
3 7431 7068 7067
3 7432 7431 7067
3 7432 7067 7069
3 7433 7432 7069
3 7433 7069 7070
3 7434 7433 7070
3 7434 7070 6226
3 7435 7434 6226
3 7435 6226 5789
3 7436 7435 5789
3 7436 5789 5790
3 7437 7436 5790
3 7437 5790 5791
3 7438 7437 5791
3 7438 5791 7071
3 7071 7072 6671
3 7071 6671 7438
3 7438 6671 6228
3 6676 6675 7439
3 7439 6675 6956
3 6676 7440 7080
3 6676 7080 6678
3 6676 7439 7440
3 7075 7073 7441
3 7442 7441 7073
3 7442 7073 7074
3 7074 7076 7443
3 7074 7443 7442
3 7075 7441 7444
3 7086 7075 7444
3 7076 7077 7445
3 7076 7445 7443
3 7077 7078 7446
3 7077 7446 7445
3 7447 7446 7078
3 7447 7078 7079
3 7079 7082 7447
3 7440 7081 7080
3 7440 7448 7081
3 7082 7081 7448
3 7082 7448 7449
3 7450 7089 7083
3 7450 7083 7085
3 7084 7451 7452
3 7084 7452 7085
3 7451 7084 7086
3 7453 7450 7085
3 7453 7085 7452
3 7451 7086 7454
3 7086 7444 7454
3 7087 7088 7455
3 7087 7455 7267
3 7088 7089 7456
3 7088 7456 7455
3 7089 7450 7457
3 7089 7457 7456
3 7458 7459 7090
3 7458 7090 7094
3 7459 7091 7090
3 7460 7093 7092
3 7460 7092 7091
3 7459 7460 7091
3 7093 7460 7461
3 7093 7461 7100
3 7462 7458 7094
3 7462 7094 7095
3 7463 7462 7095
3 7463 7095 7096
3 7464 7463 7096
3 7464 7096 7097
3 7098 7464 7097
3 7465 7098 7099
3 7098 7465 7464
3 7466 7467 7099
3 5814 7466 7099
3 7465 7099 7467
3 7466 5814 6222
3 7068 7468 6222
3 7466 6222 7468
3 7469 7101 7100
3 7469 7100 7461
3 7101 7469 7470
3 7101 7470 7102
3 7471 7103 7102
3 7471 7102 7470
3 7103 7471 7108
3 7103 7108 7104
3 6269 7472 5825
3 6266 5825 7472
3 6269 7106 7473
3 6269 7473 7472
3 7474 7106 7107
3 7106 7474 7475
3 7106 7475 7473
3 7474 7107 7476
3 7471 7476 7107
3 7471 7107 7108
3 7109 7118 7477
3 7109 7477 7478
3 7110 7109 7478
3 7110 7478 7479
3 7111 7110 7479
3 7111 7479 7480
3 7112 7133 7481
3 7112 7481 7113
3 7482 7114 7113
3 7482 7113 7481
3 7114 7482 7483
3 7114 7483 7116
3 7484 7485 7115
3 7484 7115 7116
3 7485 7119 7115
3 7486 7484 7116
3 7486 7116 7483
3 7119 7487 7117
3 7118 7117 7487
3 7118 7487 7477
3 7119 7488 7487
3 7489 7488 7119
3 7485 7489 7119
3 7111 7480 7490
3 7120 7111 7490
3 7121 7120 7490
3 7121 7490 7491
3 7122 7121 7491
3 7122 7491 7492
3 7123 7122 7492
3 7123 7492 7493
3 7494 7123 7493
3 7123 7494 7124
3 7494 7495 7124
3 7124 7495 7125
3 7138 7125 7496
3 7496 7125 7495
3 7126 7127 7497
3 7126 7497 7498
3 7126 7498 7499
3 7126 7499 7128
3 7127 7129 7500
3 7127 7500 7497
3 7128 7499 7501
3 7128 7501 7137
3 7131 7500 7129
3 7130 7132 7502
3 7130 7502 7503
3 7130 7503 7131
3 7503 7504 7131
3 7131 7504 7500
3 7505 7502 7132
3 7505 7132 7155
3 7133 7134 7506
3 7133 7506 7481
3 7134 7135 7507
3 7507 7506 7134
3 7508 7509 7135
3 7508 7135 7136
3 7507 7135 7509
3 7137 7510 7136
3 7511 7508 7136
3 7511 7136 7510
3 7137 7501 7510
3 7496 7512 7138
3 7139 7138 7513
3 7512 7513 7138
3 7140 7139 7513
3 7140 7513 7514
3 7515 7140 7514
3 7140 7515 7141
3 7142 7141 7516
3 7515 7516 7141
3 7142 7517 7143
3 7517 7142 7516
3 7517 7518 7143
3 7145 7143 7518
3 7144 7145 7518
3 7144 7518 7519
3 7520 7146 7144
3 7520 7144 7519
3 7146 7520 7308
3 7147 7521 7153
3 7147 7153 7154
3 7147 7148 7162
3 7147 7162 7521
3 7155 6326 7149
3 7155 7149 7505
3 7522 7505 7149
3 7522 7149 6340
3 7523 7522 6340
3 7523 6340 5903
3 7524 7523 5903
3 7524 5903 5904
3 7521 7150 7152
3 7521 7151 7150
3 7521 7162 7151
3 7521 7152 7153
3 7525 5904 6339
3 7526 7525 6339
3 7526 6339 6763
3 7527 7526 6763
3 7527 6763 6765
3 7525 7524 5904
3 7528 7527 6765
3 7528 6765 7158
3 7529 7530 7156
3 7157 7156 7530
3 7529 7156 7160
3 7157 7530 7531
3 7531 7158 7157
3 7531 7532 7158
3 7159 7533 7160
3 7159 7161 7534
3 7533 7159 7534
3 7529 7160 7535
3 7533 7535 7160
3 7163 7534 7161
3 7163 7536 7534
3 7536 7163 7170
3 7537 7165 7164
3 7221 7537 7164
3 7538 7166 7165
3 7537 7538 7165
3 7539 7168 7167
3 7539 7167 7540
3 7540 7167 7166
3 7540 7166 7541
3 7538 7541 7166
3 7542 7169 7168
3 7542 7168 7539
3 7169 7542 7543
3 7169 7543 7170
3 7536 7170 7543
3 7171 7194 7544
3 7172 7171 7544
3 7173 7172 7545
3 7172 7544 7545
3 7173 7545 7546
3 7176 7173 7546
3 7174 7176 7547
3 7174 7547 7548
3 7174 7548 7549
3 7174 7549 7175
3 7550 7177 7175
3 7550 7175 7549
3 7176 7546 7547
3 7177 7550 7551
3 7177 7551 7178
3 7178 7551 7552
3 7178 7552 7179
3 7553 7180 7179
3 7553 7179 7552
3 7553 7554 7180
3 7180 7554 7181
3 7554 7192 7181
3 7206 7182 7183
3 7206 7183 7555
3 7555 7183 7185
3 7555 7185 7556
3 7557 7556 7185
3 7557 7185 7184
3 7558 7557 7184
3 7558 7184 7186
3 7559 7558 7186
3 7559 7186 7188
3 7560 7559 7188
3 7560 7188 7561
3 7187 7561 7188
3 7562 7187 7189
3 7187 7562 7561
3 7562 7189 7563
3 7563 7189 7190
3 7563 7190 7564
3 7191 7564 7190
3 7191 7192 7565
3 7564 7191 7565
3 7566 7565 7192
3 7554 7566 7192
3 7567 7194 7193
3 7567 7193 7195
3 7568 7544 7194
3 7567 7568 7194
3 7567 7195 7569
3 7569 7195 7196
3 7569 7196 7570
3 7570 7196 7197
3 7571 7197 7203
3 7570 7197 7571
3 7201 7198 7572
3 7573 7572 7198
3 7199 7573 7198
3 7199 7200 7574
3 7573 7199 7574
3 7575 7574 7200
3 7205 7575 7200
3 7576 7201 7572
3 7201 7576 7202
3 7576 7577 7202
3 7202 7577 7203
3 7571 7203 7578
3 7203 7577 7576
3 7203 7576 7578
3 7204 7208 7579
3 7205 7204 7579
3 7205 7579 7580
3 7575 7205 7580
3 7206 7555 7581
3 7206 7581 7582
3 7206 7582 7220
3 7583 7208 7207
3 7217 7583 7207
3 7583 7584 7208
3 7584 7579 7208
3 7209 7585 7586
3 7209 7586 7210
3 7585 7209 7214
3 7587 7211 7210
3 7587 7210 7586
3 7587 7212 7211
3 7587 7588 7212
3 7213 7212 7588
3 7213 7588 7589
3 7589 7217 7213
3 7585 7214 7590
3 7215 7590 7214
3 7215 7591 7590
3 7591 7215 7216
3 7591 7216 7592
3 7218 7592 7216
3 7589 7593 7217
3 7583 7217 7593
3 7218 7594 7592
3 7594 7218 7219
3 7594 7219 7268
3 7221 7220 7595
3 7595 7220 7582
3 7537 7221 7595
3 7596 7247 7236
3 7597 7596 7236
3 7597 7236 7237
3 7597 7237 7238
3 7598 7238 7239
3 7597 7238 7598
3 7598 7239 7599
3 7599 7239 7240
3 7599 7240 7600
3 7600 7240 7242
3 7601 7242 7241
3 7602 7601 7241
3 7602 7241 7243
3 7600 7242 7603
3 7601 7603 7242
3 7604 7602 7243
3 7604 7243 7244
3 7605 7604 7244
3 7605 7244 7246
3 7245 7248 7606
3 7245 7606 7246
3 7607 7605 7246
3 7607 7246 7606
3 7608 7252 7247
3 7596 7608 7247
3 7248 7249 7609
3 7248 7609 7606
3 7250 7609 7249
3 7250 7610 7609
3 7250 7251 7611
3 7250 7611 7610
3 7251 7252 7611
3 7612 7611 7252
3 7608 7612 7252
3 7254 7613 7255
3 7613 7254 7262
3 7256 7255 7614
3 7613 7614 7255
3 7416 7256 7614
3 7616 7259 7257
3 7616 7257 7615
3 7615 7257 7263
3 7258 7259 7617
3 7258 7617 7260
3 7259 7616 7618
3 7259 7618 7617
3 7619 7261 7260
3 7619 7260 7617
3 7261 7619 7262
3 7613 7262 7620
3 7619 7620 7262
3 7615 7263 7621
3 7264 7622 7263
3 7621 7263 7622
3 7264 7623 7624
3 7264 7624 7622
3 7264 7265 7623
3 7623 7265 7266
3 7623 7266 7625
3 7626 7625 7266
3 7626 7266 7267
3 7627 7626 7267
3 7627 7267 7455
3 7397 7594 7268
3 7291 7270 7269
3 7270 7291 7628
3 7270 7628 7271
3 7629 7277 7271
3 7629 7271 7628
3 7272 7276 7630
3 7272 7630 7631
3 7273 7272 7631
3 7273 7631 7632
3 7275 7273 7632
3 7324 7274 7633
3 7274 7324 7284
3 7274 7275 7634
3 7274 7634 7633
3 7275 7632 7634
3 7276 7277 7635
3 7276 7635 7630
3 7629 7635 7277
3 7283 7280 7282
3 7283 7282 7281
3 7636 7285 7286
3 7285 7636 7637
3 7285 7637 7296
3 7636 7286 7638
3 7287 7638 7286
3 7287 7639 7638
3 7290 7288 7640
3 7288 7289 7641
3 7288 7641 7640
3 7289 7293 7642
3 7289 7642 7641
3 7290 7640 7643
3 7291 7290 7643
3 7291 7643 7628
3 7644 7293 7292
3 7644 7292 7645
3 7295 7645 7292
3 7293 7644 7646
3 7293 7646 7642
3 7647 7648 7295
3 7647 7295 7294
3 7649 7295 7648
3 7295 7649 7645
3 7647 7294 7296
3 7647 7296 7637
3 7650 7287 7297
3 7287 7650 7639
3 7298 7650 7297
3 7651 7298 7299
3 7298 7651 7650
3 7651 7299 7652
3 7300 7652 7299
3 7300 7653 7652
3 7654 7653 7300
3 7301 7654 7300
3 7654 7301 7655
3 7302 7655 7301
3 7302 7303 7656
3 7656 7655 7302
3 7656 7303 7657
3 7304 7658 7303
3 7658 7657 7303
3 7658 7304 7305
3 7658 7305 7659
3 7305 7306 7660
3 7659 7305 7660
3 7307 7661 7306
3 7661 7660 7306
3 7307 7308 7662
3 7661 7307 7662
3 7520 7662 7308
3 7323 7310 7309
3 7323 7309 7663
3 7315 7663 7309
3 7315 7309 7316
3 7311 7664 7665
3 7311 7665 6527
3 7311 6518 7325
3 7311 7325 7664
3 7666 6078 6527
3 7666 6527 7665
3 6078 7666 7667
3 6078 7667 6083
3 7663 7314 7313
3 7663 7313 7312
3 7663 7312 7323
3 7663 7315 7314
3 6531 7668 7669
3 6531 7669 6935
3 7668 6531 6083
3 7670 6937 6935
3 7670 6935 7669
3 7668 6083 7667
3 7671 7321 7317
3 7671 7317 7672
3 7672 7317 7318
3 7672 7318 7673
3 7673 7318 7319
3 7673 7319 7674
3 7320 7321 7675
3 7676 7320 7675
3 7320 7676 7322
3 7671 7677 7321
3 7677 7675 7321
3 7676 7327 7322
3 6937 7670 7678
3 6937 7678 7319
3 7324 7633 7679
3 7324 7679 7326
3 7664 7325 7326
3 7664 7326 7680
3 7680 7326 7679
3 7681 7334 7327
3 7676 7681 7327
3 7329 7682 7328
3 7430 7328 7682
3 7329 7683 7682
3 7683 7329 7332
3 7684 7332 7331
3 7331 7330 7685
3 7331 7685 7684
3 7686 7685 7330
3 7686 7330 7333
3 7684 7687 7332
3 7683 7332 7687
3 7688 7686 7333
3 7688 7333 7334
3 7681 7688 7334
3 7439 6956 7689
3 7343 7689 6956
3 7343 6956 6957
3 7690 7335 7348
3 7335 7690 7691
3 7335 7691 7336
3 7336 7691 7692
3 7336 7692 7337
3 7337 7692 7693
3 7337 7693 7338
3 7694 7339 7338
3 7694 7338 7693
3 7339 7694 7695
3 7339 7695 7340
3 7340 7695 7696
3 7340 7696 7341
3 7341 7696 7344
3 7689 7343 7342
3 7689 7342 7697
3 7697 7342 7344
3 7697 7344 7698
3 7699 7347 7345
3 7699 7345 7351
3 7346 7347 7700
3 7346 7700 7701
3 7348 7346 7701
3 7347 7699 7702
3 7347 7702 7700
3 7348 7701 7703
3 7690 7348 7703
3 7704 7350 7349
3 7704 7349 7426
3 7350 7704 7705
3 7350 7705 7351
3 7706 7699 7351
3 7706 7351 7705
3 7354 7707 7352
3 7708 7353 7352
3 7708 7352 7707
3 7353 7708 7372
3 7709 7354 7356
3 7354 7709 7707
3 7355 7357 7710
3 7355 7710 7711
3 7355 7711 7712
3 7355 7712 7356
3 7709 7356 7712
3 7357 7358 7713
3 7357 7713 7710
3 7358 7359 7714
3 7358 7714 7713
3 7715 7714 7359
3 7715 7359 7360
3 7716 7715 7360
3 7716 7360 7361
3 7361 7362 7717
3 7717 7716 7361
3 7363 7718 7362
3 7718 7717 7362
3 7363 7364 7719
3 7718 7363 7719
3 7365 7720 7364
3 7720 7719 7364
3 7365 7371 7721
3 7365 7721 7720
3 7428 7722 7366
3 7367 7366 7722
3 7368 7367 7722
3 7368 7722 7723
3 7368 7723 7724
3 7368 7724 7369
3 7725 7370 7369
3 7725 7369 7724
3 7370 7725 7726
3 7370 7726 7727
3 7371 7370 7727
3 7371 7727 7721
3 7708 7728 7372
3 7729 7373 7372
3 7729 7372 7728
3 7729 7374 7373
3 7729 7730 7374
3 7731 7375 7374
3 7731 7374 7730
3 7732 7376 7375
3 7732 7375 7731
3 7382 7376 7732
3 7377 7380 7733
3 7734 7377 7733
3 7377 7734 7378
3 7379 7378 7735
3 7734 7735 7378
3 7736 7379 7735
3 7379 7736 7384
3 7737 7733 7380
3 7381 7737 7380
3 7381 7738 7737
3 7382 7738 7381
3 7737 7738 7382
3 7737 7382 7739
3 7382 7732 7739
3 7740 7383 7384
3 7383 7740 7386
3 7740 7384 7741
3 7736 7741 7384
3 7742 7385 7386
3 7385 7742 7395
3 7742 7386 7743
3 7740 7743 7386
3 7391 7387 7586
3 7387 7388 7587
3 7387 7587 7586
3 7389 7587 7388
3 7389 7588 7587
3 7390 7588 7389
3 7395 7589 7390
3 7390 7589 7588
3 7391 7586 7585
3 7392 7391 7585
3 7392 7585 7590
3 7393 7392 7590
3 7393 7590 7591
3 7394 7393 7591
3 7394 7591 7592
3 7396 7394 7592
3 7395 7593 7589
3 7742 7593 7395
3 7396 7592 7594
3 7397 7396 7594
3 7400 7744 7398
3 7745 7399 7398
3 7745 7398 7744
3 7745 7401 7399
3 7400 7746 7744
3 7746 7400 7414
3 7402 7401 7747
3 7745 7747 7401
3 7748 7403 7402
3 7402 7747 7748
3 7748 7749 7403
3 7404 7403 7749
3 7404 7750 7751
3 7404 7751 7405
3 7404 7749 7750
3 7752 7406 7405
3 7752 7405 7751
3 7406 7752 7753
3 7406 7753 7407
3 7754 7409 7407
3 7754 7407 7753
3 7408 7409 7755
3 7408 7755 7410
3 7409 7754 7756
3 7409 7756 7755
3 7757 7411 7410
3 7757 7410 7755
3 7757 7412 7411
3 7757 7758 7412
3 7759 7413 7412
3 7759 7412 7758
3 7413 7759 7414
3 7759 7760 7414
3 7746 7414 7760
3 7761 7427 7415
3 7416 7761 7415
3 7761 7416 7614
3 7762 7422 7417
3 7763 7762 7417
3 7763 7417 7418
3 7419 7420 7764
3 7419 7764 7418
3 7765 7763 7418
3 7765 7418 7764
3 7420 7421 7766
3 7420 7766 7764
3 7421 7427 7766
3 7762 7767 7422
3 7423 7422 7768
3 7768 7422 7767
3 7423 7768 7769
3 7423 7769 7770
3 7423 7770 7424
3 7425 7424 7770
3 7425 7770 7771
3 7425 7771 7772
3 7425 7772 7426
3 7773 7704 7426
3 7773 7426 7772
3 7761 7774 7427
3 7774 7766 7427
3 7428 7429 7775
3 7428 7775 7776
3 7428 7776 7777
3 7428 7777 7722
3 7430 7778 7429
3 7775 7429 7778
3 7778 7430 7682
3 7068 7431 7779
3 7068 7779 7780
3 7068 7780 7468
3 7431 7432 7781
3 7431 7781 7779
3 7432 7433 7782
3 7432 7782 7781
3 7433 7434 7783
3 7433 7783 7782
3 7434 7435 7784
3 7434 7784 7783
3 7435 7436 7785
3 7435 7785 7784
3 7436 7437 7786
3 7436 7786 7785
3 7437 7438 6228
3 7437 6228 7786
3 6669 7786 6228
3 7440 7439 7787
3 7689 7787 7439
3 7440 7787 7448
3 7788 7443 7445
3 7446 7788 7445
3 7447 7082 7789
3 7449 7790 7082
3 7789 7082 7790
3 7449 7448 7787
3 7791 7790 7449
3 7449 7787 7791
3 7450 7453 7792
3 7450 7792 7457
3 7453 7452 7793
3 7451 7793 7452
3 7451 7794 7793
3 7794 7451 7454
3 7794 7454 7795
3 7444 7795 7454
3 7796 7627 7455
3 7796 7455 7456
3 7797 7796 7456
3 7797 7456 7457
3 7798 7797 7457
3 7798 7457 7792
3 7458 7462 7799
3 7458 7799 7800
3 7459 7458 7800
3 7459 7800 7801
3 7460 7459 7801
3 7460 7801 7461
3 7802 7469 7461
3 7802 7461 7801
3 7462 7463 7803
3 7462 7803 7799
3 7463 7464 7804
3 7463 7804 7803
3 7465 7804 7464
3 7805 7465 7467
3 7465 7805 7804
3 7806 7466 7468
3 7466 7806 7467
3 7806 7807 7467
3 7805 7467 7807
3 7806 7468 7808
3 7780 7808 7468
3 7469 7802 7809
3 7469 7809 7470
3 7476 7471 7470
3 7476 7470 7809
3 7810 6266 7472
3 7810 7472 7473
3 7811 7810 7473
3 7811 7473 7475
3 7812 7474 7476
3 7474 7812 7813
3 7474 7813 7475
3 7814 7811 7475
3 7814 7475 7813
3 7812 7476 7809
3 7487 7815 7477
3 7816 7478 7477
3 7816 7477 7815
3 7478 7816 7817
3 7478 7817 7479
3 7480 7479 7817
3 7480 7817 7818
3 7819 7482 7481
3 7819 7481 7506
3 7820 7483 7482
3 7820 7482 7819
3 7821 7486 7483
3 7821 7483 7820
3 7484 7486 7822
3 7484 7822 7823
3 7485 7484 7823
3 7485 7823 7824
3 7489 7485 7824
3 7825 7822 7486
3 7825 7486 7821
3 7826 7487 7488
3 7487 7826 7815
3 7826 7488 7827
3 7489 7828 7488
3 7828 7827 7488
3 7489 7824 7829
3 7828 7489 7829
3 7830 7490 7480
3 7830 7480 7818
3 7831 7491 7490
3 7831 7490 7830
3 7491 7831 7832
3 7491 7832 7492
3 7833 7493 7492
3 7833 7492 7832
3 7494 7493 7834
3 7835 7834 7493
3 7835 7493 7833
3 7836 7494 7834
3 7494 7836 7495
3 7495 7512 7496
3 7837 7501 7499
3 7838 7837 7499
3 7838 7499 7839
3 7839 7499 7498
3 7500 7840 7497
3 7841 7498 7497
3 7841 7497 7840
3 7839 7498 7841
3 7842 7500 7504
3 7500 7842 7840
3 7843 7510 7501
3 7843 7501 7844
3 7837 7844 7501
3 7505 7845 7502
3 7845 7503 7502
3 7503 7845 7504
3 7845 7846 7504
3 7842 7504 7846
3 7505 7522 7845
3 7507 7847 7506
3 7819 7506 7847
3 7507 7509 7848
3 7848 7847 7507
3 7508 7511 7849
3 7508 7849 7850
3 7509 7508 7850
3 7509 7850 7851
3 7852 7848 7509
3 7852 7509 7851
3 7853 7511 7510
3 7853 7510 7843
3 7511 7853 7854
3 7511 7854 7849
3 7512 7855 7513
3 7512 7495 7856
3 7512 7856 7855
3 7855 7514 7513
3 7855 7857 7514
3 7515 7858 7516
3 7858 7515 7859
3 7515 7514 7859
3 7860 7859 7514
3 7857 7860 7514
3 7517 7516 7861
3 7858 7861 7516
3 7517 7862 7518
3 7862 7517 7861
3 7862 7519 7518
3 7862 7863 7519
3 7864 7520 7519
3 7864 7519 7863
3 7520 7864 7662
3 7522 7523 7865
3 7522 7865 7845
3 7523 7524 7866
3 7523 7866 7865
3 7524 7525 7867
3 7524 7867 7866
3 7868 7528 7158
3 7868 7158 7869
3 7158 7532 7870
3 7158 7870 7869
3 7525 7526 7871
3 7525 7871 7867
3 7526 7527 7872
3 7526 7872 7871
3 7527 7528 7873
3 7527 7873 7872
3 7528 7868 7874
3 7528 7874 7873
3 7529 7875 7876
3 7529 7876 7530
3 7875 7529 7535
3 7877 7531 7530
3 7877 7530 7876
3 7531 7877 7878
3 7531 7878 7532
3 7879 7870 7532
3 7879 7532 7878
3 7533 7534 7880
3 7881 7533 7880
3 7533 7881 7535
3 7536 7880 7534
3 7875 7535 7882
3 7881 7882 7535
3 7536 7883 7880
3 7883 7536 7543
3 7538 7537 7884
3 7537 7595 7884
3 7538 7884 7885
3 7541 7538 7885
3 7540 7886 7539
3 7887 7542 7539
3 7887 7539 7886
3 7541 7888 7540
3 7540 7888 7886
3 7541 7889 7888
3 7541 7885 7889
3 7542 7887 7890
3 7542 7890 7543
3 7883 7543 7890
3 7891 7545 7544
3 7568 7891 7544
3 7891 7892 7545
3 7892 7546 7545
3 7893 7547 7546
3 7892 7893 7546
3 7894 7548 7547
3 7893 7894 7547
3 7895 7549 7548
3 7894 7895 7548
3 7896 7550 7549
3 7896 7549 7897
3 7895 7897 7549
3 7550 7896 7898
3 7550 7898 7551
3 7551 7898 7899
3 7551 7899 7552
3 7900 7553 7552
3 7900 7552 7899
3 7553 7901 7554
3 7900 7901 7553
3 7566 7554 7901
3 7555 7556 7902
3 7555 7902 7581
3 7556 7557 7903
3 7556 7903 7902
3 7557 7558 7904
3 7557 7904 7903
3 7558 7559 7905
3 7558 7905 7904
3 7559 7560 7906
3 7559 7906 7905
3 7907 7560 7561
3 7560 7907 7908
3 7560 7908 7906
3 7907 7561 7909
3 7562 7909 7561
3 7910 7562 7563
3 7562 7910 7909
3 7910 7563 7911
3 7564 7911 7563
3 7564 7565 7912
3 7564 7912 7911
3 7913 7912 7565
3 7566 7913 7565
3 7566 7901 7914
3 7913 7566 7914
3 7567 7569 7915
3 7567 7915 7916
3 7568 7567 7916
3 7891 7568 7916
3 7569 7570 7917
3 7569 7917 7915
3 7570 7571 7918
3 7570 7918 7917
3 7571 7578 7919
3 7571 7919 7918
3 7576 7572 7919
3 7920 7919 7572
3 7573 7920 7572
3 7573 7574 7921
3 7920 7573 7921
3 7575 7922 7574
3 7922 7921 7574
3 7575 7580 7923
3 7922 7575 7923
3 7578 7576 7919
3 7924 7580 7579
3 7584 7924 7579
3 7924 7925 7580
3 7925 7923 7580
3 7926 7582 7581
3 7927 7926 7581
3 7927 7581 7902
3 7595 7582 7928
3 7926 7928 7582
3 7583 7593 7929
3 7584 7583 7929
3 7584 7929 7930
3 7924 7584 7930
3 7742 7929 7593
3 7928 7884 7595
3 7608 7596 7931
3 7932 7931 7596
3 7932 7596 7597
3 7597 7598 7933
3 7597 7933 7932
3 7934 7933 7598
3 7934 7598 7599
3 7599 7600 7935
3 7599 7935 7934
3 7936 7935 7600
3 7936 7600 7603
3 7603 7601 7937
3 7938 7937 7601
3 7938 7601 7602
3 7602 7604 7939
3 7602 7939 7938
3 7603 7937 7936
3 7940 7939 7604
3 7940 7604 7605
3 7605 7607 7941
3 7605 7941 7940
3 7942 7607 7606
3 7942 7606 7609
3 7943 7941 7607
3 7943 7607 7942
3 7608 7931 7944
3 7944 7612 7608
3 7945 7942 7609
3 7945 7609 7610
3 7946 7945 7610
3 7946 7610 7611
3 7612 7946 7611
3 7946 7612 7947
3 7944 7947 7612
3 7613 7948 7614
3 7948 7613 7620
3 7761 7614 7948
3 7950 7616 7615
3 7950 7615 7949
3 7616 7950 7951
3 7616 7951 7618
3 7621 7949 7615
3 7952 7619 7617
3 7952 7617 7618
3 7953 7952 7618
3 7953 7618 7951
3 7619 7952 7620
3 7948 7620 7954
3 7952 7954 7620
3 7621 7955 7949
3 7621 7622 7956
3 7956 7955 7621
3 7956 7622 7624
3 7957 7624 7958
3 7625 7958 7624
3 7625 7624 7623
3 7956 7624 7957
3 7626 7959 7958
3 7626 7958 7625
3 7627 7959 7626
3 7796 7960 7627
3 7627 7960 7959
3 7961 7629 7628
3 7961 7628 7643
3 7961 7962 7629
3 7629 7962 7635
3 7635 7963 7630
3 7964 7631 7630
3 7964 7630 7963
3 7631 7964 7965
3 7631 7965 7632
3 7966 7634 7632
3 7966 7632 7965
3 7967 7679 7633
3 7966 7967 7633
3 7966 7633 7634
3 7635 7968 7963
3 7635 7962 7969
3 7635 7969 7968
3 7970 7647 7637
3 7971 7970 7637
3 7971 7637 7636
3 7972 7971 7636
3 7972 7636 7638
3 7972 7638 7639
3 7972 7639 7973
3 7974 7643 7640
3 7975 7974 7640
3 7975 7640 7641
3 7641 7642 7976
3 7641 7976 7975
3 7977 7976 7642
3 7977 7642 7646
3 7974 7961 7643
3 7644 7978 7979
3 7644 7979 7646
3 7978 7644 7645
3 7978 7645 7980
3 7649 7980 7645
3 7646 7979 7981
3 7646 7981 7977
3 7982 7648 7647
3 7970 7982 7647
3 7982 7983 7648
3 7649 7648 7984
3 7983 7984 7648
3 7985 7649 7984
3 7649 7985 7980
3 7986 7639 7650
3 7986 7973 7639
3 7987 7986 7650
3 7987 7650 7651
3 7988 7987 7651
3 7988 7651 7652
3 7989 7988 7652
3 7989 7652 7653
3 7654 7990 7653
3 7991 7989 7653
3 7991 7653 7990
3 7654 7655 7992
3 7990 7654 7992
3 7657 7655 7656
3 7993 7655 7657
3 7993 7657 7994
3 7658 7994 7657
3 7994 7658 7659
3 7994 7659 7995
3 7996 7997 7660
3 7661 7996 7660
3 7659 7660 7997
3 7998 7659 7997
3 7659 7998 7995
3 7661 7662 7999
3 7996 7661 7999
3 7864 7999 7662
3 7664 7680 8000
3 7664 8000 7665
3 8001 7666 7665
3 8001 7665 8000
3 7666 8001 8002
3 7666 8002 7667
3 8003 7668 7667
3 8003 7667 8002
3 7668 8003 8004
3 7668 8004 7669
3 8005 7670 7669
3 8005 7669 8004
3 7670 8005 8006
3 7670 8006 7678
3 8007 8008 7319
3 8007 7319 7678
3 7674 7319 8009
3 8008 8009 7319
3 7671 7672 8010
3 7671 8010 8011
3 7677 7671 8011
3 7672 7673 8012
3 7672 8012 8010
3 7673 7674 8013
3 7673 8013 8012
3 7674 8009 8014
3 7674 8014 8013
3 7676 7675 8015
3 8016 8015 7675
3 7677 8016 7675
3 7681 7676 8015
3 7677 8011 8017
3 8016 7677 8017
3 8018 8007 7678
3 8018 7678 8006
3 7680 7679 8019
3 7967 8019 7679
3 7680 8019 8000
3 7681 8015 8020
3 7688 7681 8020
3 7683 8021 7682
3 7778 7682 8021
3 7683 8022 8021
3 8022 7683 7687
3 8023 7687 7684
3 7684 7685 8024
3 7684 8024 8023
3 7685 7686 8025
3 7685 8025 8024
3 7686 7688 8026
3 7686 8026 8025
3 8023 8027 7687
3 8022 7687 8027
3 7688 8020 8026
3 7689 7697 7787
3 8028 7694 7693
3 7694 8028 7695
3 8029 7344 7696
3 7698 7344 8030
3 8030 7344 8029
3 7698 7787 7697
3 8030 7791 7698
3 7698 7791 7787
3 7699 7706 8031
3 7699 8031 7702
3 7702 8032 7700
3 8032 7701 7700
3 8033 7703 7701
3 8032 8033 7701
3 8033 8034 7703
3 7690 7703 8034
3 7704 7773 8035
3 7704 8035 7705
3 8036 7706 7705
3 8036 7705 8035
3 7706 8036 8037
3 7706 8037 8031
3 8038 7708 7707
3 8038 7707 8039
3 7709 8039 7707
3 7708 8038 7728
3 7709 8040 8039
3 8040 7709 7712
3 8041 8042 7710
3 8041 7710 7713
3 8043 7711 7710
3 8043 7710 8042
3 7711 8043 8044
3 7711 8044 7712
3 8040 7712 8044
3 8045 8041 7713
3 8045 7713 7714
3 7714 7715 8046
3 7714 8046 8045
3 7715 7716 8047
3 7715 8047 8046
3 7717 8048 7716
3 8047 7716 8048
3 8049 8048 7717
3 7718 8049 7717
3 7718 7719 8050
3 8049 7718 8050
3 8051 8050 7719
3 7720 8051 7719
3 7720 7721 8052
3 7720 8052 8051
3 8053 8052 7721
3 8053 7721 7727
3 7723 7722 7777
3 7723 7777 8054
3 7723 8054 8055
3 7723 8055 7724
3 8056 7725 7724
3 8056 7724 8055
3 7725 8056 8057
3 7725 8057 7726
3 8058 8059 7726
3 8058 7726 8057
3 8059 7727 7726
3 8059 8053 7727
3 8038 8060 7728
3 8060 7729 7728
3 7729 8060 8061
3 7729 8061 7730
3 7730 8061 8062
3 7730 8062 7731
3 7731 8062 8063
3 7731 8063 7732
3 8064 7739 7732
3 8064 7732 8063
3 7737 8064 7733
3 8064 8065 7733
3 7734 7733 8065
3 8066 7734 8065
3 7734 8066 7735
3 7736 7735 8067
3 8066 8067 7735
3 8068 7736 8067
3 7736 8068 7741
3 7739 8064 7737
3 8069 7740 7741
3 7740 8069 7743
3 8069 7741 8070
3 8068 8070 7741
3 7929 7742 7743
3 7929 7743 7930
3 8069 7930 7743
3 8071 7744 7746
3 8072 7745 7744
3 8072 7744 8071
3 8073 7747 7745
3 8073 7745 8072
3 8071 7746 8074
3 8074 7746 7760
3 8075 7748 7747
3 8075 7747 8073
3 8076 7749 7748
3 8076 7748 8075
3 8077 7750 7749
3 8077 7749 8076
3 8078 7751 7750
3 8078 7750 8077
3 8079 7752 7751
3 8079 7751 8078
3 8080 7753 7752
3 8080 7752 8079
3 8081 7754 7753
3 8081 7753 8080
3 8082 7756 7754
3 8082 7754 8081
3 8083 7757 7755
3 8083 7755 7756
3 8084 8083 7756
3 8084 7756 8082
3 7757 8083 8085
3 7757 8085 7758
3 8086 7759 7758
3 8086 7758 8085
3 7759 8086 7760
3 8087 7760 8086
3 8074 7760 8087
3 7774 7761 7948
3 7762 7763 7950
3 7762 7950 7949
3 7949 7767 7762
3 7763 7765 7951
3 7763 7951 7950
3 8088 7765 7764
3 8088 7764 7766
3 7765 8088 7953
3 7765 7953 7951
3 7774 8088 7766
3 7949 7955 7767
3 7768 7767 8089
3 8089 7767 7955
3 8089 7769 7768
3 8090 7769 8091
3 7771 7770 7769
3 7771 7769 8090
3 8089 8091 7769
3 8090 7772 7771
3 8090 8092 7772
3 7773 7772 8092
3 8093 8035 7773
3 7773 8092 8093
3 7774 7948 7954
3 8088 7774 7954
3 7775 8094 8095
3 7775 8095 7776
3 7775 7778 8094
3 8096 7777 7776
3 8097 8096 7776
3 8097 7776 8095
3 8096 8054 7777
3 8094 7778 8021
3 7066 7105 8098
3 7066 8098 8099
3 8100 6669 7066
3 8100 7066 8099
3 6669 8100 7786
3 7780 8101 7808
3 8101 7780 7779
3 8101 7779 7781
3 8102 8101 7781
3 8102 7781 7782
3 8103 8102 7782
3 8103 7782 7783
3 8104 8103 7783
3 8104 7783 7784
3 8105 8104 7784
3 8105 7784 7785
3 8100 8105 7785
3 8100 7785 7786
3 7444 8106 7795
3 7791 8107 7790
3 8030 8107 7791
3 7453 7793 8108
3 7453 8108 8109
3 8109 7792 7453
3 8110 8108 7793
3 8110 7793 7794
3 8110 7794 7795
3 8109 8111 7792
3 7798 7792 8111
3 8110 7795 8106
3 7796 8112 7960
3 7797 8112 7796
3 7798 8113 7797
3 7797 8113 8112
3 7798 8114 8113
3 7800 7799 8115
3 8116 8115 7799
3 8116 7799 7803
3 7800 8115 8117
3 8117 7801 7800
3 8117 7802 7801
3 8117 7809 7802
3 8118 8116 7803
3 8118 7803 7804
3 7805 8118 7804
3 8119 7805 7807
3 7805 8119 8118
3 8120 7806 7808
3 7806 8120 7807
3 8121 7807 8120
3 8119 7807 8121
3 8120 7808 8122
3 8101 8122 7808
3 8117 7812 7809
3 6266 8123 6709
3 6710 6709 8123
3 8124 6711 6710
3 8124 7105 6711
3 6266 7810 8125
3 6266 8125 8123
3 7810 7811 8126
3 7810 8126 8125
3 7814 8126 7811
3 7812 8117 8115
3 7812 8115 7813
3 8115 7814 7813
3 7814 8127 8126
3 8118 8127 7814
3 8118 7814 8116
3 8115 8116 7814
3 7826 8128 7815
3 8129 7816 7815
3 8129 7815 8128
3 7816 8129 8130
3 7816 8130 7817
3 8131 7818 7817
3 8131 7817 8130
3 7819 7847 8132
3 7820 7819 8132
3 7821 7820 8133
3 7820 8132 8133
3 7821 8133 8134
3 7825 7821 8134
3 8135 8136 7822
3 8135 7822 7825
3 8136 7823 7822
3 8137 7824 7823
3 8136 8137 7823
3 8137 8138 7824
3 8138 7829 7824
3 7825 8134 8139
3 8135 7825 8139
3 8140 7826 7827
3 7826 8140 8128
3 8140 7827 8141
3 8142 8141 7827
3 7828 8142 7827
3 7828 7829 8143
3 8142 7828 8143
3 8144 8143 7829
3 8138 8144 7829
3 7830 7818 8131
3 7830 8131 8145
3 8146 7831 7830
3 8146 7830 8145
3 7831 8146 8147
3 7831 8147 7832
3 8148 7833 7832
3 8148 7832 8147
3 8149 7835 7833
3 8149 7833 8148
3 7836 7834 8150
3 7835 8150 7834
3 7835 8149 8151
3 7835 8151 8152
3 7835 8152 8150
3 7844 7837 8153
3 7837 7838 8154
3 7837 8154 8153
3 8155 7838 7839
3 7838 8155 8156
3 7838 8156 8154
3 8155 7839 8157
3 7841 8157 7839
3 7842 8157 7840
3 7841 7840 8157
3 8158 7842 7846
3 7842 8158 8157
3 7843 7844 8159
3 7843 8159 8160
3 8161 7853 7843
3 8161 7843 8160
3 7844 8153 8159
3 7845 7865 7846
3 7865 8162 7846
3 8158 7846 8162
3 7848 7852 7847
3 7852 8132 7847
3 8163 7850 7849
3 8164 8163 7849
3 8164 7849 7854
3 8165 7851 7850
3 8163 8165 7850
3 8166 8167 7851
3 8165 8166 7851
3 8168 7852 7851
3 8168 7851 8167
3 7852 8168 8132
3 7853 8161 8169
3 7853 8169 7854
3 8170 8164 7854
3 8170 7854 8169
3 8171 7856 7495
3 8171 7495 7836
3 7855 7856 8172
3 7855 8172 7857
3 7856 8171 8173
3 7856 8173 8172
3 7857 8172 7860
3 7858 8174 7861
3 7858 7859 8175
3 8174 7858 8175
3 7860 8175 7859
3 7862 7861 8176
3 8174 8176 7861
3 7863 7862 8176
3 7863 8176 8177
3 8178 7864 7863
3 8178 7863 8177
3 7864 8178 7999
3 8179 7868 7869
3 7868 8179 8180
3 7868 8180 7874
3 8179 7869 8181
3 7870 8181 7869
3 7870 7879 8181
3 8182 7873 7874
3 8183 8182 7874
3 8183 7874 8180
3 8184 7876 7875
3 8184 7875 8185
3 8185 7875 7882
3 8186 7877 7876
3 8186 7876 8184
3 7877 8186 8187
3 7877 8187 7878
3 8188 7879 7878
3 8188 7878 8187
3 7879 8188 8189
3 7879 8189 8181
3 7883 8190 7880
3 7881 7880 8190
3 8191 7881 8190
3 7881 8191 7882
3 8185 7882 8192
3 8191 8192 7882
3 8193 7883 7890
3 7883 8193 8190
3 8194 7885 7884
3 8194 7884 8195
3 7928 8195 7884
3 8196 7889 7885
3 8196 7885 8194
3 8197 7887 7886
3 8197 7886 8198
3 8199 8198 7886
3 8199 7886 7888
3 7887 8197 8200
3 7887 8200 7890
3 7888 7889 8196
3 7888 8196 8199
3 8193 7890 8200
3 7892 7891 7916
3 7892 7916 8201
3 7893 7892 8201
3 7893 8201 8202
3 7894 7893 8202
3 7895 7894 8203
3 7894 8202 8203
3 7895 8203 8204
3 7897 7895 8204
3 7896 8205 8206
3 7896 8206 7898
3 8205 7896 7897
3 8205 7897 8207
3 7897 8204 8207
3 7898 8206 8208
3 7898 8208 7899
3 8209 7900 7899
3 8209 7899 8208
3 8209 8210 7900
3 7900 8210 7901
3 8210 7914 7901
3 8211 7927 7902
3 8211 7902 7903
3 8212 8211 7903
3 8212 7903 7904
3 8213 8212 7904
3 8213 7904 7905
3 8214 8213 7905
3 8214 7905 7906
3 8215 8214 7906
3 8215 7906 7908
3 8216 7907 7909
3 7907 8216 8217
3 7907 8217 7908
3 8218 8215 7908
3 8218 7908 8217
3 8216 7909 8219
3 7910 8219 7909
3 8220 7910 7911
3 7910 8220 8219
3 8220 7911 8221
3 8221 7911 7912
3 8221 7912 8222
3 7913 8222 7912
3 8222 7913 8223
3 7913 7914 8223
3 8224 8223 7914
3 8210 8224 7914
3 7916 7915 8225
3 8226 8225 7915
3 8226 7915 7917
3 7916 8225 8227
3 8228 8226 7917
3 8228 7917 7918
3 8228 7918 7919
3 7920 8228 7919
3 8228 7920 8229
3 7920 7921 8229
3 8230 8229 7921
3 7922 8230 7921
3 7922 7923 8231
3 8230 7922 8231
3 8232 8231 7923
3 7925 8232 7923
3 7924 7930 8233
3 7925 7924 8233
3 7925 8233 8234
3 8232 7925 8234
3 7928 7926 8235
3 7926 7927 8235
3 7927 8211 8236
3 7927 8236 8235
3 7928 8235 8195
3 8069 8233 7930
3 7944 7931 8237
3 8238 8237 7931
3 8238 7931 7932
3 7932 7933 8239
3 7932 8239 8238
3 8240 8239 7933
3 8240 7933 7934
3 7934 7935 8241
3 7934 8241 8240
3 8242 8241 7935
3 8242 7935 7936
3 7936 7937 8243
3 7936 8243 8242
3 8244 8243 7937
3 8244 7937 7938
3 7938 7939 8245
3 7938 8245 8244
3 8246 8245 7939
3 8246 7939 7940
3 7940 7941 8247
3 7940 8247 8246
3 8248 8247 7941
3 8248 7941 7943
3 7942 7945 8249
3 7942 8249 7943
3 7943 8249 8250
3 7943 8250 8248
3 7944 8237 8251
3 8251 7947 7944
3 8252 8249 7945
3 8252 7945 7946
3 7946 7947 8252
3 8252 7947 8253
3 8251 8253 7947
3 7952 7953 7954
3 8088 7954 7953
3 7956 8254 7955
3 8089 7955 8254
3 7957 8254 7956
3 8255 8256 7957
3 7957 7958 8255
3 7957 8256 8254
3 8255 7958 7959
3 8255 7959 8257
3 7960 8257 7959
3 8258 7960 8112
3 7960 8258 8257
3 7974 8259 7961
3 7961 8259 7962
3 8260 7969 7962
3 8260 7962 8261
3 8261 7962 8259
3 8262 8263 7963
3 8262 7963 7968
3 7964 7963 8263
3 7964 8264 8265
3 7964 8265 7965
3 7964 8263 8264
3 8266 7966 7965
3 8266 7965 8265
3 8266 7967 7966
3 8019 7967 8267
3 8266 8267 7967
3 7968 7969 8268
3 7968 8268 8262
3 7969 8260 8269
3 7969 8269 8268
3 7982 7970 8128
3 7970 7971 8129
3 7970 8129 8128
3 7971 7972 8130
3 7971 8130 8129
3 7972 7973 8131
3 7972 8131 8130
3 7974 8270 8259
3 7975 8270 7974
3 8271 7975 7976
3 7975 8271 8270
3 7977 8272 7976
3 8271 7976 8272
3 8273 7977 7981
3 7977 8273 8272
3 8274 7981 7979
3 8274 7979 8275
3 7978 8275 7979
3 8276 7978 7980
3 7978 8276 8275
3 8276 7980 8277
3 7985 8277 7980
3 8273 7981 8278
3 8274 8278 7981
3 7982 8128 8140
3 7983 7982 8140
3 7983 8140 8141
3 8279 7983 8141
3 7983 8279 7984
3 7985 7984 8280
3 8279 8280 7984
3 8281 7985 8280
3 7985 8281 8277
3 7986 8145 8131
3 7986 8131 7973
3 7986 7987 8146
3 7986 8146 8145
3 7987 7988 8147
3 7987 8147 8146
3 7988 7989 8148
3 7988 8148 8147
3 7989 7991 8149
3 7989 8149 8148
3 7990 7992 8282
3 7991 7990 8282
3 7991 8283 8151
3 7991 8151 8149
3 7991 8282 8283
3 8284 7992 7655
3 8284 7655 7993
3 7994 7995 8285
3 7994 8285 7993
3 8286 8284 7993
3 8286 7993 8285
3 7998 8285 7995
3 7996 7999 8287
3 8288 7996 8287
3 7996 8288 7997
3 8288 7998 7997
3 8178 8287 7999
3 8289 8018 8006
3 8007 8018 8290
3 8007 8290 8291
3 8008 8007 8291
3 8008 8291 8292
3 8009 8008 8292
3 8009 8292 8014
3 8011 8010 8293
3 8294 8293 8010
3 8294 8010 8012
3 8011 8293 8295
3 8295 8017 8011
3 8296 8294 8012
3 8296 8012 8013
3 8297 8296 8013
3 8297 8013 8014
3 8298 8297 8014
3 8298 8014 8292
3 8299 8020 8015
3 8016 8299 8015
3 8016 8017 8300
3 8299 8016 8300
3 8295 8301 8017
3 8301 8300 8017
3 8018 8289 8302
3 8018 8302 8290
3 8019 8267 8000
3 8303 8001 8000
3 8303 8000 8267
3 8304 8026 8020
3 8299 8304 8020
3 8305 8306 8021
3 8305 8021 8022
3 8094 8021 8306
3 8022 8027 8307
3 8022 8307 8305
3 8307 8027 8023
3 8307 8023 8308
3 8308 8023 8024
3 8309 8310 8024
3 8309 8024 8025
3 8308 8024 8310
3 8311 8309 8025
3 8311 8025 8026
3 8304 8311 8026
3 7690 8034 8312
3 8031 8313 7702
3 7702 8313 8314
3 7702 8314 8032
3 8032 8314 8315
3 8032 8315 8033
3 8034 8033 8315
3 8031 8316 8313
3 8037 8316 8031
3 8034 8315 8312
3 8093 8317 8035
3 8036 8035 8317
3 8318 8037 8036
3 8036 8317 8318
3 8318 8319 8037
3 8060 8038 8039
3 8060 8039 8320
3 8040 8320 8039
3 8040 8321 8320
3 8321 8040 8044
3 8041 8045 8322
3 8041 8322 8323
3 8042 8041 8323
3 8042 8323 8324
3 8325 8043 8042
3 8325 8042 8324
3 8043 8325 8326
3 8043 8326 8044
3 8321 8044 8326
3 8327 8322 8045
3 8327 8045 8046
3 8328 8327 8046
3 8328 8046 8047
3 8329 8328 8047
3 8047 8048 8329
3 8330 8329 8048
3 8049 8330 8048
3 8049 8050 8331
3 8330 8049 8331
3 8332 8331 8050
3 8051 8332 8050
3 8051 8052 8333
3 8051 8333 8332
3 8052 8053 8334
3 8052 8334 8333
3 8053 8059 8335
3 8053 8335 8334
3 8054 8096 8336
3 8054 8336 8055
3 8337 8056 8055
3 8337 8055 8336
3 8056 8337 8338
3 8056 8338 8057
3 8339 8058 8057
3 8339 8057 8338
3 8058 8339 8340
3 8058 8340 8341
3 8059 8058 8341
3 8059 8341 8335
3 8343 8061 8060
3 8343 8060 8342
3 8344 8062 8061
3 8344 8061 8343
3 8345 8063 8062
3 8345 8062 8344
3 8345 8064 8063
3 8064 8345 8065
3 8345 8346 8065
3 8066 8065 8346
3 8347 8066 8346
3 8066 8347 8067
3 8068 8067 8348
3 8347 8348 8067
3 8349 8068 8348
3 8068 8349 8070
3 8233 8069 8070
3 8233 8070 8234
3 8349 8234 8070
3 8074 8350 8071
3 8071 8350 8351
3 8071 8351 8072
3 8072 8351 8352
3 8072 8352 8073
3 8073 8352 8353
3 8073 8353 8075
3 8087 8354 8074
3 8074 8354 8350
3 8075 8353 8355
3 8075 8355 8076
3 8076 8355 8356
3 8076 8356 8077
3 8077 8356 8357
3 8077 8357 8078
3 8078 8357 8358
3 8078 8358 8079
3 8079 8358 8359
3 8079 8359 8080
3 8080 8359 8360
3 8080 8360 8081
3 8081 8360 8361
3 8081 8361 8082
3 8082 8361 8362
3 8082 8362 8084
3 8363 8085 8083
3 8363 8083 8084
3 8084 8362 8364
3 8084 8364 8363
3 8365 8086 8085
3 8365 8085 8363
3 8087 8086 8365
3 8365 8366 8087
3 8087 8366 8354
3 8254 8091 8089
3 8090 8091 8367
3 8367 8092 8090
3 8367 8091 8256
3 8254 8256 8091
3 8367 8368 8092
3 8368 8093 8092
3 8369 8317 8093
3 8368 8369 8093
3 8094 8306 8370
3 8094 8370 8095
3 8370 8097 8095
3 8096 8097 8371
3 8096 8371 8336
3 8097 8370 8372
3 8097 8372 8371
3 7105 8124 8373
3 7105 8373 8098
3 8374 8375 8099
3 8374 8099 8098
3 8105 8100 8099
3 8105 8099 8375
3 8376 8374 8098
3 8376 8098 8373
3 8101 8102 8122
3 8102 8103 8377
3 8102 8377 8122
3 8103 8104 8378
3 8103 8378 8377
3 8104 8105 8375
3 8104 8375 8378
3 8379 8106 7444
3 8379 7444 7441
3 8379 7441 8380
3 7442 8380 7441
3 7442 8381 8380
3 7442 7443 8382
3 7442 8382 8381
3 8383 8382 7443
3 8383 7443 7788
3 8383 7788 7446
3 8379 8110 8106
3 8384 7446 7447
3 8383 7446 8384
3 8384 7447 8385
3 7789 8385 7447
3 8379 8386 8108
3 8379 8108 8110
3 8386 8109 8108
3 8387 8111 8109
3 8386 8387 8109
3 8388 8111 8389
3 8387 8389 8111
3 7798 8111 8388
3 8388 8114 7798
3 8390 8112 8113
3 8258 8112 8390
3 8390 8113 8391
3 8391 8113 8114
3 8391 8114 8392
3 8393 8127 8118
3 8393 8118 8119
3 8393 8119 8121
3 8121 8120 8394
3 8394 8120 8122
3 8121 8394 8395
3 8121 8395 8396
3 8393 8121 8396
3 8394 8122 8377
3 6710 8123 8125
3 6710 8125 8397
3 8124 6710 8397
3 8124 8397 8373
3 8126 8397 8125
3 8126 8127 8393
3 8126 8393 8398
3 8126 8398 8397
3 8168 8133 8132
3 8399 8134 8133
3 8168 8399 8133
3 8400 8139 8134
3 8399 8400 8134
3 8135 8401 8402
3 8135 8402 8136
3 8135 8139 8403
3 8401 8135 8403
3 8137 8136 8402
3 8137 8402 8404
3 8138 8137 8404
3 8138 8404 8405
3 8144 8138 8405
3 8400 8406 8139
3 8406 8403 8139
3 8142 8407 8141
3 8279 8141 8407
3 8142 8143 8408
3 8407 8142 8408
3 8144 8409 8143
3 8409 8408 8143
3 8144 8405 8410
3 8409 8144 8410
3 8411 8159 8153
3 8412 8411 8153
3 8412 8153 8154
3 8413 8412 8154
3 8413 8154 8156
3 8414 8413 8156
3 8414 8156 8415
3 8155 8415 8156
3 8155 8416 8415
3 8416 8155 8157
3 8158 8417 8157
3 8416 8157 8417
3 8418 8158 8162
3 8158 8418 8417
3 8419 8160 8159
3 8419 8159 8420
3 8411 8420 8159
3 8421 8161 8160
3 8421 8160 8419
3 8161 8421 8422
3 8161 8422 8169
3 7865 7866 8162
3 7866 8423 8162
3 8418 8162 8423
3 8165 8163 8424
3 8163 8164 8425
3 8163 8425 8424
3 8164 8170 8426
3 8164 8426 8425
3 8165 8424 8427
3 8166 8165 8427
3 8428 8166 8429
3 8166 8428 8167
3 8166 8427 8429
3 8428 8430 8167
3 8399 8168 8167
3 8399 8167 8430
3 8431 8170 8169
3 8431 8169 8422
3 8170 8431 8432
3 8170 8432 8426
3 8433 8171 7836
3 8433 7836 8150
3 8171 8433 8434
3 8171 8434 8173
3 8173 7860 8172
3 8174 8435 8176
3 8435 8174 8436
3 8174 8175 8436
3 8173 8436 8175
3 7860 8173 8175
3 8435 8177 8176
3 8435 8437 8177
3 8438 8178 8177
3 8438 8177 8437
3 8178 8438 8287
3 7866 7867 8423
3 7867 7871 8439
3 7867 8439 8423
3 7871 7872 8440
3 7871 8440 8439
3 8441 8183 8180
3 8441 8180 8442
3 8179 8442 8180
3 8443 8179 8181
3 8179 8443 8442
3 8443 8181 8189
3 7872 7873 8444
3 7872 8444 8440
3 7873 8182 8445
3 7873 8445 8444
3 8182 8183 8446
3 8182 8446 8445
3 8183 8441 8447
3 8183 8447 8446
3 8184 8185 8448
3 8184 8448 8449
3 8186 8184 8449
3 8192 8448 8185
3 8450 8187 8186
3 8186 8449 8450
3 8450 8451 8187
3 8188 8187 8451
3 8188 8451 8452
3 8188 8452 8453
3 8188 8453 8189
3 8454 8443 8189
3 8454 8189 8453
3 8193 8455 8190
3 8191 8190 8455
3 8456 8191 8455
3 8191 8456 8192
3 8192 8457 8448
3 8456 8457 8192
3 8458 8193 8200
3 8193 8458 8455
3 8195 8459 8194
3 8194 8459 8460
3 8194 8460 8196
3 8195 8235 8459
3 8199 8196 8460
3 8197 8461 8462
3 8197 8462 8200
3 8461 8197 8198
3 8461 8198 8463
3 8464 8463 8198
3 8464 8198 8199
3 8199 8460 8464
3 8458 8200 8462
3 8227 8201 7916
3 8227 8465 8201
3 8465 8202 8201
3 8466 8203 8202
3 8465 8466 8202
3 8467 8204 8203
3 8466 8467 8203
3 8468 8207 8204
3 8467 8468 8204
3 8205 8469 8470
3 8205 8470 8206
3 8469 8205 8207
3 8206 8470 8471
3 8206 8471 8208
3 8469 8207 8472
3 8468 8472 8207
3 8473 8209 8208
3 8473 8208 8471
3 8224 8210 8209
3 8211 8212 8474
3 8211 8474 8236
3 8212 8213 8475
3 8212 8475 8474
3 8213 8214 8476
3 8213 8476 8475
3 8214 8215 8477
3 8214 8477 8476
3 8215 8218 8478
3 8215 8478 8477
3 8479 8216 8219
3 8216 8479 8480
3 8216 8480 8217
3 8481 8218 8217
3 8481 8217 8480
3 8218 8481 8478
3 8479 8219 8482
3 8220 8482 8219
3 8483 8220 8221
3 8220 8483 8482
3 8483 8221 8484
3 8485 8484 8221
3 8485 8221 8222
3 8222 8223 8485
3 8224 8486 8223
3 8486 8485 8223
3 8224 8209 8487
3 8486 8224 8487
3 8227 8225 8488
3 8225 8226 8489
3 8225 8489 8488
3 8226 8228 8490
3 8226 8490 8489
3 8227 8488 8491
3 8228 8229 8490
3 8492 8490 8229
3 8230 8492 8229
3 8230 8231 8493
3 8492 8230 8493
3 8232 8494 8231
3 8494 8493 8231
3 8232 8234 8495
3 8494 8232 8495
3 8349 8495 8234
3 8235 8236 8496
3 8235 8496 8459
3 8497 8496 8236
3 8497 8236 8474
3 8251 8237 8498
3 8499 8498 8237
3 8499 8237 8238
3 8238 8239 8500
3 8238 8500 8499
3 8501 8500 8239
3 8501 8239 8240
3 8240 8241 8502
3 8240 8502 8501
3 8503 8502 8241
3 8503 8241 8242
3 8242 8243 8504
3 8242 8504 8503
3 8505 8504 8243
3 8505 8243 8244
3 8244 8245 8506
3 8244 8506 8505
3 8507 8506 8245
3 8507 8245 8246
3 8246 8247 8508
3 8246 8508 8507
3 8509 8508 8247
3 8509 8247 8248
3 8248 8250 8510
3 8248 8510 8509
3 8511 8250 8249
3 8511 8249 8252
3 8512 8510 8250
3 8512 8250 8511
3 8513 8253 8251
3 8251 8498 8513
3 8252 8253 8511
3 8511 8253 8514
3 8513 8514 8253
3 8257 8515 8255
3 8255 8515 8256
3 8367 8256 8515
3 8257 8516 8515
3 8517 8516 8257
3 8517 8257 8258
3 8258 8390 8518
3 8258 8518 8517
3 8261 8259 8519
3 8519 8259 8270
3 8260 8520 8521
3 8260 8521 8269
3 8520 8260 8261
3 8520 8261 8522
3 8523 8522 8261
3 8523 8261 8519
3 8262 8268 8524
3 8262 8524 8525
3 8262 8525 8526
3 8262 8526 8263
3 8527 8528 8263
3 8527 8263 8526
3 8528 8264 8263
3 8529 8265 8264
3 8528 8529 8264
3 8530 8266 8265
3 8529 8530 8265
3 8531 8267 8266
3 8530 8531 8266
3 8531 8303 8267
3 8532 8524 8268
3 8532 8268 8269
3 8533 8532 8269
3 8533 8269 8521
3 8519 8270 8523
3 8271 8523 8270
3 8534 8271 8272
3 8271 8534 8523
3 8273 8535 8272
3 8534 8272 8535
3 8273 8536 8535
3 8536 8273 8278
3 8274 8275 8537
3 8274 8537 8538
3 8539 8274 8538
3 8274 8539 8278
3 8276 8537 8275
3 8540 8276 8277
3 8276 8540 8537
3 8540 8277 8541
3 8281 8541 8277
3 8536 8278 8542
3 8539 8542 8278
3 8543 8279 8407
3 8279 8543 8280
3 8281 8280 8544
3 8543 8544 8280
3 8545 8281 8544
3 8281 8545 8541
3 7992 8284 8546
3 7992 8546 8282
3 8284 8286 8547
3 8284 8547 8546
3 8286 8285 7998
3 8438 8548 8287
3 8288 8287 8548
3 8286 8288 8548
3 8288 8286 7998
3 8001 8303 8549
3 8001 8549 8002
3 8550 8003 8002
3 8550 8002 8549
3 8003 8550 8551
3 8003 8551 8004
3 8552 8005 8004
3 8552 8004 8551
3 8005 8552 8553
3 8005 8553 8006
3 8554 8289 8006
3 8554 8006 8553
3 8289 8554 8555
3 8289 8555 8302
3 8556 8557 8290
3 8556 8290 8302
3 8557 8291 8290
3 8558 8292 8291
3 8557 8558 8291
3 8558 8298 8292
3 8559 8295 8293
3 8559 8293 8560
3 8294 8560 8293
3 8296 8561 8294
3 8294 8561 8560
3 8559 8301 8295
3 8296 8562 8561
3 8297 8562 8296
3 8297 8298 8563
3 8297 8563 8564
3 8297 8564 8562
3 8298 8558 8565
3 8298 8565 8563
3 8304 8299 8566
3 8299 8300 8566
3 8567 8566 8300
3 8301 8567 8300
3 8559 8568 8301
3 8567 8301 8568
3 8569 8556 8302
3 8569 8302 8555
3 8303 8531 8570
3 8303 8570 8549
3 8304 8566 8571
3 8311 8304 8571
3 8572 8370 8306
3 8572 8306 8305
3 8305 8307 8573
3 8305 8573 8572
3 8308 8573 8307
3 8310 8574 8308
3 8308 8574 8573
3 8309 8311 8575
3 8309 8575 8576
3 8310 8309 8576
3 8310 8576 8577
3 8310 8577 8574
3 8311 8571 8575
3 8578 7691 7690
3 8578 7690 8312
3 8578 8312 8315
3 8578 8579 7691
3 8579 7692 7691
3 8580 7693 7692
3 8581 8028 7693
3 8581 7693 8580
3 8580 7692 8582
3 8579 8582 7692
3 8581 7695 8028
3 7696 7695 8583
3 7696 8583 8584
3 7696 8584 8029
3 8581 8583 7695
3 8578 8315 8314
3 8578 8314 8585
3 8313 8585 8314
3 8586 8313 8316
3 8313 8586 8585
3 8587 8316 8588
3 8586 8316 8587
3 8037 8588 8316
3 8319 8588 8037
3 8318 8317 8589
3 8369 8589 8317
3 8590 8319 8318
3 8318 8589 8590
3 8590 8591 8319
3 8342 8060 8320
3 8342 8320 8592
3 8321 8592 8320
3 8593 8321 8326
3 8321 8593 8592
3 8594 8323 8322
3 8322 8327 8595
3 8322 8595 8594
3 8596 8324 8323
3 8594 8596 8323
3 8596 8597 8324
3 8598 8325 8324
3 8598 8324 8597
3 8325 8598 8599
3 8325 8599 8326
3 8593 8326 8599
3 8327 8328 8600
3 8327 8600 8595
3 8601 8328 8329
3 8330 8601 8329
3 8601 8330 8602
3 8330 8331 8602
3 8603 8602 8331
3 8332 8603 8331
3 8332 8333 8604
3 8332 8604 8603
3 8605 8604 8333
3 8605 8333 8334
3 8606 8605 8334
3 8606 8334 8335
3 8607 8606 8335
3 8607 8335 8341
3 8608 8337 8336
3 8608 8336 8371
3 8337 8608 8609
3 8337 8609 8338
3 8610 8339 8338
3 8610 8338 8609
3 8339 8610 8611
3 8339 8611 8340
3 8612 8607 8341
3 8612 8341 8340
3 8613 8612 8340
3 8613 8340 8611
3 8342 8614 8615
3 8342 8615 8343
3 8343 8615 8616
3 8343 8616 8344
3 8344 8616 8617
3 8344 8617 8345
3 8345 8617 8346
3 8617 8618 8346
3 8347 8346 8618
3 8619 8347 8618
3 8347 8619 8348
3 8349 8348 8620
3 8619 8620 8348
3 8495 8349 8620
3 8621 8350 8354
3 8622 8351 8350
3 8622 8350 8621
3 8623 8352 8351
3 8623 8351 8622
3 8624 8353 8352
3 8624 8352 8623
3 8625 8355 8353
3 8625 8353 8624
3 8621 8354 8626
3 8626 8354 8366
3 8627 8356 8355
3 8627 8355 8625
3 8628 8357 8356
3 8628 8356 8627
3 8629 8358 8357
3 8629 8357 8628
3 8630 8359 8358
3 8630 8358 8629
3 8631 8360 8359
3 8631 8359 8630
3 8632 8361 8360
3 8632 8360 8631
3 8633 8362 8361
3 8633 8361 8632
3 8634 8364 8362
3 8634 8362 8633
3 8363 8364 8635
3 8363 8635 8365
3 8636 8635 8364
3 8636 8364 8634
3 8365 8635 8366
3 8637 8366 8635
3 8626 8366 8637
3 8515 8368 8367
3 8515 8516 8368
3 8368 8516 8517
3 8368 8517 8369
3 8369 8517 8518
3 8369 8518 8589
3 8638 8372 8370
3 8638 8370 8572
3 8639 8608 8371
3 8639 8371 8372
3 8640 8639 8372
3 8640 8372 8638
3 8398 8376 8373
3 8398 8373 8397
3 8374 8376 8396
3 8374 8396 8395
3 8375 8374 8395
3 8375 8395 8378
3 8376 8398 8393
3 8376 8393 8396
3 8394 8377 8378
3 8394 8378 8395
3 8386 8379 8380
3 8386 8380 8641
3 8381 8641 8380
3 8381 8642 8641
3 8381 8382 8643
3 8381 8643 8642
3 8644 8643 8382
3 8644 8382 8383
3 8383 8384 8645
3 8383 8645 8644
3 8384 8385 8646
3 8384 8646 8645
3 8385 7789 8647
3 8385 8647 8646
3 7789 7790 8648
3 7789 8648 8647
3 8387 8386 8641
3 8387 8641 8649
3 8389 8387 8649
3 8388 8650 8651
3 8388 8651 8652
3 8388 8389 8650
3 8388 8652 8114
3 8650 8389 8653
3 8389 8649 8653
3 8392 8114 8652
3 8391 8518 8390
3 8392 8654 8391
3 8391 8654 8518
3 8392 8655 8654
3 8400 8399 8430
3 8400 8430 8656
3 8406 8400 8656
3 8401 8403 8657
3 8401 8658 8659
3 8401 8659 8402
3 8658 8401 8657
3 8659 8404 8402
3 8660 8657 8403
3 8406 8660 8403
3 8661 8405 8404
3 8659 8661 8404
3 8661 8662 8405
3 8662 8410 8405
3 8406 8656 8663
3 8660 8406 8663
3 8407 8408 8664
3 8543 8407 8664
3 8665 8664 8408
3 8409 8665 8408
3 8409 8410 8666
3 8665 8409 8666
3 8667 8666 8410
3 8662 8667 8410
3 8668 8414 8415
3 8668 8415 8669
3 8416 8669 8415
3 8416 8670 8669
3 8670 8416 8417
3 8418 8671 8417
3 8670 8417 8671
3 8672 8418 8423
3 8418 8672 8671
3 8672 8423 8439
3 8673 8427 8424
3 8674 8673 8424
3 8674 8424 8425
3 8675 8674 8425
3 8675 8425 8426
3 8676 8675 8426
3 8676 8426 8432
3 8677 8429 8427
3 8673 8677 8427
3 8428 8429 8678
3 8679 8428 8678
3 8428 8679 8430
3 8680 8678 8429
3 8677 8680 8429
3 8679 8656 8430
3 8681 8433 8150
3 8681 8150 8152
3 8433 8681 8682
3 8433 8682 8434
3 8435 8436 8683
3 8437 8435 8683
3 8173 8434 8436
3 8434 8683 8436
3 8437 8683 8684
3 8685 8438 8437
3 8685 8437 8684
3 8438 8685 8548
3 8686 8672 8439
3 8686 8439 8440
3 8687 8686 8440
3 8687 8440 8444
3 8688 8441 8442
3 8441 8688 8689
3 8441 8689 8447
3 8688 8442 8690
3 8443 8690 8442
3 8443 8454 8690
3 8691 8687 8444
3 8691 8444 8445
3 8692 8691 8445
3 8692 8445 8446
3 8693 8692 8446
3 8693 8446 8447
3 8694 8693 8447
3 8694 8447 8689
3 8695 8449 8448
3 8695 8448 8457
3 8695 8696 8449
3 8696 8450 8449
3 8697 8451 8450
3 8696 8697 8450
3 8697 8698 8451
3 8452 8451 8698
3 8699 8454 8453
3 8699 8453 8700
3 8452 8700 8453
3 8452 8698 8701
3 8452 8701 8700
3 8454 8699 8702
3 8454 8702 8690
3 8458 8703 8455
3 8456 8455 8703
3 8704 8456 8703
3 8456 8704 8457
3 8695 8457 8705
3 8704 8705 8457
3 8706 8458 8462
3 8458 8706 8703
3 8461 8707 8462
3 8706 8462 8707
3 8465 8227 8491
3 8465 8491 8708
3 8466 8465 8708
3 8466 8708 8709
3 8467 8466 8709
3 8468 8467 8710
3 8467 8709 8710
3 8468 8710 8711
3 8472 8468 8711
3 8469 8712 8713
3 8469 8713 8470
3 8712 8469 8472
3 8470 8713 8714
3 8470 8714 8471
3 8714 8473 8471
3 8712 8472 8715
3 8472 8711 8715
3 8473 8487 8209
3 8716 8497 8474
3 8716 8474 8475
3 8717 8716 8475
3 8717 8475 8476
3 8718 8717 8476
3 8718 8476 8477
3 8719 8718 8477
3 8719 8477 8478
3 8479 8720 8721
3 8479 8721 8480
3 8720 8479 8482
3 8722 8481 8480
3 8722 8480 8721
3 8481 8722 8723
3 8481 8723 8478
3 8724 8719 8478
3 8724 8478 8723
3 8720 8482 8725
3 8483 8725 8482
3 8483 8726 8725
3 8726 8483 8484
3 8726 8484 8727
3 8727 8484 8485
3 8486 8727 8485
3 8727 8486 8487
3 8473 8728 8487
3 8491 8488 8729
3 8729 8488 8489
3 8729 8489 8730
3 8730 8489 8490
3 8730 8490 8731
3 8491 8729 8732
3 8492 8731 8490
3 8731 8492 8733
3 8492 8493 8733
3 8734 8733 8493
3 8494 8734 8493
3 8494 8495 8735
3 8734 8494 8735
3 8495 8620 8735
3 8459 8496 8736
3 8459 8736 8460
3 8496 8497 8737
3 8496 8737 8736
3 8497 8716 8738
3 8497 8738 8737
3 8513 8498 8739
3 8740 8739 8498
3 8740 8498 8499
3 8499 8500 8741
3 8499 8741 8740
3 8742 8741 8500
3 8742 8500 8501
3 8501 8502 8743
3 8501 8743 8742
3 8744 8743 8502
3 8744 8502 8503
3 8503 8504 8745
3 8503 8745 8744
3 8746 8745 8504
3 8746 8504 8505
3 8505 8506 8747
3 8505 8747 8746
3 8748 8747 8506
3 8748 8506 8507
3 8507 8508 8749
3 8507 8749 8748
3 8750 8749 8508
3 8750 8508 8509
3 8509 8510 8751
3 8509 8751 8750
3 8752 8751 8510
3 8752 8510 8512
3 8511 8514 8512
3 8512 8514 8753
3 8512 8753 8752
3 8754 8514 8513
3 8513 8739 8754
3 8754 8753 8514
3 8590 8589 8518
3 8590 8518 8654
3 8520 8755 8756
3 8520 8756 8521
3 8755 8520 8522
3 8757 8533 8521
3 8757 8521 8756
3 8758 8759 8522
3 8755 8522 8759
3 8534 8758 8522
3 8534 8522 8523
3 8760 8525 8524
3 8760 8524 8761
3 8524 8532 8762
3 8524 8762 8761
3 8525 8760 8763
3 8525 8763 8526
3 8764 8527 8526
3 8764 8526 8763
3 8527 8764 8765
3 8527 8765 8766
3 8528 8527 8766
3 8528 8766 8767
3 8529 8528 8767
3 8529 8767 8530
3 8531 8530 8767
3 8531 8767 8570
3 8532 8533 8768
3 8532 8768 8762
3 8533 8757 8769
3 8533 8769 8768
3 8758 8534 8535
3 8536 8770 8535
3 8758 8535 8770
3 8536 8771 8770
3 8771 8536 8542
3 8772 8538 8537
3 8540 8772 8537
3 8539 8538 8773
3 8774 8773 8538
3 8772 8774 8538
3 8539 8775 8542
3 8775 8539 8773
3 8776 8540 8541
3 8540 8776 8772
3 8776 8541 8777
3 8545 8777 8541
3 8771 8542 8778
3 8775 8778 8542
3 8543 8779 8544
3 8779 8543 8664
3 8545 8544 8780
3 8779 8780 8544
3 8781 8545 8780
3 8545 8781 8777
3 8782 8283 8282
3 8782 8282 8546
3 8783 8782 8546
3 8783 8546 8547
3 8286 8548 8547
3 8685 8547 8548
3 8784 8550 8549
3 8784 8549 8570
3 8550 8784 8785
3 8550 8785 8551
3 8786 8552 8551
3 8786 8551 8785
3 8552 8786 8787
3 8552 8787 8553
3 8788 8554 8553
3 8788 8553 8787
3 8554 8788 8789
3 8554 8789 8555
3 8790 8569 8555
3 8790 8555 8789
3 8556 8569 8791
3 8556 8791 8792
3 8557 8556 8792
3 8557 8792 8793
3 8558 8557 8793
3 8558 8793 8565
3 8794 8559 8560
3 8794 8568 8559
3 8794 8560 8795
3 8561 8795 8560
3 8561 8796 8795
3 8796 8561 8562
3 8796 8562 8797
3 8797 8562 8564
3 8798 8799 8563
3 8798 8563 8565
3 8799 8564 8563
3 8797 8564 8800
3 8799 8800 8564
3 8801 8798 8565
3 8801 8565 8793
3 8802 8571 8566
3 8567 8802 8566
3 8567 8568 8803
3 8802 8567 8803
3 8794 8804 8568
3 8804 8803 8568
3 8569 8790 8805
3 8569 8805 8791
3 8806 8784 8570
3 8806 8570 8767
3 8807 8575 8571
3 8802 8807 8571
3 8808 8576 8575
3 8807 8808 8575
3 8579 8578 8585
3 8579 8585 8809
3 8582 8579 8809
3 8582 8810 8580
3 8580 8810 8811
3 8580 8811 8581
3 8581 8811 8812
3 8581 8812 8583
3 8582 8809 8813
3 8582 8813 8810
3 8814 8584 8583
3 8814 8583 8812
3 8584 8814 8815
3 8584 8815 8029
3 8816 8030 8029
3 8816 8029 8815
3 8586 8809 8585
3 8817 8586 8587
3 8586 8817 8809
3 8818 8819 8587
3 8587 8588 8818
3 8817 8587 8819
3 8820 8818 8588
3 8820 8588 8821
3 8319 8821 8588
3 8591 8821 8319
3 8654 8591 8590
3 8654 8655 8591
3 8614 8342 8592
3 8614 8592 8822
3 8593 8822 8592
3 8823 8593 8599
3 8593 8823 8822
3 8596 8594 8824
3 8825 8824 8594
3 8825 8594 8595
3 8825 8595 8600
3 8596 8824 8826
3 8597 8596 8826
3 8597 8826 8827
3 8828 8598 8597
3 8828 8597 8827
3 8598 8828 8829
3 8598 8829 8599
3 8823 8599 8829
3 8601 8830 8328
3 8830 8600 8328
3 8601 8602 8831
3 8830 8601 8831
3 8603 8832 8602
3 8832 8831 8602
3 8604 8832 8603
3 8604 8605 8833
3 8604 8833 8834
3 8604 8834 8832
3 8605 8606 8835
3 8605 8835 8833
3 8606 8607 8836
3 8606 8836 8835
3 8607 8612 8837
3 8607 8837 8836
3 8608 8639 8838
3 8608 8838 8609
3 8839 8610 8609
3 8839 8609 8838
3 8610 8839 8840
3 8610 8840 8611
3 8841 8613 8611
3 8841 8611 8840
3 8612 8613 8842
3 8612 8842 8837
3 8613 8841 8842
3 8844 8615 8614
3 8844 8614 8843
3 8845 8616 8615
3 8845 8615 8844
3 8846 8617 8616
3 8846 8616 8845
3 8617 8846 8618
3 8846 8847 8618
3 8619 8618 8847
3 8848 8619 8847
3 8619 8848 8620
3 8848 8735 8620
3 8626 8849 8621
3 8621 8849 8850
3 8621 8850 8622
3 8622 8850 8851
3 8622 8851 8623
3 8623 8851 8852
3 8623 8852 8624
3 8624 8852 8853
3 8624 8853 8625
3 8625 8853 8854
3 8625 8854 8627
3 8637 8855 8626
3 8626 8855 8849
3 8627 8854 8856
3 8627 8856 8628
3 8628 8856 8857
3 8628 8857 8629
3 8629 8857 8858
3 8629 8858 8630
3 8630 8858 8859
3 8630 8859 8631
3 8631 8859 8860
3 8631 8860 8632
3 8632 8860 8861
3 8632 8861 8633
3 8633 8861 8862
3 8633 8862 8634
3 8634 8862 8863
3 8634 8863 8636
3 8637 8635 8636
3 8636 8863 8864
3 8636 8864 8637
3 8637 8864 8855
3 8572 8573 8865
3 8572 8865 8638
3 8866 8640 8638
3 8866 8638 8865
3 8639 8640 8867
3 8639 8867 8838
3 8640 8866 8868
3 8640 8868 8867
3 8642 8649 8641
3 8869 8642 8643
3 8642 8869 8649
3 8869 8643 8644
3 8870 8869 8644
3 8870 8644 8645
3 8871 8870 8645
3 8871 8645 8646
3 8872 8871 8646
3 8872 8646 8647
3 8873 8872 8647
3 8873 8647 8648
3 7790 8107 8874
3 7790 8874 8648
3 8875 8873 8648
3 8875 8648 8874
3 8869 8653 8649
3 8876 8877 8651
3 8876 8651 8650
3 8878 8652 8651
3 8878 8651 8877
3 8650 8653 8876
3 8878 8879 8652
3 8392 8652 8879
3 8870 8876 8653
3 8869 8870 8653
3 8879 8655 8392
3 8880 8663 8656
3 8679 8880 8656
3 8881 8882 8657
3 8660 8881 8657
3 8658 8657 8882
3 8883 8884 8659
3 8883 8659 8658
3 8661 8659 8884
3 8883 8658 8882
3 8660 8663 8885
3 8881 8660 8885
3 8661 8884 8886
3 8662 8661 8886
3 8662 8886 8887
3 8667 8662 8887
3 8880 8888 8663
3 8888 8885 8663
3 8665 8889 8664
3 8779 8664 8889
3 8665 8666 8890
3 8665 8890 8891
3 8665 8891 8889
3 8892 8890 8666
3 8667 8892 8666
3 8681 8152 8151
3 8681 8151 8893
3 8782 8893 8151
3 8782 8151 8283
3 8894 8414 8668
3 8895 8668 8669
3 8896 8894 8668
3 8896 8668 8895
3 8895 8669 8897
3 8670 8897 8669
3 8670 8898 8897
3 8898 8670 8671
3 8672 8899 8671
3 8898 8671 8899
3 8672 8686 8899
3 8677 8673 8900
3 8673 8674 8901
3 8673 8901 8900
3 8674 8675 8902
3 8674 8902 8901
3 8675 8676 8903
3 8675 8903 8902
3 8677 8900 8904
3 8680 8677 8904
3 8880 8679 8905
3 8679 8678 8905
3 8906 8905 8678
3 8680 8906 8678
3 8906 8680 8907
3 8680 8904 8907
3 8908 8676 8432
3 8676 8908 8909
3 8676 8909 8903
3 8893 8682 8681
3 8893 8910 8682
3 8682 8910 8911
3 8682 8684 8683
3 8434 8682 8683
3 8682 8911 8684
3 8783 8685 8684
3 8783 8684 8911
3 8685 8783 8547
3 8686 8687 8912
3 8686 8912 8899
3 8687 8691 8913
3 8687 8913 8912
3 8914 8688 8690
3 8688 8914 8915
3 8688 8915 8689
3 8916 8694 8689
3 8916 8689 8915
3 8914 8690 8702
3 8691 8692 8917
3 8691 8917 8913
3 8692 8693 8918
3 8692 8918 8917
3 8693 8694 8919
3 8693 8919 8918
3 8694 8916 8920
3 8694 8920 8919
3 8705 8921 8695
3 8696 8695 8921
3 8696 8921 8922
3 8697 8696 8922
3 8697 8922 8923
3 8698 8697 8923
3 8698 8923 8924
3 8701 8698 8924
3 8925 8699 8700
3 8699 8925 8926
3 8699 8926 8702
3 8925 8700 8927
3 8701 8927 8700
3 8701 8924 8928
3 8701 8928 8927
3 8929 8914 8702
3 8929 8702 8926
3 8706 8930 8703
3 8704 8703 8930
3 8931 8704 8930
3 8704 8931 8705
3 8705 8932 8921
3 8931 8932 8705
3 8933 8706 8707
3 8706 8933 8930
3 8464 8460 8736
3 8461 8934 8935
3 8461 8935 8707
3 8934 8461 8463
3 8933 8707 8935
3 8934 8463 8936
3 8937 8936 8463
3 8937 8463 8464
3 8464 8736 8937
3 8732 8708 8491
3 8732 8938 8708
3 8938 8709 8708
3 8939 8710 8709
3 8938 8939 8709
3 8940 8711 8710
3 8939 8940 8710
3 8941 8715 8711
3 8940 8941 8711
3 8712 8942 8943
3 8712 8943 8713
3 8942 8712 8715
3 8713 8943 8944
3 8713 8944 8714
3 8714 8945 8473
3 8944 8945 8714
3 8942 8715 8946
3 8941 8946 8715
3 8728 8473 8945
3 8716 8717 8947
3 8716 8947 8738
3 8717 8718 8948
3 8717 8948 8947
3 8949 8948 8718
3 8949 8718 8719
3 8949 8719 8724
3 8720 8950 8951
3 8720 8951 8721
3 8950 8720 8725
3 8952 8722 8721
3 8952 8721 8951
3 8722 8952 8953
3 8722 8953 8723
3 8723 8953 8954
3 8723 8954 8724
3 8724 8954 8955
3 8724 8955 8949
3 8726 8950 8725
3 8726 8956 8950
3 8956 8726 8727
3 8956 8727 8487
3 8732 8729 8957
3 8730 8957 8729
3 8731 8958 8730
3 8730 8958 8957
3 8731 8733 8958
3 8732 8957 8959
3 8734 8960 8733
3 8734 8735 8961
3 8960 8734 8961
3 8848 8961 8735
3 8962 8937 8736
3 8962 8736 8737
3 8963 8962 8737
3 8963 8737 8738
3 8964 8963 8738
3 8964 8738 8947
3 8965 8754 8739
3 8965 8739 8966
3 8966 8739 8740
3 8966 8740 8967
3 8967 8740 8741
3 8968 8741 8742
3 8967 8741 8968
3 8968 8742 8969
3 8969 8742 8743
3 8969 8743 8970
3 8970 8743 8744
3 8970 8744 8971
3 8971 8744 8745
3 8971 8745 8972
3 8972 8745 8746
3 8972 8746 8973
3 8973 8746 8747
3 8973 8747 8974
3 8974 8747 8748
3 8974 8748 8975
3 8975 8748 8749
3 8975 8749 8976
3 8976 8749 8750
3 8976 8750 8977
3 8977 8750 8751
3 8977 8751 8978
3 8978 8751 8752
3 8978 8752 8979
3 8979 8752 8753
3 8979 8753 8980
3 8980 8753 8754
3 8980 8754 8965
3 8755 8981 8982
3 8755 8982 8756
3 8981 8755 8759
3 8983 8757 8756
3 8983 8756 8982
3 8757 8983 8984
3 8757 8984 8769
3 8985 8986 8759
3 8758 8985 8759
3 8981 8759 8986
3 8985 8758 8770
3 8760 8761 8987
3 8760 8987 8988
3 8760 8988 8989
3 8760 8989 8763
3 8990 8987 8761
3 8990 8761 8762
3 8991 8990 8762
3 8991 8762 8768
3 8992 8764 8763
3 8992 8763 8989
3 8764 8992 8993
3 8764 8993 8765
3 8994 8995 8765
3 8994 8765 8993
3 8995 8766 8765
3 8996 8767 8766
3 8995 8996 8766
3 8996 8806 8767
3 8997 8991 8768
3 8997 8768 8769
3 8998 8997 8769
3 8998 8769 8984
3 8771 8999 8770
3 8985 8770 8999
3 8771 9000 8999
3 9000 8771 8778
3 8772 9001 9002
3 8772 9002 8774
3 8776 9001 8772
3 9003 9004 8773
3 8775 8773 9004
3 8774 9003 8773
3 9003 8774 9002
3 8775 9005 8778
3 9005 8775 9004
3 9006 8776 8777
3 8776 9006 9001
3 9006 8777 9007
3 8781 9007 8777
3 9000 8778 9008
3 9005 9008 8778
3 8779 9009 8780
3 8779 8889 8891
3 8779 8891 9009
3 9009 9010 8780
3 8781 8780 9010
3 8783 8893 8782
3 8783 8910 8893
3 8783 8911 8910
3 8784 8806 9011
3 8784 9011 8785
3 9012 8786 8785
3 9012 8785 9011
3 8786 9012 9013
3 8786 9013 8787
3 9014 8788 8787
3 9014 8787 9013
3 8788 9014 9015
3 8788 9015 8789
3 9016 8790 8789
3 9016 8789 9015
3 8790 9016 9017
3 8790 9017 8805
3 9018 8792 8791
3 9019 9018 8791
3 9019 8791 8805
3 9020 8793 8792
3 9018 9020 8792
3 9020 8801 8793
3 9021 8794 8795
3 9021 8804 8794
3 9021 8795 9022
3 8796 9022 8795
3 8796 9023 9022
3 9023 8796 8797
3 9023 8797 9024
3 8800 9024 8797
3 8798 8801 9025
3 8798 9025 9026
3 8799 8798 9026
3 8799 9026 9027
3 8800 8799 9027
3 8800 9027 9028
3 8800 9028 9024
3 8801 9020 9029
3 8801 9029 9025
3 8807 8802 9030
3 8802 8803 9030
3 9031 9030 8803
3 8804 9031 8803
3 9021 9032 8804
3 9031 8804 9032
3 9033 9019 8805
3 9033 8805 9017
3 8806 8996 9034
3 8806 9034 9011
3 8807 9030 9035
3 8808 8807 9035
3 8574 8865 8573
3 8577 9036 8574
3 8574 9036 8865
3 8576 8808 9037
3 8808 9035 9037
3 8576 9037 9038
3 8577 8576 9038
3 8577 9038 9039
3 8577 9039 9036
3 8817 8813 8809
3 9040 8811 8810
3 9040 8810 8813
3 8811 9040 9041
3 8811 9041 8812
3 9042 8814 8812
3 9042 8812 9041
3 8817 9040 8813
3 8814 9042 9043
3 8814 9043 8815
3 9044 8816 8815
3 9044 8815 9043
3 8030 8816 8874
3 8030 8874 8107
3 8816 9044 8875
3 8816 8875 8874
3 9040 8817 8819
3 8820 9045 8818
3 8818 9045 8819
3 9045 9041 8819
3 9040 8819 9041
3 8820 9046 9045
3 9047 9046 8820
3 9047 8820 8821
3 9047 8821 9048
3 8591 9048 8821
3 8655 9048 8591
3 8843 8614 8822
3 8843 8822 9049
3 8823 9049 8822
3 9050 8823 8829
3 8823 9050 9049
3 9051 8826 8824
3 8824 8825 9052
3 8824 9052 9051
3 9053 8827 8826
3 9051 9053 8826
3 9053 9054 8827
3 9055 8828 8827
3 9055 8827 9054
3 8828 9055 9056
3 8828 9056 8829
3 9050 8829 9056
3 9057 9058 8600
3 8830 9057 8600
3 8600 9058 8825
3 9052 8825 9058
3 9059 8830 8831
3 8832 9059 8831
3 8832 8834 9059
3 9060 8834 8833
3 9061 9060 8833
3 9061 8833 8835
3 9060 9059 8834
3 9062 9061 8835
3 9062 8835 8836
3 9063 9062 8836
3 9063 8836 8837
3 9064 9063 8837
3 9064 8837 8842
3 9065 8839 8838
3 9065 8838 8867
3 8839 9065 9066
3 8839 9066 8840
3 9067 8841 8840
3 9067 8840 9066
3 9068 9064 8842
3 9068 8842 8841
3 9069 9068 8841
3 9069 8841 9067
3 8843 9070 9071
3 8843 9071 8844
3 8844 9071 9072
3 8844 9072 8845
3 8845 9072 9073
3 8845 9073 8846
3 8846 9073 8847
3 9073 9074 8847
3 8848 8847 9074
3 8961 8848 9074
3 9075 9076 8849
3 9075 8849 8855
3 8850 8849 9076
3 9077 8851 8850
3 8850 9076 9077
3 8852 8851 9078
3 9077 9078 8851
3 9079 8853 8852
3 8852 9078 9079
3 9079 9080 8853
3 8854 8853 9080
3 9081 8856 8854
3 8854 9080 9081
3 8855 8864 9082
3 8855 9082 9075
3 9081 9083 8856
3 8857 8856 9083
3 9084 8858 8857
3 8857 9083 9084
3 9084 9085 8858
3 8859 8858 9085
3 9086 8860 8859
3 8859 9085 9086
3 9086 9087 8860
3 8861 8860 9087
3 9088 8862 8861
3 8861 9087 9088
3 9088 9089 8862
3 8863 8862 9089
3 9090 8864 8863
3 8863 9089 9090
3 9090 9082 8864
3 9091 8866 8865
3 9091 8865 9036
3 8866 9091 9092
3 8866 9092 8868
3 9093 9065 8867
3 9093 8867 8868
3 9094 9093 8868
3 9094 8868 9092
3 8870 8871 8876
3 8871 8872 8877
3 8871 8877 8876
3 8872 8873 9095
3 8872 9095 8877
3 8873 8875 9096
3 8873 9096 9095
3 9044 9096 8875
3 8878 8877 9095
3 9095 9097 8878
3 8879 8878 9097
3 8879 9097 9098
3 8879 9098 8655
3 8655 9098 9048
3 8880 8905 9099
3 8888 8880 9099
3 9100 8881 9101
3 8881 9100 8882
3 8881 8885 9101
3 9100 9102 8882
3 8883 8882 9102
3 9103 9101 8885
3 8888 9103 8885
3 9104 8887 8886
3 8884 9104 8886
3 9104 9105 8887
3 9105 8667 8887
3 8888 9099 9106
3 9103 8888 9106
3 9107 8891 8890
3 9009 8891 9107
3 9107 8890 9108
3 8892 9108 8890
3 9109 8892 8667
3 9105 9109 8667
3 8411 9110 8420
3 8419 8420 9110
3 8411 9111 9110
3 8412 9111 8411
3 8412 8413 9112
3 8412 9112 9113
3 8412 9113 9111
3 8413 8414 9114
3 8413 9114 9112
3 8414 8894 9115
3 8414 9115 9114
3 8894 8896 9116
3 8894 9116 9115
3 9117 8895 8897
3 8895 9117 9118
3 9119 8896 8895
3 9119 8895 9118
3 9119 9116 8896
3 9117 8897 9120
3 8898 9120 8897
3 8898 9121 9120
3 9121 8898 8899
3 9121 8899 8912
3 8419 9110 9122
3 8419 9122 9123
3 8419 9123 8421
3 8421 9123 9124
3 8421 9124 8422
3 9125 8431 8422
3 9125 8422 9124
3 8431 9125 9126
3 8431 9126 8432
3 9127 8908 8432
3 9127 8432 9126
3 9128 8904 8900
3 9129 9128 8900
3 9129 8900 8901
3 9130 9129 8901
3 9130 8901 8902
3 9131 9130 8902
3 9131 8902 8903
3 9132 9131 8903
3 9132 8903 8909
3 9133 8907 8904
3 9128 9133 8904
3 9134 9099 8905
3 8906 9134 8905
3 8906 8907 9135
3 9134 8906 9135
3 9136 9135 8907
3 9133 9136 8907
3 8908 9127 9137
3 8908 9137 8909
3 9138 9132 8909
3 9138 8909 9137
3 9139 9121 8912
3 9139 8912 8913
3 9140 9139 8913
3 9140 8913 8917
3 8914 8929 9141
3 8914 9141 8915
3 9142 8916 8915
3 9142 8915 9141
3 8916 9142 9143
3 8916 9143 8920
3 9144 9140 8917
3 9144 8917 8918
3 9145 9144 8918
3 9145 8918 8919
3 9146 9145 8919
3 9146 8919 8920
3 9147 9146 8920
3 9147 8920 9143
3 9148 8922 8921
3 9148 8921 8932
3 9148 9149 8922
3 9149 8923 8922
3 9150 8924 8923
3 9149 9150 8923
3 9150 9151 8924
3 8928 8924 9151
3 9152 8929 8926
3 9152 8926 9153
3 8925 9153 8926
3 9154 8925 8927
3 8925 9154 9153
3 9154 8927 9155
3 8928 9155 8927
3 8928 9151 9156
3 8928 9156 9155
3 8929 9152 9157
3 8929 9157 9141
3 8933 9158 8930
3 8931 8930 9158
3 9159 8931 9158
3 8931 9159 8932
3 9148 8932 9160
3 9159 9160 8932
3 9161 8933 8935
3 8933 9161 9158
3 8934 9162 9163
3 8934 9163 8935
3 9162 8934 8936
3 9161 8935 9163
3 9162 8936 9164
3 8937 9164 8936
3 8937 8962 9164
3 8938 8732 8959
3 8938 8959 9165
3 8939 8938 9165
3 8939 9165 9166
3 8940 8939 9166
3 8941 8940 9167
3 8940 9166 9167
3 8941 9167 9168
3 8946 8941 9168
3 8942 9169 9170
3 8942 9170 8943
3 8942 8946 9171
3 8942 9171 9169
3 9170 8944 8943
3 9170 9172 8944
3 9172 9173 8944
3 8944 9173 8945
3 8946 9168 9171
3 9174 8964 8947
3 9174 8947 8948
3 9175 9174 8948
3 9175 8948 8949
3 8949 8955 9176
3 8949 9176 9175
3 8950 9177 9178
3 8950 9178 8951
3 9179 8952 8951
3 9179 8951 9178
3 8952 9179 9180
3 8952 9180 8953
3 9181 8954 8953
3 9181 8953 9180
3 8954 9181 9182
3 8954 9182 8955
3 9183 9176 8955
3 9183 8955 9182
3 8956 9177 8950
3 9177 8956 8487
3 9177 8487 8728
3 8728 8945 9184
3 9173 9184 8945
3 9185 9186 8957
3 9185 8957 8958
3 8959 8957 9186
3 8958 8733 9187
3 8958 9187 9185
3 8959 9186 9188
3 8960 9189 8733
3 9187 8733 9189
3 9189 8960 9190
3 8960 8961 9190
3 8961 9074 9190
3 8962 8963 9191
3 8962 9191 9164
3 8963 8964 9192
3 8963 9192 9191
3 8964 9174 9193
3 8964 9193 9192
3 8966 9194 8965
3 8965 9194 9195
3 8965 9195 8980
3 8966 9196 9194
3 8967 9196 8966
3 8968 9197 8967
3 8967 9197 9196
3 8969 9198 8968
3 8968 9198 9197
3 8970 9199 8969
3 8969 9199 9198
3 8970 9200 9199
3 8971 9200 8970
3 8972 9201 8971
3 8971 9201 9200
3 8972 9202 9201
3 8973 9202 8972
3 8974 9203 8973
3 8973 9203 9202
3 8974 9204 9203
3 8975 9204 8974
3 8976 9205 8975
3 8975 9205 9204
3 8976 9206 9205
3 8977 9206 8976
3 8978 9207 8977
3 8977 9207 9206
3 8978 9208 9207
3 8979 9208 8978
3 8980 9209 8979
3 8979 9209 9208
3 8980 9195 9209
3 9210 8981 8986
3 8981 9210 9211
3 8981 9211 8982
3 9212 8983 8982
3 9212 8982 9211
3 8983 9212 9213
3 8983 9213 8984
3 9214 8998 8984
3 9214 8984 9213
3 8985 9215 8986
3 9215 8985 8999
3 9215 9216 8986
3 9210 8986 9216
3 8995 8994 9217
3 8995 9217 9218
3 8996 8995 9218
3 8996 9218 9034
3 9000 9219 8999
3 9215 8999 9219
3 9000 9220 9219
3 9220 9000 9008
3 9003 9002 9221
3 9222 9223 9004
3 9003 9222 9004
3 9005 9004 9223
3 9222 9003 9221
3 9005 9224 9008
3 9224 9005 9223
3 9006 9225 9001
3 9225 9006 9007
3 9225 9007 9226
3 8781 9226 9007
3 9220 9008 9227
3 9224 9227 9008
3 9009 9228 9010
3 9009 9107 9228
3 8781 9229 9226
3 9229 8781 9010
3 9230 9012 9011
3 9230 9011 9034
3 9012 9230 9231
3 9012 9231 9013
3 9232 9014 9013
3 9232 9013 9231
3 9014 9232 9233
3 9014 9233 9015
3 9234 9016 9015
3 9234 9015 9233
3 9016 9234 9235
3 9016 9235 9017
3 9236 9033 9017
3 9236 9017 9235
3 9020 9018 9237
3 9018 9019 9238
3 9018 9238 9237
3 9019 9033 9239
3 9019 9239 9238
3 9020 9237 9029
3 9240 9021 9022
3 9240 9032 9021
3 9240 9022 9241
3 9023 9241 9022
3 9023 9242 9241
3 9242 9023 9024
3 9242 9024 9243
3 9243 9024 9028
3 9244 9245 9025
3 9244 9025 9029
3 9245 9026 9025
3 9246 9027 9026
3 9245 9246 9026
3 9246 9247 9027
3 9247 9028 9027
3 9243 9028 9248
3 9247 9248 9028
3 9249 9244 9029
3 9249 9029 9237
3 9250 9035 9030
3 9031 9250 9030
3 9031 9032 9251
3 9250 9031 9251
3 9240 9252 9032
3 9252 9251 9032
3 9033 9236 9253
3 9033 9253 9239
3 9254 9230 9034
3 9254 9034 9218
3 9255 9037 9035
3 9250 9255 9035
3 9256 9091 9036
3 9256 9036 9039
3 9257 9038 9037
3 9255 9257 9037
3 9258 9039 9038
3 9257 9258 9038
3 9258 9256 9039
3 9045 9042 9041
3 9042 9045 9046
3 9042 9046 9043
3 9259 9044 9043
3 9259 9043 9046
3 9044 9259 9096
3 9047 9259 9046
3 9097 9259 9047
3 9097 9047 9048
3 9097 9048 9098
3 9070 8843 9049
3 9070 9049 9260
3 9050 9260 9049
3 9261 9050 9056
3 9050 9261 9260
3 9053 9051 9262
3 9262 9051 9052
3 9262 9052 9263
3 9053 9262 9264
3 9053 9264 9265
3 9053 9265 9054
3 9266 9055 9054
3 9266 9054 9265
3 9055 9266 9267
3 9055 9267 9056
3 9261 9056 9267
3 9052 9058 9268
3 9268 9263 9052
3 9059 9060 9269
3 9059 9269 8830
3 9061 9062 9270
3 9060 9061 9270
3 9060 9270 9269
3 9062 9063 9271
3 9062 9271 9270
3 9063 9064 9272
3 9063 9272 9271
3 9064 9068 9273
3 9064 9273 9272
3 9065 9093 9274
3 9065 9274 9066
3 9066 9274 9275
3 9066 9275 9067
3 9067 9275 9069
3 9276 9273 9068
3 9276 9068 9069
3 9069 9275 9277
3 9069 9277 9276
3 9279 9071 9070
3 9279 9070 9278
3 9280 9072 9071
3 9280 9071 9279
3 9281 9073 9072
3 9281 9072 9280
3 9282 9073 9281
3 9073 9282 9074
3 9282 9190 9074
3 9283 9284 9076
3 9283 9076 9075
3 9077 9076 9284
3 9075 9082 9285
3 9075 9285 9283
3 9286 9078 9077
3 9077 9284 9286
3 9079 9078 9287
3 9286 9287 9078
3 9288 9080 9079
3 9079 9287 9288
3 9288 9289 9080
3 9081 9080 9289
3 9290 9083 9081
3 9081 9289 9290
3 9291 9285 9082
3 9291 9082 9090
3 9290 9292 9083
3 9084 9083 9292
3 9293 9085 9084
3 9084 9292 9293
3 9293 9294 9085
3 9086 9085 9294
3 9295 9087 9086
3 9086 9294 9295
3 9295 9296 9087
3 9088 9087 9296
3 9297 9089 9088
3 9088 9296 9297
3 9297 9298 9089
3 9090 9089 9298
3 9090 9298 9291
3 9091 9256 9299
3 9091 9299 9092
3 9300 9094 9092
3 9300 9092 9299
3 9093 9094 9301
3 9093 9301 9274
3 9094 9300 9302
3 9094 9302 9301
3 9095 9096 9097
3 9097 9096 9259
3 9303 9106 9099
3 9134 9303 9099
3 9100 9101 9304
3 9305 9100 9304
3 9100 9305 9102
3 9306 9304 9101
3 9103 9306 9101
3 9307 9102 9305
3 8883 9102 9308
3 8883 9308 9309
3 8884 8883 9309
3 8884 9309 9310
3 9104 8884 9310
3 9102 9307 9311
3 9102 9311 9308
3 9103 9106 9312
3 9306 9103 9312
3 9104 9310 9313
3 9105 9104 9313
3 9105 9313 9314
3 9109 9105 9314
3 9315 9312 9106
3 9303 9315 9106
3 9109 9316 8892
3 9316 9108 8892
3 9109 9314 9317
3 9316 9109 9317
3 9318 9122 9110
3 9319 9318 9110
3 9319 9110 9111
3 9320 9319 9111
3 9320 9111 9113
3 9113 9112 9321
3 9322 9321 9112
3 9322 9112 9114
3 9113 9321 9320
3 9114 9115 9323
3 9114 9323 9322
3 9324 9323 9115
3 9324 9115 9116
3 9119 9325 9116
3 9324 9116 9325
3 9326 9119 9118
3 9326 9118 9327
3 9117 9327 9118
3 9328 9117 9120
3 9117 9328 9327
3 9329 9325 9119
3 9329 9119 9326
3 9328 9120 9330
3 9121 9330 9120
3 9121 9139 9330
3 9318 9331 9122
3 9332 9123 9122
3 9332 9122 9331
3 9123 9332 9333
3 9123 9333 9124
3 9334 9125 9124
3 9334 9124 9333
3 9125 9334 9335
3 9125 9335 9126
3 9336 9127 9126
3 9336 9126 9335
3 9127 9336 9337
3 9127 9337 9137
3 9133 9128 9338
3 9128 9129 9339
3 9128 9339 9338
3 9129 9130 9340
3 9129 9340 9339
3 9130 9131 9341
3 9130 9341 9340
3 9131 9342 9341
3 9131 9132 9343
3 9131 9343 9342
3 9132 9138 9344
3 9132 9344 9343
3 9133 9338 9345
3 9136 9133 9345
3 9303 9134 9346
3 9134 9135 9346
3 9347 9346 9135
3 9136 9347 9135
3 9347 9136 9348
3 9136 9345 9348
3 9349 9138 9137
3 9349 9137 9337
3 9138 9349 9350
3 9138 9350 9344
3 9139 9140 9351
3 9139 9351 9330
3 9140 9144 9352
3 9140 9352 9351
3 9353 9142 9141
3 9353 9141 9157
3 9142 9353 9354
3 9142 9354 9143
3 9355 9147 9143
3 9355 9143 9354
3 9144 9145 9356
3 9144 9356 9352
3 9145 9146 9357
3 9145 9357 9356
3 9146 9147 9358
3 9146 9358 9357
3 9147 9355 9359
3 9147 9359 9358
3 9160 9360 9148
3 9149 9148 9360
3 9149 9360 9361
3 9150 9149 9361
3 9150 9361 9362
3 9151 9150 9362
3 9151 9362 9363
3 9156 9151 9363
3 9364 9152 9153
3 9152 9364 9365
3 9152 9365 9157
3 9364 9153 9366
3 9154 9366 9153
3 9367 9154 9155
3 9154 9367 9366
3 9367 9155 9368
3 9156 9368 9155
3 9156 9363 9369
3 9156 9369 9368
3 9370 9353 9157
3 9370 9157 9365
3 9161 9371 9158
3 9159 9158 9371
3 9372 9159 9371
3 9159 9372 9160
3 9160 9373 9360
3 9372 9373 9160
3 9374 9161 9163
3 9161 9374 9371
3 9162 9375 9376
3 9162 9376 9163
3 9375 9162 9164
3 9374 9163 9376
3 9375 9164 9191
3 9188 9165 8959
3 9188 9377 9165
3 9377 9166 9165
3 9378 9167 9166
3 9377 9378 9166
3 9379 9168 9167
3 9378 9379 9167
3 9380 9171 9168
3 9379 9380 9168
3 9169 9171 9381
3 9169 9381 9382
3 9169 9382 9383
3 9169 9383 9170
3 9380 9381 9171
3 9384 9172 9170
3 9384 9170 9383
3 9385 9172 9384
3 9385 9386 9172
3 9172 9386 9173
3 9387 9193 9174
3 9387 9174 9175
3 9388 9387 9175
3 9175 9176 9389
3 9175 9389 9388
3 9176 9183 9390
3 9176 9390 9389
3 9391 9178 9177
3 9391 9392 9178
3 9393 9179 9178
3 9393 9178 9392
3 9179 9393 9394
3 9179 9394 9180
3 9395 9181 9180
3 9395 9180 9394
3 9181 9395 9396
3 9181 9396 9182
3 9397 9183 9182
3 9397 9182 9396
3 9183 9397 9398
3 9183 9398 9390
3 9177 9184 9391
3 9184 9177 8728
3 9173 9399 9184
3 9399 9173 9386
3 9400 9401 9186
3 9400 9186 9185
3 9188 9186 9401
3 9185 9187 9402
3 9185 9402 9400
3 9189 9402 9187
3 9188 9401 9403
3 9188 9403 9404
3 9189 9190 9405
3 9189 9405 9402
3 9282 9405 9190
3 9406 9375 9191
3 9406 9191 9192
3 9407 9406 9192
3 9407 9192 9193
3 9408 9407 9193
3 9408 9193 9387
3 9209 9195 9409
3 9410 9409 9195
3 9410 9195 9194
3 9194 9196 9411
3 9194 9411 9410
3 9412 9411 9196
3 9412 9196 9197
3 9197 9198 9413
3 9197 9413 9412
3 9414 9413 9198
3 9414 9198 9199
3 9199 9200 9415
3 9199 9415 9414
3 9416 9415 9200
3 9416 9200 9201
3 9201 9202 9417
3 9201 9417 9416
3 9418 9417 9202
3 9418 9202 9203
3 9203 9204 9419
3 9203 9419 9418
3 9420 9419 9204
3 9420 9204 9205
3 9205 9206 9421
3 9205 9421 9420
3 9207 9421 9206
3 9207 9208 9422
3 9207 9422 9423
3 9207 9423 9421
3 9424 9422 9208
3 9424 9208 9209
3 9209 9409 9424
3 9425 9210 9216
3 9210 9425 9426
3 9210 9426 9211
3 9427 9212 9211
3 9427 9211 9426
3 9212 9427 9428
3 9212 9428 9213
3 9429 9214 9213
3 9429 9213 9428
3 9430 9215 9219
3 9215 9430 9216
3 9430 9431 9216
3 9425 9216 9431
3 8994 9432 9217
3 9434 9433 9217
3 9434 9217 9432
3 9433 9218 9217
3 9433 9254 9218
3 9435 8998 9214
3 9436 9435 9214
3 9436 9214 9429
3 9220 9437 9219
3 9430 9219 9437
3 9438 9220 9227
3 9220 9438 9437
3 9222 9221 9439
3 9440 9439 9221
3 9002 9441 9442
3 9002 9442 9221
3 9441 9002 9001
3 9443 9440 9221
3 9443 9221 9442
3 9441 9001 9444
3 9225 9444 9001
3 9222 9445 9223
3 9445 9222 9439
3 9445 9446 9223
3 9224 9223 9446
3 9224 9447 9227
3 9447 9224 9446
3 9225 9448 9444
3 9448 9225 9226
3 9448 9226 9449
3 9229 9449 9226
3 9447 9450 9227
3 9438 9227 9450
3 9229 9010 9451
3 9228 9451 9010
3 9229 9452 9449
3 9452 9229 9451
3 9230 9254 9453
3 9230 9453 9231
3 9454 9232 9231
3 9454 9231 9453
3 9232 9454 9455
3 9232 9455 9233
3 9456 9234 9233
3 9456 9233 9455
3 9234 9456 9457
3 9234 9457 9235
3 9458 9236 9235
3 9458 9235 9457
3 9236 9458 9459
3 9236 9459 9253
3 9460 9249 9237
3 9460 9237 9238
3 9461 9460 9238
3 9461 9238 9239
3 9462 9461 9239
3 9462 9239 9253
3 9463 9240 9241
3 9463 9252 9240
3 9463 9241 9464
3 9242 9464 9241
3 9242 9465 9464
3 9465 9242 9243
3 9465 9243 9466
3 9248 9466 9243
3 9244 9249 9467
3 9244 9467 9468
3 9245 9244 9468
3 9245 9468 9469
3 9246 9245 9469
3 9246 9469 9470
3 9247 9246 9470
3 9247 9470 9471
3 9248 9247 9471
3 9248 9471 9472
3 9248 9472 9466
3 9249 9460 9473
3 9249 9473 9467
3 9255 9250 9474
3 9250 9251 9474
3 9475 9474 9251
3 9252 9475 9251
3 9463 9476 9252
3 9475 9252 9476
3 9477 9462 9253
3 9477 9253 9459
3 9254 9433 9478
3 9254 9478 9453
3 9255 9474 9479
3 9257 9255 9479
3 9256 9258 9480
3 9256 9480 9299
3 9258 9257 9481
3 9257 9479 9481
3 9258 9481 9480
3 9278 9070 9260
3 9278 9260 9482
3 9261 9482 9260
3 9483 9261 9267
3 9261 9483 9482
3 9484 9264 9262
3 9484 9262 9263
3 9485 9486 9263
3 9484 9263 9486
3 9487 9265 9264
3 9488 9266 9265
3 9488 9265 9487
3 9487 9264 9489
3 9484 9489 9264
3 9266 9488 9490
3 9266 9490 9267
3 9483 9267 9490
3 9058 9057 9491
3 9268 9058 9491
3 9268 9492 9263
3 9485 9263 9492
3 9493 9057 8830
3 9493 8830 9269
3 9493 9269 9270
3 9494 9493 9270
3 9494 9270 9271
3 9495 9494 9271
3 9495 9271 9272
3 9496 9495 9272
3 9496 9272 9273
3 9497 9496 9273
3 9497 9273 9276
3 9498 9275 9274
3 9498 9274 9301
3 9499 9277 9275
3 9499 9275 9498
3 9500 9497 9276
3 9500 9276 9277
3 9501 9500 9277
3 9501 9277 9499
3 9404 9403 9278
3 9278 9403 9401
3 9278 9401 9279
3 9279 9401 9400
3 9279 9400 9280
3 9280 9400 9402
3 9280 9402 9281
3 9281 9402 9405
3 9281 9405 9282
3 9502 9284 9283
3 9502 9283 9503
3 9503 9283 9285
3 9504 9286 9284
3 9504 9284 9502
3 9505 9285 9291
3 9503 9285 9505
3 9506 9287 9286
3 9506 9286 9504
3 9507 9288 9287
3 9507 9287 9506
3 9508 9289 9288
3 9508 9288 9507
3 9508 9290 9289
3 9509 9292 9290
3 9509 9290 9510
3 9508 9510 9290
3 9505 9291 9511
3 9511 9291 9298
3 9512 9293 9292
3 9512 9292 9509
3 9513 9294 9293
3 9513 9293 9512
3 9514 9295 9294
3 9514 9294 9513
3 9515 9296 9295
3 9515 9295 9514
3 9515 9297 9296
3 9516 9298 9297
3 9516 9297 9517
3 9515 9517 9297
3 9511 9298 9516
3 9518 9300 9299
3 9518 9299 9480
3 9300 9518 9519
3 9300 9519 9302
3 9301 9302 9520
3 9301 9520 9498
3 9521 9520 9302
3 9521 9302 9519
3 9303 9346 9522
3 9315 9303 9522
3 9305 9304 9523
3 9524 9523 9304
3 9306 9524 9304
3 9525 9307 9305
3 9525 9305 9523
3 9524 9306 9526
3 9306 9312 9526
3 9307 9525 9527
3 9307 9527 9311
3 9528 9309 9308
3 9529 9528 9308
3 9529 9308 9311
3 9530 9310 9309
3 9528 9530 9309
3 9530 9531 9310
3 9531 9313 9310
3 9311 9527 9532
3 9311 9532 9529
3 9533 9526 9312
3 9315 9533 9312
3 9534 9314 9313
3 9531 9534 9313
3 9534 9535 9314
3 9535 9317 9314
3 9533 9315 9536
3 9315 9522 9536
3 9537 9107 9108
3 9316 9537 9108
3 9537 9538 9107
3 9539 9228 9107
3 9539 9107 9538
3 9228 9539 9451
3 9316 9317 9540
3 9537 9316 9540
3 9541 9540 9317
3 9535 9541 9317
3 9318 9319 9542
3 9318 9542 9543
3 9331 9318 9543
3 9544 9542 9319
3 9544 9319 9320
3 9320 9321 9545
3 9320 9545 9544
3 9546 9545 9321
3 9546 9321 9322
3 9322 9323 9547
3 9322 9547 9546
3 9548 9547 9323
3 9548 9323 9324
3 9324 9325 9549
3 9548 9324 9549
3 9550 9549 9325
3 9550 9325 9329
3 9327 9551 9326
3 9329 9326 9551
3 9327 9552 9551
3 9328 9552 9327
3 9553 9328 9330
3 9328 9553 9552
3 9329 9551 9554
3 9550 9329 9554
3 9553 9330 9351
3 9331 9543 9555
3 9556 9332 9331
3 9556 9331 9555
3 9332 9556 9557
3 9332 9557 9333
3 9558 9334 9333
3 9558 9333 9557
3 9334 9558 9559
3 9334 9559 9335
3 9560 9336 9335
3 9560 9335 9559
3 9336 9560 9561
3 9336 9561 9337
3 9562 9349 9337
3 9562 9337 9561
3 9563 9564 9338
3 9563 9338 9339
3 9564 9345 9338
3 9565 9563 9339
3 9565 9339 9340
3 9566 9565 9340
3 9566 9340 9341
3 9567 9566 9341
3 9567 9341 9342
3 9568 9567 9342
3 9568 9342 9343
3 9569 9568 9343
3 9569 9343 9344
3 9570 9569 9344
3 9570 9344 9350
3 9571 9348 9345
3 9564 9571 9345
3 9572 9522 9346
3 9347 9572 9346
3 9347 9348 9573
3 9572 9347 9573
3 9574 9573 9348
3 9571 9574 9348
3 9349 9562 9575
3 9349 9575 9350
3 9576 9570 9350
3 9576 9350 9575
3 9577 9553 9351
3 9577 9351 9352
3 9578 9577 9352
3 9578 9352 9356
3 9353 9370 9579
3 9353 9579 9354
3 9580 9355 9354
3 9580 9354 9579
3 9355 9580 9581
3 9355 9581 9359
3 9582 9578 9356
3 9582 9356 9357
3 9583 9582 9357
3 9583 9357 9358
3 9584 9583 9358
3 9584 9358 9359
3 9585 9584 9359
3 9585 9359 9581
3 9586 9361 9360
3 9586 9360 9373
3 9587 9362 9361
3 9586 9587 9361
3 9588 9363 9362
3 9587 9588 9362
3 9588 9589 9363
3 9589 9369 9363
3 9590 9364 9366
3 9364 9590 9591
3 9364 9591 9365
3 9592 9370 9365
3 9592 9365 9591
3 9590 9366 9593
3 9367 9593 9366
3 9594 9367 9368
3 9367 9594 9593
3 9594 9368 9595
3 9595 9368 9369
3 9595 9369 9596
3 9589 9596 9369
3 9370 9592 9597
3 9370 9597 9579
3 9374 9598 9371
3 9372 9371 9598
3 9599 9372 9598
3 9372 9599 9373
3 9599 9600 9373
3 9586 9373 9600
3 9601 9374 9376
3 9374 9601 9598
3 9375 9406 9602
3 9375 9602 9376
3 9601 9376 9602
3 9377 9188 9404
3 9377 9404 9603
3 9378 9377 9603
3 9378 9603 9604
3 9379 9378 9604
3 9380 9379 9605
3 9379 9604 9605
3 9380 9605 9606
3 9380 9606 9607
3 9380 9607 9381
3 9382 9381 9607
3 9382 9607 9608
3 9608 9383 9382
3 9608 9609 9383
3 9610 9384 9383
3 9610 9383 9609
3 9611 9385 9384
3 9611 9384 9610
3 9611 9612 9385
3 9385 9612 9386
3 9613 9408 9387
3 9614 9613 9387
3 9614 9387 9388
3 9615 9614 9388
3 9615 9388 9389
3 9616 9615 9389
3 9616 9389 9390
3 9617 9616 9390
3 9617 9390 9398
3 9618 9392 9391
3 9618 9619 9392
3 9620 9393 9392
3 9620 9392 9619
3 9393 9620 9621
3 9393 9621 9394
3 9622 9395 9394
3 9622 9394 9621
3 9395 9622 9623
3 9395 9623 9396
3 9624 9397 9396
3 9624 9396 9623
3 9397 9624 9625
3 9397 9625 9398
3 9626 9617 9398
3 9626 9398 9625
3 9184 9618 9391
3 9618 9184 9399
3 9399 9386 9627
3 9612 9627 9386
3 9404 9278 9482
3 9404 9482 9603
3 9406 9407 9628
3 9406 9628 9602
3 9407 9408 9629
3 9407 9629 9628
3 9408 9613 9630
3 9408 9630 9629
3 9631 9424 9409
3 9631 9409 9632
3 9633 9632 9409
3 9633 9409 9410
3 9633 9410 9411
3 9633 9411 9634
3 9635 9634 9411
3 9635 9411 9412
3 9635 9412 9413
3 9636 9637 9413
3 9636 9413 9414
3 9635 9413 9637
3 9636 9414 9415
3 9636 9415 9638
3 9639 9638 9415
3 9639 9415 9416
3 9639 9416 9417
3 9639 9417 9640
3 9641 9640 9417
3 9641 9417 9418
3 9641 9418 9419
3 9641 9419 9642
3 9643 9642 9419
3 9643 9419 9420
3 9643 9420 9421
3 9643 9421 9644
3 9645 9644 9421
3 9645 9421 9423
3 9645 9423 9422
3 9645 9422 9646
3 9631 9646 9422
3 9631 9422 9424
3 9425 9647 9648
3 9425 9648 9426
3 9647 9425 9431
3 9649 9427 9426
3 9649 9426 9648
3 9427 9649 9650
3 9427 9650 9428
3 9651 9429 9428
3 9651 9428 9650
3 9652 9436 9429
3 9652 9429 9651
3 9653 9430 9437
3 9430 9653 9431
3 9653 9654 9431
3 9647 9431 9654
3 9655 8988 8987
3 9655 8987 9656
3 9657 9656 8987
3 9657 8987 8990
3 8990 8991 9658
3 8990 9658 9657
3 8991 8997 9659
3 8991 9659 9658
3 9655 9660 8989
3 9655 8989 8988
3 8992 8989 9660
3 8992 9660 9661
3 8992 9661 9662
3 8992 9662 8993
3 9663 8994 8993
3 9663 8993 9662
3 8997 8998 9664
3 8997 9664 9659
3 8998 9435 9665
3 8998 9665 9664
3 8994 9663 9666
3 8994 9666 9432
3 9667 9434 9432
3 9667 9432 9666
3 9433 9434 9669
3 9433 9669 9668
3 9667 9669 9434
3 9433 9668 9478
3 9435 9436 9670
3 9435 9670 9665
3 9436 9652 9671
3 9436 9671 9670
3 9438 9672 9437
3 9653 9437 9672
3 9673 9438 9450
3 9438 9673 9672
3 9445 9439 9674
3 9439 9440 9675
3 9439 9675 9674
3 9440 9443 9676
3 9440 9676 9675
3 9677 9441 9444
3 9441 9677 9678
3 9441 9678 9442
3 9679 9443 9442
3 9679 9442 9678
3 9680 9676 9443
3 9680 9443 9679
3 9677 9444 9681
3 9448 9681 9444
3 9445 9682 9446
3 9682 9445 9674
3 9682 9683 9446
3 9447 9446 9683
3 9684 9447 9683
3 9447 9684 9450
3 9685 9448 9449
3 9448 9685 9681
3 9685 9449 9686
3 9452 9686 9449
3 9684 9687 9450
3 9673 9450 9687
3 9452 9451 9688
3 9539 9688 9451
3 9689 9452 9688
3 9452 9689 9686
3 9690 9454 9453
3 9690 9453 9478
3 9454 9690 9691
3 9454 9691 9455
3 9692 9456 9455
3 9692 9455 9691
3 9456 9692 9693
3 9456 9693 9457
3 9694 9458 9457
3 9694 9457 9693
3 9458 9694 9695
3 9458 9695 9459
3 9696 9477 9459
3 9696 9459 9695
3 9460 9461 9697
3 9460 9697 9473
3 9461 9462 9698
3 9461 9698 9697
3 9462 9477 9699
3 9462 9699 9698
3 9700 9463 9464
3 9700 9476 9463
3 9465 9701 9464
3 9700 9464 9701
3 9702 9465 9466
3 9465 9702 9701
3 9702 9466 9703
3 9472 9703 9466
3 9704 9469 9468
3 9705 9704 9468
3 9705 9468 9467
3 9706 9705 9467
3 9706 9467 9473
3 9704 9707 9469
3 9707 9470 9469
3 9708 9471 9470
3 9707 9708 9470
3 9708 9709 9471
3 9472 9471 9709
3 9472 9709 9710
3 9472 9710 9703
3 9711 9706 9473
3 9711 9473 9697
3 9712 9479 9474
3 9475 9712 9474
3 9475 9476 9713
3 9712 9475 9713
3 9714 9713 9476
3 9700 9714 9476
3 9477 9696 9715
3 9477 9715 9699
3 9716 9690 9478
3 9716 9478 9668
3 9717 9481 9479
3 9712 9717 9479
3 9718 9518 9480
3 9718 9480 9481
3 9717 9718 9481
3 9483 9603 9482
3 9604 9483 9490
3 9483 9604 9603
3 9484 9609 9608
3 9484 9608 9489
3 9484 9486 9610
3 9484 9610 9609
3 9719 9611 9485
3 9485 9492 9719
3 9485 9611 9610
3 9485 9610 9486
3 9489 9607 9487
3 9488 9487 9607
3 9488 9607 9606
3 9488 9606 9605
3 9488 9605 9490
3 9489 9608 9607
3 9604 9490 9605
3 9268 9491 9720
3 9492 9268 9720
3 9057 9493 9491
3 9493 9721 9491
3 9494 9722 9721
3 9494 9721 9493
3 9494 9495 9723
3 9494 9723 9722
3 9495 9496 9724
3 9495 9724 9723
3 9496 9497 9725
3 9496 9725 9724
3 9497 9500 9726
3 9497 9726 9725
3 9498 9520 9727
3 9498 9727 9728
3 9498 9728 9499
3 9729 9501 9499
3 9729 9499 9728
3 9500 9501 9730
3 9500 9730 9726
3 9501 9729 9731
3 9501 9731 9730
3 9505 9732 9503
3 9502 9503 9732
3 9502 9732 9733
3 9502 9733 9734
3 9502 9734 9504
3 9506 9504 9734
3 9505 9511 9735
3 9505 9735 9736
3 9505 9736 9732
3 9506 9737 9738
3 9506 9738 9507
3 9506 9734 9737
3 9508 9507 9738
3 9508 9738 9739
3 9508 9739 9740
3 9508 9740 9510
3 9509 9510 9740
3 9509 9740 9741
3 9509 9741 9742
3 9509 9742 9512
3 9516 9735 9511
3 9513 9512 9742
3 9513 9742 9743
3 9513 9743 9744
3 9513 9744 9514
3 9515 9514 9744
3 9515 9744 9745
3 9515 9745 9746
3 9515 9746 9517
3 9516 9517 9746
3 9516 9746 9747
3 9516 9747 9735
3 9518 9718 9748
3 9518 9748 9519
3 9749 9521 9519
3 9749 9519 9748
3 9520 9521 9750
3 9521 9749 9751
3 9521 9751 9750
3 9752 9536 9522
3 9752 9522 9753
3 9572 9753 9522
3 9524 9754 9523
3 9523 9755 9756
3 9523 9756 9757
3 9758 9525 9523
3 9758 9523 9757
3 9754 9755 9523
3 9524 9526 9759
3 9754 9524 9759
3 9758 9527 9525
3 9533 9760 9526
3 9760 9759 9526
3 9758 9761 9527
3 9761 9532 9527
3 9530 9528 9762
3 9763 9762 9528
3 9763 9528 9529
3 9763 9529 9532
3 9530 9762 9764
3 9531 9530 9764
3 9531 9764 9765
3 9534 9531 9765
3 9766 9767 9532
3 9761 9766 9532
3 9763 9532 9767
3 9533 9536 9768
3 9760 9533 9768
3 9534 9765 9769
3 9535 9534 9769
3 9535 9769 9770
3 9541 9535 9770
3 9771 9768 9536
3 9771 9536 9752
3 9537 9540 9772
3 9538 9537 9772
3 9538 9772 9773
3 9774 9539 9538
3 9774 9538 9773
3 9539 9774 9688
3 9541 9775 9540
3 9775 9772 9540
3 9541 9770 9776
3 9775 9541 9776
3 9777 9778 9542
3 9777 9542 9544
3 9543 9542 9778
3 9543 9778 9779
3 9779 9555 9543
3 9780 9777 9544
3 9780 9544 9545
3 9781 9780 9545
3 9781 9545 9546
3 9782 9781 9546
3 9782 9546 9547
3 9783 9782 9547
3 9783 9547 9548
3 9548 9784 9785
3 9548 9785 9783
3 9548 9549 9784
3 9786 9784 9549
3 9786 9549 9550
3 9550 9554 9786
3 9787 9554 9551
3 9787 9551 9788
3 9788 9551 9552
3 9788 9552 9789
3 9553 9789 9552
3 9553 9577 9789
3 9790 9786 9554
3 9790 9554 9787
3 9556 9555 9791
3 9779 9791 9555
3 9556 9792 9793
3 9556 9793 9557
3 9556 9791 9792
3 9794 9558 9557
3 9794 9557 9793
3 9558 9794 9795
3 9558 9795 9559
3 9796 9560 9559
3 9796 9559 9795
3 9560 9796 9797
3 9560 9797 9561
3 9798 9562 9561
3 9798 9561 9797
3 9562 9798 9799
3 9562 9799 9575
3 9563 9565 9800
3 9563 9800 9801
3 9564 9563 9801
3 9564 9801 9802
3 9571 9564 9802
3 9565 9566 9803
3 9565 9803 9800
3 9566 9567 9804
3 9566 9804 9803
3 9567 9568 9805
3 9567 9805 9804
3 9568 9569 9806
3 9568 9806 9805
3 9569 9570 9807
3 9569 9807 9806
3 9570 9576 9808
3 9570 9808 9807
3 9571 9802 9809
3 9571 9809 9810
3 9571 9810 9574
3 9572 9811 9812
3 9572 9812 9753
3 9572 9573 9811
3 9813 9811 9573
3 9574 9813 9573
3 9574 9810 9814
3 9574 9814 9813
3 9815 9576 9575
3 9815 9575 9799
3 9576 9815 9816
3 9576 9816 9808
3 9577 9578 9817
3 9577 9817 9789
3 9578 9582 9818
3 9578 9818 9817
3 9819 9580 9579
3 9819 9579 9597
3 9580 9819 9820
3 9580 9820 9581
3 9821 9585 9581
3 9821 9581 9820
3 9582 9583 9822
3 9582 9822 9818
3 9583 9584 9823
3 9583 9823 9822
3 9584 9585 9824
3 9584 9824 9823
3 9585 9821 9825
3 9585 9825 9824
3 9600 9826 9586
3 9587 9586 9826
3 9588 9587 9827
3 9587 9826 9827
3 9588 9827 9828
3 9589 9588 9828
3 9589 9828 9829
3 9829 9596 9589
3 9830 9590 9593
3 9590 9830 9831
3 9590 9831 9591
3 9832 9592 9591
3 9832 9591 9831
3 9592 9832 9833
3 9592 9833 9597
3 9830 9593 9834
3 9594 9834 9593
3 9835 9594 9595
3 9594 9835 9834
3 9835 9595 9836
3 9837 9836 9595
3 9837 9595 9596
3 9829 9837 9596
3 9838 9819 9597
3 9838 9597 9833
3 9601 9839 9598
3 9599 9598 9839
3 9840 9599 9839
3 9599 9840 9600
3 9840 9841 9600
3 9600 9841 9826
3 9842 9601 9602
3 9601 9842 9839
3 9842 9602 9628
3 9611 9843 9612
3 9719 9843 9611
3 9613 9614 9844
3 9613 9844 9630
3 9614 9615 9845
3 9614 9845 9844
3 9615 9616 9846
3 9615 9846 9845
3 9616 9617 9847
3 9616 9847 9846
3 9617 9626 9848
3 9617 9848 9847
3 9849 9619 9618
3 9849 9850 9619
3 9620 9619 9850
3 9620 9851 9852
3 9620 9852 9621
3 9620 9850 9851
3 9853 9622 9621
3 9853 9621 9852
3 9622 9853 9854
3 9622 9854 9623
3 9855 9624 9623
3 9855 9623 9854
3 9624 9855 9856
3 9624 9856 9625
3 9857 9626 9625
3 9857 9625 9856
3 9626 9857 9858
3 9626 9858 9848
3 9849 9618 9399
3 9849 9399 9627
3 9612 9859 9627
3 9859 9612 9843
3 9860 9842 9628
3 9860 9628 9629
3 9861 9860 9629
3 9861 9629 9630
3 9862 9861 9630
3 9862 9630 9844
3 9863 9646 9631
3 9863 9631 9632
3 9863 9632 9864
3 9865 9864 9632
3 9865 9632 9633
3 9865 9633 9634
3 9865 9634 9866
3 9867 9866 9634
3 9867 9634 9635
3 9867 9635 9637
3 9868 9869 9637
3 9868 9637 9636
3 9867 9637 9869
3 9868 9636 9638
3 9868 9638 9870
3 9871 9870 9638
3 9871 9638 9639
3 9871 9639 9640
3 9871 9640 9872
3 9873 9872 9640
3 9873 9640 9641
3 9873 9641 9642
3 9873 9642 9874
3 9875 9874 9642
3 9875 9642 9643
3 9875 9643 9644
3 9875 9644 9876
3 9877 9876 9644
3 9877 9644 9645
3 9877 9645 9646
3 9877 9646 9878
3 9863 9878 9646
3 9647 9879 9880
3 9647 9880 9648
3 9879 9647 9654
3 9881 9649 9648
3 9881 9648 9880
3 9649 9881 9882
3 9649 9882 9650
3 9883 9651 9650
3 9883 9650 9882
3 9651 9883 9884
3 9885 9652 9651
3 9885 9651 9884
3 9652 9885 9886
3 9652 9886 9671
3 9887 9653 9672
3 9653 9887 9654
3 9887 9888 9654
3 9879 9654 9888
3 9655 9889 9890
3 9655 9890 9660
3 9889 9655 9656
3 9889 9656 9891
3 9892 9891 9656
3 9892 9656 9657
3 9657 9658 9893
3 9657 9893 9892
3 9894 9893 9658
3 9894 9658 9659
3 9659 9664 9895
3 9659 9895 9894
3 9896 9661 9660
3 9896 9660 9890
3 9661 9896 9897
3 9661 9897 9662
3 9898 9663 9662
3 9898 9662 9897
3 9663 9898 9899
3 9663 9899 9666
3 9900 9895 9664
3 9900 9664 9665
3 9665 9670 9901
3 9665 9901 9900
3 9902 9667 9666
3 9902 9666 9899
3 9902 9903 9667
3 9667 9903 9669
3 9669 9903 9904
3 9669 9904 9905
3 9905 9668 9669
3 9905 9716 9668
3 9906 9901 9670
3 9906 9670 9671
3 9907 9906 9671
3 9907 9671 9886
3 9673 9908 9672
3 9887 9672 9908
3 9673 9687 9909
3 9673 9909 9910
3 9673 9910 9908
3 9682 9674 9911
3 9674 9912 9913
3 9674 9913 9914
3 9915 9912 9674
3 9915 9674 9675
3 9914 9911 9674
3 9915 9675 9676
3 9915 9676 9916
3 9680 9916 9676
3 9917 9677 9681
3 9677 9917 9918
3 9677 9918 9678
3 9678 9918 9919
3 9678 9919 9679
3 9680 9679 9919
3 9920 9680 9921
3 9680 9920 9916
3 9680 9919 9921
3 9917 9681 9922
3 9685 9922 9681
3 9682 9923 9683
3 9923 9682 9911
3 9684 9683 9924
3 9923 9924 9683
3 9925 9684 9924
3 9684 9925 9687
3 9926 9685 9686
3 9685 9926 9922
3 9926 9686 9927
3 9689 9927 9686
3 9928 9909 9687
3 9928 9687 9925
3 9689 9688 9929
3 9774 9929 9688
3 9930 9689 9929
3 9689 9930 9927
3 9690 9716 9931
3 9690 9931 9691
3 9932 9692 9691
3 9932 9691 9931
3 9692 9932 9933
3 9692 9933 9693
3 9934 9694 9693
3 9934 9693 9933
3 9694 9934 9935
3 9694 9935 9695
3 9936 9696 9695
3 9936 9695 9935
3 9696 9936 9937
3 9696 9937 9715
3 9938 9711 9697
3 9938 9697 9698
3 9939 9938 9698
3 9939 9698 9699
3 9940 9939 9699
3 9940 9699 9715
3 9941 9700 9701
3 9941 9714 9700
3 9702 9942 9701
3 9941 9701 9942
3 9943 9702 9703
3 9702 9943 9942
3 9943 9703 9944
3 9944 9703 9710
3 9704 9705 9945
3 9704 9945 9946
3 9707 9704 9946
3 9705 9706 9947
3 9705 9947 9945
3 9706 9711 9948
3 9706 9948 9947
3 9707 9946 9949
3 9708 9707 9949
3 9708 9949 9950
3 9709 9708 9950
3 9709 9950 9951
3 9709 9951 9952
3 9709 9952 9710
3 9944 9710 9952
3 9711 9938 9953
3 9711 9953 9948
3 9717 9712 9954
3 9712 9713 9954
3 9955 9954 9713
3 9714 9955 9713
3 9955 9714 9956
3 9941 9956 9714
3 9957 9940 9715
3 9957 9715 9937
3 9958 9931 9716
3 9958 9716 9905
3 9717 9954 9959
3 9718 9717 9959
3 9718 9959 9748
3 9492 9720 9960
3 9961 9720 9491
3 9719 9492 9960
3 9961 9491 9721
3 9961 9721 9722
3 9961 9722 9962
3 9963 9962 9722
3 9963 9722 9723
3 9964 9963 9723
3 9964 9723 9724
3 9965 9964 9724
3 9965 9724 9725
3 9966 9965 9725
3 9966 9725 9726
3 9967 9966 9726
3 9967 9726 9730
3 9968 9727 9520
3 9968 9520 9750
3 9727 9968 9969
3 9727 9969 9728
3 9970 9729 9728
3 9970 9728 9969
3 9729 9970 9971
3 9729 9971 9731
3 9972 9967 9730
3 9972 9730 9731
3 9973 9972 9731
3 9973 9731 9971
3 9974 9732 9736
3 9974 9733 9732
3 9974 9975 9733
3 9976 9734 9733
3 9976 9733 9975
3 9976 9737 9734
3 9977 9735 9747
3 9977 9736 9735
3 9977 9978 9736
3 9974 9736 9978
3 9979 9738 9737
3 9979 9739 9738
3 9979 9737 9980
3 9976 9980 9737
3 9979 9981 9739
3 9982 9740 9739
3 9982 9739 9981
3 9982 9741 9740
3 9982 9983 9741
3 9984 9742 9741
3 9984 9741 9983
3 9984 9743 9742
3 9984 9985 9743
3 9986 9744 9743
3 9986 9743 9985
3 9986 9745 9744
3 9986 9987 9745
3 9988 9746 9745
3 9988 9745 9987
3 9988 9747 9746
3 9988 9989 9747
3 9977 9747 9989
3 9990 9749 9748
3 9990 9748 9959
3 9749 9990 9991
3 9749 9991 9751
3 9992 9968 9750
3 9992 9750 9751
3 9993 9992 9751
3 9993 9751 9991
3 9752 9753 9812
3 9752 9812 9994
3 9752 9994 9995
3 9752 9995 9771
3 9754 9759 9996
3 9754 9997 9755
3 9997 9754 9996
3 9998 9756 9755
3 9998 9755 9999
3 9997 9999 9755
3 9756 9998 10000
3 9756 10000 9757
3 9761 9758 9757
3 9761 9757 10000
3 10001 9996 9759
3 9760 10001 9759
3 9760 9768 10002
3 9760 10002 10003
3 9760 10003 10001
3 9766 9761 10000
3 10004 10005 9762
3 10004 9762 9763
3 10005 9764 9762
3 10004 9763 9767
3 10006 9765 9764
3 10005 10006 9764
3 10006 10007 9765
3 10007 9769 9765
3 10004 9767 10008
3 9766 10009 9767
3 10009 10008 9767
3 9766 10000 10010
3 10009 9766 10010
3 10011 10002 9768
3 10011 9768 9771
3 10012 9770 9769
3 10007 10012 9769
3 10012 10013 9770
3 10013 9776 9770
3 9771 9995 10014
3 9771 10014 10011
3 10015 9773 9772
3 9775 10015 9772
3 10015 10016 9773
3 10017 9774 9773
3 10017 9773 10016
3 9774 10017 9929
3 9775 9776 10018
3 10015 9775 10018
3 10019 10018 9776
3 10013 10019 9776
3 10020 9784 9786
3 10021 9785 9784
3 10021 9784 10022
3 10022 9784 10020
3 10020 9786 9790
3 9787 9788 10023
3 9787 10023 10024
3 9790 9787 10024
3 9788 9789 9817
3 9788 9817 10023
3 9790 10024 10020
3 10025 9815 9799
3 10026 10027 9800
3 10026 9800 9803
3 10027 9801 9800
3 10028 9802 9801
3 10027 10028 9801
3 10029 9809 9802
3 10029 9802 10030
3 10028 10030 9802
3 10031 10026 9803
3 10031 9803 9804
3 10032 10031 9804
3 10032 9804 9805
3 10033 10032 9805
3 10033 9805 9806
3 10034 10033 9806
3 10034 9806 9807
3 10035 10034 9807
3 10035 9807 9808
3 10036 10035 9808
3 10036 9808 9816
3 10037 9814 9810
3 10038 10037 9810
3 10038 9810 10039
3 10039 9810 9809
3 10039 9809 10029
3 10040 9811 10041
3 9812 9811 10040
3 9813 10041 9811
3 9812 10040 10042
3 10042 9994 9812
3 10041 9813 9814
3 10043 10044 9814
3 10037 10043 9814
3 10041 9814 10044
3 9815 10025 10045
3 9815 10045 9816
3 10046 10036 9816
3 10046 9816 10045
3 9818 10023 9817
3 9818 10047 10023
3 9818 9822 10048
3 9818 10048 10047
3 9819 9838 10049
3 9819 10049 9820
3 10050 9821 9820
3 10050 9820 10049
3 9821 10050 10051
3 9821 10051 9825
3 10052 10048 9822
3 10052 9822 9823
3 9823 9824 10053
3 9823 10053 10052
3 10054 10053 9824
3 10054 9824 9825
3 9825 10051 10055
3 9825 10055 10054
3 10056 9827 9826
3 10057 10056 9826
3 10057 9826 9841
3 10056 9828 9827
3 10058 9829 9828
3 10056 10058 9828
3 10058 10059 9829
3 10059 9837 9829
3 9830 10060 10061
3 9830 10061 9831
3 10060 9830 9834
3 10062 9832 9831
3 10062 9831 10061
3 10063 9833 9832
3 10063 9832 10062
3 10064 9838 9833
3 10064 9833 10063
3 10060 9834 10065
3 9835 10065 9834
3 9835 10066 10065
3 10066 9835 9836
3 10066 9836 10067
3 10067 9836 9837
3 10067 9837 10059
3 9838 10064 10068
3 9838 10068 10049
3 9842 10069 9839
3 9840 9839 10069
3 10070 9840 10069
3 9840 10070 9841
3 10070 10057 9841
3 9842 9860 10069
3 10071 9862 9844
3 10071 9844 9845
3 10072 10071 9845
3 10072 9845 9846
3 10073 10072 9846
3 10073 9846 9847
3 10074 10073 9847
3 10074 9847 9848
3 10075 10074 9848
3 10075 9848 9858
3 10076 9850 9849
3 10076 10077 9850
3 9851 9850 10077
3 9851 10077 10078
3 10078 9852 9851
3 10078 10079 9852
3 9853 9852 10079
3 9853 10079 10080
3 10080 9854 9853
3 9855 9854 10081
3 10080 10081 9854
3 9855 10081 10082
3 10082 9856 9855
3 9857 9856 10083
3 10082 10083 9856
3 9857 10083 10084
3 10084 9858 9857
3 10084 10085 9858
3 10075 9858 10085
3 10076 9849 9627
3 10076 9627 9859
3 9859 9843 10086
3 9843 9719 10087
3 9843 10087 10086
3 9860 9861 10088
3 9860 10088 10069
3 9861 9862 10089
3 9861 10089 10088
3 9862 10071 10090
3 9862 10090 10089
3 9864 9878 9863
3 9864 10091 9878
3 9866 10091 9864
3 9866 9864 9865
3 9869 10091 9866
3 9869 9866 9867
3 9870 9869 9868
3 9870 10091 9869
3 9872 10091 9870
3 9872 9870 9871
3 9874 10091 9872
3 9874 9872 9873
3 9876 10091 9874
3 9876 9874 9875
3 9878 10091 9876
3 9878 9876 9877
3 9879 10092 10093
3 9879 10093 9880
3 10092 9879 9888
3 10094 9881 9880
3 10094 9880 10093
3 9881 10094 10095
3 9881 10095 9882
3 10096 9883 9882
3 10096 9882 10095
3 9883 10096 10097
3 9883 10097 9884
3 10098 9885 9884
3 10098 9884 10097
3 9885 10098 10099
3 9885 10099 9886
3 10100 9907 9886
3 10100 9886 10099
3 10101 9887 9908
3 9887 10101 9888
3 10101 10102 9888
3 10092 9888 10102
3 10103 9896 9890
3 10103 9890 10104
3 9889 10104 9890
3 9889 10105 10104
3 10105 9889 9891
3 10105 9891 10106
3 10107 10106 9891
3 10107 9891 9892
3 9892 9893 10108
3 9892 10108 10107
3 10109 10108 9893
3 10109 9893 9894
3 9894 9895 10110
3 9894 10110 10109
3 10111 10110 9895
3 10111 9895 9900
3 9896 10103 10112
3 9896 10112 9897
3 10113 9898 9897
3 10113 9897 10112
3 9898 10113 10114
3 9898 10114 9899
3 9899 10114 10115
3 9899 10115 9902
3 9900 9901 10116
3 9900 10116 10111
3 9901 9906 10117
3 9901 10117 10116
3 9902 10118 9903
3 10118 9902 10115
3 10119 9904 9903
3 10119 9903 10118
3 9958 9905 9904
3 9958 9904 10120
3 10119 10120 9904
3 9906 9907 10121
3 9906 10121 10117
3 10122 10121 9907
3 10122 9907 10100
3 10123 10124 9908
3 10123 9908 9910
3 10101 9908 10124
3 10123 9910 9909
3 10123 9909 10125
3 10126 10125 9909
3 10126 9909 9928
3 9923 9911 10127
3 10128 10127 9911
3 9914 10128 9911
3 9913 9912 10129
3 9916 10129 9912
3 9916 9912 9915
3 9913 10129 10130
3 10130 9914 9913
3 10130 10131 9914
3 10128 9914 10131
3 9920 10129 9916
3 10132 9917 9922
3 9917 10132 10133
3 9917 10133 9918
3 10134 9919 9918
3 10134 9918 10133
3 10134 9921 9919
3 10134 10135 9921
3 9920 9921 10136
3 10135 10136 9921
3 10137 9920 10136
3 9920 10137 10129
3 10132 9922 10138
3 9926 10138 9922
3 10139 9923 10127
3 9923 10139 9924
3 9925 9924 10140
3 10141 10140 9924
3 10141 9924 10139
3 9925 10140 10142
3 9925 10142 9928
3 10143 9926 9927
3 9926 10143 10138
3 10143 9927 10144
3 9930 10144 9927
3 9928 10142 10145
3 9928 10145 10126
3 9930 9929 10146
3 10017 10146 9929
3 10147 9930 10146
3 9930 10147 10144
3 10148 9932 9931
3 10148 9931 9958
3 10148 9933 9932
3 10148 10149 9933
3 10149 9934 9933
3 10150 9935 9934
3 10150 9934 10151
3 10149 10151 9934
3 10152 9936 9935
3 10152 9935 10150
3 10153 9937 9936
3 10153 9936 10152
3 10154 9957 9937
3 10154 9937 10153
3 9938 9939 10155
3 9938 10155 9953
3 9939 9940 10156
3 9939 10156 10155
3 9940 9957 10157
3 9940 10157 10156
3 9941 10158 10159
3 9941 10159 9956
3 10158 9941 9942
3 9943 10158 9942
3 9943 10160 10158
3 10160 9943 9944
3 10160 9944 10161
3 9952 10161 9944
3 10162 9946 9945
3 10163 10162 9945
3 10163 9945 9947
3 10164 9949 9946
3 10162 10164 9946
3 9947 9948 10165
3 9947 10165 10163
3 10166 10165 9948
3 10166 9948 9953
3 10164 10167 9949
3 10167 9950 9949
3 10168 9951 9950
3 10167 10168 9950
3 10168 10169 9951
3 9952 9951 10169
3 9952 10169 10161
3 10170 10166 9953
3 10170 9953 10155
3 10171 9959 9954
3 9955 10171 9954
3 9955 9956 10172
3 10171 9955 10172
3 10159 10172 9956
3 10173 10157 9957
3 10173 9957 10154
3 9958 10120 10174
3 9958 10174 10148
3 10171 9990 9959
3 9719 9960 10087
3 9720 9961 10175
3 9720 10175 9960
3 9962 10175 9961
3 9962 10176 10175
3 9963 10176 9962
3 9963 9964 10177
3 9963 10177 10178
3 9963 10178 10176
3 9964 9965 10179
3 9964 10179 10177
3 9965 9966 10180
3 9965 10180 10179
3 9966 9967 10181
3 9966 10181 10180
3 9967 9972 10182
3 9967 10182 10181
3 9968 9992 10183
3 9968 10183 9969
3 10184 9970 9969
3 10184 9969 10183
3 9970 10184 10185
3 9970 10185 9971
3 10186 9973 9971
3 10186 9971 10185
3 9972 9973 10187
3 9972 10187 10182
3 9973 10186 10188
3 9973 10188 10187
3 9975 9974 9978
3 9975 9978 10189
3 9980 9976 9975
3 9980 9975 10189
3 9978 9977 9989
3 9978 9989 10189
3 9981 9979 9980
3 9981 9980 10189
3 9983 9982 9981
3 9983 9981 10189
3 9985 9984 9983
3 9985 9983 10189
3 9987 9986 9985
3 9987 9985 10189
3 9989 9988 9987
3 9989 9987 10189
3 9990 10171 10190
3 9990 10190 9991
3 10191 9993 9991
3 10191 9991 10190
3 9992 9993 10192
3 9992 10192 10183
3 9993 10191 10193
3 9993 10193 10192
3 10194 9995 9994
3 10194 9994 10195
3 10196 10195 9994
3 10042 10196 9994
3 10197 10014 9995
3 10197 9995 10194
3 10001 10198 9996
3 10198 10199 9996
3 9997 9996 10199
3 9997 10200 9999
3 10200 9997 10199
3 10201 10000 9998
3 10201 9998 9999
3 10200 10202 9999
3 10201 9999 10202
3 10201 10010 10000
3 10001 10003 10203
3 10001 10203 10198
3 10204 10203 10003
3 10204 10003 10002
3 10204 10002 10011
3 10009 10205 10008
3 10009 10010 10206
3 10205 10009 10206
3 10201 10206 10010
3 10204 10011 10014
3 10204 10014 10207
3 10207 10014 10197
3 10015 10018 10208
3 10016 10015 10208
3 10016 10208 10209
3 10210 10017 10016
3 10210 10016 10209
3 10017 10210 10146
3 10019 10211 10018
3 10211 10208 10018
3 9777 10212 10213
3 9777 10213 9778
3 10212 9777 9780
3 10214 9779 9778
3 10214 9778 10213
3 10214 9791 9779
3 10212 9780 10215
3 9781 10215 9780
3 9781 10216 10215
3 10216 9781 9782
3 10216 9782 10217
3 9783 10217 9782
3 9783 10218 10217
3 10218 9783 9785
3 10022 10020 10219
3 10219 10020 10024
3 10220 10221 10021
3 10021 10221 9785
3 10220 10021 10022
3 10220 10022 10222
3 10219 10222 10022
3 10218 9785 10223
3 10221 10223 9785
3 10224 10024 10023
3 10224 10023 10047
3 10219 10024 10224
3 10214 10225 9791
3 10225 9792 9791
3 10226 9793 9792
3 10225 10226 9792
3 10226 10227 9793
3 10227 9794 9793
3 10228 9795 9794
3 10227 10228 9794
3 10228 10229 9795
3 10229 9796 9795
3 10230 9797 9796
3 10229 10230 9796
3 10230 10231 9797
3 10231 9798 9797
3 10232 10025 9799
3 10232 9799 9798
3 10231 10232 9798
3 10025 10232 10233
3 10025 10233 10045
3 10026 10031 10234
3 10026 10234 10235
3 10027 10026 10235
3 10027 10235 10236
3 10027 10236 10237
3 10027 10237 10028
3 10030 10028 10237
3 10029 10030 10238
3 10029 10238 10039
3 10030 10237 10238
3 10031 10032 10239
3 10031 10239 10234
3 10032 10033 10240
3 10032 10240 10239
3 10033 10034 10241
3 10033 10241 10240
3 10034 10035 10242
3 10034 10242 10241
3 10035 10036 10243
3 10035 10243 10242
3 10036 10046 10244
3 10036 10244 10243
3 10037 10245 10246
3 10037 10246 10043
3 10038 10245 10037
3 10038 10247 10245
3 10039 10248 10038
3 10247 10038 10248
3 10039 10238 10248
3 10040 10249 10250
3 10040 10250 10251
3 10040 10041 10249
3 10196 10042 10040
3 10196 10040 10251
3 10249 10041 10044
3 10043 10246 10252
3 10043 10252 10253
3 10043 10253 10044
3 10254 10255 10044
3 10254 10044 10253
3 10249 10044 10255
3 10256 10046 10045
3 10256 10045 10233
3 10046 10256 10257
3 10046 10257 10244
3 10047 10048 10258
3 10047 10258 10224
3 10052 10258 10048
3 10259 10050 10049
3 10259 10049 10068
3 10050 10259 10260
3 10050 10260 10051
3 10261 10055 10051
3 10261 10051 10260
3 10052 10262 10258
3 10262 10052 10053
3 10262 10053 10263
3 10054 10263 10053
3 10054 10264 10263
3 10054 10055 10265
3 10054 10265 10264
3 10266 10265 10055
3 10266 10055 10261
3 10056 10057 10267
3 10056 10267 10268
3 10269 10267 10057
3 10269 10057 10270
3 10070 10270 10057
3 10058 10056 10268
3 10059 10058 10268
3 10059 10268 10271
3 10060 10272 10273
3 10060 10273 10061
3 10272 10060 10065
3 10061 10273 10274
3 10061 10274 10062
3 10062 10274 10275
3 10062 10275 10063
3 10276 10064 10063
3 10276 10063 10275
3 10064 10276 10277
3 10064 10277 10068
3 10066 10272 10065
3 10066 10278 10272
3 10278 10066 10067
3 10278 10067 10271
3 10059 10271 10067
3 10279 10259 10068
3 10279 10068 10277
3 10070 10069 10088
3 10270 10070 10088
3 10071 10072 10280
3 10071 10280 10090
3 10072 10073 10281
3 10072 10281 10280
3 10073 10074 10282
3 10073 10282 10281
3 10074 10075 10283
3 10074 10283 10282
3 10075 10085 10284
3 10284 10283 10075
3 10285 10077 10076
3 10285 10286 10077
3 10078 10077 10286
3 10078 10286 10287
3 10287 10079 10078
3 10287 10288 10079
3 10080 10079 10288
3 10080 10288 10289
3 10289 10081 10080
3 10082 10081 10290
3 10289 10290 10081
3 10082 10290 10291
3 10291 10083 10082
3 10084 10083 10292
3 10291 10292 10083
3 10084 10292 10293
3 10293 10085 10084
3 10293 10294 10085
3 10284 10085 10294
3 10076 10295 10285
3 10295 10076 9859
3 10295 9859 10086
3 10270 10088 10089
3 10269 10270 10089
3 10269 10089 10090
3 10296 10269 10090
3 10296 10090 10280
3 10297 10094 10093
3 10297 10093 10298
3 10092 10298 10093
3 10092 10299 10298
3 10092 10102 10300
3 10092 10300 10299
3 10094 10297 10301
3 10094 10301 10095
3 10302 10096 10095
3 10302 10095 10301
3 10096 10302 10303
3 10096 10303 10097
3 10304 10098 10097
3 10304 10097 10303
3 10098 10304 10305
3 10098 10305 10099
3 10099 10305 10306
3 10099 10306 10100
3 10100 10306 10307
3 10100 10307 10122
3 10101 10308 10102
3 10308 10101 10124
3 10309 10300 10102
3 10309 10102 10308
3 10310 10103 10104
3 10103 10310 10311
3 10103 10311 10112
3 10105 10312 10104
3 10310 10104 10312
3 10105 10313 10312
3 10313 10105 10106
3 10313 10106 10314
3 10314 10106 10107
3 10314 10107 10315
3 10316 10315 10107
3 10316 10107 10108
3 10317 10316 10108
3 10317 10108 10109
3 10318 10317 10109
3 10318 10109 10110
3 10319 10318 10110
3 10319 10110 10111
3 10320 10319 10111
3 10320 10111 10116
3 10321 10113 10112
3 10321 10112 10311
3 10113 10321 10322
3 10113 10322 10114
3 10323 10115 10114
3 10323 10114 10322
3 10118 10115 10324
3 10115 10323 10325
3 10115 10325 10324
3 10326 10320 10116
3 10326 10116 10117
3 10117 10121 10327
3 10117 10327 10326
3 10118 10324 10328
3 10118 10328 10119
3 10119 10328 10120
3 10329 10174 10120
3 10329 10120 10328
3 10330 10327 10121
3 10330 10121 10122
3 10331 10330 10122
3 10331 10122 10307
3 10332 10124 10123
3 10332 10123 10333
3 10333 10123 10125
3 10334 10124 10332
3 10308 10124 10334
3 10335 10336 10125
3 10335 10125 10126
3 10336 10337 10125
3 10333 10125 10337
3 10126 10145 10338
3 10126 10338 10335
3 10139 10127 10339
3 10340 10339 10127
3 10128 10340 10127
3 10128 10131 10341
3 10340 10128 10341
3 10342 10130 10129
3 10342 10129 10137
3 10342 10131 10130
3 10343 10341 10131
3 10342 10343 10131
3 10135 10344 10136
3 10137 10136 10345
3 10344 10345 10136
3 10342 10137 10345
3 10139 10339 10346
3 10139 10346 10141
3 10347 10142 10140
3 10347 10140 10141
3 10347 10141 10346
3 10347 10145 10142
3 10347 10348 10145
3 10338 10145 10348
3 10147 10146 10349
3 10210 10349 10146
3 10149 10148 10174
3 10149 10174 10350
3 10149 10350 10351
3 10149 10351 10151
3 10151 10351 10352
3 10151 10352 10150
3 10152 10150 10352
3 10152 10352 10353
3 10153 10152 10353
3 10153 10353 10354
3 10154 10153 10354
3 10154 10354 10355
3 10154 10355 10356
3 10154 10356 10173
3 10357 10170 10155
3 10357 10155 10156
3 10358 10357 10156
3 10358 10156 10157
3 10359 10358 10157
3 10359 10157 10173
3 10158 10360 10361
3 10158 10361 10159
3 10159 10361 10362
3 10159 10362 10363
3 10159 10363 10172
3 10160 10360 10158
3 10360 10160 10161
3 10360 10161 10364
3 10164 10162 10365
3 10366 10365 10162
3 10366 10162 10163
3 10163 10165 10367
3 10163 10367 10366
3 10164 10365 10368
3 10167 10164 10368
3 10165 10166 10369
3 10165 10369 10367
3 10166 10170 10370
3 10166 10370 10369
3 10168 10167 10368
3 10168 10368 10371
3 10169 10168 10371
3 10169 10371 10364
3 10161 10169 10364
3 10170 10357 10372
3 10170 10372 10370
3 10171 10172 10190
3 10363 10190 10172
3 10173 10356 10373
3 10173 10373 10359
3 10329 10350 10174
3 10374 10087 9960
3 10374 9960 10175
3 10374 10175 10176
3 10374 10176 10375
3 10375 10176 10178
3 10375 10178 10376
3 10376 10178 10177
3 10376 10177 10377
3 10377 10177 10179
3 10377 10179 10378
3 10378 10179 10180
3 10379 10180 10181
3 10378 10180 10379
3 10379 10181 10380
3 10380 10181 10182
3 10381 10182 10187
3 10380 10182 10381
3 10382 10184 10183
3 10382 10183 10192
3 10184 10382 10383
3 10184 10383 10185
3 10384 10186 10185
3 10384 10185 10383
3 10186 10384 10385
3 10186 10385 10188
3 10381 10187 10386
3 10386 10187 10188
3 10386 10188 10387
3 10387 10188 10385
3 10363 10191 10190
3 10191 10363 10362
3 10191 10362 10193
3 10388 10382 10192
3 10388 10192 10193
3 10389 10388 10193
3 10389 10193 10362
3 10195 10390 10194
3 10194 10390 10391
3 10194 10391 10197
3 10195 10392 10390
3 10393 10392 10195
3 10196 10393 10195
3 10393 10196 10251
3 10207 10197 10394
3 10394 10197 10391
3 10395 10198 10203
3 10198 10395 10199
3 10395 10396 10199
3 10200 10199 10396
3 10200 10397 10202
3 10397 10200 10396
3 10202 10398 10201
3 10201 10398 10206
3 10397 10399 10202
3 10202 10399 10398
3 10204 10400 10203
3 10395 10203 10401
3 10400 10401 10203
3 10207 10400 10204
3 10004 10402 10403
3 10004 10403 10005
3 10402 10004 10008
3 10403 10006 10005
3 10404 10007 10006
3 10403 10404 10006
3 10404 10405 10007
3 10405 10012 10007
3 10402 10008 10406
3 10407 10406 10008
3 10205 10407 10008
3 10205 10206 10408
3 10408 10407 10205
3 10398 10408 10206
3 10409 10013 10012
3 10405 10409 10012
3 10410 10019 10013
3 10410 10013 10411
3 10409 10411 10013
3 10207 10412 10400
3 10394 10412 10207
3 10413 10209 10208
3 10211 10413 10208
3 10413 10414 10209
3 10415 10210 10209
3 10415 10209 10414
3 10210 10415 10349
3 10019 10410 10416
3 10019 10416 10211
3 10213 10417 10418
3 10213 10418 10214
3 10212 10417 10213
3 10212 10419 10417
3 10419 10212 10215
3 10225 10214 10418
3 10419 10215 10420
3 10216 10420 10215
3 10216 10421 10420
3 10421 10216 10217
3 10421 10217 10422
3 10218 10422 10217
3 10218 10423 10422
3 10423 10218 10223
3 10224 10424 10219
3 10219 10424 10222
3 10220 10425 10221
3 10426 10425 10220
3 10426 10220 10222
3 10221 10427 10223
3 10427 10221 10425
3 10428 10222 10424
3 10426 10222 10428
3 10423 10223 10429
3 10427 10429 10223
3 10224 10258 10424
3 10225 10418 10430
3 10226 10225 10430
3 10226 10430 10431
3 10227 10226 10431
3 10227 10431 10432
3 10228 10227 10432
3 10228 10432 10433
3 10229 10228 10433
3 10229 10433 10434
3 10230 10229 10434
3 10230 10434 10435
3 10231 10230 10435
3 10231 10435 10436
3 10232 10231 10436
3 10232 10436 10233
3 10437 10256 10233
3 10437 10233 10436
3 10438 10439 10234
3 10438 10234 10239
3 10235 10234 10439
3 10235 10439 10440
3 10235 10440 10441
3 10235 10441 10236
3 10442 10237 10236
3 10442 10236 10443
3 10441 10443 10236
3 10444 10238 10237
3 10444 10237 10442
3 10445 10248 10238
3 10445 10238 10444
3 10239 10240 10446
3 10239 10446 10438
3 10447 10446 10240
3 10447 10240 10241
3 10448 10447 10241
3 10448 10241 10242
3 10449 10448 10242
3 10449 10242 10243
3 10243 10244 10450
3 10243 10450 10449
3 10451 10450 10244
3 10451 10244 10257
3 10452 10246 10245
3 10452 10245 10453
3 10247 10453 10245
3 10246 10452 10454
3 10246 10454 10252
3 10247 10248 10455
3 10247 10456 10453
3 10456 10247 10455
3 10445 10455 10248
3 10457 10458 10251
3 10459 10457 10251
3 10459 10251 10250
3 10393 10251 10458
3 10460 10459 10250
3 10460 10250 10461
3 10249 10461 10250
3 10249 10255 10461
3 10460 10252 10462
3 10253 10252 10460
3 10463 10462 10252
3 10463 10252 10454
3 10253 10460 10254
3 10255 10254 10460
3 10255 10460 10461
3 10256 10437 10464
3 10256 10464 10257
3 10465 10451 10257
3 10465 10257 10464
3 10466 10424 10258
3 10466 10258 10262
3 10259 10279 10260
3 10260 10279 10467
3 10260 10467 10261
3 10261 10467 10468
3 10261 10468 10266
3 10466 10262 10263
3 10264 10469 10263
3 10466 10263 10469
3 10264 10265 10470
3 10264 10470 10471
3 10264 10471 10469
3 10470 10265 10266
3 10470 10266 10472
3 10472 10266 10468
3 10473 10268 10267
3 10296 10473 10267
3 10296 10267 10269
3 10473 10474 10268
3 10474 10271 10268
3 10474 10475 10271
3 10476 10273 10272
3 10476 10477 10273
3 10478 10274 10273
3 10478 10273 10477
3 10274 10478 10479
3 10274 10479 10275
3 10480 10276 10275
3 10480 10275 10479
3 10276 10480 10481
3 10276 10481 10277
3 10482 10279 10277
3 10482 10277 10481
3 10278 10476 10272
3 10278 10475 10476
3 10475 10278 10271
3 10483 10296 10280
3 10483 10280 10281
3 10484 10483 10281
3 10484 10281 10282
3 10484 10282 10283
3 10284 10485 10283
3 10486 10283 10485
3 10484 10283 10486
3 10284 10294 10487
3 10487 10485 10284
3 10374 10285 10295
3 10375 10286 10285
3 10375 10285 10374
3 10376 10287 10286
3 10376 10286 10375
3 10377 10288 10287
3 10377 10287 10376
3 10378 10289 10288
3 10378 10288 10377
3 10379 10290 10289
3 10379 10289 10378
3 10380 10291 10290
3 10380 10290 10379
3 10381 10292 10291
3 10381 10291 10380
3 10386 10293 10292
3 10386 10292 10381
3 10387 10294 10293
3 10387 10293 10386
3 10488 10487 10294
3 10488 10294 10387
3 10087 10374 10295
3 10087 10295 10086
3 10483 10473 10296
3 10297 10489 10490
3 10297 10490 10301
3 10489 10297 10298
3 10491 10492 10298
3 10491 10298 10299
3 10489 10298 10492
3 10309 10493 10300
3 10494 10495 10300
3 10494 10300 10493
3 10495 10299 10300
3 10495 10491 10299
3 10496 10302 10301
3 10496 10301 10490
3 10302 10496 10497
3 10302 10497 10303
3 10498 10304 10303
3 10498 10303 10497
3 10304 10498 10499
3 10304 10499 10305
3 10500 10306 10305
3 10500 10305 10499
3 10501 10307 10306
3 10501 10306 10500
3 10502 10331 10307
3 10502 10307 10501
3 10309 10308 10334
3 10309 10503 10493
3 10503 10309 10504
3 10309 10334 10504
3 10505 10506 10324
3 10507 10505 10324
3 10507 10324 10325
3 10328 10324 10506
3 10327 10330 10508
3 10328 10506 10329
3 10329 10506 10350
3 10330 10331 10509
3 10330 10509 10508
3 10331 10502 10510
3 10331 10510 10509
3 10334 10332 10511
3 10512 10511 10332
3 10512 10332 10513
3 10337 10513 10332
3 10337 10332 10333
3 10511 10504 10334
3 10514 10515 10336
3 10514 10336 10335
3 10336 10516 10337
3 10516 10336 10515
3 10335 10338 10517
3 10335 10517 10514
3 10516 10513 10337
3 10338 10348 10518
3 10518 10517 10338
3 10519 10346 10339
3 10340 10519 10339
3 10519 10340 10520
3 10340 10341 10520
3 10521 10520 10341
3 10343 10521 10341
3 10522 10343 10342
3 10342 10345 10522
3 10521 10343 10523
3 10522 10523 10343
3 10524 10135 10134
3 10525 10524 10134
3 10525 10134 10133
3 10132 10525 10133
3 10132 10526 10525
3 10526 10132 10138
3 10524 10527 10135
3 10527 10528 10135
3 10344 10135 10528
3 10528 10529 10344
3 10344 10529 10345
3 10529 10522 10345
3 10526 10138 10530
3 10143 10530 10138
3 10347 10346 10531
3 10519 10532 10346
3 10532 10531 10346
3 10531 10348 10347
3 10533 10534 10144
3 10533 10144 10147
3 10143 10144 10534
3 10531 10535 10348
3 10518 10348 10535
3 10536 10533 10147
3 10536 10147 10349
3 10537 10351 10350
3 10537 10350 10506
3 10351 10537 10538
3 10351 10538 10352
3 10539 10353 10352
3 10539 10352 10538
3 10539 10354 10353
3 10539 10540 10354
3 10355 10354 10540
3 10541 10542 10356
3 10541 10356 10355
3 10373 10356 10542
3 10355 10540 10541
3 10357 10358 10372
3 10543 10372 10358
3 10543 10358 10359
3 10359 10373 10544
3 10359 10544 10543
3 10360 10545 10546
3 10360 10546 10361
3 10389 10362 10361
3 10389 10361 10546
3 10545 10360 10364
3 10545 10364 10547
3 10548 10368 10365
3 10548 10365 10549
3 10550 10549 10365
3 10550 10365 10366
3 10551 10550 10366
3 10551 10366 10367
3 10552 10551 10367
3 10552 10367 10369
3 10553 10552 10369
3 10553 10369 10370
3 10554 10553 10370
3 10554 10370 10372
3 10548 10371 10368
3 10547 10364 10371
3 10548 10547 10371
3 10555 10544 10373
3 10373 10542 10555
3 10382 10388 10556
3 10382 10556 10383
3 10557 10384 10383
3 10557 10383 10556
3 10384 10557 10558
3 10384 10558 10385
3 10387 10385 10488
3 10488 10385 10558
3 10388 10389 10559
3 10388 10559 10556
3 10546 10559 10389
3 10394 10391 10560
3 10560 10391 10561
3 10561 10391 10390
3 10561 10390 10562
3 10563 10562 10390
3 10563 10390 10392
3 10564 10563 10392
3 10564 10392 10565
3 10393 10565 10392
3 10565 10393 10458
3 10560 10566 10394
3 10394 10566 10412
3 10567 10395 10401
3 10395 10567 10396
3 10397 10396 10568
3 10567 10568 10396
3 10397 10569 10399
3 10569 10397 10568
3 10570 10398 10399
3 10398 10570 10408
3 10570 10399 10571
3 10569 10571 10399
3 10572 10400 10412
3 10400 10572 10401
3 10567 10401 10573
3 10572 10573 10401
3 10404 10403 10574
3 10402 10574 10403
3 10402 10575 10574
3 10575 10402 10406
3 10575 10406 10576
3 10577 10576 10406
3 10407 10577 10406
3 10577 10407 10578
3 10408 10578 10407
3 10578 10408 10570
3 10413 10211 10579
3 10580 10579 10211
3 10580 10211 10416
3 10581 10414 10413
3 10413 10579 10581
3 10416 10582 10580
3 10583 10418 10417
3 10583 10417 10584
3 10419 10584 10417
3 10583 10430 10418
3 10419 10585 10584
3 10585 10419 10420
3 10585 10420 10586
3 10421 10586 10420
3 10421 10587 10586
3 10587 10421 10422
3 10587 10422 10588
3 10423 10588 10422
3 10423 10589 10588
3 10589 10423 10429
3 10428 10424 10466
3 10590 10591 10425
3 10427 10425 10591
3 10426 10590 10425
3 10426 10428 10592
3 10426 10592 10593
3 10590 10426 10593
3 10427 10594 10429
3 10594 10427 10591
3 10428 10466 10469
3 10428 10469 10592
3 10589 10429 10595
3 10594 10595 10429
3 10583 10596 10430
3 10596 10431 10430
3 10597 10432 10431
3 10596 10597 10431
3 10597 10598 10432
3 10598 10433 10432
3 10599 10434 10433
3 10598 10599 10433
3 10599 10600 10434
3 10600 10435 10434
3 10601 10436 10435
3 10600 10601 10435
3 10601 10437 10436
3 10437 10601 10602
3 10437 10602 10464
3 10438 10446 10603
3 10438 10603 10604
3 10604 10439 10438
3 10604 10605 10439
3 10440 10439 10605
3 10605 10441 10440
3 10605 10606 10441
3 10441 10607 10443
3 10441 10606 10608
3 10441 10608 10607
3 10442 10443 10609
3 10442 10609 10444
3 10610 10609 10443
3 10610 10443 10607
3 10444 10609 10611
3 10444 10611 10445
3 10445 10611 10455
3 10447 10603 10446
3 10448 10612 10447
3 10447 10612 10603
3 10613 10614 10448
3 10613 10448 10449
3 10448 10614 10612
3 10449 10450 10615
3 10449 10615 10613
3 10450 10451 10616
3 10450 10616 10615
3 10451 10465 10617
3 10451 10617 10616
3 10452 10618 10619
3 10452 10619 10454
3 10618 10452 10453
3 10618 10453 10620
3 10456 10620 10453
3 10621 10463 10454
3 10621 10454 10619
3 10622 10455 10611
3 10456 10455 10623
3 10622 10623 10455
3 10456 10623 10620
3 10457 10624 10625
3 10457 10625 10626
3 10457 10626 10458
3 10459 10624 10457
3 10626 10627 10458
3 10565 10458 10627
3 10460 10462 10459
3 10459 10462 10624
3 10462 10463 10628
3 10462 10628 10624
3 10463 10621 10629
3 10463 10629 10628
3 10630 10465 10464
3 10630 10464 10602
3 10630 10617 10465
3 10467 10279 10482
3 10467 10482 10631
3 10631 10468 10467
3 10472 10468 10632
3 10631 10633 10468
3 10632 10468 10633
3 10634 10592 10469
3 10634 10469 10471
3 10471 10470 10635
3 10472 10635 10470
3 10471 10635 10634
3 10632 10636 10472
3 10472 10636 10635
3 10474 10473 10637
3 10483 10637 10473
3 10474 10637 10638
3 10475 10474 10638
3 10639 10477 10476
3 10639 10640 10477
3 10641 10478 10477
3 10641 10477 10640
3 10478 10641 10642
3 10478 10642 10479
3 10643 10480 10479
3 10643 10479 10642
3 10480 10643 10644
3 10480 10644 10481
3 10481 10644 10645
3 10481 10645 10482
3 10475 10639 10476
3 10639 10475 10638
3 10631 10482 10645
3 10484 10637 10483
3 10486 10646 10484
3 10484 10646 10637
3 10487 10647 10485
3 10486 10485 10648
3 10648 10485 10647
3 10648 10649 10486
3 10486 10649 10646
3 10650 10647 10487
3 10650 10487 10488
3 10488 10558 10650
3 10651 10496 10490
3 10651 10490 10652
3 10653 10652 10490
3 10653 10490 10489
3 10653 10489 10492
3 10491 10495 10654
3 10491 10654 10492
3 10653 10492 10654
3 10655 10656 10493
3 10655 10493 10503
3 10494 10493 10656
3 10657 10654 10495
3 10657 10495 10494
3 10494 10656 10658
3 10657 10494 10658
3 10496 10651 10659
3 10496 10659 10497
3 10660 10498 10497
3 10660 10497 10659
3 10498 10660 10661
3 10498 10661 10499
3 10499 10661 10662
3 10499 10662 10500
3 10500 10662 10663
3 10500 10663 10501
3 10664 10502 10501
3 10664 10501 10663
3 10502 10664 10665
3 10502 10665 10510
3 10503 10504 10666
3 10503 10666 10667
3 10503 10667 10655
3 10668 10666 10504
3 10668 10504 10669
3 10511 10669 10504
3 10670 10671 10311
3 10670 10311 10310
3 10671 10321 10311
3 10672 10670 10310
3 10672 10310 10312
3 10673 10672 10312
3 10673 10312 10313
3 10673 10313 10314
3 10673 10314 10674
3 10315 10674 10314
3 10675 10315 10316
3 10675 10316 10676
3 10317 10676 10316
3 10315 10675 10674
3 10317 10677 10676
3 10677 10317 10318
3 10677 10318 10678
3 10319 10678 10318
3 10319 10679 10678
3 10679 10319 10320
3 10679 10320 10680
3 10326 10680 10320
3 10681 10322 10321
3 10671 10681 10321
3 10681 10682 10322
3 10682 10323 10322
3 10683 10325 10323
3 10682 10683 10323
3 10505 10537 10506
3 10537 10505 10684
3 10505 10507 10685
3 10505 10685 10684
3 10507 10325 10686
3 10686 10685 10507
3 10683 10687 10325
3 10687 10686 10325
3 10326 10688 10680
3 10688 10326 10327
3 10688 10327 10508
3 10689 10688 10508
3 10689 10508 10509
3 10690 10689 10509
3 10690 10509 10510
3 10691 10690 10510
3 10691 10510 10665
3 10692 10693 10513
3 10694 10512 10513
3 10694 10513 10693
3 10516 10692 10513
3 10512 10694 10695
3 10512 10695 10696
3 10511 10512 10696
3 10511 10696 10669
3 10514 10697 10698
3 10514 10698 10515
3 10514 10517 10699
3 10514 10699 10697
3 10700 10701 10515
3 10700 10515 10698
3 10516 10515 10701
3 10692 10516 10701
3 10518 10702 10517
3 10699 10517 10702
3 10518 10535 10703
3 10703 10702 10518
3 10519 10520 10704
3 10532 10519 10704
3 10521 10705 10520
3 10705 10704 10520
3 10521 10523 10706
3 10705 10521 10706
3 10707 10523 10522
3 10529 10707 10522
3 10707 10708 10523
3 10708 10706 10523
3 10526 10709 10525
3 10524 10525 10709
3 10524 10709 10710
3 10527 10524 10710
3 10527 10710 10711
3 10527 10712 10528
3 10712 10527 10711
3 10712 10713 10528
3 10528 10713 10529
3 10713 10707 10529
3 10714 10535 10531
3 10532 10714 10531
3 10532 10704 10715
3 10714 10532 10715
3 10143 10716 10530
3 10143 10534 10716
3 10717 10349 10415
3 10718 10536 10349
3 10718 10349 10717
3 10717 10415 10719
3 10719 10415 10414
3 10536 10718 10720
3 10537 10684 10538
3 10538 10684 10721
3 10538 10721 10539
3 10540 10539 10721
3 10540 10721 10722
3 10541 10540 10722
3 10723 10724 10542
3 10723 10542 10541
3 10555 10542 10724
3 10541 10722 10723
3 10554 10372 10543
3 10554 10543 10725
3 10725 10543 10544
3 10725 10544 10726
3 10555 10727 10544
3 10726 10544 10727
3 10545 10728 10729
3 10545 10729 10546
3 10546 10729 10559
3 10728 10545 10547
3 10549 10730 10731
3 10549 10731 10548
3 10549 10550 10732
3 10549 10732 10730
3 10550 10551 10733
3 10550 10733 10732
3 10551 10552 10734
3 10551 10734 10733
3 10552 10553 10735
3 10552 10735 10734
3 10736 10735 10553
3 10736 10553 10554
3 10547 10548 10731
3 10547 10731 10728
3 10725 10736 10554
3 10737 10727 10555
3 10555 10724 10737
3 10738 10557 10556
3 10738 10556 10559
3 10738 10558 10557
3 10650 10558 10739
3 10738 10739 10558
3 10738 10559 10729
3 10560 10740 10566
3 10741 10740 10560
3 10560 10561 10741
3 10741 10561 10742
3 10562 10742 10561
3 10562 10563 10743
3 10562 10743 10744
3 10562 10744 10742
3 10563 10564 10745
3 10563 10745 10743
3 10746 10564 10565
3 10564 10746 10747
3 10564 10747 10745
3 10746 10565 10627
3 10748 10567 10573
3 10567 10748 10568
3 10569 10568 10749
3 10748 10749 10568
3 10569 10750 10571
3 10750 10569 10749
3 10751 10570 10571
3 10578 10570 10751
3 10751 10571 10752
3 10750 10752 10571
3 10753 10572 10412
3 10572 10753 10573
3 10748 10573 10754
3 10753 10754 10573
3 10577 10755 10576
3 10756 10576 10755
3 10577 10578 10757
3 10577 10757 10758
3 10577 10758 10755
3 10757 10578 10751
3 10759 10582 10416
3 10753 10412 10760
3 10566 10760 10412
3 10566 10761 10760
3 10566 10740 10762
3 10566 10762 10761
3 10580 10582 10579
3 10582 10759 10579
3 10584 10763 10583
3 10596 10583 10763
3 10584 10764 10763
3 10585 10764 10584
3 10585 10765 10764
3 10765 10585 10586
3 10765 10586 10766
3 10587 10766 10586
3 10587 10767 10766
3 10767 10587 10588
3 10767 10588 10768
3 10589 10768 10588
3 10589 10769 10768
3 10769 10589 10595
3 10770 10771 10591
3 10590 10770 10591
3 10594 10591 10771
3 10770 10590 10772
3 10590 10593 10772
3 10634 10593 10592
3 10773 10772 10593
3 10634 10773 10593
3 10594 10774 10595
3 10774 10594 10771
3 10769 10595 10775
3 10774 10775 10595
3 10596 10763 10776
3 10597 10596 10776
3 10597 10776 10777
3 10598 10597 10777
3 10598 10777 10778
3 10599 10598 10778
3 10599 10778 10779
3 10600 10599 10779
3 10600 10779 10780
3 10600 10780 10602
3 10600 10602 10601
3 10602 10780 10781
3 10602 10781 10630
3 10604 10603 10782
3 10782 10603 10612
3 10783 10605 10604
3 10604 10782 10783
3 10783 10784 10605
3 10784 10606 10605
3 10784 10785 10606
3 10786 10608 10606
3 10786 10606 10785
3 10607 10608 10787
3 10607 10787 10610
3 10788 10787 10608
3 10788 10608 10786
3 10789 10611 10609
3 10789 10609 10610
3 10610 10787 10790
3 10610 10790 10789
3 10622 10611 10789
3 10782 10612 10791
3 10791 10612 10614
3 10613 10615 10792
3 10613 10792 10793
3 10793 10614 10613
3 10793 10794 10614
3 10791 10614 10794
3 10795 10792 10615
3 10795 10615 10616
3 10796 10795 10616
3 10796 10616 10617
3 10630 10781 10617
3 10797 10796 10617
3 10797 10617 10781
3 10798 10619 10618
3 10799 10798 10618
3 10799 10618 10620
3 10800 10621 10619
3 10798 10800 10619
3 10799 10620 10623
3 10801 10629 10621
3 10801 10621 10802
3 10800 10802 10621
3 10622 10789 10790
3 10622 10790 10803
3 10804 10622 10803
3 10622 10804 10623
3 10799 10623 10804
3 10805 10625 10624
3 10805 10624 10628
3 10626 10625 10806
3 10625 10805 10807
3 10625 10807 10806
3 10626 10806 10808
3 10626 10808 10627
3 10809 10746 10627
3 10809 10627 10808
3 10805 10628 10629
3 10805 10629 10801
3 10631 10645 10810
3 10810 10633 10631
3 10632 10811 10636
3 10632 10633 10812
3 10812 10811 10632
3 10810 10813 10633
3 10812 10633 10813
3 10634 10635 10814
3 10634 10814 10773
3 10815 10814 10635
3 10815 10635 10636
3 10636 10811 10816
3 10636 10816 10815
3 10646 10638 10637
3 10646 10817 10638
3 10818 10640 10639
3 10818 10819 10640
3 10641 10640 10819
3 10641 10819 10820
3 10641 10820 10821
3 10641 10821 10642
3 10822 10643 10642
3 10822 10642 10821
3 10643 10822 10823
3 10643 10823 10644
3 10824 10645 10644
3 10824 10644 10823
3 10810 10645 10824
3 10818 10639 10638
3 10818 10638 10817
3 10817 10646 10649
3 10648 10647 10825
3 10826 10825 10647
3 10826 10647 10650
3 10825 10827 10648
3 10648 10827 10649
3 10828 10829 10649
3 10828 10649 10827
3 10817 10649 10829
3 10650 10739 10826
3 10830 10659 10651
3 10830 10651 10831
3 10832 10831 10651
3 10832 10651 10652
3 10833 10834 10652
3 10833 10652 10653
3 10834 10832 10652
3 10835 10833 10653
3 10835 10653 10654
3 10836 10835 10654
3 10836 10654 10657
3 10837 10656 10655
3 10838 10837 10655
3 10838 10655 10667
3 10837 10839 10656
3 10658 10656 10839
3 10657 10658 10840
3 10836 10657 10840
3 10841 10840 10658
3 10658 10839 10841
3 10842 10660 10659
3 10842 10659 10830
3 10843 10661 10660
3 10843 10660 10842
3 10844 10662 10661
3 10844 10661 10843
3 10845 10663 10662
3 10845 10662 10844
3 10846 10664 10663
3 10846 10663 10845
3 10847 10665 10664
3 10847 10664 10846
3 10848 10691 10665
3 10848 10665 10847
3 10695 10667 10666
3 10695 10666 10668
3 10849 10667 10695
3 10850 10838 10667
3 10850 10667 10849
3 10669 10695 10668
3 10669 10696 10695
3 10670 10672 10851
3 10670 10851 10852
3 10671 10670 10852
3 10671 10852 10853
3 10681 10671 10853
3 10854 10851 10672
3 10854 10672 10673
3 10854 10673 10674
3 10854 10674 10855
3 10675 10855 10674
3 10675 10856 10855
3 10856 10675 10676
3 10856 10676 10857
3 10677 10857 10676
3 10677 10858 10857
3 10858 10677 10678
3 10858 10678 10859
3 10679 10859 10678
3 10679 10860 10859
3 10860 10679 10680
3 10860 10680 10861
3 10688 10861 10680
3 10681 10853 10862
3 10682 10681 10862
3 10682 10862 10863
3 10683 10682 10863
3 10683 10863 10864
3 10687 10683 10864
3 10721 10684 10685
3 10686 10865 10685
3 10721 10685 10866
3 10866 10685 10865
3 10867 10865 10686
3 10687 10867 10686
3 10687 10864 10868
3 10867 10687 10868
3 10688 10689 10861
3 10689 10690 10869
3 10689 10869 10861
3 10690 10691 10870
3 10690 10870 10869
3 10691 10848 10871
3 10691 10871 10870
3 10872 10873 10693
3 10872 10693 10874
3 10692 10874 10693
3 10694 10693 10873
3 10874 10692 10875
3 10692 10701 10875
3 10694 10873 10849
3 10849 10695 10694
3 10699 10702 10876
3 10876 10877 10699
3 10697 10699 10877
3 10697 10878 10879
3 10697 10879 10698
3 10697 10877 10878
3 10880 10700 10698
3 10880 10698 10879
3 10700 10880 10881
3 10700 10881 10882
3 10701 10700 10882
3 10701 10882 10875
3 10703 10883 10702
3 10876 10702 10883
3 10884 10715 10704
3 10705 10884 10704
3 10705 10706 10885
3 10884 10705 10885
3 10886 10885 10706
3 10708 10886 10706
3 10713 10887 10707
3 10708 10707 10887
3 10708 10887 10888
3 10886 10708 10888
3 10712 10711 10889
3 10890 10889 10711
3 10712 10891 10713
3 10891 10712 10889
3 10887 10713 10891
3 10714 10715 10892
3 10535 10714 10892
3 10884 10893 10715
3 10893 10892 10715
3 10894 10536 10720
3 10535 10892 10895
3 10703 10535 10895
3 10703 10895 10896
3 10703 10896 10897
3 10703 10897 10883
3 10718 10717 10720
3 10717 10894 10720
3 10866 10722 10721
3 10898 10723 10722
3 10866 10898 10722
3 10899 10724 10723
3 10737 10724 10899
3 10899 10723 10900
3 10898 10900 10723
3 10726 10901 10725
3 10725 10901 10736
3 10726 10902 10901
3 10903 10902 10726
3 10726 10727 10903
3 10737 10904 10727
3 10903 10727 10904
3 10728 10905 10906
3 10728 10906 10729
3 10738 10729 10906
3 10907 10731 10730
3 10907 10730 10908
3 10908 10730 10732
3 10908 10732 10909
3 10910 10909 10732
3 10910 10732 10733
3 10911 10910 10733
3 10911 10733 10734
3 10912 10911 10734
3 10912 10734 10735
3 10913 10912 10735
3 10913 10735 10736
3 10913 10736 10901
3 10907 10728 10731
3 10907 10905 10728
3 10914 10904 10737
3 10737 10899 10914
3 10906 10739 10738
3 10826 10739 10915
3 10906 10915 10739
3 10741 10916 10740
3 10917 10916 10741
3 10741 10742 10917
3 10917 10742 10918
3 10918 10742 10744
3 10919 10743 10920
3 10919 10744 10743
3 10745 10920 10743
3 10918 10744 10921
3 10919 10921 10744
3 10745 10747 10922
3 10745 10922 10923
3 10745 10923 10920
3 10746 10809 10924
3 10746 10924 10747
3 10925 10922 10747
3 10925 10747 10924
3 10916 10762 10740
3 10926 10748 10754
3 10748 10926 10749
3 10926 10927 10749
3 10750 10749 10927
3 10750 10928 10752
3 10928 10750 10927
3 10757 10751 10929
3 10929 10751 10752
3 10929 10752 10930
3 10930 10752 10928
3 10931 10753 10760
3 10753 10931 10754
3 10926 10754 10932
3 10931 10932 10754
3 10404 10574 10933
3 10575 10933 10574
3 10575 10934 10933
3 10934 10575 10576
3 10404 10933 10935
3 10405 10404 10935
3 10405 10935 10936
3 10409 10405 10936
3 10758 10756 10755
3 10934 10576 10937
3 10576 10756 10938
3 10576 10938 10937
3 10758 10939 10756
3 10756 10939 10940
3 10756 10940 10938
3 10757 10929 10941
3 10757 10941 10758
3 10939 10758 10941
3 10410 10942 10943
3 10410 10943 10416
3 10942 10410 10411
3 10942 10411 10944
3 10945 10944 10411
3 10945 10411 10409
3 10409 10936 10945
3 10946 10759 10416
3 10946 10416 10943
3 10759 10946 10947
3 10759 10947 10579
3 10931 10760 10948
3 10761 10948 10760
3 10916 10949 10762
3 10950 10951 10762
3 10950 10762 10949
3 10761 10762 10951
3 10761 10952 10948
3 10761 10951 10952
3 10581 10953 10414
3 10414 10953 10719
3 10581 10579 10947
3 10954 10776 10763
3 10954 10763 10764
3 10954 10764 10955
3 10765 10955 10764
3 10765 10956 10955
3 10956 10765 10766
3 10956 10766 10957
3 10767 10957 10766
3 10767 10958 10957
3 10958 10767 10768
3 10958 10768 10959
3 10769 10959 10768
3 10769 10960 10959
3 10960 10769 10775
3 10770 10961 10771
3 10770 10772 10962
3 10961 10770 10962
3 10961 10963 10771
3 10774 10771 10963
3 10964 10962 10772
3 10773 10964 10772
3 10964 10773 10814
3 10774 10965 10775
3 10965 10774 10963
3 10960 10775 10966
3 10965 10966 10775
3 10954 10967 10776
3 10967 10777 10776
3 10968 10778 10777
3 10967 10968 10777
3 10968 10969 10778
3 10779 10778 10969
3 10779 10969 10970
3 10779 10970 10971
3 10779 10971 10780
3 10971 10781 10780
3 10971 10797 10781
3 10972 10783 10782
3 10972 10782 10973
3 10791 10973 10782
3 10783 10972 10974
3 10783 10974 10784
3 10974 10785 10784
3 10974 10975 10785
3 10785 10975 10976
3 10785 10976 10786
3 10788 10786 10976
3 10790 10787 10788
3 10790 10788 10977
3 10977 10788 10978
3 10788 10976 10978
3 10977 10803 10790
3 10794 10979 10791
3 10791 10979 10973
3 10793 10792 10980
3 10792 10795 10981
3 10792 10981 10980
3 10793 10980 10982
3 10793 10982 10983
3 10793 10983 10794
3 10794 10983 10979
3 10795 10796 10984
3 10795 10984 10981
3 10796 10797 10985
3 10796 10985 10984
3 10797 10971 10986
3 10797 10986 10985
3 10798 10799 10987
3 10798 10987 10988
3 10800 10798 10988
3 10799 10804 10989
3 10799 10989 10987
3 10802 10800 10990
3 10800 10988 10990
3 10805 10801 10991
3 10801 10802 10992
3 10801 10992 10991
3 10802 10990 10992
3 10977 10993 10803
3 10804 10803 10989
3 10993 10989 10803
3 10805 10991 10807
3 10809 10808 10806
3 10809 10806 10994
3 10807 10994 10806
3 10995 10807 10991
3 10807 10995 10994
3 10994 10924 10809
3 10810 10824 10996
3 10996 10813 10810
3 10812 10997 10811
3 10998 10816 10811
3 10998 10811 10997
3 10812 10813 10999
3 10999 10997 10812
3 10996 11000 10813
3 10999 10813 11000
3 10964 10814 11001
3 10815 11001 10814
3 10815 10816 11002
3 10815 11002 11001
3 10817 10829 11003
3 11004 10819 10818
3 11004 11005 10819
3 10820 10819 11005
3 11006 10822 10821
3 11006 10821 11007
3 11008 11007 10821
3 11008 10821 10820
3 10820 11005 11008
3 10822 11006 11009
3 10822 11009 10823
3 10823 11009 11010
3 10823 11010 10824
3 10996 10824 11010
3 10818 11003 11004
3 11003 10818 10817
3 10825 11011 10827
3 11012 11011 10825
3 11012 10825 10826
3 10826 10915 11012
3 10827 11011 11013
3 10827 11013 10828
3 10830 11014 11015
3 10830 11015 10842
3 10831 11014 10830
3 10832 11016 11014
3 10832 11014 10831
3 11017 11016 10832
3 11017 10832 11018
3 10834 11018 10832
3 10833 10835 11019
3 10833 11019 10834
3 10834 11019 11020
3 10834 11020 11018
3 10835 10836 11021
3 10835 11021 11019
3 10836 10840 11021
3 10837 10838 11022
3 10837 11022 11023
3 10839 10837 11023
3 10838 10850 11024
3 10838 11024 11022
3 10839 11023 11025
3 10841 10839 11025
3 11021 10840 11026
3 10841 11027 10840
3 11027 11026 10840
3 10841 11025 11027
3 10842 11015 11028
3 10842 11028 10843
3 10843 11028 11029
3 10843 11029 10844
3 10844 11029 11030
3 10844 11030 10845
3 10845 11030 11031
3 10845 11031 10846
3 10846 11031 11032
3 10846 11032 10847
3 11033 10848 10847
3 11033 10847 11032
3 10848 11033 11034
3 10848 11034 10871
3 11035 10850 10849
3 11035 10849 10873
3 10850 11035 11036
3 10850 11036 11024
3 11037 11038 10851
3 11037 10851 10854
3 11038 10852 10851
3 11039 10853 10852
3 11038 11039 10852
3 11039 11040 10853
3 11040 10862 10853
3 11037 10854 10855
3 11037 10855 11041
3 10856 11041 10855
3 11042 10856 10857
3 10856 11042 11041
3 11042 10857 11043
3 10858 11043 10857
3 11044 10858 10859
3 10858 11044 11043
3 11044 10859 11045
3 10860 11045 10859
3 11046 10860 10861
3 10860 11046 11045
3 11046 10861 10869
3 11047 10863 10862
3 11040 11047 10862
3 11047 11048 10863
3 11048 10864 10863
3 11049 10868 10864
3 11048 11049 10864
3 11050 11051 10865
3 10867 11050 10865
3 10866 10865 11051
3 11051 10898 10866
3 10867 10868 11052
3 11050 10867 11052
3 11049 11053 10868
3 11053 11052 10868
3 11054 11046 10869
3 11054 10869 10870
3 11055 11054 10870
3 11055 10870 10871
3 11055 10871 11034
3 10874 11056 10872
3 11057 10873 10872
3 11058 11057 10872
3 11058 10872 11056
3 11057 11035 10873
3 10874 10875 11059
3 10874 11059 11056
3 11060 11059 10875
3 11060 10875 10882
3 11061 10877 11062
3 10876 11062 10877
3 10878 10877 11061
3 10876 10883 11063
3 11063 11062 10876
3 11064 10879 11065
3 10878 11065 10879
3 11064 10880 10879
3 10878 11066 11065
3 10878 11061 11066
3 11067 10881 10880
3 11067 10880 11068
3 11064 11068 10880
3 11069 11060 10882
3 11069 10882 10881
3 11070 11069 10881
3 11070 10881 11067
3 11063 10883 10897
3 10884 10885 11071
3 10893 10884 11071
3 11072 11071 10885
3 10886 11072 10885
3 10886 10888 11073
3 11072 10886 11073
3 11074 10888 10887
3 10887 10891 11074
3 11074 11075 10888
3 11073 10888 11075
3 10526 11076 10709
3 10710 10709 11076
3 10710 11076 11077
3 10711 10710 11077
3 11078 10526 10530
3 10526 11078 11076
3 10891 10889 11079
3 10889 10890 11080
3 10889 11080 11079
3 10711 11077 11081
3 11082 10890 10711
3 11082 10711 11081
3 10890 11082 11083
3 10890 11083 11080
3 11084 11074 10891
3 11084 10891 11079
3 11078 10530 11085
3 10716 11085 10530
3 11086 10895 10892
3 10893 11086 10892
3 10893 11071 11087
3 11086 10893 11087
3 10533 10536 11088
3 10533 11088 11089
3 10534 10533 11089
3 10534 11089 11090
3 10534 11090 11091
3 10534 11091 10716
3 10716 11091 11085
3 10536 10894 11092
3 10536 11092 11088
3 10894 10717 11093
3 10894 11093 11092
3 11086 11094 10895
3 11094 10896 10895
3 11063 10897 11095
3 11096 11095 10897
3 11096 10897 11097
3 11097 10897 10896
3 11097 10896 11098
3 11094 11098 10896
3 10719 11093 10717
3 10900 10898 11099
3 11051 11099 10898
3 10899 10900 11100
3 10899 11100 11101
3 10914 10899 11101
3 10900 11099 11100
3 10913 10901 11102
3 11102 10901 10902
3 11102 10902 11103
3 10903 11104 10902
3 11103 10902 11104
3 11105 11104 10903
3 10903 10904 11105
3 10914 11106 10904
3 11105 10904 11106
3 10905 11107 10915
3 10905 10915 10906
3 11107 10905 11108
3 10908 11109 11110
3 10908 11110 10907
3 10909 11109 10908
3 10910 10911 11111
3 10910 11111 11112
3 10910 11112 11113
3 10910 11113 10909
3 10909 11113 11109
3 10911 10912 11114
3 10911 11114 11111
3 11115 11114 10912
3 11115 10912 10913
3 11102 11115 10913
3 10907 11110 11108
3 10905 10907 11108
3 10914 11116 11106
3 10914 11101 11116
3 11117 11012 10915
3 11117 10915 11107
3 10917 11118 10916
3 11119 11118 10917
3 10917 10918 11119
3 11119 10918 11120
3 10921 11120 10918
3 10919 11121 11122
3 10919 11122 11123
3 10919 10920 11121
3 10919 11123 11124
3 10919 11124 10921
3 11125 11121 10920
3 11125 10920 11126
3 10923 11126 10920
3 10921 11124 11120
3 10925 11127 10922
3 11128 10923 10922
3 11128 10922 11127
3 10923 11128 11126
3 10994 11129 10924
3 10925 10924 11129
3 10925 11129 11130
3 11130 11131 10925
3 10925 11131 11127
3 11118 10949 10916
3 11132 10926 10932
3 10926 11132 10927
3 11132 11133 10927
3 10928 10927 11133
3 10930 10928 11134
3 11135 11134 10928
3 11135 10928 11133
3 10929 10930 11136
3 10929 11136 10941
3 10930 11134 11137
3 10930 11137 11136
3 11138 10931 10948
3 10931 11138 10932
3 11132 10932 11139
3 11138 11139 10932
3 10935 10933 11140
3 10934 11140 10933
3 10934 11141 11140
3 11141 10934 10937
3 11141 10937 11142
3 11143 11142 10937
3 11143 10937 10938
3 10938 10940 11144
3 10938 11144 11143
3 10940 10939 11145
3 10939 10941 11145
3 10940 11145 11146
3 11144 10940 11146
3 11145 10941 11136
3 11147 10946 10943
3 10946 11147 10947
3 11138 10948 11148
3 10952 11148 10948
3 11118 11149 10949
3 10949 11149 11150
3 10949 11150 10950
3 10950 11150 11151
3 10950 11151 11152
3 11152 10951 10950
3 11152 11153 10951
3 10952 10951 11153
3 10952 11154 11148
3 10952 11153 11154
3 10955 11155 10954
3 10967 10954 11155
3 10955 11156 11155
3 10956 11156 10955
3 10956 11157 11156
3 11157 10956 10957
3 11157 10957 11158
3 10958 11158 10957
3 10958 11159 11158
3 11159 10958 10959
3 11159 10959 11160
3 10960 11160 10959
3 10960 11161 11160
3 11161 10960 10966
3 10961 10962 11162
3 10961 11163 10963
3 11163 10961 11162
3 11164 11162 10962
3 10964 11164 10962
3 11163 11165 10963
3 10965 10963 11165
3 11001 11164 10964
3 10965 11166 10966
3 11166 10965 11165
3 11161 10966 11167
3 11166 11167 10966
3 10967 11155 11168
3 10968 10967 11168
3 10968 11168 11169
3 10969 10968 11169
3 10969 11169 11170
3 11171 10970 10969
3 11171 10969 11170
3 10970 10986 10971
3 10970 11171 10986
3 11172 10972 10973
3 10972 11172 11173
3 10972 11173 10974
3 11172 10973 11174
3 11174 10973 10979
3 11175 10974 11173
3 11175 10975 10974
3 11175 11176 10975
3 11176 11177 10975
3 11178 10976 10975
3 11178 10975 11177
3 11178 10978 10976
3 11179 10978 11180
3 10977 10978 11179
3 11178 11180 10978
3 11179 10993 10977
3 11174 10979 11181
3 11181 10979 10983
3 11182 11183 10980
3 11182 10980 10981
3 10982 10980 11183
3 11184 11182 10981
3 11184 10981 10984
3 10982 11183 11185
3 10982 11185 11186
3 10982 11186 10983
3 11181 10983 11186
3 11187 11184 10984
3 11187 10984 10985
3 11188 11187 10985
3 11188 10985 10986
3 11189 11188 10986
3 11189 10986 11171
3 11190 10988 10987
3 10988 11190 11191
3 10988 11191 10990
3 11190 10987 11192
3 11193 11192 10987
3 11193 10987 10989
3 10993 11193 10989
3 11194 10992 10990
3 11194 10990 11191
3 10995 10991 11195
3 10992 11195 10991
3 10992 11194 11195
3 11179 11196 10993
3 11193 10993 11196
3 10995 11129 10994
3 10995 11195 11197
3 10995 11197 11198
3 10995 11198 11129
3 10996 11010 11199
3 11199 11000 10996
3 10999 11200 10997
3 10997 11200 11201
3 10997 11201 10998
3 10999 11000 11202
3 11202 11200 10999
3 11199 11203 11000
3 11202 11000 11203
3 11001 11002 11164
3 10816 11164 11002
3 10828 11003 10829
3 10828 11204 11003
3 11205 11005 11004
3 11205 11206 11005
3 11008 11005 11206
3 11006 11007 11207
3 11006 11207 11208
3 11208 11009 11006
3 11209 11207 11007
3 11209 11007 11008
3 11008 11206 11209
3 11208 11210 11009
3 11211 11010 11009
3 11211 11009 11210
3 11199 11010 11211
3 11003 11205 11004
3 11003 11212 11205
3 11212 11003 11204
3 11013 11011 11012
3 11013 11012 11117
3 11214 11015 11014
3 11214 11014 11213
3 11215 11028 11015
3 11215 11015 11214
3 11213 11014 11016
3 11213 11016 11216
3 11217 11216 11016
3 11217 11016 11017
3 11018 11218 11017
3 11017 11218 11219
3 11017 11219 11217
3 11018 11020 11218
3 11220 11020 11019
3 11220 11019 11021
3 11221 11218 11020
3 11221 11020 11220
3 11021 11026 11220
3 11024 11222 11022
3 11223 11023 11022
3 11223 11022 11222
3 11023 11223 11224
3 11023 11224 11025
3 11024 11225 11222
3 11024 11036 11226
3 11024 11226 11225
3 11027 11025 11224
3 11221 11220 11026
3 11221 11026 11227
3 11228 11227 11026
3 11027 11228 11026
3 11027 11224 11228
3 11229 11029 11028
3 11229 11028 11215
3 11229 11030 11029
3 11230 11031 11030
3 11230 11030 11231
3 11229 11231 11030
3 11232 11032 11031
3 11232 11031 11230
3 11233 11033 11032
3 11233 11032 11232
3 11033 11233 11234
3 11033 11234 11034
3 11055 11034 11235
3 11236 11235 11034
3 11236 11034 11234
3 11057 11036 11035
3 11057 11226 11036
3 11237 11037 11041
3 11237 11038 11037
3 11237 11238 11038
3 11039 11038 11238
3 11039 11238 11239
3 11040 11039 11239
3 11040 11239 11240
3 11047 11040 11240
3 11237 11041 11241
3 11042 11241 11041
3 11242 11042 11043
3 11042 11242 11241
3 11242 11043 11243
3 11044 11243 11043
3 11244 11044 11045
3 11044 11244 11243
3 11244 11045 11245
3 11054 11245 11045
3 11054 11045 11046
3 11047 11240 11246
3 11048 11047 11246
3 11048 11246 11247
3 11049 11048 11247
3 11049 11247 11248
3 11053 11049 11248
3 11249 11050 11250
3 11050 11249 11051
3 11050 11052 11250
3 11249 11099 11051
3 11251 11250 11052
3 11053 11251 11052
3 11053 11248 11252
3 11251 11053 11252
3 11235 11245 11054
3 11235 11054 11055
3 11060 11253 11056
3 11060 11056 11059
3 11253 11058 11056
3 11057 11058 11254
3 11057 11254 11226
3 11255 11254 11058
3 11253 11255 11058
3 11069 11253 11060
3 11061 11062 11256
3 11256 11120 11061
3 11066 11061 11120
3 11256 11062 11257
3 11063 11257 11062
3 11064 11065 11258
3 11064 11258 11259
3 11064 11259 11260
3 11068 11064 11260
3 11122 11258 11065
3 11122 11065 11123
3 11124 11123 11065
3 11124 11065 11066
3 11066 11120 11124
3 11070 11067 11261
3 11067 11068 11262
3 11067 11262 11261
3 11068 11260 11262
3 11069 11263 11253
3 11070 11263 11069
3 11070 11261 11264
3 11264 11265 11070
3 11070 11265 11263
3 11095 11257 11063
3 11266 11087 11071
3 11072 11266 11071
3 11266 11072 11267
3 11072 11073 11267
3 11073 11268 11269
3 11073 11269 11267
3 11073 11075 11268
3 11074 11084 11270
3 11074 11270 11075
3 11271 11268 11075
3 11271 11075 11270
3 11272 11076 11078
3 11272 11077 11076
3 11273 11081 11077
3 11272 11273 11077
3 11084 11079 11080
3 11083 11274 11080
3 11084 11080 11274
3 11273 11275 11081
3 11276 11082 11081
3 11276 11081 11275
3 11277 11083 11082
3 11277 11082 11276
3 11083 11278 11274
3 11278 11083 11277
3 11274 11270 11084
3 11086 11087 11279
3 11094 11086 11279
3 11266 11280 11087
3 11280 11279 11087
3 11281 11088 11092
3 11093 11281 11092
3 11094 11279 11282
3 11098 11094 11282
3 11095 11283 11257
3 11284 11283 11095
3 11284 11095 11096
3 11097 11285 11286
3 11097 11286 11096
3 11098 11285 11097
3 11096 11286 11287
3 11096 11287 11284
3 11098 11282 11288
3 11098 11288 11285
3 11249 11289 11099
3 11289 11100 11099
3 11101 11100 11290
3 11289 11290 11100
3 11101 11290 11116
3 11103 11291 11102
3 11102 11291 11115
3 11103 11292 11291
3 11293 11292 11103
3 11103 11104 11293
3 11105 11294 11104
3 11293 11104 11294
3 11295 11294 11105
3 11105 11106 11295
3 11117 11107 11108
3 11117 11108 11296
3 11297 11110 11109
3 11297 11109 11298
3 11298 11109 11113
3 11299 11112 11111
3 11300 11113 11112
3 11300 11112 11299
3 11299 11111 11301
3 11301 11111 11114
3 11298 11113 11300
3 11301 11114 11302
3 11303 11302 11114
3 11303 11114 11115
3 11303 11115 11291
3 11297 11108 11110
3 11297 11304 11108
3 11304 11296 11108
3 11116 11290 11106
3 11119 11305 11118
3 11306 11305 11119
3 11119 11120 11306
3 11256 11306 11120
3 11121 11125 11307
3 11121 11307 11122
3 11258 11122 11307
3 11125 11308 11309
3 11125 11309 11307
3 11308 11125 11126
3 11308 11126 11310
3 11128 11310 11126
3 11311 11312 11127
3 11311 11127 11131
3 11313 11128 11127
3 11313 11127 11312
3 11128 11313 11310
3 11198 11130 11129
3 11311 11131 11314
3 11130 11314 11131
3 11315 11314 11130
3 11198 11315 11130
3 11305 11149 11118
3 11316 11132 11139
3 11132 11316 11133
3 11317 11135 11133
3 11317 11133 11316
3 11134 11135 11318
3 11134 11318 11137
3 11135 11317 11319
3 11135 11319 11318
3 11145 11136 11320
3 11320 11136 11137
3 11320 11137 11321
3 11322 11321 11137
3 11322 11137 11318
3 11323 11138 11148
3 11138 11323 11139
3 11316 11139 11324
3 11323 11324 11139
3 11325 11143 11144
3 11325 11144 11326
3 11144 11146 11326
3 11146 11145 11320
3 11146 11320 11327
3 11326 11146 11327
3 10581 11328 10953
3 11305 11329 11149
3 11330 11150 11149
3 11330 11149 11329
3 11331 11151 11150
3 11331 11150 11330
3 10953 11328 10719
3 11155 11156 11332
3 11155 11332 11333
3 11333 11168 11155
3 11157 11332 11156
3 11157 11334 11332
3 11334 11157 11158
3 11334 11158 11335
3 11159 11335 11158
3 11159 11336 11335
3 11336 11159 11160
3 11336 11160 11337
3 11161 11337 11160
3 11161 11338 11337
3 11338 11161 11167
3 11164 10816 11162
3 11163 11162 11339
3 10816 11339 11162
3 11163 11340 11165
3 11340 11163 11339
3 11340 11341 11165
3 11166 11165 11341
3 11166 11342 11167
3 11342 11166 11341
3 11338 11167 11343
3 11342 11343 11167
3 11333 11344 11168
3 11344 11169 11168
3 11345 11170 11169
3 11345 11169 11346
3 11344 11346 11169
3 11345 11347 11170
3 11171 11170 11347
3 11171 11347 11189
3 11348 11175 11173
3 11172 11348 11173
3 11349 11172 11174
3 11172 11349 11348
3 11349 11174 11350
3 11181 11350 11174
3 11175 11348 11351
3 11175 11351 11176
3 11176 11351 11352
3 11176 11352 11353
3 11176 11353 11177
3 11353 11354 11177
3 11180 11178 11177
3 11180 11177 11354
3 11355 11180 11354
3 11179 11180 11355
3 11355 11196 11179
3 11186 11356 11181
3 11181 11356 11350
3 11182 11184 11357
3 11182 11357 11358
3 11183 11182 11358
3 11183 11358 11359
3 11185 11183 11359
3 11184 11187 11360
3 11184 11360 11357
3 11185 11359 11361
3 11185 11361 11362
3 11185 11362 11186
3 11186 11362 11356
3 11188 11360 11187
3 11189 11363 11188
3 11188 11363 11360
3 11189 11347 11363
3 11364 11194 11191
3 11364 11191 11365
3 11190 11365 11191
3 11366 11190 11192
3 11190 11366 11365
3 11366 11192 11367
3 11192 11193 11368
3 11192 11368 11367
3 11193 11196 11368
3 11364 11195 11194
3 11364 11197 11195
3 11369 11196 11370
3 11355 11370 11196
3 11369 11368 11196
3 11315 11198 11197
3 11315 11197 11364
3 11199 11211 11371
3 11371 11203 11199
3 11202 11372 11200
3 11373 11201 11200
3 11373 11200 11372
3 11202 11203 11374
3 11374 11372 11202
3 11371 11375 11203
3 11374 11203 11375
3 10816 10998 11339
3 10998 11201 11376
3 10998 11376 11339
3 11201 11373 11377
3 11201 11377 11376
3 10828 11013 11378
3 10828 11378 11204
3 11379 11206 11205
3 11379 11380 11206
3 11209 11206 11380
3 11208 11207 11381
3 11382 11381 11207
3 11382 11207 11209
3 11208 11381 11383
3 11383 11210 11208
3 11209 11380 11382
3 11383 11384 11210
3 11210 11384 11385
3 11210 11385 11211
3 11211 11385 11386
3 11371 11211 11386
3 11212 11379 11205
3 11212 11378 11379
3 11378 11212 11204
3 11117 11378 11013
3 11117 11296 11378
3 11214 11213 11387
3 11214 11387 11388
3 11215 11214 11388
3 11215 11388 11389
3 11229 11215 11389
3 11216 11387 11213
3 11216 11390 11387
3 11391 11390 11216
3 11391 11216 11217
3 11391 11217 11219
3 11219 11218 11221
3 11219 11221 11392
3 11392 11393 11219
3 11391 11219 11393
3 11392 11221 11227
3 11225 11394 11222
3 11395 11223 11222
3 11395 11222 11394
3 11223 11395 11396
3 11223 11396 11224
3 11397 11228 11224
3 11397 11224 11396
3 11398 11225 11226
3 11398 11226 11254
3 11225 11398 11394
3 11392 11227 11399
3 11228 11397 11227
3 11397 11399 11227
3 11229 11389 11400
3 11231 11229 11400
3 11230 11231 11401
3 11230 11401 11402
3 11230 11402 11403
3 11230 11403 11232
3 11231 11400 11401
3 11404 11233 11232
3 11404 11232 11403
3 11233 11404 11405
3 11233 11405 11234
3 11406 11236 11234
3 11406 11234 11405
3 11235 11236 11407
3 11235 11407 11245
3 11236 11406 11408
3 11236 11408 11407
3 11409 11237 11241
3 11409 11238 11237
3 11409 11410 11238
3 11410 11239 11238
3 11411 11240 11239
3 11410 11411 11239
3 11411 11412 11240
3 11412 11246 11240
3 11409 11241 11413
3 11242 11413 11241
3 11414 11242 11243
3 11242 11414 11413
3 11414 11243 11415
3 11415 11243 11244
3 11415 11244 11416
3 11407 11416 11244
3 11407 11244 11245
3 11417 11247 11246
3 11412 11417 11246
3 11417 11418 11247
3 11418 11248 11247
3 11419 11252 11248
3 11418 11419 11248
3 11249 11250 11420
3 11289 11249 11420
3 11421 11420 11250
3 11251 11421 11250
3 11251 11252 11422
3 11421 11251 11422
3 11419 11423 11252
3 11423 11422 11252
3 11255 11253 11263
3 11255 11424 11254
3 11424 11398 11254
3 11255 11263 11425
3 11255 11425 11426
3 11255 11426 11424
3 11256 11257 11427
3 11427 11306 11256
3 11258 11307 11259
3 11428 11260 11259
3 11309 11428 11259
3 11309 11259 11307
3 11428 11429 11260
3 11429 11262 11260
3 11430 11264 11261
3 11430 11261 11431
3 11432 11431 11261
3 11432 11261 11262
3 11429 11432 11262
3 11265 11425 11263
3 11430 11433 11264
3 11264 11433 11265
3 11265 11434 11425
3 11434 11265 11433
3 11427 11257 11283
3 11266 11267 11435
3 11280 11266 11435
3 11436 11435 11267
3 11436 11267 11269
3 11268 11271 11437
3 11268 11437 11269
3 11438 11436 11269
3 11438 11269 11437
3 11274 11439 11270
3 11271 11270 11439
3 11271 11439 11440
3 11271 11440 11441
3 11271 11441 11437
3 11439 11274 11278
3 11442 11276 11275
3 11443 11277 11276
3 11443 11276 11442
3 11278 11277 11444
3 11443 11444 11277
3 11439 11278 11445
3 11444 11445 11278
3 11446 11282 11279
3 11280 11446 11279
3 11280 11435 11447
3 11446 11280 11447
3 11427 11283 11448
3 11449 11448 11283
3 11449 11283 11284
3 11284 11287 11450
3 11284 11450 11449
3 11289 11420 11451
3 11290 11289 11451
3 11290 11451 11106
3 11303 11291 11452
3 11452 11291 11292
3 11452 11292 11453
3 11453 11292 11454
3 11293 11454 11292
3 11455 11454 11293
3 11293 11294 11455
3 11295 11456 11294
3 11455 11294 11456
3 11298 11379 11297
3 11298 11380 11379
3 11300 11380 11298
3 11301 11381 11299
3 11299 11381 11382
3 11299 11382 11300
3 11300 11382 11380
3 11302 11383 11301
3 11301 11383 11381
3 11302 11384 11383
3 11385 11384 11302
3 11385 11302 11303
3 11303 11386 11385
3 11452 11386 11303
3 11304 11297 11379
3 11304 11379 11378
3 11296 11304 11378
3 11457 11295 11106
3 11457 11106 11451
3 11295 11457 11458
3 11295 11458 11456
3 11306 11459 11305
3 11427 11459 11306
3 11308 11460 11461
3 11308 11461 11309
3 11460 11308 11310
3 11428 11309 11461
3 11460 11310 11462
3 11313 11462 11310
3 11463 11464 11311
3 11312 11311 11464
3 11311 11314 11463
3 11312 11464 11465
3 11313 11312 11465
3 11313 11465 11466
3 11313 11466 11462
3 11315 11467 11314
3 11467 11463 11314
3 11467 11315 11364
3 11459 11329 11305
3 11317 11316 11324
3 11468 11319 11317
3 11317 11324 11468
3 11469 11322 11318
3 11469 11318 11319
3 11468 11470 11319
3 11469 11319 11470
3 11321 11327 11320
3 11321 11322 11471
3 11321 11471 11472
3 11321 11472 11327
3 11322 11469 11473
3 11322 11473 11471
3 11323 11468 11324
3 11474 11142 11143
3 11143 11325 11475
3 11143 11475 11474
3 11475 11325 11476
3 11325 11326 11476
3 11326 11327 11477
3 11476 11326 11477
3 11478 11477 11327
3 11478 11327 11472
3 11479 11480 10943
3 11147 10943 11480
3 11147 11480 11481
3 11147 11481 10947
3 11459 11482 11329
3 11329 11482 11483
3 11329 11483 11330
3 11330 11483 11484
3 11330 11484 11331
3 11333 11332 11485
3 11486 11485 11332
3 11486 11332 11334
3 11333 11485 11487
3 11487 11344 11333
3 11486 11334 11335
3 11486 11335 11488
3 11336 11488 11335
3 11336 11489 11488
3 11489 11336 11337
3 11489 11337 11490
3 11338 11490 11337
3 11338 11491 11490
3 11491 11338 11343
3 11340 11339 11376
3 11340 11492 11341
3 11492 11340 11376
3 11492 11493 11341
3 11342 11341 11493
3 11342 11494 11343
3 11494 11342 11493
3 11491 11343 11495
3 11494 11495 11343
3 11487 11496 11344
3 11346 11344 11496
3 11345 11346 11497
3 11345 11497 11498
3 11345 11499 11347
3 11499 11345 11498
3 11346 11496 11497
3 11500 11363 11347
3 11500 11347 11499
3 11348 11501 11502
3 11348 11502 11351
3 11349 11501 11348
3 11503 11349 11350
3 11349 11503 11501
3 11503 11350 11504
3 11504 11350 11356
3 11505 11352 11351
3 11505 11351 11502
3 11352 11505 11506
3 11352 11506 11507
3 11353 11352 11507
3 11353 11507 11508
3 11353 11508 11354
3 11509 11370 11354
3 11355 11354 11370
3 11509 11354 11508
3 11504 11356 11510
3 11510 11356 11362
3 11511 11512 11357
3 11511 11357 11360
3 11512 11358 11357
3 11513 11359 11358
3 11512 11513 11358
3 11513 11514 11359
3 11361 11359 11514
3 11500 11511 11360
3 11500 11360 11363
3 11361 11514 11515
3 11361 11515 11516
3 11361 11516 11362
3 11510 11362 11516
3 11467 11364 11365
3 11517 11467 11365
3 11517 11365 11366
3 11518 11517 11366
3 11518 11366 11367
3 11519 11518 11367
3 11519 11367 11368
3 11369 11519 11368
3 11369 11370 11520
3 11520 11521 11369
3 11519 11369 11521
3 11509 11520 11370
3 11371 11386 11522
3 11522 11375 11371
3 11374 11523 11372
3 11372 11523 11524
3 11372 11524 11373
3 11373 11524 11525
3 11373 11525 11377
3 11374 11375 11526
3 11526 11523 11374
3 11522 11527 11375
3 11526 11375 11527
3 11492 11376 11377
3 11528 11492 11377
3 11528 11377 11525
3 11452 11522 11386
3 11529 11530 11387
3 11530 11388 11387
3 11531 11389 11388
3 11530 11531 11388
3 11531 11532 11389
3 11532 11400 11389
3 11529 11387 11390
3 11529 11390 11533
3 11534 11533 11390
3 11535 11534 11390
3 11535 11390 11391
3 11535 11391 11393
3 11536 11537 11393
3 11392 11536 11393
3 11535 11393 11537
3 11399 11536 11392
3 11538 11539 11394
3 11538 11394 11398
3 11539 11395 11394
3 11540 11396 11395
3 11539 11540 11395
3 11540 11541 11396
3 11542 11397 11396
3 11542 11396 11541
3 11397 11542 11399
3 11424 11538 11398
3 11399 11543 11536
3 11542 11543 11399
3 11544 11401 11400
3 11532 11544 11400
3 11545 11404 11403
3 11545 11403 11546
3 11546 11403 11402
3 11546 11402 11547
3 11548 11547 11402
3 11548 11402 11401
3 11544 11548 11401
3 11404 11545 11549
3 11404 11549 11405
3 11550 11406 11405
3 11550 11405 11549
3 11406 11550 11551
3 11406 11551 11408
3 11416 11407 11408
3 11552 11553 11408
3 11552 11408 11551
3 11416 11408 11553
3 11554 11409 11413
3 11554 11410 11409
3 11554 11555 11410
3 11411 11410 11555
3 11411 11555 11556
3 11412 11411 11556
3 11412 11556 11557
3 11417 11412 11557
3 11554 11413 11558
3 11414 11558 11413
3 11559 11414 11415
3 11414 11559 11558
3 11559 11415 11560
3 11415 11416 11553
3 11415 11553 11560
3 11417 11557 11561
3 11418 11417 11561
3 11418 11561 11562
3 11419 11418 11562
3 11419 11562 11563
3 11423 11419 11563
3 11564 11451 11420
3 11421 11564 11420
3 11564 11421 11565
3 11421 11422 11565
3 11566 11565 11422
3 11423 11566 11422
3 11423 11563 11567
3 11566 11423 11567
3 11424 11426 11568
3 11424 11568 11538
3 11434 11426 11425
3 11434 11568 11426
3 11428 11461 11569
3 11429 11428 11569
3 11429 11569 11570
3 11432 11429 11570
3 11571 11572 11430
3 11430 11572 11433
3 11571 11430 11431
3 11571 11431 11573
3 11432 11573 11431
3 11432 11570 11574
3 11432 11574 11573
3 11434 11433 11575
3 11572 11575 11433
3 11568 11434 11575
3 11448 11459 11427
3 11436 11447 11435
3 11438 11576 11436
3 11436 11576 11447
3 11577 11438 11437
3 11577 11437 11441
3 11438 11578 11576
3 11577 11578 11438
3 11440 11439 11445
3 11440 11445 11579
3 11440 11579 11580
3 11440 11580 11441
3 11581 11577 11441
3 11581 11441 11580
3 11582 11442 11275
3 11583 11443 11442
3 11583 11442 11582
3 11584 11443 11583
3 11443 11584 11444
3 11444 11585 11445
3 11585 11444 11584
3 11586 11579 11445
3 11586 11445 11585
3 11576 11446 11447
3 11587 11088 11281
3 11587 11281 11588
3 11093 11588 11281
3 11448 11482 11459
3 11483 11482 11448
3 11483 11448 11449
3 11449 11450 11484
3 11449 11484 11483
3 11564 11457 11451
3 11453 11522 11452
3 11453 11527 11522
3 11589 11527 11453
3 11453 11454 11589
3 11589 11454 11590
3 11455 11590 11454
3 11591 11590 11455
3 11455 11456 11591
3 11592 11591 11456
3 11592 11456 11458
3 11457 11564 11593
3 11457 11593 11458
3 11594 11592 11458
3 11594 11458 11593
3 11595 11461 11460
3 11595 11460 11596
3 11596 11460 11462
3 11569 11461 11595
3 11596 11462 11597
3 11598 11597 11462
3 11598 11462 11466
3 11463 11599 11464
3 11517 11599 11463
3 11467 11517 11463
3 11600 11465 11464
3 11600 11464 11599
3 11600 11601 11465
3 11601 11466 11465
3 11601 11598 11466
3 11602 11470 11468
3 11323 11602 11468
3 11469 11470 11603
3 11603 11473 11469
3 11602 11604 11470
3 11604 11603 11470
3 11472 11471 11605
3 11606 11605 11471
3 11606 11471 11473
3 11472 11605 11478
3 11603 11607 11473
3 11606 11473 11607
3 11602 11323 11148
3 10935 11140 11608
3 11609 11608 11140
3 11609 11140 11141
3 11141 11142 11610
3 11141 11610 11609
3 11142 11474 11611
3 11142 11611 11610
3 11474 11475 11612
3 11474 11612 11611
3 10935 11608 11613
3 10936 10935 11613
3 10936 11613 11614
3 10945 10936 11614
3 11612 11475 11615
3 11475 11476 11615
3 11615 11476 11477
3 10943 11616 11479
3 11479 11617 11480
3 11617 11479 11616
3 11618 11481 11480
3 11618 11480 11617
3 11481 11618 11619
3 11481 11619 10947
3 10581 10947 11620
3 11621 11620 10947
3 11621 10947 11619
3 11620 11328 10581
3 11602 11148 11622
3 11622 11148 11154
3 11622 11154 11623
3 11623 11154 11153
3 11623 11153 11624
3 11625 11624 11153
3 11625 11153 11152
3 11331 11626 11627
3 11331 11627 11151
3 11331 11484 11628
3 11331 11628 11626
3 11628 11484 11450
3 11629 11152 11151
3 11630 11629 11151
3 11630 11151 11627
3 11629 11625 11152
3 11631 11487 11485
3 11631 11485 11632
3 11632 11485 11486
3 11632 11486 11633
3 11634 11633 11486
3 11634 11486 11488
3 11635 11496 11487
3 11635 11487 11631
3 11636 11634 11488
3 11636 11488 11489
3 11637 11636 11489
3 11637 11489 11490
3 11638 11637 11490
3 11638 11490 11491
3 11639 11638 11491
3 11639 11491 11495
3 11492 11528 11493
3 11528 11640 11493
3 11494 11493 11640
3 11494 11641 11495
3 11641 11494 11640
3 11642 11639 11495
3 11642 11495 11641
3 11643 11497 11496
3 11643 11496 11635
3 11497 11643 11644
3 11497 11644 11498
3 11499 11498 11645
3 11646 11645 11498
3 11646 11498 11644
3 11500 11499 11645
3 11500 11645 11647
3 11511 11500 11647
3 11501 11648 11649
3 11501 11649 11502
3 11650 11505 11502
3 11650 11502 11649
3 11503 11648 11501
3 11651 11503 11504
3 11503 11651 11648
3 11651 11504 11652
3 11510 11652 11504
3 11505 11650 11653
3 11505 11653 11506
3 11654 11655 11507
3 11654 11507 11506
3 11655 11508 11507
3 11656 11654 11506
3 11656 11506 11653
3 11509 11508 11657
3 11655 11657 11508
3 11509 11658 11521
3 11509 11521 11520
3 11509 11657 11659
3 11509 11659 11658
3 11516 11660 11510
3 11510 11660 11652
3 11511 11647 11661
3 11512 11511 11661
3 11512 11661 11662
3 11513 11512 11662
3 11513 11662 11663
3 11514 11513 11663
3 11514 11663 11664
3 11515 11514 11664
3 11515 11664 11665
3 11515 11665 11666
3 11515 11666 11516
3 11516 11666 11660
3 11517 11518 11599
3 11518 11519 11667
3 11518 11667 11599
3 11519 11521 11667
3 11526 11668 11523
3 11669 11524 11523
3 11669 11523 11668
3 11524 11669 11670
3 11524 11670 11525
3 11671 11528 11525
3 11671 11525 11670
3 11526 11527 11672
3 11672 11668 11526
3 11589 11672 11527
3 11528 11671 11640
3 11529 11533 11673
3 11529 11673 11674
3 11530 11529 11674
3 11531 11530 11674
3 11531 11674 11675
3 11532 11531 11675
3 11532 11675 11676
3 11544 11532 11676
3 11677 11673 11533
3 11677 11533 11678
3 11534 11678 11533
3 11678 11534 11679
3 11537 11679 11534
3 11537 11534 11535
3 11680 11679 11537
3 11536 11680 11537
3 11680 11536 11543
3 11539 11538 11568
3 11539 11568 11681
3 11540 11539 11681
3 11540 11681 11682
3 11541 11540 11682
3 11541 11682 11683
3 11684 11542 11541
3 11684 11541 11683
3 11542 11684 11543
3 11685 11543 11686
3 11680 11543 11685
3 11684 11686 11543
3 11544 11676 11687
3 11548 11544 11687
3 11688 11545 11546
3 11545 11688 11689
3 11545 11689 11549
3 11688 11546 11690
3 11547 11690 11546
3 11547 11548 11691
3 11547 11691 11692
3 11547 11692 11690
3 11548 11687 11691
3 11693 11550 11549
3 11693 11549 11689
3 11693 11551 11550
3 11552 11551 11694
3 11693 11694 11551
3 11695 11560 11553
3 11695 11553 11552
3 11552 11694 11695
3 11632 11555 11554
3 11632 11554 11631
3 11631 11554 11558
3 11632 11556 11555
3 11633 11557 11556
3 11632 11633 11556
3 11633 11634 11557
3 11634 11561 11557
3 11631 11558 11635
3 11559 11635 11558
3 11559 11560 11644
3 11559 11644 11643
3 11559 11643 11635
3 11695 11644 11560
3 11636 11562 11561
3 11634 11636 11561
3 11636 11637 11562
3 11637 11563 11562
3 11638 11567 11563
3 11637 11638 11563
3 11564 11565 11593
3 11696 11593 11565
3 11566 11696 11565
3 11566 11567 11697
3 11696 11566 11697
3 11638 11639 11567
3 11639 11697 11567
3 11568 11575 11681
3 11698 11570 11569
3 11569 11595 11698
3 11698 11699 11570
3 11700 11574 11570
3 11700 11570 11699
3 11571 11701 11572
3 11702 11701 11571
3 11702 11571 11573
3 11572 11703 11575
3 11703 11572 11701
3 11702 11573 11704
3 11574 11704 11573
3 11574 11700 11704
3 11703 11681 11575
3 11705 11576 11578
3 11576 11705 11446
3 11581 11706 11577
3 11577 11706 11578
3 11705 11578 11707
3 11706 11707 11578
3 11708 11580 11579
3 11708 11579 11586
3 11709 11581 11580
3 11709 11580 11708
3 11581 11710 11706
3 11709 11710 11581
3 11078 11711 11272
3 11272 11711 11712
3 11272 11712 11273
3 11273 11712 11713
3 11273 11713 11275
3 11714 11582 11275
3 11714 11275 11713
3 11582 11714 11715
3 11582 11715 11583
3 11716 11078 11085
3 11078 11716 11711
3 11584 11583 11717
3 11715 11717 11583
3 11717 11585 11584
3 11705 11282 11446
3 11089 11088 11718
3 11090 11089 11718
3 11719 11088 11587
3 11719 11587 11720
3 11587 11588 11721
3 11587 11721 11720
3 11588 11093 11722
3 11588 11722 11721
3 11093 11723 11724
3 11093 11724 11722
3 11093 10719 11723
3 11723 10719 11328
3 11705 11725 11282
3 11288 11282 11725
3 11726 11285 11288
3 11288 11725 11726
3 11726 11727 11285
3 11728 11286 11285
3 11728 11285 11727
3 11286 11728 11729
3 11286 11729 11287
3 11730 11731 11287
3 11730 11287 11729
3 11731 11450 11287
3 11628 11450 11732
3 11731 11732 11450
3 11733 11672 11589
3 11589 11590 11733
3 11733 11590 11734
3 11591 11734 11590
3 11591 11592 11735
3 11591 11735 11734
3 11592 11594 11736
3 11592 11736 11735
3 11696 11594 11593
3 11594 11696 11737
3 11594 11737 11736
3 11596 11597 11738
3 11596 11738 11739
3 11595 11596 11739
3 11595 11739 11740
3 11741 11698 11595
3 11741 11595 11740
3 11597 11598 11659
3 11597 11659 11738
3 11598 11601 11658
3 11598 11658 11659
3 11600 11599 11667
3 11521 11601 11600
3 11521 11600 11667
3 11521 11658 11601
3 11604 11602 11622
3 11604 11607 11603
3 11606 11607 11742
3 11604 11743 11607
3 11743 11742 11607
3 11744 11613 11608
3 11745 11744 11608
3 11745 11608 11609
3 11609 11610 11746
3 11609 11746 11745
3 11747 11746 11610
3 11747 11610 11611
3 11748 11747 11611
3 11748 11611 11612
3 11612 11615 11749
3 11749 11748 11612
3 11750 11614 11613
3 11744 11750 11613
3 11750 11751 11614
3 11751 10945 11614
3 11752 10942 10944
3 11752 10944 11753
3 11753 10944 10945
3 11753 10945 11754
3 11751 11754 10945
3 11615 11477 11755
3 11749 11615 11755
3 11478 11755 11477
3 10942 11752 11756
3 10942 11756 10943
3 11757 11616 10943
3 11757 10943 11756
3 11617 11616 11758
3 11757 11758 11616
3 11618 11617 11759
3 11760 11759 11617
3 11760 11617 11758
3 11618 11761 11762
3 11618 11762 11619
3 11618 11759 11761
3 11763 11621 11619
3 11763 11619 11762
3 11621 11763 11764
3 11621 11764 11765
3 11620 11621 11765
3 11620 11765 11328
3 11766 11629 11630
3 11630 11627 11766
3 11639 11642 11697
3 11671 11767 11640
3 11641 11640 11767
3 11768 11642 11641
3 11768 11641 11767
3 11642 11768 11737
3 11642 11737 11697
3 11695 11646 11644
3 11645 11646 11769
3 11645 11769 11647
3 11695 11769 11646
3 11770 11661 11647
3 11770 11647 11769
3 11772 11771 11648
3 11772 11648 11651
3 11771 11649 11648
3 11771 11773 11649
3 11773 11650 11649
3 11774 11653 11650
3 11773 11774 11650
3 11775 11772 11651
3 11775 11651 11652
3 11776 11775 11652
3 11776 11652 11660
3 11777 11656 11653
3 11774 11777 11653
3 11654 11656 11740
3 11654 11740 11739
3 11655 11654 11739
3 11655 11739 11738
3 11657 11655 11738
3 11778 11740 11656
3 11777 11778 11656
3 11657 11738 11659
3 11779 11776 11660
3 11779 11660 11666
3 11661 11770 11780
3 11661 11780 11662
3 11781 11663 11662
3 11781 11662 11780
3 11663 11781 11782
3 11663 11782 11664
3 11783 11665 11664
3 11783 11664 11782
3 11783 11666 11665
3 11783 11779 11666
3 11672 11784 11668
3 11668 11784 11785
3 11668 11785 11669
3 11669 11785 11786
3 11669 11786 11670
3 11787 11671 11670
3 11787 11670 11786
3 11671 11787 11767
3 11733 11784 11672
3 11773 11771 11674
3 11773 11674 11673
3 11774 11773 11673
3 11774 11673 11677
3 11771 11675 11674
3 11772 11676 11675
3 11771 11772 11675
3 11772 11775 11676
3 11775 11687 11676
3 11777 11774 11677
3 11777 11677 11788
3 11678 11788 11677
3 11678 11679 11789
3 11678 11789 11788
3 11685 11790 11679
3 11680 11685 11679
3 11789 11679 11790
3 11703 11682 11681
3 11682 11703 11791
3 11682 11791 11683
3 11792 11684 11683
3 11792 11683 11791
3 11684 11792 11686
3 11685 11793 11790
3 11685 11686 11793
3 11793 11686 11794
3 11792 11794 11686
3 11776 11691 11687
3 11775 11776 11687
3 11770 11693 11689
3 11770 11689 11780
3 11688 11780 11689
3 11781 11688 11690
3 11688 11781 11780
3 11781 11690 11782
3 11782 11690 11692
3 11782 11692 11783
3 11779 11783 11692
3 11779 11692 11691
3 11776 11779 11691
3 11693 11770 11769
3 11693 11769 11694
3 11695 11694 11769
3 11696 11697 11737
3 11698 11741 11795
3 11698 11795 11699
3 11796 11700 11699
3 11796 11699 11795
3 11700 11796 11797
3 11700 11797 11704
3 11702 11798 11701
3 11703 11701 11791
3 11798 11791 11701
3 11704 11794 11702
3 11798 11702 11794
3 11704 11797 11794
3 11725 11705 11707
3 11707 11706 11710
3 11709 11799 11710
3 11707 11710 11800
3 11799 11800 11710
3 11716 11801 11711
3 11802 11712 11711
3 11802 11711 11801
3 11712 11802 11803
3 11712 11803 11713
3 11804 11714 11713
3 11804 11713 11803
3 11714 11804 11805
3 11714 11805 11715
3 11715 11806 11717
3 11805 11806 11715
3 11807 11716 11085
3 11716 11807 11801
3 11717 11808 11585
3 11808 11717 11806
3 11808 11586 11585
3 11807 11085 11809
3 11809 11085 11091
3 11810 11811 11090
3 11810 11090 11718
3 11811 11091 11090
3 11809 11091 11812
3 11811 11812 11091
3 11813 11718 11088
3 11814 11813 11088
3 11814 11088 11719
3 11813 11810 11718
3 11719 11720 11815
3 11814 11719 11815
3 11816 11720 11721
3 11816 11815 11720
3 11816 11721 11817
3 11818 11817 11721
3 11818 11721 11722
3 11819 11818 11722
3 11819 11722 11724
3 11764 11819 11724
3 11764 11724 11765
3 11723 11765 11724
3 11723 11328 11765
3 11729 11820 11730
3 11730 11820 11731
3 11821 11784 11733
3 11733 11734 11821
3 11822 11821 11734
3 11822 11734 11735
3 11823 11822 11735
3 11823 11735 11736
3 11768 11823 11736
3 11768 11736 11737
3 11778 11741 11740
3 11741 11778 11824
3 11741 11824 11795
3 11743 11604 11622
3 11825 11606 11742
3 11606 11825 11605
3 11743 11826 11742
3 11743 11622 11827
3 11826 11743 11827
3 11750 11744 11828
3 11829 11828 11744
3 11829 11744 11745
3 11745 11746 11830
3 11745 11830 11829
3 11746 11747 11831
3 11746 11831 11830
3 11747 11748 11832
3 11747 11832 11831
3 11833 11832 11748
3 11749 11833 11748
3 11749 11755 11834
3 11833 11749 11834
3 11750 11828 11835
3 11751 11750 11835
3 11751 11835 11836
3 11754 11751 11836
3 11837 11752 11753
3 11752 11837 11838
3 11752 11838 11756
3 11837 11753 11839
3 11754 11839 11753
3 11754 11836 11840
3 11754 11840 11839
3 11478 11834 11755
3 11841 11478 11605
3 11478 11841 11834
3 11756 11838 11842
3 11756 11842 11757
3 11843 11757 11842
3 11757 11843 11758
3 11844 11760 11758
3 11844 11758 11843
3 11761 11759 11845
3 11759 11760 11846
3 11759 11846 11845
3 11760 11844 11847
3 11760 11847 11846
3 11848 11763 11762
3 11848 11762 11849
3 11850 11849 11762
3 11850 11762 11761
3 11761 11845 11850
3 11848 11764 11763
3 11848 11851 11764
3 11764 11851 11852
3 11764 11852 11819
3 11853 11629 11766
3 11627 11853 11766
3 11823 11768 11767
3 11823 11767 11787
3 11778 11777 11788
3 11778 11788 11824
3 11821 11785 11784
3 11821 11786 11785
3 11822 11787 11786
3 11821 11822 11786
3 11822 11823 11787
3 11789 11824 11788
3 11789 11854 11824
3 11789 11790 11854
3 11794 11797 11790
3 11794 11790 11793
3 11796 11854 11790
3 11796 11790 11797
3 11798 11792 11791
3 11792 11798 11794
3 11854 11796 11795
3 11854 11795 11824
3 11725 11707 11800
3 11855 11799 11709
3 11708 11855 11709
3 11799 11856 11800
3 11725 11800 11857
3 11856 11857 11800
3 11807 11858 11801
3 11859 11802 11801
3 11859 11801 11858
3 11802 11859 11860
3 11802 11860 11803
3 11861 11804 11803
3 11861 11803 11860
3 11804 11861 11862
3 11804 11862 11805
3 11863 11805 11862
3 11805 11863 11806
3 11808 11806 11864
3 11863 11864 11806
3 11865 11807 11809
3 11807 11865 11858
3 11586 11808 11864
3 11586 11864 11866
3 11708 11586 11866
3 11865 11809 11867
3 11812 11867 11809
3 11810 11813 11868
3 11810 11868 11869
3 11811 11810 11869
3 11811 11869 11870
3 11812 11811 11870
3 11812 11870 11871
3 11812 11871 11867
3 11872 11868 11813
3 11872 11813 11814
3 11814 11815 11873
3 11872 11814 11873
3 11816 11874 11815
3 11875 11873 11815
3 11875 11815 11874
3 11817 11876 11816
3 11816 11876 11877
3 11816 11877 11874
3 11818 11819 11852
3 11818 11852 11878
3 11818 11878 11879
3 11818 11879 11817
3 11817 11879 11876
3 11880 11820 11729
3 11820 11880 11731
3 11881 11827 11622
3 11881 11622 11623
3 11623 11624 11882
3 11623 11882 11881
3 11841 11605 11883
3 11825 11883 11605
3 11825 11742 11884
3 11885 11825 11884
3 11825 11885 11883
3 11826 11884 11742
3 11886 11835 11828
3 11887 11886 11828
3 11887 11828 11829
3 11829 11830 11888
3 11829 11888 11887
3 11889 11888 11830
3 11889 11830 11831
3 11890 11889 11831
3 11890 11831 11832
3 11890 11832 11891
3 11833 11891 11832
3 11833 11834 11892
3 11891 11833 11892
3 11841 11892 11834
3 11893 11836 11835
3 11886 11893 11835
3 11894 11842 11838
3 11895 11841 11883
3 11841 11895 11892
3 11894 11896 11842
3 11843 11842 11896
3 11897 11844 11843
3 11897 11843 11896
3 11844 11897 11898
3 11844 11898 11847
3 11899 11850 11845
3 11899 11845 11900
3 11901 11900 11845
3 11902 11901 11845
3 11902 11845 11846
3 11903 11902 11846
3 11903 11846 11847
3 11904 11903 11847
3 11904 11847 11898
3 11848 11849 11905
3 11848 11905 11906
3 11906 11851 11848
3 11905 11849 11850
3 11905 11850 11899
3 11906 11907 11851
3 11908 11852 11851
3 11908 11851 11907
3 11909 11878 11852
3 11909 11852 11908
3 11624 11625 11910
3 11624 11910 11882
3 11625 11629 11911
3 11625 11911 11910
3 11629 11853 11912
3 11629 11912 11911
3 11853 11627 11913
3 11853 11913 11912
3 11914 11913 11627
3 11914 11627 11626
3 11626 11628 11915
3 11626 11915 11914
3 11732 11915 11628
3 11725 11857 11916
3 11725 11916 11726
3 11726 11916 11917
3 11726 11917 11727
3 11708 11866 11918
3 11855 11708 11918
3 11855 11919 11799
3 11855 11918 11920
3 11919 11855 11920
3 11919 11856 11799
3 11865 11921 11858
3 11922 11859 11858
3 11922 11858 11921
3 11923 11860 11859
3 11923 11859 11922
3 11924 11861 11860
3 11924 11860 11923
3 11861 11924 11925
3 11861 11925 11862
3 11926 11862 11925
3 11863 11862 11926
3 11927 11863 11926
3 11863 11927 11864
3 11927 11866 11864
3 11928 11865 11867
3 11865 11928 11921
3 11929 11918 11866
3 11927 11929 11866
3 11930 11868 11872
3 11930 11872 11931
3 11872 11873 11931
3 11873 11875 11932
3 11873 11932 11931
3 11933 11875 11874
3 11933 11874 11877
3 11875 11933 11934
3 11875 11934 11932
3 11935 11936 11876
3 11935 11876 11879
3 11937 11876 11936
3 11876 11937 11938
3 11876 11938 11877
3 11939 11933 11877
3 11939 11877 11938
3 11879 11878 11909
3 11879 11909 11935
3 11940 11728 11727
3 11940 11727 11917
3 11728 11940 11941
3 11728 11941 11729
3 11942 11880 11729
3 11942 11729 11941
3 11880 11942 11943
3 11880 11943 11731
3 11731 11943 11944
3 11731 11944 11732
3 11732 11944 11915
3 11895 11883 11945
3 11885 11945 11883
3 11885 11884 11946
3 11826 11946 11884
3 11947 11885 11946
3 11885 11947 11945
3 11888 11889 11948
3 11949 11948 11889
3 11949 11889 11890
3 11949 11890 11950
3 11890 11891 11950
3 11950 11891 11951
3 11891 11892 11951
3 11895 11951 11892
3 11896 11894 11838
3 11952 11895 11945
3 11895 11952 11951
3 11953 11904 11898
3 11899 11900 11954
3 11899 11954 11955
3 11899 11955 11956
3 11899 11956 11905
3 11900 11901 11957
3 11900 11957 11954
3 11901 11902 11958
3 11901 11958 11957
3 11902 11903 11959
3 11902 11959 11958
3 11903 11904 11960
3 11903 11960 11959
3 11904 11953 11961
3 11904 11961 11960
3 11906 11905 11956
3 11906 11956 11962
3 11962 11907 11906
3 11962 11963 11907
3 11907 11963 11964
3 11907 11964 11908
3 11908 11964 11965
3 11908 11965 11909
3 11935 11909 11965
3 11966 11911 11912
3 11913 11966 11912
3 11929 11967 11918
3 11967 11920 11918
3 11919 11920 11968
3 11856 11919 11968
3 11969 11968 11920
3 11967 11969 11920
3 11970 11924 11923
3 11971 11925 11924
3 11971 11924 11970
3 11971 11972 11925
3 11926 11925 11972
3 11972 11973 11926
3 11927 11926 11973
3 11929 11927 11973
3 11929 11973 11974
3 11967 11929 11974
3 11868 11930 11931
3 11933 11939 11975
3 11933 11975 11934
3 11976 11934 11975
3 11935 11965 11977
3 11977 11936 11935
3 11977 11978 11936
3 11979 11937 11936
3 11979 11936 11978
3 11937 11979 11980
3 11937 11980 11938
3 11981 11939 11938
3 11981 11938 11980
3 11939 11981 11982
3 11939 11982 11975
3 11983 11942 11941
3 11942 11983 11943
3 11952 11945 11984
3 11947 11984 11945
3 11826 11985 11946
3 11947 11946 11986
3 11985 11986 11946
3 11985 11826 11827
3 11987 11947 11986
3 11947 11987 11984
3 11887 11988 11886
3 11988 11893 11886
3 11989 11887 11888
3 11887 11989 11988
3 11989 11888 11990
3 11948 11990 11888
3 11991 11948 11949
3 11948 11991 11990
3 11949 11950 11992
3 11991 11949 11993
3 11993 11949 11992
3 11950 11951 11994
3 11992 11950 11994
3 11952 11994 11951
3 11896 11838 11995
3 11837 11995 11838
3 11897 11896 11995
3 11952 11996 11994
3 11996 11952 11984
3 11897 11995 11997
3 11897 11997 11998
3 11897 11998 11898
3 11999 11953 11898
3 11999 11898 11998
3 11999 11961 11953
3 11956 11955 12000
3 12000 11955 11954
3 12000 11954 12001
3 12001 11954 11957
3 12001 11957 12002
3 12002 11957 11958
3 12002 11958 12003
3 11959 12003 11958
3 12004 11959 11960
3 11959 12004 12003
3 11961 12005 11960
3 12004 11960 12005
3 11961 12006 12005
3 11961 12007 12006
3 11999 12007 11961
3 11967 11974 12008
3 11969 11967 12008
3 11856 11968 12009
3 11969 12010 11968
3 12010 12009 11968
3 11857 11856 12009
3 11969 12008 12011
3 12010 11969 12011
3 12012 11922 11921
3 11928 12012 11921
3 12013 11923 11922
3 12012 12013 11922
3 12013 12014 11923
3 12014 11970 11923
3 12015 11971 11970
3 12014 12015 11970
3 11971 12016 11972
3 12015 12017 11971
3 12016 11971 12017
3 12018 11972 12016
3 11972 12018 11973
3 12018 11974 11973
3 12019 12008 11974
3 12018 12019 11974
3 11868 11931 12020
3 11869 11868 12020
3 11932 12020 11931
3 11932 11934 12021
3 11932 12021 12022
3 11932 12022 12020
3 11934 11976 12023
3 11934 12023 12021
3 12024 11976 11975
3 12024 11975 11982
3 12024 12023 11976
3 11977 11965 12025
3 12025 11978 11977
3 12025 12026 11978
3 11979 11978 12026
3 12027 11980 11979
3 11979 12026 12027
3 12027 12028 11980
3 12028 11981 11980
3 12029 11982 11981
3 12028 12029 11981
3 12030 12024 11982
3 12029 12030 11982
3 11996 11984 12031
3 11987 12031 11984
3 12032 11985 11827
3 11985 12032 11986
3 11987 11986 12033
3 12032 12033 11986
3 11987 12034 12031
3 12034 11987 12033
3 11989 12035 11988
3 11988 12035 12036
3 11988 12036 11893
3 11989 11990 12037
3 11989 12037 12038
3 11989 12038 12035
3 12039 12037 11990
3 12039 11990 11991
3 12039 11991 11993
3 12040 11992 11994
3 11993 11992 12040
3 12039 11993 12041
3 12040 12041 11993
3 11893 12036 12042
3 11893 12042 11836
3 12043 11840 11836
3 12043 11836 12042
3 11837 12044 11995
3 12044 11837 11839
3 12044 11997 11995
3 12044 11839 12045
3 11840 12045 11839
3 11840 12043 12045
3 12046 12047 11998
3 12046 11998 11997
3 12048 11999 11998
3 12048 11998 12047
3 12044 12046 11997
3 12049 12007 11999
3 12049 11999 12048
3 11962 11956 12050
3 11956 12000 12051
3 11956 12051 12050
3 12001 12051 12000
3 12001 12052 12051
3 12002 12052 12001
3 12002 12053 12052
3 12053 12002 12003
3 12053 12003 12054
3 12004 12054 12003
3 12055 12004 12005
3 12004 12055 12054
3 12006 12056 12005
3 12055 12005 12056
3 12057 12058 12007
3 12057 12007 12049
3 12006 12007 12058
3 12006 12059 12056
3 12006 12058 12059
3 12060 11963 11962
3 11962 12050 12060
3 12060 12061 11963
3 11963 12061 12062
3 11963 12062 11964
3 11964 12062 12063
3 11964 12063 11965
3 12064 12025 11965
3 12064 11965 12063
3 11911 11966 12065
3 12065 11966 11913
3 12065 11913 12066
3 11914 12066 11913
3 12019 12067 12008
3 12067 12011 12008
3 12068 11857 12009
3 12010 12068 12009
3 12010 12011 12069
3 12068 12010 12069
3 12070 12069 12011
3 12067 12070 12011
3 12013 12012 12071
3 12072 12071 12012
3 12072 12012 11928
3 12013 12071 12073
3 12013 12073 12074
3 12013 12074 12014
3 12014 12074 12075
3 12014 12075 12015
3 12017 12015 12075
3 12076 12018 12016
3 12016 12017 12076
3 12017 12075 12077
3 12076 12017 12077
3 11928 11867 12078
3 11928 12078 12072
3 11867 11871 12079
3 11867 12079 12078
3 11869 12020 12080
3 11870 11869 12080
3 12022 12080 12020
3 11870 12080 12081
3 11871 11870 12081
3 11871 12081 12079
3 12022 12082 12080
3 12082 12022 12021
3 12082 12021 12083
3 12084 12083 12021
3 12084 12021 12023
3 12023 12085 12086
3 12023 12086 12084
3 12024 12085 12023
3 12085 12024 12087
3 12030 12087 12024
3 12064 12026 12025
3 12064 12088 12026
3 12027 12026 12088
3 12027 12088 12089
3 12028 12027 12089
3 12028 12089 12090
3 12029 12028 12090
3 12029 12090 12091
3 12030 12029 12091
3 12087 12030 12092
3 12030 12091 12092
3 11941 12093 11983
3 12094 12093 11941
3 12093 12095 11943
3 12093 11943 11983
3 11944 11943 12095
3 11911 12065 12096
3 12032 11827 12097
3 11881 12097 11827
3 12098 12032 12097
3 12032 12098 12033
3 12034 12033 12099
3 12098 12099 12033
3 12034 12100 12031
3 12100 12034 12099
3 11881 11882 12101
3 11881 12101 12102
3 11881 12102 12097
3 12103 12101 11882
3 12103 11882 11910
3 12104 12103 11910
3 12104 11910 11911
3 12105 12104 11911
3 12105 11911 12096
3 12036 12106 12107
3 12036 12107 12042
3 12106 12036 12035
3 12106 12035 12038
3 12108 12106 12038
3 12108 12038 12037
3 12109 12108 12037
3 12109 12037 12039
3 12039 12041 12110
3 12039 12110 12109
3 12040 11994 12111
3 11996 12111 11994
3 12112 12040 12111
3 12040 12112 12041
3 12110 12041 12112
3 12113 12043 12042
3 12113 12042 12107
3 12043 12113 12114
3 12043 12114 12045
3 12046 12044 12045
3 12046 12045 12114
3 12115 11996 12031
3 11996 12115 12111
3 12047 12046 12114
3 12047 12114 12116
3 12047 12116 12117
3 12047 12117 12048
3 12048 12117 12049
3 12118 12060 12050
3 12119 12118 12050
3 12119 12050 12051
3 12119 12051 12052
3 12119 12052 12120
3 12053 12120 12052
3 12053 12121 12120
3 12121 12053 12054
3 12121 12054 12122
3 12055 12122 12054
3 12123 12055 12056
3 12055 12123 12122
3 12059 12124 12056
3 12123 12056 12124
3 12049 12125 12057
3 12126 12058 12057
3 12127 12126 12057
3 12127 12057 12125
3 12126 12128 12058
3 12059 12058 12128
3 12049 12117 12125
3 12059 12129 12124
3 12059 12128 12129
3 12130 12061 12060
3 12130 12060 12131
3 12118 12131 12060
3 12062 12061 12130
3 12062 12130 12132
3 12062 12132 12133
3 12062 12133 12063
3 12134 12064 12063
3 12134 12063 12133
3 12134 12088 12064
3 12066 12135 12065
3 12065 12135 12136
3 12065 12136 12137
3 12065 12137 12138
3 12065 12138 12096
3 12139 12066 11914
3 11914 11915 12140
3 11914 12140 12139
3 11944 12140 11915
3 12141 12094 11941
3 12068 12142 11857
3 12142 11916 11857
3 12068 12069 12143
3 12142 12068 12143
3 12070 12144 12069
3 12144 12143 12069
3 12070 12067 12145
3 12144 12070 12145
3 12146 11917 11916
3 12146 11916 12147
3 12142 12147 11916
3 12148 11940 11917
3 12148 11917 12146
3 11940 12148 12149
3 11940 12149 11941
3 12150 12141 11941
3 12150 11941 12149
3 12151 12073 12071
3 12151 12071 12072
3 12152 12151 12072
3 12152 12072 12078
3 12073 12151 12153
3 12073 12153 12074
3 12154 12075 12074
3 12154 12074 12153
3 12155 12077 12075
3 12155 12075 12154
3 12076 12156 12018
3 12156 12019 12018
3 12076 12077 12157
3 12156 12076 12157
3 12157 12077 12155
3 12158 12152 12078
3 12158 12078 12079
3 12159 12067 12019
3 12156 12159 12019
3 12160 12158 12079
3 12160 12079 12081
3 12082 12081 12080
3 12082 12160 12081
3 12160 12082 12083
3 12160 12083 12161
3 12162 12161 12083
3 12162 12083 12084
3 12084 12086 12162
3 12085 12163 12164
3 12085 12164 12086
3 12087 12163 12085
3 12087 12092 12165
3 12087 12165 12163
3 12134 12166 12088
3 12166 12089 12088
3 12167 12090 12089
3 12166 12167 12089
3 12167 12168 12090
3 12168 12091 12090
3 12169 12092 12091
3 12168 12169 12091
3 12170 12165 12092
3 12169 12170 12092
3 12171 12095 12093
3 12171 12093 12172
3 12173 12172 12093
3 12173 12093 12094
3 12094 12141 12174
3 12094 12174 12173
3 12095 12175 11944
3 11944 12175 12140
3 12176 12105 12096
3 12176 12096 12138
3 12115 12031 12177
3 12100 12177 12031
3 12098 12097 12178
3 12102 12178 12097
3 12098 12179 12099
3 12179 12098 12178
3 12180 12100 12099
3 12100 12180 12177
3 12102 12101 12181
3 12101 12103 12182
3 12101 12182 12181
3 12102 12181 12183
3 12102 12183 12178
3 12103 12104 12184
3 12103 12184 12182
3 12104 12105 12185
3 12104 12185 12184
3 12105 12176 12186
3 12105 12186 12185
3 12187 12113 12107
3 12187 12107 12188
3 12106 12188 12107
3 12106 12108 12188
3 12189 12188 12108
3 12189 12108 12109
3 12109 12110 12189
3 12112 12111 12190
3 12115 12190 12111
3 12110 12112 12190
3 12113 12187 12116
3 12113 12116 12114
3 12191 12115 12177
3 12115 12191 12190
3 12192 12117 12116
3 12192 12116 12187
3 12193 12125 12117
3 12193 12117 12192
3 12131 12118 12194
3 12118 12119 12195
3 12118 12195 12194
3 12120 12195 12119
3 12120 12196 12195
3 12121 12196 12120
3 12121 12197 12196
3 12197 12121 12122
3 12197 12122 12198
3 12123 12198 12122
3 12199 12123 12124
3 12123 12199 12198
3 12129 12200 12124
3 12199 12124 12200
3 12201 12127 12125
3 12201 12125 12193
3 12202 12203 12127
3 12202 12127 12201
3 12126 12127 12203
3 12126 12203 12204
3 12128 12126 12204
3 12128 12204 12205
3 12129 12128 12205
3 12129 12206 12200
3 12129 12205 12206
3 12131 12207 12130
3 12132 12130 12207
3 12131 12194 12208
3 12131 12208 12207
3 12132 12207 12209
3 12132 12209 12210
3 12132 12210 12133
3 12211 12134 12133
3 12211 12133 12210
3 12211 12166 12134
3 12135 12066 12212
3 12135 12212 12213
3 12213 12136 12135
3 12213 12214 12136
3 12215 12137 12136
3 12215 12136 12214
3 12137 12215 12216
3 12137 12216 12138
3 12217 12176 12138
3 12217 12138 12216
3 12139 12212 12066
3 12141 12150 12218
3 12141 12218 12174
3 12159 12219 12067
3 12219 12145 12067
3 12142 12143 12220
3 12147 12142 12220
3 12221 12220 12143
3 12144 12221 12143
3 12222 12144 12145
3 12219 12222 12145
3 12147 12220 12223
3 12147 12223 12224
3 12147 12224 12146
3 12225 12148 12146
3 12225 12146 12224
3 12148 12225 12226
3 12148 12226 12149
3 12227 12150 12149
3 12227 12149 12226
3 12150 12227 12228
3 12150 12228 12218
3 12151 12152 12229
3 12151 12229 12153
3 12152 12158 12230
3 12152 12230 12229
3 12153 12229 12231
3 12153 12231 12154
3 12154 12231 12155
3 12156 12157 12232
3 12159 12156 12232
3 12155 12232 12157
3 12158 12160 12161
3 12158 12161 12230
3 12159 12232 12233
3 12219 12159 12233
3 12234 12230 12161
3 12234 12161 12162
3 12086 12235 12162
3 12162 12235 12236
3 12162 12236 12234
3 12086 12164 12235
3 12237 12164 12163
3 12237 12163 12238
3 12238 12163 12165
3 12164 12237 12239
3 12164 12239 12235
3 12238 12165 12240
3 12170 12240 12165
3 12211 12241 12166
3 12167 12166 12241
3 12167 12241 12242
3 12168 12167 12242
3 12168 12242 12243
3 12169 12168 12243
3 12169 12243 12244
3 12170 12169 12244
3 12240 12170 12245
3 12170 12244 12245
3 12246 12095 12171
3 12246 12171 12247
3 12247 12171 12172
3 12247 12172 12248
3 12249 12248 12172
3 12249 12172 12173
3 12250 12249 12173
3 12250 12173 12174
3 12251 12250 12174
3 12251 12174 12218
3 12175 12095 12246
3 12176 12217 12252
3 12176 12252 12186
3 12191 12177 12253
3 12180 12253 12177
3 12179 12254 12099
3 12180 12099 12254
3 12255 12180 12254
3 12180 12255 12253
3 12256 12184 12185
3 12257 12256 12185
3 12257 12185 12186
3 12258 12257 12186
3 12258 12186 12252
3 12192 12187 12188
3 12192 12188 12189
3 12110 12190 12259
3 12259 12189 12110
3 12191 12259 12190
3 12191 12260 12259
3 12260 12191 12253
3 12192 12189 12261
3 12192 12261 12193
3 12193 12261 12262
3 12193 12262 12201
3 12208 12194 12212
3 12213 12212 12194
3 12213 12194 12195
3 12195 12196 12214
3 12195 12214 12213
3 12197 12214 12196
3 12197 12215 12214
3 12215 12197 12198
3 12215 12198 12216
3 12199 12216 12198
3 12217 12199 12200
3 12199 12217 12216
3 12206 12252 12200
3 12217 12200 12252
3 12201 12262 12263
3 12201 12263 12202
3 12202 12263 12264
3 12202 12264 12265
3 12265 12203 12202
3 12265 12266 12203
3 12204 12203 12266
3 12204 12266 12267
3 12267 12205 12204
3 12267 12268 12205
3 12206 12205 12268
3 12206 12258 12252
3 12206 12268 12258
3 12139 12140 12207
3 12139 12207 12208
3 12175 12209 12207
3 12175 12207 12140
3 12208 12212 12139
3 12246 12210 12209
3 12247 12211 12210
3 12247 12210 12246
3 12246 12209 12175
3 12248 12241 12211
3 12248 12211 12247
3 12269 12251 12218
3 12269 12218 12228
3 12219 12233 12270
3 12222 12219 12270
3 12271 12221 12144
3 12222 12271 12144
3 12222 12270 12272
3 12271 12222 12272
3 12273 12227 12226
3 12227 12273 12274
3 12227 12274 12228
3 12275 12269 12228
3 12275 12228 12274
3 12234 12231 12229
3 12234 12229 12230
3 12231 12276 12155
3 12155 12276 12232
3 12276 12233 12232
3 12277 12270 12233
3 12276 12277 12233
3 12234 12236 12278
3 12234 12278 12231
3 12279 12236 12235
3 12279 12235 12239
3 12280 12278 12236
3 12280 12236 12279
3 12281 12237 12238
3 12237 12281 12282
3 12237 12282 12239
3 12281 12238 12283
3 12240 12283 12238
3 12239 12282 12284
3 12239 12284 12279
3 12240 12245 12285
3 12240 12285 12283
3 12248 12242 12241
3 12249 12243 12242
3 12248 12249 12242
3 12249 12250 12243
3 12250 12244 12243
3 12251 12245 12244
3 12250 12251 12244
3 12269 12285 12245
3 12251 12269 12245
3 12255 12286 12253
3 12260 12253 12286
3 12179 12287 12254
3 12255 12254 12287
3 12255 12288 12286
3 12288 12255 12287
3 12257 12184 12256
3 12258 12184 12257
3 12258 12268 12184
3 12259 12261 12189
3 12260 12261 12259
3 12260 12262 12261
3 12262 12260 12286
3 12262 12286 12263
3 12288 12264 12263
3 12288 12263 12286
3 12264 12288 12289
3 12264 12289 12178
3 12265 12264 12178
3 12267 12184 12268
3 12269 12275 12285
3 12290 12272 12270
3 12277 12290 12270
3 12221 12271 12291
3 12271 12272 12291
3 12292 12291 12272
3 12290 12292 12272
3 12226 12274 12273
3 12275 12274 12226
3 12275 12226 12293
3 12293 12285 12275
3 12231 12278 12276
3 12277 12276 12278
3 12277 12278 12280
3 12290 12277 12280
3 12279 12284 12294
3 12279 12294 12280
3 12290 12280 12294
3 12295 12284 12282
3 12295 12282 12296
3 12296 12282 12281
3 12296 12281 12297
3 12297 12281 12283
3 12297 12283 12293
3 12293 12283 12285
3 12298 12294 12284
3 12298 12284 12295
3 12179 12178 12289
3 12179 12289 12287
3 12288 12287 12289
3 12182 12184 12267
3 12265 12178 12183
3 12183 12266 12265
3 12183 12181 12266
3 12267 12266 12181
3 12267 12181 12182
3 12292 12290 12294
3 12221 12291 12299
3 12221 12299 12220
3 12292 12299 12291
3 12292 12294 12298
3 12299 12292 12298
3 12293 12226 12297
3 12225 12297 12226
3 12295 12220 12298
3 12299 12298 12220
3 12220 12295 12223
3 12223 12295 12296
3 12223 12296 12224
3 12224 12296 12297
3 12224 12297 12225
