OFF
6061 12126 0
0.222845553861 0.700763948242 -0.0310562115307
0.21480752124 -0.402681796875 -0.0253890534668
0.187719 -0.411409 -0.0081317
0.192718617627 0.696945796875 -0.0118993548425
0.163969648193 -0.402681796875 0.00106728845337
0.157290182884 0.700763948242 0.00610117874161
0.106029665461 -0.409499924316 0.0162300873009
0.122674854057 0.704718462158 0.0174747361258
0.0797876618439 -0.403772697266 0.0182151492035
0.0764299 0.705673 0.0185857
0.0456057586133 -0.411409 0.0302403220703
0.0353264053906 0.705673 0.0243382769531
0.000679041 -0.411409 0.00658813
-0.000973357856567 0.705673 0.0156364122217
-0.0348591 -0.411409 -0.0081317
-0.0476897627031 0.705673 -0.00342103265625
-0.0676563 -0.411409 -0.0282303
-0.073942700208 0.705673 -0.0260248331934
-0.10058330708 -0.402681796875 -0.0583889527344
-0.096906 0.705673 -0.0532117
-0.121888 -0.411409 -0.0824626
-0.12888907959 0.696945796875 -0.0824473762695
-0.142926935379 -0.408136298828 -0.105648889227
-0.141987 0.705673 -0.11526
-0.156819510406 -0.405954498047 -0.154012614319
-0.173008169342 0.705673 -0.129207768564
-0.165610107788 -0.39395459375 -0.195191490601
-0.180850703125 0.705673 -0.191226359375
-0.168406166748 -0.402681796875 -0.223324542725
-0.175952551269 0.705673 -0.217665145996
-0.165687 -0.411409 -0.264896
-0.177391551758 0.705673 -0.280295157959
-0.157736982086 -0.405409047852 -0.297765639771
-0.163077308594 0.705673 -0.296727942383
-0.135402116455 -0.389590992188 -0.347694713135
-0.154613658203 0.705673 -0.342122328125
-0.127080739387 -0.407999936279 -0.36520892588
-0.124356689502 0.701309398438 -0.368896857605
-0.105654636053 -0.407045398438 -0.408219246002
-0.0914015736483 0.698036697266 -0.404226281159
-0.0706012825211 -0.403499972168 -0.422277742119
-0.0638383912267 0.688491318848 -0.427057216835
-0.0334116548398 -0.411409 -0.4544040625
-0.0379139261405 0.700763948242 -0.451341880249
0.00259276566016 -0.411409 -0.4676890625
0.000679041 0.705673 -0.459685
0.0458132055522 -0.407590848633 -0.46921971315
0.0416034019166 0.705673 -0.476710539551
0.0804486916566 -0.399954545899 -0.47032913945
0.0821508959167 0.700218498047 -0.471126482468
0.114777 -0.411409 -0.468665
0.108583335864 0.68821859375 -0.468397628418
0.154019437462 -0.407522667358 -0.458260109736
0.155353935303 0.696945796875 -0.458305217773
0.187718 -0.411409 -0.444965
0.178898962768 0.696945796875 -0.449899621948
0.228576186646 -0.39395459375 -0.417364859131
0.222948704834 0.696945796875 -0.422730243164
0.249765 -0.411409 -0.399884
0.244531382812 0.696945796875 -0.403634765625
0.26927309668 -0.402681796875 -0.376928883545
0.274748 0.705673 -0.370634
0.296676072754 -0.402681796875 -0.331867261475
0.303394076172 0.705673 -0.337411163086
0.307239684921 -0.404045422363 -0.306185949257
0.309566 0.705673 -0.302299
0.31844179834 -0.402681796875 -0.258652803467
0.316485039993 0.703763924316 -0.273377879601
0.321007197205 -0.405954498047 -0.232293193817
0.322639588303 0.702945749023 -0.229747013329
0.318546 -0.411409 -0.188201
0.318442166748 0.696945796875 -0.194448627319
0.325483859375 -0.411409 -0.153765289062
0.30723970932 0.698309422363 -0.146911320557
0.294846 -0.411409 -0.11526
0.296676081543 0.696945796875 -0.121229708643
0.273507209488 -0.406227223145 -0.0820896201858
0.272454904297 0.696945796875 -0.0798703944824
0.249766 -0.411409 -0.0532129
0.239618530518 0.696945796875 -0.0452919662061
0.184101807281 -0.397227294922 -0.559289523071
0.226498890625 -0.411409 -0.526654523437
0.282704 -0.411409 -0.51046
0.322056274826 -0.405681772949 -0.476137397324
0.363041799621 -0.403772697266 -0.42816994458
0.390027275879 -0.402681796875 -0.383600574219
0.410188 -0.411409 -0.334993
0.421280831497 -0.407318123535 -0.288187331207
0.427365 -0.411409 -0.226548
0.423264889648 -0.404863597656 -0.177277182349
0.412210555603 -0.410999912354 -0.126822261397
0.389116 -0.411409 -0.0672278
0.350597115738 -0.404727235108 -0.0111571874435
0.324579 -0.411409 0.0216007
0.291122468262 -0.398318195313 0.0496123353882
0.235751 -0.411409 0.0861369
0.190002504529 -0.404863597656 0.104851099805
0.131328 -0.411409 0.120066
0.090154425 -0.400442278125 0.123306
-0.410534 -0.411409 -0.226548
0.0690773299423 -0.408545386475 -0.570848765236
0.136366677185 -0.403772697266 -0.571835282593
0.235751 0.705673 0.0861369
0.284547708984 0.696945796875 0.0557571948731
0.324579 0.705673 0.0216007
0.360342 0.705673 -0.0202734
0.389116 0.705673 -0.0672278
0.410188 0.705673 -0.118104
0.423346255631 0.688491318848 -0.176521056885
0.425819572632 0.68821859375 -0.223398130371
0.415675014805 0.693332189331 -0.286540509819
0.408301286416 0.69481513205 -0.337951417608
0.391177333008 0.699127597656 -0.380420437134
0.356939941345 0.698036697266 -0.436645331665
0.322137769775 0.705673 -0.46644038147
0.289989398048 0.69517308374 -0.503593708084
0.226816827499 0.705673 -0.524788075943
0.179375035578 0.698036697266 -0.561459224792
0.135092971875 0.705673 -0.565240269531
0.0878332473633 0.692582195312 -0.566028799805
-0.410534 0.701005288232 -0.229932268127
0.0735594141554 0.70356118418 0.112629693349
0.122632985196 0.699127597656 0.117099846694
0.184875 0.705673 0.10721
-0.392513208254 -0.400499996094 -0.572445942139
-0.133938865192 -0.411409 0.118893727423
-0.401910087109 -0.411409 0.132857346875
-0.407489878435 0.698036697266 -0.57574226123
-0.391274272461 -0.0499268182617 0.47884693164
-0.144999241943 -0.068527586377 0.486680304688
-0.175612878906 0.702680238672 0.488458
-0.401023023438 0.693701954688 0.488458
-0.410534 0.699874524927 0.11921214917
-0.166340100661 0.704176619336 0.121472231655
-0.410534 -0.060704771875 0.110677640625
-0.410534 -0.411409 0.488458
-0.149933085938 -0.405925639063 0.488458
0.0612123125 -0.411409 0.488458
0.0664433921875 -0.0658155460937 0.475387195313
-0.138519846094 -0.0604739 0.130074625
0.081549791748 -0.0597094043945 0.124464290039
-0.410534 -0.214632910254 0.417929067383
-0.4029251875 -0.243999628632 0.411117219177
-0.410534 -0.26062 0.405207
-0.410534 -0.283298 0.397176
-0.410534 -0.315780371094 0.38913380957
-0.410534 -0.319683 0.366099
-0.410534 -0.332872625 0.350495742187
-0.410534 -0.340407109375 0.330660839844
-0.410534 -0.345042452149 0.304437116211
-0.410534 -0.340788907715 0.288045754395
-0.410534 -0.338283070312 0.269553585938
-0.410534 -0.322494928955 0.238895931397
-0.410534 -0.303124 0.2281645
-0.410534 -0.287773224854 0.204429829773
-0.410534 -0.26062 0.2065075
-0.410534 -0.236078717188 0.19655874707
-0.410534 -0.21590712793 0.201463884155
-0.410534 -0.183383 0.2187405
-0.410534 -0.164298 0.233387
-0.410534 -0.153853 0.245616
-0.410534 -0.13474143125 0.268898507813
-0.410534 -0.12906610918 0.295587955078
-0.4029251875 -0.136647761915 0.341020854492
-0.397218578125 -0.146362183154 0.354269508057
-0.410534 -0.1590755 0.372213
-0.4029251875 -0.179761048828 0.390604420899
-0.410534 -0.190261387012 0.401860350586
0.07643 -0.183383 0.392974
0.07643 -0.1590755 0.372213
0.07643 -0.142373 0.344957
0.0764299983398 -0.124816863769 0.320139460449
0.0764299974609 -0.132921587109 0.285402389649
0.0764299980469 -0.144367644531 0.258472253418
0.076429996875 -0.15907623125 0.233835605469
0.07643 -0.176527 0.222942
0.07642999375 -0.193598067969 0.205414488281
0.0764299787598 -0.214913043652 0.187889485748
0.0764299799438 -0.229545448218 0.189023362709
0.0707233806641 -0.261812020032 0.20025068866
0.0764299933594 -0.281886838086 0.207193170898
0.07262559375 -0.301989257568 0.227333125244
0.076429996875 -0.323170777344 0.243772533203
0.07643 -0.328086 0.259329
0.0681078613281 -0.33649226532 0.286306861267
0.07643 -0.341263410156 0.304389550781
0.07643 -0.3428403125 0.330921796875
0.07643 -0.3238845 0.3592425
0.07643 -0.303124 0.3835495
0.07643 -0.286711307031 0.408126052734
0.07643 -0.26062 0.405207
0.07643 -0.233365976416 0.423620698364
0.07643 -0.220735 0.407084
0.0688211875 -0.200340486328 0.401132683594
0.21231675 0.147132 -0.02320565
0.2424535 0.147132 -0.04696725
0.223640441406 0.705673 0.02584840625
0.281209989258 0.705673 0.00403639667969
0.1920909375 0.705673 0.060188375
0.26489690625 -0.411409 0.00430292890625
0.227604171875 -0.411409 0.0341100085937
0.17439225 0.147132 -0.00261176375
0.182801632813 -0.411409 0.0453810278125
0.1193346125 0.147132 0.013700495
0.157882301318 -0.411409 0.0662986891113
0.163678710938 0.705673 0.0704691303125
0.100386346953 -0.407408931035 0.0889911631893
0.0907050794533 0.705127549805 0.0606437948953
0.0620495875 0.147132 0.0174542125
0.0198717415675 0.12040494043 0.00959794260026
0.107738727246 -0.410723579883 0.0597268168555
0.0516464689062 -0.411409 0.0806949765625
-0.00820549425 0.147132 0.0029081725
0.0619180988008 0.705673 0.044987449082
-0.0833386969138 0.705673 0.0812763227734
-0.04715805 0.147132 -0.015668675
-0.000126827250126 -0.411409 0.044173215498
-0.104147751172 -0.411409 0.0401249835937
-0.10915535 0.705673 0.0531025
-0.089593575 0.147132 -0.04696635
-0.2563092875 -0.411409 0.0313971
-0.107636768017 0.138404796875 -0.0669066464844
-0.248208472656 0.705673 -0.160727318359
-0.25513374707 0.705673 0.0524103696289
-0.141955088867 0.705673 0.0442541388672
-0.141071193359 0.125313992188 -0.116098046582
-0.285464089233 -0.411409 -0.162947552954
-0.289741088867 0.705673 -0.180281883008
-0.153967242432 0.155859203125 -0.146334674512
-0.16344175 0.147132 -0.17885025
-0.167572625 0.147132 -0.231341625
-0.28886475 -0.411409 -0.21696125
-0.28886475 0.705673 -0.21696125
-0.160286792603 0.168950007813 -0.284642952759
-0.274599478516 -0.411409 -0.257395082031
-0.289348349121 0.705673 -0.261821020508
-0.14566675 0.147132 -0.3289525
-0.12691275 0.147132 -0.36243475
-0.101414414575 0.155859203125 -0.393269704224
-0.223917024292 -0.411409 -0.306841870606
-0.261372835137 -0.411409 -0.494553722656
-0.255040433593 0.705673 -0.322932953125
-0.2599655 0.705673 -0.481371
-0.08228115 0.147132 -0.412375
-0.039180943167 0.155859203125 -0.440856881958
-0.23089585 -0.411409 -0.50619925
-0.237284191031 0.705673 -0.517524546875
-0.0118560820104 0.140586597656 -0.45336461203
0.03352492275 0.147132 -0.466797125
-0.199761146276 -0.411409 -0.525792813477
0.0477412074783 0.705673 -0.539997956055
-0.18463729768 0.705673 -0.509912583008
0.0503590455078 -0.411409 -0.512313351563
0.1003968 0.147132 -0.469796375
0.12310627998 -0.411409 -0.541323339844
0.1134657 0.705673 -0.52166775
0.14282925 0.147132 -0.46193
0.1788335 0.147132 -0.448645
0.19001115625 -0.411409 -0.486114234375
0.167483 -0.411409 -0.5265185
0.146788821779 0.705400274902 -0.510376548939
0.233215153015 0.175495410156 -0.413377135254
0.236404495117 -0.411409 -0.480866228027
0.23222946875 0.705673 -0.463415
0.197947293701 0.705673 -0.517382337158
0.2566329375 -0.411409 -0.446034125
0.25601075 0.147132 -0.3925715
0.308159351562 -0.411409 -0.413986304687
0.305049158203 0.705673 -0.408644051758
0.274591496338 0.175495410156 -0.36868107489
0.350231769531 -0.411409 -0.37558028418
0.3584255625 0.705673 -0.33691953125
0.332667011719 0.705673 -0.34872341211
0.297053003906 0.144950199219 -0.331155168396
0.35799103125 -0.411409 -0.335627632812
0.312936772461 0.12967759375 -0.287894229981
0.378944019043 -0.411409 -0.281103330078
0.370893171387 0.705673 -0.284226065674
0.3193005 0.147132 -0.255309
0.377918320313 -0.411409 -0.243281578125
0.320685714844 0.16458640625 -0.221305323242
0.385151875 -0.411409 -0.194305625
0.3773096875 0.705673 -0.210187328125
0.3853405 0.705673 -0.2516008125
0.318568900879 0.142768398437 -0.194388458984
0.307936498047 0.12967759375 -0.149220846192
0.366988683594 -0.411409 -0.167107783203
0.3676814375 0.705673 -0.163427621094
0.337513800781 0.705673 -0.110778991406
0.28730925 0.147132 -0.102960975
0.355212677735 -0.411409 -0.108020511133
0.336042337891 -0.411409 -0.0781880705078
0.328226563461 0.705673 -0.0661952293426
0.262257 0.147132 -0.06783775
0.291232224121 -0.411409 -0.040713533754
0.290245609375 0.705673 -0.032237384375
0.211857387573 0.136222996094 -0.548953608032
0.2709655 0.147132 -0.51765325
0.309370262695 0.125313992188 -0.48685869043
0.33351975 0.147132 -0.46422825
0.376014648804 0.131859394531 -0.406638867066
0.355072237793 0.155859203125 -0.438306410156
0.398834066712 0.158041003906 -0.361865281128
0.415235956909 0.155859203125 -0.311957094483
0.426391585449 0.12967759375 -0.23840609082
0.423944282959 0.125313992188 -0.191102382812
0.420285193359 0.155859203125 -0.164970143945
0.394923644836 0.162404605468 -0.0822053287415
0.413418685425 0.120950390625 -0.133064475464
0.367296658875 0.135132095703 -0.0335942447632
0.330084504394 0.140586597656 0.0134497631836
0.298868315918 0.162404605469 0.0432445321228
0.265487272949 0.131859394531 0.0673189617493
0.216031557337 0.162404605468 0.0941296072266
0.1581015 0.147132 0.113638
0.191943322754 0.131859394531 0.104163948559
0.105165624219 0.141492785156 0.12212475
0.0965877960937 -0.24266000625 0.12279975
-0.0672551679077 -0.411409 0.110290755078
-0.0167783800781 -0.411409 0.323487875
0.0764299585937 -0.40036490625 0.30711315625
0.0764299390625 -0.349239051563 0.15996234375
0.07642995 -0.36140625 0.180638125
0.07642995 -0.37128625 0.19557175
-0.410534 0.16458640625 -0.226548007813
-0.410534 -0.411409 -0.4020155
-0.410534 -0.411409 -0.051081
0.0499659132812 0.147132 -0.576571539063
-0.16705205 -0.411409 -0.577483
0.151198957031 0.16458640625 -0.568391589844
-0.182269671875 0.147132 -0.577483
-0.16705205 0.705673 -0.577483
-0.410534 0.120950390625 -0.382823742187
-0.410534 0.145503572168 -0.0216080273437
-0.410534 0.696945796875 -0.405099889649
-0.403795898437 0.704550714502 -0.0662059720703
-0.410534 0.328673104102 -0.073014375
-0.0576548193125 0.705673 0.117023633125
-0.0779834955353 0.304923553406 0.124386
0.0878491336914 0.314336999609 0.12348740625
-0.403697958923 0.144404749023 -0.576669063843
-0.308710227442 -0.411409 0.118597838281
-0.29640228125 -0.411409 0.3291765
-0.1822705625 -0.411409 0.306422
-0.410534 -0.220039102978 0.0990180444335
-0.410534 -0.389494398438 0.308274695312
-0.410534 -0.375002441406 0.185622128906
-0.410534 -0.35231 0.172868875
-0.410534 -0.340143533203 0.160683388672
-0.410534 -0.330566287109 0.180196658691
-0.284275786133 -0.0863943240235 0.488458
-0.410534 0.32259955 0.488458
-0.407383489014 -0.240588939966 0.468138028564
-0.280471395508 -0.258560313867 0.488458
-0.410534 -0.145621925 0.435620063477
-0.410534 -0.113840335156 0.392835806641
-0.410534 -0.105599075 0.4235215
-0.1822705625 0.32259955 0.488458
-0.303059964844 0.325592311328 0.488458
-0.167053 0.352527163282 0.302511070313
-0.134715414063 -0.241424810938 0.488458
-0.0591025292969 -0.237312290234 0.488458
-0.0386463312073 -0.062187450293 0.479902841309
-0.167053 -0.0604739 0.306422
-0.302428376557 0.7012773818 0.48419153125
-0.281719711182 0.705673 0.288822816406
-0.188928246094 0.705673 0.3206435625
-0.409820676758 0.688090527197 0.303177706055
-0.410534 0.32259955 0.306422
-0.410534 0.279985879883 0.407374980469
-0.291341007812 0.705673 0.125357134766
-0.410534 0.304642982031 0.110677640625
-0.155818071265 0.328585072656 0.134252208984
-0.410534 -0.129641267236 0.15039878125
-0.410534 -0.099018578125 0.167145273437
-0.410534 -0.0823054609375 0.199210023437
-0.2887935 -0.411409 0.488458
-0.410534 -0.314571945215 0.444575208984
-0.410534 -0.341339976562 0.44751875586
-0.410534 -0.36140625 0.431641125
-0.410534 -0.380345305176 0.417734189453
-0.410534 -0.369793515625 0.394587605225
-0.410534 -0.369733109375 0.37815365625
-0.0300938125 -0.411409 0.488458
0.0728930765381 -0.233822009717 0.462454410156
0.0764299996093 -0.376988789062 0.395986660156
0.07643 -0.36634625 0.4241743125
0.07643 -0.34363875 0.4443555
-0.076044095459 -0.0604739 0.299488988281
0.0764299728516 -0.0916980898436 0.305007036133
0.07643 -0.1237857 0.44148525
0.07643 -0.105599075 0.4235215
0.0764299951172 -0.0919239717284 0.395714854492
0.07643 -0.105391143359 0.387866820312
0.07643 -0.150339457422 0.441005650391
-0.04531155 -0.0604739 0.124386
0.0764299390625 -0.083508021875 0.204248359375
0.0764299484375 -0.109685196875 0.182697578125
0.0764835602539 -0.142643575977 0.164250985351
0.0764299672852 -0.172128256836 0.180640517639
-0.167052 -0.2013825 0.4017915
-0.159918738281 -0.216589912353 0.405419796143
-0.167052 -0.24077625 0.40802975
-0.167052 -0.2567105 0.4061455
-0.167052 -0.274011125 0.40102225
-0.167052 -0.30217425 0.3839471875
-0.167052 -0.3215285 0.362485125
-0.1746608125 -0.33330682373 0.337371935547
-0.167052 -0.337995 0.32189
-0.16324759375 -0.336707337402 0.288615287598
-0.167052 -0.326754625 0.257757875
-0.167052 -0.3041326875 0.230059875
-0.1594431875 -0.276506153565 0.212764126709
-0.167052 -0.241753625 0.2042345625
-0.167052 -0.21487075 0.206038375
-0.167052 -0.185097 0.217690125
-0.143750011719 -0.202545156006 0.210044761963
-0.18607403125 -0.162279878906 0.235885964844
-0.16324759375 -0.166144098144 0.232292122559
-0.167052 -0.151622875 0.2501583125
-0.168003101562 -0.136428055969 0.292244390747
-0.167052 -0.13647975 0.3257995
-0.167052 -0.144192625 0.348528375
-0.167052 -0.160381125 0.3737415
-0.16324759375 -0.178650791016 0.389257016602
-0.183220726562 -0.171048629395 0.38332501001
0.2221224375 0.4264025 -0.0300969625
0.225078646728 -0.140865703125 -0.0329518976746
0.2149941875 -0.411409 0.009945221875
0.199423797546 -0.116865894531 -0.0155658965018
0.181055625 -0.1321385 -0.005371731875
0.19053675 0.4264025 -0.0105202034375
0.151834774506 -0.140865703125 0.00496908131836
0.134382182813 -0.411409 0.0334519594531
0.13699238247 0.40894809375 0.0098691173828
0.121056158887 -0.140865703125 0.0134382798584
0.112958878882 0.435129703125 0.0147597830835
0.071468833585 -0.14959290625 0.0177121083789
0.0768685717615 0.431311551758 0.0177200169556
0.0566143432959 0.411129894532 0.0168201990722
0.035803698875 -0.1321385 0.0146344475
0.035803698875 0.4264025 0.0146344475
-0.0078873556089 -0.123411296875 0.0026281657666
-0.00919948503125 0.4264025 0.0020894553125
-0.0647998072813 0.705673 0.039771464375
-0.041008575 -0.1321385 -0.0119001875
-0.0744126939339 -0.411409 0.0143390273193
-0.05513563125 0.4264025 -0.0209985
-0.0816063500489 -0.11468409375 -0.040446059082
-0.151782219141 -0.411409 -0.00288317734375
-0.104152658984 0.705673 0.0125788568359
-0.17292865625 -0.411409 -0.0230460640625
-0.0932497875 0.4264025 -0.050089025
-0.115222195398 0.435129703125 -0.0765700337402
-0.166174234375 0.705673 -0.09810789375
-0.164103705457 0.705673 0.00356925025632
-0.11470921875 -0.1321385 -0.0743466125
-0.190049052734 -0.411409 -0.114975950391
-0.19236780127 0.705673 -0.114776017529
-0.13959834375 -0.1321385 -0.112442175
-0.21117931836 -0.411409 -0.147758166797
-0.126253508911 0.404584492188 -0.0913136958985
-0.21183915625 0.705673 -0.15111286875
-0.143378929443 0.40894809375 -0.119772833496
-0.154775914551 -0.140865703125 -0.148961351563
-0.212674625 -0.411409 -0.184745195312
-0.1569086875 0.4264025 -0.15325225
-0.165691375 -0.1321385 -0.193053375
-0.218070935791 -0.411409 -0.224771295044
-0.165075331665 0.404584492188 -0.195816439331
-0.211462683624 0.705673 -0.190103031244
-0.1681383125 -0.1321385 -0.2289448125
-0.1681383125 0.4264025 -0.2289448125
-0.164899088745 -0.142502053711 -0.259825273437
-0.2270873125 0.705673 -0.2481188125
-0.16480638086 0.44385690625 -0.266045611328
-0.158767967285 -0.127774898438 -0.292277850098
-0.151155856201 -0.136502101562 -0.314509373047
-0.15701003125 0.4264025 -0.298617625
-0.2203656875 0.705673 -0.280907
-0.141498586914 -0.14959290625 -0.336957738281
-0.1403945625 0.4264025 -0.3397155
-0.217359335693 0.705673 -0.310183882812
-0.1184600625 -0.1321385 -0.3740685625
-0.177735847595 -0.411409 -0.35104614331
-0.173255478442 -0.411409 -0.424125414063
-0.1184600625 0.4264025 -0.3740685625
-0.179964189404 0.705673 -0.431456470947
-0.085058154834 -0.140865703125 -0.409207246094
-0.171710196484 -0.411409 -0.459844416016
-0.082036925 0.4264025 -0.41208903125
-0.0692626875 -0.1321385 -0.4229994375
-0.13844806792 -0.411409 -0.461261249268
-0.138558824989 0.705673 -0.467954434814
-0.0450233627512 -0.140865703125 -0.438107195801
-0.00919949128125 -0.1321385 -0.45518625
-0.105633951633 -0.411409 -0.482402826172
-0.0376768742812 0.4264025 -0.4425764375
-0.100626269709 0.705673 -0.466595213669
0.0031333145625 0.4264025 -0.4598875
0.024292163125 0.705673 -0.490257
0.0413315486543 -0.147411105469 -0.468313404785
-0.0536172626504 -0.411409 -0.497888609375
0.0226284618296 0.452584109375 -0.464362613037
0.0740330625 -0.1321385 -0.4711163125
0.107840647949 -0.411409 -0.509376154297
0.0655785851367 0.422038898438 -0.470209462402
0.0703417937375 0.705673 -0.517364353271
0.1181950125 -0.1321385 -0.46726409375
0.1181950125 0.4264025 -0.46726409375
0.1542845625 -0.1321385 -0.45840625
0.153697562061 0.438402404297 -0.458147597778
0.189596625 -0.1321385 -0.443372625
0.195178328125 0.4264025 -0.4398418125
0.179563439453 0.705673 -0.478452943359
0.21622726001 -0.140865703125 -0.425740831421
0.247275196533 -0.119047695312 -0.401293958984
0.238765217285 0.44385690625 -0.409132259765
0.269793849121 0.705673 -0.424997049194
0.26897765625 0.4264025 -0.37681075
0.2753935 -0.1321385 -0.3681408125
0.322567028625 -0.410318099609 -0.360423457489
0.296686 -0.1321385 -0.33339475
0.291997625 0.4264025 -0.3417653125
0.30828725 -0.1321385 -0.3044035625
0.348289445313 -0.411409 -0.29481000293
0.30828725 0.4264025 -0.3044035625
0.3175516969 -0.1321385 -0.262235872986
0.3190245 0.4264025 -0.2492285625
0.320474898926 -0.14959290625 -0.23441346167
0.369356746826 -0.411409 -0.209535557129
0.345213926758 0.705673 -0.253688092285
0.315033822998 -0.127774898438 -0.175243031616
0.3171451875 0.4264025 -0.18478296875
0.35271590625 0.705673 -0.215958185547
0.30828725 -0.1321385 -0.1486934375
0.308547073486 0.442766005859 -0.150559036011
0.291997625 -0.1321385 -0.1113316125
0.291997625 0.4264025 -0.1113316125
0.272881375 -0.1321385 -0.080856225
0.272519054199 0.40894809375 -0.080841413916
0.247671125 -0.1321385 -0.05191818125
0.247671125 0.4264025 -0.05191818125
0.248082507813 0.705673 -0.00855779140625
0.1944140625 -0.1321385 -0.556355625
0.243391173828 -0.125047647461 -0.533079935486
0.270522998779 -0.112502292969 -0.517124868897
0.262543484375 -0.411409 -0.48725090625
0.307147126953 -0.11468409375 -0.488350654297
0.305209881347 -0.411409 -0.447841237793
0.334567494141 -0.140865703125 -0.463001443359
0.361968141602 -0.127774898438 -0.427238386719
0.397379771729 -0.140865703125 -0.364733866943
0.4125985 -0.1321385 -0.324953125
0.420410465576 -0.123411296875 -0.287740039551
0.425665599609 -0.133229400391 -0.236682134765
0.4235975 -0.1321385 -0.19240575
0.41603 -0.140865703125 -0.144165490625
0.3989935 -0.1321385 -0.09107601875
0.381873638184 -0.14959290625 -0.0570197221192
0.33838915625 -0.411409 -0.0424847171875
0.3491660625 -0.1321385 -0.00718843125
0.290897144531 -0.411409 0.00554164501953
0.32210194336 -0.147411105469 0.022421648291
0.277933513672 -0.11468409375 0.0592767500488
0.218165158203 -0.136502101562 0.0932025224121
0.165557658594 -0.11468409375 0.1113633125
0.116477635059 -0.134717131055 0.12123459375
0.103297182653 -0.321617906223 0.122599897217
0.0410523675781 -0.410038159766 0.1327839375
0.0122303109375 -0.411409 0.23389203125
0.0764299390625 -0.393675914063 0.217774304687
0.0764299 -0.323675225 0.124386
0.0757115930835 -0.396022466834 0.14653008728
-0.329147503906 -0.411409 -0.201180966406
-0.341000160156 -0.411409 -0.240629443555
-0.410534 -0.103775089844 -0.210440682617
-0.410534 -0.402681796875 -0.314967169922
-0.410534 -0.411409 -0.1388145
0.09358555625 -0.1321385 -0.5761326875
-0.0516620007812 -0.411409 -0.570256804687
0.137590331872 -0.147411105469 -0.571103876587
0.269656176514 0.413311695313 0.06354234104
0.241476959717 0.450402308594 0.0808416941223
0.249660996094 0.705673 0.03872318125
0.299632235962 0.434038802735 0.0422852253265
0.333078814896 0.429675201172 0.0113950346298
0.379458164062 0.435129703125 -0.054108796875
0.360639176819 0.404584492188 -0.0240297187317
0.3593596875 0.705673 -0.0767046875
0.407764583405 0.454765910156 -0.116467442593
0.384839458008 0.705673 -0.140863175158
0.4125985 0.4264025 -0.128143875
0.424759001465 0.435129703125 -0.196360592285
0.421437 0.4264025 -0.16495675
0.426449456055 0.40894809375 -0.235874939453
0.421437 0.4264025 -0.28814025
0.40922918457 0.447129607422 -0.333906352051
0.387692729004 0.448220507813 -0.384663911865
0.360325195312 0.705673 -0.389882308594
0.3536364375 0.4264025 -0.4406735625
0.319623428039 0.446038707031 -0.47789664032
0.268670640625 0.705673 -0.475580640625
0.27231028125 0.4264025 -0.5165135
0.2198515625 0.4264025 -0.545818625
0.1681415625 0.4264025 -0.5643241875
0.1463878875 0.705673 -0.541475078125
0.130067375577 0.449311408203 -0.57136192514
0.0663063664551 0.417675296875 -0.576932325683
-0.0548220886719 0.44385690625 -0.577483
-0.0430984611711 0.696945796875 -0.575487249023
-0.349776993164 0.705673 -0.192348663281
-0.365580339844 0.705673 -0.21696345
-0.353030161621 0.705673 -0.251741064063
-0.410534 0.416857121582 -0.204785979492
-0.410534 0.44385690625 -0.310169230469
-0.410534 0.411428588867 -0.125791558594
-0.410534 0.696945796875 -0.315652589844
-0.40808378125 0.700529191468 -0.113727712988
-0.410534 0.512641348828 -0.164517673828
0.075803333969 0.705145046045 0.0913527375121
0.0868456570312 0.424349837402 0.123557015625
0.009521448875 0.705673 0.10939126625
0.0225037841445 0.517129036328 0.12391741457
0.0967243334959 0.520152111133 0.122682234375
0.109200409985 0.705673 0.0878812313232
0.136569422852 0.435129703125 0.11820190625
0.188429146777 0.441675105469 0.105041772461
-0.331566862756 -0.411409 -0.538502392578
-0.295695098167 -0.410318099609 -0.544854216004
-0.410534 -0.411409 -0.48974925
-0.295926285254 -0.407045398438 -0.577483
-0.271435425049 -0.138683902344 -0.577483
-0.410534 -0.112502292969 -0.496432094238
-0.410534 -0.1321385 -0.577483
-0.142978384375 -0.411409 0.075064553125
-0.246023307031 -0.411409 0.110851945313
-0.193208185547 -0.411409 0.20544890625
-0.314633791601 -0.411409 0.07361145
-0.410534 -0.389045541992 0.0106922944336
-0.410534 -0.132328265137 0.0620129648438
-0.362851049219 -0.411409 0.11857419375
-0.410534 -0.32154241875 0.134553109375
-0.410534 -0.411409 0.215404
-0.410534 -0.377562765625 0.148851015625
-0.3279823375 0.705673 -0.5356340625
-0.294372921998 0.696945796875 -0.564368769531
-0.410534 0.68821859375 -0.489063830078
-0.407025496324 0.44385690625 -0.575652011719
-0.353468140625 -0.071440621875 0.488458
-0.410534 0.131062825 0.488458
-0.387278547737 -0.151043118999 0.488414931152
-0.357034756836 -0.157118136523 0.488458
-0.40292521875 -0.101415876563 0.476403472656
-0.409107353516 -0.0718560346436 0.449309734863
-0.248074631592 -0.0279276205566 0.488458
-0.1822705625 0.131062825 0.488458
-0.223242066223 0.138310918842 0.487835806641
-0.167053 0.131062825 0.39744
-0.166101844727 -0.13107217207 0.488458
-0.101122071686 -0.169519956769 0.488458
-0.0909645625 -0.0604739 0.488458
-0.167053 -0.0395245707031 0.403484164062
-0.167053 0.514136275 0.488458
-0.228398798828 0.69819109668 0.479213984375
-0.210981822998 0.705673 0.390862527344
-0.178703946289 0.705673 0.415216953125
-0.410534 0.514136275 0.488458
-0.341698307129 0.525733225147 0.488458
-0.373916740235 0.702680238672 0.488458
-0.3953164375 0.705673 0.39744
-0.410534 0.49010802168 0.391426136719
-0.410534 0.50006119375 0.428459625
-0.341927875 0.705673 0.074569815625
-0.410534 0.692205574023 0.0455629335937
-0.357094200439 0.705673 0.221981472656
-0.3953164375 0.705673 0.215404
-0.357343266113 0.705673 0.134627220214
-0.410534 0.520121797656 0.142162953125
-0.134465101125 0.705673 0.0896509725
-0.117115322831 0.702680238672 0.117067923467
-0.167053 0.484208661719 0.216115078125
-0.1822705625 0.705673 0.215404
-0.212635561293 0.705673 0.0943980752012
-0.161093732245 0.518064274243 0.126519234375
-0.410534 0.127085949219 0.028427484375
-0.410534 -0.145501386914 0.114943164063
-0.410534 0.119523287402 0.236826716797
-0.410534 0.130314634668 0.102795333984
-0.3344461875 -0.411409 0.39744
-0.410534 -0.4018803125 0.3938991875
-0.410534 -0.318874253491 0.469594536621
-0.3648813125 -0.411409 0.488458
-0.410534 -0.3690403125 0.466815546875
-0.410534 -0.393759 0.44878996875
-0.12139995625 -0.411409 0.39744
-0.172046188477 -0.411409 0.396728921875
-0.210803492187 -0.334641946875 0.488458
-0.153559191162 -0.307396497217 0.488458
-0.2431408125 -0.405925639063 0.482769375
-0.0919156695313 -0.408667319531 0.482769375
0.07642998125 -0.4018803125 0.3938991875
-0.000999644821166 -0.300124618161 0.488458
0.0179370082031 -0.407296479297 0.4685478125
0.07643 -0.32199375 0.46669521875
0.0764299953125 -0.393390175586 0.44075950293
0.07643 -0.380705309375 0.466874265625
0.01555925 -0.0604739 0.488458
0.07643 -0.15129249375 0.478051625
0.01555925 -0.0604739 0.39744
0.07642998125 -0.07020931875 0.3938991875
0.0764299999023 -0.0956627505859 0.461921154297
0.076429996875 -0.07505391875 0.444297125
0.07643 -0.105433825 0.47820834375
-0.09096459375 0.131062825 0.124386
-0.167053 -0.0604739 0.215404
-0.146856878107 0.125077302344 0.12580815625
-0.111056665527 -0.0604739 0.225714632812
-0.0903998750123 -0.0539272345947 0.124741539062
0.0883316365234 -0.147067706641 0.1234494375
0.0818446540039 0.133390375196 0.12395990625
0.076429925 -0.0604739 0.215404
-0.0100909393188 -0.0522438063477 0.127141427734
0.076429925 -0.0830364875 0.156571875
0.0780885207458 -0.0937115711548 0.139908526489
0.0805043746094 -0.107369473047 0.12919796875
-0.410534 -0.166874885156 0.440553158203
-0.410534 -0.275234487403 0.424211854492
-0.288793 -0.21295271875 0.40505409375
-0.288793 -0.234763875 0.40802975
-0.409939563965 -0.287370423877 0.439401060059
-0.288793 -0.25177425 0.407007
-0.288793 -0.269759 0.4025280625
-0.410534 -0.3207235625 0.415814328125
-0.288793 -0.29007178125 0.39283990625
-0.288793 -0.30792446875 0.3791390625
-0.410534 -0.340544625 0.3988700625
-0.294024058594 -0.320626124634 0.363513870605
-0.410534 -0.354395574219 0.377121760742
-0.288793 -0.3312808125 0.3444683125
-0.410534 -0.34667596875 0.356765414063
-0.2811841875 -0.336895460938 0.323714043457
-0.288793 -0.33809559375 0.2936066875
-0.410534 -0.363433472656 0.35309096875
-0.410534 -0.353658609375 0.229054703125
-0.410534 -0.352017970825 0.328081361939
-0.288793 -0.333438875 0.272866375
-0.282135289062 -0.322009038574 0.24963876709
-0.410534 -0.32451709375 0.198507265625
-0.288793 -0.30792446875 0.23257503125
-0.2964018125 -0.287287400269 0.21861879895
-0.410534 -0.291653226562 0.180056115234
-0.288793 -0.26689990625 0.20825734375
-0.288793 -0.24477215625 0.20415671875
-0.410534 -0.256789584082 0.192548058716
-0.288793 -0.213246125 0.206832515625
-0.410534 -0.149495595203 0.195587941193
-0.288793 -0.188596625 0.215729875
-0.304010625 -0.175939328125 0.223624882812
-0.28498859375 -0.170410171875 0.228281192871
-0.288793 -0.1547610625 0.2450371875
-0.410534 -0.1283427875 0.21929378125
-0.288793 -0.143106796875 0.26570490625
-0.410534 -0.131593852344 0.246419893555
-0.410534 -0.120895094922 0.348214835938
-0.410534 0.0908387773438 0.336123734375
-0.273575375 -0.135293835937 0.29422065625
-0.288793 -0.13502784375 0.3123585625
-0.410534 -0.11782944375 0.366915875
-0.288793 -0.14117675 0.3416580625
-0.288793 -0.14997790625 0.359624625
-0.29259740625 -0.169021638672 0.381906180664
-0.410534 -0.159224989062 0.40985134375
-0.273575375 -0.177404320312 0.389056195313
-0.288793 -0.191739375 0.397542
0.07643 -0.175109686768 0.437035454834
-0.045311 -0.19893125 0.4004783125
0.07643 -0.138328433594 0.417130984375
-0.045311 -0.175855375 0.387991625
0.07643 -0.13016713125 0.3950783125
-0.045311 -0.15827965625 0.37091809375
-0.045311 -0.1440520625 0.3485999375
0.07643 -0.120359725 0.37711775
-0.045311 -0.13835725 0.3336185
0.0764299996094 -0.109019870312 0.365740701172
-0.0619552773437 -0.136039234009 0.320845797119
-0.05672421875 -0.134553996582 0.304299888672
0.0764299984375 -0.112912609375 0.344174742187
-0.0377021875 -0.137259177978 0.289660416016
0.0749438610352 -0.105644353613 0.232641668457
0.0760584496338 -0.128082619653 0.223342444458
-0.045311 -0.14611575 0.2585434375
-0.045311 -0.15691828125 0.24226934375
-0.045311 -0.1797188125 0.221815890625
0.076429975 -0.1573915375 0.1933560625
-0.045311 -0.21101 0.20712675
-0.04150659375 -0.248813862305 0.205066017334
0.076429975 -0.3088249375 0.1893079375
-0.045311 -0.27633284375 0.21165384375
-0.045311 -0.291393125 0.21959209375
0.076429975 -0.33077921875 0.203442265625
-0.045311 -0.309719703125 0.234676890625
-0.045311 -0.328267453125 0.261204234375
0.076429971875 -0.357838015625 0.238786171875
-0.045311 -0.33727290625 0.28816309375
0.07643 -0.352148984375 0.354085328125
-0.045311 -0.3387443125 0.310366875
-0.045311 -0.3354986875 0.331615
0.0764299983398 -0.362859912109 0.371165942383
0.07643 -0.343322273437 0.399250402344
-0.0377021875 -0.326574098633 0.352756928711
0.07643 -0.3215758125 0.41487696875
-0.0386532890625 -0.304115962402 0.381913128418
-0.045311 -0.29007178125 0.39283990625
0.07643 -0.194931565967 0.423237239502
-0.045311 -0.269759 0.4025280625
-0.030093375 -0.248819104248 0.407277937256
-0.045311 -0.2217864375 0.4068511875
-0.04911540625 -0.243702143555 0.407736772461
-0.015453992 0.705673 0.064947065
-0.0414142935059 -0.411409 0.054841896875
-0.0162343555542 -0.411409 0.106516494141
-0.193473871875 -0.411409 0.054731353125
-0.19226486958 -0.411409 0.101613032471
-0.25372 0.705673 -0.05214635
-0.332127 0.705673 -0.095480425
-0.19737687793 0.705673 0.0400916927734
-0.350497652878 0.705673 -0.00896206566925
-0.250683 -0.411409 -0.0837995125
-0.340884875 -0.411409 -0.106892825
-0.35190278125 -0.411409 -0.010846965625
-0.304546796875 -0.411409 -0.38363840625
-0.3383725 -0.411409 -0.35030325
-0.363178015625 -0.411409 -0.4421046875
-0.248170625 0.705673 -0.40629684375
-0.3383725 0.705673 -0.35030325
-0.3383725 0.705673 -0.438037
-0.0948346942764 0.705673 -0.529206632813
-0.059573382375 0.705673 -0.549156
-0.181255336062 0.705673 -0.555395875
-0.064484875 -0.411409 -0.523074
-0.0739502580078 -0.411409 -0.542095896484
0.119533486328 -0.0527928158203 0.120994125
0.0905565106933 0.222725173536 0.123274359375
0.0860263452149 0.0394474011719 0.12363084375
-0.0429337873047 -0.411409 0.198338125
-0.119973298633 -0.411409 0.21398184375
0.019363625 -0.411409 0.31779925
-0.110462247851 -0.411409 0.31637709375
-0.0300938375 -0.411409 0.39744
0.07642994375 -0.4013783125 0.2559549375
0.015559225 -0.411409 0.39744
0.0709611095703 -0.403222101563 0.342015335937
0.076429925 -0.287932725 0.1453855
0.076429925 -0.1982442 0.144916375
0.0783800492065 -0.257891765454 0.152205063477
0.07642998125 -0.36221728125 0.28395309375
-0.410534 -0.11468409375 -0.316338009765
-0.410534 -0.145229304688 -0.128875939453
-0.410534 0.16458640625 -0.33244537793
-0.410534 0.134041195312 -0.128875939453
-0.410534 -0.104865990234 -0.377768770263
-0.410534 -0.123411296875 -0.0435414023438
-0.0219445164062 -0.1321385 -0.576841601562
-0.0226499044067 0.163495505859 -0.576906479858
-0.184171874609 -0.11468409375 -0.577483
-0.138519008984 0.435129703125 -0.577483
-0.305556186596 0.152586501953 -0.577483
-0.304010646875 0.4264025 -0.577483
-0.410534 0.417675296875 -0.423263517578
-0.410534 0.162950055664 -0.5059851344
-0.410534 0.24801789541 -0.0312038789062
-0.410534 -0.0470511785157 0.058585875
-0.410534 0.4264025 -0.48974925
-0.410534 0.514136275 -0.051081
-0.410534 0.541071126953 0.022944140625
-0.410534 0.0411407424805 0.0654400546875
-0.410534 0.312124885352 0.0565296210938
-0.0252420762959 0.521618178321 0.124034560927
-0.115916241034 0.499733611108 0.124386
0.00295703271484 0.309132124023 0.124386
-0.0434093398437 0.137048347656 0.124386
0.0244105083984 0.109428075586 0.12438178125
-0.307815453125 -0.411409 0.2182483125
-0.363008838989 -0.411409 0.216381732422
-0.230300994141 -0.411409 0.29362259375
-0.353468140625 -0.411409 0.29504475
-0.2735759375 -0.411409 0.39744
-0.221577640686 -0.411409 0.405928495117
-0.410534 -0.282315082813 0.126577027344
-0.410534 -0.18821900625 0.13488575
-0.410534 -0.3931386875 0.24180625
-0.404827414063 -0.395411709961 0.340997536133
-0.410534 -0.232186137207 0.169525835693
-0.34086609668 0.128631206421 0.488458
-0.250036270508 -0.148893095117 0.488458
-0.276191456055 0.122832731347 0.488458
-0.409939563965 0.118557041138 0.43596485498
-0.347286005859 0.351294916211 0.488167032227
-0.410534 0.303832775 0.4387995
-0.35727253125 -0.25787489375 0.488458
-0.410534 -0.18729038125 0.477432375
-0.350882343872 -0.346696172778 0.488375783691
-0.405184075684 -0.278068596973 0.469345417969
-0.191365426025 -0.260102509131 0.488458
-0.276667004883 -0.347664929102 0.488458
-0.410534 -0.218661975 0.44512475
-0.410534 0.0865431542969 0.402331539062
-0.232797625488 0.331577833984 0.488458
-0.167053 0.319606788672 0.409883867188
-0.2127056875 0.514136275 0.488458
-0.167053 0.538078365625 0.391173624023
-0.292122341797 0.55453855293 0.488458
-0.167053 0.131062825 0.3291765
-0.167053 0.514136275 0.3291765
-0.167053 0.32259955 0.215404
-0.11429636853 -0.354262097729 0.488458
-0.049115921875 -0.159174396875 0.488458
-0.0445981708985 -0.338069047461 0.488458
0.028287716156 -0.237633580914 0.488458
-0.116168857422 -0.0604739 0.39886215625
0.0190070073242 -0.136898243066 0.488458
-0.0253382851563 -0.0604739 0.3718411875
-0.167053 0.140041108984 0.196560429688
-0.126928238037 -0.0589775193359 0.312110625
-0.272149291016 0.705673 0.39886215625
-0.348682930542 0.705673 0.405528513672
-0.211041266602 0.705673 0.305710921875
-0.353468140625 0.705673 0.31779925
-0.2887935 0.705673 0.215404
-0.214295803894 0.705673 0.212515245117
-0.410534 0.489372686328 0.327115941406
-0.410534 0.514136275 0.2381585
-0.410534 0.303832775 0.3477815
-0.410534 0.328585072656 0.197627046875
-0.410534 0.119756759766 0.296445734375
0.07643 -0.283141915039 0.438617005859
0.0698800041351 -0.190115037283 0.480002820312
0.00699927539062 -0.0604739 0.2922004375
-0.0804021029388 -0.0604739 0.218348307861
0.07642996875 -0.0703266625 0.3479015
0.0104414338188 -0.0604739 0.202643480835
0.0693068742496 -0.073443264856 0.254506066864
0.0764299898437 -0.118231348437 0.295204058594
0.198221289063 0.56603775 -0.0155327112109
0.226401984375 -0.27177375 -0.033381203125
0.197086488037 -0.25431934375 -0.0142970281164
0.15567192926 -0.293591757813 0.00417239314209
0.1509538125 0.56603775 0.0066894021875
0.114030467188 0.56603775 0.01468383125
0.122359951563 -0.27177375 0.01365111125
0.146609595703 0.705673 0.0477550703906
0.0856875976563 -0.27177375 0.0173857329687
0.0787658375659 0.557310546875 0.0167073623413
0.0352930324063 0.56603775 0.01402827375
0.0317434900965 -0.276137351562 0.0128588697913
-0.0208836288359 -0.27177375 -0.00259751195313
-0.0060975407639 0.579128554688 0.00278686659668
-0.0344018896435 0.54858334375 -0.00857528256836
-0.0509534670947 0.574764953125 -0.0184424917724
-0.0725434101553 -0.270682849609 -0.0335088201935
-0.11748130083 -0.411409 -0.0150648893555
-0.07445626875 0.56603775 -0.034161609375
-0.147039125 -0.411409 -0.04380925625
-0.102541879688 0.56603775 -0.06024491875
-0.116586303143 0.705673 -0.0345953632263
-0.112933751563 -0.27177375 -0.072340209375
-0.126942334961 0.54858334375 -0.0912387410156
-0.134206154663 -0.25431934375 -0.103366003711
-0.177142537109 -0.411409 -0.134814114453
-0.146021710083 0.551856044922 -0.125658208301
-0.154104258667 -0.25431934375 -0.145901691992
-0.186832632813 -0.411409 -0.171144929688
-0.180854895508 0.705673 -0.155922864648
-0.158721265625 0.56603775 -0.15959346875
-0.166047664062 -0.27177375 -0.201778257813
-0.198869090088 -0.411409 -0.202811450806
-0.165053750366 0.544219742187 -0.190803604859
-0.202399003906 0.705673 -0.226128449219
-0.167996890625 0.56603775 -0.234337453125
-0.16625378125 -0.27177375 -0.25529425
-0.202407561401 0.705673 -0.255607429016
-0.161645118774 0.570401351562 -0.280206277466
-0.156523746094 -0.27177375 -0.29893209375
-0.148549682556 0.576946753906 -0.321224189331
-0.138160085034 -0.267410148437 -0.342477772095
-0.175700966797 0.705673 -0.322292972656
-0.137192234375 0.56603775 -0.34548096875
-0.123417733691 -0.28922815625 -0.36679430127
-0.143189262109 -0.411409 -0.411848759766
-0.115566203125 0.56603775 -0.377891078125
-0.143822015234 0.705673 -0.422103017578
-0.100285728125 -0.27177375 -0.39563734375
-0.115245235937 -0.411409 -0.438729351563
-0.0852590251953 0.54858334375 -0.409553424316
-0.0632749730076 -0.276137351562 -0.426560317261
-0.112574935937 0.705673 -0.434760539063
-0.0452359715156 0.56603775 -0.438274898438
-0.0884763395349 -0.411409 -0.460888371155
-0.0186624965859 -0.27177375 -0.451419242188
-0.0730311027612 0.705673 -0.454967410401
0.00238286381984 0.58349215625 -0.45886155664
-0.0211537981045 -0.411409 -0.478963203125
-0.06582998375 0.705673 -0.480774558594
0.03445283475 -0.27177375 -0.466778148437
0.0503949887813 0.56603775 -0.469397898438
0.0912372421875 -0.27177375 -0.470186949219
0.107910879688 0.56603775 -0.468403371094
0.14912553125 -0.411409 -0.503468140625
0.146861921875 -0.27177375 -0.4607684375
0.160480078125 0.56603775 -0.4561453125
0.197661367187 -0.27177375 -0.438099609375
0.195819234375 0.56603775 -0.43977990625
0.224518234375 0.56603775 -0.4212003125
0.240904140625 -0.27177375 -0.40708125
0.255098484375 0.54858334375 -0.393196342774
0.279276875 -0.27177375 -0.361713734375
0.277421625 0.56603775 -0.365911078125
0.29689390625 0.56603775 -0.332155703125
0.3060263125 -0.27177375 -0.310599078125
0.3106494375 0.56603775 -0.296980921875
0.31620784375 -0.27177375 -0.274231984375
0.31873809375 0.56603775 -0.258859828125
0.320389793884 -0.291409957031 -0.226966674164
0.3208095 0.56603775 -0.21935796875
0.314247515625 -0.27177375 -0.17130403125
0.316639602539 0.54858334375 -0.181280062988
0.3060263125 0.56603775 -0.142497921875
0.29961792804 -0.279410052734 -0.130635648392
0.286658762207 0.570401351563 -0.102906019043
0.27742165625 -0.27177375 -0.0871856
0.27213609961 0.54858334375 -0.0796850208985
0.247153937744 0.574764953125 -0.0522646121338
0.25480794043 -0.263046546875 -0.0594237625488
0.20065090625 -0.27177375 -0.55348078125
0.252067914063 -0.27177375 -0.52883890625
0.295200164062 -0.25431934375 -0.499300835937
0.337212890625 -0.27177375 -0.459489484375
0.371758734375 -0.27177375 -0.412645921875
0.396029578125 -0.27177375 -0.3691753125
0.413672866211 -0.25431934375 -0.319505330078
0.418118240967 -0.287046355469 -0.297945090942
0.424173198975 -0.258682945313 -0.257679599121
0.425344546875 -0.27177375 -0.206024625
0.422200248947 -0.306546199951 -0.181120588472
0.4082125 -0.27177375 -0.11333435625
0.39334149585 -0.28922815625 -0.0791836740967
0.371405163086 -0.25431934375 -0.0395989026367
0.336394832275 -0.273955550781 0.00634714931641
0.316230924805 -0.245592140625 0.0278012257813
0.26743246875 -0.27177375 0.0661704585937
0.218317485138 -0.267410148437 0.092412773938
0.16023641001 -0.28922815625 0.112723082031
0.119265429199 -0.265306274609 0.12101521875
0.111551247983 -0.373037254169 0.121939153664
0.0459945375 -0.411409 0.169895
0.0707232963135 -0.394350192505 0.183597941772
0.07642990625 -0.359922565625 0.1303501875
-0.383837433594 -0.411409 -0.230125883105
-0.410534 -0.256501144531 -0.221750079102
-0.410534 -0.411409 -0.270414875
-0.399928655964 -0.405443138489 -0.16311080216
0.0944433390625 -0.27177375 -0.576065171875
0.0155594125 -0.411409 -0.577483
0.133684354639 -0.293591757813 -0.57116028833
0.25560015039 0.58349215625 0.0730584878662
0.288638699219 0.561674148437 0.0503993702332
0.33553653125 0.56603775 0.008356215625
0.368553032929 0.544219742188 -0.0363005202118
0.39603025 0.56603775 -0.083921553125
0.413602875 0.56603775 -0.13232715625
0.42304734375 0.56603775 -0.175123375
0.425981765625 0.56603775 -0.21581521875
0.424226307373 0.550765144531 -0.256869677734
0.417837828125 0.56603775 -0.30140159375
0.409258733398 0.58349215625 -0.332774451172
0.38090228125 0.56603775 -0.399013234375
0.344705477539 0.578037654297 -0.449751601074
0.316523435547 0.579128554688 -0.480878534179
0.292124651367 0.58349215625 -0.501609287109
0.251943279297 0.579128554688 -0.528500970703
0.217383296875 0.56603775 -0.546549625
0.160103960799 0.592219359375 -0.565572389343
0.126202334779 0.559492347656 -0.572133016769
0.0682333691406 0.54858334375 -0.577229816406
-0.0105958750976 0.552946945312 -0.577483
0.00979678672703 0.701309398438 -0.567350685547
-0.410534 0.544219742188 -0.228604274414
-0.410534 0.54858334375 -0.269044035156
-0.410534 0.5705167875 -0.17719790625
-0.402272924744 0.705673 -0.269993681445
-0.410534 0.705673 -0.18268125
-0.410534 0.632917805517 -0.187736207519
0.09358555625 0.56603775 0.123036
0.0365148799438 0.698541810898 0.106099263107
0.071998034082 0.614712682813 0.12406115625
0.150681763428 0.54858334375 0.115190111426
0.204965510742 0.581310355469 0.0983840548583
-0.37382600076 -0.404318147461 -0.570595892273
-0.410534 -0.402681796875 -0.532930705078
-0.341579150879 -0.407045398438 -0.577483
-0.363930033008 -0.263046546875 -0.577483
-0.410028727399 -0.268773773926 -0.531602703979
-0.406729594531 -0.280500953125 -0.576454870117
-0.410534 -0.411409 0.08051925
-0.410534 -0.262700239063 0.0983401171875
-0.409725508167 -0.376679255078 0.123842522266
-0.40292521875 -0.405330296875 0.183414724609
-0.365284920341 0.698036697266 -0.564591039551
-0.410534 0.705673 -0.533616125
-0.407244777804 0.573674052734 -0.576366190918
-0.3953164375 0.0352944625 0.488458
-0.380098875 -0.1043407875 0.488458
-0.193564831543 -0.0462582836914 0.487746921875
-0.178941697266 0.0143451332031 0.486324765625
-0.197488125 0.0352944625 0.488458
-0.167053 0.0352944625 0.43157175
-0.158968603516 -0.0920032253906 0.488458
-0.138638722168 -0.100570976855 0.488458
-0.151835304688 -0.0544883773437 0.447926546875
-0.1822705625 0.6099046375 0.488458
-0.205334680664 0.685845956201 0.485258148437
-0.1822705625 0.705673 0.442949
-0.410534 0.6099046375 0.488458
-0.382228627857 0.597871579337 0.487839792725
-0.397218632813 0.705673 0.448637625
-0.410534 0.60521294375 0.453288875
-0.363861580322 0.705673 0.108312866992
-0.410534 0.693701954688 0.0914859375
-0.367103932129 0.705673 0.166712485547
-0.410534 0.705673 0.169895
-0.410534 0.597185401855 0.102225386719
-0.168004097656 0.621875682813 0.17985009375
-0.168004097656 0.693701954688 0.17985009375
-0.195838446094 0.705673 0.114107175781
-0.167053 0.6099046375 0.124386
-0.410534 -0.0982006755371 0.0972153691405
-0.410534 0.0454071049805 0.195714916016
-0.410534 0.0352944625 0.124386
-0.38770765625 -0.4069965 0.444409242187
-0.393889791016 -0.368492094141 0.487142539063
-0.11925995918 -0.410723579883 0.448637625
-0.167053 -0.411409 0.442949
-0.166220705567 -0.374739023731 0.488458
-0.210961388679 -0.409695449707 0.483474897827
0.056233869812 -0.35551982052 0.477973692871
0.0307769375 -0.0604739 0.442949
-0.128295468066 0.0263161785156 0.124386
-0.137873384564 -0.0604739 0.173383727051
-0.167053 0.0352944625 0.124386
0.0704817969192 -0.0646162500488 0.182437151123
0.0459945375 -0.0604739 0.124386
-0.3496635 -0.214715195312 0.405234601563
-0.35346790625 -0.245691145508 0.407370871094
-0.3496635 -0.27201940625 0.401783328125
-0.3496635 -0.292684039063 0.391123671875
-0.35346790625 -0.313210291992 0.373129085693
-0.3496635 -0.331971742188 0.342184
-0.343005789063 -0.338289506592 0.303846053955
-0.3572723125 -0.33759080127 0.29278135791
-0.36107671875 -0.325864682129 0.256876376465
-0.3496635 -0.31766075 0.2433694375
-0.3496635 -0.299908371094 0.225870207032
-0.3496635 -0.28047609375 0.2134551875
-0.359174515625 -0.257529642823 0.206555191406
-0.410534 -0.271531744141 0.194194519043
-0.3572723125 -0.227363968506 0.204570627197
-0.3496635 -0.203935921875 0.209269492187
-0.3496635 -0.18682890625 0.216674875
-0.3496635 -0.173684 0.225421953125
-0.3496635 -0.161714625 0.236472125
-0.3496635 -0.148237085938 0.255269664063
-0.344907992188 -0.138243796692 0.280896226563
-0.410534 -0.00349101606445 0.313468517212
-0.3496635 -0.134920132812 0.300975546875
-0.3496635 -0.136244625 0.32431496875
-0.3496635 -0.140236375 0.33959303125
-0.3572723125 -0.145399044922 0.351235652344
-0.3496635 -0.160839023438 0.373823804687
-0.359174515625 -0.190521082764 0.396367258301
0.0231683125 -0.190974392578 0.39697238086
0.0236438632813 -0.17433679187 0.386461154358
0.0155595 -0.156815039062 0.369051976562
0.0155595 -0.143946640625 0.348653609375
0.0279238203125 -0.138654215942 0.333023249268
0.0155595 -0.134929984375 0.309862671875
0.0079506875 -0.136026029297 0.292493460938
0.0155595 -0.144196699218 0.2632534375
0.0155595 -0.155385640625 0.243942671875
0.0236438632813 -0.166099932007 0.232345117493
0.0155595 -0.183959703125 0.218479289062
0.0231683125 -0.206610394531 0.208723416016
0.01936390625 -0.230048816895 0.204279166382
0.009852890625 -0.250249374267 0.205079403015
0.0231683125 -0.267744674805 0.208700261719
0.0155595 -0.292684039063 0.220590710937
0.0236438632813 -0.310000876496 0.235298341461
0.0155595 -0.325299007812 0.255269664062
0.0155595 -0.336546890625 0.28555778125
0.000341875 -0.3384688125 0.314931675781
0.0155595 -0.334556765625 0.334864890625
0.025070515625 -0.326516169434 0.352954895508
0.000341875 -0.315163007813 0.371330015625
0.0217416601563 -0.30884883963 0.377891590576
0.0155595 -0.2942015625 0.390447171875
0.0155595 -0.275135804687 0.4004500625
0.0236438632813 -0.251847807373 0.406498005493
0.0155595 -0.23275975 0.40799034375
0.0155595 -0.209937914063 0.404229320313
0.211693453125 0.28676725 -0.023044234375
0.209323171875 0.00749675 -0.0217571164844
0.244734507813 0.28676725 -0.0497809023438
0.244405960937 0.00749675 -0.0496857359375
0.179557466309 0.033678359375 -0.00532991880126
0.177040171875 0.28676725 -0.0040138803125
0.147790757813 -0.00995765625 0.00713460292969
0.133435107813 0.28676725 0.0108954129688
0.118195209375 0.00749675 0.01416747125
0.0933043653318 0.295494453125 0.0171636200976
0.0814664446833 0.0140421523437 0.0177637260278
0.0535117727988 -0.0055940546875 0.0165996622607
0.0381612642266 0.28676725 0.014112456875
0.023365642709 0.02495115625 0.0117176991895
-0.0128611627968 0.00749675 0.00082713015625
-0.00870248964062 0.28676725 0.00249881390625
0.0136197444864 0.705673 0.0698299588214
-0.0432595055615 0.705673 0.0675842757568
-0.054221578125 0.00749675 -0.02021783125
-0.0330647680312 0.28676725 -0.0076938378125
-0.0629142493052 0.312948859375 -0.0260789096729
-0.071911240625 -0.411409 0.0592849421875
-0.085023309375 0.00749675 -0.04306300625
-0.0735479317383 0.282403648437 -0.033866839209
-0.0976102515625 0.28676725 -0.0550498125
-0.217260850781 -0.411409 -0.00011220136715
-0.110725023682 -0.001230453125 -0.0696612467773
-0.210346916378 0.705673 -0.0934530213809
-0.2929235 0.705673 -0.1176801375
-0.225687433594 0.705673 -0.0159773355469
-0.2929235 0.705673 0.0139201125
-0.162527666883 0.705673 0.0751040722266
-0.127259980469 0.28676725 -0.092802871875
-0.128361320312 0.00749675 -0.0936555375
-0.2699795625 -0.411409 -0.1167880625
-0.302106367188 -0.411409 -0.0281819101562
-0.300680297363 -0.411409 0.01954610625
-0.15054709375 0.00749675 -0.13641896875
-0.151416359375 0.28676725 -0.13802653125
-0.163583171875 0.00749675 -0.180647765625
-0.160831974243 0.291130851562 -0.171508842505
-0.256058578125 0.705673 -0.200990109375
-0.167361039062 0.00749675 -0.231034679687
-0.167432296875 0.28676725 -0.213980171875
-0.245774996094 -0.411409 -0.200479662109
-0.250073633789 0.705673 -0.258886541016
-0.330824488769 0.705673 -0.22984042832
-0.16517884375 0.28676725 -0.259363046875
-0.162114476562 0.00749675 -0.279170625
-0.15126984375 -0.00995765625 -0.315332048828
-0.152067328125 0.28676725 -0.312761921875
-0.137572006836 -0.00995765625 -0.344287519531
-0.130911296875 0.28676725 -0.35573003125
-0.111791254687 0.00749675 -0.3821661875
-0.0941784953125 0.28676725 -0.400545921875
-0.284251375 -0.411409 -0.3334525
-0.206550085938 -0.411409 -0.471494914062
-0.298423550957 -0.411409 -0.517927625366
-0.266211 -0.411409 -0.430191625
-0.30229175 -0.411409 -0.45604775
-0.304738958984 0.705673 -0.307976166016
-0.216482282572 0.705673 -0.481534154053
-0.317578222078 0.705673 -0.514782307129
-0.298970273123 0.705673 -0.463567486267
-0.069075478125 0.00749675 -0.422232039063
-0.0439871636085 0.26931284375 -0.439087648926
-0.277884913911 -0.411409 -0.533338681885
-0.18635940332 0.705673 -0.477308499024
-0.26691025525 0.705673 -0.516595929688
-0.0201149460234 0.00749675 -0.4509703125
-0.0151173949453 0.28676725 -0.4530403125
0.0194245667343 0.00749675 -0.463992140625
0.0208782546562 0.28676725 -0.464389507812
-0.152419334422 -0.411409 -0.504141453125
-0.0212061864688 0.705673 -0.51262475
0.0165932887747 0.705673 -0.528778743164
-0.2451164991 0.705673 -0.556661283203
-0.138272238097 0.705673 -0.547634229858
0.0478981940185 -0.00777585546875 -0.469254518066
0.056057690625 0.28676725 -0.47007921875
0.013206821875 -0.411409 -0.535164128906
0.090210825 0.00749675 -0.470597765625
0.092008340625 0.28676725 -0.47026778125
0.11648600625 0.00749675 -0.467964546875
0.142186546875 0.00749675 -0.4618909375
0.149978157813 0.28676725 -0.459174261719
0.1798584375 0.00749675 -0.44801690625
0.181054625 0.28676725 -0.447725
0.205598953125 0.00749675 -0.4338970625
0.20421840686 0.278040046875 -0.433827272949
0.229935765625 0.00749675 -0.4164495
0.24055803125 0.28676725 -0.4076241875
0.26100909375 0.00749675 -0.386574671875
0.26147578125 0.28676725 -0.3861730625
0.28220071875 0.00749675 -0.358292296875
0.28667784375 0.28676725 -0.350806304688
0.3014263125 0.00749675 -0.321704703125
0.30678771875 0.278040046875 -0.306672644531
0.31284034375 0.00749675 -0.288258109375
0.31981921875 0.00749675 -0.247519578125
0.3188795625 0.28676725 -0.257062265625
0.3191625 0.00749675 -0.199629515625
0.3201493125 0.28676725 -0.2109695625
0.3117719375 0.00749675 -0.160791453125
0.309055273437 0.28676725 -0.152999839844
0.298698232422 0.02495115625 -0.125378000537
0.29174553125 0.28676725 -0.111460078125
0.27993390625 0.00749675 -0.091285275
0.27378866748 0.26931284375 -0.0828204654785
0.19261546875 0.00749675 -0.556372078125
0.252776492187 0.00749675 -0.528246875
0.230013548584 0.26931284375 -0.540402844726
0.202784331055 0.30422165625 -0.552797328125
0.1748349375 0.28676725 -0.5627173125
0.274236320313 0.28676725 -0.51557
0.2905555625 0.00749675 -0.5037544375
0.304468645508 0.26931284375 -0.491661823242
0.327719476563 0.00749675 -0.468739273437
0.343757406983 0.282403648437 -0.450679582642
0.375566099121 -0.00995765625 -0.406432902832
0.380613769043 0.26931284375 -0.398896327148
0.367077062988 0.312948859375 -0.421722752197
0.401662552246 -0.00995765625 -0.355009718506
0.402450257812 0.28676725 -0.35367403125
0.41943159375 0.00749675 -0.29303334375
0.4223855625 0.28676725 -0.272657625
0.417632109619 0.256222039062 -0.301474341309
0.426521890625 0.28676725 -0.23640209375
0.426116796875 0.00749675 -0.23125540625
0.423230594727 0.282403648437 -0.186337042236
0.421577046875 0.02495115625 -0.171882375
0.417953074219 0.30422165625 -0.150445993164
0.409434375 0.00749675 -0.120152753125
0.386195820312 0.00749675 -0.0643949726562
0.388500570313 0.28676725 -0.0699595570312
0.40656625 0.28676725 -0.109359653125
0.367155307129 0.308585257813 -0.0342093416504
0.355879491821 0.0293147578125 -0.0172672953369
0.332960953125 0.28676725 0.0117862859375
0.29775346875 0.00749675 0.0445116921875
0.25604884375 0.28676725 0.0723568289063
0.306552840088 0.26931284375 0.0366479034302
0.326542110351 -0.00995765625 0.0184081132812
0.258027652832 0.0238602558594 0.0715420170593
0.225375898437 0.033678359375 0.0895692902832
0.195303585938 0.30422165625 0.102526229297
0.18859928125 0.00749675 0.104793310937
0.134526910937 0.28676725 0.118328875
0.130023551172 0.00699458828125 0.11868325
0.0952475104491 0.282807674219 0.12290521875
0.111859795557 0.0469949836914 0.121551558594
0.103771727148 0.191365404297 0.1222344375
0.0874738599609 -0.270621631641 0.1287668125
0.0920844363281 -0.196051438281 0.123154125
0.0946577847657 -0.0968083617187 0.122951625
-0.113791115625 -0.411409 0.169895
-0.0110717625 -0.411409 0.27229025
-0.060529225 -0.411409 0.351931
-0.083355753125 -0.411409 0.260913
0.0435870906006 -0.409532641602 0.306022608398
0.0545545421875 -0.4089975 0.3651451875
0.0764299658203 -0.281386643847 0.180185641114
-0.410534 -0.0328665644531 -0.245825435303
-0.410534 0.308585257813 -0.229632405273
-0.410534 0.02495115625 -0.271785714844
-0.410534 -0.0055940546875 -0.1717145625
-0.410534 0.16458640625 -0.267673195313
-0.410534 0.128586693359 -0.174884620605
-0.410534 -0.387409191406 -0.362175467041
-0.408278953125 -0.398318195313 -0.436384038086
-0.36092296875 -0.411409 -0.3719466875
-0.376144535156 -0.410863549805 -0.425629227234
-0.410534 -0.280500953125 -0.356092365234
-0.410534 -0.25431934375 -0.404071759766
-0.410534 -0.411409 -0.09494775
-0.410534 -0.403772697266 -0.0111554033203
-0.389856916016 -0.411409 -0.0827293308594
-0.37445325 -0.411409 -0.0221036375
-0.410534 -0.269591949219 -0.0824388720704
0.131475381982 0.02495115625 -0.571950117432
0.099073934613 0.308585257813 -0.575214105774
0.0298716574218 0.02495115625 -0.576655933593
-0.112173375 -0.411409 -0.5604801875
-0.229453600117 -0.410999912354 -0.571487666351
-0.10275043125 -0.27177375 -0.5772129375
-0.155749031079 -0.252137542969 -0.577435528076
0.137958042188 0.28676725 -0.57115509375
-0.121399184375 0.28676725 -0.577483
-0.236006899121 -0.0055940546875 -0.577483
-0.0866750265625 0.147132 -0.577145421875
-0.183220773242 -0.00995765625 -0.577483
-0.169429803418 0.306403457031 -0.577483
-0.259903320971 0.180949912109 -0.577483
-0.109747139344 0.705673 -0.57040125
-0.221286067621 0.705673 -0.564138695312
-0.181437458178 0.551856044922 -0.577483
-0.238617158344 0.579128554688 -0.57564240625
-0.410534 0.26931284375 -0.356777785156
-0.410534 0.051132765625 -0.450680314453
-0.410534 0.0140421523438 -0.411782733886
-0.410534 0.263858341797 -0.434058881347
-0.410534 0.173313609375 -0.46438871289
-0.410534 0.280361090332 -0.0805539726563
-0.410534 -0.00381846142577 0.00803629980469
-0.410534 0.160222804687 -0.0925487871093
-0.410534 -0.0115940068359 -0.0514237089844
-0.410534 0.185651171484 -0.064789359375
-0.410534 0.0402814796875 -0.0240069902344
-0.410534 0.696945796875 -0.358834044922
-0.410534 0.696945796875 -0.447253214844
-0.37445325 0.705673 -0.376159375
-0.37445325 0.705673 -0.42002625
-0.410534 0.579128554688 -0.376826317871
-0.410534 0.592219359375 -0.431488556641
-0.410534 0.705673 -0.00721425
-0.36888028125 0.705298904834 -0.0900900988281
-0.410534 0.63104101438 -0.0404998601074
-0.410534 0.597933592187 -0.0181809375
-0.410534 0.402569338575 -0.0915206601563
-0.410534 0.443806383789 -0.0599914335937
-0.410534 0.1785397271 0.00820765429688
-0.410534 0.33756335664 -0.0031017421875
-0.0502109875716 0.64656596377 0.119248152591
-0.0932789567461 0.621875682813 0.123005556211
-0.03009386875 0.4183679125 0.124386
-0.0757469125 0.2268311875 0.124386
-0.0205828179688 0.238802232813 0.124386
0.0857582880859 0.182095621484 0.1236519375
0.0336301714844 0.232816710157 0.124386
-0.407205145215 0.00967855078125 -0.571485575684
-0.410534 0.26931284375 -0.573370480469
-0.361314504248 0.142768398437 -0.577483
-0.370617464496 0.293108108521 -0.576760096176
-0.409404567126 0.144404749023 -0.536143610962
-0.410534 0.28676725 -0.52264940625
-0.2735759375 -0.411409 0.169895
-0.348192599219 -0.411409 0.165363154736
-0.255861743652 -0.411409 0.235669726563
-0.345324366943 -0.410806125 0.344035066406
-0.175375041406 -0.411409 0.261624078125
-0.191142494348 -0.411409 0.353308713867
-0.3953164375 -0.411409 0.260913
-0.356410598999 -0.411409 0.319310291016
-0.410534 -0.2673182375 0.1656813125
-0.33325731543 -0.0508390548828 0.488458
-0.345621584961 0.0424022706543 0.488458
-0.26596715625 0.0352944625 0.488458
-0.410534 0.22213949375 0.476043375
-0.410534 0.41367621875 0.476043375
-0.378196679688 0.226354687354 0.487197139648
-0.371063447266 0.329259955273 0.488264021484
-0.369465900421 -0.224611458661 0.487768898438
-0.330729104668 -0.182990122273 0.488414931152
-0.2431408125 -0.2798083375 0.488458
-0.319228625 -0.23594145 0.488458
-0.410534 -0.00276427773438 0.419777429687
-0.410534 -0.00197156660156 0.374010675781
-0.167053 0.2268311875 0.488458
-0.179981983765 0.421875054681 0.481219446899
-0.167053 0.331203738818 0.442726788086
-0.168004097656 0.399289059034 0.438726973633
-0.262162765625 0.208874619531 0.488458
-0.316613106445 0.415375151172 0.488458
-0.267215471924 0.254888324951 0.488458
-0.167053 0.2268311875 0.3291765
-0.167053 0.404900486523 0.267490472656
-0.167053 0.331577833985 0.376463195312
-0.167053 0.412382389844 0.322776796875
-0.167053 0.309132124023 0.277978875
-0.184172742187 -0.197557923438 0.488458
-0.0317313114662 -0.186845556684 0.488458
-0.014876125 -0.23594145 0.488458
-0.0453115 -0.1043407875 0.488458
-0.0690594146729 -0.0604739 0.435749333984
-0.000297461486823 -0.112865700208 0.488458
-0.0612425166016 -0.0604739 0.456459484375
-0.151538092041 -0.0499992353516 0.3547753125
-0.1518353125 -0.0604739 0.260913
-0.164675236328 0.00761142021484 0.308733003906
-0.165745229981 0.0236975123535 0.262601810547
-0.249798496094 0.69819109668 0.486324765625
-0.2735759375 0.6099046375 0.488458
-0.297353378906 0.705673 0.4457933125
-0.323033015625 0.705673 0.45432625
-0.2431408125 0.705673 0.351931
-0.328739601562 0.705673 0.243847125
-0.313076212036 0.705673 0.351308806641
-0.323033015625 0.705673 0.31779925
-0.1822705625 0.705673 0.351931
-0.170679059814 0.699687477344 0.272823558594
-0.167053 0.6099046375 0.351931
-0.167053 0.621875682813 0.3035776875
-0.197488125 0.705673 0.260913
-0.376391080231 0.705673 0.364041549316
-0.3953164375 0.705673 0.260913
-0.370409567627 0.705673 0.295933597656
-0.410236781983 0.592135117114 0.308044146973
-0.409582902344 0.621875682813 0.27371240625
-0.410534 0.419346969873 0.357324952149
-0.410534 0.243360513232 0.272480788086
-0.410534 0.430338957812 0.2922004375
-0.410534 0.32259955 0.260913
-0.410534 0.39490944375 0.426384875
-0.410534 0.184674735059 0.333775748047
-0.410534 0.194636245704 0.385748757813
-0.325177449219 0.705673 0.118211679297
-0.322102580444 0.705673 0.164655133105
-0.240644181152 0.705673 0.180916710938
-0.410534 0.412382389844 0.152118046875
-0.410534 0.228327568164 0.141682816406
-0.410534 0.389562584717 0.0817187314454
-0.158730830566 0.423231149659 0.134563305664
-0.154034749243 0.236931756983 0.129674643555
-0.1366176375 0.4183679125 0.124386
-0.164199684766 0.334570595312 0.15993990625
-0.16592356272 0.211773857068 0.152262484619
-0.410534 -0.18540075 0.171946820312
-0.410534 0.0080054803711 0.257223749268
-0.315424234375 -0.400442278125 0.488458
-0.321160542114 -0.411409 0.441082419922
-0.250907490242 -0.409695449707 0.453609616577
-0.3344461875 -0.3675421125 0.488458
-0.0605292 -0.411409 0.442949
-0.03104493125 -0.411409 0.4401046875
-0.079551296875 -0.3675421125 0.488458
-0.0347304516602 -0.367199402441 0.488458
0.0566058597927 -0.287089587534 0.488458
0.045994625 -0.1920745625 0.488458
0.0764299875 -0.3724403125 0.3348844375
-0.0909645625 -0.0604739 0.260913
-0.0605291875 -0.0604739 0.351931
-0.0318771580566 -0.0604739 0.243491585937
0.0536034324219 -0.0660688425781 0.306885173828
-0.06052923125 0.0352944625 0.124386
0.00034149375 0.0352944625 0.124386
-0.0705158232422 -0.0604739 0.16562853125
-0.0285185887818 -0.0589775193359 0.168739498047
0.076429953418 -0.2027417125 0.168129768799
-0.229824703125 -0.201678174561 0.401220650146
-0.2050960625 -0.191836890625 0.397573080078
-0.1061815 -0.196081953125 0.399489671875
-0.2279225 -0.225006109375 0.407341046875
-0.1061815 -0.219840867188 0.406324007812
-0.244566777344 -0.213539887817 0.404934986939
-0.2279225 -0.240024703125 0.407970640625
-0.120923574219 -0.234326417236 0.407814404541
-0.2279225 -0.26424878125 0.403992289062
-0.0747951484375 -0.258602382324 0.405385580567
-0.107132601562 -0.26406463623 0.404243669434
-0.10237709375 -0.240961050781 0.407877277344
-0.2279225 -0.288461210937 0.39380390625
-0.1061815 -0.287547226562 0.393868253906
-0.2279225 -0.310217955078 0.376182429688
-0.1061815 -0.313530976563 0.373240640625
-0.23172690625 -0.329072922852 0.349220607422
-0.1061815 -0.326528765625 0.354400765625
-0.2279225 -0.337349878906 0.320506824219
-0.1290079375 -0.336584146484 0.327198970704
-0.104279296875 -0.336495825195 0.327177291992
-0.1061815 -0.338833046875 0.30573240625
-0.2279225 -0.337606125 0.290393125
-0.0995237890625 -0.336037565674 0.282280449951
-0.2279225 -0.329011585938 0.263128976563
-0.1061815 -0.327651539062 0.259409554687
-0.2279225 -0.311730800782 0.236819808593
-0.077648453125 -0.310779129395 0.235576994629
-0.106657050781 -0.315208578735 0.240816175415
-0.2279225 -0.285315703125 0.216351851562
-0.1061815 -0.29665940625 0.223211367188
-0.0995237890625 -0.276043987671 0.211688458374
-0.2203136875 -0.264178425781 0.207513191406
-0.2279225 -0.239764929688 0.204038664062
-0.1061815 -0.250860414063 0.204892046875
-0.104279296875 -0.225232308594 0.204568080322
-0.215558179688 -0.218525617188 0.20535630603
-0.126630183594 -0.223972007935 0.204635253235
-0.23933571875 -0.218232335938 0.205443736328
-0.2279225 -0.198755359375 0.211160085938
-0.1061815 -0.20360596875 0.209470046875
-0.1061815 -0.184816703125 0.217954101563
-0.229824703125 -0.175042580078 0.224950747559
-0.203669410156 -0.168705604004 0.229885272827
-0.1061815 -0.166865640625 0.231348984375
-0.2279225 -0.153758148437 0.24678578125
-0.1061815 -0.152633257812 0.24843428125
-0.2279225 -0.141791273437 0.268418664063
-0.1137903125 -0.141095261719 0.270227335937
-0.2279225 -0.136890453125 0.28420409375
-0.100474890625 -0.138650415283 0.278452404785
-0.2279225 -0.135630980469 0.314514898438
-0.1061815 -0.138022417969 0.330457425781
-0.113314761719 -0.135878105774 0.296703672485
-0.090963875 -0.134666673828 0.302632304688
-0.2279225 -0.144133953125 0.34828403125
-0.1061815 -0.149289515625 0.3585765
-0.2279225 -0.161778453125 0.374832859375
-0.121399125 -0.156818527343 0.369279379883
-0.10998590625 -0.177495457031 0.388633828125
-0.2279225 -0.18085834375 0.39133446875
-0.0833550625 -0.179921757812 0.390599117188
-0.0186564449902 0.705673 0.0383420392578
-0.118903367688 -0.411409 0.0165479579346
-0.175097056641 -0.411409 -0.0715273277344
-0.2282636875 -0.411409 -0.0471546
-0.143963987402 0.705673 -0.00986272763672
-0.175313 0.705673 -0.052679025
-0.177166681641 -0.411409 -0.376171148437
-0.212491829102 -0.411409 -0.345199019531
-0.21571832666 -0.411409 -0.398665505859
-0.19576565625 0.705673 -0.375319
-0.0387929728439 0.705673 -0.484767487976
0.113565864496 -0.230114460327 0.12146372461
0.131638491113 -0.0947390878906 0.118598367187
0.10274640863 -0.18471927124 0.122315121094
0.0248170263515 -0.411409 0.103283710859
0.0117547546875 -0.411409 0.169895
0.0536033984375 -0.408811636719 0.225376566406
0.0500367599609 -0.409822085083 0.253702469116
0.0764299433106 -0.310720397461 0.161560993408
-0.349790437454 -0.410454462158 -0.162042844846
-0.376336641541 -0.411409 -0.269447645327
-0.348679804688 -0.411409 -0.310530125
-0.410534 -0.245592140625 -0.284808693359
-0.410534 -0.256501144531 -0.168458827148
-0.410534 -0.11468409375 -0.269044035156
-0.410534 -0.1321385 -0.18268125
-0.367979810059 -0.411409 -0.335592446069
-0.410534 -0.293591757813 -0.312054135254
-0.365050179642 -0.410454462158 -0.137134441721
-0.41040401355 -0.295773558594 -0.140649732251
0.0332590700196 -0.293591757813 -0.576913336914
0.0440726679687 -0.1321385 -0.576436507812
-0.0588608904786 -0.291409957031 -0.576520949707
0.00534799122314 0.445493256836 -0.577304189087
0.00380085582887 0.305858006836 -0.577042302307
-0.0434088722657 0.58349215625 -0.577483
-0.0529382351807 0.267131042969 -0.577222431885
-0.127105792578 0.54858334375 -0.577483
-0.3713305 0.705673 -0.1610142125
-0.341927875 0.705673 -0.144763934375
-0.37616940625 0.705673 -0.28526525
-0.343074439331 0.705673 -0.284905319458
-0.410534 0.40894809375 -0.271785714844
-0.410534 0.30422165625 -0.295775412109
-0.410534 0.271494644531 -0.178568742188
-0.410534 0.58458305664 -0.315481234863
-0.410534 0.40894809375 -0.364317404297
-0.410534 0.459747109375 -0.153893695312
-0.410534 0.271494644531 -0.129904066407
-0.363178015625 0.705673 -0.3543709375
-0.410534 0.6099046375 -0.1388145
-0.381131375 0.704176619336 -0.118451714062
-0.410534 0.589703498535 -0.0925487871094
-0.410534 0.364925352344 -0.115510289062
-0.410534 0.514136275 -0.09494775
0.0955016815674 0.464867646985 0.1228411875
0.0926741620117 0.335673054688 0.12310771875
-0.00377383878223 0.630853966797 0.117708657627
-0.02280651748 0.702680238672 0.106319507046
0.0203147003906 0.400411344532 0.124386
0.0896183107422 0.374134508204 0.1233481875
-0.368576953125 -0.411409 -0.500644234375
-0.34622165625 -0.411409 -0.47877228125
-0.410534 -0.247773941406 -0.495403964355
-0.382677248535 -0.410318099609 -0.466232299683
-0.270722099023 -0.297955359375 -0.577483
-0.209349255127 -0.256501144531 -0.577480890137
-0.335530740622 -0.126820360596 -0.577483
-0.272148751074 0.0293147578125 -0.577483
-0.410534 -0.140865703125 -0.524020246094
-0.410534 -0.14959290625 -0.449994894531
-0.410534 0.00749675 -0.48974925
-0.353467917969 -0.001230453125 -0.577483
-0.410534 0.00749675 -0.533616125
-0.212775357813 -0.411409 0.158269199218
-0.361940301563 -0.411409 0.057483428125
-0.346265164063 -0.411409 0.0193839210937
-0.410534 -0.25431934375 0.044877515625
-0.376708296875 -0.410045374512 0.0157110036621
-0.410534 -0.249955742188 -0.00978456738282
-0.410534 -0.151229256836 -0.0058434140625
-0.410534 -0.0842947367187 0.044877515625
-0.380098875 -0.411409 0.169895
-0.410534 -0.175860635351 0.0890650527344
-0.410534 -0.382874068359 0.218527564453
-0.368576953125 0.705673 -0.500644234375
-0.336811125 0.705673 -0.483732
-0.345906714601 0.558401447266 -0.570410619141
-0.311567342886 0.586901219971 -0.569294095948
-0.410534 0.56603775 -0.535158319824
-0.37445325 0.705673 -0.463893125
-0.410534 0.56603775 -0.50071596875
-0.36951775354 0.418766197266 -0.577140290039
-0.408916799087 0.425993412354 -0.55588365683
-0.342946622803 -0.103826722412 0.488458
-0.410534 0.0214200219238 0.439866381836
-0.382142248871 0.133712358133 0.487797260681
-0.370409567627 -0.197131255811 0.487079796875
-0.315424234375 -0.137240953125 0.488458
-0.2127056875 -0.1043407875 0.488458
-0.169311856934 0.133681491162 0.439749148438
-0.197488125 0.2268311875 0.488458
-0.169668518555 0.220097474512 0.447926546875
-0.223167761719 0.238802232813 0.488458
-0.167053 0.059236553125 0.391751375
-0.167053 0.2268311875 0.39744
-0.140422035156 -0.1920745625 0.488458
-0.0829990537109 -0.122847130664 0.488458
-0.10426517804 -0.0604739 0.432771694336
-0.165537175659 0.0207982748169 0.357730730956
-0.168479646484 0.606911876172 0.439393609375
-0.167528548828 0.517129036328 0.439393609375
-0.254553984375 0.705673 0.442949
-0.209376845704 0.618882921485 0.488458
-0.167379939819 0.623372063477 0.395928958984
-0.380098875 0.514136275 0.488458
-0.380098875 0.4183679125 0.488458
-0.358134463501 0.60681835238 0.488458
-0.354419238281 0.406396867188 0.488458
-0.307815453125 0.621875682813 0.488458
-0.410534 0.591068376953 0.402223039063
-0.40934512793 0.616638350488 0.342064791016
-0.410534 0.3996011375 0.3932905
-0.3713305 0.705673 0.04735285
-0.341784169067 0.705673 0.036926798938
-0.3713305 0.705673 0.0144527875
-0.410534 0.61364558916 0.0581574887696
-0.34966375 0.705673 0.260913
-0.410534 0.618134731152 0.158384885742
-0.410534 0.6099046375 0.215404
-0.410534 0.502165229688 0.072294234375
-0.1366176375 0.6099046375 0.124386
-0.167099440315 0.601230305838 0.205923884216
-0.167053 0.503287515186 0.158562192383
-0.167053 0.514136275 0.260913
-0.167053 0.415375151172 0.205804445312
-0.217936724609 0.705673 0.16847284375
-0.16806354126 0.631976252295 0.249002441406
-0.165626342383 0.41462696084 0.158784404297
-0.410534 -0.0144223027344 0.07503590625
-0.410534 0.0834023201172 0.03116915625
-0.410534 0.2268311875 0.0366525
-0.410534 0.112373179883 0.174354917969
-0.410534 0.250773278125 0.221092625
-0.410534 0.240298613477 0.0712661074219
-0.380098875 -0.411409 0.39744
-0.349425975586 -0.411409 0.440815765625
-0.380098875 -0.323675225 0.488458
-0.0834105374657 -0.411245677238 0.417016869629
-0.201755048988 -0.410723579883 0.443187877808
-0.232916512695 -0.360002491211 0.488458
-0.136617625 -0.3675421125 0.488458
0.0242380741211 -0.411066289941 0.4401046875
0.0467562312775 -0.410063327759 0.407823747437
0.0003415625 -0.3675421125 0.488458
0.0350569121094 -0.333271106641 0.488458
0.0289936147461 -0.284948988379 0.488458
0.045994625 -0.1043407875 0.488458
0.000579338867187 -0.0604739 0.439038070312
0.0392477205811 -0.156347038892 0.488458
0.0459946125 -0.0604739 0.39744
0.0128173775787 -0.0604739 0.347953406738
-0.111353908862 0.034546272168 0.124386
-0.110937800391 0.238802232813 0.124386
-0.164745826187 0.00714380125733 0.170350534424
-0.167053 0.0352944625 0.215404
-0.1366176375 0.2268311875 0.124386
-0.16681522373 0.13854472832 0.165539646484
-0.102125201672 -0.0604739 0.185316506836
0.0812524155228 -0.025240976297 0.124201989899
0.0459945375 0.0352944625 0.124386
0.0823549580078 0.0815870361328 0.1237700625
0.0293502107422 -0.0604739 0.16847284375
0.0494423151855 -0.0604739 0.203671210937
0.0764299355713 -0.158815048584 0.15384741066
-0.410534 -0.201717794531 0.196281789551
0.07643 -0.260265925 0.424462
-0.2929235 0.705673 -0.0518800125
-0.332127 0.705673 -0.051613675
-0.304804125 -0.411409 -0.08888215
-0.348334828125 -0.411409 -0.053999759375
-0.3383725 -0.411409 -0.394170125
-0.30229175 0.705673 -0.368314
-0.367406228516 0.705673 -0.399554277344
0.10693480127 0.0977312291018 0.12198553125
0.107524526953 -0.0040125515625 0.121939125
-0.410534 -0.00995765625 -0.337928737305
-0.410534 -0.14959290625 -0.356777785156
-0.410534 -0.0055940546875 -0.128875939453
-0.410534 -0.110320492187 -0.0850091894531
-0.410534 0.0293147578125 -0.0850091894531
-0.0202383931275 0.026587506836 -0.576866392456
-0.124602934497 -0.116865894531 -0.577304716553
-0.112044024585 -0.00777585546875 -0.577251969971
-0.243140159375 0.28676725 -0.577483
-0.21603377041 0.446038707031 -0.577483
-0.300206241406 0.30422165625 -0.577483
-0.410534 0.28676725 -0.48974925
-0.410534 0.0893806472656 -0.01269759375
-0.410534 0.00343903828125 0.044877515625
-0.410534 0.440065432129 -0.00772831347655
-0.410534 0.445302764454 0.0428212617188
-0.0757469125 0.514136275 0.124386
-0.0864245531036 0.413598199133 0.124386
-0.342411630371 -0.411409 0.249891289063
-0.25716950293 -0.411409 0.335576203125
-0.34966375 0.2268311875 0.488458
-0.2431408125 -0.1920745625 0.488458
-0.323984113282 0.214860142187 0.488458
-0.410534 0.208112010254 0.423087240234
-0.342887179199 -0.284948988379 0.488458
-0.315424234375 -0.312708503125 0.488458
-0.242546376465 0.418742007666 0.488458
-0.167528548828 0.422857054492 0.408639480469
-0.246945203125 0.514136275 0.488458
-0.167053 0.250773278125 0.27229025
-0.167053 0.131062825 0.260913
-0.167053 0.202140906543 0.214604037109
-0.0909645625 -0.2798083375 0.488458
-0.0717046767578 -0.328473165821 0.488458
0.0109114650726 -0.187608622049 0.488458
-0.014876125 -0.148207675 0.488458
-0.0808590668945 -0.0604739 0.405617398437
-0.114852728077 -0.0584163765869 0.366583098083
-0.311976505371 0.705673 0.419838960937
-0.35168483252 0.705673 0.349442226563
-0.2431408125 0.705673 0.260913
-0.410534 0.405835724439 0.208915412109
-0.410534 0.197067908154 0.292253893554
-0.0265866265808 -0.0604739 0.287756199219
0.0269724703125 -0.0604739 0.24953575
-0.0258138744141 -0.0604739 0.20260459375
0.225701281128 0.648946179688 -0.0339079547192
0.241043248886 -0.353045829102 -0.0467017069428
0.198445378906 -0.341591375 -0.0149117931836
0.176760328125 0.635855375 -0.00377071521484
0.163068984375 -0.341591375 0.00187477722657
0.140766127734 0.635855375 0.00923200730469
0.125716941016 -0.341591375 0.0128693283594
0.104733476953 0.635855375 0.0163114982812
0.0825772497558 -0.350318578125 0.0178957058301
0.0685055166562 0.635855375 0.0177971352344
0.0472272663359 -0.341591375 0.0162407803125
0.0171950490068 0.61840096875 0.0101637188867
0.0137340951445 -0.341591375 0.00940824261719
-0.00899172701172 0.635855375 0.00245530371094
-0.0315799631983 -0.350318578125 -0.00799159213867
-0.031612837688 0.645673478516 -0.00749135001005
-0.051659296875 0.635855375 -0.018647628125
-0.0570374667012 -0.350318578125 -0.0219607234961
-0.0718800416231 0.648946179688 -0.0326282237317
-0.0881947804688 -0.341591375 -0.04583349375
-0.104376460913 0.644582578125 -0.062218809082
-0.112946911328 -0.341591375 -0.0722289429688
-0.127165964844 0.635855375 -0.0913900546875
-0.134542763672 -0.341591375 -0.103719792187
-0.148072352417 0.644582578125 -0.13070110752
-0.148782641602 -0.32413696875 -0.132512032715
-0.161543691406 -0.341591375 -0.172052636719
-0.163860806641 0.635855375 -0.185824853515
-0.167725984131 -0.350318578125 -0.215578293701
-0.167555854096 0.643491677734 -0.230674908783
-0.166526914551 -0.350318578125 -0.252834367188
-0.163117421875 0.635855375 -0.275094144531
-0.159096829834 -0.350318578125 -0.29185737207
-0.155134113281 0.635855375 -0.305725796875
-0.147782203613 0.61840096875 -0.323245802734
-0.146352675781 -0.341591375 -0.326805070312
-0.141404190125 0.642400777344 -0.336013173096
-0.127441589844 -0.341591375 -0.361346863281
-0.113800196094 0.635855375 -0.379922597656
-0.0958133617676 -0.350318578125 -0.399471452881
-0.0910276601075 0.627128171875 -0.403309109497
-0.0761783492187 -0.341591375 -0.417494636719
-0.0590449429687 0.635855375 -0.430088136719
-0.0407607904453 -0.341591375 -0.441072582031
-0.0316089466479 0.644582578125 -0.445602758667
-0.00777446042578 -0.341591375 -0.45613265625
0.0033443872152 0.644582578125 -0.459206344726
0.0251699390859 -0.341591375 -0.465250691406
0.0688652478408 0.640218976562 -0.469972190674
0.0728291945025 -0.335045972656 -0.470227695648
0.102536407764 -0.350318578125 -0.469446810913
0.126649922656 0.635855375 -0.465681505859
0.14930022362 -0.327409669922 -0.459656458923
0.158577004004 0.614037367187 -0.456463048584
0.178835924317 -0.350318578125 -0.44852632666
0.189463071045 0.644582578125 -0.442613606446
0.217751215179 -0.353591279297 -0.425286969483
0.214073181534 0.637491725586 -0.427279347229
0.246300152344 -0.350318578125 -0.40133289917
0.2516168125 0.635855375 -0.3974988125
0.269175881347 0.655491582031 -0.37615284436
0.266528976562 -0.341591375 -0.380003511719
0.280014560547 0.605310164063 -0.360967237305
0.290265757934 -0.350318578125 -0.344194304779
0.298878132812 0.635855375 -0.327795246094
0.30464503125 -0.341591375 -0.313749558594
0.309171198105 0.65794610791 -0.300460326225
0.315556617187 -0.341591375 -0.276843816406
0.319277789062 0.635855375 -0.254099558594
0.320374591309 -0.350318578125 -0.239320433838
0.320394485352 0.644582578125 -0.214272071289
0.318443020767 -0.351954928711 -0.195394366127
0.315562511719 0.635855375 -0.176328076172
0.32157210144 -0.411409 -0.114632698621
0.311906757812 -0.341591375 -0.161051015625
0.300401072266 0.609673765625 -0.129846149121
0.299075965332 -0.350318578125 -0.125806236182
0.288311039062 0.635855375 -0.104820721094
0.280084867188 -0.341591375 -0.0913516515625
0.269703166016 0.614037367187 -0.0773656977051
0.240795652344 0.635855375 -0.0456749167969
0.192762953125 -0.341591375 -0.556893890625
0.216233938377 -0.363000295166 -0.546061792679
0.233568383671 -0.318818829346 -0.538761921737
0.265285858643 -0.350318578125 -0.519970666992
0.283491705963 -0.329591470703 -0.507713072876
0.311697614319 -0.355773080078 -0.484428455628
0.326107256103 -0.335045972656 -0.471192388427
0.347431474365 -0.35904578125 -0.44617227362
0.367477458984 -0.32413696875 -0.420211951172
0.369852639152 -0.371454773194 -0.4156118712
0.392572289062 -0.341591375 -0.37752215625
0.404147304657 -0.349500402832 -0.347379184662
0.408721388672 -0.32413696875 -0.335769079102
0.41806502063 -0.357954880859 -0.298160207397
0.424228111572 -0.345954976562 -0.25901070166
0.426346386231 -0.350318578125 -0.216233361328
0.424124050171 -0.357954880859 -0.195200150354
0.4204409375 -0.341591375 -0.161672698437
0.413688120667 -0.355773080078 -0.13547813039
0.407389375 -0.341591375 -0.111347004688
0.395252029206 -0.35795488086 -0.084295709378
0.377278337036 -0.345954976562 -0.0489461976196
0.351740059448 -0.351409478516 -0.0105957522095
0.324565497223 -0.368045709473 0.0193954757965
0.319017609375 -0.341591375 0.0263505398437
0.298983196289 -0.350318578125 0.042534640625
0.268302480469 -0.330682371094 0.0657261310547
0.247040130133 -0.36722753418 0.0779214754914
0.226384447168 -0.350318578125 0.0898346981934
0.205999229632 -0.357954880859 0.0975031136109
0.165708856872 -0.351238123486 0.111589837891
0.123916220386 -0.343749369043 0.120649242188
-0.410534 -0.341591375 -0.23751471875
0.101131953638 -0.353591279297 -0.575138522033
0.0469380667969 -0.411409 -0.568550429688
0.160559454651 -0.357954880859 -0.56556721875
0.139276382812 -0.341591375 -0.571253835937
0.2452185 0.635855375 0.0798222816406
0.268265227783 0.650037080078 0.0652007865174
0.291292441407 0.61840096875 0.0500298884766
0.30241267868 0.653855231445 0.0398855333282
0.329312863525 0.646764378906 0.0148185627686
0.346254633483 0.65330978125 -0.00543830988159
0.367214091919 0.645673478516 -0.0323640005127
0.389861540375 0.665173322998 -0.0729141460342
0.39343740625 0.61840096875 -0.0776613957031
0.402441540771 0.652218880859 -0.101048986292
0.40890934375 0.616219167969 -0.11798397959
0.415697782562 0.652764331055 -0.142990925049
0.421667753151 0.646900741455 -0.171432304749
0.424979789551 0.644582578125 -0.205279289063
0.425971666504 0.621673669922 -0.240765931153
0.423293982116 0.650037080078 -0.265385257202
0.41673285846 0.647855279297 -0.305794765503
0.408441136933 0.651673430664 -0.337247249329
0.394797723328 0.654946131836 -0.370174621002
0.385008640625 0.635855375 -0.392441117188
0.369133139954 0.650037080078 -0.417245882019
0.348020001862 0.648400729492 -0.446834511597
0.310157524483 0.649218904785 -0.486513501953
0.272099978699 0.645673478516 -0.516650686401
0.244397003872 0.637968994507 -0.532606030495
0.199772006161 0.647582554199 -0.553067054977
0.174803271094 0.635855375 -0.562517296875
0.154800019049 0.651127980469 -0.566494943359
0.114907921301 0.648946179688 -0.573834491577
0.082774940625 0.635855375 -0.5703710625
0.05062413125 0.635855375 -0.57050609375
0.0384243486226 0.701854848633 -0.566576012817
-0.410534 0.650702386926 -0.197653348755
-0.410534 0.644582578125 -0.262875255859
0.0852364973388 0.659353021875 0.123293341797
0.11993306206 0.650037080078 0.120095653491
0.151326239368 0.657673382813 0.114848208997
0.216970621094 0.644582578125 0.0927368033691
0.184358250616 0.623310020508 0.105253709286
-0.364881134375 -0.341591375 -0.577483
-0.408869572607 -0.33340962207 -0.546532006653
-0.410534 -0.341591375 -0.577483
-0.410534 -0.317910469727 0.0962838632812
-0.409772969609 0.635582649902 -0.568394388794
-0.401974121094 -0.0245711561524 0.480598826172
-0.172759523438 -0.0245607640625 0.4856136875
-0.193683734375 0.65778881875 0.488458
-0.399574085602 0.650900222568 0.481863789063
-0.410534 0.633098537793 0.117133227539
-0.167491399433 0.65778881875 0.167807175094
-0.163010926389 0.669759864062 0.130105571768
-0.410534 -0.023556440625 0.10793596875
-0.410534 -0.0194411355469 0.16205040039
-0.159444159375 -0.01258971875 0.124386
-0.38009875 -0.209684578125 0.404400953125
-0.3877075625 -0.226170761231 0.407893637696
-0.38390315625 -0.247728223564 0.407752437119
-0.3724899375 -0.264364875 0.404009904297
-0.3724899375 -0.280108231446 0.398058461914
-0.3724899375 -0.303071611328 0.38339421045
-0.3724899375 -0.323613063477 0.359285798828
-0.3724899375 -0.331071073242 0.344743457031
-0.3724899375 -0.336047351562 0.328826775391
-0.38009875 -0.338723455078 0.310412681641
-0.39151196875 -0.337087182129 0.290083181152
-0.38009875 -0.329678810547 0.263629314453
-0.38009875 -0.31773 0.243949921875
-0.36868553125 -0.294035530762 0.221810785645
-0.38009875 -0.280801207031 0.213940921875
-0.38009875 -0.244940686523 0.204216680664
-0.3877075625 -0.223604832031 0.204634165039
-0.3877075625 -0.201019226562 0.210855155273
-0.372965488281 -0.180407500854 0.221189799316
-0.3877075625 -0.172398419922 0.227207816406
-0.37629434375 -0.156980903321 0.242695964844
-0.38009875 -0.14291596582 0.265735515625
-0.3877075625 -0.135923052149 0.283589352539
-0.410534 -0.080726028125 0.296708273438
-0.3877075625 -0.136057354492 0.315638486328
-0.38009875 -0.139194160156 0.3354850625
-0.38009875 -0.152276898438 0.362793529297
-0.3877075625 -0.167019625977 0.380131658203
-0.38009875 -0.189463195312 0.396101683594
0.04599475 -0.186070945313 0.394540734375
0.0536035625 -0.172398419922 0.384506399414
0.04599475 -0.160991210938 0.374380050781
0.04979915625 -0.14738492334 0.35418804834
0.0536035625 -0.138464231445 0.331603365235
0.04219034375 -0.134923361816 0.311735821289
0.04219034375 -0.138326768066 0.280729666015
0.0536035625 -0.148736063476 0.254939524414
0.04599475 -0.156698144531 0.242345433594
0.04979915625 -0.174479006836 0.225503391113
0.0383859375 -0.19352928125 0.213598549805
0.0536035571899 -0.218406736499 0.201029709572
0.04599475 -0.241648425781 0.203792566406
0.0497991548828 -0.257461233008 0.205648925415
0.053603559375 -0.27331317544 0.208586328369
0.0536035608398 -0.290887375537 0.217910885498
0.0536035625 -0.314995064941 0.241090117676
0.0417147929687 -0.328481812622 0.263206837525
0.04219034375 -0.337196012696 0.288708993164
0.04599475 -0.338606205078 0.312716841797
0.04599475 -0.334116664063 0.336068597656
0.0536035625 -0.327355358398 0.352191496094
0.0536035625 -0.313358268067 0.372973894531
0.04599475 -0.300010421875 0.385976441406
0.03458153125 -0.282314436523 0.396630840332
0.04599475 -0.26689359375 0.403640351562
0.0536035625 -0.2480458125 0.406733748047
0.0536035625 -0.231245742004 0.409757618317
0.0536035625 -0.209705889648 0.40404765918
0.216239667969 0.216949625 -0.0262162039062
0.204585996094 0.077314375 -0.0187300331055
0.230304019531 0.077314375 -0.0369303398437
0.245276638794 0.212586023437 -0.0498401988647
0.192683296875 0.216949625 -0.0112566285547
0.185137930298 0.0991323828125 -0.00810100196593
0.15443110332 0.216949625 0.00433358615235
0.155878453125 0.077314375 0.00439522453125
0.128426884961 0.051132765625 0.0118379250977
0.110660124853 0.225676828125 0.0153086594922
0.0973936023437 0.077314375 0.0168890283594
0.0701777685371 0.216949625 0.017516230625
0.0556526624688 0.077314375 0.0166678861719
0.0122249972168 0.216949625 0.00850212392578
0.0130504243242 0.077314375 0.00922002621095
-0.0168014971992 0.077314375 -0.000843117148437
-0.0468213370957 0.225676828125 -0.0158345558399
-0.0498155003906 0.077314375 -0.0174901574219
-0.0769594546875 0.216949625 -0.0365776929688
-0.0917196533203 0.077314375 -0.0493380824219
-0.0992907597655 0.216949625 -0.056546921875
-0.120519259521 0.068587171875 -0.0826720453125
-0.120589115624 0.216949625 -0.0828597007812
-0.147553516602 0.216949625 -0.129529490625
-0.144056859375 0.077314375 -0.12025753125
-0.15451334375 0.077314375 -0.147100445312
-0.162085728516 0.216949625 -0.173856964844
-0.164250824219 0.077314375 -0.184636863281
-0.167114371094 0.216949625 -0.208441496094
-0.167188960785 0.0871324785156 -0.225631677582
-0.165811824219 0.216949625 -0.254016515625
-0.166350523438 0.077314375 -0.252265078125
-0.162446280762 0.05985996875 -0.276668533203
-0.154634669922 0.216949625 -0.30564221875
-0.1488433125 0.077314375 -0.320484089844
-0.144396733887 0.243131234375 -0.33097425293
-0.142446047852 0.212586023437 -0.334124861817
-0.123393011719 0.077314375 -0.367098636718
-0.116341783203 0.216949625 -0.376603017578
-0.0971577955811 0.086041578125 -0.397454128662
-0.0752288832031 0.216949625 -0.417362820313
-0.0645033163716 0.0816779765625 -0.425372160583
-0.0602770573242 0.051132765625 -0.428885109864
-0.0373225365059 0.077314375 -0.442697765625
-0.03165477825 0.216949625 -0.445605183593
-0.00346412218359 0.077314375 -0.45740921875
-0.00772049534985 0.243131234375 -0.455693916016
0.02129424749 0.215858724609 -0.464192727356
0.033171804873 0.077314375 -0.467123384765
0.0532469044805 0.243131234375 -0.469651781738
0.0776374623047 0.0664053710937 -0.470585243897
0.0762799511718 0.216949625 -0.470585980469
0.0349846859375 -0.411409 -0.530535496094
-0.144746477367 -0.411409 -0.53508353418
-0.20707419375 -0.411409 -0.5502785
0.110857675781 0.077314375 -0.468336611328
0.113762225659 0.221313226563 -0.46807787738
0.134963153663 0.208222421875 -0.463644014526
0.148337949219 0.077314375 -0.459978984375
0.170314464843 0.216949625 -0.451995546875
0.186423263672 0.077314375 -0.444407464844
0.199437402344 0.216949625 -0.437617789063
0.214851717773 0.05985996875 -0.427709925781
0.229680473633 0.208222421875 -0.416520664062
0.234229675781 0.077314375 -0.41293659375
0.251804808594 0.216949625 -0.396627429687
0.259253566406 0.077314375 -0.388539544922
0.2762145625 0.216949625 -0.367070925781
0.286779956543 0.0729507734375 -0.350580647216
0.298357394531 0.216949625 -0.328530314453
0.306421996826 0.086041578125 -0.306065946411
0.305911302735 0.240949433594 -0.309656068848
0.316314089844 0.077314375 -0.272732169922
0.310151322021 0.206040621094 -0.295591774719
0.317096296875 0.216949625 -0.270732835938
0.320044078125 0.216949625 -0.236873015625
0.320246572266 0.0794961757813 -0.23677172168
0.319532034668 0.0467691640625 -0.205747870361
0.318979466675 0.0784052753906 -0.19934488263
0.315742027161 0.214767824219 -0.178615294098
0.30441746875 0.077314375 -0.140118493359
0.301876546875 0.216949625 -0.132663535156
0.284523320312 0.077314375 -0.098504671875
0.284377929687 0.216949625 -0.0984023679688
0.259173128906 0.077314375 -0.0648423166016
0.266400351562 0.216949625 -0.0731594554687
0.211164666992 0.05985996875 -0.549316854492
0.236543390625 0.216949625 -0.537010578125
0.196976683594 0.216949625 -0.55522125
0.173998265625 0.077314375 -0.562918171875
0.248639169677 0.05985996875 -0.53078465625
0.279110458984 0.216949625 -0.511538371094
0.31720040625 0.077314375 -0.47944934375
0.314995927002 0.208222421875 -0.481661283936
0.275559478272 0.09476878125 -0.514682720703
0.339554567077 0.197313417969 -0.456449485657
0.360999228516 0.077314375 -0.429721130859
0.373476324219 0.216949625 -0.410873597657
0.386719855468 0.077314375 -0.386814777344
0.398416753906 0.216949625 -0.363412015625
0.416724595703 0.09476878125 -0.307191182617
0.423787636719 0.216949625 -0.262349328125
0.404683090332 0.05985996875 -0.348283361328
0.413104832031 0.216949625 -0.322411867188
0.42392671875 0.077314375 -0.2650854375
0.426272404297 0.077314375 -0.220378800781
0.425089691406 0.216949625 -0.201071257813
0.421812933594 0.077314375 -0.1744504375
0.416722714843 0.225676828125 -0.145321473633
0.399065523438 0.05985996875 -0.0912499120117
0.386371212891 0.216949625 -0.0658728525391
0.41310484375 0.077314375 -0.130685130469
0.403804982666 0.23440403125 -0.10282465564
0.37535046582 0.05985996875 -0.0465601412109
0.370187385292 0.201404294433 -0.0377998137489
0.343024299805 0.19949521875 -0.000204121289063
0.285221027344 0.05985996875 0.0537552937011
0.279644625 0.216949625 0.0573253728515
0.318317041992 0.051132765625 0.0262185678222
0.333581363769 0.09476878125 0.0108331430664
0.315255492187 0.216949625 0.0295636667969
0.252465174805 0.201131569336 0.0750013304184
0.236871359375 0.077314375 0.0836349820313
0.212667171875 0.216949625 0.0956254953125
0.178929859375 0.077314375 0.107997201758
0.170222686718 0.216949625 0.110658625
0.122409060547 0.213705782813 0.119957625
0.133611073047 0.077314375 0.11802959375
0.104448571399 -0.14838875166 0.122181175781
-0.410534 0.09476878125 -0.228604265625
-0.410534 0.23440403125 -0.235458464844
-0.410534 0.103495984375 -0.293033732421
-0.410534 0.0554963671875 -0.166573927734
-0.410534 -0.345954976562 -0.350266295898
-0.410534 -0.350318578125 -0.407156149414
-0.410534 -0.353591279297 -0.0512523544922
0.1229261156 0.0729507734375 -0.572910502198
0.0730098004394 0.238767632812 -0.576105259278
0.0429329237305 0.09476878125 -0.576601077148
0.10495902616 0.188586214844 -0.574790602661
-0.193932995742 -0.404863597656 -0.573833825684
-0.122474346094 -0.350318578125 -0.57545203125
-0.158213041602 -0.350318578125 -0.577024171875
0.154328559961 0.216949625 -0.567588363281
-0.144225617187 0.23440403125 -0.577483
-0.1799470172 0.0964051318357 -0.577459264038
-0.134901240625 0.147132 -0.57734796875
-0.203193901954 0.243131234375 -0.577483
-0.154000320367 0.646900741455 -0.575690086243
-0.19789031679 0.648946179688 -0.57610474707
-0.410534 0.19949521875 -0.39104878125
-0.410534 0.077314375 -0.407498859375
-0.410534 0.230658027343 -0.081239390625
-0.410534 0.09476878125 -0.0750706289062
-0.410534 0.111218864062 -0.03463096875
-0.410534 0.644582578125 -0.400987370117
-0.410534 0.651803296094 -0.073014375
-0.410534 0.669666340271 -0.0346952266846
-0.410534 0.377965634571 -0.0397716035156
-0.0247491754219 0.65778881875 0.118762974844
-0.0893477370351 0.65778881875 0.120244668633
-0.0510181804688 0.37048373125 0.124386
-0.0415071296875 0.27471536875 0.124386
0.0651144319336 0.372482273633 0.12428475
0.0722243894531 0.278461372657 0.124267875
-0.410534 0.077314375 -0.56651628125
-0.410534 0.216949625 -0.577483
-0.386043139795 0.223495027344 -0.577483
-0.410534 0.228949529297 -0.543983101318
-0.29640228125 -0.01258971875 0.488458
-0.399120828125 0.273542445313 0.48535434375
-0.396267535156 0.372950483594 0.47914703125
-0.410534 -0.0448352617187 0.403483234375
-0.183095342499 0.269197465051 0.478858445312
-0.178763389893 0.369665398074 0.480861130188
-0.167053 0.358512685938 0.45859271875
-0.314473136719 0.383335033692 0.488312516113
-0.167053 0.27471536875 0.334865125
-0.162356916748 -0.0161436228271 0.280423206055
-0.291966302338 0.670063816385 0.488458
-0.167706879639 0.660781580078 0.309088542969
-0.410534 0.65778881875 0.334865125
-0.406729609375 0.65778881875 0.266601625
-0.410534 0.378181388428 0.334732541992
-0.410534 0.258586802722 0.33975836792
-0.410534 0.352732667481 0.386337574219
-0.410534 0.239527665625 0.3953483125
-0.410534 0.28219727207 0.152651355469
-0.410534 0.37048373125 0.15851775
-0.155639739063 0.37048373125 0.130074625
-0.148030898438 0.27471536875 0.124386
-0.166317379666 0.282290795862 0.161728712158
-0.410534 -0.0562878344727 0.246020947022
0.0764299990234 -0.0911669386719 0.419382910156
-0.0455493262695 -0.0110933380859 0.124386
0.0769660416016 -0.12995200664 0.146842933593
-0.13661675 -0.197940386719 0.400232847656
-0.19748725 -0.216392916015 0.405728298829
-0.138518953125 -0.227317899414 0.40728143457
-0.19748725 -0.250556264648 0.406098328613
-0.142323359375 -0.27408769574 0.4001935
-0.13661675 -0.247582742187 0.407366242187
-0.19748725 -0.30909423291 0.377227144531
-0.13661675 -0.30253921875 0.384023164063
-0.1898784375 -0.288393351562 0.393171557617
-0.1290079375 -0.285892441162 0.394556609375
-0.13661675 -0.314813589843 0.371617968751
-0.19748725 -0.328889294922 0.349022242188
-0.129959039063 -0.329056131348 0.349150459473
-0.14042115625 -0.333307142578 0.338722705078
-0.19748725 -0.338324417969 0.312914802735
-0.13661675 -0.338579980469 0.301452230469
-0.19748725 -0.33350875586 0.27439880664
-0.13661675 -0.334712449219 0.277160800781
-0.13661675 -0.325482951172 0.255710904297
-0.19748725 -0.321733443359 0.24957352539
-0.13661675 -0.311008880859 0.235823302734
-0.19748725 -0.306776026367 0.23157790918
-0.13661675 -0.293048205078 0.220900337891
-0.19748725 -0.284164361328 0.21592293164
-0.13661675 -0.262891864258 0.207525381836
-0.195585046875 -0.256397845703 0.205797293946
-0.195585046875 -0.225392619141 0.204864834717
-0.1442255625 -0.229478176269 0.20415590918
-0.19748725 -0.193865451172 0.213470189453
-0.134714546875 -0.186127920898 0.217463161133
-0.13661675 -0.16637531836 0.231974525391
-0.19748725 -0.154169623047 0.246001890625
-0.13661675 -0.155080410156 0.244572480469
-0.19748725 -0.141861120117 0.269193601563
-0.144701113281 -0.145654381103 0.26127797998
-0.13661675 -0.138767953125 0.27638509375
-0.13661675 -0.135227694336 0.303854625
-0.19748725 -0.134956583985 0.301452230469
-0.19748725 -0.13865587207 0.332800080078
-0.13661675 -0.137046707032 0.327887160156
-0.138518953125 -0.146202904785 0.352114147095
-0.19748725 -0.152664235351 0.363298174805
-0.14042115625 -0.164457158203 0.37769598291
-0.19748725 -0.178177367187 0.389483898437
-0.13661675 -0.183088484375 0.392724296875
-0.20129165625 -0.166005111328 0.379323594727
0.223667622803 0.47876571875 -0.0318803913818
0.221142511719 0.356584875 -0.0296618601562
0.227223319336 -0.21941053125 -0.0345692867724
0.207122690186 -0.071048078125 -0.0204060325696
0.211878029297 -0.0317756640625 -0.0241455524744
0.179876578125 -0.201956125 -0.00539227160156
0.178730414429 -0.0252302617188 -0.00486819422669
0.202066411743 0.487492921875 -0.0175711196106
0.188229647461 0.365312078125 -0.00945963880128
0.161811449707 0.500583726562 0.00218896793213
0.125535287695 -0.201956125 0.012223894375
0.1493469375 -0.062320875 0.00659179085938
0.159347185547 0.334766867188 0.00314290651855
0.125016925196 0.356584875 0.0127109857812
0.107112967773 -0.062320875 0.0155347025781
0.122624579883 0.51367453125 0.0134183392774
0.069842585707 -0.201956125 0.0176548598828
0.0688689444961 -0.062320875 0.0179671975781
0.105584198926 0.491856523437 0.0158201447803
0.0750817128906 0.496220125 0.0179845972656
0.0881137820313 0.356584875 0.0176663664063
0.0487578397891 0.360948476563 0.015913132832
0.00937907233984 -0.201956125 0.00760782087889
0.0249387509765 -0.062320875 0.0119654345703
0.0468442664844 0.496220125 0.01578615
-0.0237474343301 -0.062320875 -0.00412087853516
0.0125906060625 0.496220125 0.00908538695312
0.00805724463281 0.356584875 0.00811788742188
-0.0221921646582 0.356584875 -0.00313952763672
-0.044119470914 -0.201956125 -0.0140271532031
-0.0313855431699 0.496220125 -0.00769805134763
-0.0554854640625 0.356584875 -0.0207718351563
-0.0872137193359 -0.201956125 -0.0457064574219
-0.0724098410156 -0.062320875 -0.0331556179688
-0.0626216765625 0.496220125 -0.0254757953125
-0.086804966797 0.356584875 -0.0451102195312
-0.0915039038086 0.504947328125 -0.0490307285156
-0.116674226563 0.356584875 -0.0777330125
-0.111480223486 0.51367453125 -0.0709865486328
-0.124647260742 -0.201956125 -0.0886406421875
-0.104919875781 -0.062320875 -0.0627759546875
-0.124923846679 -0.062320875 -0.0887208839844
-0.148015126953 -0.201956125 -0.130244440625
-0.124421857727 -0.0339574648438 -0.0887297319092
-0.141343926025 -0.0645026757812 -0.116310064453
-0.133446902344 0.496220125 -0.101639242188
-0.140259548828 0.356584875 -0.114038608594
-0.152627114746 0.500583726562 -0.141917034375
-0.159518679687 -0.201956125 -0.16341784375
-0.158531108887 -0.0492300703125 -0.160147487305
-0.156927199219 0.356584875 -0.154033773438
-0.165902140625 -0.062320875 -0.19423328125
-0.166845077881 -0.18450171875 -0.205168153076
-0.164264175781 0.496220125 -0.1855484375
-0.16498809375 0.356584875 -0.188311625
-0.166880423096 0.365312078125 -0.225569042725
-0.167737890625 -0.201956125 -0.235232570313
-0.167635336182 -0.07977528125 -0.225323112549
-0.167749675781 0.496220125 -0.221309019531
-0.164074320312 -0.201956125 -0.270403710937
-0.163586820312 -0.062320875 -0.269566283203
-0.16045241748 -0.173592714844 -0.28547590625
-0.166353028809 0.487492921875 -0.254219554199
-0.162849594726 0.356584875 -0.273188219727
-0.145027554688 -0.201956125 -0.329635523438
-0.155171136718 -0.062320875 -0.30416275
-0.156591566407 0.496220125 -0.298800509765
-0.147449128906 0.356584875 -0.324649070313
-0.139985351562 -0.062320875 -0.339843242188
-0.120342747265 -0.201956125 -0.370525261719
-0.137357984376 0.496220125 -0.344220507813
-0.134150153809 0.37403928125 -0.350214329101
-0.125031452149 -0.036139265625 -0.364863631836
-0.117774746094 -0.062320875 -0.375051902343
-0.113557261719 0.496220125 -0.380134667969
-0.116316663574 0.33913046875 -0.37649219873
-0.113692507446 0.384948285156 -0.379839479126
-0.0757234710937 -0.201956125 -0.417002216797
-0.0963725374997 -0.062320875 -0.3993505
-0.0873509734375 0.496220125 -0.407673972656
-0.100358172858 0.354948524414 -0.394708997223
-0.0709349648438 -0.062320875 -0.421478425781
-0.0628891470704 0.51367453125 -0.427415291992
-0.0565673707031 0.356584875 -0.431137830078
-0.0285670341855 -0.201956125 -0.447125884765
-0.0514050491133 -0.0732298789062 -0.434078063965
-0.0306944741016 -0.062320875 -0.44669
0.0020701749734 -0.036139265625 -0.45875755957
-0.0499607065137 0.489674722656 -0.435345026856
-0.010709463772 0.356584875 -0.454198300781
0.00981686778553 -0.21941053125 -0.461217925293
-0.00136487598577 -0.0645026757812 -0.457891689697
-0.00651045227856 0.487492921875 -0.455578993042
-0.0124546166753 0.705673 -0.488565767334
0.0457661011406 -0.201956125 -0.468962957031
0.0318660220195 -0.062320875 -0.46676153125
0.02442411875 -0.411409 -0.50304775
0.0368056572656 0.496220125 -0.467149570313
0.0371517656718 0.356584875 -0.467837128906
0.0821219484375 -0.201956125 -0.470951320312
0.0672922945312 -0.062320875 -0.470656691406
0.117842036328 -0.201956125 -0.466974080078
0.0851178210938 0.496220125 -0.470668476562
0.06444620625 0.356584875 -0.4707391875
0.0956782916016 0.330403265625 -0.470061541016
0.116472384375 -0.062320875 -0.467399623047
0.121959428906 0.47876571875 -0.466614177734
0.115987398828 0.356584875 -0.467449571289
0.16252640625 -0.201956125 -0.455195945313
0.151946875 -0.062320875 -0.4589675
0.146540570313 0.496220125 -0.46074890625
0.162091283203 0.33913046875 -0.455287148437
0.196992472656 -0.201956125 -0.4390885
0.172997695313 -0.036139265625 -0.45104949414
0.185411009766 -0.0666844765625 -0.445468916993
0.18517216211 0.518038132812 -0.445212407227
0.193041925781 0.356584875 -0.441233734375
0.224193230469 -0.201956125 -0.4210141875
0.204260068359 -0.0317756640625 -0.43446084375
0.231227966797 -0.062320875 -0.415067617188
0.222289716797 0.496220125 -0.422207566406
0.218960910156 0.356584875 -0.425019453125
0.2535805354 -0.193228921875 -0.393535923218
0.2539041875 0.496220125 -0.39427803125
0.24931028125 0.356584875 -0.39900528125
0.2733479375 -0.201956125 -0.371838828125
0.272259726562 -0.062320875 -0.372714738282
0.28995787793 -0.21941053125 -0.344694602539
0.2778566875 0.496220125 -0.364931152344
0.275844375 0.356584875 -0.367450044922
0.292886588379 -0.053593671875 -0.339822590088
0.304981546875 -0.201956125 -0.312937167969
0.29270971875 0.496220125 -0.340783234375
0.295962859375 0.356584875 -0.334034945312
0.307842796875 -0.062320875 -0.305046667969
0.315436414063 -0.201956125 -0.277143019532
0.298718798584 0.524583535156 -0.327717296753
0.3086069375 0.496220125 -0.303877421875
0.3088485 0.356584875 -0.302065874999
0.317539976562 -0.062320875 -0.262998
0.319842796875 -0.201956125 -0.247819164062
0.313400588867 0.522401734375 -0.284804514893
0.316886695313 0.356584875 -0.270699613281
0.319538015625 0.496220125 -0.250493351562
0.319706334961 0.326039664063 -0.245995318848
0.319915265625 -0.201956125 -0.209194164062
0.320444039062 -0.062320875 -0.212317667969
0.320550140625 0.496220125 -0.2178600625
0.320691609375 0.356584875 -0.229244453125
0.31513940625 -0.062320875 -0.175018927734
0.314713007813 -0.201956125 -0.172739453125
0.316495230469 0.47876571875 -0.181018560547
0.312586758789 0.356584875 -0.16752045166
0.298854082031 -0.201956125 -0.126318596485
0.302617494141 -0.0666844765625 -0.13421438623
0.309342982422 0.522401734375 -0.153292066895
0.304981546875 0.496220125 -0.140159832031
0.289067390625 -0.062320875 -0.106099964062
0.277856742188 -0.201956125 -0.088165553125
0.280726160156 0.496220125 -0.0929155550781
0.292583128907 0.356584875 -0.11271446289
0.282014431763 -0.0939569863281 -0.0948730435057
0.254265946533 -0.197592523438 -0.0605593313366
0.269677921875 -0.062320875 -0.07688835
0.268547242188 0.356584875 -0.0756731015625
0.251824126465 -0.0645026757812 -0.0564639964111
0.262696136719 -0.036139265625 -0.0683519048828
0.254523742188 0.496220125 -0.0592538671875
0.244572308593 0.356584875 -0.0493023757812
0.203035671875 -0.201956125 -0.5524929375
0.199091791016 -0.07977528125 -0.554317813476
0.172581372071 -0.18450171875 -0.562894907227
0.257881738891 -0.21941053125 -0.524875708984
0.241228873047 -0.062320875 -0.535106125
0.27831646289 -0.062320875 -0.512260742188
0.303889921875 -0.201956125 -0.491613828125
0.319502382812 -0.062320875 -0.477505492187
0.345479793945 -0.21941053125 -0.449395918945
0.347101054688 -0.062320875 -0.448118632812
0.36807346875 -0.201956125 -0.419432578125
0.376051886718 -0.062320875 -0.405446953125
0.390415716339 -0.186138069336 -0.378838016327
0.398252121094 -0.062320875 -0.363809484375
0.407552332031 -0.201956125 -0.339773625
0.413347875 -0.0579572734375 -0.321543638672
0.4210575625 -0.201956125 -0.283954726562
0.423988061523 -0.053593671875 -0.263716345703
0.424363026489 -0.193228921875 -0.245813761963
0.424570207031 -0.201956125 -0.198331
0.42413428125 -0.062320875 -0.195794625
0.420030875 -0.201956125 -0.15910015625
0.41678440625 -0.07977528125 -0.146118801758
0.411931025391 -0.21941053125 -0.129065405224
0.405085936035 -0.0841388828125 -0.107807508764
0.393652222657 -0.201956125 -0.0788815292969
0.380761072266 -0.062320875 -0.0553008369141
0.362146670898 -0.18450171875 -0.025649847168
0.340221785157 -0.062320875 0.00297353789062
0.325188246093 -0.201956125 0.0191771179687
0.312914555786 -0.0775934804688 0.0310540695374
0.29217717627 -0.18450171875 0.0486786525391
0.2698461875 -0.062320875 0.0641980228516
0.244600421875 -0.18450171875 0.0794315035156
0.215657960938 -0.062320875 0.0943867003907
0.180031237952 -0.199852786987 0.106289118164
0.163463340039 -0.062320875 0.111848828125
0.13884166001 -0.193542772949 0.11729728125
0.117130186632 -0.203853259076 0.121183243652
0.122321280469 -0.168051635938 0.12077475
0.103971097177 -0.282746903491 0.124351510742
-0.410534 -0.18450171875 -0.238885564453
-0.410534 -0.201956125 -0.1936479375
-0.410534 -0.350318578125 -0.283780563476
-0.404396202305 -0.359216234436 -0.176657263949
-0.410534 -0.341591375 -0.1388145
0.106329242383 -0.201956125 -0.575028384766
0.0734992554199 -0.0786843808594 -0.576029304199
0.123641289258 -0.07977528125 -0.573294498047
0.0558029486145 -0.215592379883 -0.576598703552
-0.016673378125 -0.411409 -0.569075875
-0.07694468125 -0.411409 -0.5740824375
-0.00370359853518 -0.351409478516 -0.577211882568
-0.0480393800293 -0.351954928711 -0.576833509766
0.158310667969 -0.04486646875 -0.566684285156
0.238785246094 0.496220125 0.0821760360351
0.265388499024 0.347857671875 0.0664510652832
0.287920432495 0.482038419922 0.0510546824188
0.300861304687 0.356584875 0.0418573699219
0.3200600625 0.496220125 0.0246635261719
0.333492449219 0.33913046875 0.0111121667968
0.357927753907 0.496220125 -0.0201332660156
0.383094584472 0.37403928125 -0.0603407658691
0.366937527343 0.356584875 -0.0326464136719
0.384756578491 0.474402117188 -0.0635822659546
0.3985819375 0.496220125 -0.090082342969
0.3982526875 0.356584875 -0.0892874023438
0.411995875 0.496220125 -0.12563390625
0.414701410156 0.37403928125 -0.136902620117
0.421834203003 0.485311121094 -0.174084072388
0.425375310547 0.369675679688 -0.203492629394
0.422343477539 0.37403928125 -0.17352505957
0.424982277344 0.496220125 -0.251031085938
0.425605542969 0.356584875 -0.244399015625
0.41977978125 0.47876571875 -0.295042664063
0.415670132812 0.356584875 -0.311294882813
0.407191040527 0.509310929688 -0.339458931641
0.401601030518 0.365312078125 -0.354537245117
0.38605659375 0.496220125 -0.390086953125
0.382227261719 0.356584875 -0.396078191407
0.362733496094 0.504947328125 -0.427671834473
0.349166062499 0.356584875 -0.4459079375
0.30153521582 0.522401734375 -0.493985419922
0.300191976074 0.365312078125 -0.49510992334
0.332346206665 0.491856523437 -0.465035461303
0.322650100098 0.37403928125 -0.475232196777
0.259053002075 0.515856332031 -0.524123222168
0.23806440625 0.37403928125 -0.536335002929
0.27115638086 0.356584875 -0.51731925
0.228693070191 0.477674818359 -0.541457414063
0.203513914063 0.356584875 -0.55244046875
0.185053691407 0.496220125 -0.558775820312
0.154840925894 0.340494094238 -0.567057761005
0.137411756244 0.491856523437 -0.5702973526
0.111384549609 0.356584875 -0.574731738281
0.0907977621094 0.496220125 -0.576352113281
0.0403714738281 0.37403928125 -0.577027269531
-0.030093453125 0.496220125 -0.577483
-0.0861548223633 0.37403928125 -0.577478780273
-0.0311100644532 0.33913046875 -0.577263574218
-0.0214765596299 0.705673 -0.55671721875
-0.0790737173234 0.692445832764 -0.570982587585
-0.0305968599753 0.640218976562 -0.577324352539
-0.0810032348296 0.644582578125 -0.576487128906
-0.410534 0.486402021485 -0.205471405762
-0.410534 0.37403928125 -0.22037925
-0.410534 0.347857671875 -0.262875255859
-0.410534 0.47876571875 -0.273841974609
-0.410534 0.33913046875 -0.354036105469
-0.410534 0.37403928125 -0.310169230468
-0.410534 0.635855375 -0.32524846875
-0.410534 0.663026151074 -0.122193114258
-0.410534 0.550049410938 -0.136072828125
-0.410534 0.474110618359 -0.114139453125
0.119443764843 0.354962953907 0.12042728125
0.0327965369902 0.651803296094 0.11759151127
0.0578972515625 0.563893458203 0.1243100625
-0.0281916585937 0.46625209375 0.124386
-0.00556776256396 0.575487882227 0.120930182456
0.0421901171875 0.46625209375 0.124386
0.176733534766 0.496220125 0.108507203906
0.174416601562 0.356584875 0.1097209375
0.119287374218 0.496220125 0.1208109375
0.218409397949 0.360948476563 0.0918724078857
-0.410534 -0.350318578125 -0.47895388623
-0.319501470272 -0.401045446289 -0.57100518866
-0.25835778125 -0.411409 -0.577483
-0.304010646875 -0.341591375 -0.577483
-0.251462296338 -0.352500378906 -0.577483
-0.33515921665 -0.182319917969 -0.577483
-0.234104696387 -0.0928660859375 -0.577483
-0.283086416797 -0.201956125 -0.577483
-0.290695227734 -0.07977528125 -0.577483
-0.410534 -0.206319726562 -0.507227458008
-0.410534 -0.0743207792969 -0.502343841065
-0.40322240824 -0.199228874023 -0.566987507446
-0.409582898633 -0.053593671875 -0.575426740234
-0.377245452149 -0.140865703125 -0.577483
-0.364881134375 -0.053593671875 -0.577483
-0.410534 -0.062320875 -0.528132765625
-0.410534 -0.349500402832 0.0305694155273
-0.410534 -0.188682061914 0.050360859375
-0.410534 -0.0759138414062 0.00855036328125
-0.284773133345 0.705400274902 -0.535993058869
-0.331902497117 0.705673 -0.561353652344
-0.267079426542 0.700218498047 -0.559063909668
-0.354487166424 0.642946227539 -0.569725568848
-0.300798125763 0.644582578125 -0.566209363281
-0.410534 0.619491869141 -0.525048375976
-0.410534 0.635855375 -0.48974925
-0.410534 0.491856523438 -0.557605822266
-0.410534 0.356584875 -0.56651628125
-0.364620266947 0.489674722656 -0.573876562317
-0.349188201172 -0.0215680027344 0.488458
-0.40292521875 0.080832796875 0.4822506875
-0.395554211914 0.181633681739 0.479728966797
-0.410534 -0.0439703021973 0.436166450195
-0.217119373108 -0.0285822870971 0.488369115234
-0.17466178125 0.08317864375 0.47708075
-0.185361629883 0.179695196582 0.477791828125
-0.217461175781 0.0577401724609 0.488458
-0.221265566406 0.187925290234 0.488458
-0.168479646484 0.0891641664062 0.4344160625
-0.167053 0.17894700625 0.367930257812
-0.163248578125 -0.0193234317383 0.374952154297
-0.17466178125 0.56202045625 0.47708075
-0.181624113312 0.461458999435 0.480458371094
-0.243616361328 0.630853966797 0.488458
-0.167706879639 0.660781580078 0.400106542969
-0.406729609375 0.560847532812 0.47966571875
-0.399120828125 0.465079170313 0.48535434375
-0.351847373623 0.563291310785 0.487358964844
-0.321606369141 0.47373399707 0.488458
-0.360125824219 0.469244855079 0.488458
-0.350852622071 0.660033389746 0.488458
-0.382179401123 0.705673 0.422149964844
-0.403519654785 0.661683942432 0.396680294922
-0.410296225586 0.564721180905 0.445837800232
-0.406967383789 0.458366216016 0.455126907227
-0.410534 0.653898813547 0.0554358974991
-0.410534 0.65778881875 0.20402675
-0.410534 0.45877019043 0.152651355469
-0.410534 0.548553030273 0.0712661074218
-0.410534 0.56950235957 0.195671582031
-0.127489275195 0.651242153345 0.12519031478
-0.167053 0.56202045625 0.1841165625
-0.167053 0.547056649609 0.217181695312
-0.170857390625 0.65778881875 0.209715375
-0.147079793359 0.556034933594 0.124386
-0.159206383106 0.463259332422 0.124386
-0.167053 0.475230377734 0.171672695313
-0.410534 0.179654373438 0.240013535156
-0.410534 0.17894700625 0.159228828125
-0.410534 0.0869195954101 0.106376384766
-0.410534 0.181191577246 0.0734937158203
-0.14099420047 -0.410487966718 0.443126769531
-0.106308593643 0.0802794062134 0.124386
-0.0944903699965 0.184067433835 0.124386
-0.116644430859 0.172961483594 0.124386
-0.162773025391 -0.0245607640625 0.15425128125
-0.162773025391 -0.00660419609375 0.234603109375
-0.148030898438 0.08317864375 0.124386
-0.159444159375 0.17894700625 0.124386
-0.167053 0.08317864375 0.1471405
-0.0919156988281 -0.01258971875 0.124386
0.060221402832 0.176113696582 0.12431428125
0.0223357986816 -0.0110933380859 0.124386
-0.31922825 -0.209699195313 0.404101449219
-0.25835775 -0.237786491211 0.40776997168
-0.264064359375 -0.207234137207 0.403116189941
-0.31922825 -0.236425083984 0.407795888672
-0.31922825 -0.270828408203 0.401626027344
-0.25835775 -0.268626085938 0.402522115234
-0.25835775 -0.29148121289 0.391906935547
-0.31922825 -0.30360521582 0.382705717773
-0.25835775 -0.309968672851 0.376828986328
-0.25835775 -0.324502041016 0.35803721875
-0.31922825 -0.328443078125 0.350599890625
-0.31922825 -0.335095916016 0.333313919922
-0.260259953125 -0.333157496582 0.339340819336
-0.25835775 -0.33811621875 0.315748173828
-0.31542384375 -0.338383490723 0.302755342285
-0.2659665625 -0.336431975586 0.28517568457
-0.31922825 -0.334859234375 0.277603734375
-0.25835775 -0.329740707031 0.264298714844
-0.31922825 -0.325377398438 0.255528867188
-0.25455334375 -0.319572099609 0.246196962891
-0.31922825 -0.302106132324 0.228468727051
-0.25835775 -0.306241078125 0.231162957031
-0.2659665625 -0.285342363281 0.216538213867
-0.31922825 -0.271567628906 0.209892816406
-0.25835775 -0.267664389649 0.208595026367
-0.31922825 -0.248134704102 0.204588666992
-0.25835775 -0.24379909375 0.204173779297
-0.3116194375 -0.225619624268 0.20548846167
-0.26216215625 -0.219369369141 0.205216310547
-0.31922825 -0.200649320312 0.210300988281
-0.2659665625 -0.201266194824 0.210899743164
-0.321130453125 -0.17584490039 0.224299419922
-0.25835775 -0.183922138672 0.218557042969
-0.25835775 -0.165187054688 0.233260771485
-0.31922825 -0.157237171875 0.241888390625
-0.25835775 -0.149661650391 0.252954376953
-0.31922825 -0.144674121094 0.262164732422
-0.265015460938 -0.139607005371 0.276463582031
-0.30781503125 -0.136297536621 0.287988917969
-0.410534 -0.0851715457275 0.346816009461
-0.410534 0.124164255469 0.349575734375
-0.25455334375 -0.135462900391 0.293011695313
-0.31922825 -0.134927357421 0.309204316406
-0.25835775 -0.13543884668 0.316642535156
-0.3116194375 -0.13846647998 0.329952534179
-0.25835775 -0.14010334375 0.338681386719
-0.31922825 -0.148205529297 0.356459560547
-0.25835775 -0.1464615625 0.35369821875
-0.25835775 -0.154977490234 0.366946136719
-0.3116194375 -0.15793452832 0.370525581055
-0.25455334375 -0.174158386719 0.386290263672
-0.31922825 -0.172474484375 0.385194402344
-0.328739265625 -0.183419317139 0.392592837402
-0.25835775 -0.191037195313 0.397088863281
-0.01487575 -0.202542853515 0.401873337891
-0.0681374375 -0.189273859375 0.395867773438
-0.01487575 -0.180064726562 0.390767375
-0.01487575 -0.165337414063 0.378614138672
-0.07574625 -0.158462619141 0.370969620117
-0.0072669375 -0.150235026856 0.358759611816
-0.01487575 -0.141362326172 0.342118908203
-0.07574625 -0.142174334961 0.343585102539
-0.01487575 -0.135462852539 0.313065789063
-0.081452859375 -0.135320600098 0.316408172852
-0.01487575 -0.138212757812 0.279749476563
-0.07574625 -0.135725117187 0.290994703125
-0.07574625 -0.139921649414 0.273683283203
-0.01487575 -0.151428569824 0.250395276367
-0.07574625 -0.150805979492 0.251261002929
-0.0072669375 -0.172445618652 0.227705446533
-0.07574625 -0.171761810546 0.227467584961
-0.01487575 -0.190206583984 0.215670176758
-0.07574625 -0.196141234375 0.212189691407
-0.07574625 -0.219061210938 0.205542825195
-0.01487575 -0.233106523437 0.203790294922
-0.01487575 -0.216291078125 0.205778339844
-0.07574625 -0.238144292969 0.203713949219
-0.01487575 -0.255551613281 0.205669802735
-0.07574625 -0.259236959961 0.206450928711
-0.01487575 -0.289240038086 0.219119299805
-0.07194184375 -0.280016438477 0.213424213867
-0.0681374375 -0.297896986817 0.224360563965
-0.01487575 -0.316934736328 0.242625333984
-0.07574625 -0.323874408203 0.252954376953
-0.0224845625 -0.330964865723 0.268664322754
-0.01487575 -0.337878554687 0.294069214844
-0.073844046875 -0.335112477539 0.279374235352
-0.07574625 -0.338318880859 0.313173314453
-0.020582359375 -0.337260646484 0.321139397461
-0.07574625 -0.332652453125 0.341028773437
-0.01487575 -0.3291974375 0.349369289062
-0.0681374375 -0.327802809326 0.350351653808
-0.016777953125 -0.314749163574 0.371353126953
-0.07574625 -0.299265648438 0.386496298828
-0.07574625 -0.312730914062 0.374207554687
-0.01487575 -0.291676751465 0.391471552734
-0.07574625 -0.281430044922 0.397611669922
-0.01487575 -0.261395859375 0.404960117188
-0.01487575 -0.225763828125 0.407326722657
-0.07574625 -0.235390164063 0.407985417968
-0.01107134375 -0.247769085938 0.407341726563
-0.07574625 -0.212582388672 0.40485906836
-0.0451264644514 0.705673 -0.531992278564
-0.117641496406 0.705673 -0.511008828125
-0.00595501767331 -0.411409 -0.517718895508
-0.106937293168 -0.411409 -0.519926216797
0.110097875391 -0.097270105469 0.121736625
0.0903590280582 -0.021264836692 0.123353806343
0.0887069165039 0.111592576367 0.12341990625
0.091869990625 0.00243471484375 0.123171
-0.410534 -0.201956125 -0.319765109375
-0.410534 -0.062320875 -0.330731828125
-0.410534 -0.0721389785157 -0.140870753906
-0.410534 -0.199774324219 -0.143441071289
-0.410534 0.23440403125 -0.318394269531
-0.410534 0.051132765625 -0.329703698242
-0.410534 0.19594979248 -0.166402573242
-0.410534 0.210404222656 -0.110198299805
-0.410534 0.077314375 -0.1278478125
-0.410534 -0.18450171875 -0.391734201172
-0.410534 -0.07977528125 -0.439713595703
-0.410534 -0.201956125 -0.451365734375
-0.410534 -0.04486646875 -0.389677941406
-0.410534 -0.197592523438 -0.0407997304688
-0.410534 -0.0754116796875 -0.0404570214844
-0.0174937991943 -0.0819570820312 -0.576846876221
-0.0533321151245 -0.177410866211 -0.577028851929
-0.0690925526856 -0.110320492188 -0.57707157666
0.0358999341797 0.195131617187 -0.576630615234
-0.040164378125 0.216949625 -0.57707790625
-0.0223734078125 0.077314375 -0.576875359375
-0.0824049971924 0.0544054667969 -0.577127488037
-0.158163516992 -0.182319917969 -0.577419704102
-0.149335547558 -0.0666844765625 -0.577398605469
-0.186549628027 0.376221082031 -0.577483
-0.157541036328 0.489674722656 -0.577483
-0.273575403125 0.077314375 -0.577483
-0.321130471485 0.0620417695313 -0.577483
-0.271461853506 0.487492921875 -0.576332628906
-0.30329732085 0.35767577539 -0.577483
-0.251224520996 0.406766292969 -0.577483
-0.410534 0.347857671875 -0.403386339844
-0.410534 0.51367453125 -0.406128019531
-0.410534 0.077314375 -0.506199328125
-0.410534 0.216949625 -0.440399015625
-0.410534 0.225676828125 -0.508255587891
-0.410534 0.198952639062 -0.03463096875
-0.410534 0.51367453125 -0.457534513672
-0.410534 0.360403026367 -0.528325539978
-0.410534 0.483129320312 -0.494375834473
-0.410534 0.356584875 -0.473299171875
-0.410534 0.478223139063 -0.0085850859375
-0.410534 0.280700891406 0.006494109375
-0.410534 0.379462015235 0.028427484375
-0.106182275 0.56202045625 0.124386
-0.133021271423 0.446425049952 0.124386
-0.106568661438 0.272096702588 0.124386
-0.106182275 0.37048373125 0.124386
-0.0434093398438 0.190918051563 0.124386
-0.0548226007813 0.0951496890625 0.124386
-0.351565945313 0.0801858824219 0.488458
-0.363930214844 0.166682730078 0.487682085937
-0.321606369141 0.082430453418 0.488458
-0.293073439453 0.104127973047 0.488458
-0.307815453125 0.17894700625 0.488458
-0.405778511719 0.169856849609 0.464404664063
-0.410534 0.0655847921875 0.44190315625
-0.410534 0.157834384375 0.4325921875
-0.325886308594 0.286686414063 0.488458
-0.367972379883 0.275617731104 0.487876064453
-0.409107353516 0.250534300186 0.440805965271
-0.410534 0.360841855664 0.438476378906
-0.410534 0.0465839364014 0.405483689941
-0.410534 0.145518688281 0.395737328125
-0.239336421875 0.27471536875 0.488458
-0.262162765625 0.358512685938 0.488458
-0.219697741364 0.362440685181 0.488458
-0.168271593872 0.291818532121 0.43649791037
-0.167053 0.27471536875 0.39744
-0.167053 0.37048373125 0.380374125
-0.206575565888 0.466930141238 0.485791457031
-0.254553984375 0.573991501563 0.488458
-0.219118166229 0.543339078897 0.486502535156
-0.23553203125 0.46625209375 0.488458
-0.167528548828 0.45877019043 0.417172417969
-0.279282523437 0.476726758398 0.488458
-0.167053 0.17894700625 0.29504475
-0.167053 0.08317864375 0.31779925
-0.167053 0.46625209375 0.29504475
-0.167053 0.56202045625 0.295755828125
-0.167053 0.37048373125 0.21967046875
-0.167053 0.37048373125 0.18127225
-0.167053 0.27471536875 0.232469875
-0.167053 0.08317864375 0.24953575
-0.167053 0.190918051562 0.18553871875
-0.166874667724 0.0756967404297 0.180027863281
-0.410534 0.556034933594 0.297177984375
-0.410534 0.56202045625 0.243847125
-0.410534 0.46625209375 0.231403257812
-0.410534 0.37422468291 0.252735601562
-0.410534 0.0636130503907 0.251581727539
-0.410534 0.049298925 0.298791492188
-0.404554623291 -0.355773080078 -0.210383609815
0.0601366075439 -0.354682179687 -0.577081071045
0.0368365958008 0.510401830078 -0.577286782715
0.0296697027222 0.613219191895 -0.575218144165
-0.410534 0.677241767382 -0.154750467773
-0.410534 -0.350318578125 -0.507570167969
-0.31922826875 -0.27177375 -0.577483
-0.38009875625 -0.201956125 -0.577483
-0.410534 -0.341591375 0.058585875
-0.379167501467 0.631491773437 -0.573042093018
-0.167053 -0.00660419609375 0.436549296875
-0.170857390625 0.65778881875 0.45432625
-0.409215095047 0.636763176958 0.450349161133
-0.410534 0.666673578943 0.0904739907532
-0.410534 0.660407484912 0.173894814453
-0.163932186462 0.558092457007 0.151051429688
-0.129008796875 -0.01258971875 0.124386
0.053603378125 -0.01258971875 0.124386
0.0975662046143 -0.0517600162597 0.122722757812
-0.410534 -0.04486646875 -0.196389609375
-0.410534 -0.356863980469 -0.447510247315
-0.410534 -0.360136681641 -0.0922917553711
-0.410534 -0.354682179687 -0.113796744141
-0.410534 -0.358773056152 -0.0351878708496
-0.410534 -0.348954952637 -0.00494380297852
-0.410534 -0.21941053125 -0.0990602578125
0.0653141216552 -0.0055940546875 -0.57607466626
0.0576819470703 0.30422165625 -0.576563099609
0.0247547749024 -0.04486646875 -0.576609516601
-0.0901635686767 -0.346773151856 -0.574726285645
-0.192731786914 -0.350318578125 -0.577483
-0.104364723291 -0.223774132813 -0.577227706543
-0.0787048399414 0.190768015625 -0.577191838867
-0.206998307422 0.051132765625 -0.577483
-0.13809954292 0.0620417695312 -0.577356408203
-0.109783420801 0.108950486328 -0.577242475586
-0.19748729375 -0.062320875 -0.577483
-0.132812400782 0.33913046875 -0.577483
-0.218411523828 0.19949521875 -0.577483
-0.116357126812 0.644582578125 -0.574274082031
-0.2339937736 0.644582578125 -0.572478885742
-0.263092209937 0.635855375 -0.570120625
-0.216984871777 0.509310929688 -0.577483
-0.410534 0.647855279297 -0.45851980481
-0.410534 0.65778881875 0.0037524375
-0.410534 0.550049410938 -0.026405953125
-0.0647110094453 0.56202045625 0.123448829141
-0.372965495996 0.0729507734375 -0.577140290039
-0.383189835693 0.0031331484375 -0.57731164502
-0.386043139795 0.363130277344 -0.574741320313
-0.3496635125 0.216949625 -0.577483
-0.3496635125 0.077314375 -0.577483
-0.31922826875 0.216949625 -0.577483
-0.360125627539 0.365312078125 -0.577483
-0.339439450196 0.00387046855469 0.488458
-0.168122984863 0.470367140576 0.447171026367
-0.15944415625 -0.01258971875 0.34055375
-0.325886308594 0.648810534766 0.488458
-0.169668518555 0.669759864062 0.373974421875
-0.167053 0.65778881875 0.27229025
-0.241136108887 0.705673 0.144252780567
-0.410534 0.463259332422 0.0983401171875
-0.0115241142578 -0.28922815625 -0.577069466797
-0.00273137299805 -0.185047168945 -0.57680784375
-0.09298503103 0.477129368164 -0.577483
-0.0804863994439 0.604219263672 -0.576779424072
-0.410534 0.366402978516 -0.155949949219
-0.410534 0.47876571875 -0.346496486328
-0.220789277246 -0.173592714844 -0.577483
-0.329690383789 -0.0666844765625 -0.577483
-0.327520683795 -0.017866684082 -0.577483
-0.410534 -0.201956125 0.0037524375
-0.321595483094 0.496220125 -0.5738018125
-0.410534 0.487492921875 -0.526761925781
-0.168360759277 0.189047575732 0.43299390625
-0.167053 0.544063888281 0.43014959375
-0.410534 0.56202045625 0.36330825
-0.410534 -0.04486646875 -0.0908352421875
-0.0866750265625 -0.062320875 -0.577145421875
-0.070599621875 0.00749675 -0.57707790625
-0.245517912793 0.33913046875 -0.577483
-0.410534 0.0427316613281 0.017460796875
-0.0766980175781 0.454281048438 0.124386
0.00034149375 0.17894700625 0.124386
-0.167171887207 0.441935907959 0.364508194336
0.212606067413 0.666400585937 -0.0244088204645
0.230479084961 -0.3765001875 -0.0369639138672
0.194471211006 -0.375682012207 -0.013124958142
0.172258280627 0.677309589844 -0.0025491812326
0.164480239746 -0.367772984375 0.00119527864746
0.148614538676 0.663536972412 0.00685717786333
0.129720658276 0.679491390625 0.0113297758984
0.123707024478 -0.368863884766 0.0128949968524
0.105535237134 0.679491390625 0.0162336958203
0.0997792234619 -0.385227390625 0.0160155760107
0.0799426712891 -0.3765001875 0.0181914176172
0.0793692986481 0.675127789063 0.017795085116
0.057514029105 0.673764163574 0.0161733526126
0.0497307968574 -0.3765001875 0.0164377816016
0.020028942172 0.677309589844 0.0126637768115
0.0164441941372 -0.386318291016 0.00991870402467
-0.00415634300586 0.6707641875 0.00452171685547
-0.0220112170609 0.684945892578 -0.00224446782318
-0.0179300019594 -0.371045685547 -0.00160027599334
-0.0464007470479 0.6707641875 -0.015473357041
-0.0545120377726 -0.378886532105 -0.0212334718105
-0.0786543238648 0.675127789063 -0.038165270166
-0.0840650354004 -0.367772984375 -0.0425343386719
-0.103144766822 0.679491390625 -0.0607268807617
-0.114678632022 -0.368863884766 -0.0748696511169
-0.128560068359 0.6707641875 -0.0937774988281
-0.128498076782 -0.385227390625 -0.0949574450684
-0.140817949642 -0.377045637695 -0.117346798251
-0.148302289612 0.683854992188 -0.13236951665
-0.154349443359 -0.3765001875 -0.145353999219
-0.159715393555 0.6707641875 -0.164612671875
-0.161243927124 -0.369954785156 -0.171239821875
-0.165084316009 0.667491486328 -0.193924591034
-0.167512666992 -0.3765001875 -0.213654170898
-0.168226974609 0.6707641875 -0.232161693359
-0.167843872559 0.679491390625 -0.262284158447
-0.166349966308 -0.385227390625 -0.255008732422
-0.161390079689 0.673491438477 -0.281713858185
-0.161488336426 -0.385227390625 -0.279101525391
-0.158072188477 -0.3765001875 -0.296332355469
-0.152622037964 0.679491390625 -0.311710130371
-0.145310432442 -0.371454773193 -0.327372566292
-0.134112421545 0.677309589844 -0.354605291138
-0.11494922495 -0.366545721436 -0.37711482769
-0.118916240552 0.662036984375 -0.373226870605
-0.0999796175781 0.6707641875 -0.395218766602
-0.0959317878938 -0.373772936523 -0.39963190831
-0.0790466716084 0.679491390625 -0.414305482666
-0.0813507568482 -0.383045589844 -0.412779109802
-0.060316987972 0.663127884766 -0.428842104889
-0.0544597902832 -0.385227390625 -0.432116861084
-0.0356977780748 -0.366409358887 -0.443847120102
-0.0311497156875 0.6707641875 -0.446412388672
-0.0096222933002 0.664218785156 -0.454663313233
-0.0135354949834 -0.383045589844 -0.454510946167
0.0211736650522 0.693400370605 -0.465159643745
0.0327720722734 -0.38577284082 -0.466730245011
0.0513035372871 0.6707641875 -0.469516616211
0.0615820444175 -0.380863789063 -0.4700857052
0.0900990447266 0.6707641875 -0.470358943359
0.10453745083 -0.385227390625 -0.469298239868
0.139996878587 0.674855063965 -0.461256381985
0.129026179502 -0.378545625732 -0.46440901108
0.147053491016 -0.3765001875 -0.460855373047
0.164875741211 0.6707641875 -0.454165871094
0.198591955322 0.662036984375 -0.438139339355
0.203704403668 -0.378954713379 -0.434437046715
0.23267952417 0.662036984375 -0.41418721582
0.239358543701 -0.367772984375 -0.408515330079
0.25952671875 0.677309589844 -0.387408604981
0.265339886719 -0.3765001875 -0.38118853418
0.286258854004 0.679491390625 -0.35051041333
0.280198171685 -0.384272852783 -0.35930391074
0.30153031897 0.677309589844 -0.32090601593
0.305690584442 -0.373772936523 -0.309075715195
0.31429079541 0.679491390625 -0.279546762451
0.31333811206 -0.363409382813 -0.285137245483
0.319178351074 0.679491390625 -0.255007351807
0.320183044464 -0.371591135742 -0.235876348617
0.319482976196 0.674582338867 -0.214914607727
0.319179456298 -0.385227390625 -0.198440513794
0.313339769897 0.657673382812 -0.167980818054
0.314305900146 -0.385227390625 -0.173854408569
0.310736378906 -0.3765001875 -0.155924507813
0.30569069957 0.668036936523 -0.144022719035
0.298463597168 -0.385227390625 -0.124304772802
0.280003499924 0.674855063965 -0.0935556043838
0.286322777756 -0.38931826709 -0.102772841258
0.275670084717 -0.367772984375 -0.0850568848755
0.269205510113 0.666332404663 -0.0774652075169
0.258108775391 -0.3765001875 -0.0632161469727
0.244960978737 0.670491462402 -0.0509092824547
0.204369305664 -0.38468194043 -0.550330947449
0.238355744217 -0.374863836914 -0.53539261322
0.26637239325 -0.394772769043 -0.518677612396
0.298733126831 -0.386863741211 -0.495855262695
0.335611290161 -0.37540928711 -0.459590585983
0.393811355774 -0.368863884766 -0.374138075195
0.405199957886 -0.373227486329 -0.344126331421
0.415939528725 -0.381000151611 -0.306427279862
0.424144153076 -0.380863789063 -0.25985153418
0.426138375534 -0.387954641602 -0.218665816788
0.423927558594 -0.385227390625 -0.194158729395
0.417537113709 -0.386863741211 -0.15122609071
0.405431716003 -0.368863884766 -0.107113735821
0.3930740868 -0.387681916504 -0.0788111210914
0.371072782898 -0.3765001875 -0.0394603475159
0.34648060498 -0.380863789063 -0.00468460571289
0.268871458203 -0.379636526123 0.0649463882366
0.231097847411 -0.379091075928 0.0869572539681
0.206613282294 -0.392863693359 0.0976000839722
0.165345965597 -0.386349676123 0.111496671436
-0.410534 -0.386318291016 -0.233145166748
0.0971782787598 -0.380863789063 -0.57543887085
0.162360755371 -0.385227390625 -0.564879137695
0.137185530178 -0.366954809082 -0.571324044968
0.245978731811 0.674582338868 0.0785179160111
0.298362503097 0.67540051416 0.0433591831925
0.318804421631 0.675127789063 0.0247613851807
0.348987617615 0.686036792969 -0.00818352577515
0.371124012207 0.675127789063 -0.0388616540039
0.400587428711 0.679491390625 -0.0966701236328
0.413698979424 0.671718725342 -0.135485073951
0.423803308167 0.663127884766 -0.183977106445
0.424944741638 0.684673167481 -0.24701573764
0.417779209717 0.675127789063 -0.301620039551
0.406599318359 0.6707641875 -0.343393238281
0.397364332031 0.679491390625 -0.364074748535
0.378062327307 0.68675269635 -0.402670519131
0.355720195198 0.665718773193 -0.436918041687
0.339134372559 0.679491390625 -0.456528374023
0.314076754517 0.6824913667 -0.48235613388
0.25464579303 0.674036888672 -0.526639448852
0.217729503748 0.665309685547 -0.54620152655
0.203218629817 0.678536852783 -0.550328543815
0.166126474187 0.66967328711 -0.563558460846
-0.410534 0.669142266406 -0.224491760742
0.101248911002 0.683184001562 0.121961787982
0.200925288971 0.685627705323 0.0999872339226
-0.397218580859 -0.3765001875 -0.573370480469
-0.407489878435 0.660946083984 -0.569916191895
-0.410534 -0.110587186719 0.276804820313
0.223025947876 0.177677210937 -0.0316433830445
0.228078097168 0.120950390625 -0.0361977661389
0.182881375122 0.177677210937 -0.0074693416382
0.144848003675 0.116586789063 0.00711218229004
0.135362113657 0.185313513672 0.00874980160095
0.0999550471068 0.177677210937 0.0158786050952
0.0809018465003 0.116586789063 0.0171079465821
0.0578000715732 0.1820408125 0.0170078752734
0.0250120615234 0.1820408125 0.0116204052734
-0.0161500293916 0.1820408125 -0.000570046884765
-0.0295897489937 0.1122231875 -0.00669819847168
-0.062665516322 0.177677210937 -0.026627695227
-0.0676634505005 0.120950390625 -0.0304308351318
-0.0937323328613 0.1122231875 -0.051258059668
-0.0987968336915 0.1820408125 -0.0561405304688
-0.12215949707 0.1122231875 -0.0849859359375
-0.11917083833 0.173313609375 -0.0815564261719
-0.132137927246 0.1820408125 -0.0993851449219
-0.148619969727 0.1820408125 -0.132012198047
-0.159046700195 0.1122231875 -0.163062261719
-0.162078541504 0.1820408125 -0.173839612305
-0.16676509314 0.116586789063 -0.20645262439
-0.166516612793 0.173313609375 -0.207099120606
-0.165976030273 0.1820408125 -0.251033058594
-0.164995651978 0.120950390625 -0.256582235352
-0.156865690674 0.116586789063 -0.297077929199
-0.149245636719 0.1820408125 -0.320035216797
-0.141501859374 0.1122231875 -0.33658115039
-0.136331398926 0.173313609375 -0.345278197754
-0.120899486084 0.1122231875 -0.370104106933
-0.117073508301 0.1820408125 -0.375560816895
-0.0837277430664 0.1122231875 -0.410293311035
-0.0890787230469 0.1820408125 -0.405827768555
-0.0591660057624 0.175495410156 -0.427954551544
-0.0388167275083 0.1122231875 -0.44163370996
-0.0175432531216 0.1820408125 -0.452016404297
0.00816760362525 0.1122231875 -0.460591566162
0.0170531499888 0.1820408125 -0.463217371582
0.05920336875 0.1122231875 -0.470020292969
0.0501702987422 0.1820408125 -0.469427361328
0.0924577081055 0.1820408125 -0.46995547461
0.0955868027344 0.1122231875 -0.470068681641
0.137128334668 0.1122231875 -0.462800190918
0.149256667487 0.178768111328 -0.4592578824
0.184288874023 0.1122231875 -0.445825726562
0.190645089356 0.1820408125 -0.442626723633
0.211583329102 0.1122231875 -0.429713175781
0.234964291504 0.120950390625 -0.411663863282
0.259270567383 0.1122231875 -0.388506178222
0.285037232422 0.1122231875 -0.353517307617
0.29825334668 0.1820408125 -0.328405346192
0.300369866211 0.1122231875 -0.32407885791
0.317424502929 0.1820408125 -0.264872386962
0.319763545898 0.120950390625 -0.237562369141
0.319950199219 0.1122231875 -0.20739109375
0.319111875 0.1820408125 -0.1953910625
0.316497888672 0.1122231875 -0.179846512695
0.307938267975 0.178768111328 -0.150331361649
0.286825209473 0.114404988281 -0.10412509812
0.290861616211 0.1820408125 -0.109640869434
0.265653666016 0.1820408125 -0.0723121361328
0.253186175781 0.1122231875 -0.0575249484375
0.246669053772 0.179859011719 -0.0511077033386
0.247111820861 0.179859011719 -0.530724472839
0.195402877442 0.177677210937 -0.555745713867
0.161239019531 0.1122231875 -0.565981277344
0.243872649902 0.120950390625 -0.532485942871
0.299573356445 0.1820408125 -0.495864737305
0.373989364441 0.179859011719 -0.409538798828
0.348920516602 0.120950390625 -0.445741944336
0.421226009094 0.171131808594 -0.279378262818
0.402366546875 0.120950390625 -0.353029699707
0.422349325196 0.120950390625 -0.270934677246
0.42613531543 0.1820408125 -0.229687730468
0.423332115234 0.1820408125 -0.185174300781
0.412059183594 0.1820408125 -0.128347311914
0.390677609863 0.114404988281 -0.0750520999878
0.303551601562 0.1122231875 0.0393162208008
0.225464727173 0.108405036133 0.0888939631164
0.149957249609 0.114342218066 0.114823246094
0.145010795654 0.1820408125 0.115807492187
-0.410534 -0.385227390625 -0.405099889648
-0.410534 -0.385227390625 -0.070272703125
0.111706218164 0.1122231875 -0.574706419921
-0.132988170415 -0.372068404663 -0.575369198364
-0.178465266406 -0.3765001875 -0.577483
-0.159228793359 0.1820408125 -0.577466121094
-0.171079304021 0.6707641875 -0.577040390625
-0.410534 0.6707641875 -0.414353058594
-0.410534 0.295915778906 -0.03463096875
-0.406254043848 0.114404988281 -0.568572541016
-0.389520604168 0.181768087402 -0.576005063293
0.211148018799 0.393675488281 -0.0233152383136
0.213616211914 -0.1670473125 -0.0246464156982
0.22716624707 -0.0972296875 -0.0343044458984
0.180227273438 -0.1670473125 -0.00552480986328
0.163320726563 -0.0972296875 0.00147160846191
0.184066467285 0.4613113125 -0.00754425102051
0.16123777334 0.3914936875 0.00223278427735
0.126830223022 -0.1670473125 0.0116667083984
0.14109283042 0.4613113125 0.00863389395997
0.119535973388 -0.0972296875 0.0136551727344
0.105074635364 0.387130085938 0.0152496668262
0.082044353458 -0.0972296875 0.0175783187012
0.0292418936782 -0.1670473125 0.0126313812207
0.0875953108887 0.4613113125 0.0172533509473
0.0728937563213 0.3914936875 0.0182190603906
0.0409138906699 -0.0972296875 0.0151662399219
0.0466981572695 0.4613113125 0.0157157118359
0.0114130874038 0.3914936875 0.00858821361816
0.00809152401173 -0.0972296875 0.00790553690432
-0.0147830505869 -0.1670473125 -0.00011835188477
0.0136749450811 0.452584109375 0.00829445335937
-0.0458982153516 -0.0972296875 -0.0154894203125
-0.0480361731973 -0.1670473125 -0.016317073457
-0.0274842001943 0.4613113125 -0.00545234879883
-0.0257127075645 0.3914936875 -0.00455320759766
-0.0678551493091 0.456947710938 -0.0303575578857
-0.0561811448994 0.3914936875 -0.0214117958105
-0.0757425052735 -0.1670473125 -0.0353219675781
-0.0924424633302 0.3914936875 -0.0506723690429
-0.0997437961914 -0.1670473125 -0.0573352708984
-0.105132531592 0.4613113125 -0.0635451849609
-0.121338308106 -0.1670473125 -0.083527834375
-0.111840128369 -0.0972296875 -0.0709850030274
-0.137641206543 -0.0972296875 -0.109524079687
-0.14326762085 -0.1670473125 -0.120571561328
-0.132167615723 0.4613113125 -0.100119649805
-0.15131140625 0.4613113125 -0.138387284375
-0.155303669922 -0.0972296875 -0.149284943359
-0.160539470703 -0.1670473125 -0.16741753125
-0.157969188476 0.3914936875 -0.157593423828
-0.163880548828 -0.0972296875 -0.180979841797
-0.16219123877 0.452584109375 -0.177512570312
-0.16739084375 -0.1670473125 -0.239044083984
-0.167570020508 0.4613113125 -0.218950700195
-0.164723949707 0.3914936875 -0.265107345215
-0.165650126953 -0.0972296875 -0.260417931641
-0.158710416504 -0.0972296875 -0.292102121093
-0.152573256836 0.4613113125 -0.309921111816
-0.155053340332 0.3914936875 -0.303986643555
-0.142064724609 -0.0972296875 -0.335775181641
-0.126514070996 -0.171410914062 -0.361190743164
-0.119675333008 -0.0972296875 -0.372220458008
-0.0911151486328 -0.1670473125 -0.403987629883
-0.132885633789 0.452584109375 -0.351485472656
-0.108410122461 0.4613113125 -0.38589877832
-0.0986658050171 -0.108138691406 -0.396215887695
-0.0932617691406 0.3914936875 -0.402486498047
-0.0530521777415 0.3914936875 -0.432969072998
-0.0710279100586 -0.0972296875 -0.421001078614
-0.061016719336 -0.1670473125 -0.428342234375
-0.0769935824219 0.4613113125 -0.416458342774
-0.0288136135048 -0.1670473125 -0.447036470703
-0.0226229234231 -0.101593289062 -0.449317795898
0.0116668396937 -0.158320109375 -0.46129948584
-0.0545557207031 0.4613113125 -0.432701419922
-0.0338492369472 0.4613113125 -0.444715317383
-0.00152432345145 0.3914936875 -0.457586393555
0.0326084734072 -0.0972296875 -0.466879342774
0.0402341912109 0.3914936875 -0.46824472168
0.0869077719726 -0.0972296875 -0.469970708984
0.0798750398437 -0.1670473125 -0.471080957031
0.121036911426 -0.1670473125 -0.466324901855
0.0653953258535 0.4613113125 -0.470566327148
0.0783021861329 0.3914936875 -0.470815791015
0.138069100488 -0.0972296875 -0.462843223632
0.095100830975 0.452584109375 -0.469339796142
0.124772241992 0.3914936875 -0.46582098584
0.16039012793 -0.162683710938 -0.455832752442
0.177376577637 -0.0928660859375 -0.448800021484
0.158419930664 0.3914936875 -0.456712441407
0.197014104492 -0.1670473125 -0.439054566406
0.18120437793 0.4613113125 -0.447262222657
0.192372211914 0.3914936875 -0.441575216797
0.212684241211 -0.0972296875 -0.429313878906
0.238823790039 -0.1670473125 -0.407956700684
0.209634399414 0.4613113125 -0.431148392578
0.220262010254 0.400220890625 -0.422999224609
0.248368883789 0.3914936875 -0.399917509766
0.264326058594 -0.0972296875 -0.382781673828
0.283922310547 -0.1670473125 -0.355021735352
0.286536323242 -0.0972296875 -0.350694209473
0.269329820312 0.4613113125 -0.376502530273
0.275477734375 0.3914936875 -0.368340813477
0.305545744141 -0.1670473125 -0.31056203125
0.290340863281 0.4613113125 -0.344637608886
0.293528279297 0.3914936875 -0.338300250977
0.306593441407 -0.0972296875 -0.308538930664
0.30618697461 0.4613113125 -0.308752512695
0.309551605469 0.3914936875 -0.299892405273
0.31562984961 -0.0972296875 -0.27580869043
0.315220931152 0.452584109375 -0.271004987793
0.317294630859 0.3914936875 -0.267313882813
0.320273097656 -0.0972296875 -0.242501373047
0.320335207031 -0.0972296875 -0.213256666992
0.317976120117 -0.1670473125 -0.191856166992
0.320053158691 0.456947710938 -0.220608023193
0.320697503906 0.3914936875 -0.224675707031
0.30618697461 -0.1670473125 -0.144344483789
0.31756728125 0.3914936875 -0.187749328125
0.307608083496 0.3914936875 -0.148450715576
0.310147035156 -0.0972296875 -0.154979916992
0.300373613282 -0.101593289062 -0.128843128223
0.287448990234 -0.1670473125 -0.103526425781
0.294697859375 0.4613113125 -0.116007979687
0.2930856875 0.3914936875 -0.11346709375
0.278526548828 0.4613113125 -0.0893373212891
0.267411560547 -0.1670473125 -0.0741443245117
0.245091812988 -0.1670473125 -0.0496031379883
0.250691009766 -0.0972296875 -0.055200637793
0.245104030274 0.3914936875 -0.0498337954101
0.253963763672 0.4613113125 -0.0586977501953
0.219450679443 -0.158320109375 -0.545297279297
0.263516713623 -0.1670473125 -0.521510198242
0.312341496094 -0.1670473125 -0.483991910156
0.340878407226 -0.0972296875 -0.455327038086
0.347741521728 -0.173592714844 -0.446747497315
0.375804272491 -0.108684141602 -0.405013793671
0.372718046875 -0.1670473125 -0.411209289062
0.399960186523 -0.0972296875 -0.359685746094
0.410469720215 -0.1670473125 -0.331279533203
0.414164138672 -0.0972296875 -0.317927630859
0.419821520508 -0.158320109375 -0.290652500976
0.424602871582 -0.0972296875 -0.256360666992
0.425343309082 -0.1670473125 -0.217478540039
0.424091979492 -0.0972296875 -0.19514996875
0.421001300415 -0.160501910156 -0.174961601416
0.400494192261 -0.169229113281 -0.0989405655516
0.385965072021 -0.105956890625 -0.0674721990723
0.357998910156 -0.0972296875 -0.0205221479492
0.250831720703 -0.105956890625 0.0756327816406
0.212292642578 -0.0972296875 0.0956531635745
0.188809520203 -0.171410914062 0.103829055932
0.142483210352 -0.1670473125 0.116470578125
-0.410534 -0.3765001875 -0.317023429687
-0.409851571136 -0.384136490234 -0.137439943194
0.0702885191406 -0.169229113281 -0.576394310547
0.0115822742187 -0.367772984375 -0.577272013672
-0.02878729292 -0.371591135742 -0.577347441284
0.163223610352 -0.105956890625 -0.565323128907
0.232187886719 0.3914936875 0.0861398938477
0.31897869336 0.3914936875 0.0249126885254
0.32651569629 0.4613113125 0.0184196450684
0.35932634375 0.4613113125 -0.0219003964844
0.401959867187 0.3914936875 -0.0985676955079
0.424768100097 0.459129511719 -0.247777165039
0.421823492798 0.395857289063 -0.269814017578
0.413251944824 0.3914936875 -0.319331107421
0.393625371094 0.3914936875 -0.373726567383
0.365966218994 0.3914936875 -0.421885423584
0.347908769531 0.4613113125 -0.447380105469
0.286360063965 0.3914936875 -0.50658684375
0.282724888672 0.4613113125 -0.509184890625
0.187184616211 0.3914936875 -0.558220986328
0.190390211395 0.45667498584 -0.556290392578
0.1328398875 0.3914936875 -0.57139762207
0.0726831174805 0.4613113125 -0.576879579102
-0.0492269051357 0.6707641875 -0.576848410156
-0.410534 0.662036984375 -0.315652589844
0.116287773242 0.3914936875 0.121063859375
0.156873714941 0.3914936875 0.113768375
0.19787678125 0.3914936875 0.101788173242
-0.410534 -0.383591040039 -0.489759959686
-0.410534 -0.3765001875 -0.463703292969
-0.280233112695 -0.367772984375 -0.577483
-0.410534 -0.1670473125 -0.495232609375
-0.406729594531 -0.1670473125 -0.554864142578
-0.395316378125 -0.105956890625 -0.574398610352
-0.304158688639 0.674036888672 -0.565605418457
-0.408037358911 0.381675583984 -0.570628800781
-0.36250356836 -0.0406443300781 0.488458
-0.20509690625 0.107120734375 0.488458
-0.120567716308 -0.11153769873 0.488458
-0.410534 -0.0856779302734 0.244673096191
-0.410534 -0.100988957703 0.329337694123
-0.410534 -0.1670473125 -0.301944191406
-0.410534 -0.1670473125 -0.0716435390625
-0.0354346741211 0.116586789063 -0.576930215821
-0.144225617188 0.3914936875 -0.577483
-0.267868794922 0.1122231875 -0.577483
-0.315423863282 0.3914936875 -0.577483
-0.410534 0.4613113125 -0.421207257812
-0.410534 0.1122231875 -0.485636730469
-0.41042435926 0.388766436524 -0.50948353186
-0.213092070923 0.297909269043 0.48703584375
0.207351077148 0.6009465625 -0.0204055643677
0.214327307617 0.5311289375 -0.024775479209
0.242395361817 -0.3066825625 -0.0475859810547
0.195628291015 -0.3066825625 -0.0138849057275
0.245123498047 -0.2368649375 -0.0498581424805
0.183984719849 0.532219837891 -0.00783194679627
0.159156558728 0.605310164063 0.00272814188598
0.163802238281 -0.2368649375 0.0015329334668
0.141165698193 0.535492539063 0.00899709025879
0.112056148633 -0.3066825625 0.01514575375
0.129843530957 -0.2368649375 0.0118483527734
0.110710475391 0.6009465625 0.01574687375
0.0994121287109 0.5311289375 0.0167066200781
0.0819912663086 -0.3066825625 0.0177826821289
0.0861771890625 -0.2368649375 0.017364897041
0.058233505043 -0.3066825625 0.0171303682812
0.0837304702149 0.6009465625 0.0177873161718
0.0517681987012 0.5311289375 0.0158228337402
0.0531328993682 0.592219359375 0.0157638343066
0.00661080093601 -0.317591566406 0.00599086282227
0.0448895563984 -0.2368649375 0.0156795134375
-0.00088299841648 0.5311289375 0.00509849945801
0.00752357059129 -0.2368649375 0.00742323607424
-0.0195763274717 -0.3066825625 -0.00199558948242
-0.0579490719434 -0.3066825625 -0.0232257368164
-0.0300907343848 -0.2368649375 -0.00651925126953
-0.0369386246289 0.6009465625 -0.0107567358398
-0.0641615261719 0.5311289375 -0.0268604849609
-0.0786664426758 -0.2368649375 -0.0377960441406
-0.0839416451036 0.611855566406 -0.043469943067
-0.1008497896 -0.3066825625 -0.0587592094727
-0.106595271582 0.6009465625 -0.0649276003907
-0.112149015576 -0.2368649375 -0.071437202832
-0.128008887695 -0.3066825625 -0.093518878125
-0.130777897461 0.6009465625 -0.0975876705077
-0.158473048584 0.6009465625 -0.161861421289
-0.161754605469 -0.3066825625 -0.172302013672
-0.158186818359 0.5311289375 -0.157795414062
-0.167346820313 -0.3066825625 -0.211508109375
-0.164952875 -0.2368649375 -0.188013882813
-0.167491841308 0.6009465625 -0.218968056153
-0.167634633789 -0.2368649375 -0.222543004883
-0.166789390625 -0.3066825625 -0.249085986328
-0.16596487207 0.5311289375 -0.253215056884
-0.161659828308 -0.317591566406 -0.27835814331
-0.162968797607 -0.2368649375 -0.272940389649
-0.16563621582 0.6009465625 -0.259770219726
-0.146365365235 -0.3066825625 -0.326559365234
-0.157167944336 0.6009465625 -0.297607711914
-0.151314205566 0.5311289375 -0.314257785156
-0.146841043946 -0.2368649375 -0.32556428711
-0.129634421311 0.611310116211 -0.355774738342
-0.132745270508 0.5311289375 -0.352478771485
-0.127355280273 -0.2368649375 -0.361004172851
-0.110988020508 0.6009465625 -0.383151881836
-0.109836025 0.5311289375 -0.384545927735
-0.0941244035156 -0.3066825625 -0.401656996094
-0.100091989551 -0.2368649375 -0.395683228515
-0.06611725625 -0.3066825625 -0.424789548829
-0.074438966211 0.6009465625 -0.418470223145
-0.0751377869141 -0.2368649375 -0.418282918945
-0.049976559375 0.5311289375 -0.435700617187
-0.0394496403105 -0.3066825625 -0.441724444336
-0.0429895946601 -0.2368649375 -0.439451681641
-0.00713517765526 -0.3066825625 -0.455799695801
-0.0410013706289 0.6009465625 -0.440938911132
-0.0298573169414 0.5311289375 -0.446680515625
0.00873785585742 0.5311289375 -0.460556271484
0.0456300767578 -0.3066825625 -0.468543378418
0.0441969440742 -0.2368649375 -0.468839490235
0.0564628829912 0.6009465625 -0.46989892334
0.0506552862598 0.5311289375 -0.469441954102
0.0968121697266 -0.3066825625 -0.469907484863
0.096674278711 -0.2368649375 -0.469423202148
0.0895686603516 0.5311289375 -0.470436135742
0.110429145117 0.6009465625 -0.468252416992
0.127004184668 -0.297955359375 -0.465177846924
0.134007703418 0.5311289375 -0.463537279785
0.161921098975 -0.2368649375 -0.454930032959
0.191418668945 -0.3066825625 -0.442083738281
0.189639286865 0.596582960937 -0.442870930664
0.223127266602 0.5311289375 -0.421646402344
0.215477839844 -0.3066825625 -0.427870734375
0.211943170898 -0.2368649375 -0.42994721875
0.236393110352 -0.3066825625 -0.410988265625
0.230794360352 0.6009465625 -0.415901636719
0.241104055175 -0.2368649375 -0.406728941407
0.263732755859 -0.3066825625 -0.383195895507
0.25254271875 0.6009465625 -0.39630621875
0.265970094238 -0.245592140625 -0.379615404786
0.291384374756 -0.302318960937 -0.340274658081
0.283027774902 0.535492539063 -0.355865699463
0.296381929688 0.6009465625 -0.333576027344
0.309576427735 -0.3066825625 -0.299310803711
0.310538763672 -0.2368649375 -0.295453530273
0.307140478516 0.6009465625 -0.306941852539
0.317951349609 -0.3066825625 -0.262489782226
0.319473436524 -0.2368649375 -0.248580029785
0.317593171875 0.6009465625 -0.262700299805
0.32025120996 0.5311289375 -0.228292346191
0.320345566406 0.6009465625 -0.2145118125
0.316827332031 -0.3066825625 -0.183811461914
0.319170518554 -0.2368649375 -0.201304270996
0.314527317383 0.6009465625 -0.172230293457
0.307140478516 -0.3066825625 -0.146155146289
0.310499122071 -0.2368649375 -0.156005959961
0.290305425781 0.5311289375 -0.108963803711
0.290436384033 -0.302318960937 -0.109356006067
0.298808945313 -0.2368649375 -0.125595401172
0.271034861328 -0.3066825625 -0.0788209500977
0.2722603396 -0.234683136719 -0.0812056744263
0.248054486816 0.5311289375 -0.0534046727051
0.183234928711 -0.3066825625 -0.559301557617
0.210427684326 -0.2368649375 -0.549198767578
0.304280951172 -0.3066825625 -0.491246673828
0.321680791016 -0.2368649375 -0.475589708985
0.342403939453 -0.302318960937 -0.452805381836
0.377077679688 -0.2368649375 -0.403322171875
0.388055530273 -0.3066825625 -0.384667370117
0.400810532226 -0.2368649375 -0.357369011719
0.424313438477 -0.3066825625 -0.257673294922
0.425753305664 -0.2368649375 -0.226871416015
0.422766368164 -0.245592140625 -0.183916946777
0.409556804687 -0.3066825625 -0.120338452148
0.391410520508 -0.2368649375 -0.0752234354492
0.368852346436 -0.304500761719 -0.0359822118896
0.348288533203 -0.2368649375 -0.00654964648438
0.336059560547 -0.3066825625 0.00730290898437
0.316236914062 -0.3066825625 0.0287254597656
0.28938483435 -0.303409861328 0.0497225149048
0.256475417969 -0.2368649375 0.0725295933594
0.24800371875 -0.297955359375 0.0776025363281
0.221975726563 -0.3066825625 0.0916241707031
0.207023131104 -0.2368649375 0.0974676290039
0.190973650293 -0.302318960937 0.103250001709
0.15475144668 -0.240200408887 0.113802022656
0.128754651562 -0.3066825625 0.1202685
0.130276988477 -0.224087983887 0.119427105469
-0.410534 -0.3066825625 -0.247110597656
-0.408454216797 -0.297955359375 -0.203819950391
-0.410534 -0.377318362793 -0.27815797818
-0.400655029785 -0.380863789063 -0.193300328809
0.074988408789 -0.3066825625 -0.576698130859
0.129033961621 -0.2368649375 -0.572043135742
0.0558366417298 -0.381409239258 -0.577031266571
0.171439565308 -0.245592140625 -0.562723555664
0.255344769531 0.5311289375 0.0728844565674
0.306064833984 0.5311289375 0.0372803899414
0.314598067383 0.596582960937 0.0287334800293
0.341539374023 0.5311289375 0.00099146767578
0.347807363525 0.598764761719 -0.00733320324708
0.379977383789 0.6009465625 -0.0541348079102
0.390690523857 0.525674435547 -0.0757752426507
0.413923124024 0.5311289375 -0.133769120117
0.421548191041 0.596582960937 -0.174046143555
0.424611817383 0.5311289375 -0.196171519531
0.425436439331 0.611855566406 -0.213633331055
0.422048175781 0.596582960937 -0.278675626954
0.42026885907 0.52294718457 -0.287551946777
0.400516606445 0.6009465625 -0.357682837891
0.388563776856 0.535492539063 -0.38363269458
0.382955460937 0.6009465625 -0.395727175781
0.360613568359 0.6009465625 -0.430237776367
0.349864114746 0.5311289375 -0.445051713379
0.332245835938 0.6009465625 -0.464773976562
0.270758919922 0.6009465625 -0.517483890625
0.221974972656 0.6009465625 -0.54472046875
0.207005057617 0.5311289375 -0.550520751953
0.187068606997 0.598764761719 -0.557122375656
0.161678606616 0.5311289375 -0.565415093994
0.10255442876 0.6009465625 -0.574600187012
0.0011257549917 0.662036984375 -0.576531115235
-0.410534 0.612415446094 -0.22106465625
-0.410534 0.605310164063 -0.266987775391
-0.410534 0.679491390625 -0.272471134765
0.11391182832 0.596862900781 0.120888472657
0.15906512959 0.6009465625 0.113121163086
0.202653032227 0.5311289375 0.0995051243896
-0.408869572607 -0.374318386719 -0.536015094727
-0.341579150879 -0.380863789063 -0.577483
-0.395316378125 -0.3066825625 -0.573370480469
-0.362637129587 -0.227183196533 -0.577354483765
-0.348712411133 -0.293591757812 -0.577483
-0.410534 -0.311046164062 -0.516137916992
-0.410534 -0.245592140625 -0.536700514648
-0.386043139795 -0.243410339844 -0.576454870117
-0.410534 -0.387409191406 0.0724655888672
-0.410534 -0.367772984375 0.0524171132812
-0.386181027484 0.679491390625 -0.569040449219
-0.36513000543 0.6707641875 -0.567650398437
-0.410534 0.678400490234 -0.533626834686
-0.410534 0.6009465625 -0.571999640625
-0.403291847923 0.528282369293 -0.56934276651
-0.382761702035 0.593685256775 -0.573380243225
-0.373797853027 0.0154674187012 0.488458
0.0683543911285 -0.0632390156189 0.152015217957
0.216391526855 0.2518584375 -0.026836353374
0.200269852783 0.3216760625 -0.0161470507764
0.218890791992 0.0424055625 -0.0281785838965
0.240962241211 0.3216760625 -0.0463040019531
0.2399755625 0.0424055625 -0.0449512858398
0.249778475586 -0.0274120625 -0.0542860147949
0.245501634765 0.2518584375 -0.050065208789
0.157671671533 0.2518584375 0.00304562766603
0.122373847632 -0.0317756640625 0.0127245406055
0.117408540918 0.3216760625 0.0140057753222
0.0975397117189 0.2518584375 0.0168539491797
0.0866870541016 0.0424055625 0.0176489667187
0.0885631621094 -0.0274120625 0.0176310074219
0.0506563877537 0.2518584375 0.0158282033496
0.0532694201191 0.0424055625 0.0166336550391
0.0584078730132 0.3216760625 0.0170114492578
0.0162371688476 -0.0274120625 0.0099579062012
0.00240047325733 0.2518584375 0.0059470332666
0.0216767254335 0.3216760625 0.0114240030468
-0.0193272851103 0.0424055625 -0.00248232352539
-0.0158964389443 -0.0274120625 -0.00051595416992
-0.0193281606714 0.3216760625 -0.00203910178223
-0.0350101098369 0.254040238281 -0.00923751581056
-0.0526885230469 -0.0274120625 -0.019333483789
-0.0700180954101 0.0424055625 -0.0316692474609
-0.0593935656138 0.260585640625 -0.02364572896
-0.0807958136719 -0.0274120625 -0.0394524132813
-0.100794991968 0.2518584375 -0.0595857399414
-0.102264079297 -0.0274120625 -0.0600735382813
-0.0936747744139 0.3216760625 -0.0513099017578
-0.107030390821 0.0424055625 -0.0652561292969
-0.125649116211 0.2518584375 -0.0895894927734
-0.127199761768 0.3216760625 -0.092993901953
-0.140602769043 0.0424055625 -0.114559289062
-0.142582983399 0.2518584375 -0.118864940039
-0.148589304688 -0.0274120625 -0.131385011719
-0.155046883789 0.0424055625 -0.149171520508
-0.155006997071 0.3216760625 -0.150211193164
-0.155728311523 0.2518584375 -0.150525119141
-0.16175440039 0.2518584375 -0.172074558593
-0.163486354492 0.0424055625 -0.179866883789
-0.166276471435 -0.0274120625 -0.201351087647
-0.166590751953 0.2518584375 -0.20298511914
-0.16732982959 0.0424055625 -0.223456856933
-0.166083436523 0.3216760625 -0.198411241211
-0.165917651367 0.2518584375 -0.252446884766
-0.167395881836 0.3216760625 -0.237371360351
-0.167431613281 -0.0274120625 -0.240024210937
-0.161857888916 -0.0274120625 -0.278558805664
-0.163387342773 0.3216760625 -0.273214395508
-0.157361827148 0.2518584375 -0.297353772461
-0.155902383301 0.0424055625 -0.302136246093
-0.152977274414 0.3216760625 -0.310104402344
-0.14196321582 0.0424055625 -0.335513323242
-0.130511005859 0.2518584375 -0.356450714844
-0.133647014648 0.3216760625 -0.351029712891
-0.126225433593 0.0424055625 -0.363185207032
-0.103448161719 0.2518584375 -0.391192954102
-0.108117626562 0.0424055625 -0.386630279297
-0.0920864913575 -0.0274120625 -0.402850841553
-0.0997500433593 0.3216760625 -0.395739783203
-0.0868180271484 0.0424055625 -0.408059609375
-0.0674361254883 0.2518584375 -0.423643791504
-0.0692915554688 0.3216760625 -0.422279311523
-0.0533957654297 -0.0274120625 -0.433398488281
-0.0250104751216 0.0424055625 -0.448669011719
-0.0268002043125 -0.0274120625 -0.448277578125
-0.0212828767661 0.3216760625 -0.450060345703
0.021321253604 0.0424055625 -0.464226917969
0.0228557217509 0.2518584375 -0.464915638184
0.021349412529 0.3216760625 -0.464416512207
0.0567317648438 0.0424055625 -0.470073326172
0.0623509086739 0.3216760625 -0.47030327539
0.0873619658203 -0.0274120625 -0.470568510742
0.103334526416 0.2518584375 -0.468865153931
0.108271273096 0.0396783115234 -0.46813932074
0.130922895801 -0.0274120625 -0.464465229004
0.149634786133 0.0424055625 -0.459486347656
0.134594502929 0.3216760625 -0.463680388184
0.151328236523 0.2518584375 -0.459058618652
0.187440841797 0.0424055625 -0.443890717773
0.178426422852 0.2518584375 -0.448578253906
0.197009043945 0.3216760625 -0.438726820312
0.221853721191 0.2518584375 -0.422147529297
0.240975802734 0.0424055625 -0.406649234375
0.229656612793 0.3216760625 -0.416772904297
0.249909275879 -0.0274120625 -0.398150415039
0.266731437012 0.2518584375 -0.378563018067
0.250632533203 0.3216760625 -0.397891378906
0.275315373047 0.0424055625 -0.367998345703
0.281454775025 -0.0252302617188 -0.358728513245
0.272582070313 0.3216760625 -0.371907504395
0.296807825928 0.0402237617188 -0.332469098999
0.299728617187 -0.0274120625 -0.325956935547
0.295218121094 0.2518584375 -0.335925080078
0.296465169922 0.3216760625 -0.332315473633
0.30599990625 0.0424055625 -0.309802984375
0.312634546875 -0.0274120625 -0.287303041992
0.314424970704 0.0424055625 -0.281381000976
0.313223433594 0.258403839844 -0.283440638428
0.311293949219 0.3216760625 -0.293843397461
0.319789746094 0.0424055625 -0.248343455078
0.320122787109 -0.0274120625 -0.242089461914
0.319768833984 0.2518584375 -0.245575733887
0.318766787109 -0.0274120625 -0.196848553711
0.319825113281 0.2518584375 -0.205202511719
0.319842796875 0.3216760625 -0.205576996093
0.314868301758 0.2518584375 -0.174053373535
0.313541560547 0.0424055625 -0.167734329101
0.311293949219 -0.0274120625 -0.159253602539
0.315250390625 0.3216760625 -0.176286726562
0.305041657715 0.2518584375 -0.141133810303
0.304596755371 0.3216760625 -0.140136469482
0.298370388672 -0.0274120625 -0.124644103711
0.285296389649 0.247494835937 -0.0999517897459
0.283747914062 0.0424055625 -0.097306791797
0.279004095703 -0.0274120625 -0.0899704023438
0.285434887696 0.3216760625 -0.100301516894
0.267141785156 0.3216760625 -0.0740094511718
0.264240947266 0.0424055625 -0.0707125798828
0.212184931641 -0.0274120625 -0.548721240234
0.243200095703 0.3216760625 -0.533306277344
0.170233242188 0.0424055625 -0.563822039062
0.172334323926 0.2518584375 -0.562815777344
0.267940563965 -0.0274120625 -0.518781794922
0.269404575683 0.2518584375 -0.518042515625
0.285557947022 0.3216760625 -0.507105743164
0.280317528809 0.0424055625 -0.511039441407
0.311082519043 0.033678359375 -0.484591416504
0.314466109375 0.3216760625 -0.482780515625
0.336395091797 0.0424055625 -0.45998040039
0.308382043335 -0.018684859375 -0.485803765137
0.329164708985 0.2518584375 -0.468213228516
0.340050688476 0.3216760625 -0.456581155273
0.36483778125 0.0424055625 -0.42548559375
0.382064197266 0.0424055625 -0.395152757813
0.350530249024 -0.0230484609375 -0.443005639648
0.357243219727 0.2518584375 -0.435673264648
0.399713237304 0.2518584375 -0.360281949218
0.396266237793 0.3216760625 -0.368603951172
0.416348654296 0.0424055625 -0.308828994141
0.424907736816 0.0424055625 -0.253345147461
0.419116123047 -0.0263211621094 -0.294923888183
0.422628007812 0.3216760625 -0.271936121094
0.413543088867 0.3216760625 -0.319397525391
0.424918876953 0.256222039062 -0.251943816406
0.426328603027 0.3216760625 -0.222267616211
0.425579179688 0.0424055625 -0.207290171875
0.426533818359 -0.0274120625 -0.225420925781
0.425842828126 0.2518584375 -0.208388283203
0.423639986328 0.3216760625 -0.184582734375
0.42227490918 -0.0274120625 -0.17806828125
0.413986789062 0.0424055625 -0.134682712695
0.420494208984 0.2518584375 -0.164129058594
0.396266898437 -0.0274120625 -0.0844929166992
0.372241024902 0.2518584375 -0.0413250380371
0.40213613501 0.3216760625 -0.0991472286376
0.413166492188 -0.0274120625 -0.132130735352
0.367849804443 -0.036139265625 -0.0355639542725
0.344975085937 -0.0274120625 -0.00228115546875
0.350511648438 0.2518584375 -0.00912633125
0.283711645996 -0.0274120625 0.0546925596924
0.263355929687 0.2518584375 0.0679679401367
0.289810271485 0.317312460937 0.0491744325928
0.228396472656 0.312948859375 0.0873483316406
0.240741652344 -0.0274120625 0.0816481098632
0.20820930957 0.2518584375 0.0973718066405
0.166725454785 0.0424055625 0.11063310498
0.197502830078 -0.0274120625 0.101487822168
0.165041821191 0.2518584375 0.11187653125
0.156132391015 0.3216760625 0.113885789062
0.137194636621 -0.0274120625 0.117350929687
0.124352266211 0.2518584375 0.119889109375
0.115887909375 0.3216760625 0.121281
-0.410534 0.0380419609375 -0.218665708008
-0.410534 -0.3066825625 -0.397902980469
-0.410534 -0.3765001875 -0.108656109375
-0.410534 -0.385227390625 -0.0332601328125
-0.410534 -0.3765001875 -0.01269759375
-0.410534 -0.3066825625 -0.0716435390625
-0.410534 -0.312137064453 -0.00438690087892
0.0778874373047 0.0424055625 -0.575871064453
0.114559699609 -0.0274120625 -0.573903932617
-0.0964608032471 -0.375682012207 -0.572085657227
-0.220313726563 -0.3765001875 -0.577483
-0.0424885201172 -0.232501335937 -0.577073686523
-0.199865047168 -0.302318960937 -0.577483
0.114638647083 0.257312939453 -0.573599795288
-0.0835020596679 0.317312460937 -0.577419704102
-0.0970716316406 0.2518584375 -0.577364847656
-0.220313726563 0.1122231875 -0.577483
-0.144135057698 0.681673191406 -0.574357071289
-0.0853454790211 0.671582362793 -0.574481762817
-0.226635460107 0.666673311035 -0.571488488129
-0.256075202586 0.6707641875 -0.569200328125
-0.164644443004 0.605310164063 -0.57659778125
-0.209596066222 0.611855566406 -0.576765114258
-0.266167399998 0.535492539063 -0.574952183594
-0.410534 -0.0274120625 -0.441769855469
-0.410534 0.1122231875 -0.443140695312
-0.410534 0.3216760625 -0.12236446875
-0.410534 0.668650567993 -0.356595720489
-0.410534 0.6707641875 -0.456420706299
-0.410534 0.690335098193 0.0169467333984
-0.391868635669 0.0391328613281 -0.575512417725
-0.406729594531 -0.0274120625 -0.569257960937
-0.404827391796 0.327130564453 -0.569643509644
-0.373441046679 0.120950390625 -0.577483
-0.364643359033 0.175495410156 -0.576968935058
-0.383011504187 0.246949385742 -0.576968935059
-0.334445890625 0.3216760625 -0.577483
-0.379028767212 0.316494285645 -0.576818999451
-0.410534 0.1820408125 -0.530874445313
-0.410534 0.104586884766 -0.525605279663
-0.410534 0.2518584375 -0.530874445313
-0.410474556165 0.327744195923 -0.520453920563
-0.409582898633 0.323312413086 -0.543361939514
-0.206434387329 0.338311546972 0.488458
-0.410534 -0.162683710938 -0.167259345703
0.0208287408447 -0.230319535156 -0.576768811279
0.0188873324219 -0.0972296875 -0.576622175781
-0.00939556728516 0.395857289063 -0.577276233398
-0.00596443603516 0.256222039063 -0.577006170898
-0.0738441160156 0.5311289375 -0.577483
-0.410534 0.2518584375 -0.275898234375
-0.410534 0.317312460937 -0.17959686914
-0.410534 0.5311289375 -0.346496486328
-0.410534 0.638709965283 -0.147639256347
-0.410534 -0.3066825625 -0.492490929687
-0.410534 -0.3066825625 -0.448624054687
-0.357272323438 -0.0972296875 -0.577483
-0.359947296033 -0.163229161133 -0.577483
-0.319347156421 -0.102684189453 -0.577483
-0.277379808594 -0.0274120625 -0.577483
-0.410534 -0.0972296875 -0.530874445313
-0.410534 -0.0317756640625 -0.501744098633
-0.410534 0.0424055625 -0.498316999024
-0.364881134375 -0.0274120625 -0.577483
-0.353467917969 0.0424055625 -0.577483
-0.410058449316 -0.0241393613281 -0.538671096924
-0.409642342468 0.0462237138672 -0.533915996216
-0.410534 -0.304500761718 0.051217631836
-0.356590755985 0.598764761719 -0.570408217773
-0.36637651253 0.525674435547 -0.571910904297
-0.325191186543 0.527310786133 -0.57210621582
-0.410534 0.596582960937 -0.539956259277
-0.410534 0.539856140625 -0.537728644531
-0.410534 0.6009465625 -0.488378410156
-0.410534 0.522401734375 -0.502086808594
-0.376294350781 0.3914936875 -0.577483
-0.366064741547 0.4613113125 -0.57564240625
-0.334530445533 0.456947710938 -0.575872480469
-0.41009543704 0.465674914063 -0.54606752002
-0.410534 0.3914936875 -0.536357804687
-0.377483356445 0.0672542802246 0.486906171875
-0.205513011475 0.580538166968 0.48703584375
-0.36910180835 0.451515766846 0.488070042969
-0.0354346741211 -0.0230484609375 -0.576930215821
-0.0987315800781 -0.1670473125 -0.577196058594
-0.205096104688 0.3216760625 -0.577483
-0.261211085352 0.247494835938 -0.577483
-0.311619457813 0.2518584375 -0.577483
-0.410534 0.3216760625 -0.458219933593
-0.410534 0.256222039062 -0.496260739258
-0.35727253125 0.253766039453 0.488458
-0.20509690625 0.394425821875 0.488458
0.0414122528945 0.6707641875 -0.569711960937
-0.139284332812 -0.3066825625 -0.57695665625
-0.0613709919922 -0.383045589844 -0.575290132812
-0.252651173047 -0.385227390625 -0.577483
-0.329690383789 -0.2368649375 -0.577483
-0.281406221179 0.662036984375 -0.566784548828
-0.338250296094 0.116586789063 -0.577483
-0.331087313922 0.18558623877 -0.577418741882
-0.334089227613 -0.325227869141 -0.577483
0.0374804683594 0.260585640625 -0.576655933594
-0.352041265918 0.270403744141 -0.577225967529
-0.245993463477 -0.258682945313 -0.577483
0.063263222041 -0.406439704151 0.127323723633
-0.410534 -0.0828598150391 0.420058707032
-0.0167783359375 -0.0604739 0.460014875
-0.406729609375 0.675158925 0.424331296875
-0.16332288324 -0.0346613335449 0.188338588867
-0.109986695313 -0.036531809375 0.124386
0.0408585133276 0.677241767383 0.115531900025
-0.410534 -0.397227294922 0.0539593037109
-0.170173772583 0.0265032260986 0.463081399414
-0.167053 0.00835961054688 0.408461710938
-0.408631804688 0.681144447656 0.461307359375
-0.163843019043 0.00237408789062 0.146784960938
-0.3648813125 -0.411409 0.260913
-0.17466178125 0.40340410586 0.464636882812
-0.410534 -0.0130986396485 0.220273447266
0.235912192407 -0.402204527954 -0.0343265161526
0.173810601563 0.705673 0.02392825375
-0.0269550383127 -0.411409 0.0106391086548
-0.0802413684107 -0.400499996094 -0.0402743045898
-0.136116438721 0.679491390625 -0.108051822949
-0.166801869781 0.693673095703 -0.174673927606
0.203953992843 -0.397227294922 -0.433666222625
0.252143495743 -0.390136442383 -0.395147434143
0.257183769593 0.694763996094 -0.0637414257068
0.331642058594 0.705673 -0.0365686742187
-0.117595515625 -0.0604739 0.47708075
-0.182368328825 -0.411409 -0.548289605469
-0.0635608361817 -0.0686989414062 0.480458371094
-0.173383743774 0.686220051367 0.294422556641
-0.408631804688 0.660781580078 0.291844898437
-0.162594694946 0.299405649707 0.141540759766
-0.405719068116 0.676119481884 0.237091882812
-0.164675237305 0.163983199609 0.144829496094
-0.410534 0.452584109375 -0.514767077148
-0.372965642578 -0.406586 0.35418271875
-0.368210154297 -0.300370941016 0.488458
-0.167053 0.286686414063 0.19407165625
-0.34966375 0.705673 0.435127140625
0.00711817163086 -0.0604739 0.321710179687
-0.163156428799 0.705673 -0.387205525696
-0.189284904785 0.0566178869629 0.483658222656
-0.4102740271 -0.402681796875 -0.11883804458
-0.169519909546 0.427860577338 0.444243384399
-0.275478132812 0.388440299219 0.488458
-0.359085561157 0.705205381042 0.459126027344
-0.168479646485 0.666767102734 0.2466914375
-0.410534 0.358314997705 0.411758352539
-0.124015495215 0.316614027344 0.124386
-0.304486611328 -0.357946230859 0.488458
-0.409434293335 0.00328469241942 0.450161489502
-0.410088172974 0.433768644446 0.422406132446
-0.409612624146 0.651242153345 0.222603666016
-0.167053 0.532092842969 0.176294703125
-0.157928335657 0.402609153632 0.137846486694
-0.112602234278 0.110113495703 0.124386
-0.167053 0.244787755469 0.183672138672
-0.130227748682 -0.35904578125 -0.0987488365234
-0.11273303418 0.68821859375 -0.0734945994141
-0.182490424805 -0.411409 -0.298726699219
-0.166599833496 -0.39395459375 -0.239275085449
-0.145607520996 0.68821859375 -0.325938637695
0.0474930342836 0.705673 -0.508251445434
0.203961938377 0.684400442383 -0.43436287429
0.324464734375 -0.411409 -0.0127125291016
0.061031721875 -0.411409 -0.543807359375
0.307412304688 0.705673 -0.0053183421875
0.37956453125 0.705673 -0.10262772793
0.389049488281 0.705673 -0.301064263672
-0.410534 -0.363888734375 0.288914140625
-0.013605922395 -0.411409 0.0598036710937
0.206547270508 0.705673 -0.482088008789
0.292734410278 0.705673 -0.44454943866
-0.129008796875 0.356268114941 0.125452617188
-0.381081565378 -0.411409 0.095633635376
-0.361199682105 -0.411409 0.144862625659
-0.408394030274 0.104443091699 0.457082107422
-0.231727640625 0.101135211719 0.488458
-0.247896300782 0.677241767383 0.486324765625
-0.410534 0.525563646578 0.439499937165
-0.307815453125 -0.411409 0.38606275
-0.366783507813 -0.4108574375 0.423221342773
-0.3953164375 -0.402584 0.423114984375
-0.247896300781 -0.337383627344 0.488458
0.0558326004028 -0.0659794089844 0.363416490234
-0.410534 0.318518072974 0.404574630859
-0.167053 0.113854447363 0.201449091797
0.0731010962403 -0.0885969022461 0.281300227295
-0.166511852112 0.705673 -0.368365808838
-0.381768413696 0.705673 -0.198398708984
-0.381437807617 0.705673 -0.250774909375
-0.167424522522 0.588394165454 0.17085051123
-0.183247544819 0.703989571753 0.146220227597
-0.157423122569 0.639832250781 0.127245785884
-0.226970011719 -0.411409 -0.444836269531
0.0385046280273 -0.41035396875 0.3347799375
-0.372192875733 0.192976139526 0.485984773926
-0.34205496875 -0.21400800625 0.488458
-0.410534 -0.0209030226562 0.403107453125
-0.126448970047 -0.0604739 0.250191275146
-0.211918059753 0.705673 0.345575739258
-0.17466178125 0.681730909375 0.334865125
-0.167053 0.244787755469 0.162073140625
-0.012855089209 -0.00585600576172 0.124386
-0.0995839835204 0.012100562207 0.124386
-0.120047603717 0.203917858582 0.124386
-0.129210020691 -0.366682083984 -0.356563428162
0.0290552564102 0.655491582031 -0.464952467224
-0.203194710938 0.280700891406 0.482769375
-0.167290774414 0.374692301868 0.423049923096
-0.410534 -0.0426846679688 -0.0195517734375
-0.410534 0.0368214804688 0.362929162109
0.206697013722 0.68821859375 -0.0203131837851
0.22682278125 0.705673 -0.001626271875
0.236250047157 -0.407318123535 -0.0097697642807
0.21490085437 -0.407045398437 -0.0077219157959
0.180794569915 -0.409840830688 0.0237571811332
0.186925234512 -0.392318243164 -0.00905965680152
0.179659676001 0.701309398438 0.00312442882875
0.205269215063 0.701309398438 0.00332417257875
0.130823520815 -0.399988636536 0.0106932150234
0.152443445972 -0.407045398437 0.0202402171954
0.148128902344 0.705673 0.0228147704687
0.145139055536 0.690400394531 0.00810402613769
0.101671088623 -0.411066289942 0.0384019334278
0.094612902082 0.696945796875 0.0169784794043
0.104616492187 0.705673 0.0387572671875
0.0514194051527 0.703763924316 0.0279721193207
0.0850144694363 0.703491199219 0.0393943856946
0.0697835220572 0.690400394531 0.0178632485889
0.0246189481895 -0.411409 0.0278394431445
0.0689056218506 -0.411151967456 0.0412977576147
0.0486261137597 -0.411409 0.0554676493164
0.0632647140849 -0.40213634668 0.0237471209494
0.0476682777353 -0.39395459375 0.0233390518359
0.017176523767 0.705673 0.0199873445874
0.0099362066953 0.705673 0.0446426709766
0.0366393070322 0.705673 0.055225489165
0.0290901390884 0.689854944336 0.018432825199
-7.1855667975e-05 -0.411409 0.0283111940234
-0.0101035152714 -0.396136394532 0.00188950294129
-0.0268582388452 0.705673 0.0093608611328
-0.00588958873932 0.690400394531 0.00364214322205
-0.0504791309643 -0.407590848633 -0.0121276244014
-0.0715285380859 -0.411409 -0.00667808554687
-0.0329561549365 -0.411409 0.0299076857422
-0.0310989214928 -0.394227318848 -0.00765007606605
-0.0562447849922 0.705673 0.0181752158594
-0.078177050832 0.705673 -0.00691773277344
-0.0406350916014 0.690400394531 -0.0063612065802
-0.0611665008825 0.678400490234 -0.0230745171735
-0.0889178148435 -0.411409 -0.0256319671875
-0.0680554489127 -0.383863765137 -0.0303636611206
-0.0857180324577 0.696127621582 -0.0438256781769
-0.0731553119324 0.690400394531 -0.033197785083
-0.105381318384 -0.407045398437 -0.0407112935547
-0.134155444296 -0.409772649414 -0.0618744805908
-0.120672741015 0.705673 -0.0602544175781
-0.0977935351562 0.705673 -0.0256107496094
-0.112439342613 -0.389863717285 -0.0719073948593
-0.145659609924 0.699127597656 -0.0932802150146
-0.152155875 0.705673 -0.065674846875
-0.162698730732 -0.410727187256 -0.127011364009
-0.146244542438 -0.410590824707 -0.0844001527756
-0.170510585938 -0.411409 -0.0921529265625
-0.145941427978 -0.39395459375 -0.115695723242
-0.155621190773 0.705673 -0.124671837453
-0.171214504181 -0.404863597656 -0.178702736945
-0.176878450684 -0.411409 -0.156975493457
-0.152701516235 -0.39395459375 -0.141761566894
-0.16308865979 0.692582195312 -0.154725891089
-0.161706632263 -0.38577284082 -0.176593273114
-0.190106757812 0.705673 -0.172646573437
-0.197610555664 0.705673 -0.202220901367
-0.173229587585 0.686036792969 -0.204809911804
-0.174664927917 -0.411409 -0.2500400354
-0.199919674805 -0.411409 -0.232567466309
-0.171613210937 0.705673 -0.25007383789
-0.167813166016 0.68821859375 -0.235942503174
-0.19707321167 -0.411409 -0.262994141602
-0.193671805634 0.705673 -0.272602315689
-0.146054058228 -0.400499996094 -0.324996856567
-0.163946269531 -0.411409 -0.321740015625
-0.155001121948 0.701309398438 -0.316771977051
-0.149915798645 -0.405954498047 -0.350172693909
-0.123019951477 -0.388500091797 -0.367063861389
-0.141306934488 0.698582147461 -0.352370986847
-0.114812154492 -0.411409 -0.386458418946
-0.133658045996 -0.411409 -0.394673490723
-0.149527340821 -0.411409 -0.373402574218
-0.109397 0.705673 -0.385259
-0.125445374609 0.705673 -0.411696826172
-0.109400340092 0.690673119629 -0.384512520058
-0.087696304492 -0.411409 -0.413574418946
-0.108276108154 -0.39395459375 -0.39386015503
-0.106581971049 0.703763924316 -0.412641911598
-0.0526671709691 -0.407590848633 -0.433990853256
-0.0914507679685 -0.411409 -0.431797675782
-0.0710346555313 -0.411409 -0.444477117188
-0.0546699945605 0.705673 -0.445794524414
-0.0933336792966 0.705673 -0.436315345704
-0.0480809539995 0.683854992188 -0.436437321411
-0.0161331671699 -0.411409 -0.45632703125
-0.0531886103711 -0.411409 -0.463965679688
-0.0404969838765 -0.396136394531 -0.441266413025
-0.0198383796684 0.705673 -0.461917224853
-0.0505387751074 0.705673 -0.467246727539
-0.0264905770718 0.686036792969 -0.452135203613
0.020969710755 -0.407045398438 -0.466673350342
-0.00225180167539 -0.411409 -0.490225312012
-0.000174943650884 -0.395590944336 -0.4613871716
0.00993148512647 0.705673 -0.480186276611
-0.00233144068213 0.68821859375 -0.458101129883
0.0494667328125 -0.411409 -0.489398359375
0.031253209375 -0.411409 -0.485856375
0.0607771519166 0.705673 -0.478219039551
0.0446929186436 0.68821859375 -0.469090808105
0.0602642511309 0.681673191406 -0.46957225354
0.0951780233048 -0.408545386475 -0.4736673083
0.0686404828125 -0.411409 -0.490906859375
0.0739982869705 0.705673 -0.494092985351
0.138425666344 -0.401863621582 -0.462853464184
0.126031488281 -0.411409 -0.489888890625
0.13275909628 0.701854848633 -0.478723998756
0.0964647023243 0.702400298828 -0.497952946793
0.173292083502 -0.405409047852 -0.450816974762
0.16379084375 -0.411409 -0.484356546875
0.1475931875 -0.411409 -0.47773484375
0.157138716113 0.705673 -0.487687845215
0.176197356813 -0.409909011963 -0.467779192909
0.2038985625 -0.411409 -0.45824359375
0.180384354004 -0.385227390625 -0.447935850098
0.165552334009 -0.387409191406 -0.453652899048
0.199290978851 0.699127597656 -0.43802418515
0.209973734375 0.705673 -0.45419
0.222530596313 -0.407045398437 -0.445918444824
0.255422216782 -0.409772649414 -0.425668224426
0.234976683838 0.705673 -0.443663236084
0.243430457031 0.705673 -0.423119945313
0.278962175781 -0.411409 -0.406935152343
0.265093074218 0.703491199219 -0.391569164063
0.285712036377 -0.407045398437 -0.351250630738
0.295739727051 -0.411409 -0.383326547363
0.285683205231 0.701854848633 -0.352699996414
0.289898579101 0.705673 -0.389639025879
0.305900386719 0.705673 -0.357489052735
0.278292820923 0.690400394531 -0.364491985657
0.322310085232 -0.406295404419 -0.326857072672
0.304799661377 -0.407045398437 -0.348489708862
0.302206 0.705673 -0.320068
0.297722945465 0.689854944336 -0.330589329422
0.314211610077 -0.399954545898 -0.277842114365
0.342190678223 -0.411409 -0.317976677124
0.32686640625 -0.411409 -0.293774703125
0.325409597656 0.705673 -0.323543892578
0.343860749817 0.705673 -0.298756451386
0.311038319946 0.690400394531 -0.295348036804
0.342938720276 -0.408136298828 -0.248531293488
0.33130430542 -0.407045398437 -0.271951604859
0.310396843628 -0.383045589844 -0.291763850525
0.32245841576 0.700832129517 -0.253459418142
0.340014488281 0.705673 -0.279402263672
0.31949818042 0.681673191406 -0.238842267822
0.319721944824 -0.402681796875 -0.210838686768
0.335383421875 -0.411409 -0.213094859375
0.320452696961 0.694763996094 -0.215105861908
0.34253175 0.705673 -0.232652460937
0.333707833008 -0.411409 -0.167287184387
0.314211909409 0.694218545898 -0.175258546196
0.343061802124 0.701309398438 -0.178938124207
0.334247958374 0.701309398438 -0.202450469909
0.310397304138 0.677309589844 -0.161338930145
0.30647805957 -0.402681796875 -0.135052449219
0.350989617187 -0.411409 -0.151285113281
0.338545492187 -0.411409 -0.186964404785
0.337026248535 -0.411409 -0.134711695264
0.319002499451 -0.396136394531 -0.159327373626
0.33862371875 0.705673 -0.157112810547
0.319879145386 0.703491199219 -0.124404827161
0.285683205475 -0.407590848633 -0.100396819363
0.310419668945 -0.411409 -0.0885246852539
0.287025915752 0.693604914429 -0.104619405417
0.306314934738 0.70103667334 -0.0971212492815
0.262257 -0.411409 -0.06783775
0.292093899292 -0.411409 -0.0779638917358
0.304085260784 0.704513918335 -0.0793336036778
0.282496804687 0.705673 -0.0573499921875
0.257331453125 -0.411409 -0.0244549855469
0.2728410625 -0.411409 -0.049779109375
0.264634063721 -0.389590992188 -0.0713104187622
0.249780720085 -0.388227366699 -0.0548458002335
0.264265495865 0.702945749023 -0.0312485924667
0.224397830627 0.677309589844 -0.0332747081189
0.205686945313 -0.411409 -0.543480761719
0.159213698303 -0.405954498047 -0.566356899902
0.176179 -0.411409 -0.54341275
0.246272111084 -0.411409 -0.504782798218
0.20100779248 -0.411409 -0.519730979736
0.223289007812 -0.411409 -0.499088355469
0.219927099426 -0.387409191406 -0.540864868896
0.240183351563 -0.396136394531 -0.527042068603
0.307647770081 -0.403772697266 -0.488972792053
0.294144445312 -0.411409 -0.475864517578
0.285820306518 -0.389590992188 -0.505979630249
0.346743244759 -0.406636310791 -0.448432254883
0.336298298342 -0.393579596741 -0.460097108837
0.37664241198 -0.40090908374 -0.405883486297
0.326990477173 -0.411409 -0.429513423706
0.3527425 -0.411409 -0.4073736875
0.398726657959 -0.403772697266 -0.361823971802
0.367129 -0.411409 -0.3838971875
0.373553015625 -0.411409 -0.360748316406
0.415080530395 -0.404863597656 -0.313649929932
0.384089515625 -0.411409 -0.335310316406
0.395096625 -0.411409 -0.3131386875
0.4252045 -0.411409 -0.2539975
0.401524625 -0.411409 -0.2863656875
0.400481160156 -0.411409 -0.262364289062
0.420327953663 -0.40274997815 -0.27191668998
0.424979646362 -0.405954498047 -0.197826872913
0.402641660156 -0.411409 -0.234914789063
0.4062584375 -0.411409 -0.2104268125
0.425754576538 -0.396136394532 -0.24319976709
0.418278222412 -0.409772649414 -0.152977045587
0.399836070313 -0.411409 -0.174440513672
0.420628150513 -0.389590992188 -0.167185545764
0.399960015412 -0.403772697266 -0.0942811982575
0.3933416875 -0.411409 -0.13345446875
0.386579722656 -0.411409 -0.111286719922
0.413064663696 -0.387409191406 -0.132664846765
0.408358805664 -0.39395459375 -0.113862966699
0.369240789063 -0.411409 -0.0493037042969
0.365024495972 -0.411409 -0.0804071784058
0.380540256379 -0.390681892578 -0.0551936531891
0.36445198056 -0.402954521973 -0.0314710351471
0.301596956787 -0.404863597657 0.0316949802918
0.33552980249 -0.396136394532 0.00845804714356
0.32102368164 -0.39395459375 0.0245489673828
0.329013666992 -0.411409 0.00564341590575
0.263625827686 -0.398863645508 0.0679175147415
0.284961682434 -0.406499948242 0.0226847460587
0.253771665833 -0.406499948242 0.046699093251
0.299674124024 -0.380863789063 0.0423141365418
0.286561309692 -0.368727522217 0.0527519991005
0.274957880899 -0.399000008057 0.0534710439541
0.203694329102 -0.411409 0.0915789659766
0.23377925 -0.411409 0.06415091875
0.214909112305 -0.411409 0.0598604573047
0.24978296062 -0.40213634668 0.0770486558945
0.225680588416 -0.396136394531 0.0900004376465
0.166076751132 -0.409772649414 0.111441274951
0.183838316407 -0.411409 0.0762955139063
0.165358125 -0.411409 0.091557399375
0.180590814172 -0.389248282129 0.107030697461
0.1107412125 -0.405925639063 0.121686
0.142708805176 -0.411409 0.0905575135352
0.11640350918 -0.410038159766 0.102873687305
0.125806023145 -0.390344234766 0.12050053125
0.148696092605 -0.40319225459 0.115785617566
0.0709004469531 -0.405925639063 0.102000488281
0.0807188218994 -0.378209365942 0.134234645874
-0.40591344043 -0.407659029907 -0.244662963225
-0.39633623309 -0.404965869568 -0.196895965012
-0.408480417969 -0.396409119629 -0.25631357868
0.10387895 -0.411409 -0.5753225
0.09255110625 -0.411409 -0.5563765
0.0849448444199 -0.393272781006 -0.576269298317
0.1494055 -0.411409 -0.54984025
0.116572304907 -0.387409191406 -0.573717716187
0.263739396728 0.698036697266 0.0688338043274
0.210313 0.705673 0.09667345
0.21392096875 0.705673 0.0731626375
0.244429862335 0.697082159424 0.0762589704933
0.224669688232 0.682764091797 0.0893238210327
0.302198355408 0.698036697266 0.0402726212952
0.271443476852 0.705673 0.029194821817
0.254388563858 0.705195731079 0.0540131096455
0.338168826172 0.705673 -0.00606611054688
0.299958 0.705673 0.016620925
0.333447267151 0.684945892578 0.00951373744508
0.366347789459 0.702673023926 -0.0470331934997
0.365733006104 0.690400394532 -0.0295675270019
0.383837021484 0.705673 -0.0857737958619
0.381032240479 0.681673191406 -0.055313161084
0.392896091553 0.690400394531 -0.0768568149902
0.410291804687 0.705673 -0.148673303027
0.401685940186 0.699127597656 -0.107147600897
0.409974712769 0.683854992188 -0.122744698877
0.424545197876 0.699127597656 -0.193449363037
0.4047195 0.705673 -0.1908745
0.39536271875 0.705673 -0.167538810547
0.418802855591 0.690400394532 -0.154876167969
0.406220697876 0.699127597656 -0.212673863037
0.405318148407 0.700763948242 -0.241699553528
0.425179050049 0.675127789062 -0.204242392334
0.425910120438 0.657809745361 -0.233909693497
0.41560972834 0.69517308374 -0.311807857346
0.40419225 0.705673 -0.26652390625
0.423614025894 0.694491270996 -0.266032866547
0.399141311401 0.700218498047 -0.361411483459
0.38430678125 0.705673 -0.335956265625
0.399618744141 0.705673 -0.318028631836
0.371122526024 0.700900310791 -0.414919843185
0.37377028125 0.705673 -0.361394265625
0.385647716431 0.683854992188 -0.389067894043
0.343429406906 0.700491223145 -0.452444254669
0.335136809326 0.705673 -0.428989644409
0.355535296875 0.705673 -0.412021039062
0.3036415 0.705673 -0.4925785
0.314814079101 0.705673 -0.441670525879
0.299278468872 0.705673 -0.464884595459
0.329231124909 0.686786786987 -0.467527470482
0.259159625 0.705673 -0.5171564375
0.275687320312 0.705673 -0.493020320312
0.210245125 0.705673 -0.5420799375
0.229744429443 0.705673 -0.49055326001
0.232635785702 0.705673 -0.510809516575
0.252142945313 0.705673 -0.499716757813
0.249896662475 0.690400394532 -0.522513919677
0.225578872779 0.690400394531 -0.535409239136
0.162183261193 0.702809386475 -0.557357810616
0.188527128906 0.705673 -0.535722636718
0.194882801106 0.697218521973 -0.553686116623
0.109580623682 0.699127597656 -0.569595399902
0.121698510592 0.704036649414 -0.544799103577
0.147101571155 0.690400394532 -0.569038949585
0.123194827685 0.68821859375 -0.572975592285
0.0628587027033 0.700763948242 -0.550819164917
0.09310369426 0.699127597656 -0.54218263916
0.0757508436582 0.667900573974 -0.568456616669
0.0687829906387 0.699127597656 -0.565729087403
0.101447451367 0.681673191406 -0.569408992188
0.0646227501289 0.681673191406 -0.567870380371
-0.380101256592 0.705673 -0.229935283594
-0.410534 0.705673 -0.2484814375
-0.410534 0.705673 -0.204614625
-0.410534 0.685124462354 -0.226590861511
0.106427495695 0.705673 0.116820253184
0.0923757051875 0.705673 0.109250675156
0.0574340826113 0.705673 0.10652245373
0.0845615885377 0.688778473437 0.123478361499
0.1581015 0.705673 0.113638
0.142767984375 0.705673 0.096981024375
0.140878018003 0.69640034668 0.116387360618
0.18848296875 0.705673 0.0836991875
0.169541484375 0.705673 0.090553024375
0.168162293408 0.690400394532 0.110977797888
-0.410534 -0.411409 -0.5555495625
-0.386085890137 -0.411409 0.119342897656
-0.405952546277 -0.394191379297 0.132518016797
-0.406222043554 -0.411409 0.106688298437
-0.397250061548 -0.410065472656 0.155750413477
-0.386387399388 0.698036697266 -0.570166650391
-0.410534 0.696945796875 -0.556234982422
-0.376294484375 -0.0624592748047 0.482050621093
-0.40732404541 -0.079005739032 0.464282011841
-0.394840888672 -0.0830181424316 0.478059849609
-0.404827414063 -0.042983969336 0.456421105469
-0.17466171875 -0.0604739 0.488458
-0.144702018555 -0.0582293290039 0.468992236328
-0.162297417969 -0.0425173320313 0.48703584375
-0.17466178125 0.705673 0.4657035
-0.180368367187 0.681730909375 0.488458
-0.168955195313 0.681730909375 0.471392125
-0.390085400391 0.702680238672 0.4685478125
-0.403989630776 0.670590630056 0.477823716797
-0.36740766565 0.679392814587 0.488458
-0.391211973144 0.705673 0.125539302734
-0.410534 0.705673 0.1471405
-0.410534 0.671256244727 0.11589525586
-0.410534 0.681730909375 0.141451875
-0.152632318665 0.705673 0.103436827892
-0.169090016189 0.698939287012 0.154269731555
-0.176426135959 0.705673 0.0919374809471
-0.164556656597 0.687716432031 0.121619054419
-0.38770765625 -0.411409 0.488458
-0.407933342346 -0.393670626038 0.474953818115
-0.397218632813 -0.408099625 0.461110056641
-0.120924377735 -0.407296479297 0.4856136875
-0.134596522559 -0.408324609473 0.4685478125
-0.158493042969 -0.408667319532 0.4657035
-0.173710605469 -0.408667319532 0.488458
-0.143275355469 -0.386733875781 0.488458
0.0410161765503 -0.409759617004 0.465992769531
0.0688211546875 -0.401419421094 0.471419738281
0.05360346875 -0.38947555625 0.488458
0.0393368867187 -0.0604739 0.4856136875
0.0621634179688 -0.082680603125 0.483051273437
0.0469457304688 -0.0604739 0.4628591875
-0.119497745313 -0.0544883773437 0.1272303125
-0.145177579297 -0.0604739 0.1499848125
-0.122351054297 -0.0604739 0.1499848125
-0.134002097949 -0.0335390480469 0.126519234375
-0.151359764746 -0.036531809375 0.141451875
0.078989858374 -0.0747097115723 0.137937449707
0.0818312545654 -0.0824146270996 0.126767848144
0.0637973586624 -0.0533938247749 0.132078632973
0.0991343388917 -0.0748963229248 0.122659506958
0.0841359145496 -0.0423671802559 0.124069064369
0.0680628572578 -0.0295955128006 0.124334250503
-0.410534 -0.193483566516 0.416842012329
-0.410534 -0.178529247903 0.422023258698
-0.393414171875 -0.266841072754 0.402939629883
-0.410534 -0.295992650146 0.416999696777
-0.410534 -0.30696728125 0.403088539062
-0.393414171875 -0.286137706299 0.395104039307
-0.395316375 -0.312458435547 0.372999199219
-0.410534 -0.33570753125 0.373279125
-0.393414171875 -0.323195969971 0.359904477051
-0.393414171875 -0.330641342529 0.345550584961
-0.393414171875 -0.337823979004 0.324902324219
-0.410534 -0.33585491095 0.248772253357
-0.410534 -0.369500583008 0.267485198242
-0.395316375 -0.330377787109 0.260250576172
-0.395316375 -0.312419788086 0.237806823242
-0.410534 -0.308864046875 0.209929507812
-0.393414171875 -0.296769832764 0.224027909424
-0.394365273438 -0.260763351074 0.207333115601
-0.410534 -0.174874258887 0.191920161743
-0.410534 -0.166010565625 0.208799628907
-0.410534 -0.145230153906 0.224936683594
-0.393889722656 -0.156318886475 0.243994309082
-0.410534 -0.129945716797 0.321161835937
-0.410534 -0.111509881152 0.305422754639
-0.410534 -0.139117383789 0.381739192383
-0.410534 -0.155081283594 0.386263585938
-0.395316375 -0.199961789063 0.400788476562
0.07643 -0.171239066797 0.406341603516
0.07643 -0.156840631543 0.388551666504
0.07643 -0.133474219788 0.365533080811
0.07643 -0.126767516113 0.344213615235
0.0602612734375 -0.132467095239 0.312861540284
0.059310171875 -0.139859170654 0.274975310547
0.076429984375 -0.1265361375 0.252600796875
0.0764299875 -0.141626925 0.233397421875
0.076429984375 -0.153457679688 0.213887898438
0.0764299875 -0.17224451875 0.20527890625
0.059310171875 -0.191110855469 0.214993421631
0.061212375 -0.208619650391 0.20843564209
0.0764299753906 -0.194757789844 0.184924297119
0.0612123707031 -0.231491077734 0.200750152588
0.0764299882812 -0.246158667188 0.196882488769
0.0764299628906 -0.246410317969 0.17620794751
0.0612123695312 -0.246722888574 0.202008871094
0.0764299859375 -0.297063233594 0.201927714844
0.0764299875 -0.316951609375 0.215803382812
0.0764299875 -0.327331859375 0.227957382812
0.0764299830078 -0.350890327148 0.260040661133
0.061212375 -0.331705527344 0.269162792968
0.061212375 -0.336055832032 0.328979298828
0.07643 -0.330089875 0.38057834375
0.07643 -0.305768483008 0.407060685059
0.0602612734375 -0.28240954602 0.396507563598
0.24871090741 0.705673 0.0132712622681
0.19655573736 0.704582099609 0.0245921203322
0.26323625 0.705673 -0.00186451875
0.216596632812 0.705673 0.05396945
0.174133511719 0.705673 0.0420265936719
0.248352203125 -0.411409 0.0232339332031
0.28750712207 -0.411409 -0.022041359079
0.2077222293 -0.411068093628 0.0357231661847
0.161859438282 -0.411409 0.042397086875
0.125225061401 -0.410552224854 0.0743044472412
0.124331976563 0.705673 0.0679210915625
0.131264739563 0.705673 0.0840056995313
0.0781276708544 -0.410552224854 0.0766995361475
0.088893879627 0.705673 0.0792885251367
0.119266394531 0.705673 0.0504937726563
0.135230113782 -0.411237644971 0.0497226528394
0.0215948035625 -0.411409 0.0654325428125
0.04958496375 -0.410038159766 0.105249800781
0.0661490599239 0.705673 0.0658669074316
-0.08248520596 0.705673 0.098328661875
-0.0729979749453 0.705673 0.0663530317187
-0.110054889809 0.705673 0.0974614996875
-0.0828135192471 0.705673 0.0235147473438
-0.127516263062 0.705673 0.06699789875
-0.224494222168 -0.411409 -0.276036277344
-0.24276859509 -0.411409 -0.527972300781
0.0304269915805 0.705673 -0.549425189453
-0.197841157649 0.705673 -0.525684435913
-0.2182702427 0.705673 -0.533625919434
0.0847617390625 -0.411409 -0.522700859375
0.082093684375 -0.411409 -0.504726453125
-0.166707406775 -0.411409 -0.535184579102
0.130977624683 -0.411409 -0.518961541992
0.0848520171875 -0.411409 -0.539538679688
0.124064712658 0.704582099609 -0.508852600143
0.17373575 -0.411409 -0.508748375
0.166279149457 0.705673 -0.520040158111
0.233911788483 -0.410318099609 -0.461085246338
0.260788532226 0.705673 -0.442231444336
0.250450054688 0.705673 -0.469497820312
0.194059315368 0.705673 -0.497265390686
0.280037074463 -0.411409 -0.432121278076
0.259588210938 -0.411409 -0.466642515625
0.276730615295 0.136768446289 -0.365243672531
0.318596238281 -0.411409 -0.393752535156
0.314564993164 0.705673 -0.38065104541
0.285697036132 0.705673 -0.415008971192
0.33599795581 0.705673 -0.397419625855
0.343512078125 -0.411409 -0.354573199219
0.366845897461 0.705673 -0.317202963379
0.340253891876 0.705673 -0.369948454544
0.367427166016 -0.411409 -0.315016759277
0.355368800782 0.705673 -0.270356646485
0.38586775 0.705673 -0.23084990625
0.375974957031 0.705673 -0.184940392822
0.364866639282 0.705673 -0.236794135559
0.361974642578 -0.411409 -0.130188259961
0.35215934375 0.705673 -0.138111710547
0.3261379375 0.705673 -0.09314315625
0.360186878906 0.705673 -0.109288754956
0.341748124024 -0.411409 -0.0948798264649
0.315979231445 -0.411409 -0.0622666946289
0.345222007568 -0.411409 -0.05757822146
0.302942117187 0.705673 -0.0528639484375
0.317152640625 -0.411409 -0.0444150179687
0.315235507813 0.705673 -0.02767326875
0.0859459405762 -0.214626032129 0.133902359375
0.0982229445799 -0.21657507832 0.122671078125
0.106631561642 -0.258765120789 0.122009393555
0.0694749922363 -0.402815701172 0.286199306641
0.0676916787597 -0.403538791016 0.321939693359
0.0764299720703 -0.378566134766 0.295792966797
0.0764299730469 -0.386402609375 0.320998796875
0.0783599375305 -0.367309380866 0.151772885468
0.0764299597656 -0.340306649609 0.185104458984
0.0756814723737 -0.387317240933 0.167791293762
0.0764299571289 -0.36828827002 0.215072063965
-0.410534 -0.39395459375 -0.380424772461
-0.384037199219 -0.411409 -0.3891961875
-0.392493625 -0.409227199219 -0.420359721436
-0.410534 -0.404863597656 -0.0778123007812
-0.410534 -0.407590848633 -0.0311182016602
-0.392493625 -0.411409 -0.0420756625
-0.140896153717 -0.411409 -0.560507078857
-0.162952165756 -0.411409 -0.556706707275
-0.151380366815 -0.384954665527 -0.576294637207
-0.172758658203 -0.39395459375 -0.577483
-0.158513022986 0.705673 -0.554208359375
-0.138399594672 0.705673 -0.573942125
-0.190940628124 0.705673 -0.566957104492
-0.174717639778 0.690741300903 -0.576616616631
-0.193687155089 0.680855016113 -0.574460075897
-0.410534 0.696945796875 -0.380767482422
-0.410534 0.696945796875 -0.427033327149
-0.392493625 0.705673 -0.3890874375
-0.392493625 0.705673 -0.411020875
-0.410534 0.702680238672 -0.086722734375
-0.410534 0.705673 -0.029147625
-0.38358159375 0.705673 -0.0581182867187
-0.399048599609 0.705392428626 -0.0439621398926
-0.410534 0.678679695677 -0.0614024307404
-0.410534 0.687716432031 -0.0387434765625
-0.0895273877812 0.705673 0.120704816562
-0.0534876525312 0.705673 0.0911203490625
-0.0412804363301 0.684723670703 0.115343505996
-0.067525171586 0.681730909375 0.117943928984
-0.383189835693 0.153677402344 -0.576968935058
-0.406016268506 0.153677402344 -0.555035497559
-0.410534 0.12967759375 -0.574741320313
-0.410534 0.12967759375 -0.556920402343
-0.410534 -0.369956423828 0.315445505859
-0.406729609375 -0.395436355469 0.282114816406
-0.386399896972 -0.400451699219 0.315525746094
-0.410534 -0.371862354614 0.165463853394
-0.410534 -0.365337023438 0.215365132812
-0.407205158203 0.313169118329 0.464132063721
-0.397218632813 0.298070997657 0.486906171875
-0.393414242187 0.345955178907 0.486906171875
-0.410534 0.338331176563 0.46673240625
-0.408156255859 -0.264274720703 0.45164746875
-0.405302962891 -0.214530214258 0.470288962891
-0.391036498047 -0.233590444141 0.479002890625
-0.410534 -0.12005395625 0.437086460938
-0.40292521875 -0.14135825625 0.469554710938
-0.410534 -0.117474871875 0.461518359375
-0.410534 -0.169891204688 0.459951902344
-0.410534 -0.107487165625 0.37555425
-0.410534 -0.09792358125 0.441655636719
-0.410534 -0.128385696875 0.4194993125
-0.172046262695 0.318765074548 0.458537165771
-0.179417269532 0.298657459375 0.482769375
-0.189522682129 0.349534401953 0.488458
-0.17466178125 0.340556117969 0.473525359375
-0.21574474173 0.314182408765 0.488102460937
-0.0126153918839 -0.0609022875732 0.48098612439
-0.0462626054687 -0.0851490242188 0.488458
-0.0155894541016 -0.081721923633 0.488458
-0.144211607727 -0.059351614502 0.305355382813
-0.15718249432 -0.0494147116547 0.333020766113
-0.15944415625 -0.0604739 0.2836675
-0.165626341797 -0.0350354287109 0.296111367187
-0.163248578125 -0.036531809375 0.323487875
-0.33563505957 0.702680238672 0.488458
-0.28237359082 0.702680238672 0.488458
-0.314562302124 0.703054333838 0.471392125
-0.333138428223 0.674436053638 0.488458
-0.317950587525 0.680655385773 0.488458
-0.236720903321 0.705673 0.304644304688
-0.185599404297 0.705673 0.29077828125
-0.179298382324 0.687716432031 0.313177242187
-0.396267535157 0.705673 0.3320208125
-0.394365339844 0.705673 0.2808231875
-0.393414242187 0.705673 0.300733375
-0.410534 0.681730909375 0.3206435625
-0.148030898438 0.352527163281 0.1272303125
-0.149933108594 0.298657459375 0.124386
-0.410534 -0.125831859424 0.192714087403
-0.410534 -0.114914497461 0.227193125732
-0.265986893311 -0.409481255921 0.47663563176
-0.302346641602 -0.408667319531 0.464992421875
-0.287842402344 -0.386733875781 0.488458
-0.406729609375 -0.296094104687 0.470100203125
-0.408542639282 -0.353068430493 0.466503397461
-0.410534 -0.332788363281 0.430269557617
-0.410534 -0.376962789063 0.438735337891
-0.410534 -0.357109328125 0.405427640625
-0.410534 -0.36071084375 0.387037429687
-0.410534 -0.385806710937 0.386026421875
-0.406729609375 -0.385748054687 0.363027578125
-0.0610047410156 -0.410038159766 0.4856136875
-0.00524618583984 -0.40901002959 0.474947515625
-0.04531150625 -0.411409 0.4657035
-0.022484975 -0.411409 0.4657035
-0.0446873372315 -0.383563807739 0.487746921875
-0.014876125 -0.38947555625 0.488458
0.07643 -0.223204854297 0.447371078125
0.0545545742187 -0.235564461328 0.47333753125
0.07643 -0.263970712109 0.456056484375
0.0622823061523 -0.213275538086 0.475166453125
0.0613386311951 -0.25928428316 0.477117648437
0.07643 -0.250468379297 0.44133953125
0.073494938562 -0.397678452588 0.422111462524
0.0716447290771 -0.397050250977 0.371370361328
0.07643 -0.367848904687 0.450569585937
0.07643 -0.332978946973 0.430998063477
0.07643 -0.317063319141 0.450279441406
0.0764299828125 -0.0978831398437 0.326224718749
0.0688211230469 -0.0709952238281 0.327624923828
0.0764299996094 -0.0999630773437 0.445107898437
0.07643 -0.117208104175 0.46477569397
0.07643 -0.110463180371 0.405251962891
0.0764299859375 -0.0853661467773 0.372158791016
0.07643 -0.134179066699 0.461200838379
0.07643 -0.173938249426 0.462061535584
-0.0519692800782 -0.0604739 0.1442961875
-0.0344927222168 -0.0604739 0.151762507813
-0.0415071296875 -0.036531809375 0.124386
-0.0624314414062 -0.036531809375 0.124386
0.0764299328125 -0.0828807898437 0.183893242187
0.0764299578125 -0.10640025 0.213292265625
0.0726255234375 -0.080948675 0.228242375
0.0764567414551 -0.108698473926 0.158530405273
0.0764299625 -0.13301149375 0.188718757813
0.0764299441406 -0.183274210938 0.16031678955
-0.1898784375 -0.201256140625 0.401325611328
-0.1746608125 -0.199662890625 0.211121604492
-0.0422618683008 0.705673 0.0346225808594
-0.0657091876495 -0.411409 0.0291126948242
-0.0951929273435 -0.411409 -0.0027864421875
-0.108177466968 0.705673 -0.00657937727051
-0.178341649551 0.705673 -0.0828162120712
-0.20210347876 0.705673 -0.132944443139
-0.188413559326 -0.411409 -0.328156303711
-0.19620465625 0.705673 -0.29801809375
-0.199934307617 0.705673 -0.34605509375
-0.0854013466503 0.705673 -0.505827810547
0.00845251742577 0.705673 -0.505250867188
0.0135350571753 -0.11468409375 -0.462230722657
0.108630264172 -0.297091221729 0.123164582031
0.03077685625 -0.411409 0.1926495
0.0329168546875 -0.41011031836 0.229634298828
0.0764299625 -0.372464584961 0.244707731445
0.07072330625 -0.401311043945 0.238765186523
0.0707232970703 -0.400079169922 0.202209666015
0.0791908962402 -0.30147620166 0.130731078125
0.0956160917724 -0.35259753374 0.125411385559
0.0812264543396 -0.339602103748 0.130309888626
0.0764299248047 -0.325815865234 0.145895125977
-0.369705667647 -0.409798217392 -0.208719445354
-0.371863031067 -0.407590848633 -0.186154523132
-0.355860425782 -0.411409 -0.272965974805
-0.402037056641 -0.411409 -0.292244503027
-0.410534 -0.39395459375 -0.3362151875
-0.392493625 -0.411409 -0.323287125
-0.390424499909 -0.409499924317 -0.138928114691
-0.0327817891386 -0.411409 -0.548941785156
-0.0221862129883 -0.395045494141 -0.576878434814
-0.0419129132202 -0.38345467749 -0.576867135712
0.352616778198 0.705673 -0.0580663700928
-0.410534 0.696945796875 -0.293033732422
-0.410534 0.705673 -0.3362151875
-0.393351703125 0.705673 -0.2997735
-0.392493625 0.705673 -0.323287125
-0.410534 0.702680238672 -0.152522859375
-0.39093225 0.703428429004 -0.0889121570312
-0.392271369812 0.703054333838 -0.143452254492
-0.410534 0.673126720557 -0.0901498242188
-0.410534 0.675932434302 -0.135558764648
0.0475181915078 0.705673 0.0812672405469
-0.0029662715625 0.705673 0.087169165625
0.0278216561875 0.705673 0.0838300775227
-0.0160305065376 0.682479099707 0.114393716909
0.0219833924845 0.677148243591 0.114203458752
-0.346592993993 -0.411409 -0.555491432617
-0.36214929351 -0.411409 -0.526553046875
-0.329758550543 -0.411409 -0.506632817078
-0.302202913954 -0.407045398438 -0.560208836426
-0.410534 -0.411409 -0.5116826875
-0.410534 -0.399409095703 -0.466316456421
-0.389308869141 -0.411409 -0.485510943359
-0.410534 -0.39395459375 -0.510311847657
-0.269585121836 -0.411409 -0.555792445313
-0.27717824261 -0.40322724707 -0.574771680664
-0.410534 -0.1321385 -0.5555495625
-0.401022986328 -0.14959290625 -0.566173571289
-0.351841668457 -0.411409 0.0918599992188
-0.39700371875 -0.397636382569 0.032032848706
-0.392493625 -0.405954498047 0.00950203964842
-0.410534 -0.365795727417 0.00834687982176
-0.410534 -0.387409191406 0.0364811455078
-0.410264502722 -0.349258088672 0.133365898047
-0.388420979492 -0.411409 0.216115078125
-0.410534 -0.402273382813 0.196183460937
-0.40292521875 -0.411409 0.2381585
-0.410534 -0.391798828125 0.16349178125
-0.304607100879 0.704582099609 -0.537501680786
-0.344905196234 0.705673 -0.549486820313
-0.346757346926 0.705673 -0.515162182251
-0.313137709557 0.701309398438 -0.562861210937
-0.410534 0.68821859375 -0.512025397461
-0.402782276367 0.692582195312 -0.468472403686
-0.386124113281 0.699127597656 -0.493943666748
-0.410534 0.662036984375 -0.505856618164
-0.410534 0.662036984375 -0.481181500976
-0.386228739632 0.431311551758 -0.575923874085
-0.408779748162 0.470038515625 -0.571084146485
-0.386841020729 0.4613113125 -0.575187060547
-0.408779748162 0.417675296875 -0.573825826172
-0.408779748162 0.452584109375 -0.557375748047
-0.367912936279 -0.0902714867249 0.486357308838
-0.406254060547 0.10137250625 0.477029476562
-0.401023023438 0.154418453906 0.486906171875
-0.410534 0.149140298437 0.47293971875
-0.409582902344 0.121912215625 0.471808265625
-0.3953164375 -0.125299260937 0.484439824219
-0.40292521875 -0.167749028125 0.4829451875
-0.371910518616 -0.173632907458 0.488113449219
-0.367259056641 -0.124903391016 0.488458
-0.22031446875 -0.0604739 0.488458
-0.209633196243 0.126889325804 0.48830245166
-0.17466178125 0.131062825 0.4657035
-0.187620486816 0.102257497217 0.480280601563
-0.185123855469 0.152012154297 0.4856136875
-0.209198514893 0.160055200366 0.485969226562
-0.237976649445 0.163772771078 0.487969133789
-0.167053 0.107120734375 0.425883125
-0.167053 0.155004915625 0.414505875
-0.118546621094 -0.0769239828125 0.4856136875
-0.0761035395508 -0.0604739 0.472458742188
-0.0835934951172 -0.0858344443357 0.488458
-0.105944473633 -0.0604739 0.464992421875
-0.141610928711 -0.0544883773437 0.403128625
-0.159444152344 -0.0514956160156 0.427660820312
-0.161346367188 -0.0485028546875 0.38464059375
-0.167053 -0.0215680027344 0.421261117187
-0.18987934375 0.514136275 0.488458
-0.167053 0.514136275 0.4657035
-0.170857390625 0.538078365625 0.482769375
-0.173549071297 0.48301038814 0.476502999023
-0.197488125 0.702680238672 0.4628591875
-0.233629835938 0.705673 0.4514819375
-0.199152545899 0.705673 0.408106171875
-0.245280782227 0.705673 0.395306765625
-0.228161024414 0.705673 0.366863640625
-0.207950199219 0.705673 0.3718411875
-0.231489866211 0.705673 0.425883125
-0.182151675293 0.705673 0.387129367188
-0.17546612751 0.68575243241 0.424266533325
-0.173591796387 0.687716432031 0.389973679688
-0.410534 0.505302738751 0.45583246936
-0.409999007568 0.529410618802 0.47501199176
-0.397218632813 0.489607722656 0.486906171875
-0.410296225586 0.529005320032 0.458303222901
-0.367021282227 0.495658996436 0.488070042969
-0.342508226227 0.705556095261 0.464059131836
-0.356915869629 0.70380252417 0.482058296875
-0.37249009375 0.705673 0.39744
-0.388658753907 0.705673 0.3775298125
-0.399120828125 0.681730909375 0.391751375
-0.401023023438 0.6904159625 0.410885648437
-0.404827414063 0.480224335156 0.462076921875
-0.409107353516 0.483747621875 0.438091597656
-0.410534 0.683975480371 0.0685244355469
-0.379229179687 0.703241381421 0.0615561799805
-0.39093225 0.698939287011 0.0300078605469
-0.410534 0.67215641122 0.0432442931213
-0.350614847656 0.705673 0.1954938125
-0.326005195801 0.705673 0.190160726562
-0.381049972656 0.705673 0.1954938125
-0.40292521875 0.705673 0.1926495
-0.3953164375 0.705673 0.2381585
-0.37249009375 0.705673 0.2381585
-0.404240408478 0.676353291363 0.219337150879
-0.389537376953 0.705673 0.154285955469
-0.142205441319 0.687716432031 0.127245785884
-0.0993977400547 0.681730909375 0.121625112422
-0.123302166406 0.681730909375 0.124386
-0.167053 0.503053705707 0.190610705688
-0.167053 0.475230377734 0.195849351562
-0.174721224853 0.694076049854 0.204737828125
-0.1822705625 0.705673 0.2381585
-0.200103643554 0.705673 0.191938421875
-0.17347290918 0.677241767383 0.226070171875
-0.219747754297 0.705673 0.115084141797
-0.14820923064 0.507402562012 0.124386
-0.167053 0.508150752344 0.142162953125
-0.16205969834 0.536581984961 0.1329189375
-0.167053 0.487201423047 0.133274476562
-0.299968897461 -0.411409 0.418061265625
-0.353943689453 -0.411271109375 0.403885335693
-0.336823931641 -0.411409 0.41877234375
-0.393012997864 -0.405560296875 0.375863143555
-0.402568557129 -0.338866643848 0.480161984375
-0.37249009375 -0.411409 0.4657035
-0.379385551758 -0.389950547071 0.487800269532
-0.351625388916 -0.393021404541 0.488293567383
-0.352041494141 -0.411409 0.46428134375
-0.178421547425 -0.411409 0.416950206055
-0.181586940064 -0.350149577026 0.488458
-0.1518353125 -0.34560866875 0.488458
-0.258358375 -0.386733875781 0.4856136875
-0.222840812622 -0.408667319532 0.457081677735
-0.220938626587 -0.385106003003 0.487746921875
-0.105587814356 -0.409695449707 0.4657035
-0.0762224347656 -0.410038159766 0.4628591875
-0.0914401160156 -0.388104716016 0.4856136875
-0.0653664509094 -0.381828838068 0.486858074219
-0.111420761176 -0.379644061444 0.486324765625
0.00550483916092 -0.33620823894 0.488458
0.0156186940918 -0.301570426221 0.488458
0.0347448294556 -0.379545727967 0.482842547852
0.00367042148437 -0.410038159766 0.4514819375
0.00699929921875 -0.386733875781 0.482769375
0.07643 -0.348135428516 0.462708572266
0.06882115625 -0.30090104375 0.477576609375
0.0557434560547 -0.32763242832 0.477576609375
0.053603459375 -0.4067816875 0.44241884375
0.0646897747559 -0.405734708984 0.41085473584
0.062089112854 -0.371733503943 0.476317149414
0.0127059335937 -0.0604739 0.46143703125
0.00723707714844 -0.081721923633 0.488458
0.0307769375 -0.08240734375 0.488458
0.0707233671875 -0.128874756543 0.480049346191
0.0578388602905 -0.153819766321 0.4832548125
0.0364835675781 -0.0622964023438 0.426051640625
0.0300635959961 -0.0604739 0.373974421875
0.070723357666 -0.0708819246094 0.420549526367
0.0720162527649 -0.0693406271484 0.372582209961
0.0536034671875 -0.067763909375 0.4436230625
-0.110700024121 0.149019392969 0.124386
-0.13429001728 -0.0604739 0.214642924194
-0.15944415625 -0.0604739 0.1926495
-0.15944415625 -0.0604739 0.2381585
-0.166428837036 -0.0402727610351 0.208382103516
-0.163092537384 -0.0314815246338 0.230714400879
-0.160870816992 0.135551966992 0.148740425781
-0.138579291723 0.160616343115 0.125185962891
-0.156234179736 0.114228542529 0.134741075195
-0.150130017067 0.145933107849 0.128141381348
-0.129068240942 0.131062825 0.124386
-0.124826799245 -0.0604739 0.19889226596
-0.0747958019531 -0.0604739 0.1442961875
-0.098573428125 -0.0604739 0.1471405
-0.090013488672 -0.0305462867188 0.124386
0.0919034993287 -0.123034490064 0.124451511719
0.0823807807617 -0.17265595332 0.13418290625
0.100421013037 -0.167986722461 0.122498109375
0.061769537503 -0.0643129203125 0.225477506347
0.0184124902344 -0.0544883773437 0.124386
-0.0171573483917 -0.0554236152588 0.143296233887
0.0100903268555 -0.0544883773437 0.146429421875
-0.0234361332031 -0.0305462867187 0.124386
0.00129259882813 -0.0305462867187 0.124386
-0.410534 -0.194568596875 0.43970809375
-0.409939563965 -0.24310987041 0.442877378906
-0.3268370625 -0.318394179687 0.366472464844
-0.410534 -0.339087851562 0.213780984375
-0.410534 -0.372503117187 0.240025789062
-0.410534 -0.309436914062 0.190714345703
-0.410534 -0.27564337063 0.186311271027
-0.410534 -0.107849573132 0.249695302765
-0.410534 -0.1392994125 0.40319209375
-0.030093375 -0.172945675781 0.3852
-0.0367510859375 -0.135903417603 0.318464001953
0.0764299835938 -0.0916196359375 0.346038121093
0.0726255359375 -0.09070528125 0.247199515625
0.0750627610352 -0.107259346142 0.269423046509
0.0764299809082 -0.341792529053 0.23675816626
0.076429990625 -0.356319460937 0.303895148437
0.07643 -0.304423201563 0.4343864375
0.07643 -0.200449128125 0.457288359375
-0.0309715342734 0.705673 0.084526403047
-0.35172875 0.705673 -0.11728063125
-0.367003296875 -0.411409 -0.096930078125
-0.36092296875 0.705673 -0.437747
-0.121317867977 0.705673 -0.533463953125
-0.0981834188243 0.705673 -0.550965648438
-0.0238168356104 0.705673 -0.532064887695
-0.0823777540665 0.704309374512 -0.560015204712
-0.0396759432364 0.705673 -0.555971085937
-0.176398517323 0.705673 -0.528346462403
-0.0934417134775 -0.411409 -0.537031680664
-0.0490355867759 -0.411409 -0.535036108398
0.0116358847656 -0.411409 0.287578429687
0.0764299625 -0.381797796875 0.269954015625
0.0587156050781 -0.40639365625 0.272299992188
0.0350568835937 -0.41020325 0.38129259375
0.00034154375 -0.411409 0.4201945
0.032203575 -0.411409 0.41308371875
0.0764299375 -0.2242398375 0.155416125
-0.41009543704 0.428584300782 -0.523448662598
-0.137713637492 0.529287129224 0.125719271484
-0.145348484897 0.476259139441 0.124386
-0.104369230945 0.534711509131 0.124386
-0.128200729084 0.481426328922 0.124386
-0.102199522485 0.331951929151 0.124386
-0.369306190979 -0.411409 0.195569902771
-0.373203416992 -0.411409 0.238869578125
-0.331592894531 -0.411409 0.3149549375
-0.376591702393 -0.411409 0.284911886719
-0.249498721467 -0.411194806213 0.428615637131
-0.383932987427 -0.405983125 0.339264888672
-0.410058451172 0.141693137891 0.44874103125
-0.410058451172 0.090876648047 0.440981890625
-0.368685703125 0.351940701563 0.486906171875
-0.351565945313 0.310628504688 0.488458
-0.404827414063 0.288687610157 0.462076921875
-0.410534 0.279597453516 0.438023585938
-0.409701789551 0.328161389616 0.442490411438
-0.383189942383 -0.256632535742 0.4831375
-0.391987595703 -0.207503394922 0.4829451875
-0.38770765625 -0.189682471875 0.4829451875
-0.380336649414 -0.348825340039 0.487800269532
-0.343957164062 -0.307225142187 0.488458
-0.393889791016 -0.313316594623 0.481089216187
-0.385805460938 -0.283363920313 0.4831375
-0.193683734375 0.538078365625 0.482769375
-0.193683734375 0.490194184375 0.482769375
-0.217223401367 0.490942374707 0.488458
-0.164823847473 0.35000202091 0.174305906494
-0.0386537617187 -0.129015911719 0.488458
0.0106848344727 -0.219834077246 0.488458
0.0433197569709 -0.264086178884 0.488458
0.0393368867187 -0.211266325781 0.488458
-0.122912044144 -0.0586034241699 0.436893725342
-0.135904295899 -0.0544883773437 0.380374125
0.0375609944763 -0.125481714239 0.488458
-0.0228713553467 -0.0604739 0.426327548828
-0.139233165039 -0.0544883773437 0.33344296875
-0.129722110351 -0.0604739 0.282956421875
-0.106895579101 -0.0604739 0.282956421875
-0.105350032715 -0.0604739 0.328109882812
-0.269058223633 0.705673 0.420905578125
-0.359561109986 0.705673 0.383307322266
-0.348838970001 0.705673 0.370530137207
-0.230776542969 0.705673 0.3263321875
-0.219333649292 0.705673 0.277712220703
-0.376294484375 0.705673 0.323487875
-0.364361180969 0.705673 0.281045399414
-0.25074959375 0.705673 0.215404
-0.205494435349 0.705673 0.231747686279
-0.23553203125 0.705673 0.2381585
0.06882115625 -0.283539464062 0.471176953125
0.0502300165405 -0.174982005384 0.48585640625
0.0265266555054 -0.0604739 0.306688654297
0.0356364510803 -0.0617535734375 0.275003670898
-0.0663250110596 -0.0604739 0.186871990234
0.0574078453125 -0.06559259375 0.28118846875
0.0478967867188 -0.06559259375 0.25274534375
-0.143830859277 0.705673 -0.0462424760742
-0.189968580078 -0.411409 -0.188581088867
-0.148209519336 0.705673 -0.39862527832
-0.0246609113183 -0.411409 -0.501560910156
-0.0495768102389 0.705673 -0.505227109604
0.115406244222 -0.248262266925 0.121318902832
0.145499929809 -0.367806895605 0.116068613282
0.0497989679687 -0.41011031836 0.197635783203
0.0627411461914 -0.405543710645 0.155796349121
-0.377111457032 -0.411409 -0.247101217773
-0.410534 -0.39395459375 -0.293719152343
-0.371089015442 -0.407590848633 -0.162598126257
-0.404847092804 -0.384409215332 -0.164443829804
0.00592167049829 -0.411409 -0.559167523926
0.0339967600586 -0.411409 -0.554066750977
0.0135708433594 -0.389590992188 -0.577377506836
0.0419500022461 -0.39395459375 -0.577352188477
-0.000948140012161 0.705673 -0.538441554199
-0.00334320365627 0.68821859375 -0.57063584375
-0.410534 0.679491390625 -0.251908541016
-0.384044881256 0.705673 -0.179586503809
-0.410534 0.676247548438 -0.1936479375
-0.410534 0.687716432031 -0.170343726562
0.059399286627 0.684974751562 0.115721729473
0.039609728647 0.623372063477 0.120930182456
0.0746667013183 0.639494592969 0.124012945312
-0.392054368981 -0.411409 -0.550547035156
-0.355641318865 -0.39395459375 -0.574981736328
-0.3917129375 -0.411409 -0.521602125
-0.40387629043 -0.385227390625 -0.552807882813
-0.390471705536 -0.260592020996 -0.574270094116
-0.344194679639 -0.25431934375 -0.577483
-0.38009875625 -0.28922815625 -0.575426740234
-0.40649181919 -0.265228347656 -0.555206852539
-0.410534 -0.280500953125 -0.512368107422
-0.408631797266 -0.301228060547 -0.534558577393
-0.410534 -0.28922815625 -0.554178722657
-0.409430745519 -0.388768329846 0.0998681325563
-0.392493625 -0.411409 0.0675912125
-0.409995005445 -0.355126623438 0.107608655469
-0.386181027485 0.705673 -0.548477851562
-0.366205172757 0.705673 -0.53646660498
-0.3917129375 0.705673 -0.521602125
-0.383265153767 0.556492371582 -0.574164305176
-0.410534 0.574764953125 -0.554178722656
-0.410534 0.54858334375 -0.56651628125
-0.40292521875 0.0307365291992 0.468478212891
-0.399120828125 0.0101794484375 0.48535434375
-0.392760362549 0.0546690005249 0.486518214844
-0.1839944021 -0.0914891603027 0.488458
-0.20509690625 -0.08240734375 0.488458
-0.172878428223 -0.00585600576172 0.480102832031
-0.202473952484 0.004945992157 0.488024686768
-0.176326186524 0.0337980818359 0.483835992188
-0.215854339684 0.0277073449143 0.488349671692
-0.170619614258 0.0517546498047 0.461081492187
-0.168420202393 0.0483877933106 0.443926732422
-0.167796039673 0.00854665812988 0.446548833008
-0.13186209375 -0.0574811386718 0.453970710938
-0.162297414063 -0.0395245707031 0.466770117187
-0.159444152344 -0.0335390480468 0.445437773438
-0.177039525391 0.60242273418 0.46996996875
-0.187977148438 0.633846728125 0.488458
-0.184172757813 0.579977024219 0.482769375
-0.176563976563 0.633846728125 0.471392125
-0.2127056875 0.705673 0.442949
-0.176563976563 0.681730909375 0.448637625
-0.409215095047 0.612718681352 0.467576332031
-0.405258380188 0.630544200409 0.475269578125
-0.401884955689 0.582289800036 0.484061859375
-0.365029921509 0.582128071423 0.488458
-0.379124557186 0.633180742282 0.485985170898
-0.403162993164 0.684885399316 0.444597023437
-0.37249009375 0.705673 0.4457933125
-0.410534 0.608314537549 0.431327556641
-0.409582902344 0.579955570325 0.458852740478
-0.39312434375 0.699687477344 0.102386040625
-0.37352259375 0.705673 0.085802840625
-0.39093225 0.699687477344 0.0749027375
-0.410534 0.681730909375 0.186960875
-0.410534 0.681730909375 0.164206375
-0.167165385243 0.609437018542 0.15716817528
-0.167528548828 0.639832250781 0.169183921875
-0.16907408252 0.647314154102 0.193893886719
-0.192970411132 0.699687477344 0.17416146875
-0.166518030425 0.678738148047 0.162080877317
-0.16943074414 0.675745386719 0.194782734375
-0.201008716992 0.705673 0.146609003052
-0.164645530642 0.641328631445 0.142166821471
-0.152180837392 0.584302499576 0.127985833008
-0.167053 0.585962546875 0.141451875
-0.364167989258 -0.36801710332 0.487800269532
-0.191142515686 -0.411409 0.462814745117
-0.18987934375 -0.38947555625 0.488458
-0.20509690625 -0.3675421125 0.488458
0.0204336655274 -0.358974361035 0.488458
-0.147674234033 0.0308053205078 0.124386
-0.127678735867 0.00508627784422 0.124386
-0.133823766333 0.059984743457 0.124386
-0.157749999634 -0.0432655223633 0.170339423828
-0.166518003174 0.0367908431641 0.151229199219
-0.163248579688 0.011352371875 0.124386
-0.158426179694 0.0511935070557 0.131296790527
0.0613609855972 0.0110874858978 0.124314486603
0.0490856420899 -0.0625891425781 0.166512722656
0.042606231958 -0.0610027106445 0.145939391602
0.0324710121704 -0.0301721915527 0.124386
0.0497989578125 -0.036531809375 0.124386
-0.365832226563 -0.222359813416 0.406707532349
-0.364881125 -0.290221301758 0.39228700293
-0.364881125 -0.311672589844 0.237211644532
-0.365832226563 -0.205091663574 0.209408900513
-0.367734429688 -0.136174760376 0.315673061767
-0.364881125 -0.155323632324 0.36673023999
0.0317282265625 -0.153013684937 0.363548182495
0.028874921875 -0.135825431152 0.2927700625
0.0317282265625 -0.147052799438 0.257815109985
0.030777125 -0.279826606446 0.213520713867
0.02697271875 -0.3375760896 0.31594708667
0.032679328125 -0.215305079834 0.405099645264
-0.247756259346 -0.411409 -0.561215083984
-0.153656204247 0.705673 -0.527158946777
-0.262162754133 0.705127549805 -0.533142157471
-0.128119079789 -0.411409 -0.542136140625
-0.0122062805068 -0.411409 -0.548051283203
0.123187910584 0.026220262793 0.119905831055
0.108997026941 0.0725802760255 0.121811647461
0.0426656984375 -0.411409 0.27940103125
0.055936623938 -0.40895263916 0.389129853027
0.0167480958008 -0.4105046875 0.35368646875
-0.392493625 -0.402681796875 -0.366468580078
-0.392493625 -0.402681796875 -0.344535142578
-0.410534 -0.365591183594 -0.362946564453
-0.392493625 -0.407045398437 -0.451632005371
-0.356412875 -0.411409 -0.4070981875
-0.385600597656 -0.411409 -0.113837166406
-0.410534 -0.387409191406 -0.0956331679688
-0.392493625 -0.411409 -0.0201422875
-0.37508134375 -0.411409 -0.05602861875
-0.365716025879 -0.411409 -0.0731685139648
-0.0906656058105 -0.404318147461 -0.567583236328
-0.120411111865 -0.394500043945 -0.568616804687
-0.214213066123 -0.409772649414 -0.569769581421
-0.235531348438 -0.385227390625 -0.577483
-0.122785995303 0.692582195312 -0.57189505664
-0.103260561206 0.68821859375 -0.571950382812
-0.216794724198 0.68821859375 -0.568164994141
-0.238680635103 0.68821859375 -0.566669511718
-0.392493625 0.705673 -0.367154
-0.385164722656 0.705673 -0.342024796875
-0.410534 0.679764115723 -0.33822860852
-0.392493625 0.705673 -0.4329543125
-0.384600960938 0.705673 -0.4506025625
-0.38358159375 0.705673 -0.0128807007813
-0.39093225 0.705673 0.00361926875
-0.410534 0.684723670703 -0.00927050390625
-0.361529625 0.705673 -0.045930578125
-0.108084485156 0.633846728125 0.124386
-0.408037358911 -0.00913948095703 -0.555442465637
-0.39721858086 0.02495115625 -0.576112160157
-0.401022986328 -0.00995765625 -0.573370480469
-0.399477446607 0.283767273926 -0.572021059998
-0.410534 0.268221943359 -0.548781040772
-0.410534 0.243131234375 -0.567201701172
-0.39864523291 0.300948955078 -0.574826997803
-0.39341417539 0.260585640625 -0.575426740234
-0.342054701563 0.155859203125 -0.577483
-0.388420893213 0.12149584082 -0.574055900391
-0.371182180933 0.276130971192 -0.576904676941
-0.35489457002 0.314039759766 -0.577225967529
-0.410534 0.12967759375 -0.522306696289
-0.406729594531 0.30422165625 -0.554178722657
-0.409582898633 0.300948955078 -0.534515738648
-0.368893755737 -0.40884678125 0.333883673828
-0.410534 0.215125752002 0.449565307617
-0.404827414063 0.247840969531 0.480698859375
-0.393414242187 0.201129711719 0.483802515625
-0.410534 0.194678632813 0.46673240625
-0.410534 0.23875081289 0.456645523437
-0.410534 0.411045435718 0.44603396582
-0.397991399658 0.396877461035 0.481086816406
-0.40072580542 0.440185490772 0.475760710205
-0.410534 0.432046923047 0.459878851562
-0.410534 0.391321187891 0.464404664063
-0.386756558594 0.256172339063 0.486906171875
-0.364227432861 0.298883049964 0.488312516113
-0.167053 0.2268311875 0.4657035
-0.176028984131 0.245535945801 0.48419153125
-0.186431614746 0.196529479053 0.485258148437
-0.198818175629 0.413259175389 0.486648361725
-0.180368367188 0.390684870215 0.482502720703
-0.178466171875 0.442310003125 0.482769375
-0.195110380859 0.443806383789 0.488458
-0.173116247559 0.432396481226 0.459503787598
-0.171808488281 0.298657459375 0.460014875
-0.240346963135 0.204011382373 0.488458
-0.347048231445 0.445302764454 0.488458
0.00705874487305 -0.26044521919 0.488458
-0.0232438097343 -0.0966431982935 0.488458
-0.0753604882813 -0.104683497558 0.488458
0.0224547646484 -0.103655367383 0.488458
-0.0413436068726 -0.0604739 0.453481844727
-0.130910992188 -0.0544883773437 0.356908546875
-0.157541945312 -0.0305462867187 0.351219921875
-0.157938548863 -0.0383321423614 0.25682707843
-0.2735759375 0.705673 0.4657035
-0.246231879883 0.70380252417 0.467303425781
-0.267869351563 0.681730909375 0.488458
-0.275478132812 0.633846728125 0.488458
-0.337299480469 0.705673 0.2922004375
-0.176118149536 0.687716432031 0.356997431641
-0.168962625763 0.675371291553 0.27702336377
-0.168004097656 0.687716432031 0.24953575
-0.167706879639 0.636839489453 0.348908917969
-0.396267535157 0.681730909375 0.346242375
-0.392463144531 0.681730909375 0.3718411875
-0.37249009375 0.705673 0.260913
-0.402330782715 0.682479099707 0.262157386719
-0.410058451172 0.639832250781 0.315666015625
-0.408936453156 0.638569679596 0.252580053223
-0.159206383106 0.445302764454 0.130785703125
-0.166696335596 0.439878384546 0.156984487793
-0.16677064068 0.227555996884 0.152154156311
-0.157541949219 0.256758800782 0.129363546875
-0.167053 0.256758800782 0.149273734375
-0.155639739063 0.205881858203 0.126874773438
-0.109867807178 0.440813622461 0.124386
-0.143394261182 0.39349058396 0.129430210449
-0.12139995625 0.394425821875 0.124386
-0.159919711914 0.352527163281 0.145007265625
-0.165626342383 0.310628504687 0.15709559375
-0.166072172888 0.31324717085 0.182472194336
-0.167053 0.214860142187 0.19407165625
-0.162535250879 0.190543956396 0.142029625977
-0.317445316895 -0.381593224902 0.488458
-0.327312955078 -0.405925639063 0.46428134375
-0.280471395508 -0.411409 0.442237921875
-0.321695534546 -0.345180281177 0.488458
-0.25074959375 -0.3675421125 0.488458
0.0427865016709 -0.308933337636 0.488458
-0.08335571875 -0.0604739 0.351931
-0.00147430492896 -0.0604739 0.240222293152
0.0429480880432 -0.0620097271484 0.335006307617
-0.0700402820312 0.011352371875 0.124386
0.00604812421875 0.011352371875 0.124386
0.0072370178711 -0.0604739 0.169183921875
-0.241237921875 -0.2605676604 0.206941481689
-0.0985726875 -0.158919439942 0.371656733154
0.0274480046875 -0.411409 0.25664653125
-0.375499738282 -0.411409 -0.301146068554
-0.3713305 0.705673 -0.1390808375
-0.375311328125 0.705673 -0.308778875
-0.352271813965 0.705673 -0.311392580566
-0.410534 0.633846728125 -0.11139778125
-0.356737328919 -0.131593049805 -0.577483
-0.408631797266 -0.14959290625 -0.544240133789
-0.402925189062 -0.116865894531 -0.55923369458
-0.410534 -0.001230453125 -0.512368107422
-0.410534 0.02495115625 -0.524020246093
-0.404827391797 0.02495115625 -0.554178722657
-0.3654330625 -0.411409 0.031749125
-0.376062793555 -0.411409 0.0738729390625
-0.352249617188 0.705673 -0.46727603125
-0.365063468516 0.575310403321 -0.57222125293
-0.410534 0.539856140625 -0.515795207031
-0.410534 0.592219359375 -0.512710817382
-0.345880245758 0.434038802735 -0.577080370117
-0.390560871289 0.400220890625 -0.574741320313
-0.409361636028 0.399402715332 -0.564259607056
-0.41020507778 0.451765934082 -0.534386922241
-0.40613517334 -0.00183607675783 0.467517019531
-0.407442932617 0.0554731159759 0.460434166321
-0.409582902344 0.0416722765991 0.448910630127
-0.391512046875 0.105947810937 0.48535434375
-0.363098004395 0.112171019116 0.488458
-0.229349896484 0.0083596105469 0.488458
-0.170857390625 0.107120734375 0.460014875
-0.177515074219 0.152012154297 0.4628591875
-0.167053 0.155004915625 0.437260375
-0.202689440308 0.252643753955 0.48419153125
-0.215796754883 0.210371000195 0.488458
-0.167053 0.2268311875 0.4201945
-0.171808488281 0.250773278125 0.460014875
-0.177515074219 0.199896335547 0.4628591875
-0.16824187207 0.253766039453 0.433704984375
-0.167053 0.059236553125 0.414505875
-0.169906292969 0.585962546875 0.4514819375
-0.167573131531 0.627861205469 0.421394444336
-0.170976277832 0.625990729639 0.453970710937
-0.167053 0.585962546875 0.425883125
-0.170857390625 0.538078365625 0.460014875
-0.170857390625 0.490194184375 0.460014875
-0.167053 0.490194184375 0.425883125
-0.168598533691 0.499920658691 0.447037699219
-0.211754589844 0.645817773438 0.488458
-0.230538768555 0.592696259864 0.488458
-0.215856198487 0.604854352759 0.488458
-0.39412756543 0.531592630725 0.483306272705
-0.371776770508 0.537330175293 0.488458
-0.379385551758 0.390846598829 0.486906171875
-0.386756558594 0.447709064063 0.486906171875
-0.357762940979 0.641094821966 0.488458
-0.368076406189 0.429647637415 0.488361010742
-0.407561819824 0.631976252295 0.38637384668
-0.408156255859 0.645084696289 0.413277167969
-0.410534 0.633846728125 0.08600259375
-0.410534 0.633846728125 0.02020246875
-0.410534 0.633846728125 0.186960875
-0.141360181597 0.631134538171 0.125413735552
-0.12139995625 0.585962546875 0.124386
-0.167053 0.539574746289 0.163317527344
-0.167053 0.438756099048 0.182583300293
-0.167053 0.393677631543 0.184560986328
-0.362533290161 -0.4105046875 0.373152232422
-0.135904308692 0.253766039453 0.124386
-0.165715507935 0.0016258975586 0.19060515039
-0.167053 0.107120734375 0.15851775
-0.167053 0.166975960937 0.1727393125
0.0393962629639 -0.0604739 0.186072027343
0.038207392749 -0.0604739 0.226603480468
-0.410534 -0.0510794453125 0.294620058594
-0.409939563965 0.184556218445 0.441927403564
-0.224832182617 0.443058193457 0.488458
-0.324221887695 0.705673 0.381085203125
0.20217719046 0.650037080078 -0.0177384836322
0.214547101806 -0.367772984375 -0.0258890555444
0.19023544989 -0.357954880859 -0.0110591984174
0.175840399317 0.65330978125 -0.00343721729248
0.142487039542 -0.357136705566 0.00804234695238
0.101331928621 -0.363954833008 0.0156902522202
0.111315195308 0.657127932617 0.0148973243615
0.0606349610908 -0.363409382813 0.017044250708
0.0867455039486 0.659855183594 0.0171201421435
0.0704866124921 0.65330978125 0.0179942764258
0.031225220541 -0.367772984375 0.0129536261182
0.0430736579699 0.660946083984 0.0147179718579
0.0362064796856 0.641173514404 0.013319033804
0.000884751592775 0.65330978125 0.00545582358886
-0.0456146254322 0.65330978125 -0.0149537152588
-0.100918906077 -0.357136705566 -0.0596112535507
-0.0984393656328 0.66149153418 -0.0565749350769
-0.114738124057 0.660946083984 -0.0755364137329
-0.131896102539 0.65330978125 -0.0994349482422
-0.160832826172 0.65330978125 -0.171932082031
-0.153922506836 -0.35904578125 -0.1454592
-0.165571278808 -0.367772984375 -0.197002620117
-0.167044212585 -0.366682083984 -0.236275936401
-0.165009523712 -0.36722753418 -0.261021674927
-0.165019876953 0.65330978125 -0.260215575439
-0.152355917994 -0.369102519226 -0.309964557413
-0.158832030914 0.655491582031 -0.289388788941
-0.134922054199 0.65330978125 -0.348977418945
-0.101902454883 -0.35904578125 -0.393925367187
-0.100924894122 0.651127980469 -0.393329755127
-0.0710845480102 -0.361227582031 -0.420838240418
-0.0569941472207 -0.35904578125 -0.430256713867
-0.0806395712057 0.658218833008 -0.411739715775
-0.0154813876655 -0.35904578125 -0.452914969726
0.016791863042 -0.35904578125 -0.462988462403
0.0552260233748 -0.361227582031 -0.469558285217
0.0851040427822 -0.36722753418 -0.469899151855
0.0681827411533 0.662036984375 -0.470174262695
0.110804079825 -0.36722753418 -0.467931075813
0.108745375635 0.662036984375 -0.467907764526
0.134811735645 0.65330978125 -0.463514998291
0.144490236523 -0.35904578125 -0.461440559571
0.170997048645 0.65330978125 -0.451317720948
0.192601080811 -0.365591183594 -0.440796347046
0.21409781665 0.662036984375 -0.427561763672
0.265934431641 -0.35904578125 -0.38059602295
0.283746436523 -0.35904578125 -0.355325568847
0.28455426593 0.654400681641 -0.353519951325
0.296129961426 -0.3765001875 -0.331948738648
0.304331111328 -0.35904578125 -0.314407625488
0.317894198242 -0.35904578125 -0.258624281738
0.31635317157 0.660946083984 -0.268737185455
0.319810702149 0.65330978125 -0.245118703613
0.320276890136 -0.35904578125 -0.216447799561
0.317901566407 0.65330978125 -0.194603448242
0.311321568359 -0.35904578125 -0.158487761719
0.305788110351 -0.35904578125 -0.144185356347
0.304331111328 0.65330978125 -0.138689362012
0.291562107117 -0.366682083984 -0.112236402826
0.295947937012 0.662036984375 -0.121121034912
0.283746489258 0.65330978125 -0.0977712518554
0.265667306153 0.648946179688 -0.0721176698242
0.257463524414 -0.35904578125 -0.0624154174317
0.253185634766 0.65330978125 -0.0588843473633
0.19852971344 -0.361227582031 -0.554279422608
0.177561854248 -0.363409382813 -0.56088651416
0.2442627583 -0.35904578125 -0.533755498047
0.266054707871 -0.367977528198 -0.519215844017
0.299893033493 -0.366272996338 -0.494983018509
0.381904697387 -0.369954785156 -0.395686252441
0.410614200683 -0.363409382813 -0.327291603027
0.424186132324 -0.363409382813 -0.25943111792
0.42524107605 -0.369954785156 -0.238015972168
0.422184248047 -0.363409382813 -0.177915713916
0.416624416832 -0.368113890747 -0.14716541915
0.383813199341 -0.363409382813 -0.0613175953247
0.36103705806 -0.368591159668 -0.0246525949081
0.275005416736 -0.357682155762 0.0611104813828
0.185489810425 -0.363409382813 0.104685558984
-0.410534 -0.367772984375 -0.254650216797
0.253314761627 0.658900645752 0.0745027253697
0.218900353371 0.663025612854 0.0918092516248
0.356860111084 0.667491486328 -0.019341726355
0.377484270203 0.660536996338 -0.404049520668
0.328888475342 0.657673382812 -0.468103397949
0.226307797852 0.65330978125 -0.542962107422
0.189919657471 0.657673382812 -0.556707800537
0.138906905212 0.664218785157 -0.569270664673
0.098918297998 0.65330978125 -0.571580123535
0.0209435146133 0.679491390625 -0.571892244141
-0.410534 0.655366041602 -0.242141317383
0.0651657497302 0.668094654492 0.120259975586
0.204716220215 0.657673382813 0.0983055730163
0.169203651996 0.662556866593 0.109851135474
-0.382833172681 -0.341591375 -0.576197837647
-0.357272323438 -0.35904578125 -0.577483
-0.37082551792 -0.309955263672 -0.575940805176
-0.40387629043 -0.35904578125 -0.567201701172
-0.410534 -0.352500378906 -0.527790055664
-0.40387629043 -0.326318769531 -0.567458733643
-0.410534 -0.32413696875 -0.529503605469
-0.410534 -0.35904578125 0.0764067421875
-0.410534 0.635855375 -0.54458284375
-0.392630376117 0.650037080078 -0.568026022949
-0.410534 0.65330978125 -0.551437042969
-0.410534 0.609673765625 -0.552807882812
-0.383665491211 -0.0204335849609 0.48535434375
-0.407680707031 -0.0222570260742 0.455745224609
-0.194159251953 -0.0215680027344 0.48703584375
-0.169906261719 -0.0185752414062 0.46428134375
-0.1822705625 0.65778881875 0.471392125
-0.217461175781 0.666767102734 0.48703584375
-0.382952167969 0.66019511836 0.484061859375
-0.408631804688 0.653329903125 0.458979617188
-0.410534 0.651242153345 0.112092240967
-0.410534 -0.35904578125 -0.38762168164
-0.410534 -0.366136633789 -0.0728430205078
-0.20075978773 -0.386863741211 -0.576570706421
-0.410534 0.644582578125 -0.425319777344
-0.410534 0.65330978125 -0.366373664062
-0.410534 0.651429200928 -0.0472255239258
-0.410534 0.654796057422 -0.10043109375
0.00402368078415 0.654796057422 0.118177243057
-0.410534 0.077314375 -0.536357804687
-0.410534 0.09476878125 -0.569257960937
-0.404827391797 0.05985996875 -0.570628800781
-0.39198752334 0.0904051796875 -0.571999640625
-0.410534 0.103495984375 -0.552807882812
-0.407680695898 0.051132765625 -0.553493302734
-0.36678333711 0.19949521875 -0.577483
-0.369220534363 0.227313178711 -0.577483
-0.410534 0.219676875977 -0.526547732056
-0.401498537012 0.195131617187 -0.560004791992
-0.410534 0.19949521875 -0.537728644531
-0.404827414063 0.264452288672 0.461301007812
-0.405778511719 0.36532648125 0.458973265625
-0.171808488281 0.27471536875 0.45432625
-0.203194710938 0.37048373125 0.488458
-0.169430744141 0.375908111158 0.457548322754
-0.259309472657 0.659285199414 0.487746921875
-0.169460465943 0.663774341406 0.344198025391
-0.403281880371 0.658162913916 0.363174922852
-0.409582902344 0.663774341406 0.314243859375
-0.163486355957 0.386569823389 0.158651077148
-0.157541949219 0.280700891406 0.139318640625
-0.133288769727 0.292671936719 0.124386
-0.410534 -0.367772984375 -0.298859801757
-0.408974162597 -0.35904578125 -0.15055601748
-0.00204840966799 -0.395045494141 -0.573200317627
-0.0617563616193 0.683854992188 -0.575782550781
-0.0548778010054 0.65330978125 -0.577165705078
-0.410534 0.662036984375 -0.2923483125
-0.410534 0.65330978125 -0.333473507813
-0.31857438656 -0.36722753418 -0.577483
-0.298779589355 -0.380863789063 -0.577483
-0.355132345361 -0.191047121094 -0.577483
-0.409582898633 -0.193228921875 -0.538928129395
-0.410534 -0.21941053125 -0.527447345703
-0.410534 -0.21941053125 -0.55212246289
-0.394840827441 -0.223774132812 -0.57405590039
-0.382000958985 -0.18450171875 -0.574741320313
-0.387707567187 -0.062320875 -0.577483
-0.40791847124 -0.0601390742187 -0.556920402344
-0.402925189062 -0.07977528125 -0.575426740234
-0.386013417877 -0.026593887207 -0.575362482117
-0.368685539844 -0.11468409375 -0.577483
-0.372252169971 -0.0819570820312 -0.576197837647
-0.404708504126 -0.0808661816406 -0.548438330811
-0.322972234228 0.680309565918 -0.564765745239
-0.349006452537 0.69749124707 -0.563511198486
-0.334328520077 0.663127884765 -0.566799696289
-0.362693649693 0.616219167969 -0.571270996094
-0.410534 0.648946179688 -0.52273508374
-0.39282206139 0.499424644898 -0.566972656128
-0.410534 0.51367453125 -0.561032921875
-0.382971896839 0.513401806153 -0.569966708496
-0.410296224658 0.345948596191 -0.54265510022
-0.410534 0.37403928125 -0.551437042969
-0.344515870429 0.497992838135 -0.573626675003
-0.379858356236 0.47876571875 -0.57364066333
-0.405956842529 0.0706808754784 0.466709674393
-0.197488125 0.0771931210938 0.482769375
-0.170857390625 0.08317864375 0.45432625
-0.204621357422 0.180443386914 0.4856136875
-0.177515074219 0.175954244922 0.4571705625
-0.242739568176 0.0713478841247 0.488458
-0.218650047852 0.0843009292481 0.488458
-0.167053 0.180443386914 0.403084182617
-0.20271916211 0.557531314258 0.482769375
-0.169906292969 0.559027694922 0.446504390625
-0.171332939453 0.45877019043 0.459837105469
-0.168955195313 0.65778881875 0.43157175
-0.385092137695 0.560685804199 0.484061859375
-0.378196679688 0.471651154688 0.486906171875
-0.410534 0.559165798218 0.424514921387
-0.410534 0.459335458594 0.42303034375
-0.410534 0.651803296094 0.072294234375
-0.410534 0.658396723395 0.0287487740478
-0.12663103418 0.559027694922 0.124386
-0.167053 0.47373399707 0.151229199219
-0.133288769727 0.101135211718 0.124386
-0.164199684766 0.189421670898 0.159406597656
-0.166696335449 0.0682148371094 0.161717601563
-0.3496635125 0.400220890625 -0.577483
-0.106657827539 0.292671936719 0.124386
-0.342411630371 0.16757753584 0.488070042968
-0.217936724609 0.56950235957 0.488458
0.0316427722168 -0.363409382813 -0.577227706543
0.0372520123847 0.65330978125 -0.571853253906
-0.376339089393 0.65685520752 -0.569282158081
-0.393210763101 0.621673669922 -0.572469337402
-0.408394030274 0.66166995835 0.438827088867
-0.202823148739 -0.363818470459 -0.577254926605
-0.121195203101 0.668582386719 -0.573637831055
-0.386162027466 0.0653144707031 -0.574484287842
-0.370587742578 0.09476878125 -0.577483
-0.36678333711 0.02495115625 -0.577483
-0.391036421972 0.339675918945 -0.573563254822
-0.368685539844 0.33913046875 -0.577483
-0.410534 0.508220029297 -0.537557289551
0.192048296289 0.6707641875 -0.0123164420972
0.149302127768 -0.382500139648 0.00562798088845
-0.00131631956117 -0.374318386719 0.00410233103043
-0.0383529690526 -0.378681988282 -0.0120376948712
-0.0959722505372 -0.380863789063 -0.0543753694824
-0.153685479996 0.674036888672 -0.147394614221
-0.142884879638 0.6707641875 -0.33221272461
0.00739570432175 -0.3765001875 -0.460228448731
0.184478045837 0.672945988281 -0.444761240845
0.224145735352 -0.3765001875 -0.420157009766
0.2419924906 0.672945988281 -0.405478564941
0.317251830078 -0.380863789063 -0.263810782226
0.319894027954 -0.383045589844 -0.223375466492
0.317255145752 0.675127789063 -0.189346839477
0.318494369385 -0.380863789063 -0.476852881347
0.354700428467 -0.380863789063 -0.435941186401
0.400794837799 -0.383591040039 -0.355827621826
0.409466978928 -0.390136442383 -0.332023135864
0.420523137329 -0.383045589844 -0.281509126953
-0.406569413269 -0.374863836914 -0.217215116187
0.0751506244385 -0.378681988282 -0.576330123901
0.271936211425 0.672945988281 0.0627030484009
0.419102665162 0.672945988281 -0.159647582032
0.421038239364 0.667764211426 -0.279543201691
0.412189264038 0.672945988281 -0.322506638916
0.366194462524 0.672945988281 -0.421433096557
0.286251069519 0.675127789063 -0.504546217529
0.183955593079 0.677309589844 -0.557907101684
0.129750386206 0.677309589844 0.117961153698
0.181275688051 0.681570919495 0.106013715249
-0.37344104668 -0.3765001875 -0.575426740234
-0.410534 0.6707641875 -0.554178722656
-0.410534 -0.088772180835 0.261734780335
-0.410534 -0.3765001875 -0.43491565625
-0.410534 -0.385227390625 -0.0517664179688
-0.410534 0.6707641875 -0.387621681641
-0.410534 0.672400538086 -0.435986624878
-0.404886835632 0.17276815918 -0.548052782105
-0.0335615887439 0.666400585937 -0.576689762695
-0.410534 -0.3765001875 -0.513053527344
-0.408929016443 -0.169774563477 -0.528186314056
-0.387707567187 -0.1670473125 -0.566173571289
-0.402925189062 -0.3066825625 -0.552122462891
-0.402449638379 -0.241228539063 -0.556920402343
-0.381565391691 0.537197070923 -0.572338862915
-0.370587898437 0.0412799851563 0.488458
-0.0749770897156 -0.369000247315 -0.574760414856
-0.367615550806 0.0522236660156 -0.576883257568
-0.0606193843866 0.701854848633 -0.0165161708972
-0.143809644522 0.705673 -0.373931652283
-0.129648756738 0.705673 -0.385893571777
0.317762349834 -0.409977193237 -0.456969325527
0.213432038941 -0.411409 0.0764135772217
0.195064238281 -0.411409 -0.501907841797
0.315882854981 0.103495984375 -0.27459755249
0.07643 -0.156379794727 0.45761662207
-0.182269625 -0.337912824219 0.295697021485
-0.0372783673076 -0.411409 -0.479945173828
0.342451840458 -0.409738558777 -0.0260104572735
-0.410534 0.683227290039 -0.112597262695
0.0761922109863 -0.123389874121 0.27255608667
-0.122306784192 -0.409227199219 -0.0376898217774
-0.390804348197 -0.407411872788 -0.213905346799
-0.168539079346 0.0266902736816 0.447659892578
-0.385084707245 0.613989973636 0.487358964844
-0.165715507935 0.0225752268555 0.139407525391
0.0850804665039 0.330403265625 0.0179050395508
-0.391021637146 -0.408727588135 0.276642741943
-0.375462273926 -0.408669674805 0.302031579102
0.0757463815674 -0.376656192383 0.352199501953
0.0764299844238 -0.369941555176 0.317364247559
-0.373775880554 0.705673 -0.266533261633
-0.169519909546 0.1167536849 0.447126583984
-0.167053 0.412943532593 0.178450158691
-0.108931552234 -0.0604739 0.166206282227
-0.410534 -0.218345529736 0.181340410156
-0.149744013229 0.660400633789 -0.317954894104
0.158284534607 0.630400873047 0.113174532221
0.154595316452 0.674582338867 0.114114926532
-0.395970317139 -0.00616146105958 0.484165464355
-0.165987123676 0.686033003784 0.140957994096
-0.224789062297 -0.411409 -0.546436828125
-0.108988794754 0.663587293823 0.122583439243
-0.409285684326 0.555675207836 0.463034665146
-0.407024365845 -0.329046020508 -0.217924441919
-0.410534 0.664522531738 0.13720650293
0.0279550416621 0.67478688269 -0.465394748995
0.306330911194 -0.383045589844 -0.142228065814
0.078384471939 -0.41092706398 0.0565267035208
0.359827418793 0.704582099609 -0.194372222794
0.0741614961096 0.702809386474 -0.531932627655
-0.394662557861 -0.400683352539 0.292900069336
0.0290529834961 -0.410921994385 0.21282961792
-0.215558980469 0.704176619336 0.46143703125
0.0476999273834 -0.13965074028 0.48585640625
-0.410534 0.666269993261 -0.171843078369
-0.410534 0.382713958887 0.444877669922
-0.174513172241 0.2125220474 0.481258333984
-0.13932605782 0.196319050522 0.125519280762
-0.379326108154 0.0885246130493 0.486518214844
0.239074886536 0.703491199219 -0.0226594622547
0.209658338823 -0.387204647583 -0.022448030155
-0.183860254089 -0.409227199219 -0.233545368836
0.296312009277 0.679491390625 -0.121175371778
0.289732641495 -0.409499924316 -0.496506964493
0.382952916504 0.702400298828 -0.394882968567
0.272662788954 0.695888987122 -0.512648317104
-0.386301907908 0.679436839451 0.485799429199
-0.39151196875 -0.303097805664 0.383471855225
0.0764299979004 -0.128869225439 0.302770925049
0.238026325617 -0.409840830688 0.0114661710178
-0.115417100669 0.705673 0.0775464996094
0.315012301208 0.705673 -0.421987068451
0.344022663818 0.705673 -0.325302569946
0.308094314941 0.155859203125 -0.302158181885
0.388006334229 0.705673 -0.281557917358
0.261711585937 -0.14959290625 -0.0677058558594
0.277605146484 -0.411409 -0.476405614258
0.0444745592041 -0.409942677661 0.14930446228
-0.165150789063 -0.0294240012207 0.38921815918
-0.030093375 -0.275176938965 0.399883802734
-0.25395954834 0.111983971533 0.488458
-0.367140169434 -0.274871162207 0.487127875
0.171881744629 0.54858334375 -0.00379620071289
0.0288746460938 -0.411409 0.169895
-0.193624282959 -0.0643328137207 0.488102460937
-0.166815161133 -0.0762385626953 0.488458
-0.197592151306 0.60275006745 0.488458
-0.206434387329 0.705673 0.423483236328
-0.165849265321 0.625616634473 0.133276410736
-0.36868553125 -0.333151473145 0.275274218262
0.0050973828125 -0.322735682861 0.359563333496
-0.252395702452 -0.411409 -0.543284728027
-0.119268332509 0.616778636176 0.124542394541
-0.389490964355 0.319966335205 0.487924559082
-0.410534 0.183106479993 0.409534182373
-0.089061671875 -0.337900618164 0.296123375977
-0.409759662275 0.410823078797 -0.539750283638
-0.226496603516 0.624868444141 0.488458
-0.331607359375 0.705673 -0.39206378125
0.211714813415 0.624946371094 -0.0242470444617
0.0151787056666 -0.360136681641 0.00972507372315
0.299041702206 0.662309709473 -0.495125539352
-0.217460422461 -0.396136394531 -0.577483
-0.410534 -0.38803696582 0.402543532227
-0.380648728333 0.168147603168 0.485123994263
-0.408156255859 0.163845616992 0.448498425781
-0.166607169311 0.0525028401367 0.169272806641
-0.410534 0.657975866333 -0.15119486206
-0.410534 -0.364500283203 -0.333901895263
-0.102302918618 0.659514277222 -0.574208434112
-0.152616296219 -0.394772769043 -0.308749137741
-0.144625473023 0.6009465625 -0.129724545898
-0.197198383362 -0.411409 -0.281783266846
-0.410296225586 0.540441670667 0.448686665283
0.0728633160889 -0.089651091748 0.26424987146
0.0298647034253 -0.411409 0.0441447696045
0.350653240601 -0.409227199219 -0.268863044617
0.35396563086 -0.411409 -0.216611242187
0.331046413086 -0.411409 -0.404570727539
0.268011808456 -0.407727211182 0.0288256296429
0.199373714356 -0.411409 0.0680779856055
-0.4053414483 -0.403167588455 -0.212207214656
-0.200821998339 0.705673 -0.546034648544
0.370291825195 0.705673 -0.137590780493
-0.399596376953 0.355640830078 0.47293971875
-0.407918481445 -0.200627956348 0.459036981445
-0.101070058105 -0.0813792135741 0.48703584375
-0.397382102722 0.691464940283 0.430557415039
-0.120211055664 -0.0574811386719 0.336642820312
-0.407205145215 -0.35904578125 -0.54835265332
0.164224943969 -0.385227390625 0.00113128355042
-0.179357317566 -0.402681796875 -0.200604369324
-0.167900351723 -0.409909011963 -0.281571084747
0.10580037417 -0.411409 -0.491313713867
0.224322540711 0.677309589844 -0.420437165283
0.322931714035 0.701991211182 -0.152012065552
0.335661122379 -0.409022655396 -0.461564627441
0.0657300621094 -0.0686122300781 0.459673644531
-0.410385390991 -0.25749942584 0.427959703095
-0.248695530457 -0.411409 -0.164599617004
-0.246949102051 -0.411409 -0.234012650147
-0.311639641602 -0.411409 -0.283962603516
0.0657583620586 0.138404796875 -0.46836482666
0.209928953857 -0.411409 -0.488045763061
0.320076498047 0.190768015625 -0.236348728028
0.348436744141 0.705673 -0.0937418394531
-0.0380165953598 -0.279342466014 0.488458
-0.405778511719 0.690709193359 0.286867351563
-0.0654630874756 -0.0586034241699 0.129363546875
-0.0267501395813 -0.0503733305176 0.125763713867
-0.182269625 -0.267455930664 0.21035377832
-0.182269625 -0.182138975586 0.220817344726
-0.196530151245 0.705673 -0.316238427734
0.00917346050416 -0.411409 0.12113987207
-0.360737302734 -0.411409 -0.239621496997
0.0211832183724 -0.317059314416 0.488458
-0.408631804688 -0.295581548144 0.452709563477
-0.299165831604 0.705673 0.0530801940979
-0.322587171875 -0.411409 -0.41849990625
-0.0688899407227 0.705673 -0.524281677063
0.0506312269531 -0.408231884766 0.344180099609
-0.34966375 -0.23594145 0.488458
0.072625578125 -0.283340689551 0.454896979492
0.330035884765 0.539856140625 -0.465748396485
-0.366076542059 -0.411409 -0.545272761963
-0.120712634221 0.0505856024109 0.124386
-0.334445875 -0.336843891602 0.321618838867
-0.33825028125 -0.336225017822 0.285192546143
0.00533515820313 -0.138968451202 0.333857947327
0.00414628125 -0.267633074219 0.209048019532
0.141735018677 0.02495115625 0.00867158106445
0.142049985156 0.0460159214844 0.115852142334
0.0301230000976 -0.410028488281 0.293886757812
-0.379527105469 -0.40970446814 -0.00474855792237
-0.3762309375 0.705673 -0.0293806703125
-0.358401959717 0.0238845599365 0.488458
-0.167053 0.059236553125 0.289356125
-0.386329307694 0.699687477344 0.351586571533
-0.336749627136 -0.395746549915 0.482331619629
-0.0132117033203 -0.410723579883 0.44152684375
0.0272957428742 -0.178773141733 0.488132800781
-0.08715946875 -0.320666892945 0.361796147217
-0.08715946875 -0.327165787476 0.352376209717
-0.407609304871 -0.318137016602 -0.163314486145
-0.410534 -0.380584833984 0.200908785156
-0.359329116211 0.705673 -0.487651261719
-0.364160993665 0.552623084259 -0.571831101593
-0.167053 0.522646940027 0.156840050049
-0.0954902189305 -0.410264401953 0.446715491943
-0.0823358939255 -0.410568289387 0.439438051758
0.0398124194336 -0.0632266544922 0.353362833984
-0.223821641358 0.412569437427 0.488458
0.220999404724 -0.352500378906 -0.0319910181702
-0.0451536876285 0.655764307129 -0.437824659706
0.259026563476 0.658764283203 -0.388264714356
0.300204225891 0.656582482422 -0.324350631012
0.201178901161 -0.376772912598 0.0993472101349
-0.409542853317 -0.361091219482 -0.231347430109
0.335615507828 0.667491486328 0.00710193194428
0.40620812677 0.668036936524 -0.111896842584
0.279175524109 0.660400633789 -0.510598451965
0.0383859375 -0.320795833008 0.362303216797
-0.408275134253 0.217495075195 -0.556363498657
-0.36708072583 0.374048970215 0.487003161133
-0.406610722168 0.662652055908 0.249446865234
-0.122425366413 0.270413274341 0.124386
0.236157566162 -0.193228921875 -0.0420862123804
-0.246944564844 -0.367772984375 -0.577483
-0.409894978769 -0.193910734619 -0.520392339867
-0.363395222412 -0.0138024949707 0.487682085937
-0.166101894531 -0.01258971875 0.398151078125
-0.165797243561 -0.0172659083252 0.208759863769
-0.221139248749 0.270693845715 0.485969226563
0.0369177610364 0.678400490234 0.0143769767749
0.032482304691 -0.389590992188 0.0148419599695
-0.094158064476 -0.391772792969 -0.406909405159
0.293468439468 0.672127812988 -0.336460599129
0.30109849415 0.683820901551 -0.493213048343
-0.106167413983 0.469805997827 0.124386
-0.410534 0.5311289375 -0.552122462891
-0.38271428501 0.105677785156 -0.574741320313
-0.406729594531 -0.107047791016 -0.545054069947
-0.169965710205 -0.000244578271487 0.464014689453
-0.407680707032 0.657414723584 0.230603294922
-0.373642786121 -0.411409 0.132102761658
-0.167053 0.104502068213 0.183538811523
-0.178079080108 0.705673 -0.35306086731
-0.0519344046265 -0.411409 0.0114974867187
0.242932765282 -0.409499924316 -0.439008262482
0.287065271301 -0.411409 -0.0616051066502
0.37975851426 -0.409499924316 -0.0935203795357
0.103911972485 -0.411409 -0.542491313477
0.234310706394 0.70555368277 0.0501687977239
0.412261021454 0.690945844727 -0.137259717188
-0.410534 -0.354794858353 0.249900747177
0.0850881616699 -0.233138712988 0.137280351563
-0.410534 -0.3765001875 -0.384023227051
-0.384037199219 -0.410318099609 -0.404832329468
-0.410534 0.123404916504 -0.54043819516
-0.062869798584 -0.0902039975829 0.488458
-0.29103563842 0.703919428909 0.471747664063
-0.0221145254993 0.68821859375 -0.572063670898
-0.410534 0.677309589844 -0.298688446777
-0.390762486328 0.705673 0.174178805859
0.0187580507126 -0.0607938183594 0.275835138916
-0.410058451172 0.589048115338 0.443304348755
-0.103591647681 -0.395863669434 -0.568250982422
-0.410534 0.200222398096 0.441806166992
-0.360850099284 -0.209149249451 -0.577386612823
-0.118568878514 -0.407318123535 -0.0557123018677
-0.187501150253 -0.408681749023 -0.215623203293
-0.189767656189 0.705673 -0.24102527066
-0.0782068829799 0.69749124707 -0.415344267654
0.0631309486044 -0.403772697266 -0.4697744263
0.19440185022 0.705673 -0.466539500855
0.294111838135 0.705673 -0.368812782837
0.186073795563 -0.379772888672 -0.558436245728
0.342441313492 -0.409499924316 -0.423642619873
0.355632405342 -0.388977360718 -0.0177171636986
0.308846739014 -0.411409 0.0095818514862
0.413086758675 0.697082159424 -0.167313556836
0.126948862379 0.702400298828 0.100552773113
-0.402687444336 -0.0627305664154 0.465958015198
-0.188512140869 0.698471668054 0.481258333984
-0.164021275635 -0.391017751514 0.488458
-0.410534 -0.299539185547 0.393154904785
0.0764299581299 -0.219576440576 0.171652805374
0.07643 -0.215282434253 0.426841188293
0.200449761258 0.705127549805 0.0408355164161
0.150347536453 0.705673 0.0804812461328
-0.0199112648796 -0.411409 0.040948064519
-0.12523409668 0.136222996094 -0.091967598291
-0.236446857983 0.705673 -0.541118258179
0.14529463999 -0.411409 -0.533920919922
0.115473463965 -0.411409 -0.52534974707
0.11349261499 -0.411409 -0.558322919922
0.107828693115 -0.411409 -0.548849919922
0.103934009521 -0.411409 -0.532012099609
0.117643479053 0.16458640625 -0.465942737305
0.220151528809 -0.411409 -0.469554910889
0.306684616455 -0.411409 -0.43091377124
0.340150558241 -0.408852202209 -0.331242352742
0.39101459375 0.705673 -0.200530914063
0.352767087891 -0.411409 -0.177036093994
0.380165185547 -0.411409 -0.150281125977
-0.395685364258 -0.411409 -0.0646538310547
0.0973403316406 0.147132 -0.573259894531
-0.0391888767009 0.704176619336 0.10519574907
0.0430709861816 0.316435821191 0.12412021875
-0.334954954773 -0.411409 0.13173023197
-0.319031718064 0.701978810236 0.486324765625
-0.142145935767 0.33382240498 0.127852505859
0.0764299998046 -0.36015553125 0.39761853125
0.07642994375 -0.096596609375 0.19347296875
-0.151358824219 -0.291082159225 0.390661121094
-0.148505519531 -0.323063940674 0.359153229736
0.160529424878 0.435129703125 0.00116243318115
-0.23093115918 -0.411409 -0.115778839649
-0.194160927734 -0.411409 -0.141286140625
-0.196517430054 -0.411409 -0.155909189185
-0.230871991058 -0.411409 -0.179295784723
-0.0104841743756 0.450402308594 -0.453420186951
-0.0534029365107 -0.411409 -0.480927144531
0.099402652246 0.40894809375 -0.46846864917
0.327674819304 -0.408579477112 -0.342177700513
0.318190367187 0.417675296875 -0.217747355469
0.318540000732 -0.1321385 -0.208076983032
0.317955656494 -0.175774515625 -0.255778240601
0.307680939453 -0.411409 -0.00358544204104
0.102958761913 -0.336364052683 0.123894113434
0.0306835339844 -0.410723579883 0.15133946875
-0.350505267487 -0.409499924317 -0.193667744769
0.372539048828 0.705673 -0.121288983533
-0.409308890625 0.70160471507 -0.133125286182
-0.390085320605 -0.129956699219 -0.576711902588
-0.338287046582 -0.411409 0.0655474390625
-0.281066197724 0.680309565918 -0.564250444214
-0.407205158203 0.50358736879 0.471757277649
-0.394881589844 0.695665954309 0.0592999322754
-0.373858970581 0.705673 0.137269924658
0.0263409188293 -0.393421103632 0.475695180176
-0.0896010954545 0.0966928316223 0.124386
-0.273575375 -0.221933229492 0.406434842774
-0.408631804688 -0.372397993286 0.334112546509
-0.304010625 -0.258169892578 0.207024767578
-0.05672421875 -0.229757217774 0.204916320556
0.07643 -0.325357839844 0.400935130859
-0.05672421875 -0.319652506347 0.363482241699
-0.364305539063 -0.410727187256 0.00243201901855
-0.332734882813 -0.411409 -0.44907621875
-0.346828925781 -0.411409 -0.424219851562
0.0764299454102 -0.284659684424 0.162785570557
-0.338560822052 -0.411409 0.206909107635
-0.342471073975 -0.411409 0.277445566406
-0.409582902344 -0.387803578369 0.258303128662
-0.338250578125 -0.246908171875 0.488458
-0.336615879028 -0.327504409497 0.488375783691
-0.363008838989 -0.321335628442 0.488375783691
-0.394187009033 -0.267350566357 0.476241458984
-0.274883696777 -0.367199402442 0.487746921875
-0.410534 0.0760639732422 0.422117347656
-0.236067023682 0.303146601367 0.488458
-0.167053 0.56202045625 0.408528374512
-0.102630465515 -0.317035217615 0.488458
-0.365676370697 0.705673 0.421238895996
-0.207816451111 0.705673 0.324421165039
-0.223921952438 0.705673 0.191571772217
-0.410534 0.486453232715 0.195404927734
0.0754788945313 -0.300152310718 0.448518217041
-0.130275145273 0.705673 -0.0222290454315
-0.151443450134 -0.28922815625 -0.139206862353
0.31804841455 0.574764953125 -0.192476996338
0.259908509033 -0.28922815625 -0.0673857905273
0.289345935013 -0.291955407227 -0.503506954407
0.417064225021 -0.271637387451 -0.151016672603
-0.391311084931 -0.411409 -0.275388667171
-0.399212143701 -0.399178983902 -0.179104474535
-0.385895843516 -0.406516993561 -0.174632662646
0.188743628837 0.579128554688 -0.556061007172
-0.35757694442 -0.409227199219 -0.572480472656
-0.387676076836 0.577787562928 0.485847791504
-0.364762425293 -0.410305875 0.447936068359
-0.185658805908 -0.371140568115 0.488458
-0.119999293118 -0.0604739 0.179350116943
-0.33825028125 -0.32260981543 0.359593913818
-0.340152484375 -0.327991499268 0.261721338623
-0.334445875 -0.236752862305 0.205496353516
-0.36868553125 -0.135421592481 0.292282449707
0.0383859375 -0.200340141113 0.40051002002
0.00414628125 -0.18551955957 0.39386987793
0.0348193066406 -0.317983507584 0.245954904129
0.00533515820313 -0.253215140015 0.406324463684
0.00438405664063 -0.238805817749 0.406912364075
-0.115663834102 0.705673 -0.552712486328
0.120993249219 0.28676725 -0.464721021484
0.26294836499 0.243131234375 -0.0693877624268
0.0764299643555 -0.263898480908 0.178196794312
-0.0964569999634 -0.309273450928 -0.575969611572
-0.0523068957648 0.664896626904 0.11794593504
-0.0978972581084 0.215374523041 0.124386
-0.111468146645 -0.411245677238 0.372930025879
-0.241714166016 0.0465173174805 0.488458
-0.392938693359 0.230672459497 0.482784128418
-0.410534 -0.0279019761963 0.423804445801
-0.167171887207 0.359775257123 0.436854838257
-0.167706879639 0.642825012109 0.301977761719
-0.160543874622 0.240859756226 0.14587389209
-0.16648828136 0.207331476971 0.17103383606
-0.16648828136 0.228280806268 0.167967311645
-0.410534 -0.201873139868 0.176643615234
-0.0834189124466 0.0577869343567 0.124386
-0.121399125 -0.208890626953 0.403278427734
-0.243140125 -0.254454011719 0.405858320312
-0.12520353125 -0.240169295166 0.204523978027
-0.389328156708 -0.411409 -0.258671391218
-0.377216963281 -0.405954498047 0.0483148974609
-0.167053 0.0543733159668 0.34370915918
-0.410534 0.632724442627 0.0652258615723
0.0562505884628 -0.121893003706 0.484253673096
-0.163759425789 -0.00870848140259 0.162300907837
-0.165721080818 0.0376793191834 0.178833474243
-0.164651087166 -0.0102048620666 0.178833474243
-0.165431290871 0.0184134181335 0.157834448364
0.0986317317016 -0.0262744673095 0.122638910156
-0.344194938477 0.205808550488 0.488264021484
0.0251241758957 -0.199437473915 0.488458
0.235331129933 0.659718821045 -0.042408618587
0.220420370361 -0.32413696875 -0.0312488871191
-0.0303124743105 0.66721876123 -0.0067335002288
-0.0707541844072 -0.354682179687 -0.0323632740625
0.318811238533 -0.368591159668 -0.196917439961
0.315482080147 -0.366409358887 -0.180141912159
0.424365558227 -0.326318769531 -0.228404774658
0.241014926395 -0.334773247559 0.0812674145035
0.248411545377 -0.38468194043 0.0774850656929
0.169338623379 -0.369518551306 0.11042676117
0.390222719879 0.669400562012 -0.379621257523
0.34357718721 0.663946060059 -0.45168144281
0.21142018204 0.613423735718 -0.547177157021
0.113614530414 0.666946036133 -0.572513391907
-0.410534 0.662036984375 -0.262532546875
-0.140048729525 0.664990150696 0.126932996803
-0.144512552699 0.00223380220336 0.124386
-0.378196546875 -0.304555212402 0.231344579102
-0.410534 -0.0956566074219 0.286756546876
0.354465914795 0.077314375 -0.0178634990723
-0.410534 -0.365591183594 -0.413581961182
-0.154796704209 -0.367636621826 -0.576659404541
-0.398556067157 0.203586095215 -0.577033193176
0.219522138183 -0.0645026757812 -0.0292249991864
-0.153646730713 -0.205228826172 -0.30552009668
-0.105279429248 -0.18450171875 -0.387764327149
-0.00912343757327 -0.377318362793 -0.577060191467
-0.246944564844 -0.398318195313 -0.577483
-0.348898173119 -0.204751557251 -0.577418741882
-0.400220494549 -0.183138093262 -0.56375318219
-0.392329325394 -0.0422755803223 -0.575908676117
-0.375447276126 -0.040093779541 -0.576422741058
-0.410296224658 -0.0432301181641 -0.533401931275
-0.410534 -0.368454797119 0.0335252805176
-0.410534 -0.0634150586182 0.428112578613
-0.410534 -0.0235964449707 0.441398864258
-0.172640697754 0.0674666467774 0.469081121094
-0.245756331055 0.65404786709 0.487391382812
-0.229112122071 0.643573202442 0.488102460937
-0.173057732761 0.680000719232 0.409653322327
-0.165585473862 0.566649883929 0.164267483276
-0.166874667798 0.45755438114 0.164328591553
-0.123484213863 0.0862181669738 0.124386
-0.120066179988 0.0701320748352 0.124386
-0.156888064478 0.0987035931396 0.135252162598
-0.334743109802 0.369948404785 -0.577483
-0.410296225586 0.0501062353973 0.425445291565
-0.346929344238 0.281152072583 0.488167032227
-0.382595506348 0.28684436438 0.487391118164
-0.410534 0.230510361346 0.44176979602
-0.410534 -0.366954809082 -0.498665063828
-0.410534 0.667515293066 0.155495667969
-0.347285759082 0.343494070313 -0.577483
-0.169623935852 0.44621462142 0.448873725159
-0.215725324292 0.705673 0.138138732117
-0.410534 0.504947328125 -0.514424367187
-0.0908995453431 0.677309589844 -0.0494460754639
-0.155727034439 0.667491486328 -0.300549459656
-0.0457333518298 0.666946036133 -0.437627246781
0.00791587134395 0.682082279053 -0.460838451756
0.287975718468 0.66844602417 -0.107338319648
0.252364068733 -0.384818302979 -0.527035112808
0.401376127365 -0.386863741211 -0.0982675974104
0.238149990646 0.675945964356 -0.533722415848
0.270448431274 0.674582338868 -0.515592833191
-0.384081493225 -0.35904578125 -0.575298223999
0.261373050293 -0.1670473125 -0.381489218018
0.422582414795 -0.162683710938 -0.254065520508
-0.0686989160458 0.666809673584 -0.575744410217
-0.40191464386 -0.0961387871094 -0.557627241638
-0.196254670227 0.298283364209 0.484902609375
-0.103270341061 0.670082374756 -0.574059796936
-0.410296224658 -0.0203212099609 -0.522863599976
-0.0794198233322 -0.39017053302 -0.571304255081
-0.0198248456421 -0.0604739 0.443171211914
-0.141917144043 0.666400585937 -0.118923546728
0.216169477753 0.705673 -0.495727312531
-0.38233564783 -0.410737236328 0.147116553567
-0.104116572497 -0.0604739 0.24211387207
0.180951793289 -0.373772936523 -0.00661036382972
0.0119298291948 -0.410318099609 -0.483245087341
0.161708932785 0.705673 -0.503864001663
0.363421698914 -0.410318099609 -0.256931637543
0.364742000916 -0.410318099609 -0.231852204437
0.332635338318 0.704582099609 -0.136008543854
0.287269909668 -0.411409 -0.458190585449
0.147098011207 -0.385499575098 0.115927115424
-0.401452823179 -0.389914853241 -0.2070555406
0.230513247574 0.701377579712 0.0651142102467
0.147484614767 0.705673 -0.529890522171
-0.391667975842 -0.410737236328 0.137546655566
-0.350897204773 0.683975480371 0.488458
0.0279236210937 -0.0604739 0.467836734375
0.0764299584473 -0.354297459815 0.200088261475
-0.160236898943 -0.0430434033585 0.273358256012
-0.284176635987 -0.40948125592 0.466324998947
0.072625578125 -0.300301391602 0.460728197266
-0.397289440628 0.704176619336 -0.166054681592
-0.395216168945 -0.411409 -0.501076674805
-0.34583127158 0.705673 -0.532324501282
-0.385080714844 0.701090334216 0.0457820202637
-0.237746305481 -0.381121998572 0.487391382812
0.0591466170654 -0.406258198242 0.426636789795
0.0429035171875 -0.40909534375 0.42775128125
-0.146867086765 -0.0604739 0.203646212097
-0.146867086765 -0.0604739 0.226400712097
-0.215519970604 0.705673 0.251307890015
-0.407474512032 0.596920683266 0.469516815979
0.192995954133 0.669622151154 0.102159644133
-0.410534 0.193222541504 -0.519286564758
-0.34187385821 0.678127765137 -0.565424873657
3 3601 2321 2314
3 426 3210 431
3 3210 2321 431
3 3210 2314 2321
3 2320 3409 3405
3 3409 944 3405
3 1844 5283 3404
3 1841 5643 5283
3 5643 3404 5283
3 1844 5286 5283
3 2979 5503 5286
3 2976 5283 5503
3 5286 5503 5283
3 3 3989 5503
3 3989 2976 5503
3 5503 2979 3
3 5643 1841 3404
3 3405 2313 2320
3 2313 426 431
3 431 3215 2313
3 3215 2320 2313
3 3409 2320 2322
3 3215 2322 2320
3 3601 1209 1214
3 3600 2071 2075
3 2071 3118 3120
3 201 3120 194
3 3120 3118 194
3 3120 2075 2071
3 2075 3607 3600
3 3607 1214 1209
3 3607 1209 3600
3 3216 431 2321
3 2072 3602 1213
3 3602 1210 1213
3 3212 427 429
3 429 2316 3212
3 2315 945 946
3 945 3406 3407
3 1843 5951 1842
3 5951 3406 1842
3 3406 5951 3407
3 5951 1843 3407
3 1842 2977 5284
3 5284 5604 2978
3 1 5604 2977
3 5604 5284 2977
3 2 3994 1
3 2978 5604 3994
3 5604 1 3994
3 2978 5285 5284
3 1842 5736 1843
3 5736 5285 1843
3 5285 5736 5284
3 5736 1842 5284
3 3407 946 945
3 946 2318 2315
3 2318 3213 3211
3 3213 429 427
3 3213 427 3211
3 3211 2315 2318
3 3213 430 429
3 2319 1213 1210
3 2319 1210 2317
3 1213 2076 2072
3 2076 201 194
3 2317 2316 2319
3 2316 429 3214
3 429 430 3214
3 3214 2319 2316
3 1213 2078 2076
3 2078 3121 2076
3 3121 201 2076
3 3216 434 431
3 3216 2321 2325
3 944 5626 948
3 5626 3412 948
3 3412 5626 2322
3 944 3409 5626
3 3409 2322 5626
3 1844 3410 1846
3 2981 4000 2979
3 3 2979 3995
3 4000 5 2979
3 5 3995 2979
3 2979 5286 2981
3 5286 1844 1846
3 5286 1846 2981
3 3410 944 948
3 1844 3404 3410
3 3404 944 3410
3 434 5840 431
3 5840 3215 431
3 3215 5840 3218
3 5840 434 3218
3 3218 2322 3215
3 2321 3601 2325
3 3601 1214 2325
3 3607 2075 2077
3 3120 2077 2075
3 3214 430 432
3 3214 2324 2319
3 2324 1215 2319
3 1213 2319 1215
3 2318 946 3411
3 946 947 3411
3 3407 1843 1845
3 5285 6029 2980
3 6029 3994 2980
3 3994 6029 2978
3 6029 5285 2978
3 4 3994 2
3 4 5674 3994
3 5674 2980 3994
3 1843 5285 1845
3 5285 2980 1845
3 1845 947 3407
3 947 946 3407
3 3411 2323 2318
3 2323 3217 3213
3 3217 432 3213
3 432 430 3213
3 3213 2318 2323
3 201 3121 203
3 3121 2078 2079
3 2078 1213 2079
3 1215 5714 1213
3 5714 2079 1213
3 3216 2326 434
3 3216 2325 2326
3 2325 1216 3609
3 3609 2326 2325
3 949 3415 3410
3 3415 1848 1846
3 3415 1846 3410
3 2982 5289 2984
3 5 4000 7
3 7 4000 2982
3 2984 7 2982
3 4000 2981 2982
3 2981 1846 1848
3 2981 1848 5289
3 5289 2982 2981
3 3410 948 949
3 3412 2322 2328
3 3218 434 436
3 3218 2328 2322
3 948 3412 949
3 3412 2328 949
3 2325 1214 1216
3 2077 3120 3122
3 203 3122 201
3 3122 3120 201
3 3607 1216 1214
3 3609 1216 1218
3 1216 3607 2080
3 3607 2077 2080
3 3122 203 3123
3 2077 3122 2080
3 3122 3123 2080
3 3610 1218 1216
3 3610 1216 2080
3 2079 5714 1217
3 5714 1215 1217
3 2327 3608 2324
3 3608 1215 2324
3 2324 3214 3219
3 3214 432 435
3 3214 435 3219
3 3219 2327 2324
3 3608 1217 1215
3 2323 3411 3414
3 3411 947 950
3 3411 950 3414
3 947 1845 1847
3 1845 2980 5287
3 2983 5287 5504
3 2980 5504 5287
3 3997 5504 4
3 2980 5674 5504
3 5674 4 5504
3 2983 5504 3997
3 1845 5287 1847
3 5287 2983 1847
3 1847 3413 947
3 3413 950 947
3 435 432 3217
3 2081 3124 3121
3 3124 203 3121
3 3121 2079 2081
3 3609 2333 2326
3 3220 438 436
3 436 434 3220
3 2333 3220 2326
3 3220 434 2326
3 3223 2332 2331
3 2332 3421 3416
3 3421 953 3416
3 953 949 3416
3 3416 2331 2332
3 3420 1850 1848
3 1850 5292 5291
3 2987 2984 5291
3 5291 5292 2987
3 4002 2987 4006
3 9 4002 4006
3 7 2984 4002
3 2987 4002 2984
3 2984 5289 5291
3 5289 1848 1850
3 5289 1850 5291
3 1848 3415 3420
3 3415 949 953
3 3415 953 3420
3 949 2328 3416
3 2328 2331 3416
3 3223 2331 3218
3 2331 2328 3218
3 3218 436 3223
3 436 438 3223
3 1218 5569 3609
3 5569 2333 3609
3 3610 2080 2082
3 208 3123 203
3 3123 2082 2080
3 2082 3613 3610
3 3613 1218 3610
3 2333 3224 3220
3 3224 438 3220
3 2081 2079 3611
3 2079 1217 1219
3 2079 1219 3611
3 3219 435 437
3 437 3221 3219
3 3221 2327 3219
3 2327 3612 3608
3 3612 1219 1217
3 3612 1217 3608
3 2323 3414 3418
3 3414 950 952
3 3414 952 3418
3 3413 1847 1849
3 6 8 2985
3 2983 3997 2985
3 3997 6 2985
3 8 2986 2985
3 2986 1849 5288
3 1849 1847 5288
3 1847 2983 5288
3 2986 5288 2985
3 5288 2983 2985
3 1849 3417 3413
3 3417 952 950
3 3417 950 3413
3 3418 2329 2323
3 2329 437 3217
3 437 435 3217
3 3217 2323 2329
3 3221 2330 2327
3 2330 1220 3612
3 1220 1219 3612
3 3612 2327 2330
3 3611 2083 2081
3 203 3124 208
3 3124 2081 2083
3 2083 209 3124
3 209 208 3124
3 2083 3611 3614
3 3611 1219 1220
3 3611 1220 3614
3 439 2334 441
3 3422 1852 1850
3 2990 5757 5294
3 5757 2988 5294
3 5294 5295 2990
3 9 4006 4004
3 11 4004 2988
3 4004 4006 2988
3 2988 5757 4015
3 5757 2990 4015
3 4015 11 2988
3 4006 2987 2988
3 5294 2988 5292
3 2988 2987 5292
3 1852 5295 1850
3 5295 5292 1850
3 5295 5294 5292
3 1850 3420 3422
3 954 3422 953
3 3422 3420 953
3 3421 2332 2337
3 2332 3223 3226
3 3223 439 441
3 3223 441 3226
3 3226 2337 2332
3 3421 954 953
3 438 439 3223
3 3224 2333 2334
3 2333 5569 3615
3 5569 1218 3615
3 1218 1221 3615
3 3615 2334 2333
3 2082 3123 3125
3 3123 208 3125
3 3613 1221 1218
3 2334 439 3224
3 439 438 3224
3 1220 2330 2336
3 2330 3221 3225
3 3221 437 440
3 3221 440 3225
3 3225 2336 2330
3 2329 3418 3424
3 3418 952 955
3 3418 955 3424
3 952 3417 3419
3 3417 1849 1851
3 3417 1851 3419
3 2989 5290 2986
3 5290 1849 2986
3 2986 8 4010
3 10 4011 4010
3 2986 4010 2989
3 4010 4011 2989
3 5290 1851 1849
3 1851 3423 3419
3 3423 955 3419
3 955 952 3419
3 3424 2335 2329
3 3222 440 437
3 437 2329 2335
3 437 2335 3222
3 2336 3616 1220
3 3616 1222 1220
3 1222 2085 2083
3 209 2083 2085
3 2083 3614 1222
3 3614 1220 1222
3 3618 2340 2334
3 3227 443 441
3 441 2334 3227
3 2334 2340 3227
3 3425 957 954
3 954 3421 3425
3 3421 2339 3425
3 5296 2992 2990
3 2992 4019 2990
3 13 4012 4019
3 11 4015 4012
3 4015 2990 4012
3 4019 4012 2990
3 2990 5295 5296
3 5295 1852 1854
3 5295 1854 5296
3 3422 954 957
3 3422 957 1852
3 3421 2337 2339
3 2337 3226 3230
3 443 3230 441
3 3230 3226 441
3 3230 2339 2337
3 2334 3615 3618
3 3615 1221 3618
3 3613 2082 2084
3 2082 3125 3126
3 3125 208 209
3 3125 209 3126
3 3126 2084 2082
3 2084 3617 3613
3 3617 1221 3613
3 2340 3618 3621
3 3618 1221 1224
3 3618 1224 3621
3 3126 209 212
3 212 3127 3126
3 3127 2084 3126
3 3617 1224 1221
3 3621 2341 2340
3 3227 2340 2341
3 2336 3225 3228
3 3225 440 442
3 3225 442 3228
3 2335 3424 3426
3 3424 955 3426
3 3423 1851 1853
3 1851 5290 5293
3 2989 5293 5290
3 5758 2989 4011
3 10 4007 4011
3 12 2991 4007
3 2991 5758 4007
3 5758 4011 4007
3 2989 5758 5293
3 5758 2991 5293
3 1851 5293 1853
3 2991 5644 5293
3 5644 1853 5293
3 3423 956 955
3 2335 3229 3222
3 3229 442 440
3 3229 440 3222
3 3426 955 956
3 3228 2338 2336
3 2338 3620 3616
3 3620 1223 1222
3 3620 1222 3616
3 3616 2336 2338
3 3619 2086 2085
3 2086 3128 209
3 209 3128 212
3 209 2085 2086
3 2085 1222 3619
3 1222 1223 3619
3 2341 3234 3227
3 3234 443 3227
3 2343 958 3425
3 958 957 3425
3 3430 1856 1854
3 2993 5952 2995
3 5952 5297 2995
3 5952 1856 5297
3 13 4019 4018
3 15 4018 4026
3 4019 2993 4018
3 2993 4026 4018
3 4026 2993 2995
3 4019 2992 2993
3 2992 5296 1856
3 5296 1854 1856
3 1856 5952 2992
3 5952 2993 2992
3 1854 1852 3430
3 1852 957 3430
3 957 958 3430
3 3425 2339 2343
3 443 3233 3230
3 3233 2343 2339
3 3233 2339 3230
3 3623 2338 2346
3 3231 445 448
3 3231 2346 2338
3 2342 3429 960
3 3429 956 960
3 956 3427 3428
3 3427 1855 1858
3 3427 1858 3428
3 2996 1855 5506
3 2994 5506 1855
3 14 4020 4023
3 2994 4023 5506
3 4023 4020 5506
3 16 4029 4020
3 4029 2996 4020
3 2996 5506 4020
3 2996 1858 1855
3 3428 960 956
3 3432 2345 2342
3 3432 2342 960
3 2345 3237 3232
3 3237 448 445
3 3237 445 3232
3 3232 2342 2345
3 2346 3626 3623
3 3626 1231 1227
3 3626 1227 3623
3 3624 2090 2088
3 2090 3131 3130
3 215 3130 219
3 3130 3131 219
3 3130 2088 2090
3 3624 1227 1231
3 2346 3231 448
3 3627 1233 1232
3 3238 452 447
3 2348 1229 3629
3 1229 1232 1233
3 1229 1233 3629
3 452 3240 3235
3 3240 2349 3235
3 2351 964 962
3 2351 962 2349
3 964 3435 3433
3 1859 3433 1861
3 3433 3435 1861
3 2999 6006 5299
3 6006 2997 5299
3 17 4031 4030
3 4030 4031 2997
3 2997 6006 4030
3 6006 2999 19
3 6006 19 4030
3 2997 1859 5299
3 1859 1861 5299
3 3433 962 964
3 3431 2347 2349
3 452 3235 447
3 3235 2349 2347
3 2349 962 3431
3 3236 2344 2348
3 1229 2348 2344
3 3625 2087 2089
3 219 3129 215
3 3129 2089 2087
3 2089 3627 3625
3 3627 1232 3625
3 1232 1229 3625
3 2348 3238 3236
3 3238 447 3236
3 3632 2359 2350
3 2359 463 461
3 461 2350 2359
3 2358 970 967
3 3438 1865 1863
3 3897 6025 3004
3 6025 1865 3004
3 3001 5301 3897
3 1865 6025 5301
3 6025 3897 5301
3 4037 3897 23
3 3897 4037 21
3 3004 23 3897
3 21 3001 3897
3 5301 1863 1865
3 3438 967 970
3 2351 2358 967
3 2351 3240 3245
3 3240 453 3245
3 453 461 3245
3 3245 2358 2351
3 970 2358 2360
3 3245 461 463
3 463 3246 3245
3 3246 2360 2358
3 3246 2358 3245
3 1241 3631 3634
3 3631 2093 2094
3 3631 2094 3634
3 3135 2094 2093
3 2092 1242 3633
3 2354 3242 3243
3 3242 456 459
3 3242 459 3243
3 2352 3436 968
3 3436 966 968
3 966 3434 3437
3 3434 1862 1864
3 3434 1864 3437
3 22 3002 20
3 3000 4036 3002
3 4036 20 3002
3 3003 3002 4042
3 4042 3002 22
3 1862 3934 1864
3 3003 1864 3934
3 3002 3003 3934
3 1862 3000 3934
3 3000 3002 3934
3 3437 968 966
3 1864 1866 3437
3 1866 968 3437
3 2352 3244 3241
3 3244 459 456
3 3244 456 3241
3 968 2355 2352
3 3244 2352 2355
3 2357 3635 2356
3 3635 1246 1242
3 3635 1242 2356
3 3633 2095 2092
3 3133 2092 2095
3 3133 2095 225
3 3633 1242 1246
3 3243 2357 2354
3 2357 2356 2354
3 1246 3636 3633
3 3636 2096 2095
3 3636 2095 3633
3 2096 3137 225
3 225 3137 228
3 225 2095 2096
3 2094 3638 3634
3 3638 1247 3634
3 3637 2363 2359
3 2363 3249 463
3 3249 466 463
3 463 2359 2363
3 3441 974 970
3 970 2360 3441
3 3006 5508 5302
3 3004 1865 5508
3 5302 5508 1865
3 3004 5508 4047
3 5508 3006 4047
3 25 4043 4047
3 23 3004 4043
3 4047 4043 3004
3 3439 970 974
3 3438 5655 1865
3 5655 3439 1865
3 3439 5655 970
3 5655 3438 970
3 3246 463 466
3 2359 3632 3637
3 3632 1241 1247
3 3632 1247 3637
3 2094 3135 3136
3 3135 225 228
3 3135 228 3136
3 3634 1247 1241
3 3635 2357 2362
3 2357 3243 3247
3 3243 459 464
3 3243 464 3247
3 3247 2362 2357
3 2362 1246 3635
3 2355 968 971
3 4046 3003 4042
3 22 4039 4042
3 24 4046 4039
3 4042 4039 4046
3 3003 4046 3005
3 3005 5303 3003
3 5303 1866 1864
3 5303 1864 3003
3 5303 1867 1866
3 1866 5894 968
3 5894 971 968
3 971 2361 2355
3 2361 3248 3244
3 3248 464 3244
3 464 459 3244
3 3244 2355 2361
3 2362 1248 1246
3 3636 2098 2096
3 3137 229 228
3 3137 2096 2098
3 3636 1246 1248
3 3637 2367 2363
3 2367 469 3249
3 469 466 3249
3 3249 2363 2367
3 977 3444 3439
3 3444 1868 3439
3 1868 3008 5302
3 3006 5302 3008
3 25 4047 973
3 4047 3898 973
3 3898 27 973
3 3898 3008 4051
3 4051 27 3898
3 3006 3008 3898
3 4047 3006 3898
3 5302 1865 1868
3 3439 974 977
3 3439 1868 1865
3 3441 2360 2366
3 2360 3246 3251
3 469 3251 466
3 3251 3246 466
3 3251 2366 2360
3 2366 977 3441
3 977 974 3441
3 3637 1247 1249
3 3638 2094 2097
3 2094 3136 3138
3 3136 228 3138
3 228 229 3138
3 3138 2097 2094
3 2097 3639 3638
3 3639 1249 1247
3 3639 1247 3638
3 2098 3636 3640
3 3636 1248 3640
3 2362 3247 3250
3 3247 464 467
3 3247 467 3250
3 971 5894 3440
3 5894 1866 3440
3 1866 1867 3440
3 1867 5303 3007
3 3007 5303 3005
3 3005 4046 4048
3 26 4048 4044
3 4046 24 4048
3 24 4044 4048
3 3005 4048 3007
3 3440 975 971
3 1867 3442 3440
3 3442 975 3440
3 3248 467 464
3 2361 971 3443
3 971 975 3443
3 3250 2364 2362
3 1248 2362 3641
3 2362 2364 3641
3 2098 3139 3137
3 3139 229 3137
3 3443 2365 2361
3 467 3248 2365
3 3248 2361 2365
3 3641 1251 1248
3 3643 2100 2098
3 229 3139 230
3 3139 2098 2100
3 2098 3640 3643
3 3640 1248 1251
3 3640 1251 3643
3 2364 3250 2370
3 3250 467 2370
3 2368 3644 3646
3 3644 1252 3646
3 2371 3447 977
3 3447 979 977
3 3444 1870 1868
3 1870 3010 3008
3 3010 4055 4051
3 27 4051 29
3 4055 29 4051
3 3010 4051 3008
3 1870 3008 1868
3 3444 977 979
3 977 2366 2371
3 2366 3251 3253
3 3251 469 472
3 3251 472 3253
3 3253 2371 2366
3 2367 3637 3644
3 3637 1249 3644
3 1249 1252 3644
3 1249 3639 3642
3 3639 2097 2099
3 3639 2099 3642
3 2097 3138 3140
3 230 3140 229
3 3140 3138 229
3 3140 2099 2097
3 3642 1252 1249
3 3644 2368 2367
3 469 2367 2368
3 3641 2364 2370
3 2370 467 471
3 2365 3443 3445
3 3443 975 3445
3 3442 1867 1869
3 1867 3007 5304
3 5304 26 3009
3 3007 4048 5304
3 4048 26 5304
3 28 3009 26
3 3009 1869 5304
3 1869 1867 5304
3 3445 2369 2365
3 2369 3252 2365
3 3252 471 467
3 3252 467 2365
3 2370 3647 3641
3 3647 1251 3641
3 3643 2102 2100
3 3139 2100 3142
3 2100 2102 3142
3 3142 230 3139
3 3646 2376 2368
3 3254 475 472
3 472 469 3254
3 469 2368 3254
3 2368 2376 3254
3 3447 982 979
3 3450 1872 1870
3 31 4054 3011
3 29 4055 4054
3 3011 4054 4055
3 4055 3010 3011
3 3010 1870 5307
3 1870 1872 5307
3 5307 3011 3010
3 1870 3444 3450
3 3444 979 982
3 3444 982 3450
3 3447 2371 2375
3 2371 3253 2375
3 3253 472 475
3 3253 475 2375
3 3646 1252 1256
3 1252 3642 3645
3 3642 2099 2101
3 3642 2101 3645
3 2099 3140 3141
3 3140 230 3141
3 3141 2101 2099
3 3645 1256 1252
3 2376 3646 3649
3 3646 1256 3649
3 233 3141 230
3 3647 2370 2373
3 2370 471 473
3 473 3255 2370
3 3255 2373 2370
3 2373 3648 3647
3 3648 1251 3647
3 3445 975 980
3 975 3442 3446
3 3442 1869 1871
3 3442 1871 3446
3 3009 5305 1869
3 28 4052 3937
3 4052 30 3937
3 3009 28 3937
3 3012 5305 3937
3 5305 3009 3937
3 30 3012 3937
3 3012 5306 5305
3 5306 1871 5305
3 1871 1869 5305
3 3446 980 975
3 3449 2372 2369
3 2372 2374 3252
3 2374 473 3252
3 473 471 3252
3 3252 2369 2372
3 2369 3445 3449
3 3445 980 3449
3 3648 1257 1251
3 2103 3143 3142
3 230 3142 233
3 3142 3143 233
3 3142 2102 2103
3 2102 3643 2103
3 3643 1251 1257
3 3643 1257 2103
3 2376 3258 3254
3 3258 478 475
3 3258 475 3254
3 2379 3453 3447
3 3453 982 3447
3 3452 1874 1872
3 5309 6007 3013
3 6007 3016 3013
3 1874 5579 5309
3 3016 6007 5579
3 6007 5309 5579
3 33 31 3013
3 3016 33 3013
3 31 3011 3013
3 5309 3013 5307
3 3013 3011 5307
3 5307 1872 1874
3 5307 1874 5309
3 1872 3450 3452
3 3450 982 3452
3 3447 2375 2379
3 478 3257 475
3 3257 2379 2375
3 3257 2375 475
3 2376 3649 3652
3 3649 1256 1259
3 3649 1259 3652
3 1256 3645 3650
3 3645 2101 2104
3 3645 2104 3650
3 2101 3141 233
3 233 2104 2101
3 3650 1259 1256
3 2373 3255 3256
3 3255 473 476
3 3255 476 3256
3 3449 980 983
3 980 3446 3448
3 1873 3448 1871
3 3448 3446 1871
3 3014 5306 3012
3 30 5676 3014
3 5676 32 3014
3 3012 30 3014
3 32 3015 3014
3 3015 1873 5306
3 1873 1871 5306
3 5306 3014 3015
3 3448 983 980
3 473 2374 476
3 3449 2374 2372
3 477 476 2374
3 2378 1258 3648
3 1258 1257 3648
3 3651 2105 2103
3 3143 2103 2105
3 2103 1257 1258
3 2103 1258 3651
3 3648 2373 2378
3 476 477 3256
3 3256 2378 2373
3 1258 3653 3651
3 3653 2105 3651
3 2105 3145 3143
3 233 3143 236
3 3143 3145 236
3 2380 2384 3258
3 2384 481 478
3 2384 478 3258
3 2383 3456 3453
3 3456 987 984
3 3456 984 3453
3 1875 984 3455
3 984 987 3455
3 3455 1877 1875
3 3018 5509 5310
3 3016 5579 5509
3 5579 1877 5509
3 5310 5509 1877
3 35 4060 3938
3 3018 4063 3938
3 4063 35 3938
3 3016 5509 3938
3 5509 3018 3938
3 3938 4060 3016
3 4060 33 3016
3 1875 1877 1874
3 5579 1874 1877
3 1874 3452 1875
3 984 1875 3452
3 3452 982 984
3 3257 478 481
3 3257 2383 2379
3 3453 984 982
3 3453 2379 2383
3 3258 2376 2380
3 3652 2380 2376
3 2104 233 3144
3 233 236 3144
3 3144 2107 2104
3 2107 2106 2104
3 2106 1259 3650
3 3650 2104 2106
3 3653 1258 1260
3 1258 2378 2381
3 2378 3256 3259
3 3256 477 3259
3 477 480 3259
3 3259 2381 2378
3 2381 1260 1258
3 477 2374 2377
3 3454 5974 3449
3 5974 2374 3449
3 3449 983 3454
3 2374 5974 2377
3 5974 3454 2377
3 983 3448 3451
3 3448 1873 1876
3 3448 1876 3451
3 5308 1873 3015
3 32 5654 3015
3 3017 5308 5654
3 5308 3015 5654
3 4058 5654 32
3 34 3017 4058
3 5654 4058 3017
3 1873 5308 1876
3 3017 1876 5308
3 3451 985 983
3 477 2377 480
3 3454 983 985
3 3653 2108 2105
3 2108 3147 3145
3 3147 237 236
3 3147 236 3145
3 3145 2105 2108
3 2389 486 481
3 2389 481 2384
3 486 3264 3263
3 3264 2387 2383
3 3264 2383 3263
3 3456 990 987
3 3456 2383 2387
3 990 3458 3455
3 1877 3455 1879
3 3455 3458 1879
3 3020 4069 3018
3 4069 37 3018
3 37 4063 3018
3 3018 5310 3020
3 5310 1877 1879
3 5310 1879 3020
3 3455 987 990
3 2383 3257 3263
3 486 3263 481
3 3263 3257 481
3 2380 3652 3655
3 3652 1259 1261
3 3652 1261 3655
3 3655 2384 2380
3 3146 2107 3144
3 237 3146 236
3 3146 3144 236
3 2107 3654 2106
3 3654 1261 1259
3 3654 1259 2106
3 3654 2107 2109
3 2107 3146 3148
3 3146 237 3148
3 3148 2109 2107
3 2108 3653 3656
3 3653 1260 3656
3 1260 2381 2385
3 2381 3259 3261
3 3259 480 483
3 3259 483 3261
3 3261 2385 2381
3 2382 3260 2377
3 3260 480 2377
3 2377 3454 3457
3 3454 985 3457
3 985 988 3457
3 3457 2382 2377
3 985 3451 988
3 3451 1876 1878
3 3451 1878 988
3 34 36 4062
3 1876 3983 1878
3 3983 34 4062
3 4062 3019 3983
3 1876 3017 3983
3 34 3983 3017
3 3260 483 480
3 3261 2386 2385
3 2385 1262 1260
3 3656 1260 1262
3 2386 3659 2385
3 3659 1262 2385
3 3658 2110 2108
3 3147 238 237
3 3147 2108 2110
3 2108 3656 3658
3 3656 1262 3658
3 2393 3266 2389
3 3266 490 486
3 3266 486 2389
3 3660 2393 2388
3 2393 2389 2388
3 2388 1263 3660
3 3264 2392 2387
3 2392 994 3459
3 994 990 3459
3 3459 2387 2392
3 994 3463 3458
3 3463 1881 3458
3 1881 1879 3458
3 39 4069 3021
3 37 4069 4067
3 4069 39 4067
3 4069 3020 3021
3 1881 5312 1879
3 5312 3020 1879
3 5312 3021 3020
3 3458 990 994
3 990 3456 3459
3 3456 2387 3459
3 3264 486 490
3 2389 2384 2388
3 2384 3655 2388
3 3655 1261 1263
3 3655 1263 2388
3 1261 3654 3657
3 3654 2109 3657
3 3148 237 238
3 3657 1263 1261
3 3659 2386 2391
3 2386 3261 3265
3 488 3265 483
3 3265 3261 483
3 3265 2391 2386
3 2382 3457 3461
3 3457 988 992
3 3457 992 3461
3 988 1878 1880
3 3019 4062 4071
3 36 4064 4062
3 38 4071 4064
3 4062 4064 4071
3 4071 3022 3019
3 3022 5311 3019
3 5311 1880 1878
3 5311 1878 3019
3 1878 3983 3019
3 1880 3460 988
3 3460 992 988
3 3461 2390 2382
3 3262 488 483
3 483 3260 3262
3 2390 5975 2382
3 5975 3260 2382
3 3260 5975 3262
3 5975 2390 3262
3 3659 1273 1262
3 3661 2112 2110
3 3149 243 238
3 238 3147 3149
3 3147 2110 3149
3 2110 2112 3149
3 2110 3658 3661
3 3658 1262 1273
3 3658 1273 3661
3 3663 2396 2393
3 490 3266 3267
3 3266 2393 2396
3 3266 2396 3267
3 2393 3660 3663
3 3660 1263 3663
3 3270 2395 2392
3 994 2392 2395
3 3463 1883 1881
3 41 5796 3023
3 5796 39 3023
3 3025 41 3023
3 39 3021 3023
3 3021 5312 5315
3 5312 1881 1883
3 5312 1883 5315
3 1883 3025 5315
3 3021 5315 3023
3 5315 3025 3023
3 2392 3264 3270
3 3264 490 3270
3 3657 2109 2111
3 2109 3148 3150
3 3148 238 3150
3 238 243 3150
3 3150 2111 2109
3 2111 3662 3657
3 3662 1263 3657
3 3663 1263 1274
3 2111 3150 3151
3 244 3151 243
3 3151 3150 243
3 3662 1274 1263
3 3659 2391 2394
3 2391 3265 3268
3 3265 488 491
3 3265 491 3268
3 3268 2394 2391
3 2390 3461 3464
3 3461 992 995
3 3461 995 3464
3 3460 1880 1882
3 5311 3022 1880
3 3022 3024 1880
3 4071 5759 3022
3 5759 3024 3022
3 40 3024 4070
3 5759 4071 38
3 3024 5759 4070
3 5759 38 4070
3 3024 5313 1880
3 5313 1882 1880
3 3462 995 992
3 992 3460 3462
3 3460 1882 3462
3 2390 3269 3262
3 488 3269 491
3 3269 488 3262
3 2394 3664 3659
3 3664 1273 3659
3 3149 2112 3152
3 3152 244 243
3 3152 243 3149
3 2112 3661 2113
3 3661 1273 2113
3 3267 497 490
3 497 3275 3274
3 3275 2401 3274
3 2401 3470 3465
3 3470 997 3465
3 997 2395 3465
3 2395 2401 3465
3 3469 1885 1883
3 3028 6008 5737
3 6008 3025 5737
3 5737 1885 3028
3 3028 4084 4078
3 41 4078 4076
3 4084 43 4078
3 43 4076 4078
3 3025 6008 4078
3 6008 3028 4078
3 41 3025 4078
3 1885 5737 1883
3 5737 3025 1883
3 1883 3463 3469
3 3463 997 3469
3 3463 994 997
3 3274 2401 3270
3 2401 2395 3270
3 3270 490 497
3 3270 497 3274
3 2395 997 994
3 2396 3663 3667
3 3663 1274 3667
3 3662 2111 2115
3 3662 2115 1274
3 3151 2115 2111
3 3664 2394 2398
3 3268 491 494
3 494 3272 3268
3 3272 2398 3268
3 2398 2394 3268
3 2390 3464 3467
3 3464 995 3467
3 3462 1882 1884
3 5313 3024 3026
3 42 4081 4073
3 40 4073 3026
3 4073 4081 3026
3 3024 40 3026
3 4081 3027 3026
3 3027 1884 1882
3 3027 1882 5314
3 1882 5313 5314
3 5313 3026 3027
3 5313 3027 5314
3 1884 3466 3462
3 3466 995 3462
3 3466 999 995
3 3467 2397 2390
3 2397 3271 3269
3 3271 494 3269
3 494 491 3269
3 3269 2390 2397
3 3467 995 999
3 3272 2399 2398
3 2399 3666 3664
3 3666 1278 1273
3 3666 1273 3664
3 3664 2398 2399
3 3152 2112 2114
3 2112 2113 2114
3 2113 1273 1278
3 1278 3665 2113
3 3665 2114 2113
3 3271 495 494
3 3272 2404 2399
3 2404 2400 2399
3 2400 1278 3666
3 3666 2399 2400
3 3665 2116 2114
3 2116 3154 3152
3 3154 247 3152
3 247 244 3152
3 3152 2114 2116
3 495 3272 494
3 3276 499 497
3 1001 1887 1885
3 3029 4089 4084
3 45 4082 4089
3 43 4084 4082
3 4089 4082 4084
3 3029 4084 3028
3 1887 3029 1885
3 3029 3028 1885
3 1885 3469 1001
3 3469 997 1001
3 3470 2401 2405
3 3275 5845 2405
3 5845 503 2405
3 2405 2401 3275
3 499 5845 497
3 5845 3275 497
3 5845 499 503
3 3471 1001 997
3 997 3470 3471
3 3470 2405 3471
3 3267 2396 2402
3 3667 1274 1279
3 3667 2402 2396
3 2115 3151 3153
3 3151 244 3153
3 244 247 3153
3 3153 2117 2115
3 2117 1279 1274
3 1274 2115 2117
3 2402 3276 3267
3 3276 497 3267
3 2397 3467 2403
3 3467 999 2403
3 999 3466 3468
3 3466 1884 1886
3 3466 1886 3468
3 1884 3027 5316
3 3027 3030 5316
3 3027 4081 3030
3 42 4079 4081
3 44 4087 4079
3 4087 3030 4079
3 4081 4079 3030
3 5316 1886 1884
3 495 3271 3273
3 3271 2397 2403
3 3271 2403 3273
3 2400 1280 1278
3 3668 2119 2116
3 3154 248 247
3 3154 2116 2119
3 2116 3665 3668
3 3665 1278 1280
3 3665 1280 3668
3 3670 2411 2402
3 2411 3278 3276
3 3278 503 499
3 3278 499 3276
3 3276 2402 2411
3 2410 3475 3471
3 3475 1005 1001
3 3475 1001 3471
3 1005 3474 1001
3 3474 1889 1887
3 3474 1887 1001
3 5589 3984 3033
3 3984 1889 3033
3 3031 5589 4093
3 5589 3033 4093
3 47 3031 4093
3 45 4089 3031
3 3029 6009 4089
3 6009 3031 4089
3 1889 3984 1887
3 3029 1887 3984
3 3031 6009 5589
3 6009 3029 3984
3 6009 3984 5589
3 503 2410 2405
3 3471 2405 2410
3 2402 3667 3670
3 3667 1279 1281
3 3667 1281 3670
3 3155 2118 3153
3 2118 2117 3153
3 3153 247 248
3 3153 248 3155
3 2118 3669 2117
3 3669 1281 1279
3 3669 1279 2117
3 2400 2404 2408
3 2404 3272 3277
3 501 4647 495
3 4647 3272 495
3 3272 4647 3277
3 4647 501 3277
3 3277 2408 2404
3 2403 999 1004
3 3468 1886 1888
3 1886 5316 5317
3 3030 5510 5316
3 3032 5317 5510
3 5316 5510 5317
3 44 4085 4087
3 3030 4087 5510
3 4087 4085 3032
3 4085 46 3032
3 4087 3032 5510
3 5317 1888 1886
3 1888 3472 3468
3 3472 1004 999
3 3472 999 3468
3 1004 3473 2403
3 3473 2407 2403
3 2407 501 3273
3 495 3273 501
3 3273 2403 2407
3 2119 3156 3154
3 3156 248 3154
3 3668 1280 1287
3 1280 2400 1287
3 2400 2408 1287
3 1287 3671 3668
3 3671 2121 2119
3 3671 2119 3668
3 3156 2119 2121
3 3672 2416 2411
3 2416 3283 3278
3 3283 506 3278
3 506 503 3278
3 3278 2411 2416
3 3282 2415 2410
3 2415 3478 3475
3 3478 1005 3475
3 3475 2410 2415
3 3035 5320 1889
3 3035 49 4094
3 47 4094 4092
3 49 4092 4094
3 3035 4094 5320
3 47 4093 4094
3 5320 4094 3033
3 4094 4093 3033
3 5320 3033 1889
3 2410 503 3282
3 503 506 3282
3 2411 3670 3672
3 3670 1281 1288
3 3670 1288 3672
3 1281 3669 2120
3 3669 2118 2120
3 2118 3155 3157
3 3155 248 3157
3 3157 2120 2118
3 3157 2122 2120
3 2120 1288 1281
3 3283 2416 2417
3 3672 1288 1291
3 3672 2417 2416
3 2122 3157 3158
3 248 5686 3157
3 5686 253 3157
3 3157 253 3158
3 2122 3674 2120
3 3674 1291 1288
3 3674 1288 2120
3 1287 2408 2413
3 2408 3277 3279
3 3277 501 504
3 3277 504 3279
3 3279 2413 2408
3 3472 1888 1890
3 1888 5317 5318
3 3034 5318 3032
3 5317 3032 5318
3 46 5797 3034
3 5797 48 3034
3 3034 3032 46
3 5318 1890 1888
3 3472 1006 1004
3 3477 2412 2407
3 2412 3280 501
3 501 3280 504
3 501 2407 2412
3 2407 3473 3477
3 3473 1004 1006
3 3473 1006 3477
3 3673 1290 1287
3 1287 2413 3673
3 3156 2121 3159
3 5686 3159 253
3 3159 5686 3156
3 5686 248 3156
3 3671 1287 1290
3 3671 1290 2121
3 2420 3286 3283
3 506 5847 509
3 5847 3286 509
3 3286 5847 3283
3 5847 506 3283
3 3283 2417 2420
3 3672 1291 2417
3 3285 2419 2415
3 2419 3481 3478
3 3481 1007 3478
3 3478 2415 2419
3 3479 1892 1889
3 1892 5323 5322
3 3037 5322 5323
3 5322 51 3035
3 51 5322 3037
3 49 3035 51
3 3035 1889 5322
3 1889 1892 5322
3 1889 3474 3479
3 3474 1005 1007
3 3474 1007 3479
3 2415 3282 3285
3 509 3285 506
3 3285 3282 506
3 3478 1007 1005
3 3674 2122 2127
3 3158 2127 2122
3 3673 2413 2418
3 3279 504 508
3 3279 2418 2413
3 1006 3472 3476
3 3472 1890 3476
3 1890 1891 3476
3 1890 5318 5319
3 3034 5319 5318
3 3034 48 5319
3 48 4095 3036
3 4095 50 3036
3 48 3036 5319
3 3036 5321 5319
3 5321 1891 5319
3 1891 1890 5319
3 1891 3480 3476
3 3480 1006 3476
3 3281 508 504
3 504 3280 3281
3 3280 2412 2414
3 3280 2414 3281
3 3477 2414 2412
3 2418 3676 3673
3 3676 1292 1290
3 3676 1290 3673
3 2126 3160 3159
3 3160 253 3159
3 3159 2121 2126
3 1292 3675 1290
3 3675 2121 1290
3 3675 2126 2121
3 3676 1293 1292
3 1293 3677 3675
3 3677 2129 2126
3 3677 2126 3675
3 3160 256 253
3 3160 2126 2129
3 3675 1292 1293
3 508 3284 3279
3 3284 2418 3279
3 2128 3679 3674
3 3679 1294 3674
3 3678 2424 2420
3 2424 3289 3286
3 3289 511 509
3 3289 509 3286
3 3286 2420 2424
3 3481 1010 1007
3 1894 5325 5323
3 3040 3037 5325
3 5325 3037 5323
3 3037 3040 53
3 51 3037 4100
3 53 4100 3037
3 5323 1892 1894
3 1892 3479 1894
3 3479 1007 1010
3 3479 1010 1894
3 511 2419 509
3 511 2423 2419
3 3481 2419 2423
3 3285 509 2419
3 2420 2417 3678
3 1291 5918 2417
3 5918 1294 2417
3 2417 1294 3678
3 2127 2128 3674
3 2127 3158 2128
3 256 5822 253
3 5822 3158 253
3 256 3161 5822
3 3161 2128 3158
3 3161 3158 5822
3 1294 5918 3674
3 5918 1291 3674
3 3676 2418 2422
3 3284 508 510
3 3284 2422 2418
3 2414 3477 3482
3 3477 1006 1009
3 3477 1009 3482
3 3480 1891 1893
3 3038 5321 3036
3 50 4098 3038
3 3036 50 3038
3 4098 3039 3038
3 5321 3038 5324
3 3038 3039 5324
3 5324 1893 1891
3 5324 1891 5321
3 1006 3480 1009
3 3480 1893 1009
3 3482 2421 2414
3 2421 3287 3281
3 3287 510 508
3 3287 508 3281
3 3281 2414 2421
3 2422 2426 3676
3 2426 1295 1293
3 2426 1293 3676
3 1295 3680 3677
3 3680 2131 2129
3 3680 2129 3677
3 2131 3162 3160
3 3162 257 256
3 3162 256 3160
3 3160 2129 2131
3 3677 1293 1295
3 510 3288 3284
3 3288 2422 3284
3 3681 1296 1294
3 1296 3682 2424
3 3682 2429 2424
3 2429 3292 3289
3 3292 513 511
3 3292 511 3289
3 3289 2424 2429
3 2424 1294 1296
3 2428 1012 1010
3 3484 1896 1894
3 3040 5325 5511
3 5325 1896 5511
3 3041 5511 1896
3 55 5511 4110
3 3041 3940 5511
3 3940 4110 5511
3 3040 5511 55
3 53 3040 55
3 5325 1894 1896
3 1894 1010 1012
3 1012 3484 1894
3 3481 2423 2428
3 2423 511 3291
3 511 513 3291
3 3291 2428 2423
3 2428 1010 3481
3 3678 1294 2424
3 3679 2128 2130
3 257 3161 256
3 3161 2130 2128
3 2130 3681 3679
3 3681 1294 3679
3 2130 3161 3163
3 3161 257 3163
3 3288 510 512
3 2422 3288 2427
3 2427 2426 2422
3 3482 1009 1011
3 1893 5324 1895
3 5324 3039 1895
3 3039 4098 4109
3 4098 52 4109
3 52 4102 4109
3 4109 4102 4108
3 4102 54 4108
3 3039 4109 1895
3 4109 4108 1895
3 1895 3483 1893
3 3483 1011 1009
3 3483 1009 1893
3 3482 2425 2421
3 2425 3290 3287
3 510 3287 512
3 3287 3290 512
3 3287 2421 2425
3 2427 2431 2426
3 2431 1295 2426
3 2431 1297 1295
3 2131 3164 3162
3 3164 261 257
3 3164 257 3162
3 3680 1295 1297
3 3682 2434 2429
3 2434 3296 3292
3 3296 513 3292
3 3292 2429 2434
3 3485 1013 1012
3 1013 3489 3484
3 3489 1898 3484
3 1898 1896 3484
3 1898 3043 5327
3 57 4110 3940
3 5678 57 3940
3 3041 5327 3940
3 3043 5678 5327
3 5678 3940 5327
3 1898 3041 1896
3 3041 1898 5327
3 3484 1012 1013
3 2428 3291 3295
3 3291 513 3295
3 3295 2433 2428
3 2433 3485 2428
3 3485 1012 2428
3 3682 1296 1298
3 3681 2130 2132
3 3163 257 261
3 3163 2132 2130
3 3683 1298 3681
3 1298 1296 3681
3 3681 2132 3683
3 2434 3682 3685
3 3682 1298 3685
3 3683 2132 2134
3 2132 3163 261
3 261 2134 2132
3 2427 3288 3293
3 3288 512 515
3 3288 515 3293
3 3293 2431 2427
3 2425 3482 3487
3 3482 1011 3487
3 3483 1895 1897
3 1895 4108 5326
3 4108 54 3899
3 3899 3042 4108
3 3042 5326 4108
3 3899 56 3042
3 3042 1897 5326
3 1897 1895 5326
3 1897 3486 3483
3 3486 1011 3483
3 3487 2430 2425
3 2430 3294 3290
3 3294 515 3290
3 515 512 3290
3 3290 2425 2430
3 3293 2432 2431
3 2431 1299 1297
3 1299 3684 2133
3 3684 2135 2133
3 2135 3165 3164
3 3165 261 3164
3 3164 2133 2135
3 3164 2131 2133
3 2131 3680 2133
3 3680 1297 1299
3 3680 1299 2133
3 3683 1300 1298
3 3685 2437 2434
3 2437 3297 3296
3 513 3296 517
3 3296 3297 517
3 3296 2434 2437
3 3685 1298 1300
3 517 2436 2433
3 2436 1015 3485
3 1015 1013 3485
3 3485 2433 2436
3 1015 3492 3489
3 3492 1900 1898
3 3492 1898 3489
3 1900 5738 5513
3 5738 3045 5513
3 5513 3043 1900
3 5513 3045 59
3 3043 5513 5678
3 5513 59 57
3 5513 57 5678
3 3043 1898 1900
3 3489 1013 1015
3 2433 3295 517
3 3295 513 517
3 2437 3685 3688
3 3685 1300 3688
3 3683 2134 2136
3 2134 261 2136
3 2136 3687 3683
3 3687 1300 3683
3 3297 519 517
3 2432 3293 516
3 3293 515 516
3 2432 3686 2431
3 3686 1299 2431
3 2430 3487 3490
3 3487 1011 1014
3 3487 1014 3490
3 1011 3486 3488
3 3486 1897 1899
3 3486 1899 3488
3 3042 5512 1897
3 3044 1897 5512
3 56 3044 5512
3 5512 3042 56
3 58 3900 56
3 3044 56 3900
3 1897 3044 1899
3 3488 1014 1011
3 3490 2435 2430
3 3294 516 515
3 3294 2430 2435
3 3686 1301 1299
3 3684 2137 2135
3 2137 3166 3165
3 261 3165 266
3 3165 3166 266
3 3165 2135 2137
3 3684 1299 1301
3 1302 3691 3688
3 3691 2442 2437
3 3691 2437 3688
3 2442 3302 3297
3 3302 519 3297
3 3297 2437 2442
3 3301 2441 2436
3 2441 3495 1015
3 3495 1017 1015
3 1015 2436 2441
3 1903 5330 1901
3 3045 5738 1901
3 1901 4123 3045
3 61 4117 4123
3 59 3045 4117
3 4123 4117 3045
3 5738 1900 1901
3 1900 3492 1903
3 3492 1015 1017
3 3492 1017 1903
3 1903 1901 1900
3 2436 517 3301
3 517 519 3301
3 3688 1300 1302
3 2136 261 269
3 261 266 269
3 3687 1302 1300
3 3691 1302 1304
3 3687 2136 2138
3 2136 269 2138
3 3687 1304 1302
3 2137 3684 3689
3 3684 1301 3689
3 3686 2432 2439
3 2432 516 3298
3 516 520 3298
3 3298 2439 2432
3 2439 3690 3686
3 3690 1301 3686
3 2435 3490 3493
3 1016 3493 1014
3 3493 3490 1014
3 1014 3488 3491
3 3488 1899 1902
3 3488 1902 3491
3 3046 1899 3900
3 3044 3900 1899
3 58 60 3900
3 60 3046 3900
3 3046 5328 1899
3 5328 1902 1899
3 3491 1016 1014
3 3493 2438 2435
3 3299 6016 2435
3 6016 3294 2435
3 2435 2438 3299
3 3299 520 516
3 3294 6016 516
3 6016 3299 516
3 3690 1303 1301
3 3689 2139 2137
3 2139 3167 3166
3 266 4473 269
3 3167 4473 3166
3 4473 266 3166
3 3166 2137 2139
3 3689 1301 1303
3 2439 3298 3300
3 3298 520 3300
3 2442 3305 3302
3 3305 523 519
3 3305 519 3302
3 3304 2445 2441
3 2445 2449 3495
3 1017 3495 2449
3 2449 1018 1017
3 3495 2441 2445
3 1018 3496 1903
3 3496 1905 1903
3 5760 3047 5330
3 1905 5739 5330
3 3049 5760 5739
3 5760 5330 5739
3 61 4123 4120
3 63 4120 3047
3 4120 4123 3047
3 3047 5760 4127
3 5760 3049 4127
3 4127 63 3047
3 4123 1901 3047
3 5330 1903 1905
3 5330 3047 1901
3 1018 1903 1017
3 2441 3301 3304
3 3301 519 523
3 3301 523 3304
3 3305 2442 2446
3 2442 3691 3695
3 3691 1304 3695
3 3695 2446 2442
3 3687 2138 2140
3 273 3168 269
3 3168 2140 2138
3 3168 2138 269
3 2140 3694 3687
3 3694 1304 3687
3 3690 2439 2443
3 3300 2443 2439
3 3299 2438 2440
3 2438 3493 2440
3 3493 1016 2440
3 1016 3491 3494
3 3491 1902 1904
3 3491 1904 3494
3 1902 5328 5329
3 3046 3048 5328
3 5328 3048 5329
3 3048 3046 60
3 62 3048 4118
3 3048 60 4118
3 5329 1904 1902
3 3299 522 520
3 3693 1305 1303
3 1303 3690 3693
3 3690 2443 3693
3 2139 3169 3167
3 3169 273 3167
3 269 4473 273
3 4473 3167 273
3 3689 1303 1305
3 1305 3692 3689
3 3692 2139 3689
3 3300 520 522
3 3692 2141 2139
3 3169 2139 2141
3 3695 2451 2446
3 2451 3308 3305
3 3308 526 523
3 3308 523 3305
3 3305 2446 2451
3 3307 2450 2449
3 2450 2454 2449
3 2454 1020 1018
3 2454 1018 2449
3 3499 1907 1905
3 1907 4133 3049
3 65 4126 4133
3 63 4127 4126
3 4127 3049 4126
3 4133 4126 3049
3 3049 5739 1907
3 5739 1905 1907
3 1905 3496 3499
3 3496 1018 1020
3 3496 1020 3499
3 2445 3304 3307
3 3304 523 526
3 3304 526 3307
3 3307 2449 2445
3 3695 1304 1306
3 2140 2142 3694
3 2142 1306 3694
3 1306 1304 3694
3 2451 3695 3700
3 3695 1306 3700
3 275 5617 273
3 5617 3168 273
3 3168 5617 3170
3 5617 275 3170
3 2144 2142 2140
3 3170 2144 3168
3 2144 2140 3168
3 2144 3699 2142
3 3699 1306 2142
3 2141 3692 3696
3 3692 1305 3696
3 3693 2443 2447
3 2443 3300 3306
3 3300 522 524
3 3300 524 3306
3 3306 2447 2443
3 2447 3697 3693
3 3697 1305 3693
3 522 3299 3303
3 3299 2440 2444
3 3299 2444 3303
3 2440 1016 1019
3 3494 1904 1906
3 5331 1904 5329
3 3048 5331 5329
3 5331 62 3050
3 62 5331 3048
3 64 3050 62
3 3050 5332 5331
3 5332 1906 1904
3 1904 5331 5332
3 1906 3497 3494
3 1016 3494 1019
3 3494 3497 1019
3 3303 524 522
3 2444 2440 3498
3 2440 1019 3498
3 3697 1307 1305
3 1307 3698 3696
3 3698 2143 2141
3 3698 2141 3696
3 3169 2141 275
3 2141 2143 275
3 275 273 3169
3 3696 1305 1307
3 3700 2455 2451
3 2455 3311 3308
3 3311 528 526
3 3311 526 3308
3 3308 2451 2455
3 2454 1022 1020
3 3502 1909 1907
3 1909 5335 5334
3 3051 5334 3053
3 5334 5335 3053
3 65 4133 67
3 67 4133 3051
3 3053 67 3051
3 4133 1907 3051
3 1907 1909 5334
3 5334 3051 1907
3 1907 3499 3502
3 3499 1020 1022
3 3499 1022 3502
3 528 3310 526
3 3310 3307 526
3 3310 2454 2450
3 3310 2450 3307
3 3310 2456 2454
3 2455 3700 2457
3 3700 1306 1309
3 3700 1309 2457
3 3699 2144 2145
3 3170 275 278
3 3170 2145 2144
3 2145 3703 3699
3 1306 3699 1309
3 3699 3703 1309
3 3697 2447 2452
3 2447 3306 3309
3 3306 524 527
3 3306 527 3309
3 3309 2452 2447
3 3303 2444 2448
3 3498 1019 1021
3 3498 2448 2444
3 3497 1906 1908
3 1906 5332 3052
3 5332 3050 3052
3 3050 4136 3052
3 3050 64 4136
3 64 4128 4136
3 4136 4128 5514
3 4128 66 5514
3 5514 3052 4136
3 3052 1908 1906
3 1908 3500 3497
3 3500 1021 1019
3 3500 1019 3497
3 1021 3501 3498
3 3501 2448 3498
3 524 3303 527
3 3303 2448 527
3 2448 5851 527
3 5851 529 527
3 2452 3702 3697
3 3702 1308 1307
3 3702 1307 3697
3 1308 3701 3698
3 3701 2143 3698
3 275 5557 3171
3 5557 2143 3171
3 3171 278 275
3 5557 275 2143
3 3698 1307 1308
3 3701 2147 2143
3 3171 2143 2147
3 2461 3316 3311
3 3316 528 3311
3 3311 2457 2461
3 3315 2460 2456
3 3503 1024 1022
3 3503 2456 2460
3 1024 3504 3502
3 3504 1911 1909
3 3504 1909 3502
3 3055 4139 5335
3 4139 3053 5335
3 1911 3055 5335
3 3055 4142 4139
3 4142 69 4139
3 69 4137 4139
3 4139 4137 3053
3 4137 67 3053
3 5335 1909 1911
3 3502 1022 1024
3 528 3315 3310
3 3315 2456 3310
3 2456 3503 2454
3 3503 1022 2454
3 3311 2455 2457
3 3703 2145 2146
3 3170 2146 2145
3 2457 1309 1311
3 280 5688 3170
3 5688 2146 3170
3 3170 278 280
3 5688 280 2146
3 2146 3705 3703
3 3705 1311 1309
3 3705 1309 3703
3 2452 3309 3312
3 3309 527 3312
3 527 529 3312
3 529 5851 2453
3 5851 2448 2453
3 3501 1021 1023
3 3501 2453 2448
3 3500 1908 1910
3 1908 3052 5333
3 3054 5333 5514
3 3052 5514 5333
3 3054 5514 66
3 68 3054 66
3 3054 1910 5333
3 1910 1908 5333
3 1910 1023 3500
3 1023 1021 3500
3 3501 2458 2453
3 529 2453 2458
3 3313 2459 2452
3 2459 3704 3702
3 3704 1310 1308
3 3704 1308 3702
3 3702 2452 2459
3 3171 2147 3172
3 2148 2149 2147
3 2149 3172 2147
3 278 3171 280
3 3171 3172 280
3 2147 3701 2148
3 3701 1308 1310
3 3701 1310 2148
3 2452 3312 3313
3 3312 529 3313
3 3706 2465 2461
3 2465 3318 3316
3 5849 3318 533
3 3318 5849 3316
3 5849 528 3316
3 3316 2461 2465
3 2461 2457 3706
3 2457 1311 3706
3 3315 2464 2460
3 2464 1026 3503
3 1026 1024 3503
3 3503 2460 2464
3 3504 5895 3507
3 5895 1026 3507
3 3507 1913 1911
3 3507 1911 3504
3 1913 3057 5337
3 5516 3055 5337
3 3057 5516 5337
3 3055 5516 71
3 3055 71 4142
3 3055 1911 5337
3 1911 1913 5337
3 1026 5895 1024
3 5895 3504 1024
3 528 5849 3315
3 5849 533 3315
3 3705 2146 2150
3 2146 280 3173
3 280 284 3173
3 3173 2150 2146
3 529 5850 3313
3 5850 532 3313
3 2458 3501 3506
3 3501 1023 3506
3 1023 1910 1912
3 3056 5336 5515
3 1910 3054 5336
3 3054 5515 5336
3 4140 5515 68
3 5515 3054 68
3 70 3056 4140
3 4140 3056 5515
3 1910 5336 1912
3 3056 5954 5336
3 5954 1912 5336
3 1912 3505 1023
3 3505 1025 1023
3 532 5850 3314
3 5850 529 3314
3 529 2458 3314
3 3506 1023 1025
3 3313 2462 2459
3 3704 2459 2462
3 2149 3174 3172
3 3174 284 3172
3 284 280 3172
3 3506 2463 2458
3 3314 2458 2463
3 2462 3709 3704
3 3709 1312 1310
3 3709 1310 3704
3 3708 2151 2149
3 2151 285 3174
3 285 284 3174
3 3174 2149 2151
3 2149 2148 3708
3 2148 1310 1312
3 2148 1312 3708
3 2462 3313 532
3 2150 3711 3707
3 3711 1313 3707
3 3319 536 533
3 2465 3710 3712
3 3710 1313 3712
3 536 2469 2468
3 2468 1027 1026
3 1027 1916 3507
3 1916 1913 3507
3 1916 5340 3057
3 5340 3060 3057
3 3060 4148 3057
3 3060 73 4148
3 73 4145 4148
3 4148 4145 5516
3 4145 71 5516
3 5516 3057 4148
3 3057 1913 1916
3 3507 1026 1027
3 536 2464 533
3 536 2468 2464
3 1026 2464 2468
3 3315 533 2464
3 2465 3706 3710
3 3706 1311 1313
3 3706 1313 3710
3 1311 3705 3707
3 3705 2150 3707
3 3173 284 285
3 285 3175 3173
3 3175 2150 3173
3 3707 1313 1311
3 2465 3319 3318
3 3319 533 3318
3 2470 3716 3713
3 3716 1316 1314
3 3716 1314 3713
3 3176 2151 2153
3 2151 1314 3715
3 1314 1316 3715
3 3715 2153 2151
3 2470 3321 2474
3 3321 537 2474
3 1317 3718 3717
3 3718 2477 2473
3 3718 2473 3717
3 540 2473 2477
3 3717 1315 1317
3 2472 1031 3510
3 1031 1029 3510
3 1920 5344 5343
3 5344 3065 5343
3 3065 3062 5343
3 3062 3065 77
3 77 4158 3062
3 5343 1918 1920
3 1918 1916 1920
3 1916 1029 1920
3 1029 1031 1920
3 3325 538 540
3 2472 3323 3325
3 3323 538 3325
3 2473 3712 3717
3 3712 1315 3717
3 1315 3711 3714
3 3711 2152 2154
3 3711 2154 3714
3 3177 2154 2152
3 1317 1315 3714
3 2473 540 3324
3 540 538 3324
3 3716 2470 2474
3 2474 537 539
3 3322 2466 2471
3 2466 3512 3514
3 3512 1028 1030
3 3512 1030 3514
3 3514 2471 2466
3 3511 1917 1919
3 3061 3063 5341
3 5341 1917 3061
3 76 3063 4156
3 74 4156 3063
3 3063 3061 74
3 3064 1919 1917
3 3064 1917 5341
3 5341 3063 3064
3 1919 3513 3511
3 1028 3511 1030
3 3511 3513 1030
3 2471 3326 3322
3 3326 539 537
3 3326 537 3322
3 2476 2479 3716
3 2479 1212 1316
3 2479 1316 3716
3 2155 3179 3176
3 289 3176 293
3 3176 3179 293
3 3176 2153 2155
3 2153 3715 3719
3 3715 1316 1212
3 3715 1212 3719
3 3719 2155 2153
3 3716 2474 2476
3 1211 3603 3718
3 3603 2481 2477
3 3603 2477 3718
3 2481 3329 540
3 3329 542 540
3 540 2477 2481
3 3718 1317 1211
3 1032 1921 1920
3 1921 1841 5346
3 3065 5346 3067
3 1841 5950 5346
3 5950 3067 5346
3 3901 3067 79
3 3065 3067 3901
3 77 3065 3901
3 3065 5344 5346
3 5344 1920 1921
3 5344 1921 5346
3 1920 1031 1032
3 1031 2472 2480
3 2472 3325 3330
3 3325 540 542
3 3325 542 3330
3 3330 2480 2472
3 2480 3515 1031
3 3515 1032 1031
3 1317 3714 2156
3 3714 2154 2156
3 2154 3177 3178
3 3177 289 293
3 3177 293 3178
3 3178 2156 2154
3 1211 1317 3606
3 2074 5919 2156
3 5919 1317 2156
3 1317 5919 3606
3 5919 2074 3606
3 2156 3178 3180
3 3178 293 195
3 3178 195 3180
3 3180 2074 2156
3 2476 2474 3328
3 2474 539 541
3 2474 541 3328
3 3328 2478 2476
3 2478 2479 2476
3 3605 1212 2479
3 3326 2471 2475
3 3514 1030 1033
3 2471 3514 2475
3 3514 1033 2475
3 3513 1919 1842
3 3064 3063 4166
3 78 4166 4160
3 3063 76 4166
3 76 4160 4166
3 78 4167 4166
3 3064 4166 3066
3 4166 4167 3066
3 3066 5345 3064
3 5345 1842 1919
3 5345 1919 3064
3 1842 3406 3513
3 1030 5896 1033
3 5896 3406 1033
3 3406 5896 3513
3 5896 1030 3513
3 3408 2315 2475
3 2315 5750 2475
3 5750 3327 3326
3 5750 3326 2475
3 539 5619 541
3 5619 3327 541
3 3327 5619 3326
3 5619 539 3326
3 2475 1033 3408
3 3605 2479 2478
3 1212 3604 3719
3 3604 2155 3719
3 3179 195 293
3 3604 2073 2155
3 195 3179 3119
3 3179 2155 2073
3 3179 2073 3119
3 2074 3600 3606
3 3600 1211 3606
3 3603 2314 2481
3 2314 3210 3329
3 3210 426 542
3 3210 542 3329
3 3329 2481 2314
3 2313 3405 3515
3 3405 944 1032
3 3405 1032 3515
3 944 3404 1032
3 3404 1841 1921
3 3404 1921 1032
3 3067 5950 4169
3 5950 1841 4169
3 5283 2976 1841
3 2976 4169 1841
3 2976 3989 4169
3 3989 0 4169
3 0 79 4169
3 4169 79 3067
3 3515 2480 2313
3 2480 3330 2313
3 3330 542 426
3 3330 426 2313
3 2314 3603 3601
3 3603 1211 1209
3 3603 1209 3601
3 3600 2074 2071
3 194 3118 195
3 2074 3180 3118
3 3180 195 3118
3 3118 2071 2074
3 3600 1209 1211
3 1212 3605 2317
3 3605 2478 2317
3 2478 3328 3212
3 3328 541 427
3 3328 427 3212
3 3212 5973 2478
3 5973 2317 2478
3 3408 1033 945
3 945 2315 3408
3 3066 4167 5345
3 2977 1842 4167
3 5345 4167 1842
3 4167 78 3893
3 2977 4167 3893
3 3893 1 2977
3 3406 945 1033
3 3327 5750 3211
3 5750 2315 3211
3 3211 427 3327
3 427 541 3327
3 2317 5973 2316
3 5973 3212 2316
3 2317 1210 1212
3 3602 2072 2073
3 2072 2076 3119
3 195 3119 194
3 3119 2076 194
3 3119 2073 2072
3 2073 3604 3602
3 3604 1212 1210
3 3604 1210 3602
3 976 468 4053
3 26 5675 28
3 976 5794 5675
3 5794 28 5675
3 5605 5794 4053
3 5794 976 4053
3 5794 5605 28
3 575 234 231
3 575 231 574
3 5605 4052 28
3 468 4056 4053
3 4052 4056 30
3 4056 4052 4053
3 5605 4053 4052
3 234 5684 1253
3 5684 468 1253
3 1253 231 234
3 5684 234 468
3 574 4658 575
3 1058 5698 4658
3 5698 575 4658
3 574 231 226
3 465 1253 468
3 972 465 4960
3 468 976 465
3 976 4960 465
3 24 4045 4044
3 4044 4045 972
3 26 4044 4960
3 4044 972 4960
3 976 5675 4960
3 5675 26 4960
3 465 5844 1253
3 5844 5683 1253
3 5683 226 1253
3 226 231 1253
3 239 4454 234
3 4454 468 234
3 5676 3936 32
3 468 4454 4056
3 3936 5656 239
3 5656 4454 239
3 4454 5656 4056
3 3936 5676 5656
3 5676 30 4056
3 5676 4056 5656
3 5683 5844 460
3 5844 465 460
3 460 5843 5842
3 5843 4045 969
3 5843 969 5842
3 972 5843 465
3 5843 460 465
3 5843 972 4045
3 24 4039 969
3 4045 24 969
3 4642 3936 239
3 484 4059 4642
3 32 3936 4059
3 3936 4642 4059
3 484 4061 4059
3 34 4058 4061
3 32 4059 4058
3 4061 4058 4059
3 52 4104 4103
3 1008 4103 4104
3 259 4465 1008
3 258 4103 4465
3 1008 4465 4103
3 80 4172 4171
3 259 4244 4172
3 101 4171 4244
3 4172 4244 4171
3 267 4119 4116
3 58 4116 60
3 4119 60 4116
3 72 4144 4150
3 4144 286 4150
3 4151 4144 70
3 281 286 530
3 4151 5827 4144
3 5827 286 4144
3 286 5827 530
3 5827 4151 530
3 4200 90 4204
3 4204 5828 4201
3 5828 286 4201
3 89 4200 4201
3 4204 4201 4200
3 4201 286 281
3 460 5842 457
3 5842 969 457
3 4039 457 969
3 34 4061 36
3 4033 4040 20
3 4040 22 20
3 963 4040 4033
3 963 451 1611
3 22 4041 4039
3 457 4041 1611
3 4041 457 4039
3 1611 4040 963
3 22 4040 4041
3 4040 1611 4041
3 1244 1234 220
3 828 1612 1244
3 1234 1612 451
3 1234 1244 1612
3 226 5683 1243
3 5683 460 1243
3 828 5841 457
3 5841 460 457
3 460 5841 1243
3 5841 828 1243
3 451 1612 1611
3 457 1611 828
3 1612 828 1611
3 1104 3951 4327
3 126 4327 4325
3 3951 4325 4327
3 3951 641 4325
3 3885 4699 4696
3 639 4696 4699
3 4696 5939 4997
3 5939 1684 4997
3 1104 3885 4997
3 4696 4997 3885
3 3951 4695 641
3 4695 3951 5220
3 1684 5859 4695
3 5859 638 4695
3 5220 1684 4695
3 1104 4997 3951
3 1684 5220 4997
3 3951 4997 5220
3 326 4512 4511
3 1386 5096 4512
3 1384 4511 5096
3 4512 5096 4511
3 1687 5717 5872
3 5717 1386 830
3 5717 830 5872
3 1384 4697 639
3 4697 5717 1687
3 1384 5096 4697
3 1386 5717 5096
3 5717 4697 5096
3 638 1245 220
3 830 1245 1685
3 1245 638 1685
3 4696 639 4697
3 1684 5939 5219
3 5939 4696 5219
3 4697 1687 4696
3 1687 5219 4696
3 1687 5872 1685
3 5872 830 1685
3 1685 5219 1687
3 638 5859 1685
3 5859 1684 1685
3 1684 5219 1685
3 1058 5565 99
3 4239 5665 5565
3 5665 99 5565
3 574 5855 4658
3 5855 4659 4658
3 1061 5900 5901
3 5900 4239 4659
3 5900 4659 5901
3 4239 5565 4658
3 5565 1058 4658
3 4239 4658 4659
3 829 1628 226
3 574 226 1628
3 1385 5829 4510
3 5829 326 4510
3 1383 1385 4510
3 578 4664 3919
3 1637 5094 4664
3 1383 3919 5094
3 4664 5094 3919
3 829 4883 1637
3 5094 1385 1383
3 5094 1637 4883
3 1385 5094 4883
3 1061 5901 4970
3 5901 4659 4970
3 4659 5855 1628
3 5855 574 1628
3 4659 1628 4970
3 1637 1628 829
3 578 1061 4664
3 1637 4970 1628
3 4664 1061 4970
3 4970 1637 4664
3 220 1245 1244
3 830 1244 1245
3 5829 4512 326
3 1386 4512 5097
3 4512 5829 5097
3 5829 1385 5097
3 5098 1385 4883
3 4883 829 1789
3 4883 1789 5098
3 1386 1789 830
3 1385 5098 5097
3 1386 5097 1789
3 5098 1789 5097
3 828 1788 1243
3 829 226 1788
3 1243 1788 226
3 1244 830 1789
3 829 1788 1789
3 828 1244 1788
3 1789 1788 1244
3 1265 489 485
3 489 492 485
3 993 989 492
3 492 989 485
3 993 38 989
3 38 4065 989
3 38 4064 4065
3 36 4065 4064
3 10 4008 4009
3 5591 210 4442
3 4009 5591 211
3 5591 4442 211
3 5591 4009 4008
3 97 4231 4233
3 98 206 4231
3 4233 4231 206
3 210 206 4442
3 98 4236 206
3 211 4442 4236
3 4442 206 4236
3 8 6 4001
3 97 4233 4232
3 206 4439 4233
3 204 4232 4439
3 4233 4439 4232
3 4 3998 3997
3 6 3997 433
3 3998 433 3997
3 210 4001 4445
3 6 433 4001
3 4001 433 4445
3 206 210 4439
3 210 4445 4439
3 4445 204 4439
3 428 3993 2
3 200 4437 428
3 4437 3993 428
3 202 3993 4437
3 4228 4222 96
3 4224 5664 202
3 5664 4228 202
3 5555 95 4222
3 4228 5664 4222
3 4224 5555 5664
3 5555 4222 5664
3 202 4437 4224
3 4223 4224 200
3 4224 4437 200
3 95 5555 4223
3 5555 4224 4223
3 68 4141 4140
3 530 4151 4141
3 4151 70 4141
3 4141 70 4140
3 64 4130 4128
3 525 4135 4130
3 66 4128 4135
3 4130 4135 4128
3 4244 254 101
3 259 5817 4244
3 5817 254 4244
3 1008 4104 4099
3 52 4098 4104
3 50 4099 4098
3 4104 4098 4099
3 254 5817 4462
3 5817 259 1008
3 5817 1008 4462
3 50 5677 4099
3 5677 505 4099
3 505 5818 4462
3 5818 254 4462
3 1008 4099 4462
3 4099 505 4462
3 5677 50 4095
3 252 4096 4090
3 48 5797 4096
3 5797 46 4096
3 4090 4096 46
3 1255 232 235
3 232 1250 1254
3 470 474 1250
3 1250 474 1254
3 31 4057 4054
3 4057 981 4054
3 29 5795 978
3 5795 981 978
3 981 5795 4054
3 5795 29 4054
3 470 978 474
3 981 474 978
3 1254 235 232
3 978 4050 29
3 27 29 4050
3 612 1255 613
3 1255 235 613
3 479 1254 474
3 474 981 479
3 981 4057 479
3 611 227 232
3 232 1255 611
3 612 611 1255
3 470 1250 222
3 1250 227 222
3 462 470 222
3 4049 462 973
3 27 4049 973
3 27 4050 4049
3 4049 470 462
3 470 4049 4050
3 978 470 4050
3 1250 232 227
3 482 1254 479
3 479 4057 4643
3 986 4643 33
3 4057 31 4643
3 31 33 4643
3 33 4060 986
3 4060 35 986
3 479 4643 482
3 986 5696 4643
3 5696 482 4643
3 3766 1349 1354
3 3764 2538 2605
3 3359 583 627
3 627 3380 3359
3 3380 2605 3359
3 2605 2538 3359
3 2605 1354 3764
3 1349 3764 1354
3 2537 3550 3581
3 3550 1065 1097
3 3550 1097 3581
3 1065 1959 1996
3 1065 1996 1097
3 1959 5363 5364
3 3114 5364 4250
3 5363 3092 5364
3 3092 4250 5364
3 123 3114 4247
3 102 4247 4250
3 3114 4250 4247
3 4250 3092 4249
3 102 4250 4249
3 5364 3114 5375
3 5375 1996 1959
3 5375 1959 5364
3 5375 1997 1996
3 1097 1996 1997
3 3581 2602 2537
3 2602 627 583
3 583 2537 2602
3 514 3948 4470
3 55 5798 514
3 5798 3948 514
3 263 3948 4111
3 3948 5798 4111
3 5798 55 4111
3 263 4469 4292
3 602 4294 4469
3 4293 4292 4294
3 4469 4294 4292
3 602 4290 4294
3 115 5609 4290
3 5609 4289 4290
3 116 4293 4289
3 4293 4294 4289
3 4290 4289 4294
3 3948 6026 4470
3 6026 4293 264
3 6026 264 4470
3 263 4292 3948
3 4293 6026 4292
3 6026 3948 4292
3 235 1254 482
3 241 235 482
3 5603 79 0
3 61 4121 4117
3 268 4476 4121
3 518 4117 4476
3 4121 4476 4117
3 4117 518 59
3 39 4072 4067
3 4072 4068 4067
3 4068 5553 4067
3 5553 37 4067
3 507 4101 255
3 4101 507 4097
3 51 4101 49
3 4097 49 4101
3 4301 6039 606
3 6039 4466 606
3 255 4464 4301
3 4466 6039 260
3 6039 4301 4464
3 6039 4464 260
3 118 4301 606
3 4105 4100 53
3 260 4100 4105
3 260 4464 4100
3 4101 4464 255
3 51 4100 4101
3 4464 4101 4100
3 55 514 53
3 4105 53 514
3 4122 5799 4120
3 5799 61 4120
3 272 4122 63
3 4122 4120 63
3 4131 5616 272
3 5616 271 272
3 65 4131 4126
3 272 63 4131
3 4131 63 4126
3 65 4132 4131
3 4132 277 4479
3 5616 4479 271
3 4479 5616 4132
3 5616 4131 4132
3 3 3995 3996
3 4431 3995 3894
3 196 3996 4431
3 3995 4431 3996
3 3894 4434 4431
3 198 5812 4434
3 5812 4431 4434
3 196 3990 3996
3 0 3989 3990
3 3 3996 3989
3 3990 3989 3996
3 123 4321 4322
3 198 205 4321
3 4321 205 4322
3 5 3894 3995
3 5 3999 3894
3 951 4434 3999
3 3894 3999 4434
3 198 4434 205
3 951 205 4434
3 123 4322 4318
3 205 5813 4322
3 5813 4319 4322
3 122 4320 4319
3 4320 4318 4319
3 4322 4319 4318
3 207 4443 4440
3 4441 5813 4440
3 5813 205 4440
3 4443 625 4440
3 625 4441 4440
3 122 5805 625
3 5805 4441 625
3 5813 4441 4319
3 4441 5805 4319
3 5805 122 4319
3 951 3999 7
3 5 7 3999
3 205 951 4440
3 207 4440 4444
3 951 4444 4440
3 951 7 4444
3 207 4444 4003
3 7 4003 4444
3 4005 4002 9
3 207 4003 4005
3 7 4002 4003
3 4002 4005 4003
3 4004 213 9
3 4005 9 213
3 213 4448 4005
3 620 4443 4448
3 4443 207 4448
3 207 4005 4448
3 4450 1226 444
3 819 1225 4013
3 11 4013 4014
3 1225 4014 4013
3 213 4004 4014
3 11 4014 4004
3 11 4012 4013
3 4012 13 4013
3 819 4013 1609
3 13 1609 4013
3 444 1226 4636
3 1609 1226 819
3 1226 1609 4636
3 679 4348 680
3 337 4449 4532
3 4451 4449 214
3 680 4532 4451
3 4449 4451 4532
3 680 4451 679
3 620 4316 121
3 213 4014 4448
3 1225 4680 4014
3 4680 4678 4014
3 620 4448 4678
3 4014 4678 4448
3 4680 622 1094
3 620 4678 4316
3 4680 1094 4678
3 1094 4316 4678
3 1226 4533 4881
3 5831 4533 337
3 4533 5831 4881
3 5831 1667 4881
3 4881 819 1226
3 4533 1226 4450
3 337 4533 4449
3 4450 214 4533
3 214 4449 4533
3 819 4679 1225
3 622 4680 4679
3 1225 4679 4680
3 622 4679 1667
3 819 4881 4679
3 1667 4679 4881
3 218 4452 450
3 444 4024 4452
3 15 4025 4024
3 4452 4025 450
3 4025 4452 4024
3 15 5551 4025
3 5551 17 4025
3 4453 218 224
3 19 4035 4030
3 4035 4639 4025
3 4639 450 4025
3 4025 17 4035
3 17 4030 4035
3 450 224 218
3 2176 304 305
3 3749 1336 1338
3 3746 2555 2552
3 2555 595 2552
3 595 593 2552
3 593 2553 2552
3 3746 1338 1336
3 3364 2554 2551
3 2554 1073 3559
3 1073 1072 3559
3 3559 2551 2554
3 1072 1973 3560
3 1972 3560 1973
3 109 4272 3100
3 108 3099 4271
3 109 4265 4271
3 108 4271 4265
3 1972 4271 3099
3 109 4271 4272
3 1973 4272 1972
3 4272 4271 1972
3 3099 1971 1972
3 1971 3558 3560
3 3558 1072 3560
3 3560 1972 1971
3 1072 3558 1071
3 2551 593 3364
3 593 595 3364
3 3559 1072 1071
3 2552 3750 3746
3 3750 1338 3746
3 2177 3192 3191
3 3192 305 304
3 3192 304 3191
3 2551 594 593
3 2553 1340 3750
3 1340 1338 3750
3 3753 2179 2177
3 2179 3193 3192
3 3193 306 3192
3 306 305 3192
3 3192 2177 2179
3 2177 3749 3753
3 3749 1338 3753
3 1338 1340 3753
3 3750 2552 2553
3 2553 593 594
3 3751 2504 2502
3 2504 557 556
3 2504 556 3344
3 3344 2502 2504
3 3345 2503 2501
3 2503 2505 3526
3 1043 3526 1044
3 2505 5898 3526
3 5898 1044 3526
3 3526 2501 2503
3 1938 1044 1939
3 1939 5357 5356
3 3079 4202 5357
3 3078 5356 4202
3 5357 4202 5356
3 88 3077 4196
3 89 4196 3078
3 4196 3077 3078
3 3078 4202 89
3 1938 3078 3077
3 3078 1938 5356
3 1938 1939 5356
3 3077 1937 1938
3 1044 1938 1937
3 1043 3525 3526
3 3525 2501 3526
3 2501 3343 3345
3 557 3345 556
3 3345 3343 556
3 3343 555 556
3 2502 3748 3751
3 3748 1337 1339
3 3748 1339 3751
3 3747 2176 2178
3 305 2178 2176
3 1337 3747 1339
3 3747 2178 1339
3 3344 556 555
3 3742 1333 2499
3 1333 3740 3741
3 3740 2171 2175
3 3740 2175 3741
3 304 3190 303
3 3190 2171 303
3 3190 2175 2171
3 1335 3744 3743
3 3744 2557 2555
3 3744 2555 3743
3 2557 3366 3365
3 595 3365 596
3 3365 3366 596
3 3365 2555 2557
3 3743 1334 1335
3 596 2556 3364
3 2556 2554 3364
3 3562 1074 1073
3 2556 3562 2554
3 3562 1073 2554
3 3561 1975 1974
3 5526 1975 3101
3 3100 1974 5526
3 1975 5526 1974
3 3100 5526 4275
3 110 5526 3101
3 5526 110 4275
3 3100 4272 1974
3 4272 1973 1974
3 1074 3561 1073
3 3561 1973 1073
3 1973 3561 1974
3 1973 1072 1073
3 596 3364 595
3 2555 3746 3743
3 3746 1336 1334
3 3746 1334 3743
3 2172 3191 3188
3 303 3188 304
3 3188 3191 304
3 2172 1335 3745
3 1336 3745 1334
3 3745 1335 1334
3 1336 3749 3745
3 3749 2177 2172
3 3749 2172 3745
3 3191 2172 2177
3 2555 3365 595
3 2176 3747 3741
3 3747 1337 3741
3 3748 2502 2499
3 2502 3344 3342
3 3344 555 3342
3 3342 2499 2502
3 2499 1337 3748
3 3343 2501 2500
3 3525 1043 1042
3 3525 2500 2501
3 1043 1044 3524
3 1936 5956 1937
3 5956 1044 1937
3 1044 5956 3524
3 5956 1936 3524
3 3077 5355 1937
3 3076 4199 4195
3 88 4192 4199
3 4195 4199 4192
3 3076 5355 4199
3 88 4199 3077
3 5355 3077 4199
3 3076 5354 5355
3 5354 1936 1937
3 5354 1937 5355
3 3524 1042 1043
3 3524 1041 1042
3 1042 2498 2500
3 3343 2500 6017
3 2500 2498 3341
3 2500 3341 6017
3 3343 6017 555
3 6017 3341 555
3 2500 3525 1042
3 3341 554 555
3 2499 1333 1337
3 3741 2175 2176
3 2175 3190 304
3 304 2176 2175
3 3741 1337 1333
3 3342 555 554
3 1333 2497 1331
3 1331 2173 3740
3 2173 2171 3740
3 2173 3189 2171
3 303 3189 302
3 3189 303 2171
3 3740 1333 1331
3 3744 2559 2557
3 3366 2557 2559
3 3744 1335 1332
3 2558 1075 1074
3 3563 1976 1975
3 3563 1975 1075
3 5527 1976 3102
3 3101 1975 5527
3 1976 5527 1975
3 4273 110 3101
3 3101 5527 4273
3 3102 111 5527
3 111 4273 5527
3 1975 3561 1075
3 3561 1074 1075
3 3562 2556 2558
3 597 2558 2556
3 2558 1074 3562
3 2556 596 597
3 1335 2172 2174
3 2172 3188 303
3 303 2174 2172
3 3366 597 596
3 3742 2499 2497
3 2499 3342 3340
3 3342 554 3340
3 554 553 3340
3 3340 2497 2499
3 3742 2497 1333
3 2498 1042 1040
3 1042 1041 1040
3 3524 1936 1935
3 3524 1935 1041
3 1936 5354 1935
3 3076 5521 5354
3 3075 1935 5521
3 5354 5521 1935
3 3075 87 4189
3 3075 5521 87
3 3076 4195 5521
3 5521 4195 87
3 3075 4189 5520
3 5520 4189 86
3 3074 5353 5520
3 1935 3075 5353
3 3075 5520 5353
3 5353 1934 1935
3 1041 1935 1934
3 1041 1934 1040
3 1040 2496 2498
3 2496 3339 3341
3 554 3341 553
3 3341 3339 553
3 3341 2498 2496
3 3739 2561 2559
3 3367 598 597
3 597 3366 3367
3 3366 2559 3367
3 2559 2561 3367
3 598 2560 2558
3 1075 3564 1076
3 1075 2558 3564
3 2558 2560 3564
3 1076 3565 3563
3 3565 1978 1977
3 3565 1977 3563
3 1978 5366 1977
3 3104 4281 5366
3 1977 5960 3103
3 5960 4281 3103
3 4281 5960 5366
3 5960 1977 5366
3 112 4276 3103
3 4276 111 3103
3 3103 4281 112
3 111 3102 3103
3 1977 3103 3102
3 3102 1976 1977
3 3563 1075 1076
3 3563 1977 1976
3 2558 597 598
3 2559 3744 3739
3 3744 1332 3739
3 1332 1335 3738
3 1335 2174 2170
3 1335 2170 3738
3 2174 303 302
3 302 2170 2174
3 1331 2497 2495
3 2497 3340 3338
3 3340 553 552
3 3340 552 3338
3 3338 2495 2497
3 2496 1040 3523
3 1040 1039 3523
3 3074 5520 5519
3 5520 86 4186
3 5520 4186 5519
3 3073 5519 85
3 85 5519 4186
3 1933 3074 3073
3 3073 3074 5519
3 3074 1933 5353
3 1933 1934 5353
3 3073 1932 1933
3 1932 3522 1934
3 3522 1039 1040
3 3522 1040 1934
3 1934 1933 1932
3 3523 2494 2496
3 2494 552 3339
3 552 553 3339
3 2494 3339 2496
3 1331 3735 2173
3 3735 2169 2173
3 2169 300 3189
3 3189 300 302
3 3189 2173 2169
3 2167 3187 300
3 3187 301 300
3 1330 2563 2561
3 3368 600 598
3 3368 2561 2563
3 600 3369 598
3 3369 2562 598
3 3567 1077 1076
3 3567 1076 2562
3 3566 1980 1979
3 3104 5366 5528
3 5366 1979 5528
3 1980 3105 1979
3 3105 5528 1979
3 4281 3104 5608
3 3104 4279 5608
3 5608 112 4281
3 3104 5528 4279
3 3105 113 5528
3 5528 113 4279
3 5366 1978 1979
3 1978 3565 3566
3 3565 1076 1077
3 3565 1077 3566
3 3566 1979 1978
3 3564 2560 2562
3 598 2562 2560
3 2562 1076 3564
3 3186 300 301
3 2168 3737 1329
3 3737 1330 1329
3 2561 3739 1330
3 3739 1332 1329
3 3739 1329 1330
3 1332 3738 1329
3 3738 2170 2168
3 3738 2168 1329
3 2170 302 3186
3 300 3186 302
3 3186 2168 2170
3 2561 3368 3367
3 3368 598 3367
3 3735 1331 1328
3 1331 2495 2493
3 2495 3338 3336
3 3336 3338 552
3 3336 2493 2495
3 2493 1328 1331
3 2494 3523 3521
3 3523 1039 1038
3 3523 1038 3521
3 3522 1932 1931
3 1932 3073 5352
3 4183 84 1931
3 1931 5352 4183
3 3073 85 5352
3 5352 85 4183
3 1932 5352 1931
3 1930 1038 1039
3 1930 1039 3522
3 3522 1931 1930
3 3521 2492 2494
3 2492 3337 2494
3 551 3336 3337
3 3336 552 3337
3 3337 552 2494
3 2492 3335 3337
3 3335 551 3337
3 2493 3736 1328
3 1328 3734 3735
3 3734 2167 2169
3 3734 2169 3735
3 300 2169 2167
3 2563 1330 3733
3 1330 1327 3733
3 3737 2168 2166
3 2168 3186 2166
3 3186 301 2166
3 301 299 2166
3 2166 3732 3737
3 3732 1327 3737
3 1327 1330 3737
3 2167 3734 3730
3 3734 1328 1326
3 3734 1326 3730
3 3736 2493 2491
3 2493 3336 3334
3 3336 551 3334
3 551 550 3334
3 3334 2491 2493
3 1328 3736 1326
3 3335 2492 2490
3 2492 3521 2490
3 3521 1038 1037
3 3521 1037 2490
3 1038 1930 3520
3 1930 1929 3520
3 1930 1931 1929
3 3072 1929 5518
3 1931 5518 1929
3 4181 5680 4182
3 5680 83 4182
3 4181 4182 5518
3 4182 3072 5518
3 1931 84 5518
3 5518 84 4181
3 1038 3520 1037
3 3520 1929 1928
3 1037 3519 2490
3 550 551 3335
3 550 3335 3333
3 3335 2490 3333
3 3334 2489 2491
3 2489 3731 3736
3 3731 1326 3736
3 3736 2491 2489
3 3730 2163 2167
3 2163 298 3187
3 301 3187 299
3 3187 298 299
3 3187 2167 2163
3 601 2564 2566
3 2567 3733 3729
3 3733 1327 1325
3 3733 1325 3729
3 3732 2166 2164
3 2166 299 298
3 298 3185 2166
3 3185 2164 2166
3 2164 1325 3732
3 1325 1327 3732
3 3729 2565 2567
3 2489 3334 548
3 3334 550 548
3 3333 2490 2488
3 3519 1037 1036
3 3519 2488 2490
3 1037 3520 3518
3 3520 1928 3518
3 1928 1927 3518
3 1928 1929 1927
3 3071 5351 5517
3 5351 1927 5517
3 1929 3072 1927
3 3072 5517 1927
3 4178 5607 4180
3 5607 82 4180
3 4180 3071 4178
3 3071 5517 4178
3 3072 4182 5517
3 4182 83 5517
3 83 4178 5517
3 5351 1926 1927
3 3518 1036 1037
3 3518 1927 1926
3 1036 2488 3519
3 3333 548 550
3 2488 3332 3333
3 3332 546 548
3 3332 548 3333
3 548 2487 2489
3 2487 3724 3731
3 1326 3731 1324
3 3731 3724 1324
3 3731 2489 2487
3 1324 3727 3728
3 3727 2163 3728
3 2163 3730 3728
3 1324 3728 1326
3 3728 3730 1326
3 2486 3720 3724
3 3720 1319 3724
3 1319 2157 2161
3 2157 296 3184
3 297 3184 296
3 3184 2161 2157
3 1320 1321 3721
3 1321 2569 3721
3 2569 604 603
3 2571 3571 2568
3 3571 1081 1080
3 3571 1080 2568
3 1081 3570 1080
3 1983 1080 3570
3 3109 6013 5368
3 6013 3108 5368
3 5368 3108 1983
3 5609 3108 4295
3 116 4289 4295
3 5609 4295 4289
3 6013 3109 4296
3 116 4295 4296
3 3108 6013 4295
3 6013 4296 4295
3 3108 1982 1983
3 1982 3569 1080
3 1080 1983 1982
3 3569 1079 1080
3 2568 3371 2571
3 604 2571 603
3 2571 3371 603
3 1079 2568 1080
3 2570 3726 3721
3 3726 1323 1320
3 3726 1320 3721
3 3721 2569 2570
3 3725 2162 2158
3 3181 297 296
3 3181 2158 2162
3 2158 1320 3725
3 1320 1323 3725
3 2162 3185 3181
3 3181 3185 297
3 2570 2569 3370
3 2569 603 3370
3 3727 1324 1319
3 2487 548 546
3 3724 1319 1324
3 3332 2488 2485
3 2488 1036 2485
3 1036 1035 2485
3 1926 5897 3518
3 5897 1036 3518
3 1926 5351 5350
3 3071 4180 5351
3 3070 5350 4180
3 5351 4180 5350
3 81 4177 4173
3 82 4173 3070
3 4177 3070 4173
3 82 3070 4180
3 3069 6011 4177
3 6011 3070 4177
3 3070 6011 5350
3 6011 3069 5350
3 5350 1925 1926
3 3069 5349 5350
3 5349 1924 1925
3 5349 1925 5350
3 1036 5897 1035
3 5897 1926 1035
3 1926 1925 1924
3 1924 1035 1926
3 2485 3331 3332
3 3331 545 3332
3 545 546 3332
3 2161 3184 2165
3 3184 297 2165
3 2165 3727 2161
3 3727 1319 2161
3 3724 2487 2486
3 2487 546 545
3 545 2486 2487
3 2157 1319 1318
3 3720 2486 2483
3 2486 545 2483
3 545 544 2483
3 3720 1318 1319
3 2485 1035 1034
3 2485 1034 3517
3 1924 5349 1923
3 3068 1923 4176
3 5349 3069 1923
3 3069 4176 1923
3 81 4170 4176
3 80 3068 4170
3 3068 4176 4170
3 3069 4177 4176
3 81 4176 4177
3 1923 3068 5347
3 5347 1922 1923
3 1922 3516 1924
3 1035 1924 1034
3 1924 3516 1034
3 1924 1923 1922
3 2482 2484 3331
3 545 3331 544
3 3331 2484 544
3 3331 2485 2482
3 3517 2482 2485
3 3547 2528 2484
3 581 2484 2528
3 2207 3201 3183
3 3201 329 3183
3 1388 2536 3782
3 2536 2530 3782
3 2536 3358 2530
3 3358 581 2530
3 2214 3787 3723
3 3787 1395 3723
3 1395 1389 2574
3 2574 1389 2576
3 3374 607 605
3 3374 2574 2576
3 2575 1083 3573
3 1083 1082 3573
3 1082 1083 3574
3 3574 1987 1986
3 1986 1082 3574
3 4302 4297 3111
3 4297 117 3111
3 118 4297 4302
3 3111 5370 4302
3 1987 5963 5370
3 5963 4303 5370
3 118 4302 4303
3 5370 4303 4302
3 3111 1986 5370
3 1986 1987 5370
3 1985 3572 1082
3 1082 1986 1985
3 3573 2573 2575
3 2573 3373 607
3 607 3373 605
3 2575 2573 607
3 2574 1322 1395
3 2210 2214 329
3 3723 1395 1322
3 605 3372 3374
3 3372 2574 3374
3 3723 2159 2214
3 2159 3182 329
3 3182 296 329
3 329 2214 2159
3 1318 3720 2536
3 3720 2483 2536
3 581 3358 544
3 3358 2483 544
3 3358 2536 2483
3 2482 3517 3549
3 1064 3549 1034
3 3549 3517 1034
3 3549 2484 2482
3 3516 1922 1957
3 1922 5347 5348
3 80 5800 3068
3 5800 5347 3068
3 5348 5800 3090
3 5800 80 3090
3 5800 5348 5347
3 80 4171 3090
3 4171 101 3090
3 101 3091 3090
3 1957 3090 3091
3 3090 1957 5348
3 1957 1922 5348
3 3091 1958 1957
3 1958 1064 3516
3 1064 1034 3516
3 3516 1957 1958
3 581 544 2484
3 2484 3549 3547
3 3549 1064 3547
3 2536 1388 1318
3 1388 2207 2160
3 1388 2160 3722
3 3183 329 296
3 3183 2160 2207
3 3722 1318 1388
3 2576 608 3374
3 608 607 3374
3 2577 1084 1083
3 3574 1988 1987
3 1988 4306 5371
3 4306 119 4308
3 4308 5963 5371
3 5963 1987 5371
3 4306 4308 5371
3 119 4300 4308
3 118 4303 4300
3 5963 4308 4303
3 4300 4303 4308
3 1987 1988 5371
3 3574 1083 1084
3 1083 2575 2577
3 607 608 3375
3 3375 2577 2575
3 3375 2575 607
3 3787 2214 2210
3 329 5830 2210
3 5830 327 2210
3 1395 3787 1389
3 3787 2208 1389
3 3787 2210 2208
3 3781 2207 1388
3 2530 581 579
3 579 2529 2530
3 3782 2530 2529
3 3547 1064 1062
3 1064 1958 1955
3 1958 3091 1955
3 3089 1955 4245
3 3091 4245 1955
3 100 4243 4241
3 3089 4245 4243
3 101 4241 4245
3 4243 4245 4241
3 3091 101 4245
3 1955 3546 1064
3 1064 3546 1062
3 1062 2531 3547
3 2531 2528 3547
3 2528 3355 581
3 581 3355 579
3 327 5830 3201
3 5830 329 3201
3 3772 1356 1358
3 3378 626 621
3 3773 1358 1356
3 2604 1096 624
3 1096 1093 624
3 3113 1994 5531
3 1995 5531 1994
3 121 4317 4314
3 4317 3113 4314
3 3113 122 4314
3 3113 5531 122
3 1995 5581 5531
3 5581 4320 5531
3 5531 4320 122
3 1993 3113 4317
3 1993 1994 3113
3 4984 1095 1994
3 4984 1994 1993
3 1096 3579 1093
3 3579 1095 1093
3 3579 1994 1095
3 1664 621 626
3 1664 2604 624
3 2195 315 3197
3 315 314 3197
3 2196 3766 3769
3 3766 1354 3769
3 1354 2603 3770
3 2603 3380 3379
3 3380 627 626
3 3380 626 3379
3 2602 3581 1096
3 3581 1097 1096
3 1995 5580 1997
3 1097 1997 3580
3 1997 5580 3580
3 1997 5375 5376
3 5532 6058 3114
3 6058 5375 3114
3 5375 6058 5376
3 6058 5532 5376
3 4320 5581 4323
3 123 4318 4323
3 4320 4323 4318
3 4323 5581 5532
3 1995 5376 5581
3 5376 5532 5581
3 4323 5532 123
3 5532 3114 123
3 1997 5376 1995
3 3580 1096 1097
3 3580 5580 1994
3 5580 1995 1994
3 1994 3579 3580
3 3579 1096 3580
3 2602 626 627
3 3379 2596 2603
3 3770 1356 1354
3 3770 2603 2596
3 3198 314 315
3 3769 1354 1356
3 1096 2604 2602
3 2604 1664 626
3 626 2602 2604
3 2596 3773 3770
3 3773 1356 3770
3 3198 316 314
3 3198 2196 2197
3 2196 3769 3772
3 3769 1356 3772
3 3772 2197 2196
3 626 3378 3379
3 3378 2596 3379
3 1359 5715 2198
3 5715 3767 2198
3 3767 5715 5084
3 5715 1359 5084
3 5084 1357 3767
3 3771 842 2518
3 1621 567 566
3 1621 2518 842
3 567 2521 3352
3 2521 2519 3352
3 1052 3539 1053
3 3539 3541 1053
3 2520 3541 2519
3 3541 3539 2519
3 1053 3540 1052
3 3540 1953 1952
3 3540 1952 1052
3 4965 1953 1054
3 4227 96 4230
3 4230 3087 4227
3 3087 4235 4227
3 4965 6036 3087
3 6036 4235 3087
3 1054 4234 4965
3 97 4235 4234
3 4235 6036 4234
3 6036 4965 4234
3 3087 5959 4965
3 5959 1952 4965
3 1952 1953 4965
3 1952 3538 1052
3 3352 566 567
3 2517 2519 3539
3 566 3352 3351
3 2519 2517 3352
3 3352 2517 3351
3 2518 3768 3771
3 3768 1355 1357
3 3768 1357 3771
3 3767 2195 2198
3 316 3197 314
3 3197 2198 2195
3 3767 1357 1355
3 2518 1621 566
3 3380 2603 2605
3 1354 2605 2603
3 3766 2196 2194
3 2196 3198 313
3 313 3198 315
3 313 2194 2196
3 3768 2518 2516
3 2518 566 3350
3 566 565 3350
3 3350 2516 2518
3 2517 3539 3537
3 3539 1052 1051
3 3539 1051 3537
3 3538 1952 1951
3 5959 3087 4230
3 3086 5740 4230
3 5740 5361 4230
3 1952 5959 5361
3 5959 4230 5361
3 95 4226 4222
3 4226 3086 4222
3 3086 96 4222
3 3086 4230 96
3 4226 3085 3086
3 1951 5740 3085
3 5740 3086 3085
3 5740 1951 5361
3 1951 1952 5361
3 3085 1950 1951
3 1950 3536 3538
3 1052 3538 1051
3 3538 3536 1051
3 3538 1951 1950
3 3537 2515 2517
3 2515 565 3351
3 565 566 3351
3 2515 3351 2517
3 2516 3765 3768
3 3765 1353 1355
3 3765 1355 3768
3 1353 2193 2195
3 315 3196 313
3 2193 3196 2195
3 3196 315 2195
3 2195 3767 1353
3 3767 1355 1353
3 3760 1345 1347
3 1345 2545 2542
3 588 586 3360
3 3360 2542 2545
3 3360 2545 588
3 2542 1347 1345
3 2543 1068 3553
3 1068 1067 3553
3 3554 1965 1964
3 3096 5365 1965
3 104 4256 4254
3 105 4254 3095
3 4256 3095 4254
3 3096 4258 5365
3 105 3095 4258
3 5365 4258 3095
3 4256 104 3094
3 1963 5742 3094
3 5742 4256 3094
3 4256 5742 3095
3 5742 1964 3095
3 5742 1963 1964
3 3095 1964 5365
3 1964 1965 5365
3 1068 3554 1067
3 3554 1964 1963
3 1963 3552 3554
3 3552 1067 3554
3 3553 2541 2543
3 2541 3361 3362
3 3361 586 3362
3 586 588 3362
3 3362 2543 2541
3 1350 2191 2186
3 2191 311 2186
3 311 310 2186
3 2186 3760 1350
3 3760 1347 1350
3 1351 2512 2510
3 2512 563 561
3 561 3348 2512
3 3348 2510 2512
3 2510 3759 1351
3 3531 1048 3532
3 1048 1049 3532
3 3532 1946 1945
3 3532 1945 3531
3 4213 92 3083
3 93 4215 4213
3 4215 92 4213
3 3083 1945 4213
3 93 4213 4214
3 1945 4214 4213
3 3083 1944 1945
3 3531 1945 1944
3 1944 3529 3531
3 3529 1048 3531
3 3530 2509 2511
3 563 2509 561
3 563 2511 2509
3 2511 1049 3530
3 1049 1048 3530
3 3759 1346 1351
3 2184 5969 1346
3 5969 2190 1346
3 2190 5969 309
3 5969 2184 309
3 309 310 2190
3 2190 2189 1346
3 2189 1351 1346
3 3528 2507 2509
3 2509 2507 559
3 2508 3754 3758
3 3754 1342 3758
3 1342 2180 2184
3 309 3194 307
3 3194 2184 2180
3 2508 3348 3347
3 558 3347 559
3 3347 3348 559
3 2181 2183 3755
3 2183 1343 3755
3 3756 2548 2544
3 2548 3363 2544
3 3363 590 587
3 3363 587 2544
3 2544 1345 3756
3 1345 1343 3756
3 3556 1069 1068
3 2547 3556 2546
3 3556 1068 2546
3 1069 1967 3555
3 1967 1966 3555
3 3096 1966 4260
3 105 4258 4257
3 3096 4260 4258
3 106 4257 4260
3 4260 4257 4258
3 1966 4261 4260
3 106 4260 4261
3 3096 1965 1966
3 3555 1068 1069
3 3555 1966 1965
3 1965 3554 3555
3 3554 1068 3555
3 1068 2543 2546
3 2543 3362 2546
3 3362 587 2546
3 587 590 2546
3 3362 588 587
3 3755 2185 2181
3 2185 309 307
3 2185 307 2181
3 3755 1343 1345
3 1345 2544 2545
3 2544 587 588
3 588 2545 2544
3 1345 3760 3755
3 3760 2186 2185
3 3760 2185 3755
3 2186 310 309
3 2186 309 2185
3 1346 3759 3758
3 2508 3758 2510
3 3758 3759 2510
3 3348 561 559
3 3348 2508 2510
3 2509 3530 1047
3 3530 1048 1047
3 3529 1944 1943
3 3083 5359 1944
3 91 4210 4208
3 3082 4211 4210
3 4210 4211 4208
3 3082 5359 4211
3 92 5802 3083
3 5802 5359 3083
3 5359 5802 4211
3 5802 92 4211
3 91 3081 4210
3 3081 5358 4210
3 1943 3082 5358
3 5358 3082 4210
3 1944 5359 1943
3 5359 3082 1943
3 1048 3529 1047
3 1943 1046 3529
3 1046 1047 3529
3 2509 559 561
3 1046 3528 1047
3 3528 2509 1047
3 3758 1342 1346
3 2184 3194 309
3 1346 1342 2184
3 2506 3757 3754
3 3757 1341 3754
3 1341 3752 2180
3 3752 2182 2180
3 2182 308 3194
3 308 307 3194
3 3194 2180 2182
3 3756 2550 2548
3 3363 592 590
3 3363 2548 2550
3 590 2549 2547
3 2549 3557 3556
3 3557 1070 1069
3 3557 1069 3556
3 3556 2547 2549
3 1969 1970 1968
3 1968 5743 3097
3 5743 4264 3097
3 1970 3098 5743
3 3098 4264 5743
3 5743 1968 1970
3 106 4261 4259
3 3097 4263 4261
3 4261 4263 4259
3 3097 4264 4263
3 107 4263 4264
3 1966 3097 4261
3 3097 1966 1968
3 1966 1967 1968
3 1070 1969 1069
3 1969 1967 1069
3 1969 1968 1967
3 2547 2546 590
3 3756 1343 1344
3 308 3193 307
3 3193 2183 2181
3 3193 2181 307
3 2183 1344 1343
3 2180 1342 1341
3 3754 2508 2506
3 558 2506 3347
3 2506 2508 3347
3 3754 1341 1342
3 1046 1943 1942
3 3081 91 4203
3 90 4207 4203
3 3081 6012 3080
3 6012 4207 3080
3 4207 6012 4203
3 6012 3081 4203
3 3080 1942 3081
3 3081 1942 5358
3 1942 1943 5358
3 3080 1941 1942
3 1941 3527 1046
3 1046 1942 1941
3 3527 1045 1046
3 1045 2505 3528
3 2505 2507 3528
3 558 559 3346
3 2505 3346 2507
3 3346 559 2507
3 3528 1046 1045
3 1340 2553 2550
3 2553 594 592
3 2553 592 2550
3 2551 3559 3557
3 3559 1071 1070
3 3559 1070 3557
3 3558 1971 1970
3 3098 1970 5525
3 1970 1971 5525
3 1971 3099 5525
3 4264 5777 107
3 5777 4262 107
3 4268 5777 3098
3 5777 4264 3098
3 108 5804 4268
3 5804 4262 4268
3 5777 4268 4262
3 3098 5525 4268
3 3099 108 5525
3 5525 108 4268
3 1969 1070 1071
3 1969 1071 3558
3 3558 1970 1969
3 3557 2549 2551
3 590 592 594
3 594 2551 590
3 2551 2549 590
3 2550 3756 1340
3 3756 1344 1340
3 1344 2183 2179
3 3193 308 306
3 3193 2179 2183
3 3753 1340 1344
3 3753 1344 2179
3 592 3363 2550
3 3757 2506 2504
3 2506 558 557
3 557 2504 2506
3 1044 5898 1045
3 5898 2505 1045
3 3527 1941 1940
3 1941 3080 1940
3 3079 5357 4206
3 5357 1940 4206
3 3080 4206 1940
3 4200 89 4202
3 90 4200 4206
3 4202 3079 4200
3 3079 4206 4200
3 3080 4207 4206
3 90 4206 4207
3 5357 1939 1940
3 1939 1044 3527
3 1044 1045 3527
3 3527 1940 1939
3 2503 3345 3346
3 3345 557 3346
3 557 558 3346
3 3346 2505 2503
3 2504 3751 3757
3 3751 1339 1341
3 3751 1341 3757
3 1339 2178 2182
3 1339 2182 3752
3 2178 305 308
3 308 305 306
3 2178 308 2182
3 3752 1341 1339
3 1123 1124 5567
3 5567 5027 1123
3 2651 4760 5256
3 1724 5256 667
3 5256 4760 667
3 2653 5257 668
3 1724 4763 5257
3 668 5257 4763
3 1724 5257 5256
3 2653 5475 5257
3 2651 5256 5475
3 5257 5475 5256
3 5475 2653 5029
3 2651 5475 5028
3 1124 5904 5029
3 5904 5475 5029
3 5475 5904 5028
3 5904 1124 5028
3 1124 1123 5028
3 351 5637 4547
3 5637 1459 4547
3 5747 5258 2242
3 5258 5747 1727
3 5747 898 1727
3 5258 1727 1725
3 898 4914 1459
3 2242 4547 4914
3 4547 1459 4914
3 898 5747 4914
3 5747 2242 4914
3 2652 5140 5259
3 1725 5140 1457
3 5140 1725 5259
3 2242 5258 5139
3 1457 5139 1725
3 5139 5258 1725
3 898 358 2247
3 2655 2654 4763
3 2654 668 4763
3 1727 1471 5155
3 2655 5155 2654
3 5155 1471 2654
3 898 2247 1727
3 1471 1727 2247
3 4761 1724 667
3 4761 4763 1724
3 2652 5476 4761
3 4763 5476 2655
3 4763 4761 5476
3 1727 5261 1725
3 1725 5261 5259
3 5261 3856 5259
3 2652 5259 5476
3 5259 3856 5476
3 3856 2655 5476
3 1727 5155 5261
3 2655 3856 5155
3 3856 5261 5155
3 3598 1111 5006
3 5582 2003 5389
3 5753 3598 5389
3 5006 5582 3598
3 5582 5389 3598
3 4331 649 3389
3 4331 3389 128
3 3389 5389 128
3 5389 2003 128
3 2635 5753 3389
3 5753 5389 3389
3 2945 1453 2240
3 1453 350 2240
3 1453 3389 649
3 3389 1453 2635
3 2635 1453 2945
3 2241 5134 5143
3 5926 5134 1456
3 5134 5926 5143
3 5926 1458 5143
3 1705 5648 4721
3 5648 2637 4721
3 650 1705 4721
3 2637 5648 3973
3 5648 2850 3973
3 2637 3973 5135
3 5135 3973 1458
3 1705 894 2850
3 5648 1705 2850
3 1458 5926 5135
3 5926 1456 5135
3 3598 5753 2945
3 5753 2635 2945
3 1454 5719 2945
3 5719 3598 2945
3 2849 894 5233
3 1705 5233 894
3 2636 5232 4720
3 1705 650 5232
3 5232 650 4720
3 1705 5232 5233
3 3854 5602 2636
3 5602 5232 2636
3 5233 5602 2849
3 5602 3854 2849
3 5602 5233 5232
3 3598 5548 1111
3 3854 5007 5548
3 5007 1111 5548
3 3598 5719 5548
3 5719 1454 5548
3 3854 5548 1454
3 2636 5007 3854
3 1454 2849 3854
3 2004 5010 5391
3 1114 5011 5010
3 2639 5391 5011
3 5010 5011 5391
3 1115 5011 1114
3 129 4337 4335
3 2004 1113 4337
3 4337 1113 4335
3 2004 5391 1113
3 2639 1113 5391
3 1115 2642 5013
3 2642 5925 5013
3 5925 1455 5013
3 655 4728 2639
3 1113 2639 4728
3 2639 5011 5234
3 5013 5011 1115
3 1455 5234 5013
3 5011 5013 5234
3 1472 2853 1470
3 2853 896 1470
3 657 4734 896
3 4734 1470 896
3 1455 2240 655
3 655 2240 350
3 5468 896 1455
3 896 2852 1455
3 896 5624 657
3 5624 3954 657
3 2639 5234 655
3 5234 1455 655
3 3954 5624 5468
3 5624 896 5468
3 5468 2642 5469
3 5469 3954 5468
3 1455 5925 5468
3 5925 2642 5468
3 4546 5637 351
3 1458 3973 1815
3 898 1459 4915
3 5144 4915 1459
3 1459 5637 5144
3 5637 4546 5144
3 2858 5998 2241
3 5998 4546 2241
3 4546 5998 5144
3 5998 2858 5144
3 1458 1815 3864
3 5143 1458 3864
3 2241 5143 2858
3 2858 5143 3864
3 1454 2945 1455
3 2945 2240 1455
3 2849 1454 2851
3 2851 2852 894
3 2852 896 894
3 2849 2851 894
3 2851 1454 1455
3 2851 1455 2852
3 358 898 2857
3 2857 1472 358
3 2853 1472 1817
3 1472 2857 1817
3 5488 2853 1817
3 3973 5948 1815
3 5948 1817 1815
3 2850 5488 3973
3 1817 5948 5488
3 5948 3973 5488
3 5488 2850 894
3 5488 894 2853
3 894 896 2853
3 2858 5997 5144
3 5997 2857 4915
3 5997 4915 5144
3 2857 898 4915
3 3864 1815 1817
3 2857 5997 3864
3 5997 2858 3864
3 3864 1817 2857
3 5030 5027 5567
3 5030 5260 5395
3 5260 2656 5395
3 2006 5030 5395
3 5030 2006 5027
3 131 5610 669
3 5610 4343 669
3 2656 4343 5395
3 5610 131 4342
3 2006 5395 4342
3 4343 5610 5395
3 5610 4342 5395
3 1726 1124 5029
3 5030 5567 1726
3 1124 1726 5567
3 5030 1726 5260
3 1471 2874 2654
3 668 2654 912
3 4343 6041 4765
3 6041 4572 4765
3 4765 669 4343
3 4575 6041 2656
3 6041 4343 2656
3 4575 4576 4572
3 364 5834 4576
3 5834 4572 4576
3 6041 4575 4572
3 4576 4575 2948
3 4575 2656 2948
3 1728 912 1490
3 364 4576 2250
3 2250 4576 2948
3 2250 2948 1728
3 2250 1728 1490
3 2250 1490 5167
3 1728 2653 912
3 912 2653 668
3 1728 2948 1726
3 5260 1726 2948
3 5260 2948 2656
3 2653 1728 1726
3 5029 2653 1726
3 3918 2642 1115
3 2640 5464 3918
3 2642 3918 5464
3 656 4729 3390
3 4731 656 3390
3 4731 5464 2640
3 5469 4731 3390
3 2642 5464 5469
3 4731 5469 5464
3 3390 4729 3954
3 4729 657 3954
3 5469 3390 3954
3 1114 5012 1115
3 5012 3918 1115
3 5238 2244 3985
3 5238 5756 1712
3 5756 2863 1712
3 3985 5756 5238
3 5238 1712 1710
3 357 3817 4563
3 3817 908 4563
3 2244 4560 3985
3 357 4563 4560
3 3403 6020 4563
3 6020 4560 4563
3 4560 6020 3985
3 6020 3403 3985
3 2863 5756 3403
3 5756 3985 3403
3 908 5885 4563
3 5885 2863 3403
3 5885 3403 4563
3 5147 5600 1710
3 5600 1466 1710
3 2244 5238 5146
3 1466 5146 1710
3 5146 5238 1710
3 358 1472 908
3 2863 5885 1472
3 5885 908 1472
3 4733 4734 657
3 5154 4734 2643
3 4734 4733 2643
3 1470 4734 5154
3 2643 5239 5154
3 1470 5154 1712
3 5154 5239 1712
3 2863 1472 1712
3 1472 1470 1712
3 656 4732 4729
3 2641 4733 4732
3 4733 657 4729
3 4732 4733 4729
3 4733 2641 5466
3 2643 4733 5466
3 5239 1710 1712
3 2643 5466 5239
3 2641 5147 5466
3 1710 5239 5147
3 5466 5147 5239
3 2005 4339 1121
3 130 5807 4339
3 5807 1121 4339
3 1489 4573 5166
3 364 2250 4573
3 5166 4573 2250
3 5254 5255 5641
3 5255 1722 5641
3 5641 2649 5254
3 2649 1490 2870
3 2649 2870 5254
3 5254 2870 2871
3 3955 664 1489
3 2649 5987 5422
3 5987 3955 5422
3 5166 2250 5422
3 5422 3955 5166
3 3955 1489 5166
3 2250 5167 5422
3 5167 1490 2649
3 5167 2649 5422
3 1467 5150 5151
3 5150 2648 5151
3 2648 2869 5151
3 2648 4748 4927
3 663 4745 4748
3 910 4927 4745
3 4748 4745 4927
3 2648 4927 2869
3 910 4928 4927
3 4928 2869 4927
3 3955 5394 664
3 2005 1121 5394
3 664 5394 1121
3 2005 5394 5253
3 2649 5988 5987
3 5988 5394 3955
3 5988 3955 5987
3 5988 5253 5394
3 5253 5988 5641
3 5988 2649 5641
3 5641 1722 5253
3 1120 5021 1722
3 2005 5253 5021
3 1722 5021 5253
3 2647 4926 4747
3 910 4745 4926
3 663 4747 4745
3 4926 4745 4747
3 4926 2871 910
3 2647 5471 4926
3 2871 4926 5471
3 3855 5630 5255
3 5255 5630 1722
3 5630 1120 1722
3 1120 5630 5022
3 5630 3855 5022
3 2647 5022 5471
3 2871 5471 5489
3 5022 3855 5471
3 3855 5489 5471
3 2871 5489 5254
3 5489 3855 5254
3 3855 5255 5254
3 2864 3921 2247
3 1471 2247 3921
3 908 2864 358
3 2864 2247 358
3 2874 912 2654
3 2874 1471 1821
3 1471 3921 1821
3 2864 1821 3921
3 2872 2869 4928
3 1467 5151 5148
3 2869 5281 5151
3 1821 5735 5281
3 5735 5148 5281
3 5151 5281 5148
3 2869 2872 5281
3 3817 2865 908
3 2865 3817 5420
3 2245 5420 4561
3 3817 4561 5420
3 3817 357 4561
3 5735 3865 5148
3 2245 5149 3865
3 1467 5148 5149
3 5148 3865 5149
3 2865 5420 3865
3 5420 2245 3865
3 3865 5735 2865
3 5735 1821 2865
3 1490 912 2870
3 912 1823 2870
3 910 2871 1823
3 1823 2871 2870
3 908 2865 2864
3 1821 2864 2865
3 910 1823 4928
3 1823 2872 4928
3 912 2874 1823
3 1823 2874 2872
3 2874 1821 2872
3 5281 2872 1821
3 5377 6015 5380
3 6015 3115 5380
3 2000 5377 5380
3 3584 1103 4991
3 1101 4991 4989
3 1103 4989 4991
3 3584 5379 5382
3 5377 5379 1998
3 2000 5382 5377
3 5379 5377 5382
3 634 5858 4694
3 5858 2619 4694
3 1676 3831 5213
3 2619 5213 3831
3 5442 2617 2898
3 3831 5544 2619
3 3385 4694 5544
3 2619 5544 4694
3 2617 5443 2898
3 3831 5443 5544
3 5979 3385 5544
3 2617 5979 5443
3 5979 5544 5443
3 2613 1676 632
3 3831 2611 5438
3 3831 1676 2611
3 1676 2613 2611
3 2898 3585 5442
3 3585 3589 5442
3 3589 3585 1101
3 3589 1101 4989
3 3831 5438 5443
3 2898 5443 5438
3 5438 5792 2898
3 5792 3585 2898
3 3585 5792 5978
3 5792 5438 2611
3 5792 2611 5978
3 2236 5407 5409
3 3208 5126 5764
3 5126 3807 5764
3 5764 5409 3208
3 5407 3208 5409
3 3208 4538 5126
3 1440 5126 4536
3 4538 340 5126
3 340 4536 5126
3 1440 3807 5126
3 3804 5408 5497
3 5497 5408 2236
3 5409 5764 5498
3 5764 3807 5498
3 2938 5497 5409
3 5497 2236 5409
3 5409 5498 2938
3 2826 3872 3398
3 3872 867 3398
3 2826 3838 2942
3 3807 3872 5498
3 3872 2942 5498
3 867 3872 5125
3 3807 1440 3872
3 1440 5125 3872
3 3872 2826 2942
3 3386 5446 5449
3 2618 5444 5446
3 2620 5449 5444
3 5446 5444 5449
3 1438 2939 5119
3 3837 2939 1681
3 5447 2939 3837
3 3805 5119 5447
3 2939 5447 5119
3 2620 5981 3837
3 5981 5447 3837
3 5980 5444 2618
3 5447 5981 5980
3 5981 2620 5444
3 5981 5444 5980
3 5447 5980 3805
3 5980 2618 3805
3 5498 2942 2938
3 2939 5499 1681
3 5499 3838 1681
3 2939 1438 5118
3 2939 5118 5499
3 3838 5499 5550
3 5118 3804 5499
3 3804 5550 5499
3 3804 5497 5550
3 5497 2938 5550
3 3838 5550 2942
3 5550 2938 2942
3 3790 1401 330
3 330 2216 3790
3 2216 2924 3790
3 2612 3833 1397
3 1397 3833 1677
3 3833 2612 2614
3 3398 867 1401
3 2924 1397 1677
3 1401 3790 3398
3 3790 2924 2825
3 3790 2825 3398
3 1677 2825 2924
3 5858 634 3386
3 3830 5213 5448
3 2619 5448 5213
3 3830 5448 5449
3 2619 5858 5448
3 5858 3386 5448
3 5448 3386 5449
3 3398 2825 2826
3 2825 1677 2826
3 1677 2961 2826
3 2826 2961 1681
3 3838 2826 1681
3 1676 3832 632
3 3832 2614 632
3 3833 2614 2960
3 3832 2960 2614
3 3837 2961 2620
3 3837 1681 2961
3 2960 2961 3833
3 2961 1677 3833
3 3832 1676 3830
3 1676 5213 3830
3 3830 5449 2960
3 2620 2960 5449
3 3830 2960 3832
3 2620 2961 2960
3 1110 3595 3597
3 3595 2002 5493
3 2900 5493 2002
3 5493 3597 3595
3 2002 3116 5386
3 3116 3592 5386
3 127 4329 3592
3 4329 1108 3592
3 127 3592 3116
3 1108 3593 3592
3 2002 5386 2900
3 5386 5492 2900
3 3593 5492 3592
3 5492 5386 3592
3 3593 5453 2628
3 5451 3387 5453
3 3593 1108 5452
3 646 3387 4708
3 2626 4708 5451
3 3387 5451 4708
3 5452 6060 3593
3 6060 5453 3593
3 2626 5451 5452
3 5453 6060 5451
3 6060 5452 5451
3 648 4715 4716
3 2632 5456 4715
3 5462 5456 2634
3 5456 5462 4715
3 5462 4716 4715
3 5458 5456 5457
3 5456 2632 5457
3 3843 5458 5547
3 5457 3596 5458
3 3596 5547 5458
3 5547 5730 3843
3 5730 1696 3843
3 5730 5547 5002
3 3596 5004 5547
3 1110 5002 5004
3 5547 5004 5002
3 5456 5458 2634
3 5458 3843 2634
3 3593 2628 5492
3 2900 5492 2628
3 3597 5454 3842
3 5454 2628 3842
3 1696 5730 5222
3 5730 5002 5222
3 1110 3597 5002
3 3597 5222 5002
3 3597 3842 5222
3 3842 1696 5222
3 3597 5493 5454
3 5493 2900 5454
3 2900 2628 5454
3 3793 4521 2220
3 3205 2220 4521
3 4521 3793 5105
3 1403 4519 5105
3 331 4520 4519
3 4520 4521 4519
3 5105 4519 4521
3 3205 4521 4520
3 2220 3796 2931
3 3796 1405 2931
3 2220 2931 3793
3 2827 3844 3797
3 1405 3797 1697
3 3797 3844 1697
3 2629 3387 3871
3 646 5860 3387
3 5860 3871 3387
3 5860 646 2627
3 3794 2627 5106
3 1403 5106 1285
3 2627 1285 5106
3 1697 2629 2932
3 3871 5860 3794
3 5860 2627 3794
3 2629 3871 2932
3 3871 3794 2932
3 2932 1405 1697
3 1403 5105 5106
3 3794 5106 3793
3 5105 3793 5106
3 3794 3793 2931
3 2931 2932 3794
3 1405 2932 2931
3 3209 5972 2238
3 5972 2237 2238
3 2237 5122 2238
3 1439 5124 5122
3 5124 3809 5122
3 3809 2238 5122
3 1439 5120 5124
3 1441 5127 5120
3 3809 5124 5127
3 5120 5127 5124
3 3809 5413 2238
3 2633 3388 2940
3 3849 2940 5226
3 3388 5226 2940
3 3388 5227 5226
3 5227 4717 5226
3 4714 4717 648
3 5226 4714 1701
3 4714 5226 4717
3 3849 5226 1701
3 2940 5500 2633
3 5500 3806 2633
3 3849 2944 2940
3 2944 5995 6002
3 5995 2828 3810
3 5995 3810 6002
3 3849 5486 2944
3 3399 5995 5486
3 5995 2944 5486
3 3849 1701 5486
3 868 5486 5225
3 1701 5225 5486
3 5486 868 3399
3 5995 3399 2828
3 2940 5501 5500
3 3806 5500 3811
3 5500 5501 3811
3 5123 3811 1441
3 3811 5123 3806
3 1441 5120 5123
3 5128 1441 3811
3 5501 2940 2944
3 3811 5501 5128
3 2944 6002 5501
3 6002 3810 5501
3 5501 3810 5128
3 3387 2629 5453
3 2629 2628 5453
3 2628 1697 3842
3 1697 1696 3842
3 1697 2628 2629
3 2827 868 3851
3 5225 3851 868
3 3844 2827 2963
3 3851 2963 2827
3 3850 4716 5462
3 648 4716 4714
3 1701 4714 3850
3 4714 4716 3850
3 3851 5225 3850
3 5225 1701 3850
3 5462 2634 3850
3 2634 5461 3850
3 3850 5461 3851
3 5461 2963 3851
3 3844 5461 3843
3 5461 2634 3843
3 3844 3843 1696
3 1696 1697 3844
3 3844 2963 5461
3 119 4306 4309
3 1989 5491 4306
3 5491 3866 4306
3 4306 3866 4309
3 3866 1990 4309
3 119 4309 4307
3 1990 4307 4309
3 2894 3575 5491
3 3866 5491 5372
3 3575 5372 5491
3 3575 4977 5372
3 4977 1086 5372
3 1086 1990 5372
3 3866 5372 1990
3 2894 5491 1989
3 2579 3823 1085
3 1085 3823 1644
3 2582 1086 4977
3 4977 5785 2582
3 5785 610 2582
3 3575 5541 4977
3 3376 610 5541
3 610 5785 5541
3 5785 4977 5541
3 3575 2584 5541
3 5541 5433 3376
3 5433 5541 2584
3 2584 2894 1644
3 2894 1085 1644
3 3575 2894 2584
3 3204 2218 2215
3 1400 1396 2215
3 1400 2823 2928
3 3397 2928 2823
3 2580 866 609
3 1400 2928 1396
3 866 2580 3397
3 2580 2928 3397
3 1396 2928 3788
3 2928 2580 3788
3 3791 2219 3205
3 1402 5103 4518
3 331 4518 3791
3 5103 3791 4518
3 3205 4520 3791
3 331 3791 4520
3 6018 3376 5433
3 3792 6018 2585
3 6018 5433 2585
3 2583 5432 3792
3 3376 6018 5432
3 6018 3792 5432
3 3376 5432 610
3 5432 2583 610
3 2956 2930 2585
3 1402 4888 5104
3 4888 2583 5104
3 2583 3792 5104
3 2930 5653 2585
3 5653 3792 2585
3 1646 2824 1404
3 1402 5104 5103
3 3792 6021 5104
3 6021 5496 5104
3 3791 5103 5496
3 5104 5496 5103
3 5496 6021 5653
3 6021 3792 5653
3 5653 2930 5496
3 3791 5496 2219
3 5496 2930 2219
3 3795 1646 1404
3 1646 3795 2956
3 3795 2219 2930
3 3795 2930 2956
3 2955 609 866
3 3823 2579 2955
3 2955 2579 609
3 3823 2955 2824
3 3823 2824 1646
3 2955 866 2824
3 5433 2584 2585
3 2584 2956 2585
3 2956 2584 1644
3 3823 1646 2956
3 3823 2956 1644
3 2238 5412 3209
3 3808 3209 5412
3 4536 340 3209
3 3209 3808 4536
3 1440 4536 3808
3 3808 5412 3873
3 2238 5413 5412
3 5413 2941 5412
3 5412 2941 3873
3 868 2829 3399
3 2829 2828 3399
3 5127 1441 3876
3 1441 5128 3876
3 5128 3810 1805
3 5128 1805 3876
3 3810 2828 1805
3 5125 3873 867
3 1440 3808 5125
3 3808 3873 5125
3 1805 3860 3861
3 3860 1401 2943
3 3860 2943 3861
3 1401 867 3873
3 3873 2943 1401
3 3809 3876 5413
3 3876 2941 5413
3 3809 5127 3876
3 3873 2941 2943
3 1805 3861 3876
3 3861 2943 2941
3 3861 2941 3876
3 3205 2219 2220
3 3796 1404 1405
3 1404 3796 3795
3 2219 3795 2220
3 3795 3796 2220
3 2824 866 1804
3 1404 2824 2933
3 1804 2933 2824
3 2827 2829 868
3 1405 2933 3797
3 2933 2827 3797
3 2829 2827 1804
3 2933 1804 2827
3 2933 1405 1404
3 2929 330 1401
3 1400 2215 2218
3 330 2929 3204
3 2929 2218 3204
3 1803 2218 3860
3 1401 3860 2929
3 3860 2218 2929
3 866 3397 2823
3 3859 1400 1803
3 3859 2823 1400
3 2218 1803 1400
3 2971 1805 2828
3 2829 2971 2828
3 2823 1804 866
3 1803 2971 3859
3 2971 2823 3859
3 1804 2823 2829
3 2971 2829 2823
3 3860 1805 1803
3 2971 1803 1805
3 1101 3586 4991
3 3584 4991 5379
3 3586 5379 4991
3 5379 3586 1998
3 1998 5378 5377
3 3583 5533 5378
3 6015 5533 3115
3 5533 6015 5378
3 6015 5377 5378
3 1100 5903 4986
3 5903 1098 4986
3 3583 4986 5533
3 3115 5533 124
3 4986 1098 5533
3 1098 124 5533
3 2613 1674 2897
3 3585 5978 3870
3 5978 2611 3870
3 4990 3870 2897
3 3870 4990 3585
3 4990 1101 3585
3 2897 3870 2613
3 3870 2611 2613
3 3874 1998 3586
3 1101 4990 3586
3 2897 3586 4990
3 3586 2897 3874
3 2607 1100 3583
3 4986 3583 1100
3 3583 5378 5436
3 1998 3874 5378
3 2609 5436 3874
3 5378 3874 5436
3 3583 5436 2607
3 2897 1674 3874
3 3874 1674 2609
3 2924 1399 1397
3 2927 865 2612
3 632 2612 865
3 1399 2822 2927
3 865 2927 2822
3 2612 632 2614
3 2612 1397 1399
3 1399 2927 2612
3 3203 4516 5400
3 328 2211 4516
3 4516 2211 5400
3 5400 5495 3203
3 5495 2921 3203
3 3784 5495 5400
3 5102 5646 1392
3 2211 5101 5646
3 5101 1392 5646
3 3784 5400 5646
3 5400 2211 5646
3 5646 5102 3784
3 3786 2213 2921
3 3203 2921 2213
3 2610 5751 3383
3 5751 3869 3383
3 4692 3869 2608
3 4692 3383 3869
3 3869 5751 5102
3 5751 2610 3784
3 5751 3784 5102
3 2608 5977 1392
3 5977 5102 1392
3 5102 5977 3869
3 5977 2608 3869
3 2821 1394 1675
3 3784 2610 5495
3 2610 2921 5495
3 1394 3786 1675
3 3786 2921 2610
3 2959 865 2821
3 1675 2959 2821
3 865 2959 632
3 2607 5437 631
3 3383 4692 5437
3 631 5437 4692
3 2610 3383 2609
3 2607 5436 5437
3 5436 2609 3383
3 5436 3383 5437
3 2610 1674 3786
3 3877 1675 1674
3 1674 1675 3786
3 1674 2610 2609
3 2959 2613 632
3 2959 1675 3877
3 3877 1674 2613
3 3877 2613 2959
3 1989 4306 1988
3 1988 3574 2894
3 3574 1084 2894
3 1085 2894 1084
3 2894 1989 1988
3 2893 3375 1642
3 1642 3375 608
3 1084 2577 2893
3 3375 2893 2577
3 2579 1642 609
3 2893 2579 1085
3 1642 2579 2893
3 1084 2893 1085
3 2208 2210 2817
3 2210 327 2817
3 864 2817 327
3 608 2576 2578
3 2578 2918 1643
3 2918 2578 2576
3 2918 2576 1389
3 2817 3822 3875
3 2918 3875 1643
3 3875 3822 1643
3 2208 2918 1389
3 2918 2208 3875
3 2208 2817 3875
3 3204 2217 330
3 1396 3789 2215
3 3789 2923 2215
3 2923 1398 2217
3 2217 3204 2923
3 3204 2215 2923
3 2581 1645 3788
3 1396 3788 1645
3 3788 2580 2581
3 2818 864 2923
3 864 1398 2923
3 1645 2818 2923
3 3789 1396 1645
3 2923 3789 1645
3 3821 1642 608
3 3821 608 2578
3 864 2818 2817
3 2818 1645 3822
3 1643 3822 1645
3 3822 2817 2818
3 2581 2580 3821
3 1642 3821 609
3 3821 2580 609
3 1643 1645 2581
3 3821 2578 2581
3 1643 2581 2578
3 3089 5523 1955
3 3548 2892 5523
3 1955 5523 2892
3 3089 4243 5523
3 4243 100 5523
3 1956 4975 100
3 4975 3548 100
3 3548 5523 100
3 4975 1956 1063
3 3546 1955 2892
3 4666 5976 5431
3 5976 3356 5431
3 580 4666 2532
3 4666 5431 2532
3 3356 4974 5431
3 2532 5431 1063
3 5431 4974 1063
3 2531 3355 2528
3 2531 1062 1639
3 1639 3819 2531
3 1063 4974 4975
3 3356 5490 4974
3 3548 4975 5490
3 4974 5490 4975
3 2892 5490 2534
3 5490 3356 2534
3 3548 5490 2892
3 3546 1639 1062
3 2534 1639 2892
3 1639 3546 2892
3 5100 4515 3202
3 4513 5100 1391
3 328 4515 4513
3 5100 4513 4515
3 3785 1641 1393
3 3357 4667 2535
3 4667 3868 2535
3 2533 3868 580
3 4667 580 3868
3 3783 2920 5549
3 5099 6023 2533
3 6023 3868 2533
3 6023 5549 3868
3 5100 5790 1391
3 5790 5099 1391
3 5099 5790 3783
3 5790 5100 3783
3 5549 6023 3783
3 6023 5099 3783
3 1641 2535 2920
3 3868 5549 2535
3 5549 2920 2535
3 2920 5921 1641
3 5921 1393 1641
3 5100 3202 3783
3 2920 3783 3202
3 2920 3202 2212
3 327 3201 2209
3 3201 2207 2209
3 3781 1388 2917
3 2209 3781 1390
3 3781 2917 1390
3 3781 2209 2207
3 2529 579 1640
3 3820 1640 863
3 863 2814 3820
3 2814 2919 3820
3 2529 2917 3782
3 2917 1388 3782
3 1640 3820 2529
3 2529 3820 2919
3 2919 1390 2917
3 2917 2529 2919
3 4666 580 4667
3 5976 2534 3356
3 4667 3357 4666
3 2534 5976 3357
3 5976 4666 3357
3 2534 3357 2535
3 2535 1641 2953
3 2534 2953 1639
3 2953 2534 2535
3 2954 863 1640
3 2954 3785 2815
3 863 2954 2815
3 3355 1640 579
3 3785 2953 1641
3 1640 3355 2954
3 2954 3355 2531
3 2953 3819 1639
3 2953 3785 3819
3 2531 3819 2954
3 3819 3785 2954
3 2216 330 2217
3 2926 2217 1398
3 1399 2924 2925
3 2925 2924 2216
3 2217 2926 2216
3 2216 2926 2925
3 2820 2926 3396
3 864 3396 1398
3 3396 2926 1398
3 865 2822 1801
3 2822 1399 1802
3 2925 1802 1399
3 1802 2925 2820
3 2926 2820 2925
3 863 2816 2814
3 2814 3857 2919
3 3857 1800 1390
3 3857 1390 2919
3 2819 3396 2209
3 864 327 3396
3 3396 327 2209
3 2209 1390 1800
3 1800 2819 2209
3 328 4516 4515
3 4515 4516 3203
3 2213 5971 3203
3 5971 4515 3203
3 4515 5971 3202
3 5971 2213 2212
3 5971 2212 3202
3 2213 3786 3867
3 3786 1394 3867
3 2212 3867 2920
3 3867 1394 1393
3 1393 5921 3867
3 5921 2920 3867
3 3867 2212 2213
3 1801 2821 865
3 2815 2816 863
3 1393 2922 3785
3 2922 2815 3785
3 3858 1801 2816
3 2816 2815 3858
3 2815 2922 3858
3 2821 2922 1394
3 1801 3858 2821
3 3858 2922 2821
3 2922 1393 1394
3 3396 2819 2820
3 2819 1800 2820
3 1800 2970 2820
3 1802 2820 2970
3 2969 2816 1801
3 3857 2814 2969
3 2816 2969 2814
3 1802 2969 2822
3 1801 2822 2969
3 2969 1802 3857
3 1800 3857 2970
3 3857 1802 2970
3 4978 5373 3112
3 5964 4978 3578
3 4978 5964 5373
3 5964 1992 5373
3 4313 4978 3112
3 1090 4978 4311
3 120 4311 4978
3 120 4978 4313
3 1090 3578 4978
3 2592 5434 3377
3 1090 4669 3578
3 4669 5786 3578
3 5786 5434 3578
3 5434 5786 3377
3 5786 617 3377
3 5786 4669 617
3 2589 1088 3826
3 1088 1654 3826
3 1992 5964 5434
3 5964 3578 5434
3 5434 2592 1992
3 2592 1654 3577
3 1654 1088 3577
3 2592 3577 1992
3 3801 5538 5402
3 3206 2226 5538
3 5402 5538 2226
3 3801 1417 4522
3 3801 4522 5538
3 3206 5538 334
3 4522 334 5538
3 3826 1421 2831
3 2592 5435 5402
3 3377 5109 5435
3 5109 3801 5435
3 3801 5402 5435
3 5109 3377 617
3 1417 5109 4670
3 617 4670 5109
3 5109 1417 3801
3 5402 2226 2592
3 2226 1422 1421
3 1421 2592 2226
3 2221 1406 1409
3 2590 2591 1655
3 2591 615 1655
3 869 2830 1655
3 2830 2590 1655
3 2830 1409 1406
3 2830 1406 2590
3 5435 2592 3377
3 2592 1421 1654
3 3826 2831 2958
3 2831 3400 2958
3 3400 869 1655
3 3400 1655 2958
3 3826 2958 2589
3 2958 1655 615
3 615 2589 2958
3 3826 1654 1421
3 3116 2002 5387
3 3594 5534 5387
3 5387 5534 3116
3 1109 4330 3594
3 3594 4330 5534
3 3116 5534 127
3 4330 127 5534
3 5763 3596 5457
3 3846 1698 5003
3 1110 5004 5003
3 3846 5003 5004
3 3596 5763 5004
3 5763 3846 5004
3 647 4709 4712
3 4709 3594 4712
3 3594 5455 4712
3 1109 3594 4709
3 3594 5387 5455
3 2002 5385 5387
3 2630 5455 5385
3 5387 5385 5455
3 3595 5388 2002
3 3595 1110 5003
3 3595 5003 5388
3 1698 3845 5003
3 3845 5388 5003
3 2630 5388 3845
3 2002 5388 5385
3 5388 2630 5385
3 5746 2237 5415
3 2237 5972 5415
3 5972 3209 5415
3 3814 5121 2239
3 1439 5122 5121
3 2239 5121 5122
3 1443 5121 3814
3 2237 5746 5122
3 5746 2239 5122
3 1702 5640 4900
3 5640 3402 4900
3 3402 873 4900
3 3402 5640 3853
3 2633 5460 3388
3 3853 5227 5460
3 5460 5227 3388
3 3853 5640 5227
3 5640 1702 5227
3 648 4717 1702
3 5227 1702 4717
3 3853 5460 3402
3 2633 5459 5460
3 5459 2837 5460
3 2837 3402 5460
3 2633 3806 5459
3 3816 5459 3806
3 3806 5123 5130
3 5120 1439 5121
3 1443 5131 5121
3 5131 5130 5121
3 5123 5120 5130
3 5120 5121 5130
3 5131 3816 5130
3 3816 3806 5130
3 5131 3815 3816
3 5459 3815 2837
3 3815 5459 3816
3 2226 5401 1422
3 5401 2934 1422
3 3206 334 4523
3 5539 1418 3802
3 4523 5539 3206
3 1418 5539 4523
3 5401 5539 2934
3 5539 3802 2934
3 3206 5539 2226
3 5401 2226 5539
3 3847 2934 2631
3 647 4713 4710
3 2934 3802 4713
3 3802 4710 4713
3 3802 1418 4710
3 2934 4713 2631
3 2836 1422 1700
3 1700 3848 2836
3 3848 2838 2836
3 2934 3847 1422
3 3847 1700 1422
3 3846 5763 5502
3 5763 5457 5502
3 5502 2632 2964
3 2632 5502 5457
3 648 4718 4715
3 4718 3852 4715
3 3852 2632 4715
3 648 1702 4718
3 3852 4718 5228
3 1702 5228 4718
3 3852 2964 2632
3 3848 6005 2838
3 6005 2964 2838
3 3852 5228 2964
3 5228 3911 2964
3 2964 3911 2838
3 4900 873 3911
3 1702 4900 5228
3 5228 4900 3911
3 3911 873 2838
3 647 4712 4713
3 4712 5455 2631
3 5455 2630 2631
3 4712 2631 4713
3 3845 5224 2630
3 3847 2630 5224
3 3845 1698 5224
3 1698 1700 5224
3 5224 1700 3847
3 2630 3847 2631
3 2964 6005 5502
3 6005 3848 5502
3 3846 5502 5223
3 3848 5223 5502
3 1698 5223 1700
3 5223 3848 1700
3 1698 3846 5223
3 5380 1999 2000
3 3587 4994 5383
3 4994 5545 5383
3 3584 5382 5545
3 5382 1999 5545
3 1999 5383 5545
3 1103 4995 4992
3 4994 1102 4995
3 1102 4992 4995
3 4994 4995 5545
3 3584 5545 1103
3 4995 1103 5545
3 1999 5382 2000
3 5543 3385 5439
3 5543 5752 3384
3 5752 2615 3384
3 5439 5752 5543
3 1678 3384 633
3 3384 1678 5543
3 5543 5214 3385
3 5214 5543 1678
3 3385 5214 4694
3 1678 4693 5214
3 634 4694 4693
3 5214 4693 4694
3 3385 5979 5439
3 5979 2617 5439
3 2617 5442 5441
3 3589 5546 5442
3 3588 5441 5546
3 5442 5546 5441
3 4989 1103 4992
3 3589 4989 5546
3 4989 4992 5546
3 1102 3588 4992
3 4992 3588 5546
3 3588 5440 5441
3 2615 5752 5440
3 5752 5439 5440
3 2617 5441 5439
3 5440 5439 5441
3 2222 332 3799
3 332 1410 3799
3 3799 1407 2222
3 3836 1407 2832
3 1407 3799 3401
3 3799 1410 870
3 3799 870 3401
3 3401 2832 1407
3 2616 3798 3835
3 3798 1407 1680
3 3798 1680 3835
3 3836 1680 1407
3 2236 5410 5407
3 3208 5407 5410
3 5129 5782 3813
3 340 4539 4537
3 5129 1442 5782
3 1442 4537 4539
3 1442 4539 5782
3 3813 5782 5410
3 5782 4539 5410
3 340 4538 4539
3 4538 3208 4539
3 3208 5410 4539
3 3386 6019 5446
3 6019 5450 5446
3 5450 2621 5445
3 5446 5445 2618
3 5445 5446 5450
3 3805 5445 3839
3 2621 5982 5445
3 5982 3839 5445
3 5117 3839 1682
3 1438 5119 5117
3 3839 5117 3805
3 5117 5119 3805
3 3805 2618 5445
3 3813 2832 3401
3 1442 5129 870
3 5129 3401 870
3 3401 5129 3813
3 2236 5406 5410
3 2832 3813 5406
3 3813 5410 5406
3 2236 5408 5411
3 3804 5411 5408
3 3804 5118 5218
3 1682 5218 5117
3 5118 1438 5218
3 1438 5117 5218
3 3804 5218 5411
3 1682 5217 5218
3 5217 3840 5218
3 3840 5411 5218
3 2832 5406 3840
3 2236 5411 5406
3 5411 3840 5406
3 2621 2616 3835
3 2616 3834 633
3 3834 2616 2621
3 633 3834 1678
3 3836 2832 3840
3 1682 5216 5217
3 1680 5217 5216
3 3840 5217 3836
3 5217 1680 3836
3 2621 5450 3834
3 4693 5215 634
3 5215 3386 634
3 1678 5215 4693
3 6019 3386 5215
3 3834 5765 1678
3 5765 5215 1678
3 5450 6019 5765
3 6019 5215 5765
3 5765 3834 5450
3 3839 5982 6022
3 5982 2621 3835
3 5982 3835 6022
3 5216 3835 1680
3 3839 6022 1682
3 6022 5216 1682
3 6022 3835 5216
3 2836 2838 3400
3 2838 873 869
3 2838 869 3400
3 3400 2831 2836
3 2831 1421 1422
3 2831 1422 2836
3 2239 5746 5416
3 5746 5415 5416
3 3209 5540 5415
3 3812 5416 5540
3 5415 5540 5416
3 4537 3209 340
3 3209 4537 5540
3 3812 5540 1442
3 5540 4537 1442
3 870 6059 3812
3 6059 5414 3812
3 870 1410 2834
3 5414 6059 2834
3 6059 870 2834
3 870 3812 1442
3 3402 2837 2839
3 1443 1806 3815
3 1443 3815 5131
3 3815 2839 2837
3 3812 5414 5416
3 5414 2239 5416
3 3814 2834 3863
3 3863 1806 1443
3 3863 1443 3814
3 2239 5414 3814
3 5414 2834 3814
3 1409 2833 2221
3 2833 1410 2221
3 1410 332 2221
3 3862 1409 2830
3 1806 3862 3815
3 3862 2839 3815
3 2839 869 3402
3 869 873 3402
3 1410 2833 2834
3 2833 1409 3863
3 1409 1806 3863
3 3863 2834 2833
3 3862 2830 2839
3 869 2839 2830
3 3862 1806 1409
3 1991 3112 5373
3 3577 1088 1087
3 1087 3576 3577
3 1991 5373 3576
3 5373 1992 3576
3 3576 1992 3577
3 615 1651 2589
3 2589 1651 614
3 2586 1087 1088
3 1088 2589 2586
3 2221 332 859
3 2590 1406 1652
3 1652 2591 2590
3 859 2803 2221
3 2803 1652 1406
3 1406 2221 2803
3 2201 1375 324
3 1372 2587 2588
3 3824 2803 2201
3 1375 2201 2803
3 1375 2803 859
3 2201 1372 1652
3 2201 1652 3824
3 1651 615 2591
3 3824 1652 2803
3 2588 2587 1651
3 2587 614 1651
3 1651 2591 2588
3 1372 2588 1652
3 2588 2591 1652
3 5380 5673 1999
3 5673 5381 1999
3 3115 4988 5380
3 4988 3582 5673
3 3582 5381 5673
3 5673 5380 4988
3 3115 124 4988
3 1099 4988 4324
3 124 4324 4988
3 3582 4988 1099
3 3828 2896 2606
3 3582 5542 5381
3 3381 6000 5542
3 6000 2896 5542
3 5381 5542 2896
3 3582 1099 4690
3 630 4690 4687
3 1099 4687 4690
3 3582 4690 5542
3 630 3381 4690
3 3381 5542 4690
3 2896 6000 2606
3 6000 3381 2606
3 3588 1672 5440
3 5440 1672 2615
3 3588 1102 1672
3 1102 4993 1672
3 3828 3587 2896
3 3587 5383 2896
3 4993 3828 1672
3 3828 4993 3587
3 1102 4994 4993
3 4993 4994 3587
3 1999 5381 5383
3 5381 2896 5383
3 3775 2911 2205
3 2911 3382 5536
3 5970 5536 3199
3 5536 5970 2911
3 5970 2205 2911
3 3382 1378 5536
3 3199 5536 1378
3 325 3199 1378
3 2810 1672 1382
3 1382 2808 2810
3 3829 2606 2911
3 3381 4688 3382
3 4688 1378 3382
3 630 4688 3381
3 3382 2911 2606
3 2911 3775 3829
3 3775 1382 1672
3 3775 1672 3829
3 2222 1407 1408
3 3798 2616 2809
3 2616 633 2809
3 633 1679 2809
3 2809 1679 861
3 2809 2811 3798
3 2811 1408 3798
3 1408 1407 3798
3 3381 3382 2606
3 2606 3829 3828
3 3829 1672 3828
3 2810 2808 1679
3 2808 861 1679
3 2615 1672 2810
3 633 3384 1679
3 2615 2810 3384
3 3384 2810 1679
3 3088 5741 5362
3 5741 1954 5362
3 4238 4240 1060
3 4240 3544 1060
3 3544 4240 5362
3 4240 4238 3088
3 4238 99 3088
3 3088 5362 4240
3 2523 1631 1059
3 1631 1636 3542
3 1636 2525 3542
3 3544 2525 5429
3 3353 577 4969
3 1060 4969 4661
3 577 4661 4969
3 3353 4969 5429
3 1060 3544 4969
3 3544 5429 4969
3 2525 3544 5362
3 5362 1954 2525
3 3542 1059 1631
3 3542 2525 1954
3 2202 1373 3774
3 1373 1371 3774
3 3774 2200 2202
3 1371 857 1633
3 1371 1633 576
3 5398 5091 2204
3 4507 5780 3199
3 5780 5398 3199
3 5398 5780 5091
3 4507 1377 5780
3 5780 1377 5091
3 325 4507 3199
3 1636 2204 2525
3 1377 4662 5091
3 5652 4662 3353
3 4662 5652 5091
3 5652 2204 5091
3 3353 4662 577
3 2204 5652 5429
3 5652 3353 5429
3 5429 2525 2204
3 2799 1381 1631
3 1381 1636 1631
3 2204 1636 1381
3 2523 576 1633
3 3394 1633 857
3 1633 3394 2523
3 3394 2799 2523
3 1631 2523 2799
3 861 2811 2809
3 1795 1408 2811
3 2804 2202 332
3 2202 859 332
3 332 2222 2804
3 2222 1408 2804
3 1408 1795 2804
3 2205 5970 5398
3 5970 3199 5398
3 5398 2204 2205
3 2204 1381 3775
3 1381 1382 3775
3 3775 2205 2204
3 1381 2799 2808
3 2799 3394 1796
3 3394 857 1796
3 1796 2808 2799
3 1796 861 2808
3 2808 1382 1381
3 2200 324 1375
3 2200 1375 2202
3 2202 1375 859
3 857 1371 2800
3 1371 1373 1795
3 1795 2800 1371
3 2202 2804 1373
3 2804 1795 1373
3 1795 2811 2800
3 861 2800 2811
3 2800 861 857
3 861 1796 857
3 1991 3576 1092
3 3576 1087 1089
3 3576 1089 1092
3 2586 2589 614
3 616 1656 614
3 1656 2586 614
3 1656 619 2586
3 2586 619 1087
3 619 1089 1087
3 1376 2805 324
3 2805 2201 324
3 860 2805 1376
3 2587 1372 3825
3 1372 1653 3825
3 2805 1653 2201
3 1653 1372 2201
3 2223 2806 1415
3 2806 1413 1415
3 1413 333 1415
3 3800 1657 1411
3 2806 2805 1413
3 2805 860 1413
3 1657 2223 1411
3 1657 2806 2223
3 2806 1657 1653
3 1653 2805 2806
3 1657 3800 3825
3 3800 1662 2957
3 3800 2957 3825
3 614 2957 616
3 2957 1662 616
3 614 2587 2957
3 1657 3825 1653
3 3825 2957 2587
3 1059 3542 3543
3 2891 5587 1954
3 5587 3542 1954
3 5587 3543 3542
3 3545 2891 5522
3 3088 5522 5741
3 1954 5741 2891
3 5741 5522 2891
3 5900 3545 4239
3 5522 6037 3545
3 6037 4239 3545
3 5665 3088 99
3 3088 5665 5522
3 4239 6037 5665
3 6037 5522 5665
3 2526 3545 4971
3 3354 5430 4971
3 2526 4971 5430
3 3545 5900 4971
3 5900 1061 4971
3 578 3354 1061
3 1061 3354 4971
3 1059 2524 2523
3 3545 2526 2891
3 2526 5727 3543
3 5727 1638 3543
3 1059 3543 1632
3 3543 1638 1632
3 3543 5587 2526
3 5587 2891 2526
3 3779 2912 2206
3 5095 2912 3776
3 2912 2913 3776
3 3200 5399 5095
3 2912 5095 5399
3 4510 326 3200
3 3200 5095 4510
3 1383 4510 5095
3 5399 2206 2912
3 2802 1632 2916
3 1632 1638 1387
3 1632 1387 2916
3 1638 2527 2913
3 2527 5430 2913
3 3776 2913 3354
3 5430 3354 2913
3 3354 578 3919
3 3776 3354 3919
3 1383 5095 3919
3 5095 3776 3919
3 2912 3779 1638
3 3779 1387 1638
3 1638 2913 2912
3 1374 3774 1371
3 3774 2203 2200
3 576 2910 1371
3 2910 2801 1374
3 2910 576 2801
3 858 2801 1634
3 2801 576 1634
3 2910 1374 1371
3 5430 2527 2526
3 1638 5727 2527
3 5727 2526 2527
3 2802 858 3818
3 1634 3818 858
3 2524 3818 2523
3 3818 1634 576
3 3818 576 2523
3 3818 2524 2802
3 2524 1059 1632
3 2802 2524 1632
3 2001 5384 4998
3 3590 4996 5384
3 1106 4998 4996
3 5384 4996 4998
3 126 4326 4327
3 4996 4326 1106
3 1104 4327 4996
3 4326 4996 4327
3 4996 3590 1104
3 3841 2622 2899
3 639 4699 4698
3 2622 5983 3591
3 5983 4699 3591
3 4699 5983 4698
3 5983 2622 4698
3 3591 4699 3885
3 1104 3590 3885
3 3590 3591 3885
3 2622 3591 2899
3 3590 5384 3591
3 5384 2899 3591
3 5384 2001 2899
3 1686 3841 1105
3 3841 2001 1105
3 2001 3841 2899
3 333 2224 2225
3 2224 1807 2225
3 2224 1799 1416
3 1412 1416 1414
3 1416 1799 1414
3 1416 1807 2224
3 1798 862 2813
3 862 1689 2813
3 1689 2624 2813
3 2624 1689 640
3 1414 3987 1412
3 3987 2624 1412
3 2624 3987 2813
3 3987 1414 2813
3 1387 3779 3780
3 3779 2206 2914
3 3779 2914 3780
3 3200 5537 5399
3 3777 2914 5537
3 2914 2206 5537
3 5399 5537 2206
3 326 4511 3777
3 4511 1384 3777
3 3777 5537 326
3 5537 3200 326
3 1384 3778 3777
3 2914 3777 3778
3 2622 3780 2915
3 639 4698 3778
3 4698 2915 3778
3 3778 1384 639
3 2915 4698 2622
3 862 3395 2812
3 2812 1387 1688
3 3778 2915 2914
3 1387 3780 1688
3 3780 2914 2915
3 1686 2623 2962
3 1686 2962 1688
3 1689 2623 640
3 1689 2962 2623
3 1688 2962 2812
3 2962 1689 2812
3 1689 862 2812
3 3780 2622 3841
3 3841 1686 1688
3 3841 1688 3780
3 2203 1376 2200
3 1376 324 2200
3 2801 1797 1374
3 2807 860 1376
3 2807 1376 2203
3 1797 2203 1374
3 2203 3774 1374
3 3395 862 1798
3 2916 3395 858
3 858 3395 1798
3 858 2802 2916
3 3395 2916 2812
3 1387 2812 2916
3 2224 333 1413
3 1799 2224 2807
3 860 2224 1413
3 860 2807 2224
3 2813 1414 2968
3 1414 1799 2968
3 2801 858 1798
3 1798 2813 2968
3 2807 2203 1799
3 2203 1797 1799
3 1798 2968 2801
3 1797 2968 1799
3 1797 2801 2968
3 1092 1089 2594
3 1089 619 2594
3 1411 2223 871
3 2223 1415 871
3 1662 3800 336
3 3800 1411 336
3 1427 336 2229
3 336 1427 1662
3 1662 1427 616
3 1427 2595 616
3 2595 619 1656
3 2595 1656 616
3 1106 4700 4998
3 4700 642 2001
3 4700 2001 4998
3 2001 642 1105
3 2623 1686 344
3 1686 1105 344
3 1105 889 344
3 2624 640 1690
3 1412 2624 872
3 2624 1690 872
3 642 889 1105
3 640 2623 1692
3 2623 344 1692
3 876 1748 2010
3 1748 872 134
3 872 1136 134
3 2010 1748 134
3 1136 640 686
3 640 1692 686
3 1692 344 890
3 1692 890 686
3 1808 1748 876
3 1412 2972 1416
3 2972 1807 1416
3 333 2835 1415
3 2835 871 1415
3 2225 1807 333
3 1748 1808 872
3 1690 640 1136
3 1690 1136 872
3 871 3207 1411
3 3207 336 1411
3 685 1429 333
3 685 333 1749
3 2835 333 1429
3 2835 1429 871
3 1412 872 1808
3 1412 1808 2972
3 333 1807 1749
3 1749 2972 876
3 2972 1808 876
3 1749 1807 2972
3 1991 4980 3112
3 1091 4312 4980
3 4313 4312 120
3 4312 4313 4980
3 4313 3112 4980
3 2594 1659 1092
3 2593 4677 5651
3 4677 2895 5651
3 5651 3827 2593
3 1091 4981 4673
3 618 5857 4677
3 5857 4673 4677
3 4981 2895 4673
3 2895 4677 4673
3 1091 4980 4981
3 4981 5598 2895
3 4980 1991 5598
3 1991 1092 5598
3 5598 4981 4980
3 1659 3827 1092
3 2895 5598 5651
3 5598 1092 3827
3 5598 3827 5651
3 1427 2229 1428
3 1428 874 1663
3 619 2595 1663
3 1428 1663 2595
3 1428 2595 1427
3 4676 2227 4530
3 4526 4530 335
3 5562 4676 4526
3 5562 4526 618
3 4530 4526 4676
3 1661 1425 5212
3 2227 5404 1425
3 2593 5212 5404
3 1425 5404 5212
3 2227 4676 5404
3 5562 618 4677
3 4677 2593 5562
3 2593 5404 4676
3 2593 4676 5562
3 1659 2594 1661
3 1663 2594 619
3 2594 1663 1661
3 874 1661 1663
3 2593 3827 5212
3 3827 1659 1661
3 3827 1661 5212
3 2010 1138 876
3 1749 876 2675
3 2675 688 1749
3 688 685 1749
3 2675 876 1138
3 1518 2258 371
3 877 1753 371
3 688 2674 2676
3 2674 1518 2676
3 1518 1753 2676
3 1518 371 1753
3 336 3207 1430
3 2841 1430 3207
3 3207 871 2841
3 871 1429 1750
3 2841 877 1430
3 1750 2841 871
3 1753 2841 1750
3 2841 1753 877
3 2676 1750 1429
3 688 2676 685
3 2676 1429 685
3 1750 2676 1753
3 1128 4346 132
3 1128 2904 4346
3 2904 5397 4346
3 1131 5264 1735
3 2904 5479 5264
3 1735 5941 2661
3 5941 5479 2661
3 5479 5941 5264
3 5941 1735 5264
3 1128 4772 2904
3 2904 4772 5479
3 674 4775 4772
3 4775 2661 4772
3 2661 5479 4772
3 678 1131 2664
3 2904 5264 5397
3 1131 2007 5264
3 5397 5264 2007
3 2228 1425 2935
3 4527 4529 4531
3 4529 335 4531
3 2228 5114 4531
3 1423 4527 5114
3 4531 5114 4527
3 5114 2228 2935
3 875 1735 1426
3 5265 5480 2935
3 5265 1735 2661
3 5480 5265 2661
3 2661 4775 5480
3 5480 4775 3803
3 4775 674 3803
3 5480 3803 2935
3 1423 5114 3803
3 5114 2935 3803
3 1735 5265 1425
3 5265 2935 1425
3 1425 1426 1735
3 2952 1517 2663
3 1739 2952 678
3 2952 2663 678
3 1519 2952 1810
3 2952 1739 1810
3 1739 875 1810
3 2952 1519 1517
3 2664 1735 875
3 1739 2664 875
3 2664 1739 678
3 1735 2664 1131
3 1430 2229 336
3 1430 877 2842
3 874 1428 2840
3 1428 1809 2840
3 1430 2842 2229
3 1428 2229 1809
3 2229 2842 1809
3 1519 877 371
3 1519 2842 877
3 1519 1810 2842
3 335 4530 4531
3 5403 4530 2227
3 4530 5403 2228
3 4530 2228 4531
3 2227 1425 5403
3 2228 5403 1425
3 1425 1661 2936
3 875 2936 874
3 2936 1661 874
3 1426 2936 875
3 1426 1425 2936
3 2842 1810 1809
3 2840 1810 875
3 874 2840 875
3 2840 1809 1810
3 128 5806 4333
3 5806 4332 4333
3 4333 4332 653
3 1112 4333 653
3 652 4727 651
3 1112 4724 4727
3 4727 4724 651
3 1112 653 4724
3 4550 352 4551
3 1460 4920 4551
3 901 4550 4920
3 4550 4551 4920
3 4726 651 4725
3 901 4921 4725
3 1706 4726 4921
3 4725 4921 4726
3 901 4920 4921
3 1460 1706 4920
3 1706 4921 4920
3 353 1461 1463
3 4726 1461 652
3 1461 4726 1706
3 3974 5705 1463
3 900 5879 5705
3 5879 1463 5705
3 1706 1460 3974
3 900 5705 1460
3 5705 3974 1460
3 1461 1706 3974
3 3974 1463 1461
3 651 4726 652
3 692 4804 4352
3 1140 4353 4804
3 135 4352 4353
3 4804 4353 4352
3 5722 1527 5193
3 4805 5722 1530
3 5722 5193 1530
3 903 4591 4924
3 4924 4591 691
3 902 5881 1756
3 5881 3913 1756
3 903 4924 4925
3 1756 3913 4924
3 4925 4924 3913
3 4805 4804 692
3 5050 4805 1530
3 1140 4804 5050
3 4805 5050 4804
3 1140 4922 4802
3 1756 4924 4802
3 4924 691 4802
3 4802 4922 1756
3 1530 902 5050
3 1140 5050 4922
3 902 4922 5050
3 4922 902 1756
3 5808 4358 136
3 1144 4358 5052
3 4358 5808 5052
3 5808 1143 5052
3 1143 4808 5906
3 4808 697 5053
3 4808 5053 5906
3 1759 5053 697
3 699 1144 4812
3 1143 5906 5052
3 5906 5053 5052
3 1759 4812 5053
3 1144 5052 4812
3 5053 4812 5052
3 905 3960 1462
3 3960 697 1462
3 353 905 1462
3 376 4588 4590
3 699 4810 4588
3 5883 4590 4810
3 4588 4810 4590
3 697 3960 1759
3 905 5883 5197
3 5883 4810 5197
3 4812 6051 699
3 6051 4810 699
3 5197 6051 1759
3 6051 4812 1759
3 6051 5197 4810
3 3960 905 1759
3 1759 905 5197
3 903 5882 352
3 5882 4919 352
3 1460 4551 4919
3 352 4919 4551
3 3913 5881 4923
3 5881 902 4923
3 1819 3913 4923
3 4919 5882 4925
3 5882 903 4925
3 5625 4925 3913
3 4925 5625 4919
3 5625 900 4919
3 900 5625 1819
3 3913 1819 5625
3 4919 900 1460
3 5193 3926 1530
3 4590 1527 376
3 1527 4590 5193
3 4590 5883 3926
3 5883 905 3926
3 4590 3926 5193
3 1530 5196 902
3 1820 5880 5196
3 5880 902 5196
3 5196 1530 3926
3 3926 905 5196
3 905 1820 5196
3 1463 5879 1819
3 5879 900 1819
3 1819 1820 353
3 1820 905 353
3 1463 1819 353
3 1819 4923 1820
3 902 5880 4923
3 5880 1820 4923
3 652 1703 4727
3 1112 4727 4719
3 1703 4719 4727
3 1703 649 4719
3 4331 4719 649
3 128 4333 4331
3 4719 4333 1112
3 4719 4331 4333
3 1707 1461 895
3 652 1461 1707
3 649 1703 1453
3 1703 1707 350
3 1707 895 350
3 350 1453 1703
3 1703 652 1707
3 4808 698 697
3 904 353 1462
3 698 904 697
3 1462 697 904
3 4335 5629 129
3 1117 129 5629
3 1113 5628 4335
3 5628 5008 4335
3 1117 5629 5008
3 5629 4335 5008
3 5009 5628 4728
3 5628 1113 4728
3 4728 655 1708
3 4728 1708 5009
3 1117 5008 659
3 5008 1708 659
3 5628 5009 5008
3 5008 5009 1708
3 895 1708 350
3 350 1708 655
3 895 1478 659
3 659 1708 895
3 904 1816 353
3 1816 895 1461
3 1461 353 1816
3 904 360 1478
3 895 1816 1478
3 1816 904 1478
3 1118 129 1117
3 660 3391 1715
3 1117 659 1118
3 659 3391 1118
3 659 1715 3391
3 1715 659 1478
3 360 1715 1478
3 361 660 360
3 1715 360 660
3 700 4817 4355
3 1760 4359 4817
3 136 4355 4359
3 4817 4359 4355
3 698 4808 4809
3 1760 4809 1143
3 4808 1143 4809
3 1143 5808 4359
3 5808 136 4359
3 1143 4359 1760
3 360 904 698
3 700 4815 4817
3 916 4817 1533
3 4817 4815 1533
3 4817 916 1760
3 1760 916 4809
3 916 698 4809
3 1764 5054 1145
3 1763 5054 4818
3 702 4818 5699
3 4818 5054 1764
3 4818 1764 5699
3 1763 4822 5054
3 703 5864 4822
3 5864 4820 4822
3 4820 1145 5054
3 4822 4820 5054
3 4820 5864 4360
3 5864 703 4360
3 137 4362 4360
3 1145 4820 4362
3 4360 4362 4820
3 703 4822 4600
3 1763 4604 4822
3 383 4600 4604
3 4822 4604 4600
3 383 4604 4603
3 1763 1534 4604
3 1534 4603 4604
3 1763 4818 1534
3 4818 702 918
3 4818 918 1534
3 916 5887 698
3 5887 1827 698
3 1827 360 698
3 700 4816 4815
3 1533 4816 1534
3 4816 4603 1534
3 4815 4816 1533
3 700 4599 4816
3 383 4603 4599
3 4599 4603 4816
3 1533 1828 916
3 1534 918 1533
3 918 1828 1533
3 360 1827 361
3 702 5690 1828
3 5690 1827 1828
3 1828 918 702
3 5690 361 1827
3 1827 5887 1828
3 5887 916 1828
3 1716 3391 660
3 4737 661 3903
3 3903 129 4737
3 1118 4737 129
3 1118 3391 4737
3 1716 5158 3391
3 5158 4739 3391
3 4737 5670 661
3 5670 4739 661
3 4739 5670 3391
3 5670 4737 3391
3 660 361 1479
3 1479 917 660
3 3905 4565 362
3 917 4930 1716
3 1481 5158 4930
3 4930 5158 1716
3 4565 5783 1481
3 5783 5158 1481
3 4739 5783 3905
3 5783 4565 3905
3 5783 4739 5158
3 4739 3905 661
3 1716 660 917
3 137 4361 4362
3 706 4828 4361
3 1145 4362 4828
3 4361 4828 4362
3 704 4825 4823
3 1764 1145 4825
3 4828 706 4823
3 4828 4823 1145
3 1145 4823 4825
3 384 4606 4609
3 919 4932 4606
3 4932 1535 4609
3 4932 4609 4606
3 1535 4932 1765
3 361 5690 1480
3 5690 702 1480
3 1765 702 4819
3 1480 5156 4931
3 1765 4932 5156
3 4932 919 5156
3 919 4931 5156
3 702 1765 5156
3 5156 1480 702
3 704 4824 4825
3 1535 5198 4824
3 5198 1764 4825
3 4824 5198 4825
3 1765 4819 5198
3 5699 4819 702
3 4819 5699 5198
3 5699 1764 5198
3 5198 1535 1765
3 707 4831 4363
3 1766 4364 4831
3 138 4363 4364
3 4831 4364 4363
3 1766 5942 713
3 5942 4832 713
3 4364 1766 713
3 4564 362 4566
3 4566 5157 4830
3 5157 1483 4830
3 707 4564 4830
3 4566 4830 4564
3 1536 4608 937
3 708 4833 4623
3 1768 4953 4833
3 4953 937 4623
3 4833 4953 4623
3 937 4953 1536
3 707 4830 4831
3 1483 5159 4830
3 1766 4831 5159
3 4830 5159 4831
3 708 4832 4833
3 5942 1766 4936
3 4833 5597 1768
3 5597 4936 1768
3 4832 5942 5597
3 5942 4936 5597
3 5597 4833 4832
3 921 4936 1483
3 1766 5159 4936
3 1483 4936 5159
3 4936 921 1768
3 361 1480 1479
3 1480 4931 1829
3 1829 1479 1480
3 384 4608 4606
3 4608 1536 4933
3 919 4606 4933
3 4608 4933 4606
3 5724 1536 4953
3 5724 4953 1768
3 1829 5724 921
3 5724 1768 921
3 919 4933 4931
3 1536 5724 4933
3 1829 5949 5724
3 5949 4933 5724
3 4933 5949 4931
3 5949 1829 4931
3 362 4565 4566
3 5157 4565 1481
3 4565 5157 4566
3 4930 917 1830
3 1483 1830 921
3 1481 4930 5157
3 1830 1483 4930
3 4930 1483 5157
3 921 1830 1829
3 917 1479 1830
3 1479 1829 1830
3 1095 4984 4983
3 1993 5374 4984
3 2597 4983 5374
3 4984 5374 4983
3 4982 5374 4317
3 5374 1993 4317
3 1094 4982 4316
3 4317 121 4982
3 121 4316 4982
3 4982 1094 3884
3 4982 3884 5374
3 5374 3884 2597
3 4682 2597 3884
3 4682 1094 622
3 1094 4682 3884
3 623 2598 2600
3 1095 4983 2600
3 4983 1666 2600
3 2600 2598 1095
3 4983 2597 1666
3 622 1667 4681
3 4681 4534 2230
3 4534 4681 1667
3 1667 5831 4534
3 5831 337 4534
3 2599 623 878
3 622 4681 4682
3 2230 5405 4681
3 4682 5405 2597
3 5405 4682 4681
3 2230 1431 1666
3 2230 1666 5405
3 1666 2597 5405
3 623 2600 878
3 1431 2600 1666
3 2009 4784 4351
3 680 4348 4784
3 133 4351 4348
3 4784 4348 4351
3 5048 1740 1135
3 680 4784 4786
3 5965 4784 2009
3 4784 5965 4786
3 5965 2666 4786
3 1740 5267 1135
3 5267 3970 1135
3 2666 5965 3970
3 5965 2009 3970
3 5267 2666 3970
3 1522 1520 5186
3 3931 5186 1520
3 5186 3931 2260
3 2844 2671 5179
3 4904 4902 2844
3 4902 2671 2844
3 4902 4904 4794
3 4904 879 4794
3 684 4797 4794
3 2671 4902 4797
3 4794 4797 4902
3 1522 2844 1520
3 5179 1520 2844
3 2666 5116 2231
3 2666 2231 5585
3 1432 2231 5116
3 2231 4535 4785
3 337 4532 4535
3 680 4785 4532
3 4535 4532 4785
3 4785 680 4786
3 5585 4786 2666
3 4786 5585 4785
3 5585 2231 4785
3 879 4901 4794
3 4796 4901 2670
3 4901 4796 684
3 4901 684 4794
3 5116 2666 5267
3 1740 5636 5267
3 5267 5636 5116
3 5636 1432 5116
3 4903 4901 879
3 2843 5481 4903
3 2670 4901 5481
3 4901 4903 5481
3 1432 5636 5268
3 5636 1740 5268
3 5268 2843 1432
3 2843 5268 5481
3 1740 5048 5268
3 2670 5481 5048
3 5268 5048 5481
3 5966 5060 2012
3 1147 5055 5056
3 1149 5060 5055
3 5060 5966 5055
3 5966 5056 5055
3 5709 1147 1771
3 2678 5992 5993
3 5992 2683 5057
3 5992 5057 5993
3 5709 1771 2678
3 2678 5993 5709
3 5993 5057 5709
3 2678 5865 3932
3 5865 714 3932
3 5992 5483 2683
3 5483 5992 3932
3 5992 2678 3932
3 3932 4849 5483
3 4847 5994 5483
3 5994 2683 5483
3 4849 716 5483
3 716 4847 5483
3 2683 5061 5057
3 5055 5061 1149
3 1147 5709 5055
3 5709 5057 5055
3 5061 5055 5057
3 2233 338 1434
3 338 2845 1434
3 2680 4839 2679
3 4839 714 2679
3 3982 5923 1772
3 5923 1434 1772
3 3982 2679 5923
3 2679 1434 5923
3 2679 3982 2680
3 2845 1772 1434
3 1775 1521 5184
3 5273 1775 1772
3 5749 2261 5273
3 2845 5749 1772
3 5749 5273 1772
3 338 4905 5487
3 4905 3925 5487
3 2845 338 5487
3 3925 5428 5487
3 5749 5428 2261
3 5428 5749 5487
3 5749 2845 5487
3 372 4585 3925
3 2261 5428 4585
3 3925 4585 5428
3 2261 5182 5273
3 5273 1521 1775
3 1521 5273 5182
3 4846 4848 4849
3 4848 716 4849
3 4839 4849 3932
3 2680 4846 4839
3 4849 4839 4846
3 4839 3932 714
3 5184 5601 1775
3 5601 3982 1775
3 4846 5601 2684
3 5601 5184 2684
3 3982 5601 2680
3 5601 4846 2680
3 4848 4846 2684
3 1775 3982 1772
3 4534 337 4535
3 1431 5922 2231
3 5922 4535 2231
3 4534 5922 2230
3 5922 1431 2230
3 5922 4534 4535
3 2231 1432 1431
3 1432 2843 2937
3 1811 4903 879
3 2843 4903 2937
3 4903 1811 2937
3 1431 2937 2600
3 2937 1811 878
3 878 2600 2937
3 2937 1431 1432
3 3950 5835 3925
3 5835 372 3925
3 4905 2846 3950
3 4905 3950 3925
3 1522 5185 2844
3 372 5835 4584
3 5835 3950 4584
3 2260 4584 3950
3 2846 1812 5187
3 5187 1812 1522
3 1812 5185 1522
3 2846 5187 3950
3 1522 5186 5187
3 3950 5186 2260
3 5186 3950 5187
3 2599 2973 1433
3 1812 1433 2973
3 2846 4905 2232
3 4905 338 2232
3 1433 1812 2232
3 1812 2846 2232
3 5185 1812 2973
3 879 2973 1811
3 2844 5185 4904
3 879 5762 2973
3 5762 5185 2973
3 5185 5762 4904
3 5762 879 4904
3 2599 878 1811
3 2599 1811 2973
3 1116 5566 5016
3 5566 3886 5016
3 2004 5392 5010
3 3886 5766 5016
3 5766 5392 2901
3 5766 2901 5016
3 5392 5766 5010
3 5766 3886 5010
3 1119 5018 4336
3 2004 4337 5018
3 129 4336 4337
3 5018 4337 4336
3 2004 5018 5392
3 1119 5019 5018
3 2901 5392 5019
3 5018 5019 5392
3 2644 1713 658
3 2644 658 4735
3 2644 5015 5244
3 1713 5244 1116
3 5015 1116 5244
3 5244 1713 2644
3 1119 4742 5019
3 662 4744 4742
3 2901 5019 4744
3 4742 4744 5019
3 662 5622 4744
3 2646 5754 5622
3 5754 4744 5622
3 1713 1116 3887
3 4744 5754 3887
3 5754 2646 3887
3 3887 2901 4744
3 2901 3887 1116
3 2901 1116 5016
3 2947 5162 4571
3 4568 5162 1485
3 363 4571 4568
3 5162 4568 4571
3 4571 1487 2947
3 363 4570 4571
3 1487 4570 2249
3 1487 4571 4570
3 2876 5940 1487
3 5940 1718 1487
3 2947 1718 2646
3 1485 2646 4743
3 2646 5622 4743
3 5622 662 4743
3 1485 5162 2646
3 2646 5162 2947
3 2947 1487 1718
3 2645 658 913
3 2875 2645 913
3 2645 2875 1473
3 2646 1718 3887
3 1718 1713 3887
3 1713 913 658
3 913 1713 2876
3 1718 5940 1713
3 5940 2876 1713
3 2012 5060 3889
3 1149 5568 5060
3 5568 3889 5060
3 3889 2681 2012
3 139 4370 4367
3 2681 5058 4370
3 1148 4367 5058
3 4370 5058 4367
3 139 4369 4370
3 2681 4370 2012
3 4370 4369 2012
3 5994 2685 2683
3 2685 5485 5061
3 2884 5650 5485
3 5650 5059 5485
3 5061 5059 1149
3 5059 5061 5485
3 1773 5946 5650
3 5946 5059 5650
3 2884 5944 5650
3 5944 1773 5650
3 2685 5061 2683
3 5058 2681 3882
3 715 4841 4843
3 1148 5058 4841
3 5058 3882 4841
3 3882 4843 4841
3 1773 5943 3889
3 5943 2681 3889
3 5568 5946 3889
3 5946 1773 3889
3 5946 5568 5059
3 5568 1149 5059
3 2261 4585 5427
3 372 3908 4585
3 3908 5427 4585
3 3908 2262 5427
3 3979 5930 5183
3 5930 1521 5183
3 5183 2262 3979
3 1521 5930 5181
3 5930 3979 5181
3 2262 5183 5427
3 1521 5182 5183
3 2261 5427 5182
3 5183 5182 5427
3 2883 1826 5276
3 1776 5276 923
3 1826 923 5276
3 5184 1521 5181
3 2684 5184 5192
3 5181 1524 5184
3 1524 5192 5184
3 1524 5931 5484
3 5931 2883 5484
3 5484 5192 1524
3 716 4848 4845
3 3910 1776 4845
3 4845 4848 3910
3 1776 3910 5276
3 2883 5276 5484
3 2684 5192 3910
3 5192 5484 3910
3 5276 3910 5484
3 2684 3910 4848
3 1488 2249 2682
3 5163 6044 1486
3 6044 4569 1486
3 4570 6044 2249
3 6044 5163 2249
3 363 4569 4570
3 6044 4570 4569
3 2249 5163 2682
3 5163 4844 2682
3 4842 5163 1486
3 715 4844 4842
3 5163 4842 4844
3 715 4843 4844
3 4843 5755 4844
3 5755 2682 4844
3 3963 2882 2884
3 2882 1488 1774
3 2882 1774 2884
3 2682 1774 1488
3 2685 2884 5485
3 2685 5994 5275
3 5994 4847 5275
3 4845 4847 716
3 1776 5275 4845
3 4847 4845 5275
3 2685 5275 2884
3 3963 5769 1776
3 5769 5275 1776
3 5769 3963 2884
3 5769 2884 5275
3 1776 923 3963
3 5755 4843 3882
3 2682 5755 5274
3 5755 3882 5274
3 1773 5945 5943
3 5945 3882 2681
3 5945 2681 5943
3 3882 5945 5274
3 5945 1773 5274
3 5274 1773 1774
3 5274 1774 2682
3 1773 5944 1774
3 5944 2884 1774
3 2008 5041 5047
3 5040 5041 1132
3 5047 5040 5632
3 5040 1135 5632
3 5041 5040 5047
3 5047 5632 3970
3 5632 1135 3970
3 2008 5047 2009
3 5047 3970 2009
3 5990 3968 2667
3 4787 1742 3930
3 2667 2668 3930
3 681 4787 2668
3 4787 3930 2668
3 2906 5990 5269
3 5990 2667 5269
3 2667 3930 5269
3 1742 5731 3930
3 5731 5269 3930
3 5048 1135 5049
3 5048 2906 2670
3 2906 5048 5049
3 4796 2906 5269
3 5731 1742 4795
3 684 4796 4795
3 5269 5731 4796
3 5731 4795 4796
3 2670 2906 4796
3 3968 5040 1132
3 3968 5990 5049
3 5990 2906 5049
3 1135 5040 5049
3 5040 3968 5049
3 1474 359 2879
3 359 1477 2879
3 2879 1477 915
3 681 1474 1744
3 2879 1744 1474
3 2260 5188 4584
3 372 5188 1523
3 372 4584 5188
3 684 4795 4797
3 1742 4797 4795
3 2672 5482 1742
3 5482 4797 1742
3 2671 4797 5482
3 5180 1747 1520
3 5180 5991 5270
3 5991 2672 5270
3 1747 5180 5270
3 2672 5991 5482
3 5991 5180 5482
3 1520 5179 5180
3 2671 5482 5179
3 5180 5179 5482
3 5188 4929 1523
3 2260 5426 5188
3 4929 5426 2880
3 4929 5188 5426
3 3931 1520 1747
3 5426 2260 3931
3 1747 5426 3931
3 5576 5271 1747
3 2880 5426 5271
3 5426 1747 5271
3 2672 4788 5270
3 4788 681 1744
3 4788 1744 5270
3 681 4788 4787
3 1742 4787 2672
3 4788 2672 4787
3 2880 2879 4929
3 2879 915 4929
3 5576 1744 5271
3 2880 5271 2879
3 5271 1744 2879
3 1747 5270 5576
3 5270 1744 5576
3 2249 1488 1487
3 2882 3963 1825
3 3963 923 1825
3 2876 1825 913
3 1825 2876 2882
3 1488 5720 1487
3 5720 2876 1487
3 2876 5720 2882
3 5720 1488 2882
3 5189 2262 3908
3 3908 372 5189
3 1523 5189 372
3 3933 2262 3914
3 1826 3933 2881
3 3933 3914 2881
3 1523 4929 5190
3 3914 5190 915
3 5190 4929 915
3 1523 5190 5189
3 2262 5190 3914
3 2262 5189 5190
3 3914 915 2881
3 5931 5191 2883
3 2883 5191 1826
3 1524 5181 5932
3 5181 3979 3933
3 5181 3933 5932
3 3933 3979 2262
3 1524 5932 5931
3 5932 3933 5191
3 5932 5191 5931
3 3933 1826 5191
3 1473 1824 2248
3 1824 1477 2248
3 1477 359 2248
3 2875 1824 1473
3 2881 915 1477
3 1477 1824 2881
3 1826 1825 923
3 2881 1824 1826
3 2875 913 1825
3 1825 1826 2875
3 1826 1824 2875
3 5010 3886 1114
3 658 1709 4735
3 2640 5235 4731
3 5235 5575 4730
3 5575 1709 4730
3 4731 4730 656
3 4730 4731 5235
3 1709 5575 4735
3 2640 5465 5235
3 4735 5575 2644
3 5575 5235 5465
3 5575 5465 2644
3 5014 5986 3918
3 5986 2640 3918
3 3918 5012 5014
3 1114 3886 5012
3 5014 3886 5566
3 1116 5015 5566
3 5015 5014 5566
3 3886 5014 5012
3 2640 5986 5465
3 5986 5014 5465
3 2644 5465 5015
3 5014 5015 5465
3 2248 359 1475
3 1475 909 2867
3 2645 1473 1714
3 1475 2867 2248
3 2867 1714 1473
3 2867 1473 2248
3 2244 5153 4560
3 357 4560 4559
3 5153 4559 4560
3 2641 5242 5147
3 5242 1711 5145
3 5600 5145 1466
3 5145 5600 5242
3 5600 5147 5242
3 2866 909 1468
3 4559 2866 1468
3 2866 4559 5153
3 2244 5419 5153
3 5419 2866 5153
3 2244 5146 5241
3 1466 5145 5146
3 1711 5241 5145
3 5146 5145 5241
3 2244 5241 5419
3 5243 5241 1711
3 5419 5243 2866
3 5243 5419 5241
3 5470 2645 1714
3 2965 5470 1714
3 2965 5237 4736
3 658 4736 1709
3 5237 1709 4736
3 2965 4736 5470
3 2645 5470 658
3 5470 4736 658
3 2867 909 2866
3 1711 5240 5243
3 1714 5243 5240
3 2866 5243 2867
3 5243 1714 2867
3 5242 2965 1711
3 5242 2641 5467
3 2965 5242 5467
3 2641 4732 5236
3 656 4730 4732
3 1709 5236 4730
3 4732 4730 5236
3 2641 5236 5467
3 5236 1709 5237
3 2965 5467 5237
3 5236 5237 5467
3 1714 5240 2965
3 1711 2965 5240
3 2009 5583 2008
3 5583 5044 2008
3 5583 2009 4351
3 4349 5583 133
3 5583 4351 133
3 4349 1133 5044
3 5044 5583 4349
3 2669 5045 4792
3 1133 4789 5045
3 4792 4789 682
3 4789 4792 5045
3 1741 2667 3968
3 1741 3968 1132
3 2667 1741 2668
3 1133 5045 5044
3 2669 5042 5045
3 5042 2008 5045
3 2008 5044 5045
3 5042 1741 1132
3 1132 5041 5042
3 2008 5042 5041
3 2251 5929 2950
3 5929 1500 2950
3 1500 5929 2251
3 366 4579 4578
3 4579 3906 4578
3 3906 1498 4578
3 5170 1498 3906
3 2950 5170 2251
3 5170 3906 2251
3 3906 4579 2251
3 2878 1746 1500
3 1746 2669 3923
3 3923 2950 1746
3 1498 5171 4790
3 3923 4792 5171
3 682 4790 4792
3 5171 4792 4790
3 4792 3923 2669
3 1498 5170 5171
3 2950 3923 5170
3 5171 5170 3923
3 2950 1500 1746
3 359 1474 1476
3 1474 681 2877
3 681 1743 2877
3 2877 1743 914
3 2877 1476 1474
3 2669 1746 5042
3 1746 1741 5042
3 2878 914 1743
3 681 2668 1743
3 1743 2668 2878
3 2668 1741 1746
3 2668 1746 2878
3 1120 5023 5021
3 2902 5393 5023
3 2005 5021 5393
3 5023 5393 5021
3 2902 5025 4340
3 1122 4338 5025
3 130 4340 4338
3 5025 4338 4340
3 2902 4340 5393
3 130 4339 4340
3 2005 5393 4339
3 4340 4339 5393
3 2647 5245 5022
3 1719 5020 5245
3 5022 5020 1120
3 5020 5022 5245
3 1719 5246 5247
3 2650 5474 5246
3 2902 5247 5474
3 5246 5474 5247
3 1122 4757 666
3 2650 5989 5474
3 5989 4757 5474
3 4757 1122 5025
3 2902 5474 5025
3 4757 5025 5474
3 2902 5023 5247
3 1120 5020 5023
3 5247 5020 1719
3 5020 5247 5023
3 357 4562 4561
3 2246 2245 4562
3 4562 2245 4561
3 3891 5421 1469
3 2246 5421 2245
3 3891 5149 5421
3 2245 5421 5149
3 1467 5149 3891
3 2946 6003 2873
3 6003 3920 2873
3 5251 2873 911
3 5251 911 1720
3 1720 5252 5251
3 5252 2946 2873
3 5252 2873 5251
3 5250 5252 4746
3 5252 1720 4746
3 663 4748 4746
3 5250 4746 4748
3 5250 4748 5473
3 4748 2648 5473
3 5473 2946 5250
3 2946 5252 5250
3 5152 1467 3891
3 1469 3920 3891
3 3920 5152 3891
3 3920 6003 5152
3 6003 5473 5152
3 2648 5150 5473
3 1467 5152 5150
3 5152 5473 5150
3 6003 2946 5473
3 5423 5172 2251
3 2949 5172 5423
3 1497 3978 366
3 2251 4579 3978
3 4579 366 3978
3 5423 2251 3978
3 2949 5423 5169
3 1497 5169 3978
3 5169 5423 3978
3 2949 2650 1723
3 4756 666 4758
3 2949 5169 4758
3 1497 4756 5169
3 4758 5169 4756
3 2949 4758 2650
3 4757 5989 666
3 5989 4758 666
3 5989 2650 4758
3 911 1499 1723
3 2949 1723 5172
3 1723 1499 5172
3 5245 5248 1719
3 2647 5472 5245
3 5472 2966 5248
3 5248 5245 5472
3 2647 4747 5249
3 663 4746 4747
3 1720 5249 4746
3 4747 4746 5249
3 2647 5249 5472
3 5249 1720 2966
3 5249 2966 5472
3 911 5886 2966
3 5886 5248 2966
3 5248 5886 1723
3 5886 911 1723
3 911 2966 1720
3 2650 5246 1723
3 5246 1719 1723
3 1723 1719 5248
3 359 2868 1475
3 1476 2868 359
3 2251 5172 1500
3 5172 1499 1500
3 911 2878 1499
3 2878 911 914
3 2878 1500 1499
3 2246 4562 1468
3 357 4559 4562
3 4562 4559 1468
3 1469 3986 1822
3 3986 2868 1822
3 1469 5421 3986
3 2246 5928 5421
3 5928 3986 5421
3 2868 3986 909
3 5928 2246 1468
3 3986 5928 909
3 5928 1468 909
3 3920 1822 2873
3 1822 3920 1469
3 1476 2877 2975
3 2877 914 2975
3 1822 2975 2873
3 2975 914 911
3 2975 911 2873
3 909 1475 2868
3 1476 2975 2868
3 2975 1822 2868
3 4751 5631 666
3 5631 1122 666
3 927 4577 4945
3 4577 365 1493
3 4577 1493 4945
3 666 4756 4751
3 1497 4754 4756
3 4751 4756 665
3 4756 4754 665
3 366 3977 1497
3 927 5889 366
3 5889 3977 366
3 1493 3977 4945
3 3977 5889 4945
3 5889 927 4945
3 1497 3977 4754
3 665 4754 4753
3 1493 4753 3977
3 4753 4754 3977
3 1134 3969 133
3 4349 133 3969
3 683 2951 4793
3 5046 6004 1745
3 6004 2951 1745
3 4793 6004 1134
3 6004 5046 1134
3 6004 4793 2951
3 682 4789 4791
3 1133 5043 4789
3 1745 4791 5043
3 4789 5043 4791
3 1133 4349 5043
3 1745 5043 5046
3 4349 3969 5043
3 3969 5046 5043
3 1134 5046 3969
3 370 1516 2951
3 2951 683 370
3 1745 2951 1516
3 4578 1498 1501
3 1501 4790 4950
3 930 4950 682
3 4950 4790 682
3 4790 1501 1498
3 682 4791 930
3 1516 5890 1745
3 5890 4791 1745
3 5890 930 4791
3 4344 5863 1127
3 5863 677 1127
3 929 675 1494
3 1494 365 929
3 1515 370 1514
3 1515 1514 677
3 1515 4777 929
3 4777 675 929
3 677 1129 1515
3 1129 4776 1515
3 675 4777 4776
3 1515 4776 4777
3 366 4578 927
3 1501 4946 4578
3 4578 4946 927
3 930 4951 4950
3 1835 4946 4951
3 4950 6056 1501
3 6056 4946 1501
3 4946 6056 4951
3 6056 4950 4951
3 370 1515 1516
3 930 5890 4949
3 5890 1516 4949
3 1516 929 4949
3 1515 929 1516
3 927 4946 4577
3 4946 1835 365
3 4946 365 4577
3 1835 929 365
3 930 4949 4951
3 4949 929 1835
3 4949 1835 4951
3 1122 4749 4338
3 5807 4749 1121
3 4749 5807 4338
3 5807 130 4338
3 665 4755 4751
3 4750 4755 1721
3 4755 4750 5024
3 5631 5024 1122
3 5631 4755 5024
3 4755 5631 4751
3 4749 5596 664
3 5596 4750 664
3 1122 5024 4749
3 4750 5596 5024
3 5596 4749 5024
3 4749 664 1121
3 1493 365 1495
3 665 4753 4752
3 4753 1493 925
3 4753 925 4752
3 1495 925 1493
3 1489 5164 4573
3 4574 5784 1491
3 5784 5164 1491
3 4574 364 5784
3 5164 5784 4573
3 5784 364 4573
3 4750 5165 664
3 5165 1489 664
3 1721 5165 4750
3 1491 1721 4942
3 1489 5165 5164
3 1491 5164 1721
3 5165 1721 5164
3 665 4752 4755
3 925 4942 4752
3 1721 4755 4942
3 4752 4942 4755
3 677 5863 1129
3 5863 4783 1129
3 5863 4344 4783
3 132 4345 4344
3 1130 4783 4345
3 4783 4344 4345
3 1129 4778 4776
3 676 675 4778
3 4776 4778 675
3 4779 5787 1130
3 5787 4783 1130
3 676 4778 4779
3 4783 5787 1129
3 5787 4778 1129
3 5787 4779 4778
3 367 4582 4581
3 1504 4581 4582
3 365 1494 1496
3 1736 4948 5168
3 1496 5168 928
3 5168 4948 928
3 1736 5168 1494
3 5168 1496 1494
3 1503 4581 5175
3 1736 5175 4948
3 1504 4948 4581
3 4948 5175 4581
3 1504 928 4948
3 676 4781 675
3 1494 675 1736
3 675 4781 1736
3 1503 5175 4780
3 1736 4781 5175
3 676 4780 4781
3 5175 4781 4780
3 131 669 4341
3 4765 4572 4764
3 4572 5834 4574
3 5834 364 4574
3 4764 4574 1492
3 4574 4764 4572
3 926 4943 4766
3 4943 1502 4767
3 670 4766 4767
3 4943 4767 4766
3 4764 3922 4765
3 1125 4341 5032
3 669 4765 4341
3 4765 3922 4341
3 3922 5032 4341
3 2657 5888 4766
3 5888 926 4766
3 4766 670 2657
3 5888 3915 926
3 3922 4764 3915
3 4764 1492 3915
3 1125 5032 2657
3 3915 5888 5032
3 5888 2657 5032
3 3915 5032 3922
3 365 1496 1495
3 1834 1496 928
3 1495 1834 5282
3 5282 1833 1495
3 1833 925 1495
3 1834 1495 1496
3 367 4580 4582
3 4580 5721 4947
3 5721 1502 4947
3 4947 1504 4582
3 4947 4582 4580
3 4943 4944 1502
3 4944 1834 1502
3 4943 926 4944
3 1502 1834 4947
3 1834 928 4947
3 928 1504 4947
3 1492 4574 1491
3 1491 4942 1833
3 4942 925 1833
3 1492 1833 3915
3 1833 926 3915
3 1492 1491 1833
3 1833 5282 926
3 1834 4944 5282
3 926 5282 4944
3 5027 2903 5026
3 2903 1126 5026
3 2006 5396 5027
3 2903 5027 5396
3 131 4341 3888
3 4341 1125 3888
3 4342 131 3888
3 2903 5396 5494
3 2006 4342 5396
3 4342 3888 5396
3 5396 3888 5494
3 1125 5031 3888
3 5031 5494 3888
3 1729 5263 5262
3 2658 5262 5263
3 5031 5671 3881
3 5671 4769 3881
3 2657 5671 1125
3 5671 5031 1125
3 670 4769 2657
3 4769 5671 2657
3 2903 5494 5263
3 5494 3881 5263
3 4769 2658 3881
3 2658 5263 3881
3 670 4768 4769
3 2658 4769 4768
3 3956 5477 671
3 5477 1729 671
3 2659 5477 3956
3 5033 5789 1126
3 5789 5034 1126
3 1729 5477 5033
3 5034 5789 2659
3 5789 5033 5477
3 5789 5477 2659
3 5494 5031 3881
3 2903 5033 1126
3 1729 5033 5263
3 5033 2903 5263
3 2252 5173 4583
3 5721 4580 5173
3 367 4583 4580
3 5173 4580 4583
3 5424 2252 1730
3 2658 4768 5174
3 670 4767 4768
3 1502 5174 4767
3 4768 4767 5174
3 5174 5424 2658
3 1502 5721 5174
3 5721 5173 5174
3 5424 5173 2252
3 5424 5174 5173
3 2252 5177 1730
3 1505 1730 5177
3 1507 1509 2254
3 1507 931 1509
3 931 1507 671
3 2658 5424 5262
3 1729 5262 1730
3 5262 5424 1730
3 1730 1505 2967
3 1505 2885 2967
3 2885 931 2967
3 2967 931 671
3 2967 671 1729
3 2967 1729 1730
3 4347 6001 5039
3 6001 2905 5039
3 1130 4345 5039
3 132 4347 4345
3 5039 4345 4347
3 132 4346 4347
3 2905 5588 2007
3 4346 5397 5588
3 5397 2007 5588
3 4346 5588 4347
3 2905 6001 5588
3 6001 4347 5588
3 678 2665 1131
3 1131 2665 1737
3 1737 5266 2905
3 2662 2905 5266
3 2662 4782 5038
3 676 4779 4782
3 1130 5038 4779
3 4782 4779 5038
3 5038 2905 2662
3 1130 5039 5038
3 2905 5038 5039
3 2905 2007 1737
3 2007 1131 1737
3 1519 371 2259
3 2259 1517 1519
3 2663 5891 678
3 5891 932 678
3 5176 2253 3907
3 5691 5176 3907
3 5691 3907 367
3 1503 5176 4581
3 5176 5691 4581
3 5691 367 4581
3 3909 5767 5748
3 5767 3929 5178
3 5767 5178 5748
3 5748 5178 2253
3 5767 3909 3929
3 676 4782 4780
3 1503 4780 5176
3 4782 3909 4780
3 3909 5176 4780
3 3909 5748 5176
3 5748 2253 5176
3 4782 3929 3909
3 3929 4782 2662
3 2886 1506 1738
3 1506 5178 1738
3 5178 3929 1738
3 1738 2665 2886
3 932 2665 678
3 2665 932 2886
3 2662 5266 3929
3 5266 1737 1738
3 5266 1738 3929
3 2665 1738 1737
3 134 2011 2010
3 2011 1137 1138
3 2011 1138 2010
3 1751 1137 687
3 2675 1751 688
3 2675 1138 1137
3 2675 1137 1751
3 1508 368 1510
3 1752 1510 934
3 2673 2674 687
3 1508 1752 2673
3 1837 1508 2673
3 2673 1752 2674
3 1510 1752 1508
3 2258 934 371
3 2674 1751 687
3 934 2258 1752
3 2258 1518 1752
3 2674 688 1751
3 2674 1752 1518
3 367 3907 5425
3 2252 4583 5425
3 367 5425 4583
3 2253 5178 1506
3 1506 3907 2253
3 5177 1506 1505
3 1506 5177 3907
3 2252 5425 5177
3 5177 5425 3907
3 2885 932 931
3 2885 2886 932
3 1505 1506 2886
3 1505 2886 2885
3 2259 371 934
3 932 5891 2887
3 5891 2663 2887
3 2663 1517 1836
3 2887 2663 1836
3 934 2888 2259
3 2888 1836 2259
3 1836 1517 2259
3 1509 2888 2254
3 2888 1510 368
3 2888 368 2254
3 1510 2888 934
3 2888 1509 1836
3 1509 931 932
3 2887 1509 932
3 2887 1836 1509
3 162 4399 4400
3 764 3393 4399
3 4399 3393 4400
3 2036 4400 3393
3 2036 3393 2728
3 1465 2728 2243
3 4556 2728 3393
3 3393 764 4556
3 2728 4556 355
3 2728 355 2243
3 369 2255 2257
3 1513 2255 1512
3 2255 1513 2257
3 1512 2729 2862
3 907 2729 765
3 2729 907 2862
3 2862 1513 1512
3 2728 1465 1173
3 2861 3988 1465
3 3988 1173 1465
3 2861 907 765
3 1173 3988 765
3 3988 2861 765
3 2636 5463 5007
3 5463 5230 5007
3 5230 5231 5005
3 5231 1704 5005
3 1111 5007 5005
3 5230 5005 5007
3 2003 5229 5390
3 3927 5985 5390
3 5985 2638 5390
3 5390 5229 3927
3 5806 128 4334
3 2638 654 4334
3 4332 5806 654
3 5806 4334 654
3 2638 4334 5390
3 128 2003 4334
3 4334 2003 5390
3 2003 5582 5229
3 5582 5006 5229
3 1111 5005 5006
3 1704 3927 5005
3 3927 5229 5005
3 5006 5005 5229
3 1456 5136 5135
3 2854 2637 5136
3 2637 5135 5136
3 4912 897 4723
3 897 3953 4723
3 650 4722 4723
3 2854 4912 4722
3 4723 4722 4912
3 650 4721 4722
3 2637 2854 4721
3 4722 4721 2854
3 5927 1464 3975
3 2638 5927 2243
3 5927 3975 2243
3 355 3879 2243
3 3879 5984 2243
3 5984 2638 2243
3 2638 5984 654
3 5984 3879 654
3 2638 5985 5927
3 5985 3927 1464
3 5985 1464 5927
3 3927 1704 1464
3 5231 5230 2855
3 5230 5463 2855
3 3953 4720 4723
3 650 4723 4720
3 2636 4720 5463
3 2855 5463 4913
3 4720 3953 5463
3 3953 4913 5463
3 3953 897 4913
3 1123 5027 5026
3 2659 5586 5034
3 5586 2651 5034
3 4760 5586 4762
3 3956 5657 2659
3 5657 5586 2659
3 5586 5657 4762
3 5657 3956 4762
3 4759 5861 4760
3 5861 667 4760
3 4760 4762 4759
3 4759 3956 672
3 3956 4759 4762
3 5586 4760 2651
3 2651 5028 5034
3 5026 6057 1123
3 6057 5028 1123
3 5034 6057 1126
3 6057 5026 1126
3 6057 5034 5028
3 2860 1511 3924
3 369 899 3962
3 2860 3924 4918
3 3924 2256 3962
3 3924 3962 4918
3 4918 3962 899
3 1457 5142 5139
3 5418 2242 5142
3 2242 5139 5142
3 2860 4918 4548
3 4545 4918 899
3 351 4548 4545
3 4918 4545 4548
3 2860 4548 5418
3 351 4547 4548
3 5418 5668 2242
3 5668 4547 2242
3 4547 5668 4548
3 5668 5418 4548
3 5142 5599 5418
3 5599 2860 5418
3 5142 1457 5138
3 2860 5599 1511
3 5599 5138 1511
3 5138 5599 5142
3 1457 5140 5141
3 2660 5140 2652
3 5140 2660 5141
3 2652 4761 4770
3 5861 4761 667
3 672 4771 4759
3 4771 4770 4759
3 4761 5861 4770
3 5861 4759 4770
3 2652 4770 2660
3 4771 2660 4770
3 2660 3928 5141
3 5138 3928 1511
3 1457 5141 5138
3 3928 5138 5141
3 2243 3975 1465
3 3975 1464 1465
3 2861 1464 1704
3 5231 5996 1704
3 5996 2861 1704
3 5996 5231 2855
3 907 5884 4913
3 5884 2855 4913
3 4913 897 907
3 2855 5884 5996
3 5884 907 2861
3 5884 2861 5996
3 2861 1465 1464
3 897 4912 2856
3 2854 5649 4912
3 5649 2856 4912
3 5280 2854 5136
3 1456 5133 5136
3 5280 5791 1818
3 5791 5133 1818
3 5280 5136 5133
3 5280 5133 5791
3 2856 5649 5280
3 2854 5280 5649
3 1456 5134 5137
3 2241 5417 5134
3 5417 2859 5137
3 5134 5417 5137
3 2241 4546 4916
3 4545 4546 351
3 899 4916 4545
3 4546 4545 4916
3 2241 4916 5417
3 899 4917 4916
3 2859 5417 4917
3 4916 4917 5417
3 5133 5999 1818
3 5999 2859 1818
3 1456 5137 5133
3 2859 5999 5137
3 5999 5133 5137
3 2859 2257 1818
3 2859 4917 369
3 899 369 4917
3 369 2257 2859
3 2257 1513 1818
3 2856 5280 5638
3 1513 5638 1818
3 5638 5280 1818
3 2856 5638 2862
3 5638 1513 2862
3 897 2862 907
3 2856 2862 897
3 135 4353 4354
3 1139 4354 694
3 4354 4353 694
3 1754 3959 690
3 694 380 3959
3 380 690 3959
3 1754 4799 3958
3 1139 694 3959
3 1754 3958 3959
3 3958 1139 3959
3 345 4542 892
3 1451 5132 4542
3 5132 4911 4542
3 4542 4911 892
3 1447 4908 342
3 1447 1451 4908
3 1451 886 4908
3 690 4801 1754
3 1451 1447 5132
3 1447 3912 5132
3 892 4911 3912
3 4911 5132 3912
3 1754 5272 4799
3 5272 1447 689
3 5272 689 4799
3 4801 892 3912
3 1754 4801 5272
3 3912 1447 5272
3 5272 4801 3912
3 643 4702 1107
3 1107 4328 1691
3 4325 6040 126
3 6040 4328 126
3 3952 5768 641
3 5768 4325 641
3 4328 6027 1691
3 6027 3952 1691
3 4328 6040 6027
3 6040 4325 5768
3 6040 5768 6027
3 6027 5768 3952
3 3952 5833 1445
3 5833 341 1445
3 341 5833 641
3 5833 3952 641
3 643 4701 4703
3 4701 884 4907
3 1450 4703 4907
3 4701 4907 4703
3 1691 3952 1445
3 643 1107 4701
3 4906 1107 1691
3 884 4701 4906
3 4906 4701 1107
3 1691 1445 4906
3 1683 823 125
3 823 1683 636
3 341 636 1444
3 637 1446 1683
3 883 1444 1446
3 1444 636 1683
3 1446 1444 1683
3 4541 5594 345
3 5594 4542 345
3 4909 5594 5570
3 1450 5570 4541
3 5570 5594 4541
3 5571 1451 4542
3 4909 5571 5594
3 5571 4542 5594
3 884 1813 4907
3 1813 3890 4907
3 4907 3890 1450
3 1813 5877 3890
3 5877 886 3890
3 5570 1450 4909
3 1451 5571 886
3 5571 4909 886
3 886 4909 3890
3 4909 1450 3890
3 341 1444 1445
3 883 5876 1445
3 5876 4906 1445
3 4906 5876 884
3 5876 883 884
3 1444 883 1445
3 4908 5877 342
3 5877 1813 342
3 5877 4908 886
3 1813 883 1446
3 342 1813 1446
3 884 883 1813
3 135 4354 4352
3 1139 4803 4354
3 692 4352 4803
3 4354 4803 4352
3 1755 5905 3958
3 5905 1139 3958
3 3958 4799 4800
3 4799 689 4800
3 4800 1755 3958
3 5905 4803 1139
3 692 4803 4806
3 4803 5905 4806
3 5905 1755 4806
3 3957 342 887
3 342 3957 1447
3 3957 689 1447
3 4589 376 1527
3 692 4806 4805
3 1755 5194 4806
3 5722 5194 1527
3 5194 5722 4806
3 5722 4805 4806
3 1755 1528 5194
3 1527 5194 4589
3 1528 4589 5194
3 4798 689 3957
3 4798 3957 887
3 1528 1755 4800
3 689 4798 4800
3 4800 4798 1528
3 1683 125 637
3 885 1448 343
3 885 1814 1446
3 1814 342 1446
3 1448 885 1446
3 1448 1446 637
3 136 4358 4357
3 1144 5051 4358
3 1142 4357 5051
3 4358 5051 4357
3 699 4811 1144
3 4811 1758 5051
3 5051 1144 4811
3 1142 1758 4807
3 1142 5051 1758
3 4588 1529 699
3 1758 4910 888
3 1758 4811 4910
3 699 1529 4811
3 1529 4910 4811
3 888 1449 696
3 1758 888 4807
3 888 696 4807
3 887 342 1814
3 1449 888 1814
3 885 343 1449
3 1449 1814 885
3 4589 6045 376
3 6045 4588 376
3 1528 5195 4589
3 1529 4588 5195
3 4588 6045 5195
3 6045 4589 5195
3 4910 887 888
3 1528 4798 5195
3 887 4910 4798
3 4910 1529 5195
3 4798 4910 5195
3 887 1814 888
3 756 4396 4397
3 4396 158 159
3 4396 159 4397
3 4586 374 373
3 4586 756 761
3 4397 159 160
3 756 4397 761
3 761 4397 763
3 161 763 160
3 763 4397 160
3 374 4586 375
3 4586 761 375
3 756 4395 4396
3 4395 1784 158
3 1784 157 158
3 4395 158 4396
3 4586 373 1525
3 4395 756 1525
3 756 4586 1525
3 754 893 1452
3 349 751 1452
3 751 4869 1452
3 4869 754 1452
3 893 754 156
3 156 157 5578
3 157 1784 5578
3 5578 893 156
3 1784 4395 1525
3 5578 5933 893
3 5933 1525 893
3 1525 5933 1784
3 5933 5578 1784
3 134 1136 374
3 686 373 1136
3 373 374 1136
3 890 373 686
3 644 4700 1106
3 644 1106 4326
3 889 642 349
3 644 4543 4700
3 4543 348 642
3 4543 642 4700
3 348 349 642
3 893 1525 890
3 373 890 1525
3 889 893 344
3 893 890 344
3 349 1452 889
3 893 889 1452
3 754 4869 1165
3 4869 751 1165
3 156 754 155
3 754 1165 155
3 4543 347 348
3 748 4868 349
3 751 349 4868
3 748 4392 154
3 748 154 4868
3 155 1165 154
3 4868 154 751
3 154 1165 751
3 349 348 347
3 4392 153 154
3 4543 346 347
3 346 4544 349
3 744 4866 4544
3 748 349 4866
3 4544 4866 349
3 744 4388 152
3 744 152 4866
3 153 4392 152
3 748 4866 4392
3 152 4392 4866
3 349 347 346
3 763 4587 761
3 4587 375 761
3 4556 764 768
3 4399 163 764
3 356 4557 3879
3 4557 654 3879
3 3879 355 356
3 768 355 4556
3 768 764 164
3 764 163 164
3 164 4401 768
3 4401 355 768
3 653 4332 4557
3 4332 654 4557
3 4401 164 165
3 653 4557 4554
3 356 4552 4557
3 354 4554 4552
3 4557 4552 4554
3 356 355 4558
3 772 4558 4871
3 355 4871 4558
3 166 4402 165
3 4402 4401 165
3 355 4401 4871
3 4401 4402 4871
3 166 772 4402
3 4402 772 4871
3 772 354 4558
3 356 4558 4552
3 354 4552 4558
3 772 166 167
3 354 772 726
3 772 167 4378
3 141 4377 167
3 4377 4378 167
3 772 4378 726
3 4353 1140 693
3 4802 4592 1140
3 4592 693 1140
3 691 377 378
3 4802 691 378
3 4802 378 4592
3 377 691 4591
3 354 4555 4553
3 901 4725 4555
3 651 4553 4725
3 4555 4725 4553
3 354 4553 4554
3 651 4724 4553
3 653 4554 4724
3 4553 4724 4554
3 726 4378 4863
3 4378 4377 4863
3 906 4863 141
3 4377 141 4863
3 142 5682 4864
3 906 141 4864
3 142 4864 141
3 354 726 4555
3 726 4863 4555
3 4550 5669 906
3 5669 4863 906
3 4555 5669 901
3 5669 4550 901
3 5669 4555 4863
3 903 352 4549
3 4864 5682 4549
3 5682 727 4549
3 352 906 4864
3 4864 4549 352
3 730 4549 727
3 4591 5700 377
3 5700 730 377
3 4591 903 730
3 903 4549 730
3 5700 4591 730
3 352 4550 906
3 727 5682 143
3 5682 142 143
3 693 4592 378
3 378 377 4593
3 377 730 733
3 377 733 4593
3 730 727 4380
3 727 143 144
3 727 144 4380
3 144 4381 4380
3 730 4380 733
3 4380 4381 733
3 379 4594 378
3 4594 693 378
3 144 5809 4381
3 5809 145 4381
3 4593 379 378
3 694 4353 693
3 4594 694 693
3 379 4593 4595
3 4593 733 736
3 4593 736 4595
3 733 4381 145
3 146 4384 145
3 733 145 736
3 145 4384 736
3 4594 379 380
3 4595 736 738
3 4384 146 147
3 4384 738 736
3 4595 380 379
3 738 4384 740
3 4384 147 740
3 147 148 740
3 126 4328 4326
3 1107 4704 4328
3 644 4326 4704
3 4328 4704 4326
3 643 4703 891
3 4703 1450 891
3 4541 5878 1450
3 5878 891 1450
3 891 1693 643
3 346 4543 4704
3 4543 644 4704
3 1693 5728 4702
3 5728 346 4702
3 4704 1107 346
3 1107 4702 346
3 4702 643 1693
3 892 4801 4598
3 690 4597 4801
3 382 4598 4597
3 4801 4597 4598
3 382 4597 381
3 380 5647 690
3 5647 4597 690
3 4597 5647 381
3 5647 380 381
3 4388 5778 151
3 5778 4389 151
3 4867 5778 744
3 5778 4388 744
3 891 5878 4867
3 5878 4389 4867
3 4389 5778 4867
3 346 5728 4544
3 5728 1693 4544
3 744 4544 4867
3 4544 1693 4867
3 1693 891 4867
3 382 743 4598
3 745 5867 743
3 5867 892 743
3 743 892 4598
3 149 150 3946
3 150 151 3946
3 4540 3946 345
3 3946 4540 149
3 4540 745 149
3 345 892 4540
3 892 5867 4540
3 5867 745 4540
3 5878 4541 4389
3 4541 345 3946
3 4541 3946 4389
3 151 4389 3946
3 743 382 740
3 381 738 382
3 738 740 382
3 740 148 745
3 148 149 745
3 740 745 743
3 694 4594 380
3 380 4595 4596
3 738 4596 4595
3 738 381 4596
3 381 380 4596
3 136 4357 4356
3 2677 4357 1142
3 4356 2677 1141
3 2677 4356 4357
3 696 695 2677
3 1142 4807 2677
3 4807 696 2677
3 343 848 1449
3 319 1366 848
3 1757 5924 1366
3 5924 848 1366
3 848 5924 695
3 5924 1757 695
3 696 1449 695
3 1449 848 695
3 637 125 1364
3 125 318 1364
3 846 1448 637
3 637 1364 846
3 3878 4967 569
3 5621 4967 1055
3 4967 5621 569
3 1624 5627 4649
3 5627 1055 4649
3 4649 5595 1624
3 5595 570 1624
3 1055 5627 5621
3 5854 5627 1624
3 5627 5854 5621
3 5854 569 5621
3 319 1367 1365
3 570 1365 845
3 1367 845 1365
3 318 821 845
3 821 5697 1624
3 569 5854 5697
3 5854 1624 5697
3 821 1624 845
3 845 1624 570
3 343 1448 848
3 1448 846 1367
3 1448 1367 848
3 1364 318 845
3 846 1364 845
3 319 848 1367
3 846 845 1367
3 136 4356 4355
3 1141 4813 4356
3 700 4355 4813
3 4356 4813 4355
3 849 1757 1366
3 383 4599 4601
3 700 4814 4599
3 1531 4601 4814
3 4599 4814 4601
3 1141 2677 1757
3 2677 695 1757
3 1531 1757 1532
3 1757 849 1532
3 4814 5733 1531
3 5733 1757 1531
3 700 4813 4814
3 1757 5732 1141
3 5732 4813 1141
3 1757 5733 5732
3 4813 5732 4814
3 5732 5733 4814
3 1055 4967 1056
3 573 3878 98
3 573 4505 4967
3 4505 1056 4967
3 3878 573 4967
3 4653 571 1625
3 5595 4650 570
3 1055 4966 4649
3 4650 5595 1625
3 5595 4966 1625
3 4966 5595 4649
3 1625 4966 4653
3 1055 1056 4966
3 4653 4966 1056
3 1368 4499 320
3 850 4499 4895
3 4499 1368 4895
3 1625 4652 1626
3 1626 4652 850
3 4652 1625 571
3 1368 5086 4895
3 850 4895 1626
3 4895 5086 1626
3 1365 4893 319
3 4893 847 319
3 570 4893 1365
3 1626 5086 5207
3 1368 5716 5086
3 5716 4893 5086
3 570 5207 4893
3 5086 4893 5207
3 1368 847 4893
3 1368 4893 5716
3 570 4650 5207
3 1625 1626 4650
3 5207 4650 1626
3 1761 4360 703
3 4898 6053 1761
3 6053 4826 1761
3 4827 4611 6052
3 4611 705 4826
3 4611 4826 6052
3 4826 6053 1762
3 6053 4898 1762
3 4827 6052 1762
3 6052 4826 1762
3 4827 701 4611
3 137 4360 4361
3 4826 4360 1761
3 705 4361 4826
3 4360 4826 4361
3 851 4898 4897
3 4821 5723 4897
3 5723 1532 4897
3 4898 1761 4897
3 1761 4821 4897
3 1761 703 4821
3 4600 4821 703
3 383 4602 4600
3 5723 4821 4602
3 5723 4602 1532
3 4821 4600 4602
3 1369 4612 5087
3 701 4827 5087
3 4827 1762 5087
3 5087 4612 701
3 4612 1369 852
3 851 4896 4898
3 1369 5087 4896
3 5087 1762 4896
3 1762 4898 4896
3 319 849 1366
3 5704 852 1369
3 3972 1368 4500
3 320 4500 1368
3 852 5704 4500
3 5704 3972 4500
3 1369 4896 5088
3 319 5088 851
3 5088 4896 851
3 3972 5704 5088
3 5704 1369 5088
3 5088 319 847
3 847 3972 5088
3 1368 3972 847
3 383 4601 4602
3 1532 4601 1531
3 1532 4602 4601
3 1532 849 851
3 1532 851 4897
3 851 849 319
3 800 4422 4423
3 4422 181 182
3 4422 182 4423
3 573 4503 4505
3 4503 321 322
3 4503 322 4505
3 4504 797 800
3 4421 180 181
3 181 4422 4421
3 4422 800 797
3 4422 797 4421
3 4504 322 321
3 4505 322 323
3 4504 6043 322
3 6043 4506 322
3 800 4877 4504
3 803 4506 4877
3 4506 6043 4877
3 6043 4504 4877
3 182 183 4423
3 800 4423 4877
3 4424 4877 183
3 4877 4423 183
3 4877 4424 803
3 4506 323 322
3 797 4504 1627
3 4504 321 1627
3 1627 1370 797
3 855 4899 4419
3 177 5810 1546
3 5810 4899 1546
3 177 178 5810
3 178 4419 4899
3 178 4899 5810
3 399 4416 4633
3 177 1546 4416
3 1546 4633 4416
3 178 4418 4419
3 179 4419 4418
3 179 180 1370
3 180 4421 1370
3 1370 4421 797
3 1370 5920 179
3 5920 4419 179
3 4419 5920 855
3 5920 1370 855
3 4237 573 98
3 4654 1361 853
3 853 1627 4654
3 572 4654 4657
3 1627 4657 4654
3 1057 4656 321
3 4656 4657 321
3 4657 1627 321
3 573 4237 4503
3 321 4503 1057
3 4503 4237 1057
3 572 4657 4656
3 1783 399 4633
3 2266 398 1783
3 399 1783 398
3 317 4497 4496
3 854 4496 1362
3 4496 4497 1362
3 719 4855 4856
3 4855 854 1362
3 4855 1362 4856
3 725 2266 4854
3 2266 1783 719
3 2266 719 4854
3 854 4855 4633
3 4855 719 1783
3 4855 1783 4633
3 1370 5875 855
3 5875 853 855
3 853 5875 1627
3 5875 1370 1627
3 854 4899 4496
3 4496 5779 317
3 5779 855 317
3 855 5779 4899
3 5779 4496 4899
3 855 853 1361
3 855 1361 317
3 4633 1546 854
3 4899 854 1546
3 140 4371 4372
3 4371 724 4372
3 724 725 4372
3 724 4631 725
3 4631 2266 725
3 4631 398 2266
3 398 4632 399
3 4632 794 399
3 794 4413 176
3 177 4416 176
3 4416 399 176
3 399 794 176
3 4631 397 398
3 4632 398 397
3 4413 175 176
3 4371 723 724
3 4631 724 723
3 4632 790 794
3 790 4411 4412
3 4411 174 4412
3 174 175 4412
3 175 4413 4412
3 790 4412 794
3 4412 4413 794
3 723 4628 4631
3 396 5837 4628
3 5837 397 4628
3 4628 397 4631
3 4411 173 174
3 790 4632 4629
3 397 5837 4629
3 5837 396 4629
3 4632 397 4629
3 4424 183 184
3 4611 701 385
3 4612 385 701
3 571 4653 323
3 1056 323 4653
3 323 1056 4505
3 186 4878 185
3 4878 856 184
3 4878 184 185
3 856 4424 184
3 186 805 1537
3 808 5572 805
3 5572 1537 805
3 856 4878 4501
3 1537 5573 186
3 5573 4878 186
3 4878 5573 4501
3 850 4652 4651
3 571 4651 4652
3 803 4651 4506
3 323 4506 571
3 4506 4651 571
3 4424 4651 803
3 856 4894 4424
3 850 4651 4894
3 4651 4424 4894
3 320 4502 4500
3 4502 1537 852
3 4502 852 4500
3 320 4501 4502
3 4501 5573 4502
3 5573 1537 4502
3 385 4612 808
3 1537 5572 852
3 5572 4612 852
3 5572 808 4612
3 4499 4501 320
3 850 4894 4499
3 4501 4894 856
3 4501 4499 4894
3 4361 705 706
3 4611 385 386
3 4611 386 705
3 386 4613 705
3 705 4613 706
3 809 5836 808
3 5836 385 808
3 385 5836 386
3 5836 809 386
3 808 805 187
3 805 186 187
3 187 4427 808
3 4427 809 808
3 386 809 4614
3 811 4614 809
3 4427 187 188
3 188 4428 4427
3 809 5870 811
3 5870 4428 811
3 4428 5870 4427
3 5870 809 4427
3 4613 386 387
3 4428 188 189
3 4614 387 386
3 4622 4619 4832
3 4619 713 4832
3 394 4622 5558
3 4622 4832 708
3 4622 708 5558
3 5558 708 4623
3 706 4613 4823
3 704 4823 387
3 4823 4613 387
3 384 4609 4607
3 1535 4952 4609
3 4952 5706 4607
3 5706 936 4607
3 4609 4952 4607
3 1535 4824 4952
3 704 4615 4824
3 5892 936 5706
3 4615 5892 6046
3 5892 5706 4952
3 5892 4952 6046
3 4615 6046 4824
3 6046 4952 4824
3 190 191 1785
3 189 190 1785
3 936 5892 4879
3 5892 4615 4879
3 4614 4615 387
3 811 4879 4614
3 4615 4614 4879
3 811 4428 4879
3 4428 189 4879
3 936 189 1785
3 189 936 4879
3 1785 191 4610
3 191 5811 4605
3 5811 814 4605
3 384 4610 4605
3 191 4605 4610
3 1785 4610 936
3 384 4607 4610
3 4610 4607 936
3 387 4615 704
3 937 4608 4880
3 4608 384 4605
3 814 4880 4605
3 4608 4605 4880
3 814 775 4880
3 394 5558 775
3 4623 775 5558
3 937 4880 4623
3 775 4623 4880
3 814 5811 192
3 5811 191 192
3 4364 713 711
3 4364 711 138
3 4622 394 390
3 4622 390 4619
3 390 4618 4619
3 4618 711 4619
3 711 713 4619
3 814 192 193
3 775 814 4404
3 814 193 168
3 814 168 4404
3 390 394 777
3 394 775 777
3 4404 777 775
3 4618 390 391
3 777 4404 4405
3 169 4405 168
3 4405 4404 168
3 4405 779 777
3 779 4620 777
3 4620 391 390
3 4620 390 777
3 712 5681 711
3 5681 138 711
3 4618 712 711
3 779 4405 4406
3 170 4406 169
3 4406 4405 169
3 4620 779 782
3 779 4406 782
3 4629 789 790
3 173 4411 4410
3 4411 790 4410
3 790 789 4410
3 789 4876 4410
3 5563 943 172
3 4410 5563 173
3 5563 172 173
3 5563 4410 4876
3 140 3599 4371
3 3599 1150 723
3 3599 723 4371
3 942 4630 4857
3 721 4857 396
3 4630 396 4857
3 4628 723 1150
3 721 396 1150
3 1150 396 4628
3 940 4837 4621
3 710 392 4621
3 392 393 4621
3 4621 4837 710
3 710 4836 2264
3 4836 712 2264
3 2264 392 710
3 789 4875 4876
3 3964 5658 942
3 5658 4875 942
3 4875 5658 4876
3 5658 3964 4876
3 5563 4876 943
3 4876 3964 943
3 396 4630 4629
3 4630 942 4875
3 789 4630 4875
3 4630 789 4629
3 393 784 4621
3 787 4874 784
3 940 4621 4874
3 784 4874 4621
3 943 389 171
3 787 171 4616
3 389 4616 171
3 389 4617 4616
3 940 4874 4617
3 787 4616 4874
3 4617 4874 4616
3 389 943 3964
3 171 5612 943
3 5612 172 943
3 784 4407 787
3 4407 171 787
3 712 4618 2264
3 392 2264 391
3 2264 4618 391
3 784 393 782
3 4620 782 393
3 171 4407 170
3 4407 4406 170
3 782 4406 784
3 4406 4407 784
3 391 4620 392
3 4620 393 392
3 1146 4365 4838
3 5681 712 4838
3 138 5681 4365
3 5681 4838 4365
3 1769 4836 710
3 4834 1769 709
3 712 4836 4838
3 1769 4834 4836
3 4838 4834 1146
3 4834 4838 4836
3 389 1541 4617
3 4954 938 3916
3 3916 1770 4954
3 1541 4954 5201
3 1770 5201 4954
3 940 3961 4837
3 710 4837 3961
3 1541 5201 4617
3 1770 5734 5201
3 5734 3961 5201
3 940 4617 3961
3 5201 3961 4617
3 3916 1838 922
3 1838 388 922
3 1838 3916 938
3 1770 922 709
3 1770 709 4835
3 922 1770 3916
3 710 3961 1769
3 3961 5734 4835
3 5734 1770 4835
3 4835 1769 3961
3 4835 709 1769
3 140 4373 3599
3 722 4860 4858
3 1781 5064 4860
3 1151 4858 5064
3 4860 5064 4858
3 1781 5277 5063
3 1782 1150 5277
3 1150 5063 5277
3 1150 1782 721
3 5063 1150 3599
3 1781 5063 5064
3 3599 4373 5064
3 4373 1151 5064
3 5064 5063 3599
3 722 5693 4859
3 5693 395 4625
3 5693 4625 4859
3 1545 4859 4625
3 1781 5204 941
3 1545 941 5204
3 4859 1545 5204
3 1781 4860 5204
3 4860 722 4859
3 5204 4860 4859
3 1782 4857 721
3 1782 941 5278
3 941 1839 5278
3 1839 4958 5278
3 942 4857 4958
3 4857 1782 5278
3 4958 4857 5278
3 941 1782 5277
3 1781 941 5277
3 1777 4850 717
3 4850 4840 717
3 1777 5907 4850
3 5907 1148 4850
3 139 4368 4366
3 5577 4852 4368
3 718 4366 4852
3 4368 4852 4366
3 1148 5907 5577
3 5907 1777 5577
3 5577 4368 1148
3 139 4367 4368
3 4368 4367 1148
3 1538 388 1540
3 3976 6028 717
3 6028 939 717
3 939 6028 1538
3 6028 3976 1538
3 1540 939 1538
3 1544 4624 4851
3 5692 4624 395
3 4624 5692 4851
3 5692 718 4851
3 1777 717 939
3 718 4852 4851
3 4852 5577 1544
3 5577 1777 1544
3 4852 1544 4851
3 939 4956 1777
3 1777 4956 1544
3 389 3964 1541
3 3964 942 4957
3 3964 4957 1541
3 4955 5788 4954
3 5788 938 4954
3 1541 4955 4954
3 942 4958 4957
3 4955 4958 1839
3 4955 1541 4957
3 4958 4955 4957
3 395 4624 4625
3 1545 4625 1544
3 4625 4624 1544
3 1544 4956 1545
3 4956 939 1840
3 4956 1840 1545
3 941 1545 1840
3 1838 1540 388
3 939 1540 1840
3 5200 5788 1839
3 5788 4955 1839
3 5200 1838 938
3 5788 5200 938
3 1540 5200 1840
3 5200 941 1840
3 5200 1540 1838
3 5200 1839 941
3 4363 6042 707
3 6042 4829 707
3 138 4365 4363
3 4829 6042 1146
3 6042 4365 1146
3 6042 4363 4365
3 388 1539 922
3 707 4829 4564
3 4829 1767 3880
3 4829 3880 4564
3 362 4564 3880
3 4937 922 1482
3 1484 5160 1482
3 5160 4937 1482
3 1484 362 5160
3 362 3880 5160
3 4937 6024 1767
3 6024 3880 1767
3 3880 6024 5160
3 6024 4937 5160
3 922 4937 709
3 4937 1767 709
3 1146 4834 1767
3 4834 709 1767
3 1767 4829 1146
3 4840 6054 715
3 6054 4841 715
3 4850 1148 4841
3 4841 6054 4850
3 6054 4840 4850
3 363 4567 4569
3 4939 4567 924
3 1486 4569 4939
3 4567 4939 4569
3 924 388 4940
3 388 1538 4940
3 4842 6055 715
3 6055 4840 715
3 1486 3976 4842
3 717 4840 3976
3 4840 6055 3976
3 6055 4842 3976
3 924 4940 4939
3 4940 1538 3976
3 3976 4939 4940
3 3976 1486 4939
3 5017 4336 3903
3 4336 129 3903
3 1119 4336 5017
3 1484 4738 3905
3 4738 661 3905
3 1484 3905 362
3 1482 1831 1717
3 1717 1831 920
3 661 4738 4740
3 1484 1482 4738
3 1717 4740 1482
3 4738 1482 4740
3 662 4741 4743
3 920 4935 4741
3 1485 4743 4935
3 4741 4935 4743
3 3903 4740 5017
3 1717 4934 4740
3 4934 5017 4740
3 661 4740 3903
3 662 4742 4741
3 1119 4934 4742
3 920 4741 4934
3 4742 4934 4741
3 920 4934 1717
3 1119 5017 4934
3 4568 4567 363
3 1485 4938 4568
3 4938 924 4567
3 4567 4568 4938
3 1485 4935 5161
3 1832 4935 920
3 4935 1832 5161
3 4941 5672 1832
3 5672 5161 1832
3 4938 5672 924
3 5672 4941 924
3 4938 1485 5161
3 5672 4938 5161
3 1831 1482 922
3 1832 5199 4941
3 5199 1539 388
3 5199 388 4941
3 924 4941 388
3 1832 920 1831
3 922 1539 1831
3 1832 1831 1539
3 1832 1539 5199
3 1178 2738 2740
3 2738 771 2740
3 771 2737 2739
3 2737 1604 2739
3 425 2312 2308
3 2312 1604 2308
3 2308 423 425
3 780 2748 2746
3 2748 1182 2746
3 2044 5073 2045
3 2045 169 2044
3 5073 2044 1182
3 1605 5206 1606
3 5206 2747 1606
3 1606 2309 1605
3 2737 771 770
3 2039 5072 2040
3 5072 1178 2040
3 2040 165 2039
3 1178 2735 2738
3 771 2738 770
3 2738 2735 770
3 2739 1604 1607
3 1604 2312 2310
3 2312 425 2310
3 425 424 2310
3 2310 1607 1604
3 1606 2747 1608
3 2747 780 778
3 2747 778 1608
3 2746 1182 1181
3 2043 1181 2044
3 1181 1182 2044
3 168 2043 169
3 2043 2044 169
3 1181 2745 2746
3 780 4872 778
3 4872 2745 778
3 2745 4872 2746
3 4872 780 2746
3 1606 2311 2309
3 424 2309 2311
3 2309 424 423
3 424 425 423
3 2739 773 771
3 2740 2741 1178
3 2741 1179 1178
3 165 2040 166
3 2040 1178 1179
3 1548 1547 1607
3 1547 2742 1607
3 1607 2310 1548
3 2310 424 1548
3 776 2744 778
3 2744 1608 778
3 1180 5913 1181
3 5913 2745 1181
3 2042 1181 2043
3 2043 168 2042
3 1181 2042 1180
3 2745 776 778
3 2744 1549 1608
3 1549 2267 2311
3 2267 424 2311
3 2311 1606 1549
3 1606 1608 1549
3 773 2739 2742
3 2739 1607 2742
3 2742 774 773
3 166 2041 167
3 2041 166 2040
3 2040 1179 2041
3 2740 771 774
3 771 773 774
3 2740 774 2741
3 1549 2744 2790
3 2744 776 2790
3 2743 1180 1208
3 2070 5912 2042
3 5912 1180 2042
3 193 2042 168
3 2042 193 2070
3 1180 5912 5078
3 5912 2070 5078
3 5078 1208 1180
3 2745 5913 2743
3 5913 1180 2743
3 2743 776 2745
3 2267 400 424
3 1547 1552 2742
3 2691 728 774
3 1552 2691 2742
3 2691 774 2742
3 2041 1179 2013
3 1179 1152 2013
3 167 4403 141
3 4403 2013 141
3 2013 4403 2041
3 4403 167 2041
3 1179 2741 2689
3 2741 774 728
3 2741 728 2689
3 2689 1152 1179
3 1548 424 400
3 400 4634 1548
3 1552 1547 1550
3 1547 2268 1550
3 2691 1552 2690
3 1552 1550 2690
3 2690 5866 2691
3 5866 728 2691
3 2790 776 817
3 192 2070 193
3 1208 2787 2743
3 2787 817 776
3 2787 776 2743
3 2790 1551 1549
3 2267 5935 2269
3 5935 1551 2269
3 2269 401 2267
3 401 400 2267
3 1551 5935 1549
3 5935 2267 1549
3 2013 5067 2014
3 2014 141 2013
3 5067 2013 1152
3 1547 1548 2268
3 4634 400 401
3 1548 4634 2268
3 4634 401 2268
3 2690 1550 1553
3 1550 2268 2270
3 2268 401 402
3 2268 402 2270
3 2270 1553 1550
3 1551 2790 2788
3 2790 817 2788
3 2787 1208 1207
3 2069 5078 2070
3 191 2069 192
3 2069 2070 192
3 1208 5078 1207
3 5078 2069 1207
3 2787 818 817
3 2788 1558 1551
3 1558 1554 1551
3 2269 402 401
3 2269 1551 1554
3 2788 817 818
3 728 5866 729
3 5866 2690 729
3 2692 1153 1152
3 2014 5067 2015
3 5067 1153 2015
3 141 2014 142
3 2014 2015 142
3 1153 5067 1152
3 1152 2689 2692
3 2689 728 729
3 2689 729 2692
3 731 2690 2694
3 1555 5936 1553
3 5936 2690 1553
3 2690 5936 2694
3 5936 1555 2694
3 2270 402 403
3 2270 1555 1553
3 1558 2788 1556
3 2788 818 1556
3 2789 816 2787
3 816 818 2787
3 1206 5916 1207
3 5916 2787 1207
3 1206 5915 5916
3 5915 2789 2787
3 5915 2787 5916
3 2068 1206 2069
3 1206 1207 2069
3 190 2068 191
3 2069 191 2068
3 1556 1557 1558
3 1557 2271 2272
3 2271 403 402
3 2271 402 2272
3 2272 1558 1557
3 2269 1554 2272
3 1554 1558 2272
3 2272 402 2269
3 2690 731 729
3 731 2693 2692
3 2693 1153 2692
3 2015 1153 2016
3 142 2015 4379
3 2015 2016 4379
3 4379 143 142
3 2692 729 731
3 2270 403 404
3 1556 818 815
3 818 816 815
3 816 2789 2786
3 5915 2786 2789
3 190 2067 2068
3 2067 1206 2068
3 1206 2067 1205
3 2786 815 816
3 2786 5915 1205
3 5915 1206 1205
3 2271 404 403
3 2694 732 731
3 2693 1154 1153
3 1154 2016 1153
3 2693 731 732
3 2785 815 813
3 2066 1205 2067
3 189 4429 190
3 4429 2067 190
3 2067 4429 2066
3 2784 813 815
3 1205 2784 2786
3 5623 2784 815
3 2784 5623 2786
3 5623 815 2786
3 2785 1560 1557
3 2271 1557 1560
3 1557 1556 2785
3 1556 815 2785
3 2270 1559 1555
3 1559 2695 2694
3 2695 734 732
3 2695 732 2694
3 2694 1555 1559
3 2693 1155 1154
3 143 4379 144
3 2017 4382 4379
3 4382 144 4379
3 2017 4379 2016
3 1155 2017 1154
3 2017 2016 1154
3 2693 732 734
3 2695 1559 1561
3 1559 2275 2273
3 2275 405 2273
3 2273 1561 1559
3 1560 2785 2782
3 2785 813 2782
3 2784 1205 1204
3 188 4429 189
3 2066 4429 2065
3 4429 188 2065
3 1205 2066 1204
3 2066 2065 1204
3 1560 2274 2276
3 405 5838 2274
3 5838 2276 2274
3 2271 5838 404
3 5838 405 404
3 5838 2271 2276
3 2276 2271 1560
3 2017 5068 2018
3 5068 1155 2018
3 145 5809 4382
3 5809 144 4382
3 2018 5611 4382
3 5611 145 4382
3 2018 4382 2017
3 5068 2017 1155
3 1155 2693 2696
3 2693 734 2696
3 1559 2270 2275
3 405 2275 404
3 2275 2270 404
3 2782 813 812
3 2784 1204 1203
3 2065 1203 1204
3 188 2064 2065
3 2064 1203 2065
3 1203 2781 2784
3 2781 812 2784
3 812 813 2784
3 812 2783 2782
3 2783 1562 1560
3 2783 1560 2782
3 1562 2277 2274
3 2277 405 2274
3 2274 1560 1562
3 1561 2697 2695
3 2697 735 734
3 2697 734 2695
3 2696 1156 1155
3 1156 2018 1155
3 2696 734 735
3 2780 5725 2783
3 5725 1562 2783
3 810 5871 812
3 5871 2783 812
3 2783 5871 2780
3 5871 810 2780
3 2064 188 187
3 2781 810 812
3 1203 1202 2781
3 2277 406 405
3 2697 737 735
3 2018 1156 2019
3 145 4383 146
3 2019 4385 4383
3 4385 146 4383
3 2019 4383 2018
3 145 5611 4383
3 5611 2018 4383
3 737 4865 2696
3 4865 1156 2696
3 737 2696 735
3 2273 405 406
3 2699 737 739
3 737 2698 739
3 1201 5634 1202
3 5634 2781 1202
3 1202 1203 1201
3 2063 5745 2064
3 5745 1203 2064
3 1203 5745 1201
3 5745 2063 1201
3 2064 187 2063
3 2781 5634 2779
3 5634 1201 2779
3 2779 810 2781
3 2780 5726 5725
3 5726 1564 1562
3 5726 1562 5725
3 1564 2279 2277
3 5839 2279 406
3 2279 5839 2277
3 5839 406 2277
3 2277 1562 1564
3 2278 1563 1561
3 2698 1561 1563
3 1156 5908 1157
3 5908 2699 1157
3 2019 1157 2020
3 146 4385 147
3 2020 4386 4385
3 4386 147 4385
3 2020 4385 2019
3 1157 2019 1156
3 2699 5908 4865
3 5908 1156 4865
3 4865 737 2699
3 737 2697 2698
3 2697 1561 2698
3 406 2278 2273
3 2278 1561 2273
3 2280 2279 1567
3 2279 1564 1567
3 1564 5726 2778
3 5726 2780 2778
3 807 2780 810
3 2780 807 2778
3 2778 1567 1564
3 2779 1201 1200
3 2062 1201 2063
3 186 2063 187
3 2063 186 2062
3 1201 2062 1200
3 1200 2777 2779
3 810 2777 807
3 2777 810 2779
3 1567 1566 2280
3 2280 407 406
3 2280 406 2279
3 739 2700 2699
3 2700 1157 2699
3 2020 1157 2021
3 147 4386 148
3 2021 4387 4386
3 4387 148 4386
3 2021 4386 2020
3 1563 2701 2698
3 2701 739 2698
3 2278 406 407
3 1565 2278 2281
3 2278 407 2281
3 407 408 2281
3 1567 2778 2776
3 2778 807 2776
3 4426 2062 186
3 2062 4426 2061
3 4426 186 2061
3 2061 5077 2062
3 5077 1200 2062
3 5077 1199 1200
3 2777 1200 1199
3 1566 408 407
3 407 2280 1566
3 2278 1565 1563
3 1565 2702 2701
3 2702 741 2701
3 741 739 2701
3 2701 1563 1565
3 2700 5710 1157
3 5710 1158 1157
3 2021 1158 2022
3 2022 4387 2021
3 1158 2021 1157
3 2700 739 741
3 2061 186 185
3 806 2777 2774
3 2777 1199 2774
3 2777 806 807
3 2776 1568 1567
3 1568 2282 1566
3 2282 409 408
3 2282 408 1566
3 1566 1567 1568
3 2776 807 806
3 2702 742 741
3 148 4387 149
3 4387 2022 149
3 742 2703 741
3 1158 5710 2703
3 5710 2700 2703
3 2700 741 2703
3 2281 408 409
3 1569 2281 2283
3 5559 2281 409
3 2281 5559 2283
3 5559 409 2283
3 2282 1568 1570
3 2775 5639 2776
3 5639 1568 2776
3 2776 806 804
3 2776 804 2775
3 1568 5639 1570
3 5639 2775 1570
3 2774 1199 1198
3 5077 2061 2060
3 184 2061 185
3 2061 184 2060
3 1199 5077 1198
3 5077 2060 1198
3 2774 804 806
3 1570 2284 2282
3 2284 409 2282
3 2281 1569 1565
3 1569 2704 2702
3 2704 742 2702
3 2702 1565 1569
3 149 2023 150
3 2023 149 2022
3 1159 2022 1158
3 2022 1159 2023
3 2706 1569 1571
3 2283 1571 1569
3 1569 2706 2704
3 742 2704 746
3 2704 2706 746
3 1159 5711 1160
3 2705 5909 5711
3 5909 1160 5711
3 2023 5633 2024
3 5633 1160 2024
3 150 2023 151
3 2023 2024 151
3 1160 5633 1159
3 5633 2023 1159
3 2705 5711 2703
3 1159 1158 5711
3 1158 2703 5711
3 2703 742 746
3 2703 746 2705
3 1572 2775 2772
3 2775 802 2772
3 2773 1198 1197
3 2059 1198 2060
3 183 4425 184
3 2060 184 4425
3 2059 2060 4425
3 4425 183 2059
3 1198 2059 1197
3 1198 2773 2774
3 804 2773 802
3 2773 804 2774
3 2775 1572 1570
3 1572 2285 2284
3 2285 410 409
3 2285 409 2284
3 2284 1570 1572
3 2775 804 802
3 2706 747 746
3 4390 151 2024
3 5909 2705 2707
3 2705 746 747
3 2705 747 2707
3 2283 409 410
3 2708 1571 1573
3 2286 410 411
3 2286 1573 1571
3 2285 1572 1575
3 2772 1575 1572
3 2059 183 182
3 1197 2771 2773
3 2771 802 2773
3 2771 801 802
3 1575 2287 2285
3 2287 411 410
3 2287 410 2285
3 2772 802 801
3 1571 2708 2706
3 2708 747 2706
3 1160 5909 1161
3 5909 2707 1161
3 152 4388 4390
3 4388 151 4390
3 4390 2025 152
3 4390 2024 2025
3 2024 1160 2025
3 1160 1161 2025
3 1571 2283 2286
3 2283 410 2286
3 1573 2286 2288
3 2286 411 2288
3 1575 2772 1574
3 801 1574 2772
3 2771 1197 1196
3 1196 5914 2058
3 5914 2059 2058
3 2059 5914 1197
3 5914 1196 1197
3 181 2058 182
3 2058 2059 182
3 1573 2710 2708
3 2710 749 747
3 2710 747 2708
3 2709 1162 1161
3 2026 5967 5069
3 5967 2025 5069
3 5069 1162 2026
3 152 4391 153
3 4391 5967 4393
3 5967 2026 4393
3 4393 153 4391
3 5967 4391 2025
3 4391 152 2025
3 1162 5069 1161
3 5069 2025 1161
3 1161 2707 2709
3 2707 747 749
3 2707 749 2709
3 1577 1574 2770
3 799 2770 801
3 2770 1574 801
3 2768 1196 1195
3 2057 1196 2058
3 2058 181 2057
3 1196 2057 1195
3 2768 799 801
3 1196 2768 2771
3 2768 801 2771
3 1574 1577 1575
3 1577 2289 2287
3 2289 411 2287
3 2287 1575 1577
3 2288 1576 1573
3 1576 2711 2710
3 2711 750 749
3 2711 749 2710
3 2710 1573 1576
3 2709 749 750
3 2290 411 412
3 2289 1577 1578
3 1577 2770 2769
3 2770 799 2769
3 2769 1578 1577
3 180 2057 181
3 2768 798 799
3 1578 2291 2289
3 2291 412 2289
3 412 411 2289
3 2769 799 798
3 2709 1163 1162
3 153 4393 154
3 4393 2027 154
3 2027 4393 2026
3 1163 2026 1162
3 2026 1163 2027
3 1576 2288 2290
3 2288 411 2290
3 1579 5205 1576
3 5205 2713 1576
3 2290 1579 1576
3 1194 5713 1195
3 5713 2768 1195
3 2056 5076 2057
3 5076 1195 2057
3 179 2056 180
3 2057 180 2056
3 1195 5076 1194
3 5076 2056 1194
3 1578 2769 2767
3 2769 798 2767
3 1576 2713 2711
3 750 2711 752
3 2711 2713 752
3 2712 1164 1163
3 154 4394 155
3 1164 4394 2027
3 4394 154 2027
3 1164 2027 1163
3 1163 2709 2712
3 2709 750 2712
3 750 752 2712
3 2766 5713 1193
3 5713 1194 1193
3 2055 1194 2056
3 178 4420 4418
3 2056 179 4420
3 179 4418 4420
3 2055 2056 4420
3 1194 2055 1193
3 5713 2766 2768
3 2766 796 798
3 2766 798 2768
3 2767 1581 1578
3 2291 413 412
3 2291 1578 1581
3 2767 798 796
3 2292 1580 1579
3 2713 5205 2715
3 5205 1580 2715
3 2715 753 752
3 2715 752 2713
3 5205 1579 1580
3 2028 4394 1164
3 1164 2712 2714
3 753 5868 752
3 5868 2712 752
3 2712 5868 2714
3 5868 753 2714
3 413 5694 412
3 5694 2290 412
3 2290 5694 2292
3 5694 413 2292
3 2292 1579 2290
3 1580 2292 2293
3 2292 413 2293
3 1581 2767 2765
3 2767 796 2765
3 1193 2055 2054
3 178 4417 4420
3 4417 2054 2055
3 4417 2055 4420
3 2054 1192 1193
3 2766 1193 2763
3 1193 1192 2763
3 2763 796 2766
3 2765 1582 1581
3 2294 5937 1584
3 5937 1581 1582
3 5937 1582 1584
3 1581 5937 2291
3 5937 2294 2291
3 2294 413 2291
3 155 4394 156
3 4394 2028 156
3 1583 1585 1580
3 1585 2717 1580
3 1580 2293 1583
3 2293 413 414
3 1582 2765 2762
3 796 5869 2765
3 5869 2762 2765
3 2053 1192 2054
3 4417 178 177
3 2054 4417 2053
3 177 2053 4417
3 1192 2764 2763
3 2764 795 796
3 2764 796 2763
3 413 2294 414
3 2294 1584 414
3 2762 5869 795
3 5869 796 795
3 1580 2717 2715
3 2717 755 753
3 2717 753 2715
3 1164 5910 1166
3 5910 2716 1166
3 2028 1166 2029
3 156 2029 157
3 2029 156 2028
3 1166 2028 1164
3 2716 5910 2714
3 5910 1164 2714
3 755 2716 753
3 2716 2714 753
3 2764 1192 1191
3 176 4415 177
3 2053 177 4415
3 2053 4415 2052
3 176 4414 4415
3 4414 2052 4415
3 2052 1191 2053
3 1191 1192 2053
3 1191 2760 2764
3 2760 795 2764
3 1584 1582 1587
3 1582 2762 1587
3 1587 416 1584
3 416 414 1584
3 1585 1583 1586
3 1583 2293 1586
3 1586 2719 1585
3 755 2717 2719
3 2717 1585 2719
3 755 2718 2716
3 2718 1167 2716
3 157 2029 2030
3 2029 5070 2030
3 1167 5070 1166
3 5070 2029 1166
3 2716 1167 1166
3 2295 4635 415
3 4635 416 415
3 2761 795 793
3 2052 1190 1191
3 2760 793 795
3 2760 1191 1190
3 2761 1588 1587
3 2296 1587 1588
3 795 2761 2762
3 2761 1587 2762
3 1587 2296 416
3 1586 2721 2719
3 755 2719 757
3 2719 2721 757
3 757 2720 2718
3 2720 1168 1167
3 2720 1167 2718
3 2030 5070 2031
3 5070 1168 2031
3 157 2030 158
3 2030 2031 158
3 1168 5070 1167
3 2718 755 757
3 1586 2293 2295
3 416 4635 414
3 4635 2293 414
3 4635 2295 2293
3 1190 2052 2051
3 175 4414 176
3 2052 4414 2051
3 4414 175 2051
3 793 2759 2761
3 2759 1588 2761
3 2296 415 416
3 2721 759 757
3 759 758 757
3 2720 1169 1168
3 2032 158 2031
3 1169 2031 1168
3 2720 757 758
3 2721 1586 1589
3 2295 1589 1586
3 1590 418 417
3 793 2760 2758
3 1189 2758 1190
3 2758 2760 1190
3 1189 1190 2051
3 174 2051 175
3 2759 1591 1588
3 2297 418 415
3 415 2296 2297
3 2296 1588 1591
3 2296 1591 2297
3 759 2723 2720
3 2723 1170 1169
3 2723 1169 2720
3 2032 2031 2033
3 2031 1170 2033
3 158 2032 159
3 2033 4398 2032
3 4398 159 2032
3 1170 2031 1169
3 758 759 2720
3 759 2721 2722
3 2721 1589 2722
3 1589 2295 1590
3 418 5695 415
3 5695 2295 415
3 2295 5695 1590
3 5695 418 1590
3 792 2758 2756
3 2758 1189 1188
3 2758 1188 2756
3 2050 1189 2051
3 2051 174 2050
3 1189 2050 1188
3 2758 792 793
3 792 2757 2759
3 2757 1593 1591
3 2757 1591 2759
3 1593 2299 2297
3 417 418 419
3 418 2299 419
3 418 2297 2299
3 2297 1591 1593
3 2759 793 792
3 1592 2724 2722
3 2724 760 2722
3 2723 1171 1170
3 159 4398 160
3 1171 2033 1170
3 2723 759 760
3 2722 1589 1592
3 1589 1590 1592
3 1590 417 2298
3 417 419 2298
3 2298 1592 1590
3 2722 760 759
3 2724 1592 1594
3 1592 2298 2300
3 2298 419 2300
3 2300 1594 1592
3 2757 792 791
3 2756 1188 1187
3 2049 5075 2050
3 5075 1188 2050
3 174 173 2049
3 2049 2050 174
3 1188 5075 1187
3 2756 791 792
3 1593 2301 2299
3 2301 419 2299
3 2724 762 760
3 1171 2034 2033
3 160 4398 161
3 4398 2034 161
3 2034 4398 2033
3 1171 2723 2725
3 2723 760 762
3 2723 762 2725
3 2727 1172 2725
3 2725 762 2727
3 2300 419 420
3 2301 1593 1595
3 1593 2757 2755
3 2757 791 788
3 2757 788 2755
3 2755 1597 1593
3 1597 1595 1593
3 2048 5075 2049
3 173 4409 2049
3 4409 2048 2049
3 5075 2048 1187
3 1187 2753 2756
3 2753 788 791
3 2753 791 2756
3 419 2301 420
3 2301 2302 420
3 2301 1595 2302
3 1594 2726 2724
3 2726 762 2724
3 2725 1172 1171
3 2034 1171 1172
3 1597 2755 2754
3 2755 788 2754
3 2753 1187 1186
3 172 4409 173
3 4409 172 2048
3 1187 2048 1186
3 5074 1186 2048
3 1597 1600 2302
3 1600 2303 2302
3 2303 420 2302
3 2302 1595 1597
3 1596 2730 2726
3 762 2726 766
3 2726 2730 766
3 1172 2727 1174
3 161 2035 162
3 2035 161 2034
3 2034 1172 2035
3 1174 5911 1172
3 5911 2035 1172
3 766 2727 762
3 2726 1594 1596
3 2300 1596 1594
3 1600 2754 1601
3 2754 788 786
3 786 1601 2754
3 2751 788 2753
3 2753 1186 2751
3 1186 1185 2751
3 172 5612 4408
3 5612 171 4408
3 4408 2048 172
3 4408 2047 2048
3 1186 5074 1185
3 5074 2047 1185
3 2047 5074 2048
3 788 2751 786
3 2754 1600 1597
3 766 2730 2732
3 2730 1598 2732
3 2732 767 766
3 2035 5911 5071
3 5911 1174 5071
3 5071 2037 2035
3 2037 162 2035
3 1174 2727 2731
3 2727 766 767
3 2727 767 2731
3 2730 1596 1598
3 1596 2300 2304
3 2300 420 2304
3 2304 1598 1596
3 1598 2304 2305
3 2304 420 421
3 2304 421 2305
3 2303 1600 1599
3 785 2752 1601
3 2752 1600 1601
3 1601 786 785
3 2752 1599 1600
3 4873 785 786
3 4873 786 2751
3 1599 2306 2303
3 2306 421 420
3 2306 420 2303
3 2731 1175 1174
3 5071 1174 1175
3 2734 1598 1602
3 2305 421 422
3 2305 1602 1598
3 1599 2752 2750
3 2752 785 2750
3 785 783 2750
3 1184 5712 1185
3 5712 2751 1185
3 2046 1184 2047
3 1184 1185 2047
3 170 2046 171
3 2047 4408 2046
3 4408 171 2046
3 2751 5712 2749
3 785 4873 783
3 4873 2749 783
3 4873 2751 2749
3 2749 781 783
3 1599 2307 2306
3 2307 422 421
3 2307 421 2306
3 2750 783 781
3 1598 2734 2732
3 2734 769 767
3 2734 767 2732
3 2733 1176 1175
3 162 2037 4399
3 2037 2038 163
3 2037 163 4399
3 1176 5071 1175
3 2037 5071 2038
3 5071 1176 2038
3 1175 2731 2733
3 769 2733 767
3 2733 2731 767
3 2735 769 770
3 769 2734 2736
3 2734 1602 2736
3 1602 2305 2308
3 2305 422 2308
3 2736 770 769
3 2749 5712 1183
3 5712 1184 1183
3 2045 1184 2046
3 2046 170 2045
3 1184 2045 1183
3 2750 1603 1599
3 2307 1599 1603
3 769 2735 2733
3 2735 1177 1176
3 2735 1176 2733
3 2038 1177 2039
3 2039 164 2038
3 164 163 2038
3 1177 2038 1176
3 2737 1602 1604
3 2308 422 423
3 2308 1604 1602
3 1603 2750 2747
3 2750 781 780
3 2750 780 2747
3 781 2749 2748
3 1182 2748 1183
3 2748 2749 1183
3 5073 1183 2045
3 169 2045 170
3 1183 5073 1182
3 2748 780 781
3 2747 5206 1603
3 5206 1605 1603
3 422 2307 423
3 1605 2309 2307
3 2309 423 2307
3 2307 1603 1605
3 1602 2737 2736
3 2737 770 2736
3 2735 1178 1177
3 164 2039 165
3 1178 5072 1177
3 5072 2039 1177
3 5056 5966 2907
3 5966 2012 2907
3 4369 2907 2012
3 5056 3981 1147
3 2686 5056 2907
3 5056 2686 3981
3 1147 3981 1771
3 718 3883 4366
3 139 4366 4369
3 2907 4369 3883
3 4369 4366 3883
3 2686 2907 3883
3 2686 3883 4853
3 3883 718 4853
3 1542 5202 2265
3 2686 2265 5202
3 2686 4853 4627
3 718 5692 4627
3 5692 395 4627
3 4853 718 4627
3 4627 2265 2686
3 395 4626 4627
3 2265 4627 4626
3 2233 1434 1435
3 881 2679 714
3 2679 881 2847
3 2679 2847 1434
3 2847 1435 1434
3 1771 3981 1542
3 2686 5202 3981
3 5202 1542 3981
3 2678 5934 5865
3 5934 1542 2848
3 5934 2848 5865
3 881 714 2848
3 5865 2848 714
3 1542 5934 1771
3 5934 2678 1771
3 5062 2908 1778
3 2908 5066 4376
3 1151 4373 5066
3 4376 4373 140
3 4373 4376 5066
3 140 4375 4376
3 4375 1778 4376
3 2908 4376 1778
3 1780 1779 844
3 1779 2688 5062
3 2908 5062 2688
3 2688 4862 5065
3 722 4858 4862
3 1151 5065 4858
3 4862 4858 5065
3 1151 5066 5065
3 2688 5065 2908
3 5065 5066 2908
3 5062 844 1779
3 2235 1437 843
3 720 2687 882
3 2687 843 1437
3 2688 5203 3980
3 5203 1543 3980
3 2265 4626 4861
3 5693 4626 395
3 4626 5693 4861
3 5693 722 4861
3 4861 3980 2265
3 722 4862 4861
3 3980 4862 2688
3 3980 4861 4862
3 1779 1780 882
3 882 1780 720
3 2688 1779 1543
3 2688 1543 5203
3 882 1543 1779
3 2598 623 624
3 2232 338 880
3 623 2599 2601
3 1668 2599 1433
3 2599 1668 2601
3 880 1668 2232
3 1668 1433 2232
3 880 5832 2234
3 5832 339 2234
3 624 2601 1664
3 2601 1668 621
3 2601 621 1664
3 880 2234 1668
3 1668 2234 621
3 2601 624 623
3 1542 2265 3980
3 3980 1543 1542
3 1543 882 2848
3 882 881 2848
3 2848 1542 1543
3 339 5832 2235
3 5832 880 2235
3 880 1437 2235
3 2233 880 338
3 1435 880 2233
3 1437 2974 2687
3 881 882 2974
3 2974 882 2687
3 880 1435 1437
3 881 2974 2847
3 2974 1437 1435
3 2974 1435 2847
3 1953 3540 568
3 1053 2522 3540
3 2522 4648 3540
3 4648 568 3540
3 1620 4964 3541
3 4964 1053 3541
3 2520 1620 3541
3 2519 2521 2520
3 2198 3197 1793
3 3197 316 1793
3 1793 5085 2198
3 5085 1359 2198
3 3771 1357 842
3 842 1357 1794
3 5084 1794 1357
3 1622 4497 2520
3 4497 317 1620
3 4497 1620 2520
3 4498 1620 317
3 2522 4498 1361
3 4498 317 1361
3 842 2795 1621
3 2795 567 1621
3 1620 4498 4964
3 4498 2522 1053
3 4498 1053 4964
3 567 2199 2521
3 2199 4856 2521
3 4856 1622 2521
3 2520 2521 1622
3 1095 2598 1093
3 2598 624 1093
3 1665 1669 339
3 339 1669 2234
3 1669 621 2234
3 2197 3772 843
3 3772 1358 843
3 316 3198 1360
3 3198 2197 1360
3 2197 843 1360
3 2596 3378 1669
3 3378 621 1669
3 1358 3773 1665
3 3773 2596 1665
3 2596 1669 1665
3 339 1358 1665
3 4854 719 2199
3 4856 2199 719
3 1622 4856 1362
3 4374 2909 140
3 2796 4375 2909
3 4375 140 2909
3 2796 1778 4375
3 140 4372 4374
3 4372 1363 4374
3 4854 1363 725
3 4372 725 1363
3 1780 2797 720
3 720 1436 2687
3 1436 843 2687
3 844 5062 2798
3 5062 1778 2798
3 2796 2798 1778
3 1794 5084 1359
3 339 2235 1358
3 2235 843 1358
3 1436 720 316
3 720 2797 316
3 2797 1780 316
3 843 1436 1360
3 1436 316 1360
3 4497 1622 1362
3 4854 2199 567
3 1794 5947 842
3 5947 2909 842
3 2909 4374 842
3 4374 2795 842
3 844 2798 1794
3 5947 1794 2798
3 2909 5947 2796
3 5947 2798 2796
3 1363 4854 2795
3 4854 567 2795
3 4374 1363 2795
3 1780 844 1359
3 844 1794 1359
3 1359 5085 1780
3 5085 1793 1780
3 1793 316 1780
3 263 4111 4114
3 55 4110 4111
3 57 4114 4110
3 4111 4110 4114
3 518 4115 59
3 4115 57 59
3 518 4468 4115
3 4114 4468 263
3 57 4115 4114
3 4468 4114 4115
3 3733 2567 2563
3 2567 601 600
3 2567 600 3368
3 3368 2563 2567
3 2566 2564 3567
3 1077 5707 1078
3 5707 2564 1078
3 2564 5707 3567
3 5707 1077 3567
3 3568 1981 1980
3 3107 4288 5367
3 4288 3106 5367
3 1981 3107 5367
3 4288 4282 3106
3 4282 113 3106
3 114 4282 4288
3 114 4288 3107
3 113 3105 3106
3 1980 5961 3105
3 5961 3106 3105
3 3106 5961 5367
3 5961 1980 5367
3 1980 1981 5367
3 1980 3566 3568
3 3566 1077 3568
3 1077 1078 3568
3 3567 2562 2566
3 3369 600 601
3 601 2566 3369
3 2566 2562 3369
3 114 4286 4282
3 4286 5615 4283
3 4282 4283 113
3 4283 4282 4286
3 3727 2165 2163
3 2165 297 298
3 298 2163 2165
3 3725 1323 1325
3 3726 2570 2565
3 3370 603 601
3 601 2567 3370
3 2567 2565 3370
3 2565 2570 3370
3 3726 1325 1323
3 3371 2568 2564
3 2568 1079 2564
3 3569 1982 1981
3 3569 1981 1079
3 3108 6014 5744
3 6014 5529 5744
3 5744 1982 3108
3 5529 5761 5645
3 5761 3107 5645
3 5529 5645 5744
3 5645 1981 1982
3 5645 1982 5744
3 114 3107 4285
3 3107 5761 4285
3 5761 115 4285
3 5761 5529 115
3 5529 6014 5609
3 6014 3108 5609
3 5609 115 5529
3 5645 3107 1981
3 1981 1078 1079
3 1981 3568 1078
3 2564 601 3371
3 601 603 3371
3 2564 1079 1078
3 2565 3729 3726
3 3729 1325 3726
3 1325 2164 2162
3 3185 298 297
3 3185 2162 2164
3 2162 3725 1325
3 268 3949 4476
3 4468 518 3949
3 518 4476 3949
3 4468 3949 602
3 602 4469 4468
3 263 4468 4469
3 4285 115 4290
3 4287 4290 602
3 114 4285 4287
3 4290 4287 4285
3 4287 602 3949
3 268 5615 3949
3 5615 4286 3949
3 4287 4286 114
3 4286 4287 3949
3 4105 6031 260
3 6031 4466 260
3 514 4470 4105
3 264 4466 4470
3 4466 6031 4470
3 6031 4105 4470
3 4297 118 606
3 606 4466 4297
3 4466 264 4298
3 117 4297 4298
3 4466 4298 4297
3 1318 3722 2157
3 3722 2160 2157
3 2160 3183 296
3 296 2157 2160
3 3723 1322 1321
3 1322 2574 1321
3 2574 2572 1321
3 3372 605 604
3 3372 2572 2574
3 2573 3573 3571
3 1082 5902 3573
3 5902 1081 3573
3 3573 1081 3571
3 3572 1985 1984
3 1985 1986 5369
3 3110 5369 5530
3 1986 3111 5369
3 3111 5530 5369
3 116 4296 4291
3 4296 3110 4291
3 3110 4299 4291
3 3110 5530 4299
3 3111 117 5530
3 5530 117 4299
3 4296 3109 3110
3 5369 3110 3109
3 3109 1984 5369
3 1984 1985 5369
3 5368 1983 1984
3 5368 1984 3109
3 3572 5962 3570
3 5962 1983 3570
3 1082 3572 5902
3 3572 3570 1081
3 3572 1081 5902
3 1983 5962 1984
3 5962 3572 1984
3 3571 2571 2573
3 605 3373 604
3 3373 2571 604
3 3373 2573 2571
3 1321 2572 2569
3 1320 2158 2159
3 2158 3181 3182
3 3182 3181 296
3 3182 2159 2158
3 2159 3723 1320
3 3723 1321 1320
3 2572 3372 2569
3 3372 604 2569
3 4291 4299 4298
3 4299 117 4298
3 4298 264 4291
3 4293 116 264
3 116 4291 264
3 673 370 223
3 677 1514 673
3 677 673 1127
3 1514 370 673
3 679 4453 1240
3 224 1240 4453
3 4350 1134 133
3 4348 4350 133
3 1240 4348 679
3 4348 1240 4350
3 4793 1134 683
3 4350 683 1134
3 683 4350 1240
3 19 965 4035
3 965 4639 4035
3 965 5893 4639
3 5893 1613 4639
3 4639 1613 224
3 4639 224 450
3 1613 455 224
3 370 683 223
3 1240 224 455
3 683 1240 826
3 826 1240 455
3 826 223 683
3 246 1270 251
3 1270 1276 251
3 1276 493 251
3 1000 498 4077
3 498 996 4077
3 493 996 498
3 4076 1000 41
3 4077 41 1000
3 246 1277 242
3 1271 1272 1277
3 1272 242 1277
3 493 1276 487
3 1276 1270 487
3 39 5796 4077
3 5796 41 4077
3 996 4072 4077
3 4077 4072 39
3 991 4068 996
3 4068 4072 996
3 487 991 493
3 996 493 991
3 242 1270 246
3 4159 75 4158
3 77 4162 4158
3 4159 4158 4162
3 3902 292 4495
3 295 4495 4493
3 292 4493 4495
3 79 4168 3901
3 295 4163 4168
3 77 3901 4163
3 4168 4163 3901
3 295 4493 4163
3 292 4162 4493
3 77 4163 4162
3 4493 4162 4163
3 2512 1351 3761
3 1351 1348 3761
3 2190 310 3195
3 310 311 3195
3 3195 2189 2190
3 3195 2187 2189
3 2187 1348 1351
3 2187 1351 2189
3 1347 2542 3763
3 2542 2540 3763
3 3360 586 585
3 3360 2540 2542
3 3763 1350 1347
3 2541 3553 3551
3 3553 1067 1066
3 3553 1066 3551
3 3552 1963 1962
3 4251 3094 104
3 3094 4251 3093
3 103 3093 4251
3 3094 3093 1962
3 3094 1962 1963
3 1067 3552 1066
3 3552 1961 1066
3 3552 1962 1961
3 3551 2539 2541
3 2539 585 3361
3 585 586 3361
3 2539 3361 2541
3 1350 2188 2191
3 311 2191 2188
3 543 4168 5603
3 4168 79 5603
3 543 4432 4168
3 295 4168 197
3 4432 197 4168
3 104 4255 4251
3 197 4252 4255
3 103 4251 4252
3 4255 4252 4251
3 4255 104 3943
3 4255 3943 197
3 197 3943 295
3 4495 295 3943
3 4254 3943 104
3 3943 4254 4495
3 4254 105 3902
3 4254 3902 4495
3 75 4155 73
3 277 4132 4138
3 65 67 4132
3 4132 67 4138
3 271 4277 4280
3 111 4276 4277
3 112 4280 4276
3 4277 4276 4280
3 112 599 4280
3 271 4280 4480
3 599 4480 4280
3 271 4480 272
3 268 4121 4475
3 5799 4121 61
3 272 4480 4122
3 4480 4475 4122
3 4121 5799 4475
3 5799 4122 4475
3 4279 113 4284
3 112 5608 599
3 5608 4279 599
3 4284 599 4279
3 268 4475 4477
3 4480 599 4477
3 4475 4480 4477
3 4477 599 4284
3 113 4283 4284
3 4283 5615 4477
3 5615 268 4477
3 4284 4283 4477
3 277 5618 3945
3 5618 110 3945
3 4274 5618 283
3 5618 277 283
3 5618 4274 110
3 69 4143 4137
3 531 4137 4143
3 277 4138 4482
3 67 4137 4138
3 4137 531 4138
3 531 4482 4138
3 531 4485 4482
3 283 277 4485
3 4482 4485 277
3 71 4147 4142
3 4147 534 69
3 4147 69 4142
3 283 4485 4483
3 282 4483 4485
3 4143 69 534
3 4485 531 4143
3 4143 534 4485
3 534 282 4485
3 3100 4275 4274
3 4275 110 4274
3 4270 4274 283
3 109 3100 4270
3 4274 4270 3100
3 283 4483 4270
3 282 4269 4483
3 109 4270 4269
3 4483 4269 4270
3 534 5592 282
3 5592 4484 282
3 71 4146 4147
3 4484 5592 287
3 5592 4146 287
3 4147 5592 534
3 5592 4147 4146
3 109 4269 4265
3 282 5826 4269
3 5826 4266 4269
3 108 4265 4266
3 4269 4266 4265
3 4266 5826 4484
3 5826 282 4484
3 4267 4484 287
3 4267 5804 4266
3 5804 108 4266
3 4484 4267 4266
3 287 4146 4154
3 71 4145 4146
3 73 5679 4145
3 5679 4154 4145
3 4146 4145 4154
3 4155 6034 5679
3 6034 4154 5679
3 5679 73 4155
3 4487 6034 288
3 6034 4155 288
3 287 4154 4487
3 6034 4487 4154
3 3944 4263 591
3 4263 107 591
3 3944 4259 4263
3 3944 4489 589
3 288 5689 4489
3 5689 589 4489
3 591 5856 3944
3 5856 4489 3944
3 4259 589 106
3 589 4259 3944
3 288 4489 4487
3 4489 5856 5667
3 5856 591 5667
3 4487 5667 287
3 5667 591 287
3 5667 4487 4489
3 75 4159 4155
3 4159 4162 4488
3 4162 292 4488
3 288 4155 4488
3 4159 4488 4155
3 4257 106 589
3 4257 589 4668
3 4668 292 3902
3 589 292 4668
3 105 4257 3902
3 4257 4668 3902
3 589 5689 292
3 5689 288 292
3 292 288 4488
3 4451 5614 679
3 5614 4453 679
3 218 5614 214
3 5614 4451 214
3 5614 218 4453
3 444 4636 4024
3 1609 4018 4636
3 15 4024 4018
3 4636 4018 4024
3 4018 1609 13
3 444 4452 4450
3 4452 218 214
3 4452 214 4450
3 4315 4314 625
3 4314 122 625
3 121 4314 4315
3 625 4443 4315
3 4443 620 4315
3 620 121 4315
3 197 4432 4430
3 4430 3990 196
3 4432 543 4430
3 3990 4430 543
3 543 5603 3990
3 5603 0 3990
3 103 4253 4246
3 4253 4249 4246
3 196 584 4430
3 103 4252 4253
3 4430 4252 197
3 4252 4430 584
3 4253 4252 584
3 198 4321 4248
3 123 4247 4321
3 102 4248 4247
3 4321 4247 4248
3 102 4249 4248
3 4253 5776 4249
3 4433 6038 5776
3 6038 4249 5776
3 5776 4253 584
3 198 4248 4433
3 4249 6038 4248
3 6038 4433 4248
3 4433 5776 196
3 5776 584 196
3 5812 198 4433
3 4431 5812 196
3 5812 4433 196
3 47 3939 500
3 45 3031 4088
3 3031 47 500
3 3031 500 4088
3 119 4305 4300
3 4301 4305 255
3 4300 4301 118
3 4305 4301 4300
3 507 5593 250
3 5593 4304 250
3 119 4304 4305
3 5593 4305 4304
3 4305 5593 255
3 5593 507 255
3 3939 47 4092
3 250 3939 507
3 4092 4097 3939
3 4097 507 3939
3 49 4097 4092
3 646 4708 4705
3 4708 2626 645
3 4708 645 4705
3 2626 5452 4706
3 5452 1108 4706
3 4706 645 2626
3 246 5816 5081
3 5816 1285 5081
3 5081 1277 246
3 251 4457 246
3 4457 4458 246
3 5816 246 4458
3 4705 2625 646
3 2627 646 2625
3 1285 2627 5081
3 1277 5081 2625
3 5081 2627 2625
3 4705 645 1271
3 1277 2625 1271
3 2625 4705 1271
3 498 1000 1003
3 43 4083 4076
3 1000 4083 1003
3 4083 1000 4076
3 1619 1003 4083
3 43 4082 4083
3 2406 1619 4082
3 4083 4082 1619
3 4088 2406 45
3 4082 45 2406
3 250 1284 3939
3 500 3939 4646
3 1284 4646 3939
3 4646 1284 1283
3 498 4645 2792
3 837 2792 4645
3 251 493 2792
3 493 498 2792
3 1286 5080 4885
3 5080 251 2792
3 5080 2792 4885
3 837 4885 2792
3 2406 1283 1619
3 500 4646 4088
3 1283 2406 4646
3 4088 4646 2406
3 4645 498 1003
3 1003 1619 4963
3 2791 4963 1283
3 4963 1619 1283
3 1003 4963 4645
3 5703 4963 2791
3 4963 5703 4645
3 5703 837 4645
3 1086 4456 1990
3 4456 250 1990
3 119 4307 4304
3 250 4304 1990
3 4304 4307 1990
3 610 2583 838
3 4888 838 2583
3 250 4456 1284
3 1086 4976 4456
3 4456 4976 1284
3 838 4889 610
3 4889 2582 610
3 2582 4976 1086
3 838 2791 4889
3 2791 4887 4889
3 4976 2582 4887
3 2582 4889 4887
3 4519 5666 839
3 4458 5666 1403
3 5666 4519 1403
3 5666 4458 4457
3 1285 5816 1403
3 5816 4458 1403
3 331 4519 839
3 837 5703 838
3 5703 2791 838
3 1284 4976 1283
3 4976 4887 1283
3 4887 2791 1283
3 4885 837 4886
3 1286 5917 1402
3 5917 4886 1402
3 4886 5917 4885
3 5917 1286 4885
3 1402 4886 4888
3 838 4888 837
3 4888 4886 837
3 331 839 4517
3 1402 4518 1286
3 331 4517 4518
3 4517 1286 4518
3 839 5666 4890
3 5666 4457 4890
3 4457 251 4890
3 251 5080 4890
3 5080 1286 4517
3 839 4890 4517
3 5080 4517 4890
3 4648 2522 4654
3 2522 1361 4654
3 572 568 4654
3 4654 568 4648
3 4655 4656 1057
3 1057 4237 4655
3 98 1054 4237
3 1054 4655 4237
3 98 4231 1054
3 97 4234 4231
3 4231 4234 1054
3 1054 1953 4655
3 572 4656 568
3 4656 4655 568
3 568 5853 1953
3 5853 4655 1953
3 4655 5853 568
3 16 4020 4021
3 4016 3895 12
3 3233 443 447
3 447 3235 3233
3 3235 2343 3233
3 3621 1224 1228
3 1224 3617 3622
3 3617 2084 2087
3 3617 2087 3622
3 3127 212 215
3 3127 2087 2084
3 3622 1228 1224
3 2341 3236 3234
3 3236 447 443
3 3236 443 3234
3 2338 3228 442
3 956 3423 3427
3 1855 3423 1853
3 3423 1855 3427
3 2991 5505 5644
3 5505 2994 1853
3 5505 1853 5644
3 14 4023 3895
3 2994 4017 4023
3 12 3895 4017
3 4023 4017 3895
3 2994 5505 4017
3 12 4017 2991
3 5505 2991 4017
3 2994 1855 1853
3 2335 3426 3429
3 3426 956 3429
3 3429 2342 2335
3 2342 3232 3229
3 3232 445 442
3 3232 442 3229
3 3229 2335 2342
3 2338 3623 3620
3 3623 1227 1223
3 3623 1223 3620
3 3619 2088 2086
3 3128 215 212
3 3128 2086 2088
3 3619 1223 1227
3 2338 442 3231
3 442 445 3231
3 127 4330 4329
3 1109 4999 4330
3 1108 4329 4999
3 4330 4999 4329
3 647 4711 4709
3 1694 5001 4711
3 1109 4709 5001
3 4711 5001 4709
3 4706 6049 645
3 6049 4707 645
3 1108 5000 4706
3 5000 1694 4707
3 4707 6049 5000
3 6049 4706 5000
3 1109 5001 4999
3 1694 5000 5001
3 5000 1108 4999
3 5001 5000 4999
3 334 4525 4523
3 1420 5110 4525
3 1418 4523 5110
3 4525 5110 4523
3 5111 4710 1418
3 1699 4710 5111
3 1420 4884 5110
3 5111 4884 1699
3 1418 5110 5111
3 4884 5111 5110
3 836 1272 1695
3 1272 1271 1695
3 647 4710 4711
3 1699 5729 4711
3 5729 1694 4711
3 4711 4710 1699
3 1699 4884 5221
3 1695 5221 836
3 5221 4884 836
3 645 4707 1271
3 1694 5729 4707
3 5729 1695 1271
3 5729 1271 4707
3 5729 1699 5221
3 5729 5221 1695
3 120 4310 4311
3 3967 1090 4311
3 4310 3967 4311
3 1649 5574 1650
3 1650 5574 613
3 5574 3967 613
3 3967 4310 613
3 4310 612 613
3 617 4669 4671
3 1649 4671 1090
3 4669 1090 4671
3 3967 5574 1090
3 5574 1649 1090
3 235 241 1269
3 835 1650 1269
3 235 1650 613
3 1650 235 1269
3 334 4522 4524
3 1417 5107 4522
3 1419 4524 5107
3 4522 5107 4524
3 617 4672 4670
3 1417 4670 5108
3 4672 5108 4670
3 1417 5108 5107
3 1419 5107 1658
3 5108 1658 5107
3 5211 1650 835
3 5211 835 1658
3 617 4671 4672
3 1649 5210 4671
3 1658 5108 5210
3 5108 4672 5210
3 4671 5210 4672
3 1658 5210 5211
3 1649 1650 5210
3 5211 5210 1650
3 991 4961 4068
3 37 5553 5552
3 3965 5552 3917
3 5552 5553 4961
3 5552 4961 3917
3 5553 4068 4961
3 35 4063 3965
3 37 5552 4063
3 5552 3965 4063
3 1618 3917 487
3 991 487 3917
3 482 5696 4644
3 5696 986 4644
3 3965 5770 35
3 5770 986 35
3 4644 5770 1618
3 5770 3965 1618
3 5770 4644 986
3 4961 991 3917
3 1618 3965 3917
3 242 834 1270
3 487 1270 834
3 487 834 1618
3 482 4644 241
3 4644 1618 241
3 834 241 1618
3 334 4524 4525
3 1792 4524 1419
3 4525 1792 1420
3 1792 4525 4524
3 1419 1658 1792
3 1658 835 1792
3 1420 1792 4884
3 1792 836 4884
3 834 1791 241
3 835 1269 1791
3 241 1791 1269
3 242 1272 834
3 1791 5642 835
3 5642 1792 835
3 834 1272 1791
3 1792 5642 836
3 5642 1272 836
3 5642 1791 1272
3 3945 110 4278
3 111 4278 4273
3 110 4273 4278
3 4479 277 3945
3 3945 4278 4479
3 111 4277 4278
3 271 4479 4277
3 4278 4277 4479
3 287 591 4267
3 5804 4267 4262
3 591 4262 4267
3 4262 591 107
3 211 4236 4447
3 3878 4236 98
3 3878 4447 4236
3 4447 3878 569
3 4446 211 1623
3 821 3947 1623
3 216 4446 3947
3 4446 1623 3947
3 569 5697 1623
3 5697 821 1623
3 211 4447 1623
3 569 1623 4447
3 318 635 217
3 125 635 318
3 3895 4016 4022
3 4022 5814 820
3 5814 3947 820
3 216 5814 4016
3 5814 4022 4016
3 5814 216 3947
3 820 4637 4022
3 14 3895 5771
3 3895 4022 5771
3 4021 4020 5771
3 4020 14 5771
3 4637 446 5771
3 446 4021 5771
3 5771 4022 4637
3 4637 820 1230
3 446 4637 217
3 4637 1230 217
3 217 1230 318
3 3947 821 820
3 821 318 1230
3 820 821 1230
3 671 672 3956
3 2254 368 933
3 3928 1731 1511
3 369 3962 933
3 3962 2256 933
3 1731 2256 3924
3 3924 1511 1731
3 933 2256 2254
3 1507 2254 1731
3 2256 1731 2254
3 3928 2660 5478
3 5478 671 3928
3 672 671 4771
3 671 5478 4771
3 2660 4771 5478
3 1731 3928 1507
3 3928 671 1507
3 374 2011 134
3 2889 1137 1526
3 2263 3892 2011
3 3892 1137 2011
3 2011 374 375
3 2011 375 2263
3 3892 1526 1137
3 2889 687 1137
3 2036 5279 2263
3 5279 1173 2263
3 4870 763 161
3 4870 161 3117
3 162 3117 161
3 3117 162 4400
3 2263 3392 5535
3 3117 5535 4870
3 4870 5535 3392
3 3117 5968 5535
3 5968 2036 2263
3 5968 2263 5535
3 2036 5968 4400
3 5968 3117 4400
3 1173 5279 2728
3 5279 2036 2728
3 765 2729 935
3 375 4587 3392
3 4587 763 4870
3 4870 3392 4587
3 3392 2263 375
3 1526 2263 1173
3 935 2890 765
3 2890 1173 765
3 1173 2890 1526
3 2673 687 935
3 935 1837 2673
3 368 2255 933
3 368 1508 2255
3 1837 2255 1508
3 3892 2263 1526
3 2889 1526 2890
3 687 2889 935
3 2889 2890 935
3 2729 1512 935
3 933 2255 369
3 2255 1837 1512
3 935 1512 1837
3 3761 2514 2512
3 2514 564 2512
3 564 563 2512
3 2513 3534 1049
3 3534 1050 1049
3 1947 3533 1948
3 94 4220 4221
3 5360 3084 4220
3 3084 4221 4220
3 93 4214 4212
3 1945 4219 4214
3 94 4212 4219
3 4214 4219 4212
3 1947 4219 1945
3 94 4219 4220
3 1948 5360 1947
3 5360 4220 1947
3 4220 4219 1947
3 1945 1946 1947
3 1946 3532 3533
3 1050 3533 1049
3 3533 3532 1049
3 3533 1947 1946
3 1049 2511 2513
3 2511 563 2513
3 563 564 2513
3 1349 3766 3762
3 3766 2194 2192
3 3766 2192 3762
3 2194 313 2192
3 313 312 2192
3 3765 2516 2514
3 2516 3350 3349
3 564 3349 565
3 3349 3350 565
3 3349 2514 2516
3 2515 3537 3534
3 3537 1051 3534
3 1051 1050 3534
3 1051 3536 3535
3 1949 5957 1950
3 5957 3536 1950
3 5957 3535 3536
3 3085 1949 1950
3 4225 4216 3084
3 4216 4221 3084
3 1949 5958 3084
3 5958 4225 3084
3 95 4225 4226
3 1949 3085 5958
3 3085 4226 4225
3 3085 4225 5958
3 3084 5360 1949
3 5360 1948 1949
3 3535 1948 3533
3 1051 3535 1050
3 3535 3533 1050
3 3535 5957 1948
3 5957 1949 1948
3 2515 564 565
3 2514 3761 3765
3 3761 1352 3765
3 1352 1353 3765
3 1352 2187 2193
3 2187 312 3196
3 312 313 3196
3 3196 2193 2187
3 2193 1353 1352
3 3991 5613 428
3 5613 200 428
3 4435 5613 199
3 5613 3991 199
3 200 5613 4435
3 1 3991 3992
3 428 3992 3991
3 4216 4225 4223
3 4225 95 4223
3 4218 4223 200
3 4221 4216 4218
3 4223 4218 4216
3 4218 200 4435
3 4217 5663 199
3 5663 4435 199
3 4218 5663 4221
3 5663 4217 94
3 5663 94 4221
3 4435 5663 4218
3 199 3991 4164
3 3893 3991 1
3 78 4164 3893
3 3991 3893 4164
3 199 562 4217
3 4212 4217 562
3 94 4217 4212
3 562 5803 4212
3 5803 93 4212
3 1 3992 2
3 3992 428 2
3 204 4445 4438
3 4445 433 4438
3 202 204 4438
3 3993 3998 4
3 4438 3993 202
3 433 3998 4438
3 3993 4438 3998
3 4227 4235 4232
3 4235 97 4232
3 4232 204 4229
3 96 4227 4229
3 4232 4229 4227
3 4228 204 202
3 96 4229 4228
3 204 4228 4229
3 3993 4 2
3 78 4165 4164
3 4164 4436 199
3 4165 294 4436
3 4436 4164 4165
3 562 5852 5803
3 5852 3941 4215
3 5852 4215 5803
3 5803 4215 93
3 3941 92 4215
3 294 4494 4436
3 4494 560 3941
3 3941 4436 4494
3 3941 5852 4436
3 5852 562 4436
3 560 5561 3941
3 5561 92 3941
3 199 4436 562
3 4165 5773 294
3 78 4160 4165
3 76 4161 4160
3 4161 5773 4160
3 5773 4165 4160
3 4157 4161 4156
3 4161 76 4156
3 74 4157 4156
3 74 1914 4157
3 291 4157 4490
3 1914 4490 4157
3 1914 290 4490
3 4209 5774 91
3 5774 4203 91
3 4205 5774 290
3 5774 4209 290
3 90 4203 4205
3 4203 5774 4205
3 66 4134 68
3 4124 64 62
3 4124 5825 4129
3 5825 274 4129
3 64 4124 4129
3 60 4119 4118
3 521 4125 4119
3 62 4118 4125
3 4119 4125 4118
3 270 521 4474
3 267 4474 4119
3 4119 4474 521
3 85 4187 4183
3 270 4185 4187
3 84 4183 4185
3 4187 4185 4183
3 4474 5662 270
3 5662 4185 270
3 4184 5662 267
3 5662 4474 267
3 5801 84 4185
3 4184 5801 5662
3 5801 4185 5662
3 4113 58 56
3 262 4467 5823
3 4467 4112 4107
3 4467 4107 5823
3 56 3899 4112
3 54 4107 3899
3 4112 3899 4107
3 258 4106 4103
3 54 4102 4106
3 4103 4106 52
3 4106 4102 52
3 1098 4985 124
3 1099 4324 4985
3 124 4985 4324
3 628 4684 4683
3 5708 1098 4683
3 5708 4683 4684
3 4687 6048 630
3 6048 4689 630
3 1099 4987 4687
3 4689 6048 1670
3 6048 4987 1670
3 6048 4687 4987
3 1098 5708 4985
3 5708 4684 4985
3 4684 1670 4987
3 1099 4985 4987
3 4684 4987 4985
3 240 1268 1266
3 1268 5873 1671
3 5873 833 1671
3 628 1266 4685
3 1671 4685 1266
3 1268 1671 1266
3 325 1378 4509
3 630 4689 4688
3 1378 4688 5092
3 4689 1673 4688
3 1673 5092 4688
3 4509 1378 5092
3 1673 833 5092
3 833 1380 5092
3 1380 4509 5092
3 628 4685 4684
3 1671 1670 4685
3 4685 1670 4684
3 1673 1671 833
3 4689 1670 1673
3 1673 1670 1671
3 1615 4066 484
3 36 4061 4066
3 484 4066 4061
3 36 4066 4065
3 4066 1615 989
3 4066 989 4065
3 485 989 1615
3 831 1616 1264
3 239 1616 4642
3 1264 1616 239
3 1265 3971 240
3 3971 1267 240
3 1617 3971 485
3 3971 1265 485
3 831 1267 1617
3 3971 1617 1267
3 1615 484 1616
3 484 4642 1616
3 831 1617 1616
3 1615 1617 485
3 1617 1615 1616
3 4238 1058 99
3 5899 1060 4661
3 5698 1058 4968
3 1629 4660 4968
3 575 5698 4660
3 5698 4968 4660
3 1058 4238 4968
3 1629 5938 5899
3 5938 4238 1060
3 5938 1060 5899
3 4238 5938 4968
3 5938 1629 4968
3 325 4508 4507
3 4508 1379 5089
3 1377 4507 5089
3 4508 5089 4507
3 832 1635 1379
3 577 4662 4663
3 1377 5090 4662
3 1635 4663 5090
3 4662 5090 4663
3 1379 1635 5089
3 1377 5089 5090
3 1635 5090 5089
3 239 234 1264
3 1630 5685 575
3 5685 234 575
3 832 1264 1630
3 234 5685 1264
3 5685 1630 1264
3 577 4663 4661
3 1635 5208 4663
3 1629 5899 5208
3 5899 4661 5208
3 4663 5208 4661
3 1630 1635 832
3 4660 1630 575
3 1635 1630 5208
3 1629 5208 4660
3 1630 4660 5208
3 240 1267 1268
3 831 5702 1268
3 833 5873 5874
3 5873 1268 5702
3 5873 5702 5874
3 1267 831 1268
3 832 831 1264
3 325 4509 4508
3 4508 5781 1380
3 5781 4509 1380
3 4509 5781 4508
3 1380 833 5093
3 833 5874 5093
3 5874 1790 5093
3 1379 1790 832
3 1380 5093 4508
3 1790 1379 5093
3 5093 1379 4508
3 831 832 1790
3 5874 5702 1790
3 5702 831 1790
3 4009 5659 10
3 5659 4007 10
3 211 4446 4009
3 4007 5659 216
3 5659 4446 216
3 5659 4009 4446
3 216 4016 4007
3 12 4007 4016
3 84 5801 4181
3 5801 4184 4181
3 267 5824 4184
3 5824 549 4184
3 83 5680 5554
3 5680 4181 5554
3 4184 549 5554
3 5554 4181 4184
3 249 4461 1282
3 2124 1282 4461
3 2794 840 502
3 840 4892 502
3 2793 4962 4892
3 1002 5560 4962
3 5560 502 4962
3 4892 4962 502
3 2409 2793 2123
3 1289 2123 2793
3 2409 2123 252
3 46 4085 4091
3 4086 6030 44
3 6030 4085 44
3 4091 6030 2409
3 6030 4086 2409
3 6030 4091 4085
3 1002 4086 44
3 2409 252 4091
3 46 4091 4090
3 252 4090 4091
3 4962 4086 1002
3 2409 4086 2793
3 4086 4962 2793
3 629 2607 4686
3 2607 631 4686
3 1100 2607 4683
3 2607 629 628
3 2607 628 4683
3 1098 5903 4683
3 5903 1100 4683
3 4692 2608 4691
3 5079 5635 4691
3 5635 1275 4691
3 1392 5079 2608
3 5079 4691 2608
3 2125 5101 2211
3 2211 328 3904
3 2211 3904 2125
3 249 2125 3904
3 5584 5101 2125
3 1275 5635 4455
3 5079 1392 5584
3 1392 5101 5584
3 4455 5635 5584
3 5635 5079 5584
3 4455 5584 249
3 5584 2125 249
3 631 4692 4686
3 4692 4691 4686
3 1275 629 4691
3 629 4686 4691
3 1391 5099 4891
3 5099 2533 841
3 5099 841 4891
3 580 841 2533
3 1289 5083 4972
3 1063 4972 2532
3 4972 5083 2532
3 4973 1063 1956
3 3942 1956 100
3 2123 4973 3942
3 4973 1956 3942
3 252 2123 3942
3 2123 1289 4973
3 1063 4973 4972
3 1289 4972 4973
3 5083 1289 2793
3 2793 4892 4665
3 4892 841 580
3 4892 580 4665
3 2793 4665 5083
3 4665 580 2532
3 4665 2532 5083
3 841 4892 840
3 2794 4891 840
3 4891 841 840
3 1391 4891 5082
3 4891 2794 5082
3 2794 1282 5082
3 4461 249 3904
3 2124 4461 4514
3 328 4514 3904
3 4514 4461 3904
3 1282 2124 5082
3 328 4513 4514
3 1391 5082 4513
3 2124 4513 5082
3 4513 2124 4514
3 1282 2794 496
3 2794 502 496
3 4455 249 245
3 998 496 502
3 4080 5846 5560
3 5846 502 5560
3 502 5846 998
3 5846 4080 998
3 44 4079 1002
3 1002 4079 42
3 4080 5560 42
3 5560 1002 42
3 492 489 1282
3 489 1265 1282
3 1265 245 249
3 1265 249 1282
3 1282 496 492
3 993 492 998
3 492 496 998
3 998 4080 4075
3 42 4073 4080
3 40 4075 4073
3 4080 4073 4075
3 40 4074 4075
3 993 998 4074
3 998 4075 4074
3 1266 628 629
3 629 1275 1266
3 1275 4455 240
3 4455 245 240
3 240 1266 1275
3 993 4074 38
3 40 4070 4074
3 4074 4070 38
3 1265 240 245
3 210 5591 4001
3 5591 4008 4001
3 10 4010 4008
3 4010 8 4008
3 4008 8 4001
3 4134 66 4135
3 276 5660 525
3 5660 4135 525
3 4134 6032 279
3 6032 276 279
3 4134 4135 5660
3 276 6032 5660
3 6032 4134 5660
3 88 4197 4192
3 279 4194 4197
3 4195 4192 4194
3 4197 4194 4192
3 279 276 4194
3 87 4195 4193
3 4195 4194 4193
3 276 4193 4194
3 254 5818 5821
3 5818 505 4459
3 5818 4459 5821
3 252 4459 4460
3 505 4460 4459
3 505 5677 4460
3 5677 4095 4460
3 48 4096 4095
3 252 4460 4096
3 4095 4096 4460
3 254 5819 101
3 5819 4241 101
3 100 4241 4242
3 254 5820 5819
3 5820 4242 4241
3 5820 4241 5819
3 3942 4463 252
3 254 5821 5775
3 5821 4459 4463
3 5821 4463 5775
3 252 4463 4459
3 3942 100 4463
3 4242 5820 5775
3 5820 254 5775
3 5775 4463 4242
3 100 4242 4463
3 3534 2513 2515
3 564 2515 2513
3 3761 1348 1352
3 2187 3195 312
3 312 3195 311
3 1352 1348 2187
3 2514 3349 564
3 2188 1350 3762
3 1350 1349 3762
3 3763 2540 2538
3 2540 3360 582
3 582 3360 585
3 582 2538 2540
3 1350 3763 1349
3 3763 2538 1349
3 2539 3551 3550
3 3551 1066 3550
3 1066 1065 3550
3 1066 1961 1065
3 1961 1960 1065
3 1961 1962 1960
3 3093 5524 1962
3 3092 5363 5524
3 5363 1960 5524
3 1962 5524 1960
3 3092 4246 4249
3 3092 5524 4246
3 3093 103 5524
3 5524 103 4246
3 5363 1959 1960
3 1065 1960 1959
3 3550 2537 2539
3 2537 583 2539
3 585 2539 582
3 2539 583 582
3 3764 1349 2538
3 3762 2192 2188
3 2192 312 311
3 2192 311 2188
3 583 3359 582
3 3359 2538 582
3 291 4491 4157
3 294 5773 4491
3 5773 4161 4491
3 4161 4157 4491
3 4208 4211 560
3 92 5561 4211
3 5561 560 4211
3 4492 4208 560
3 291 4209 4492
3 91 4208 4209
3 4208 4492 4209
3 291 4490 4209
3 4209 4490 290
3 291 4492 4491
3 560 4494 4492
3 294 4491 4494
3 4492 4494 4491
3 2152 3175 3177
3 3175 285 289
3 3175 289 3177
3 537 3321 535
3 3321 2467 535
3 2466 3509 3512
3 3509 1025 1028
3 3509 1028 3512
3 3508 1915 1917
3 1915 5338 5339
3 5590 5338 3059
3 5590 5339 5338
3 4149 5590 4153
3 5590 3059 4153
3 72 4149 4153
3 74 3061 4149
3 3061 5590 4149
3 5339 5590 1917
3 5590 3061 1917
3 1917 1915 5339
3 1917 3511 3508
3 3511 1028 3508
3 1028 1025 3508
3 2466 3322 3317
3 3322 537 535
3 3322 535 3317
3 3321 2470 2467
3 3713 2467 2470
3 3176 289 285
3 4141 5661 530
3 68 4134 4141
3 530 6033 279
3 6033 4134 279
3 4134 6033 5661
3 6033 530 5661
3 5661 4141 4134
3 89 4201 4196
3 281 4198 4201
3 88 4196 4198
3 4201 4198 4196
3 4197 530 279
3 88 4198 4197
3 530 4198 281
3 530 4197 4198
3 276 525 4481
3 64 4129 4130
3 4481 4129 274
3 4129 4481 525
3 525 4130 4129
3 4189 87 4193
3 276 4191 4193
3 86 4189 4191
3 4193 4191 4189
3 4190 4481 274
3 86 4191 4190
3 4481 4191 276
3 4481 4190 4191
3 62 4125 4124
3 4124 5848 5825
3 5848 4478 274
3 5848 274 5825
3 521 5848 4125
3 5848 4124 4125
3 5848 521 4478
3 270 4478 521
3 86 4190 4186
3 274 4188 4190
3 85 4186 4188
3 4190 4188 4186
3 274 4478 4188
3 85 4188 4187
3 4478 270 4188
3 270 4187 4188
3 4113 4116 58
3 4471 4113 265
3 4116 4471 267
3 4471 4116 4113
3 4179 5607 4178
3 83 5554 4179
3 5554 549 4179
3 4179 4178 83
3 265 4472 4471
3 5620 4472 547
3 4471 6035 549
3 6035 4179 549
3 4472 5620 4471
3 4179 6035 5620
3 6035 4471 5620
3 4179 5620 5607
3 82 5607 547
3 5607 5620 547
3 549 5824 4471
3 5824 267 4471
3 4112 5772 56
3 5772 4113 56
3 4113 5772 265
3 5772 4467 265
3 5772 4112 4467
3 4173 82 547
3 81 4173 4175
3 262 4173 547
3 4173 262 4175
3 262 547 4472
3 265 4467 4472
3 262 4472 4467
3 54 4106 4107
3 262 5823 5687
3 5823 4107 258
3 5823 258 5687
3 4106 258 4107
3 4174 5556 4465
3 5556 258 4465
3 259 4174 4465
3 4174 259 4172
3 80 4170 4172
3 81 4174 4170
3 4174 4172 4170
3 4174 81 4175
3 5687 4175 262
3 4175 5687 5556
3 5687 258 5556
3 4174 4175 5556
3 638 220 636
3 636 341 638
3 641 4695 341
3 4695 638 341
3 961 1610 449
3 961 4028 4638
3 4021 4028 16
3 446 4638 4021
3 4028 4021 4638
3 446 217 4638
3 217 1610 4638
3 1610 961 4638
3 822 1610 635
3 1610 217 635
3 220 1234 822
3 1234 449 822
3 1610 822 449
3 823 635 125
3 822 636 220
3 635 823 822
3 822 823 636
3 1227 3624 3619
3 3624 2088 3619
3 2088 3130 3128
3 3130 215 3128
3 3431 962 959
3 3430 959 3433
3 959 962 3433
3 3433 1859 1857
3 3433 1857 3430
3 2997 4027 1859
3 4027 2995 1859
3 2997 4031 4027
3 5551 4031 17
3 4031 5551 4027
3 5551 15 4027
3 15 4026 4027
3 4027 4026 2995
3 2995 5297 1859
3 5297 1857 1859
3 5297 1856 1857
3 3430 1857 1856
3 3430 958 959
3 3235 2347 2343
3 2347 3431 958
3 3431 959 958
3 958 2343 2347
3 3236 2341 2344
3 2341 3621 1229
3 3621 1228 1229
3 1229 2344 2341
3 2087 3127 3129
3 3127 215 3129
3 1228 3622 3625
3 3622 2087 3625
3 3625 1229 1228
3 120 4312 4310
3 1091 3966 4312
3 612 4310 3966
3 4312 3966 4310
3 4673 5857 4675
3 5857 618 4675
3 4979 4675 1647
3 4673 6047 1091
3 6047 4979 1091
3 4979 6047 4675
3 6047 4673 4675
3 3966 611 612
3 3966 4979 611
3 4979 1647 611
3 1091 4979 3966
3 4674 4528 1424
3 618 4526 4674
3 4526 335 4674
3 335 4528 4674
3 825 4882 1424
3 1660 1424 4882
3 618 4674 1660
3 1424 1660 4674
3 222 227 1237
3 227 611 1648
3 825 1237 1648
3 227 1648 1237
3 4675 618 1660
3 1647 4675 5209
3 4675 1660 5209
3 4882 825 1648
3 1647 1648 611
3 1660 4882 5209
3 1647 5209 1648
3 4882 1648 5209
3 1127 5035 4344
3 1128 132 5035
3 4344 5035 132
3 1732 4773 673
3 4773 5036 673
3 673 5036 1127
3 5862 674 4772
3 1128 5037 4772
3 4773 5862 5037
3 5862 4772 5037
3 1127 5036 5035
3 4773 5037 5036
3 1128 5035 5037
3 5036 5037 5035
3 827 1733 1239
3 223 5701 673
3 5701 1733 673
3 1733 5701 1239
3 5701 223 1239
3 1423 5112 4527
3 827 5718 5112
3 5718 4529 5112
3 4527 5112 4529
3 674 4774 3803
3 1734 5113 4774
3 1423 3803 5113
3 4774 5113 3803
3 1423 5113 5112
3 827 5112 1734
3 5112 5113 1734
3 1732 673 1733
3 1734 1733 827
3 4773 6050 5862
3 6050 4774 674
3 6050 674 5862
3 1734 4774 1732
3 4774 6050 1732
3 6050 4773 1732
3 1734 1732 1733
3 19 4034 965
3 4640 4037 454
3 1614 4038 4640
3 21 4037 4038
3 4037 4640 4038
3 1613 5893 4959
3 5893 965 4959
3 455 4959 1614
3 4959 455 1613
3 21 4038 4034
3 1614 4959 4038
3 4034 4959 965
3 4959 4034 4038
3 1236 4640 458
3 4640 454 458
3 826 1238 223
3 1238 826 455
3 4640 1236 1614
3 824 1238 1236
3 455 1614 1238
3 1236 1238 1614
3 335 4529 4528
3 4529 5718 5115
3 5718 827 5115
3 4528 5115 1424
3 5115 4528 4529
3 827 1787 5115
3 1424 1787 825
3 1787 1424 5115
3 223 1238 1239
3 824 1786 1238
3 827 1239 1786
3 1238 1786 1239
3 222 1237 1236
3 825 1786 1237
3 824 1236 1786
3 1237 1786 1236
3 827 1786 1787
3 825 1787 1786
3 2356 1242 1235
3 225 5815 3133
3 5815 221 3133
3 3630 1235 1242
3 3630 1242 2092
3 2351 967 964
3 967 3438 3435
3 3438 1863 1861
3 3438 1861 3435
3 1863 5301 5300
3 3001 5300 5301
3 21 4034 3935
3 4034 19 3935
3 3001 21 3935
3 2999 5300 3935
3 5300 3001 3935
3 19 2999 3935
3 2999 5299 5300
3 5299 1861 5300
3 1861 1863 5300
3 3435 964 967
3 3240 2351 2349
3 3238 2348 2350
3 2348 3629 3632
3 3629 1233 1241
3 3629 1241 3632
3 3632 2350 2348
3 3627 2091 2093
3 2091 3132 3134
3 221 5815 3134
3 5815 225 3134
3 3134 3132 221
3 3134 2093 2091
3 225 3135 3134
3 3135 2093 3134
3 2093 3631 3627
3 3631 1241 1233
3 3631 1233 3627
3 2350 461 3238
3 461 453 3238
3 222 1236 462
3 458 4641 1236
3 4641 462 1236
3 23 4043 454
3 4043 25 454
3 25 458 454
3 4037 23 454
3 462 4641 973
3 458 25 4641
3 25 973 4641
3 3627 2089 2091
3 2089 3129 3132
3 3129 219 3132
3 3132 2091 2089
3 2346 3628 3626
3 3628 1231 3626
3 3428 1858 1860
3 2998 5953 1858
3 2996 4029 1858
3 1858 4029 2998
3 4029 16 3896
3 2998 4029 3896
3 18 5507 3896
3 5507 2998 3896
3 1858 5953 1860
3 5953 2998 1860
3 1860 3434 3428
3 3434 960 3428
3 2345 3239 3237
3 3239 448 3237
3 3240 452 453
3 3132 219 221
3 3238 453 452
3 2090 3624 3630
3 3624 1231 1235
3 3624 1235 3630
3 3628 2346 2353
3 456 3242 448
3 3242 2353 2346
3 3242 2346 448
3 3628 1235 1231
3 2345 3432 3436
3 3432 960 966
3 3432 966 3436
3 3434 1860 1862
3 1860 2998 5298
3 3000 5298 5507
3 2998 5507 5298
3 18 4036 5507
3 4036 3000 5507
3 20 4036 18
3 1860 5298 1862
3 5298 3000 1862
3 3434 966 960
3 3436 2352 2345
3 2352 3241 3239
3 3241 456 448
3 3241 448 3239
3 3239 2345 2352
3 2354 2356 3628
3 2356 1235 3628
3 3630 2092 2090
3 2092 3133 3131
3 3133 221 3131
3 221 219 3131
3 3131 2090 2092
3 3628 2353 2354
3 3242 2354 2353
3 18 5793 20
3 5793 4033 20
3 449 1234 451
3 961 449 963
3 451 963 449
3 16 4028 3896
3 961 4032 4028
3 18 3896 4032
3 4028 4032 3896
3 5793 18 4032
3 963 5564 961
3 5564 4032 961
3 4033 5793 5564
3 5793 4032 5564
3 5564 963 4033
3 290 4486 4205
3 286 5828 4486
3 5828 4204 4486
3 90 4205 4204
3 4486 4204 4205
3 74 4149 1914
3 72 4152 4149
3 1914 4149 4152
3 1914 4486 290
3 72 4150 4152
3 286 4486 4150
3 4152 4486 1914
3 4486 4152 4150
3 2462 532 3320
3 532 535 3320
3 2463 3506 3509
3 3506 1025 3509
3 3505 1912 1915
3 1912 5954 5955
3 5954 3056 3058
3 5954 3058 5955
3 72 4153 4144
3 4153 3058 70
3 4153 70 4144
3 3056 70 3058
3 4153 3059 3058
3 1912 5955 5338
3 5955 3059 5338
3 5338 1915 1912
3 5955 3058 3059
3 1915 3508 3505
3 3508 1025 3505
3 3509 2466 2463
3 532 3317 535
3 3317 532 3314
3 3314 2463 2466
3 3314 2466 3317
3 2467 3713 3709
3 3713 1314 1312
3 3713 1312 3709
3 2151 3176 285
3 2151 3708 1314
3 3708 1312 1314
3 3709 2462 2467
3 535 2467 3320
3 2467 2462 3320
3 3711 1315 1313
3 3712 2473 2465
3 2473 3324 3319
3 3324 538 536
3 3324 536 3319
3 3319 2465 2473
3 3712 1313 1315
3 538 3323 536
3 3323 2472 2469
3 3323 2469 536
3 3510 1029 1027
3 1027 2468 3510
3 2468 2469 2472
3 2468 2472 3510
3 1918 5343 5342
3 3062 6010 5343
3 6010 5342 5343
3 5342 5606 3060
3 5606 75 3060
3 3062 4158 5606
3 4158 75 5606
3 5342 6010 5606
3 6010 3062 5606
3 73 3060 75
3 3060 5340 5342
3 5340 1916 1918
3 5340 1918 5342
3 1916 1027 1029
3 3711 2150 2152
3 3175 2152 2150
