OFF
6537 13078 0
0.220516 0.705673 -0.0282303
0.21480752124 -0.402681796875 -0.0253890534668
0.187719 -0.411409 -0.0081317
0.192718617627 0.696945796875 -0.0118993548425
0.163969648193 -0.402681796875 0.00106728845337
0.152181 0.705673 0.00658813
0.114777 -0.411409 0.0155684
0.114777 0.705673 0.0155684
0.0764299 -0.411409 0.0185857
0.0764299 0.705673 0.0185857
0.0456057586133 -0.411409 0.0302403220703
0.0353264053906 0.705673 0.0243382769531
0.000679041 -0.411409 0.00658813
0.000679041 0.705673 0.00658813
-0.0348591 -0.411409 -0.0081317
-0.0476897627031 0.705673 -0.00342103265625
-0.0676563 -0.411409 -0.0282303
-0.0676563 0.705673 -0.0282303
-0.10058330708 -0.402681796875 -0.0583889527344
-0.096906 0.705673 -0.0532117
-0.121888 -0.411409 -0.0824626
-0.12899875 0.705673 -0.07867066875
-0.148838234375 -0.411409 -0.111295178125
-0.141987 0.705673 -0.11526
-0.156706 -0.411409 -0.150798
-0.16550259375 0.705673 -0.13895958125
-0.165623050781 -0.402681796875 -0.194587780762
-0.180850703125 0.705673 -0.191226359375
-0.168704 -0.411409 -0.226548
-0.168704 0.705673 -0.226548
-0.165687 -0.411409 -0.264896
-0.174522421875 0.705673 -0.273599675781
-0.156706 -0.411409 -0.302299
-0.156706 0.705673 -0.302299
-0.135402116455 -0.389590992188 -0.347694713135
-0.154613658203 0.705673 -0.342122328125
-0.121888 -0.411409 -0.370634
-0.121888 0.705673 -0.370634
-0.107736308984 -0.411409 -0.402282837891
-0.096906 0.705673 -0.399884
-0.0676563 -0.411409 -0.424866
-0.0676563 0.705673 -0.424866
-0.0348591 -0.411409 -0.444965
-0.0352475664648 0.705673 -0.453718896484
0.00259276566016 -0.411409 -0.4676890625
0.000679041 0.705673 -0.459685
0.0380823 -0.411409 -0.468665
0.0380823 0.705673 -0.468665
0.0764298 -0.411409 -0.471682
0.0764298 0.705673 -0.471682
0.114777 -0.411409 -0.468665
0.108529322607 0.696945796875 -0.468560916382
0.15218 -0.411409 -0.459685
0.15218 0.705673 -0.459685
0.187718 -0.411409 -0.444965
0.187718 0.705673 -0.444965
0.224982067627 -0.402681796875 -0.420314702148
0.220516 0.705673 -0.424866
0.249765 -0.411409 -0.399884
0.244531382812 0.696945796875 -0.403634765625
0.274748 -0.411409 -0.370634
0.274748 0.705673 -0.370634
0.296676072754 -0.402681796875 -0.331867261475
0.294846 0.705673 -0.337837
0.309566 -0.411409 -0.302299
0.309566 0.705673 -0.302299
0.31844179834 -0.402681796875 -0.258652803467
0.318546 0.705673 -0.264896
0.321564 -0.411409 -0.226548
0.321564 0.705673 -0.226548
0.318546 -0.411409 -0.188201
0.318442166748 0.696945796875 -0.194448627319
0.325483859375 -0.411409 -0.153765289062
0.309566 0.705673 -0.150798
0.294846 -0.411409 -0.11526
0.296676081543 0.696945796875 -0.121229708643
0.274748 -0.411409 -0.0824626
0.274748 0.705673 -0.0824626
0.249766 -0.411409 -0.0532129
0.239618530518 0.696945796875 -0.0452919662061
0.184875 -0.411409 -0.560307
0.226498890625 -0.411409 -0.526654523437
0.282704 -0.411409 -0.51046
0.324579 -0.411409 -0.474697
0.360342 -0.411409 -0.432822
0.389115 -0.411409 -0.385869
0.410188 -0.411409 -0.334993
0.423044 -0.411409 -0.281447
0.427365 -0.411409 -0.226548
0.423044 -0.411409 -0.17165
0.410188 -0.411409 -0.118104
0.389116 -0.411409 -0.0672278
0.360342 -0.411409 -0.0202745
0.324579 -0.411409 0.0216007
0.291122468262 -0.398318195313 0.0496123353882
0.235751 -0.411409 0.0861369
0.184875 -0.411409 0.10721
0.131328 -0.411409 0.120066
0.090154425 -0.400442278125 0.123306
-0.410534 -0.411409 -0.226548
0.0764299 -0.411409 -0.577483
0.131328 -0.411409 -0.573162
0.235751 0.705673 0.0861369
0.282705 0.705673 0.0573642
0.324579 0.705673 0.0216007
0.360342 0.705673 -0.0202734
0.389116 0.705673 -0.0672278
0.410188 0.705673 -0.118104
0.423044 0.705673 -0.17165
0.426046395752 0.692582195312 -0.215248726074
0.423044 0.705673 -0.281447
0.410188 0.705673 -0.334993
0.389115 0.705673 -0.385869
0.360342 0.705673 -0.432822
0.324579 0.705673 -0.474697
0.282704 0.705673 -0.51046
0.23561525 0.705673 -0.523852875
0.184875 0.705673 -0.560307
0.131328 0.705673 -0.573162
0.0878332473633 0.692582195312 -0.566028799805
-0.410534 0.705673 -0.226548
0.0764299 0.705673 0.124386
0.131328 0.705673 0.120066
0.184875 0.705673 0.10721
-0.410534 -0.411409 -0.577483
-0.167053 -0.411409 0.124386
-0.401910087109 -0.411409 0.132857346875
-0.410534 0.705673 -0.577483
-0.399120828125 -0.0534779277344 0.475643242187
-0.1518353125 -0.0604739 0.488458
-0.167053 0.705673 0.488458
-0.401023023438 0.693701954688 0.488458
-0.410534 0.705673 0.124386
-0.166102386805 0.705673 0.11313253707
-0.410534 -0.0649529375 0.11890265625
-0.410534 -0.411409 0.488458
-0.149933085938 -0.405925639063 0.488458
0.0612123125 -0.411409 0.488458
0.0631145234375 -0.0604739 0.482769375
-0.138519846094 -0.0604739 0.130074625
0.0786815822266 -0.0610320945312 0.126133535156
-0.410534 -0.213289888672 0.408863839844
-0.410534 -0.236768 0.408345
-0.410534 -0.26062 0.405207
-0.410534 -0.283298 0.397176
-0.410534 -0.303124 0.3835495
-0.410534 -0.319683 0.366099
-0.410534 -0.328086 0.352386
-0.410534 -0.336118 0.329709
-0.410534 -0.339257 0.305858
-0.410534 -0.337995 0.289824
-0.410534 -0.338283070312 0.269553585938
-0.410534 -0.319683 0.245616
-0.410534 -0.303124 0.2281645
-0.410534 -0.283298 0.214539
-0.410534 -0.26062 0.2065075
-0.410534 -0.236768 0.203369
-0.410534 -0.212916 0.2065075
-0.410534 -0.183383 0.2187405
-0.410534 -0.164298 0.233387
-0.410534 -0.153853 0.245616
-0.410534 -0.13474143125 0.268898507813
-0.410534 -0.13522575 0.301849
-0.410534 -0.132911798438 0.33595521875
-0.410534 -0.14545 0.352386
-0.410534 -0.1590755 0.372213
-0.410534 -0.176527 0.388772
-0.410534 -0.190239 0.397176
0.07643 -0.183383 0.392974
0.07643 -0.1590755 0.372213
0.07643 -0.142373 0.344957
0.07643 -0.1349105 0.313874
0.07643 -0.135541 0.289824
0.07643 -0.142373 0.2667575
0.07643 -0.1590755 0.2395015
0.07643 -0.176527 0.222942
0.07643 -0.197668 0.2114615
0.07642999375 -0.21423824375 0.19941746875
0.076429996875 -0.2409382 0.202041970703
0.0764299875 -0.26388811875 0.19776696875
0.07643 -0.283298 0.214539
0.07643 -0.29701 0.222942
0.07643 -0.309238 0.233387
0.07643 -0.319683 0.245616
0.07643 -0.328086 0.259329
0.07643 -0.336118 0.282005
0.07643 -0.339257 0.305858
0.07643 -0.337995 0.32189
0.07643 -0.334241 0.337528
0.07643 -0.3238845 0.3592425
0.07643 -0.303124 0.3835495
0.07643 -0.283298 0.397176
0.07643 -0.26062 0.405207
0.07643 -0.235994551562 0.413111800781
0.07643 -0.220735 0.407084
0.07643 -0.205097 0.40333
0.21231675 0.147132 -0.02320565
0.235141 0.147132 -0.0407216
0.2178198125 0.705673 0.0185477
0.275337 0.705673 0.01164115
0.1920909375 0.705673 0.060188375
0.26489690625 -0.411409 0.00430292890625
0.2318075 -0.411409 0.0421649375
0.17439225 0.147132 -0.00261176375
0.182801632813 -0.411409 0.0453810278125
0.1193346125 0.147132 0.013700495
0.14584125 -0.411409 0.07590479875
0.15420796875 0.705673 0.07389604875
0.101479018359 -0.408667319531 0.0856813746094
0.094455984375 0.705673 0.061946134375
0.0620495875 0.147132 0.0174542125
0.0193807205 0.147132 0.011078265
0.107738727246 -0.410723579883 0.0597268168555
0.0516464689062 -0.411409 0.0806949765625
-0.00820549425 0.147132 0.0029081725
0.0619180988008 0.705673 0.044987449082
-0.088935803375 0.705673 0.08021179875
-0.0348591 0.147132 -0.0081317
-0.059457 0.147132 -0.02320565
0.00658523453125 -0.411409 0.0442889984375
-0.10915535 -0.411409 0.0531025
-0.10915535 0.705673 0.0531025
-0.089593575 0.147132 -0.04696635
-0.246407575 -0.411409 0.0418325
-0.109397 0.147132 -0.06783715
-0.248208472656 0.705673 -0.160727318359
-0.25372 0.705673 0.03558715
-0.1319795 0.705673 0.03558715
-0.134449875 0.147132 -0.102960975
-0.276331243652 -0.411409 -0.175831367285
-0.266211 -0.411409 0.0209617
-0.282079625 0.705673 -0.16212576875
-0.15302625 0.147132 -0.1419135
-0.1611965 0.147132 -0.1694995
-0.28362 0.705673 -0.188673
-0.165687 0.147132 -0.188201
-0.167572625 0.147132 -0.231341625
-0.28886475 -0.411409 -0.21696125
-0.28886475 0.705673 -0.21696125
-0.160073875 0.147132 -0.288272875
-0.290900367188 -0.411409 -0.25896278125
-0.300095542969 0.705673 -0.252142644531
-0.14566675 0.147132 -0.3289525
-0.278601155273 0.705673 -0.271499396484
-0.12691275 0.147132 -0.36243475
-0.1031515 0.147132 -0.3925715
-0.256322367188 -0.411409 -0.29258459375
-0.2599655 -0.411409 -0.481371
-0.261052164062 0.705673 -0.29598284375
-0.2599655 0.705673 -0.481371
-0.08228115 0.147132 -0.412375
-0.04715805 0.147132 -0.437427875
-0.23089585 -0.411409 -0.50619925
-0.237284191031 0.705673 -0.517524546875
-0.00820549425 0.147132 -0.456005
0.0193806705 0.147132 -0.464175
-0.210903504785 -0.411409 -0.52469384375
0.047077365333 0.705673 -0.531520816406
-0.202467325465 0.705673 -0.511165741211
0.0380823 0.147132 -0.468665
0.05725605 0.147132 -0.4701735
0.060851165625 -0.411409 -0.51013171875
-0.182466985774 -0.411409 -0.519096210938
0.0860166 0.147132 -0.47092775
0.1086723125 -0.411409 -0.53527
0.1134657 0.705673 -0.52166775
0.114777 0.147132 -0.468665
0.14282925 0.147132 -0.46193
0.169949 0.147132 -0.452325
0.1799885 -0.411409 -0.49097825
0.167483 -0.411409 -0.5265185
0.1484057125 0.705673 -0.50630671875
0.187718 0.147132 -0.444965
0.215972625 0.147132 -0.426768
0.220079125 -0.411409 -0.4715221875
0.23222946875 0.705673 -0.463415
0.192179257812 0.705673 -0.511138273437
0.2566329375 -0.411409 -0.446034125
0.249765 0.147132 -0.399884
0.2622565 0.147132 -0.385259
0.308159351562 -0.411409 -0.413986304687
0.305049158203 0.705673 -0.408644051758
0.28122203125 0.16458640625 -0.359900597168
0.345143 -0.411409 -0.381925375
0.3584255625 0.705673 -0.33691953125
0.324080828125 0.705673 -0.352658039063
0.294846 0.147132 -0.337837
0.302206 0.147132 -0.320068
0.35799103125 -0.411409 -0.335627632812
0.311811 0.147132 -0.29294825
0.38000525 -0.411409 -0.291284375
0.361482976563 0.705673 -0.293908527344
0.3193005 0.147132 -0.255309
0.377918320313 -0.411409 -0.243281578125
0.3208095 0.147132 -0.21696125
0.385151875 -0.411409 -0.194305625
0.386395 0.705673 -0.210099
0.3853405 0.705673 -0.2516008125
0.318546 0.147132 -0.188201
0.311811 0.147132 -0.16014875
0.376495375 -0.411409 -0.1488049375
0.3676814375 0.705673 -0.163427621094
0.302206 0.147132 -0.133029
0.33663725 0.705673 -0.1127958
0.28730925 0.147132 -0.102960975
0.362971445313 -0.411409 -0.104469439844
0.336042337891 -0.411409 -0.0781880705078
0.315638625 0.705673 -0.0734905125
0.262257 0.147132 -0.06783775
0.295916125 -0.411409 -0.04634531875
0.249766 0.147132 -0.0532129
0.290245609375 0.705673 -0.032237384375
0.22303125 0.147132 -0.5445015
0.184875 0.147132 -0.560307
0.259227 0.147132 -0.5248465
0.3036415 0.147132 -0.4925785
0.282704 0.147132 -0.51046
0.33351975 0.147132 -0.46422825
0.3747285 0.147132 -0.4093455
0.355072237793 0.155859203125 -0.438306410156
0.39438325 0.147132 -0.37315
0.415963329346 0.138404796875 -0.30826805127
0.407074224854 0.155859203125 -0.340837171387
0.4252045 0.147132 -0.2539975
0.4252045 0.147132 -0.199099
0.427365 0.147132 -0.226548
0.420285193359 0.155859203125 -0.164970143945
0.394384 0.147132 -0.07994685
0.410188 0.147132 -0.118104
0.374729 0.147132 -0.0437506
0.341844616699 0.155859203125 0.000414816699219
0.2931735 0.147132 0.048423325
0.319151221924 0.138404796875 0.0253940941895
0.259228 0.147132 0.07175055
0.223032 0.147132 0.091405175
0.1581015 0.147132 0.113638
0.184875 0.147132 0.10721
0.114601235156 0.146127676562 0.12138225
0.0965877960937 -0.24266000625 0.12279975
-0.0586270210938 -0.411409 0.130074625
-0.0434093351563 -0.411409 0.312110625
0.0764299585937 -0.40036490625 0.30711315625
0.0764299390625 -0.349239051563 0.15996234375
0.07642995 -0.36140625 0.180638125
0.07642995 -0.37128625 0.19557175
-0.410534 0.147132 -0.226548
-0.410534 -0.411409 -0.4020155
-0.410534 -0.411409 -0.051081
0.0740790203125 0.147132 -0.576470265625
-0.16705205 -0.411409 -0.577483
0.14471475 0.147132 -0.56994825
-0.16705205 0.147132 -0.577483
-0.16705205 0.705673 -0.577483
-0.410534 0.147132 -0.4020155
-0.410534 0.148869357031 -0.04559765625
-0.410534 0.705673 -0.4020155
-0.410534 0.705673 -0.051081
-0.410534 0.32259955 -0.051081
-0.0576548193125 0.705673 0.117023633125
-0.0586270210938 0.310628504688 0.124386
0.0831849396484 0.323739518359 0.1238544375
-0.410534 0.147132 -0.577483
-0.300904915625 -0.411409 0.119616740625
-0.3040110625 -0.411409 0.306422
-0.1822705625 -0.411409 0.306422
-0.410534 -0.233632220508 0.114847873047
-0.410534 -0.389494398438 0.308274695312
-0.410534 -0.368416125 0.190286375
-0.410534 -0.35231 0.172868875
-0.410534 -0.3360145 0.16544675
-0.410534 -0.3181255 0.164662125
-0.294975634766 -0.0684478605469 0.488458
-0.410534 0.32259955 0.488458
-0.408631804688 -0.239464479688 0.46954778125
-0.272149291016 -0.237312290234 0.488458
-0.410534 -0.1345088375 0.450651421875
-0.410534 -0.097849825 0.3951535
-0.410534 -0.105599075 0.4235215
-0.1822705625 0.32259955 0.488458
-0.2887935 0.32259955 0.488458
-0.167053 0.32259955 0.306422
-0.1518353125 -0.23594145 0.488458
-0.0591025292969 -0.237312290234 0.488458
-0.0300938125 -0.0604739 0.488458
-0.167053 -0.0604739 0.306422
-0.306388806641 0.699687477344 0.488458
-0.272149291016 0.705673 0.30784415625
-0.188928246094 0.705673 0.3206435625
-0.410534 0.705673 0.306422
-0.410534 0.32259955 0.306422
-0.410534 0.285066 0.389141
-0.2947264375 0.705673 0.110511179688
-0.410534 0.32259955 0.124386
-0.15183531875 0.32259955 0.124386
-0.410534 -0.123368937891 0.159576371094
-0.410534 -0.1097747 0.18194375
-0.410534 -0.09971545 0.201338375
-0.2887935 -0.411409 0.488458
-0.410534 -0.3121625 0.4468325
-0.410534 -0.335326453125 0.452220511719
-0.410534 -0.3473535 0.442817
-0.410534 -0.36140625 0.431641125
-0.410534 -0.37128625 0.4167075
-0.410534 -0.3750175 0.401166
-0.410534 -0.369733109375 0.37815365625
-0.0300938125 -0.411409 0.488458
0.07643 -0.240670833594 0.4582170625
0.07643 -0.3737635 0.3852315
0.0764299992187 -0.380214078125 0.406741820313
0.07643 -0.36634625 0.4241743125
0.07643 -0.34363875 0.4443555
-0.0453115 -0.0604739 0.306422
0.0764299671875 -0.0828536703125 0.308274695312
0.07643 -0.1237857 0.44148525
0.07643 -0.105599075 0.4235215
0.07643 -0.0976922 0.401166
0.07643 -0.0989462 0.3852315
0.07643 -0.152579825 0.447459375
-0.04531155 -0.0604739 0.124386
0.07642994375 -0.0911860625 0.2005298125
0.07642995 -0.115851575 0.1767535
0.07642995 -0.13669495 0.16544675
0.07642995 -0.15458395 0.164662125
-0.167052 -0.2013825 0.4017915
-0.167052 -0.22474325 0.40739925
-0.167052 -0.212916 0.405207
-0.167052 -0.24077625 0.40802975
-0.167052 -0.2567105 0.4061455
-0.167052 -0.274011125 0.40102225
-0.167052 -0.2951105 0.389567375
-0.167052 -0.309238 0.378327
-0.167052 -0.31707175 0.369156
-0.167052 -0.32598525 0.35581425
-0.167052 -0.3351795 0.3336185
-0.167052 -0.3311635 0.344957
-0.167052 -0.337995 0.32189
-0.167052 -0.3389415 0.309866
-0.167052 -0.3370565 0.2859145
-0.167052 -0.338626 0.297841
-0.167052 -0.334241 0.274186
-0.167052 -0.32962475 0.26304325
-0.167052 -0.313154875 0.237972875
-0.167052 -0.3238845 0.2524725
-0.167052 -0.300067 0.22555325
-0.167052 -0.274011125 0.210692125
-0.167052 -0.290154 0.2187405
-0.167052 -0.2567105 0.20556925
-0.167052 -0.23275975 0.2036845
-0.167052 -0.2447845 0.204
-0.167052 -0.21487075 0.206038375
-0.167052 -0.185097 0.217690125
-0.151834375 -0.192886726562 0.213665515625
-0.182269625 -0.164871234375 0.232897390625
-0.167052 -0.1704125 0.2281645
-0.167052 -0.15646425 0.24255875
-0.167052 -0.1467815 0.257757875
-0.167052 -0.139296 0.274186
-0.167052 -0.13647975 0.2859145
-0.167052 -0.134752875 0.3038535
-0.167052 -0.13647975 0.3257995
-0.167052 -0.1408345 0.3412425
-0.167052 -0.14755075 0.35581425
-0.167052 -0.160381125 0.3737415
-0.167052 -0.185097 0.3940245
-0.182269625 -0.166546203125 0.379975972656
0.2221224375 0.4264025 -0.0300969625
0.2221224375 -0.1321385 -0.0300969625
0.2149941875 -0.411409 0.009945221875
0.200017875 -0.1321385 -0.015668675
0.181055625 -0.1321385 -0.005371731875
0.200017875 0.4264025 -0.015668675
0.181055625 0.4264025 -0.005371731875
0.15662325 -0.1321385 0.00474815125
0.14283 -0.1321385 0.0088331975
0.14091724375 -0.411409 0.0394131459375
0.149726625 0.4264025 0.006790674375
0.11705580625 -0.1321385 0.0146344475
0.11705580625 0.4264025 0.0146344475
0.08361998125 -0.1321385 0.01801995625
0.0620495875 -0.1321385 0.0174542125
0.0908100625 0.4264025 0.0174542125
0.0764299 0.4264025 0.0185857
0.0620495875 0.4264025 0.0174542125
0.035803698875 -0.1321385 0.0146344475
0.035803698875 0.4264025 0.0146344475
0.01002988075 -0.1321385 0.0088331975
-0.003763226625 -0.1321385 0.00474815125
0.0031333270625 0.4264025 0.006790674375
-0.0647998072813 0.705673 0.039771464375
-0.0189080382803 -0.11468409375 -0.0015343428418
-0.041008575 -0.1321385 -0.0119001875
-0.080206525 -0.411409 0.01746075
-0.021532297125 0.4264025 -0.00261176375
-0.041008575 0.4264025 -0.0119001875
-0.06355665 -0.1321385 -0.025717975
-0.074968725 -0.1321385 -0.03447565
-0.151782219141 -0.411409 -0.00288317734375
-0.0692626875 0.4264025 -0.0300968125
-0.0986810703125 0.705673 0.00199020078125
-0.0932497875 -0.1321385 -0.050089025
-0.1815585 -0.411409 -0.016125
-0.0932497875 0.4264025 -0.050089025
-0.1106531875 0.4264025 -0.0698869875
-0.166174234375 0.705673 -0.09810789375
-0.175313 0.705673 -0.008812275
-0.11470921875 -0.1321385 -0.0743466125
-0.196561875 -0.411409 -0.122583625
-0.19236780127 0.705673 -0.114776017529
-0.134449875 -0.1321385 -0.102960975
-0.223446320313 -0.411409 -0.146920623438
-0.1447468125 -0.1321385 -0.121923375
-0.134449875 0.4264025 -0.102960975
-0.21183915625 0.705673 -0.15111286875
-0.1447468125 0.4264025 -0.121923375
-0.1569086875 -0.1321385 -0.15325225
-0.217917871094 -0.411409 -0.177833988281
-0.154866125 0.4264025 -0.14635575
-0.15895125 0.4264025 -0.16014875
-0.164564375 -0.1321385 -0.183525625
-0.166818375 -0.1321385 -0.202581125
-0.228030125 -0.411409 -0.212167875
-0.165691375 0.4264025 -0.193053375
-0.2263418125 0.705673 -0.2003024375
-0.1681383125 -0.1321385 -0.2289448125
-0.218935085937 -0.411409 -0.248852308594
-0.1681383125 0.4264025 -0.2289448125
-0.16644125 -0.1321385 -0.255309
-0.164564375 -0.1321385 -0.269571375
-0.2270873125 0.705673 -0.2481188125
-0.1655028125 0.4264025 -0.2624401875
-0.160073875 -0.1321385 -0.288272875
-0.1539461875 -0.1321385 -0.308962375
-0.203784349609 -0.411409 -0.313855898438
-0.160073875 0.4264025 -0.288272875
-0.2203656875 0.705673 -0.280907
-0.1539461875 0.4264025 -0.308962375
-0.1403945625 -0.1321385 -0.3397155
-0.1403945625 0.4264025 -0.3397155
-0.204102958984 0.705673 -0.3167911875
-0.124400375 -0.1321385 -0.366534375
-0.11251975 -0.1321385 -0.38160275
-0.171186539062 -0.411409 -0.34118103125
-0.19092675 -0.411409 -0.4260025
-0.124400375 0.4264025 -0.366534375
-0.11251975 0.4264025 -0.38160275
-0.1940495 0.705673 -0.42234625
-0.10002875 -0.1321385 -0.39622775
-0.089593575 -0.1321385 -0.4061295
-0.171710196484 -0.411409 -0.459844416016
-0.0948111625 0.4264025 -0.401178625
-0.17843575 0.705673 -0.4406275
-0.0692626875 -0.1321385 -0.4229994375
-0.141076775 -0.411409 -0.470557375
-0.0692626875 0.4264025 -0.4229994375
-0.1549821125 0.705673 -0.4611536875
-0.041008575 -0.1321385 -0.4411964375
-0.00919949128125 -0.1321385 -0.45518625
-0.105633951633 -0.411409 -0.482402826172
-0.04715805 0.4264025 -0.437427875
-0.132737331618 0.705673 -0.481353469238
-0.0348591 0.4264025 -0.444965
-0.021532297125 0.4264025 -0.450485
-0.102536006242 0.705673 -0.479476589844
0.0031333145625 0.4264025 -0.4598875
0.024292163125 0.705673 -0.490257
0.02873148525 -0.1321385 -0.46642
0.0428757375 -0.1321385 -0.469042125
-0.0604574281211 -0.411409 -0.49287959375
0.02873148525 0.4264025 -0.46642
0.0428757375 0.4264025 -0.469042125
0.0740330625 -0.1321385 -0.4711163125
0.103336203125 -0.411409 -0.4993211875
0.0740330625 0.4264025 -0.4711163125
0.0832825823135 0.705673 -0.515005207031
0.1075869 -0.1321385 -0.4692306875
0.128803125 -0.1321385 -0.4652975
0.1181950125 0.4264025 -0.46726409375
0.147504625 -0.1321385 -0.4608075
0.1610645 -0.1321385 -0.456005
0.147504625 0.4264025 -0.4608075
0.1610645 0.4264025 -0.456005
0.189596625 -0.1321385 -0.443372625
0.18327575 0.4264025 -0.446805
0.179563439453 0.705673 -0.478452943359
0.1959175 0.4264025 -0.43994025
0.2182443125 -0.1321385 -0.425817
0.2182443125 0.4264025 -0.425817
0.235973280273 -0.11468409375 -0.41154778125
0.252887875 -0.1321385 -0.39622775
0.238796625 0.4264025 -0.40925225
0.266344914062 0.705673 -0.421373890625
0.2606950625 0.4264025 -0.387087125
0.26850225 -0.1321385 -0.3779465
0.28228475 -0.1321385 -0.358335125
0.31292325 -0.411409 -0.36511215625
0.27726025 0.4264025 -0.366534375
0.296686 -0.1321385 -0.33339475
0.28730925 0.4264025 -0.350135875
0.296686 0.4264025 -0.33339475
0.305886 -0.1321385 -0.3111835
0.3106885 -0.1321385 -0.297623625
0.3441668125 -0.411409 -0.28525040625
0.305886 0.4264025 -0.3111835
0.3106885 0.4264025 -0.297623625
0.315178789063 -0.14959290625 -0.278618839844
0.31892325 -0.1321385 -0.2601025
0.3151785 0.4264025 -0.278922125
0.31892325 0.4264025 -0.2601025
0.320998125 -0.1321385 -0.2289448125
0.34920284375 -0.411409 -0.19964171875
0.349254625 0.705673 -0.246804765625
0.320998125 0.4264025 -0.2289448125
0.319111875 -0.1321385 -0.1953910625
0.3151785 -0.1321385 -0.174174875
0.3171451875 0.4264025 -0.18478296875
0.35005375 0.705673 -0.2104523125
0.3106885 -0.1321385 -0.155473375
0.305886 -0.1321385 -0.1419135
0.3106885 0.4264025 -0.155473375
0.305886 0.4264025 -0.1419135
0.296686 -0.1321385 -0.11970225
0.28730925 -0.1321385 -0.102960975
0.296686 0.4264025 -0.11970225
0.28730925 0.4264025 -0.102960975
0.27726025 -0.1321385 -0.086562275
0.2685025 -0.1321385 -0.075150175
0.272881375 0.4264025 -0.080856225
0.2424535 -0.1321385 -0.04696725
0.25288875 -0.1321385 -0.0568691125
0.2424535 0.4264025 -0.04696725
0.2511355 0.705673 -0.0153701875
0.25288875 0.4264025 -0.0568691125
0.203953125 -0.1321385 -0.55240425
0.184875 -0.1321385 -0.560307
0.2384395625 -0.1321385 -0.5369535
0.259227 -0.1321385 -0.5248465
0.262543484375 -0.411409 -0.48725090625
0.287938375 -0.1321385 -0.505989625
0.308111875 -0.1321385 -0.487344125
0.300156269531 -0.411409 -0.456012058594
0.329049375 -0.1321385 -0.469462625
0.340085613281 -0.14959290625 -0.456540261719
0.370650625 -0.1321385 -0.4149694375
0.3957003125 -0.1321385 -0.36997025
0.415009 -0.1321385 -0.31491325
0.410188 -0.1321385 -0.334993
0.422780625 -0.1321385 -0.27793125
0.42523909375 -0.140865703125 -0.249269078125
0.426824875 -0.1321385 -0.21968575
0.4235975 -0.1321385 -0.19240575
0.421437 -0.1321385 -0.16495675
0.416616 -0.1321385 -0.144877
0.406237 -0.1321385 -0.1085647125
0.39175 -0.1321385 -0.073587325
0.3760905625 -0.1321385 -0.04700290625
0.33838915625 -0.411409 -0.0424847171875
0.3491660625 -0.1321385 -0.00718843125
0.299563890625 -0.411409 0.00595455039062
0.316727625 -0.1321385 0.02830635625
0.274928375 -0.1321385 0.061182396875
0.2293915 -0.1321385 0.0887710375
0.206938816406 -0.140865703125 0.0976340073242
0.178181625 -0.1321385 0.108817
0.1512392375 -0.1321385 0.114178
0.121463497656 -0.130401142969 0.12084225
0.116155966504 -0.322535256641 0.12125990625
0.03077685625 -0.411409 0.124386
0.015559175 -0.411409 0.215404
0.0764299390625 -0.393675914063 0.217774304687
0.0764299 -0.323675225 0.124386
0.0798610500977 -0.392550054395 0.152932208496
-0.3439809375 -0.411409 -0.2011184125
-0.3495108125 -0.411409 -0.2289448125
-0.33026059375 -0.411409 -0.248588625
-0.410534 -0.110320492188 -0.224491755859
-0.410534 -0.411409 -0.31428175
-0.410534 -0.411409 -0.1388145
0.09358555625 -0.1321385 -0.5761326875
-0.045311075 -0.411409 -0.577483
0.1413680625 -0.1321385 -0.5707516875
0.26446225 0.4264025 0.0672801125
0.2384405 0.4264025 0.08385738125
0.241102328125 0.705673 0.047750525
0.295790625 0.4264025 0.04618810625
0.337990125 0.4264025 0.0058976375
0.324579 0.4264025 0.0216007
0.379458164062 0.435129703125 -0.054108796875
0.3617035625 0.4264025 -0.02352570625
0.3593596875 0.705673 -0.0767046875
0.395701 0.4264025 -0.0831266125
0.38489121875 0.705673 -0.133289212109
0.415009 0.4264025 -0.13818375
0.410188 0.4264025 -0.118104
0.424759001465 0.435129703125 -0.196360592285
0.421437 0.4264025 -0.16495675
0.424941125 0.4264025 -0.25048175
0.427365 0.4264025 -0.226548
0.421437 0.4264025 -0.28814025
0.414812148437 0.439493304688 -0.314003728516
0.4062368125 0.4264025 -0.34453225
0.385037125 0.4264025 -0.3914929375
0.35072859375 0.705673 -0.391220078125
0.3536364375 0.4264025 -0.4406735625
0.305595093018 0.435129703125 -0.49060849292
0.329049375 0.4264025 -0.469462625
0.268670640625 0.705673 -0.475580640625
0.2619165625 0.4264025 -0.522567
0.282704 0.4264025 -0.51046
0.229390625 0.4264025 -0.54186725
0.2103125 0.4264025 -0.54977
0.178181625 0.4264025 -0.561913875
0.1581015 0.4264025 -0.5667345
0.1463878875 0.705673 -0.541475078125
0.110299281262 0.430766101563 -0.574527133667
0.0814713797852 0.40894809375 -0.576786745117
-0.045311075 0.4264025 -0.577483
-0.045311075 0.705673 -0.577483
-0.33805396875 0.705673 -0.19216616875
-0.362852878906 0.705673 -0.225454775
-0.3418048125 0.705673 -0.25624875
-0.410534 0.4264025 -0.226548
-0.410534 0.44385690625 -0.310169230469
-0.410534 0.4308815375 -0.13333115625
-0.410534 0.705673 -0.31428175
-0.410534 0.699687477344 -0.12236446875
-0.410534 0.513905403125 -0.152522859375
0.0703800210469 0.705673 0.0867463657813
0.0908280429687 0.433806476367 0.12323428125
0.009521448875 0.705673 0.10939126625
0.0212658054687 0.502165229688 0.124386
0.0771010382812 0.515140598438 0.1241835
0.108321510375 0.705673 0.0941153503125
0.151408125 0.4264025 0.115245
0.1244657375 0.4264025 0.120606
0.19441425 0.4264025 0.10325879375
-0.331566862756 -0.411409 -0.538502392578
-0.301346282401 -0.411409 -0.542934672852
-0.410534 -0.411409 -0.48974925
-0.288793025 -0.411409 -0.577483
-0.288793025 -0.1321385 -0.577483
-0.410534 -0.1321385 -0.48974925
-0.410534 -0.1321385 -0.577483
-0.142978384375 -0.411409 0.075064553125
-0.103449727246 -0.411409 0.121184270605
-0.241238617188 -0.411409 0.130074625
-0.2127056875 -0.411409 0.215404
-0.167053 -0.411409 0.215404
-0.33342164375 -0.411409 0.07789155
-0.410534 -0.389590992188 0.0236295585937
-0.410534 -0.1321385 0.0366525
-0.362851049219 -0.411409 0.11857419375
-0.410534 -0.32154241875 0.134553109375
-0.410534 -0.411409 0.215404
-0.410534 -0.377562765625 0.148851015625
-0.3279823375 0.705673 -0.5356340625
-0.294372921998 0.696945796875 -0.564368769531
-0.410534 0.68821859375 -0.489063830078
-0.407025496324 0.44385690625 -0.575652011719
-0.353468140625 -0.071440621875 0.488458
-0.410534 0.131062825 0.488458
-0.3953164375 -0.148207675 0.488458
-0.354419238281 -0.145465994531 0.488458
-0.410534 -0.10044090625 0.472385296875
-0.410534 -0.08005526875 0.44719425
-0.2431408125 -0.0604739 0.488458
-0.1822705625 0.131062825 0.488458
-0.22792325 0.131062825 0.488458
-0.167053 0.131062825 0.39744
-0.168479591797 -0.144095154297 0.488458
-0.10618225 -0.148207675 0.488458
-0.0909645625 -0.0604739 0.488458
-0.167053 -0.0485028546875 0.40739509375
-0.167053 0.514136275 0.488458
-0.224118859375 0.705673 0.47708075
-0.218412273438 0.705673 0.391751375
-0.177515074219 0.705673 0.4059729375
-0.410534 0.514136275 0.488458
-0.3344461875 0.514136275 0.488458
-0.3648813125 0.705673 0.488458
-0.3953164375 0.705673 0.39744
-0.410534 0.514136275 0.39744
-0.410534 0.4953695 0.4387995
-0.332127 0.705673 0.079986575
-0.410534 0.692205574023 0.0455629335937
-0.3344461875 0.705673 0.215404
-0.3953164375 0.705673 0.215404
-0.368065205078 0.705673 0.140099067187
-0.410534 0.514136275 0.124386
-0.134465101125 0.705673 0.0896509725
-0.12139995625 0.705673 0.124386
-0.167053 0.502165229688 0.20544890625
-0.1822705625 0.705673 0.215404
-0.2436570625 0.705673 0.116061107812
-0.167053 0.514136275 0.124386
-0.410534 0.131062825 0.0366525
-0.410534 -0.145501386914 0.114943164063
-0.410534 0.131062825 0.215404
-0.410534 0.131062825 0.124386
-0.410534 -0.08826245625 0.152346796875
-0.3344461875 -0.411409 0.39744
-0.410534 -0.4018803125 0.3938991875
-0.410534 -0.32030835625 0.4779343125
-0.3648813125 -0.411409 0.488458
-0.410534 -0.3690403125 0.466815546875
-0.410534 -0.393759 0.44878996875
-0.12139995625 -0.411409 0.39744
-0.172046188477 -0.411409 0.396728921875
-0.2127056875 -0.323675225 0.488458
-0.167053 -0.323675225 0.488458
-0.2431408125 -0.405925639063 0.482769375
-0.0919156695313 -0.408667319531 0.482769375
0.07642998125 -0.4018803125 0.3938991875
0.0022437734375 -0.318191864062 0.488458
0.0136570359375 -0.405925639063 0.47708075
0.07643 -0.32199375 0.46669521875
0.07642999375 -0.402154375 0.4418886875
0.07643 -0.380705309375 0.466874265625
0.01555925 -0.0604739 0.488458
0.07643 -0.15129249375 0.478051625
0.01555925 -0.0604739 0.39744
0.07642998125 -0.07020931875 0.3938991875
0.07643 -0.08862705 0.4621841875
0.076429996875 -0.07505391875 0.444297125
0.07643 -0.105433825 0.47820834375
-0.09096459375 0.131062825 0.124386
-0.167053 -0.0604739 0.215404
-0.15183531875 0.131062825 0.124386
-0.111056665527 -0.0604739 0.225714632812
-0.09096459375 -0.0604739 0.124386
0.0883316365234 -0.147067706641 0.1234494375
0.0785743570312 0.129325467969 0.12421725
0.076429925 -0.0604739 0.215404
-0.00916955703125 -0.0485028546875 0.124386
0.076429925 -0.0830364875 0.156571875
0.076429925 -0.09638355 0.14624934375
0.078145478125 -0.10742560625 0.1345161875
-0.410534 -0.17047521875 0.4342914375
-0.410534 -0.270840810938 0.429612546875
-0.288793 -0.206123125 0.403414625
-0.288793 -0.2197823125 0.4066935625
-0.288793 -0.230755625 0.407872125
-0.288793 -0.238772125 0.408187375
-0.410534 -0.298636327734 0.432415324219
-0.288793 -0.25177425 0.407007
-0.288793 -0.265506875 0.404033875
-0.288793 -0.274011125 0.40102225
-0.410534 -0.3207235625 0.415814328125
-0.288793 -0.2840833125 0.396510125
-0.288793 -0.29606025 0.3891696875
-0.288793 -0.3046525 0.382243875
-0.288793 -0.3111964375 0.37603425
-0.410534 -0.340544625 0.3988700625
-0.288793 -0.3200805625 0.365149125
-0.410534 -0.350315 0.3826179375
-0.288793 -0.328855375 0.35052875
-0.304010625 -0.321940179687 0.361700390625
-0.288793 -0.33370625 0.338407875
-0.410534 -0.3501354375 0.357367359375
-0.288793 -0.3378796875 0.3203500625
-0.288793 -0.3386654375 0.299344125
-0.410534 -0.36038975 0.3509568125
-0.288793 -0.33752575 0.28786925
-0.410534 -0.353658609375 0.229054703125
-0.410534 -0.36322128125 0.33229659375
-0.288793 -0.333438875 0.272866375
-0.288793 -0.3274203125 0.2585434375
-0.288793 -0.318377375 0.244087375
-0.273575375 -0.32204634375 0.24947278125
-0.410534 -0.32451709375 0.198507265625
-0.288793 -0.30792446875 0.23257503125
-0.288793 -0.29606025 0.2225444375
-0.288793 -0.2840833125 0.2152046875
-0.410534 -0.294356734375 0.182921425781
-0.288793 -0.26689990625 0.20825734375
-0.288793 -0.25177425 0.2047078125
-0.288793 -0.2377700625 0.203605625
-0.410534 -0.2674755 0.1851156875
-0.288793 -0.226747375 0.20415775
-0.288793 -0.217802875 0.2053346875
-0.410534 -0.14863813125 0.198858757813
-0.288793 -0.204217125 0.2089188125
-0.288793 -0.19209625 0.213769625
-0.288793 -0.185097 0.217690125
-0.304010625 -0.175939328125 0.223624882812
-0.288793 -0.165826625 0.232081375
-0.288793 -0.157769875 0.241030125
-0.410534 -0.1283427875 0.21929378125
-0.288793 -0.15175225 0.24904425
-0.288793 -0.14611575 0.2585434375
-0.410534 -0.118993975 0.24023003125
-0.288793 -0.14009784375 0.272866375
-0.410534 -0.11641956875 0.344994125
-0.410534 0.0908387773438 0.336123734375
-0.273575375 -0.135293835937 0.29422065625
-0.288793 -0.1345164375 0.30485575
-0.410534 -0.11782944375 0.366915875
-0.288793 -0.13553925 0.319861375
-0.288793 -0.13921125 0.336501875
-0.410534 -0.12742650625 0.3909070625
-0.288793 -0.14314225 0.34681425
-0.288793 -0.14997790625 0.359624625
-0.288793 -0.160381125 0.3737415
-0.288793 -0.165826625 0.379632625
-0.410534 -0.15117231875 0.415477125
-0.273575375 -0.177404320312 0.389056195313
-0.288793 -0.191739375 0.397542
0.07643 -0.172412479688 0.427618601563
-0.045311 -0.19581075 0.39948375
-0.045311 -0.187668 0.39560025
0.07643 -0.1457777875 0.4117998125
-0.045311 -0.175855375 0.387991625
0.07643 -0.13016713125 0.3950783125
-0.045311 -0.160381125 0.3737415
-0.045311 -0.165826625 0.379632625
-0.045311 -0.1534554375 0.365149125
-0.045311 -0.1440520625 0.3485999375
0.07643 -0.120359725 0.37711775
-0.045311 -0.13835725 0.3336185
0.07643 -0.112110335937 0.36677828125
-0.060528625 -0.135239542969 0.316678257813
-0.045311 -0.1345164375 0.30485575
0.0764299984375 -0.112912609375 0.344174742187
-0.045311 -0.1356180625 0.290850875
0.07642996875 -0.110699275 0.23844409375
-0.045311 -0.14009784375 0.272866375
0.076429975 -0.1325296 0.21366534375
-0.045311 -0.14611575 0.2585434375
-0.045311 -0.1534554375 0.2465658125
-0.045311 -0.170841 0.22790190625
-0.045311 -0.160381125 0.237972875
0.076429975 -0.1573915375 0.1933560625
-0.045311 -0.19209625 0.213769625
-0.045311 -0.185097 0.217690125
-0.045311 -0.204217125 0.2089188125
0.07642996875 -0.18177975 0.179619585937
-0.045311 -0.230755625 0.20384225
-0.045311 -0.217802875 0.2053346875
-0.045311 -0.24077625 0.2036845
0.076429975 -0.209092725 0.18578096875
-0.045311 -0.25177425 0.2047078125
0.076429975 -0.3088249375 0.1893079375
-0.045311 -0.27633284375 0.21165384375
-0.045311 -0.26257475 0.206976625
-0.045311 -0.291393125 0.21959209375
0.076429975 -0.33077921875 0.203442265625
-0.045311 -0.31478690625 0.23988365625
-0.045311 -0.3046525 0.229470125
-0.045311 -0.32460203125 0.25379384375
0.076429971875 -0.357838015625 0.238786171875
0.07643 -0.350421640625 0.323837203125
-0.045311 -0.3362353125 0.2824936875
-0.045311 -0.331932875 0.268614625
0.07643 -0.36013690625 0.35325478125
-0.045311 -0.3383105 0.2938325
-0.045311 -0.3387443125 0.310366875
-0.045311 -0.3354986875 0.331615
0.07643 -0.354081125 0.37230375
0.07643 -0.3466755 0.3897606875
-0.045311 -0.3274203125 0.3531715
-0.045311 -0.3200805625 0.365149125
0.07643 -0.3215758125 0.41487696875
-0.045311 -0.3046525 0.382243875
-0.045311 -0.3111964375 0.37603425
-0.045311 -0.29007178125 0.39283990625
0.07643 -0.205738875 0.43652509375
-0.045311 -0.265506875 0.404033875
-0.045311 -0.274011125 0.40102225
-0.030093375 -0.25190259375 0.407016625
-0.045311 -0.2217864375 0.4068511875
-0.045311 -0.238772125 0.408187375
-0.045311 -0.206123125 0.403414625
-0.015453992 0.705673 0.064947065
-0.0414142935059 -0.411409 0.054841896875
-0.0261798651367 -0.411409 0.095794790625
-0.17412525 -0.411409 0.050590175
-0.0758833147217 -0.411409 0.0905068851562
-0.183275700391 -0.411409 0.0903757019531
-0.250807996875 -0.411409 0.091629265625
-0.25372 0.705673 -0.05214635
-0.332127 0.705673 -0.095480425
-0.20587521875 0.705673 0.030037221875
-0.332127 0.705673 -0.007746925
-0.278833757813 0.705673 0.0702742007813
-0.2103865 0.705673 0.079986575
-0.268723375 -0.411409 -0.070871475
-0.340884875 -0.411409 -0.106892825
-0.3383725 -0.411409 -0.01505965
-0.266211 -0.411409 -0.38632475
-0.3383725 -0.411409 -0.35030325
-0.3383725 -0.411409 -0.438037
-0.266211 0.705673 -0.38632475
-0.3383725 0.705673 -0.35030325
-0.3383725 0.705673 -0.438037
-0.0866196983047 0.705673 -0.531530046875
-0.059573382375 0.705673 -0.549156
-0.18598976475 0.705673 -0.5480335
-0.064484875 -0.411409 -0.523074
-0.070714778125 -0.411409 -0.54857821875
0.116316800781 -0.0432647566406 0.12124725
0.100233373047 0.233128417969 0.122512875
0.0925133277344 0.0424603714844 0.123120375
-0.03009386875 -0.411409 0.215404
-0.119973298633 -0.411409 0.21398184375
0.019363625 -0.411409 0.31779925
-0.09096459375 -0.411409 0.306422
-0.0300938375 -0.411409 0.39744
0.07642994375 -0.4013783125 0.2559549375
0.015559225 -0.411409 0.39744
0.0709611095703 -0.403222101563 0.342015335937
0.076429925 -0.287932725 0.1453855
0.076429925 -0.1982442 0.144916375
0.0764299375 -0.24666196875 0.15553340625
0.07642998125 -0.36221728125 0.28395309375
-0.410534 -0.1321385 -0.31428175
-0.410534 -0.1321385 -0.1388145
-0.410534 0.147132 -0.31428175
-0.410534 0.147132 -0.1388145
-0.410534 -0.127774898438 -0.390020651367
-0.410534 -0.1321385 -0.051081
-0.0384488125 -0.1321385 -0.576942875
-0.0336396942383 0.155859203125 -0.576938655273
-0.16705205 -0.1321385 -0.577483
-0.16705205 0.4264025 -0.577483
-0.291884104443 0.158041003906 -0.577483
-0.288793025 0.4264025 -0.577483
-0.410534 0.4264025 -0.4020155
-0.410534 0.147132 -0.48974925
-0.410534 0.236603132031 -0.04559765625
-0.410534 -0.0426673679688 0.04213584375
-0.410534 0.4264025 -0.48974925
-0.410534 0.514136275 -0.051081
-0.410534 0.514136275 0.0366525
-0.410534 0.0450664070313 0.04213584375
-0.410534 0.334570595312 0.0476191875
-0.0356079650918 0.529100081641 0.123683121855
-0.129365461279 0.500668849023 0.124386
0.0212658054687 0.310628504688 0.124386
-0.09096459375 0.32259955 0.124386
-0.03009386875 0.131062825 0.124386
0.03077685625 0.131062825 0.124386
-0.292597890625 -0.411409 0.20402675
-0.366307958984 -0.411409 0.21682615625
-0.2431408125 -0.411409 0.306422
-0.353468140625 -0.411409 0.29504475
-0.2735759375 -0.411409 0.39744
-0.22792325 -0.411409 0.39744
-0.410534 -0.282315082813 0.126577027344
-0.410534 -0.18821900625 0.13488575
-0.410534 -0.391347625 0.250996875
-0.40292521875 -0.401763 0.3479015
-0.410534 -0.230964432031 0.156816554687
-0.34966375 0.131062825 0.488458
-0.272149291016 -0.149578515234 0.488458
-0.290695695313 0.143033870312 0.488458
-0.22792325 -0.148207675 0.488458
-0.410534 0.119575401563 0.42496271875
-0.345859359375 0.334570595312 0.488458
-0.410534 0.303832775 0.4387995
-0.353468140625 -0.246908171875 0.488458
-0.410534 -0.18729038125 0.477432375
-0.353468140625 -0.334641946875 0.488458
-0.40292521875 -0.27595278125 0.477817
-0.214132333984 -0.234570609766 0.488458
-0.275478132812 -0.329158585938 0.488458
-0.410534 -0.218661975 0.44512475
-0.410534 0.093529275 0.389141
-0.2431408125 0.32259955 0.488458
-0.167053 0.319606788672 0.409883867188
-0.2127056875 0.514136275 0.488458
-0.167053 0.514136275 0.39744
-0.287842402344 0.535085604297 0.488458
-0.167053 0.131062825 0.306422
-0.167053 0.514136275 0.306422
-0.167053 0.32259955 0.215404
-0.117595515625 -0.246908171875 0.488458
-0.119973279297 -0.325046065234 0.488458
-0.049115921875 -0.159174396875 0.488458
-0.033898234375 -0.334641946875 0.488458
0.0326791484375 -0.230458089062 0.488458
-0.116168857422 -0.0604739 0.39886215625
0.0190070073242 -0.136898243066 0.488458
-0.0358004453125 -0.0604739 0.391751375
-0.167053 0.143033870312 0.20544890625
-0.122826595703 -0.0604739 0.30499984375
-0.272149291016 0.705673 0.39886215625
-0.34966375 0.705673 0.39744
-0.218412273438 0.705673 0.300733375
-0.353468140625 0.705673 0.31779925
-0.2735759375 0.705673 0.215404
-0.22792325 0.705673 0.215404
-0.410534 0.514136275 0.306422
-0.410534 0.514136275 0.215404
-0.410534 0.303832775 0.3477815
-0.410534 0.32259955 0.215404
-0.410534 0.104430236719 0.242027484375
-0.410534 0.093529275 0.298123
0.07643 -0.287270590625 0.45389590625
0.07643 -0.19515938125 0.478051625
0.00699927539062 -0.0604739 0.2922004375
-0.06052920625 -0.0604739 0.215404
0.07642996875 -0.0703266625 0.3479015
0.00806924897461 -0.0604739 0.220737085937
0.068821103125 -0.0707112875 0.2559549375
0.0764299898437 -0.118231348437 0.295204058594
0.215793078125 0.56603775 -0.025556559375
0.226401984375 -0.27177375 -0.033381203125
0.20492071875 -0.27177375 -0.01911433125
0.189127875 -0.27177375 -0.00932595171875
0.189127875 0.56603775 -0.00932595171875
0.172171125 0.56603775 -0.001691774375
0.1666183125 -0.27177375 0.0006081990625
0.1509538125 -0.27177375 0.0066894021875
0.1509538125 0.56603775 0.0066894021875
0.125267403125 0.56603775 0.01285635625
0.122359951563 -0.27177375 0.01365111125
0.144076804688 0.705673 0.0390414109375
0.10279353125 0.56603775 0.01651130625
0.096742853125 -0.27177375 0.01661007375
0.0746323421875 -0.27177375 0.0181613921875
0.0746323421875 0.56603775 0.0181613921875
0.0465299244375 0.56603775 0.01585574875
0.0435045215937 -0.27177375 0.015806365
0.024056140375 0.56603775 0.01220079875
0.0182413699375 -0.27177375 0.01061128875
-0.00870248964062 -0.27177375 0.00249881390625
-0.00426022201562 0.56603775 0.00433879265625
-0.0330647680312 -0.27177375 -0.0076938378125
-0.0330647680312 0.56603775 -0.0076938378125
-0.049207875 0.56603775 -0.0169248375
-0.0544304278096 -0.25431934375 -0.0202217777441
-0.06845949375 -0.27177375 -0.02916355625
-0.110179329687 -0.411409 -0.023033634375
-0.06845949375 0.56603775 -0.02916355625
-0.08045304375 0.56603775 -0.0391596625
-0.090507628125 -0.27177375 -0.04774701875
-0.13923225 -0.411409 -0.03466835
-0.102541879688 0.56603775 -0.06024491875
-0.127787464062 0.705673 -0.0304646328125
-0.112933751563 -0.27177375 -0.072340209375
-0.154846 -0.411409 -0.0529501625
-0.1240951875 0.56603775 -0.08678393125
-0.13100421875 -0.27177375 -0.0980580375
-0.140792671875 -0.27177375 -0.1138510875
-0.177142537109 -0.411409 -0.134814114453
-0.140792671875 0.56603775 -0.1138510875
-0.1484265625 0.56603775 -0.130807875
-0.153766875 -0.27177375 -0.14419290625
-0.186832632813 -0.411409 -0.171144929688
-0.18688646875 0.705673 -0.15702070625
-0.158721265625 0.56603775 -0.15959346875
-0.162319125 -0.27177375 -0.174174875
-0.1656891875 -0.27177375 -0.1906271875
-0.193104527344 -0.411409 -0.206017248047
-0.1656891875 0.56603775 -0.1906271875
-0.202399003906 0.705673 -0.226128449219
-0.166902720215 0.54858334375 -0.208634145996
-0.168091171875 -0.27177375 -0.221155484375
-0.16842115625 0.56603775 -0.22774640625
-0.167572625 0.56603775 -0.2409285
-0.16625378125 -0.27177375 -0.25529425
-0.19638715625 0.705673 -0.25650740625
-0.164237671875 0.56603775 -0.270126265625
-0.1606351875 -0.27177375 -0.2859351875
-0.152412304687 -0.27177375 -0.311929
-0.156858015625 0.56603775 -0.3004583125
-0.1502664375 0.56603775 -0.317846875
-0.14119078125 -0.27177375 -0.33877625
-0.172043625 0.705673 -0.3151291875
-0.14119078125 0.56603775 -0.33877625
-0.1331936875 0.56603775 -0.3521856875
-0.129425125 -0.27177375 -0.358335125
-0.12017403125 -0.27177375 -0.37235128125
-0.1525039375 -0.411409 -0.4028885625
-0.115566203125 0.56603775 -0.377891078125
-0.143822015234 0.705673 -0.422103017578
-0.100285728125 -0.27177375 -0.39563734375
-0.115245235937 -0.411409 -0.438729351563
-0.09585858125 0.56603775 -0.4005313125
-0.07577191875 0.56603775 -0.41768721875
-0.0786249375 -0.27177375 -0.41549775
-0.06845949375 -0.27177375 -0.42393271875
-0.112574935937 0.705673 -0.434760539063
-0.057407175 0.56603775 -0.4311469375
-0.05206089375 -0.27177375 -0.43398221875
-0.0744130110625 -0.411409 -0.464088234375
-0.0330647680312 -0.27177375 -0.445402859375
-0.0805285453125 0.705673 -0.450874304688
-0.0330647680312 0.56603775 -0.445402859375
0.00386345282813 0.56603775 -0.459579375
-0.00426022514062 -0.27177375 -0.457435625
-0.0290693193594 -0.411409 -0.48272125
-0.06582998375 0.705673 -0.480774558594
0.03445283475 -0.27177375 -0.466778148437
0.0369429556875 0.56603775 -0.46819803125
0.063847021875 0.56603775 -0.470597765625
0.07523143125 -0.27177375 -0.47139915625
0.09200835 0.56603775 -0.47045634375
0.143006375 -0.411409 -0.4957846875
0.0980001 -0.27177375 -0.4699849375
0.11648600625 -0.27177375 -0.467964546875
0.11648600625 0.56603775 -0.467964546875
0.1311408125 0.56603775 -0.46473625
0.146861921875 -0.27177375 -0.4607684375
0.160480078125 0.56603775 -0.4561453125
0.17439125 -0.27177375 -0.450485
0.1886573125 -0.27177375 -0.4441688125
0.1886573125 0.56603775 -0.4441688125
0.20298115625 0.56603775 -0.435391
0.20821675 -0.27177375 -0.432403125
0.21938015625 -0.27177375 -0.4253415
0.224518234375 0.56603775 -0.4212003125
0.240904140625 -0.27177375 -0.40708125
0.247803625 0.56603775 -0.401312
0.259133625 0.56603775 -0.38891525
0.26881628125 -0.27177375 -0.377434046875
0.277421625 0.56603775 -0.365911078125
0.28973746875 -0.27177375 -0.345993421875
0.2934218125 0.56603775 -0.33980115625
0.300366 0.56603775 -0.32451025
0.3060263125 -0.27177375 -0.310599078125
0.3106494375 0.56603775 -0.296980921875
0.31461725 -0.27177375 -0.2812598125
0.3177984375 -0.27177375 -0.26720415625
0.3177984375 0.56603775 -0.26720415625
0.31967775 0.56603775 -0.2505155
0.320243625 -0.27177375 -0.24332525
0.3212810625 -0.27177375 -0.22774640625
0.3212810625 0.56603775 -0.22774640625
0.3203379375 0.56603775 -0.21096953125
0.319866375 -0.27177375 -0.2049778125
0.31784559375 -0.27177375 -0.186491984375
0.31784559375 0.56603775 -0.186491984375
0.31461725 0.56603775 -0.1718371875
0.3106494375 -0.27177375 -0.156116078125
0.308926625 0.56603775 -0.14974571875
0.303126 0.56603775 -0.135250125
0.300366 -0.27177375 -0.12858675
0.2934218125 -0.27177375 -0.11329580625
0.28973746875 0.56603775 -0.107103471875
0.27742165625 -0.27177375 -0.0871856
0.2738146875 0.56603775 -0.0816594125
0.25626846875 0.56603775 -0.0611156984375
0.260897318359 -0.25431934375 -0.0662819844727
0.2487185625 -0.27177375 -0.052565540625
0.23594421875 0.56603775 -0.04165493125
0.18964453125 -0.27177375 -0.5583313125
0.21165728125 -0.27177375 -0.54863025
0.252067914063 -0.27177375 -0.52883890625
0.298120625 -0.27177375 -0.496762375
0.33016696875 -0.27177375 -0.46815403125
0.3442588125 -0.27177375 -0.4508249375
0.3654963125 -0.27177375 -0.42389571875
0.37802115625 -0.27177375 -0.401396125
0.396029578125 -0.27177375 -0.3691753125
0.41139325 -0.27177375 -0.3299730625
0.420001296875 -0.27177375 -0.29008390625
0.4249344375 -0.27177375 -0.250566375
0.425344546875 -0.27177375 -0.206024625
0.417837875 -0.27177375 -0.151695396875
0.4082125 -0.27177375 -0.11333435625
0.393743570313 -0.27177375 -0.0798035601563
0.3724938125 -0.27177375 -0.04113388125
0.346644421875 -0.27177375 -0.00485776875
0.31345621875 -0.27177375 0.0311003796875
0.2788166875 -0.27177375 0.0592732984375
0.25604825 -0.27177375 0.07306761875
0.229668657776 -0.263046546875 0.087348597876
0.2069663125 -0.27177375 0.09747695
0.174792715625 -0.27177375 0.10935375
0.15467036875 -0.27177375 0.113908
0.119265429199 -0.265306274609 0.12101521875
0.120284046289 -0.369279469531 0.1209350625
0.0459945375 -0.411409 0.169895
0.0764299253906 -0.398914564453 0.182843896484
0.07642990625 -0.359922565625 0.1303501875
-0.3776766875 -0.411409 -0.224202798437
-0.410534 -0.27177375 -0.226548
-0.410534 -0.411409 -0.270414875
-0.399745124634 -0.403772697266 -0.171190633765
0.085007728125 -0.27177375 -0.57680784375
0.0155594125 -0.411409 -0.577483
0.10387895 -0.27177375 -0.5753225
0.147224765625 -0.27177375 -0.569345671875
0.2436011875 0.56603775 0.0808528234375
0.2657708125 0.56603775 0.066162503125
0.29644490625 0.56603775 0.0456293015625
0.32793178125 0.56603775 0.017674934375
0.34314128125 0.56603775 -0.000962503125
0.371479570313 0.56603775 -0.0401228320312
0.39603025 0.56603775 -0.083921553125
0.41139325 0.56603775 -0.1231239375
0.4158125 0.56603775 -0.141530375
0.42304734375 0.56603775 -0.175123375
0.425981765625 0.56603775 -0.21581521875
0.424401 0.56603775 -0.257344125
0.42103525 0.56603775 -0.2898135625
0.41464040625 0.56603775 -0.312989625
0.404590484375 0.56603775 -0.3485069375
0.3870760625 0.56603775 -0.38868096875
0.3747285 0.56603775 -0.4093455
0.350842453125 0.56603775 -0.443945046875
0.3217708125 0.56603775 -0.4767411875
0.290574320313 0.56603775 -0.503032625
0.2560473125 0.56603775 -0.526163625
0.22780078125 0.56603775 -0.5425258125
0.2069658125 0.56603775 -0.5505734375
0.17650828125 0.56603775 -0.56231559375
0.152954803125 0.56603775 -0.56713959375
0.116745692187 0.56603775 -0.574309765625
0.07986103125 0.56603775 -0.5772129375
0.000341790625 0.56603775 -0.577483
0.0137766178281 0.705673 -0.5673295625
-0.410534 0.557310546875 -0.236143884766
-0.410534 0.56603775 -0.270414875
-0.410534 0.5705167875 -0.17719790625
-0.410534 0.705673 -0.270414875
-0.410534 0.705673 -0.18268125
-0.410534 0.6054256 -0.190906265625
0.09358555625 0.56603775 0.123036
0.0414632046992 0.705673 0.10747872457
0.06121221875 0.6099046375 0.124386
0.134632465625 0.56603775 0.11899575
0.1581015 0.56603775 0.113638
0.21165775 0.56603775 0.095533690625
0.189644625 0.56603775 0.105234396875
-0.373574737961 -0.411409 -0.567477945312
-0.410534 -0.411409 -0.533616125
-0.3496635125 -0.411409 -0.577483
-0.364881134375 -0.27177375 -0.577483
-0.410534 -0.27177375 -0.533616125
-0.410534 -0.27177375 -0.577483
-0.20125403877 -0.411409 0.112850362988
-0.180368367188 -0.411409 0.175583625
-0.410534 -0.411409 0.08051925
-0.410534 -0.2672947125 0.08600259375
-0.409456010889 -0.376384751563 0.115506357813
-0.410534 -0.406034890625 0.178132546875
-0.361828054969 0.705673 -0.563339578125
-0.410534 0.705673 -0.533616125
-0.410534 0.56603775 -0.577483
-0.3953164375 0.0352944625 0.488458
-0.380098875 -0.1043407875 0.488458
-0.197488125 -0.0604739 0.488458
-0.178941697266 0.0143451332031 0.486324765625
-0.197488125 0.0352944625 0.488458
-0.167053 0.0352944625 0.442949
-0.167053 -0.1043407875 0.488458
-0.132813203125 -0.093374065625 0.488458
-0.151835304688 -0.0544883773437 0.447926546875
-0.1822705625 0.6099046375 0.488458
-0.201292515625 0.693701954688 0.488458
-0.1822705625 0.705673 0.442949
-0.410534 0.6099046375 0.488458
-0.383546604004 0.597559497021 0.488458
-0.397218632813 0.705673 0.448637625
-0.410534 0.60521294375 0.453288875
-0.3757146875 0.705673 0.11328614375
-0.410534 0.693701954688 0.0914859375
-0.366783507813 0.705673 0.175583625
-0.410534 0.705673 0.169895
-0.410534 0.597933592187 0.1134193125
-0.168004097656 0.621875682813 0.17985009375
-0.168004097656 0.693701954688 0.17985009375
-0.195838446094 0.705673 0.114107175781
-0.167053 0.6099046375 0.124386
-0.410534 0.030815425 0.07503590625
-0.410534 -0.1043407875 0.124386
-0.410534 0.0352944625 0.169895
-0.410534 0.0352944625 0.124386
-0.380098875 -0.411409 0.442949
-0.393889791016 -0.368492094141 0.487142539063
-0.11925995918 -0.410723579883 0.448637625
-0.167053 -0.411409 0.442949
-0.1822705625 -0.3675421125 0.488458
-0.197488125 -0.411409 0.488458
0.045994625 -0.3675421125 0.488458
0.0307769375 -0.0604739 0.442949
-0.128295468066 0.0263161785156 0.124386
-0.1518353125 -0.0604739 0.169895
-0.167053 0.0352944625 0.124386
0.0795393626953 0.0364344308594 0.1241413125
0.07642991875 -0.066114546875 0.17794146875
0.0459945375 -0.0604739 0.124386
-0.3496635 -0.2018955625 0.4018338125
-0.3496635 -0.21096125 0.40473775
-0.3496635 -0.223001984375 0.407183421875
-0.3496635 -0.23927315625 0.40802975
-0.3496635 -0.25572078125 0.40630221875
-0.3496635 -0.27201940625 0.401783328125
-0.3496635 -0.286684890625 0.395007953125
-0.3496635 -0.2986831875 0.387239390625
-0.3496635 -0.30964403125 0.377670234375
-0.3496635 -0.320052328125 0.36481884375
-0.3496635 -0.329073640625 0.3497965
-0.3496635 -0.33486984375 0.3345715
-0.3496635 -0.338222515625 0.317246453125
-0.3496635 -0.33896121875 0.3026010625
-0.410534 -0.348300375 0.322031203125
-0.3496635 -0.33721325 0.28690425
-0.410534 -0.348882560547 0.302981431641
-0.3496635 -0.332335296875 0.269945453125
-0.3496635 -0.326344015625 0.256561421875
-0.3496635 -0.31766075 0.2433694375
-0.3496635 -0.305615179688 0.230473367188
-0.3496635 -0.2942015625 0.221267046875
-0.3496635 -0.28047609375 0.2134551875
-0.3496635 -0.263888039063 0.207433289063
-0.3496635 -0.249538125 0.204413578125
-0.410534 -0.265575121094 0.193674575195
-0.3496635 -0.234513359375 0.20362534375
-0.410534 -0.252072375 0.19432328125
-0.3496635 -0.2215050625 0.204688609375
-0.3496635 -0.20927521875 0.207462171875
-0.410534 -0.23560095 0.192376248047
-0.3496635 -0.198596625 0.2110768125
-0.3496635 -0.18682890625 0.216674875
-0.3496635 -0.173684 0.225421953125
-0.3496635 -0.161714625 0.236472125
-0.3496635 -0.148237085938 0.255269664063
-0.3496635 -0.138675054687 0.27727690625
-0.410534 -0.02569755625 0.327067875
-0.3496635 -0.135304125 0.29383865625
-0.3496635 -0.134536140625 0.3081124375
-0.3496635 -0.136244625 0.32431496875
-0.3496635 -0.140236375 0.33959303125
-0.3496635 -0.146868390625 0.354474984375
-0.3496635 -0.155385640625 0.36777215625
-0.3496635 -0.16629240625 0.379875453125
-0.3496635 -0.17914434375 0.39028396875
-0.3496635 -0.1909891875 0.397359
0.0155595 -0.18761459375 0.395429125
0.0155595 -0.173684 0.3862920625
0.0155595 -0.161714625 0.375242140625
0.0155595 -0.151915453125 0.3628618125
0.0155595 -0.143946640625 0.348653609375
0.0155595 -0.13845340625 0.33385065625
0.0155595 -0.135284421875 0.31712428125
0.0155595 -0.134575546875 0.3026010625
0.07643 -0.124558171484 0.329995070313
0.0155595 -0.136323 0.28690425
0.0155595 -0.141201398437 0.269945453125
0.0155595 -0.147192 0.256561421875
0.0155595 -0.155385640625 0.243942671875
0.0155595 -0.16629240625 0.23183859375
0.0155595 -0.17850159375 0.221824140625
0.0155595 -0.1894178125 0.2151344375
0.0155595 -0.20023390625 0.210441140625
0.0155595 -0.2114499375 0.20685934375
0.0155595 -0.22462725 0.204383742187
0.0155595 -0.240770078125 0.203762859375
0.0764299875 -0.2227477375 0.194127125
0.0155595 -0.25498775 0.205236609375
0.0155595 -0.271304632813 0.209698742188
0.0155595 -0.286684890625 0.21670678125
0.0155595 -0.2986831875 0.224474640625
0.0155595 -0.311194460938 0.235859101563
0.0155595 -0.32171671875 0.2490853125
0.0155595 -0.328881296875 0.261454015625
0.0155595 -0.33486165625 0.27727690625
0.0155595 -0.338232125 0.29383865625
0.000341875 -0.338867554687 0.310053828125
0.000341875 -0.338070070313 0.319809523438
0.0155595 -0.336352625 0.328731625
0.0155595 -0.33276090625 0.34099815625
0.0155595 -0.32591821875 0.35577315625
0.000341875 -0.315163007813 0.371330015625
0.0155595 -0.30964403125 0.377670234375
0.0155595 -0.302649125 0.38374834375
0.0155595 -0.2942015625 0.390447171875
0.0155595 -0.281172609375 0.39797109375
0.0155595 -0.269099 0.40292903125
0.0155595 -0.25136453125 0.4068223125
0.0155595 -0.23275975 0.40799034375
0.0155595 -0.209937914063 0.404229320313
0.211693453125 0.28676725 -0.023044234375
0.21721959375 0.00749675 -0.02665130625
0.20142675 0.00749675 -0.0168629267188
0.22863171875 0.28676725 -0.03540928125
0.233714484375 0.00749675 -0.039626853125
0.2414060625 0.28676725 -0.046319890625
0.1777239375 0.00749675 -0.0039917478125
0.189127875 0.28676725 -0.00932595171875
0.16495246875 0.28676725 0.00129819109375
0.154687382812 -0.00995765625 0.00509207980469
0.140894132813 -0.00995765625 0.00917712605469
0.133435107813 0.28676725 0.0108954129688
0.118195209375 0.00749675 0.01416747125
0.104561579687 0.28676725 0.0161835275
0.094405103125 0.00749675 0.017171340625
0.072834821875 0.00749675 0.018302828125
0.080024940625 0.28676725 0.018302828125
0.0482979590937 0.00749675 0.0161835275
0.0551737732969 0.28676725 0.01681887
0.0194246167344 0.00749675 0.0108954129688
0.0275922096875 0.28676725 0.01285635625
0.014705300625 0.28676725 0.00995573125
-0.0059843604375 0.00749675 0.003828161875
-0.00870248964062 0.28676725 0.00249881390625
-0.0197379651562 0.00749675 -0.0021739015625
0.0246563619687 0.705673 0.0757881153125
-0.04932048575 0.705673 0.065217065
-0.0440833125 0.00749675 -0.01378443125
-0.0330647680312 0.28676725 -0.0076938378125
-0.0483590733926 0.30422165625 -0.0164460377148
-0.06435984375 0.00749675 -0.02665123125
-0.0600014847656 0.30422165625 -0.0235393181641
-0.071911240625 -0.411409 0.0592849421875
-0.0786249375 0.00749675 -0.037598325
-0.07577191875 0.28676725 -0.03540890625
-0.09142168125 0.00749675 -0.0485276875
-0.09142168125 0.28676725 -0.0485276875
-0.207059321875 -0.411409 0.0118686460938
-0.295845939453 -0.411409 0.06933135
-0.21282249375 -0.411409 0.05887253125
-0.105807609375 0.00749675 -0.06377915625
-0.103798821875 0.28676725 -0.0615719375
-0.115642437988 -0.00995765625 -0.0755433373047
-0.218931095703 0.705673 -0.127241326367
-0.25372 0.705673 -0.0960131
-0.2929235 0.705673 -0.1176801375
-0.25372 0.705673 -0.0082796
-0.2929235 0.705673 0.0139201125
-0.160764946094 0.705673 0.0253083257812
-0.171881855469 0.705673 0.0702551054688
-0.11878296875 0.28676725 -0.08027446875
-0.12346709375 0.00749675 -0.0857590125
-0.133255546875 0.00749675 -0.1015520625
-0.1306813125 0.28676725 -0.0968114625
-0.314314070313 -0.411409 -0.201243520312
-0.2699795625 -0.411409 -0.1167880625
-0.3060603125 -0.411409 -0.1347987375
-0.2674671875 -0.411409 -0.0249548875
-0.300680297363 -0.411409 0.01954610625
-0.309644730469 0.705673 -0.181655763281
-0.14612671875 0.00749675 -0.1252550625
-0.140792671875 0.28676725 -0.1138510875
-0.151416359375 0.28676725 -0.13802653125
-0.15496746875 0.00749675 -0.147582875
-0.16147715625 0.00749675 -0.17066834375
-0.15905259375 0.28676725 -0.161375875
-0.1640030625 0.28676725 -0.1811879375
-0.249277609375 -0.411409 -0.173138978125
-0.25713625 0.705673 -0.2074925
-0.1656891875 0.00749675 -0.1906271875
-0.167714046875 0.00749675 -0.216362109375
-0.1668205625 0.28676725 -0.2050073125
-0.16804403125 0.28676725 -0.22295303125
-0.256808453125 -0.411409 -0.205724484375
-0.256923695313 0.705673 -0.244727515625
-0.3192820625 0.705673 -0.2193579375
-0.16766690625 0.00749675 -0.23733340625
-0.167242640625 0.28676725 -0.243924453125
-0.16634915625 0.00749675 -0.25408109375
-0.162114476562 0.00749675 -0.279170625
-0.163115046875 0.28676725 -0.274801640625
-0.258298589844 -0.411409 -0.255827382813
-0.15256628125 0.00749675 -0.3122940625
-0.156858015625 0.28676725 -0.3004583125
-0.147276640625 0.28676725 -0.32506553125
-0.14303065625 0.00749675 -0.334334
-0.247802453125 0.705673 -0.283273875
-0.23527871875 0.705673 -0.307120625
-0.13130940625 0.00749675 -0.35526040625
-0.13616603125 0.28676725 -0.3469755
-0.1256565625 0.28676725 -0.3644845625
-0.12017403125 0.00749675 -0.37235128125
-0.103408478125 0.00749675 -0.39198109375
-0.106197953125 0.28676725 -0.388859828125
-0.233500703125 -0.411409 -0.3109219375
-0.266211 -0.411409 -0.342457875
-0.30229175 -0.411409 -0.324447125
-0.206550085938 -0.411409 -0.471494914062
-0.29241254375 -0.411409 -0.51033065625
-0.266211 -0.411409 -0.430191625
-0.30229175 -0.411409 -0.45604775
-0.266211 0.705673 -0.342457875
-0.30229175 0.705673 -0.324447125
-0.2262268125 0.705673 -0.4527726875
-0.297607625 0.705673 -0.505399
-0.266211 0.705673 -0.430191625
-0.30229175 0.705673 -0.45604775
-0.080854640625 0.00749675 -0.413469734375
-0.08854615625 0.28676725 -0.4067768125
-0.07577191875 0.28676725 -0.41768721875
-0.216058723438 0.705673 -0.478530882813
-0.06435984375 0.00749675 -0.42644509375
-0.058833684375 0.28676725 -0.430052203125
-0.0502327875 0.00749675 -0.43554359375
-0.265594840547 -0.411409 -0.534101890625
-0.1900859625 0.705673 -0.4858659375
-0.166807269896 0.705673 -0.508659424805
-0.26691025525 0.705673 -0.516595929688
-0.0315273992812 0.00749675 -0.446345
-0.0379338375 0.28676725 -0.44308071875
-0.00870249276563 0.00749675 -0.455595625
-0.0151173949453 0.28676725 -0.4530403125
0.0112569925312 0.00749675 -0.46203125
0.0112569925312 0.28676725 -0.46203125
0.0275921409375 0.00749675 -0.46595303125
0.0304995167812 0.28676725 -0.466747765625
-0.167706255937 -0.411409 -0.49737496875
-0.137132412906 -0.411409 -0.5109079375
-0.0212061864688 0.705673 -0.51262475
0.00643192992187 0.705673 -0.52786471875
-0.24686025225 0.705673 -0.5480335
-0.140505138598 0.705673 -0.54565846875
0.04527245625 0.00749675 -0.4692306875
0.05006589375 0.28676725 -0.4696078125
0.0666931195312 -0.00995765625 -0.470703832031
0.0620494875 0.28676725 -0.470550625
0.0047741375 -0.411409 -0.5336528125
0.0836199 0.00749675 -0.4711163125
0.08002483125 0.28676725 -0.47102203125
0.09680175 0.00749675 -0.47007921875
0.10399185 0.28676725 -0.46951353125
0.11648600625 0.00749675 -0.467964546875
0.1358161875 0.00749675 -0.46361375
0.13051213125 0.28676725 -0.464597046875
0.14855690625 0.00749675 -0.460168125
0.1451669375 0.28676725 -0.46136875
0.1710595625 0.00749675 -0.451865
0.16211678125 0.28676725 -0.455365625
0.181054625 0.28676725 -0.447725
0.1886573125 0.00749675 -0.4441688125
0.205598953125 0.00749675 -0.4338970625
0.1968568125 0.28676725 -0.4391440625
0.21710846875 0.28676725 -0.4262925
0.22303628125 0.00749675 -0.42221875
0.23683525 0.00749675 -0.41068025
0.2333124375 0.28676725 -0.413936375
0.2544493125 0.00749675 -0.394399625
0.247803625 0.28676725 -0.401312
0.26147578125 0.28676725 -0.3861730625
0.267568875 0.00749675 -0.37874971875
0.278516375 0.00749675 -0.3644845625
0.276326875 0.28676725 -0.36733759375
0.2858850625 0.00749675 -0.35210003125
0.283540875 0.28676725 -0.3562853125
0.297606 0.00749675 -0.331173625
0.2934218125 0.28676725 -0.33980115625
0.301746 0.28676725 -0.3211785625
0.305246625 0.00749675 -0.31223578125
0.31284034375 0.00749675 -0.288258109375
0.3117719375 0.28676725 -0.292305546875
0.319111875 0.00749675 -0.25770575
0.3177984375 0.28676725 -0.26720415625
0.3199606875 0.28676725 -0.246920375
0.3205265625 0.00749675 -0.23733340625
0.32047940625 0.00749675 -0.212767046875
0.3209038125 0.28676725 -0.22295303125
0.3193948125 0.28676725 -0.19898609375
0.31784559375 0.00749675 -0.186491984375
0.3117719375 0.00749675 -0.160791453125
0.31447809375 0.28676725 -0.172465859375
0.31124975 0.28676725 -0.1578110625
0.301746 0.00749675 -0.1319184375
0.305246625 0.28676725 -0.14086121875
0.297606 0.28676725 -0.121923375
0.2934218125 0.00749675 -0.11329580625
0.27993390625 0.00749675 -0.091285275
0.2858850625 0.28676725 -0.10099678125
0.280055019531 0.26931284375 -0.0911904675781
0.26537975 0.00749675 -0.0714939625
0.2675691875 0.28676725 -0.0743469875
0.257572875 0.00749675 -0.06235343125
0.254450125 0.28676725 -0.05869721875
0.2487185625 0.00749675 -0.052565540625
0.20872265625 0.00749675 -0.5504285625
0.23978434375 0.00749675 -0.53581375
0.24247390625 0.28676725 -0.53353425
0.2262109375 0.28676725 -0.543184375
0.17650828125 0.00749675 -0.56231559375
0.20236328125 0.28676725 -0.5530628125
0.1748349375 0.28676725 -0.5627173125
0.274236320313 0.28676725 -0.51557
0.2905555625 0.00749675 -0.5037544375
0.3113020625 0.28676725 -0.4856819375
0.265768640625 0.00749675 -0.52068
0.2957899375 0.28676725 -0.4992840625
0.3157724375 0.00749675 -0.4804475625
0.3312845625 0.00749675 -0.4668454375
0.337431328125 0.28676725 -0.459648171875
0.3741269375 0.00749675 -0.409039015625
0.3798828125 0.28676725 -0.40041921875
0.34804846875 0.00749675 -0.44721653125
0.36483778125 0.28676725 -0.42548559375
0.39504178125 0.00749675 -0.371560125
0.396688109375 0.28676725 -0.3675854375
0.41621425 0.00749675 -0.3098933125
0.4226489375 0.00749675 -0.276173375
0.4223855625 0.28676725 -0.272657625
0.417620375 0.28676725 -0.30403671875
0.406566078125 0.00749675 -0.3437373125
0.40821240625 0.28676725 -0.339762625
0.426521890625 0.28676725 -0.23640209375
0.4265548125 0.00749675 -0.216254625
0.42412759375 0.28676725 -0.188847875
0.42567878125 0.00749675 -0.2462561875
0.4260146875 0.28676725 -0.209392375
0.42252059375 0.00749675 -0.182154625
0.4206335 0.00749675 -0.161610125
0.418423875 0.28676725 -0.15240690625
0.4042615 0.00749675 -0.10379506875
0.393067 0.00749675 -0.0767670875
0.381958640625 0.28676725 -0.0583823828125
0.3950425 0.28676725 -0.08153673125
0.41460725 0.00749675 -0.1365104375
0.40656625 0.28676725 -0.109359653125
0.379324640625 0.00749675 -0.0520228578125
0.36238434375 0.28676725 -0.025151859375
0.358691171875 0.00749675 -0.0204134296875
0.34134290625 0.28676725 0.001971871875
0.29775346875 0.00749675 0.0445116921875
0.2723124375 0.28676725 0.0619960359375
0.3023334375 0.28676725 0.040600059375
0.33687253125 0.00749675 0.007206134375
0.3206533125 0.00749675 0.024953528125
0.324579 0.28676725 0.0216007
0.2670781875 0.00749675 0.0664664734375
0.23978525 0.28676725 0.082717621875
0.23496221875 0.02495115625 0.0848246130859
0.208723125 0.28676725 0.097331984375
0.1748349375 0.00749675 0.1096205
0.148019215625 0.28676725 0.11578175
0.202363625 0.00749675 0.099966121875
0.1681415625 0.28676725 0.1112275
0.184875 0.28676725 0.10721
0.141156953125 0.00749675 0.11632175
0.118890149219 0.0064924265625 0.12104475
0.104736732812 0.285762926563 0.1221585
0.12103460625 0.28676725 0.120876
0.11417234375 0.0513636375 0.121416
0.109883429687 0.192003210938 0.1217535
0.0874738599609 -0.270621631641 0.1287668125
0.0888677507812 -0.191070239062 0.12340725
0.111491772461 -0.139033119141 0.1216269375
0.100018927344 -0.0953018765625 0.12252975
-0.00628884597168 -0.411409 0.117238197656
-0.04531155 -0.411409 0.169895
-0.09096459375 -0.411409 0.169895
-0.0110717625 -0.411409 0.27229025
-0.0757469125 -0.411409 0.351931
-0.0491159703125 -0.411409 0.24953575
-0.0453115375 -0.411409 0.351931
0.039336834375 -0.411409 0.2978890625
0.0545545421875 -0.4089975 0.3651451875
0.076429953125 -0.285250735937 0.168804695313
-0.410534 0.0031331484375 -0.239228268555
-0.410534 0.308585257813 -0.229632405273
-0.410534 0.02495115625 -0.271785714844
-0.410534 0.00749675 -0.18268125
-0.410534 0.16458640625 -0.267673195313
-0.410534 0.147132 -0.18268125
-0.410534 -0.39395459375 -0.356777785156
-0.410534 -0.402681796875 -0.439370885742
-0.37445325 -0.411409 -0.376159375
-0.37445325 -0.411409 -0.42002625
-0.410534 -0.27177375 -0.358148625
-0.410534 -0.27177375 -0.4020155
-0.410534 -0.411409 -0.09494775
-0.410534 -0.411409 -0.00721425
-0.3757094375 -0.411409 -0.0789869125
-0.37445325 -0.411409 -0.033070325
-0.410534 -0.280500953125 -0.103858183594
-0.410534 -0.27177375 -0.051081
0.116745692187 0.00749675 -0.574309765625
0.089951193689 0.295494453125 -0.575745000122
0.02585280625 0.00749675 -0.5766728125
0.02585280625 0.147132 -0.5766728125
-0.112173375 -0.411409 -0.5604801875
-0.2279225375 -0.411409 -0.577483
-0.10275043125 -0.27177375 -0.5772129375
-0.16705205 -0.27177375 -0.577483
0.14973478125 0.00749675 -0.56874309375
0.14973478125 0.28676725 -0.56874309375
0.126181303125 0.28676725 -0.57356709375
-0.121399184375 0.28676725 -0.577483
-0.2279225375 0.00749675 -0.577483
-0.10275043125 0.147132 -0.5772129375
-0.182269671875 0.00749675 -0.577483
-0.182269671875 0.28676725 -0.577483
-0.236958000488 0.168950007812 -0.577483
-0.109747139344 0.705673 -0.57040125
-0.221286067621 0.705673 -0.564138695312
-0.16705205 0.56603775 -0.577483
-0.2279225375 0.56603775 -0.577483
-0.410534 0.28676725 -0.358148625
-0.410534 0.00749675 -0.445882375
-0.410534 0.16458640625 -0.356777785156
-0.410534 0.00749675 -0.4020155
-0.410534 0.278040046875 -0.411611378906
-0.410534 0.147132 -0.445882375
-0.410534 0.2912462875 -0.08946440625
-0.410534 0.00749675 -0.00721425
-0.410534 0.147132 -0.09494775
-0.410534 -0.000139552734375 -0.0599914335937
-0.410534 0.185651171484 -0.064789359375
-0.410534 0.0468846 -0.01269759375
-0.410534 0.705673 -0.358148625
-0.410534 0.705673 -0.445882375
-0.37445325 0.705673 -0.376159375
-0.37445325 0.705673 -0.42002625
-0.410534 0.574764953125 -0.394133170898
-0.410534 0.56603775 -0.445882375
-0.410534 0.705673 -0.00721425
-0.3713305 0.705673 -0.0732807125
-0.3713305 0.705673 -0.0294139625
-0.410534 0.6099046375 -0.051081
-0.410534 0.597933592187 -0.0181809375
-0.410534 0.416630555469 -0.10043109375
-0.410534 0.225093830469 -0.01269759375
-0.410534 0.279872630859 -0.064789359375
-0.410534 0.4183679125 -0.051081
-0.410534 0.18996784834 -0.00104548828125
-0.410534 0.32259955 -0.00721425
-0.0430513561758 0.621875682813 0.120194043633
-0.09096459375 0.6099046375 0.124386
-0.0148761875 0.4183679125 0.124386
-0.0757469125 0.2268311875 0.124386
-0.04531155 0.4183679125 0.124386
-0.0148761875 0.32259955 0.124386
-0.03009386875 0.2268311875 0.124386
0.0790032484375 0.419372235938 0.1241835
0.078145465625 0.227835510938 0.124251
0.0892966421875 0.279736985937 0.1233735
0.081576596875 0.181959976563 0.123981
0.0459945375 0.32259955 0.124386
0.0459945375 0.2268311875 0.124386
-0.410534 0.00749675 -0.577483
-0.410534 0.26931284375 -0.573370480469
-0.364881134375 0.147132 -0.577483
-0.378196553516 0.291130851563 -0.576454870117
-0.410534 0.147132 -0.533616125
-0.410534 0.28676725 -0.533616125
-0.2735759375 -0.411409 0.169895
-0.334426614258 -0.411409 0.166982450195
-0.275002583984 -0.411409 0.26233515625
-0.323033015625 -0.411409 0.34055375
-0.2887935 -0.411409 0.351931
-0.153261957812 -0.411409 0.26233515625
-0.157363588721 -0.411409 0.361708324219
-0.1366176375 -0.411409 0.306422
-0.201292515625 -0.411409 0.34055375
-0.410534 -0.13569405 0.08600259375
-0.410534 -0.0963062 0.08051925
-0.3953164375 -0.411409 0.260913
-0.362265793945 -0.411409 0.322776796875
-0.410534 -0.2673182375 0.1656813125
-0.313522039063 -0.0485028546875 0.488458
-0.3344461875 0.0352944625 0.488458
-0.2735759375 -0.1043407875 0.488458
-0.2887935 0.0352944625 0.488458
-0.410534 0.22213949375 0.476043375
-0.410534 0.41367621875 0.476043375
-0.380098875 0.2268311875 0.488458
-0.380098875 0.32259955 0.488458
-0.373441191406 -0.227716408594 0.488458
-0.305734927002 -0.197729278467 0.488458
-0.2431408125 -0.2798083375 0.488458
-0.319228625 -0.23594145 0.488458
-0.2887935 -0.2798083375 0.488458
-0.410534 0.0071443 0.41397025
-0.410534 0.00767934179688 0.383709601563
-0.167053 0.2268311875 0.488458
-0.1822705625 0.4183679125 0.488458
-0.167053 0.32259955 0.442949
-0.167053 0.406396867188 0.43299390625
-0.258358375 0.2268311875 0.488458
-0.319228625 0.4183679125 0.488458
-0.2887935 0.2268311875 0.488458
-0.2887935 0.4183679125 0.488458
-0.167053 0.2268311875 0.351931
-0.167053 0.4183679125 0.260913
-0.167053 0.32259955 0.351931
-0.167053 0.2268311875 0.306422
-0.167053 0.4183679125 0.306422
-0.167053 0.32259955 0.260913
-0.170857359375 -0.203041284375 0.488458
-0.167053 -0.2798083375 0.488458
-0.197488125 -0.1920745625 0.488458
-0.140065382324 -0.291117769434 0.488458
-0.0859415367432 -0.189589914575 0.488458
-0.0300938125 -0.2798083375 0.488458
-0.0453115 -0.1920745625 0.488458
-0.014876125 -0.23594145 0.488458
-0.0453115 -0.1043407875 0.488458
-0.0557736601563 -0.0604739 0.4287274375
-0.00108509570313 -0.102969947266 0.488458
-0.0612425166016 -0.0604739 0.456459484375
-0.155639734375 -0.0485028546875 0.36188609375
-0.1518353125 -0.0604739 0.260913
-0.167053 0.0352944625 0.306422
-0.167053 0.0352944625 0.260913
-0.258358375 0.705673 0.488458
-0.2735759375 0.6099046375 0.488458
-0.2887935 0.705673 0.442949
-0.323033015625 0.705673 0.45432625
-0.2431408125 0.705673 0.351931
-0.315424234375 0.705673 0.24953575
-0.2887935 0.705673 0.351931
-0.319228625 0.705673 0.306422
-0.291290131348 0.705673 0.269801476562
-0.1822705625 0.705673 0.351931
-0.167053 0.705673 0.260913
-0.167053 0.6099046375 0.351931
-0.167053 0.6099046375 0.306422
-0.197488125 0.705673 0.260913
-0.382001070313 0.705673 0.357619625
-0.3953164375 0.705673 0.260913
-0.376294484375 0.705673 0.29504475
-0.410534 0.6099046375 0.306422
-0.410534 0.6099046375 0.260913
-0.410534 0.422714955469 0.371577609375
-0.410534 0.231178230469 0.280559609375
-0.410534 0.4183679125 0.306422
-0.410534 0.32259955 0.260913
-0.410534 0.39490944375 0.426384875
-0.410534 0.196749314453 0.343245101563
-0.410534 0.179672439063 0.39392615625
-0.325177449219 0.705673 0.118211679297
-0.3040110625 0.705673 0.169895
-0.258358375 0.705673 0.169895
-0.410534 0.4183679125 0.124386
-0.410534 0.214860142187 0.1134193125
-0.410534 0.4183679125 0.08051925
-0.410534 0.32259955 0.08051925
-0.410534 0.406396867188 0.17985009375
-0.410534 0.334570595312 0.17985009375
-0.167053 0.430338957813 0.13718540625
-0.167053 0.238802232813 0.13434109375
-0.1366176375 0.4183679125 0.124386
-0.164199684766 0.334570595312 0.15993990625
-0.167053 0.214860142187 0.15993990625
-0.410534 -0.18540075 0.171946820312
-0.410534 0.0231552419922 0.25221445166
-0.410534 -0.00714428125 0.262233046875
-0.315424234375 -0.400442278125 0.488458
-0.302584416016 -0.411409 0.44152684375
-0.258358375 -0.411409 0.442949
-0.3344461875 -0.3675421125 0.488458
-0.2735759375 -0.3675421125 0.488458
-0.0605292 -0.411409 0.442949
-0.0148761375 -0.411409 0.442949
-0.0909645625 -0.3675421125 0.488458
-0.0453115 -0.3675421125 0.488458
0.0612123125 -0.2798083375 0.488458
0.045994625 -0.1920745625 0.488458
0.0764299875 -0.3724403125 0.3348844375
-0.014876125 -0.0604739 0.351931
-0.0909645625 -0.0604739 0.260913
-0.0605291875 -0.0604739 0.351931
-0.0862090351563 -0.0604739 0.3035776875
-0.0318771580566 -0.0604739 0.243491585937
0.0459945875 -0.0604739 0.306422
-0.06052923125 0.0352944625 0.124386
0.00034149375 0.0352944625 0.124386
-0.0586270101563 -0.0604739 0.164206375
-0.014876175 -0.0604739 0.169895
0.07642995 -0.2053912125 0.1656813125
-0.2279225 -0.2066361875 0.4034569375
-0.212704875 -0.19536303125 0.399151972656
-0.1061815 -0.20117471875 0.40162034375
-0.2279225 -0.225006109375 0.407341046875
-0.1061815 -0.226747375 0.40751746875
-0.243140125 -0.210959652344 0.404641355469
-0.1061815 -0.212934359375 0.405130546875
-0.2279225 -0.2357659375 0.408187375
-0.121399125 -0.234513359375 0.408049453125
-0.2279225 -0.254242375 0.40657625
-0.2279225 -0.2611086875 0.4050896875
-0.0833550625 -0.264419613281 0.404234246094
-0.1061815 -0.255733125 0.406380125
-0.2279225 -0.24428346875 0.40775390625
-0.1061815 -0.24502884375 0.40765584375
-0.2279225 -0.27082203125 0.402151609375
-0.1061815 -0.269099 0.40292903125
-0.2279225 -0.283815296875 0.39653596875
-0.1061815 -0.279315234375 0.39874034375
-0.2279225 -0.30415165625 0.382619992188
-0.1061815 -0.303506125 0.38322309375
-0.1061815 -0.298063625 0.38766521875
-0.2279225 -0.293107125 0.39107184375
-0.1061815 -0.2907735625 0.392548171875
-0.1061815 -0.31021721875 0.377180625
-0.2279225 -0.313154875 0.3737415
-0.2279225 -0.319413632813 0.365748234375
-0.1061815 -0.316844734375 0.36930065625
-0.2279225 -0.326344015625 0.3551535625
-0.1061815 -0.3292400625 0.349600125
-0.1061815 -0.32381746875 0.35920140625
-0.243140125 -0.331670785156 0.343475554687
-0.2279225 -0.3362353125 0.3292203125
-0.121399125 -0.335810054688 0.330991804688
-0.1061815 -0.333689875 0.33813915625
-0.2279225 -0.331932875 0.34309975
-0.2279225 -0.338464445312 0.311793335938
-0.1061815 -0.33793734375 0.32112003125
-0.1061815 -0.33884290625 0.3101164375
-0.2279225 -0.336744 0.2849495
-0.090963875 -0.335898039063 0.281088710937
-0.1061815 -0.33778159375 0.29061890625
-0.2279225 -0.33846825 0.29583675
-0.1061815 -0.3388231875 0.301348375
-0.2279225 -0.333062375 0.2718034375
-0.1061815 -0.3338399375 0.2735261875
-0.2279225 -0.324960796875 0.254454515625
-0.1061815 -0.329650671875 0.263311140625
-0.2279225 -0.316355125 0.2418408125
-0.090963875 -0.313848488281 0.238784957031
-0.1061815 -0.319853546875 0.246421109375
-0.1061815 -0.32565240625 0.25550796875
-0.2279225 -0.307106476563 0.231798804687
-0.1061815 -0.308581234375 0.232981015625
-0.2279225 -0.295585375 0.22234565625
-0.1061815 -0.3002116875 0.225780265625
-0.2279225 -0.27861871875 0.2126858125
-0.090963875 -0.274997855469 0.211100855469
-0.1061815 -0.283815296875 0.215178765625
-0.2279225 -0.28844 0.217690125
-0.1061815 -0.293107125 0.22064246875
-0.2203136875 -0.264178425781 0.207513191406
-0.1061815 -0.267669453125 0.208320671875
-0.2279225 -0.251260875 0.20474621875
-0.1061815 -0.2569425 0.205705734375
-0.2279225 -0.232509234375 0.20378309375
-0.1061815 -0.230639625 0.203910492187
-0.2279225 -0.242780375 0.20384225
-0.1061815 -0.244778328125 0.204078359375
-0.212704875 -0.222343609375 0.204578271484
-0.121399125 -0.222641640625 0.204658257813
-0.243140125 -0.213832289063 0.206287597656
-0.2279225 -0.20448584375 0.208935234375
-0.1061815 -0.21000825 0.20728625
-0.2279225 -0.193024875 0.2133849375
-0.1061815 -0.1894178125 0.2151344375
-0.1061815 -0.1972036875 0.21165384375
-0.2279225 -0.18168690625 0.219826
-0.1061815 -0.18021559375 0.220773765625
-0.212704875 -0.162912796875 0.235190328125
-0.1061815 -0.166865640625 0.231348984375
-0.2279225 -0.17062675 0.228033203125
-0.2279225 -0.15779775 0.241058
-0.1061815 -0.156691265625 0.242414046875
-0.2279225 -0.143885625 0.263311140625
-0.1137903125 -0.141095261719 0.270227335937
-0.1061815 -0.14857525 0.254454515625
-0.2279225 -0.149718546875 0.2525135625
-0.2279225 -0.139696921875 0.2735261875
-0.2279225 -0.136890453125 0.28420409375
-0.1061815 -0.136792375 0.2849495
-0.2279225 -0.134693765625 0.3101164375
-0.1061815 -0.136067953125 0.322821203125
-0.1061815 -0.13455584375 0.307360875
-0.2279225 -0.134988875 0.29784715625
-0.090963875 -0.134666673828 0.302632304688
-0.1061815 -0.135068125 0.29583675
-0.2279225 -0.136420640625 0.325048
-0.2279225 -0.141005625 0.34145028125
-0.1061815 -0.141638890625 0.343081859375
-0.1061815 -0.138314875 0.3331054375
-0.2279225 -0.14726228125 0.35511778125
-0.1061815 -0.149289515625 0.3585765
-0.2279225 -0.156691265625 0.36930065625
-0.121399125 -0.159365601562 0.372454322266
-0.121399125 -0.154271453125 0.3661044375
-0.2279225 -0.1637009375 0.37750703125
-0.1061815 -0.1665909375 0.3802854375
-0.2279225 -0.18085834375 0.39133446875
-0.090963875 -0.1841864375 0.393466421875
-0.1061815 -0.17611596875 0.38805915625
-0.2279225 -0.17003034375 0.38322309375
-0.1061815 -0.1909891875 0.397359
-0.0197239293203 0.705673 0.0294736973437
-0.126992209375 -0.411409 0.02056586875
-0.1921829375 -0.411409 -0.073010675
-0.2282636875 -0.411409 -0.0471546
-0.136377742773 0.705673 -8.70013671875e-05
-0.175313 0.705673 -0.052679025
-0.2145165 0.705673 -0.0743460625
-0.2145165 0.705673 -0.0304793125
-0.232642625 -0.411409 -0.09672755
-0.177166681641 -0.411409 -0.376171148437
-0.215394322266 -0.411409 -0.355646726562
-0.228568875 -0.411409 -0.406163625
-0.19576565625 0.705673 -0.375319
-0.23184640625 0.705673 -0.35730825
-0.23013025 0.705673 -0.4043355
-0.042162074375 0.705673 -0.48814765625
0.117603475 -0.2279068625 0.121146
0.121677943359 -0.0922484882813 0.120825375
0.109668983984 -0.18180045625 0.121770375
0.0215622762812 -0.411409 0.0924571978125
0.00034149375 -0.411409 0.169895
0.0536033984375 -0.408811636719 0.225376566406
0.008901446875 -0.411409 0.2523800625
0.0459945625 -0.411409 0.260913
0.0764299386719 -0.32075095625 0.157797962891
-0.34243290625 -0.411409 -0.15400561875
-0.376546226563 -0.411409 -0.269999637109
-0.34008865625 -0.411409 -0.303276
-0.410534 -0.27177375 -0.270414875
-0.410534 -0.27177375 -0.18268125
-0.410534 -0.1321385 -0.270414875
-0.410534 -0.1321385 -0.18268125
-0.37445325 -0.411409 -0.3322925
-0.410534 -0.280500953125 -0.322164079102
-0.3757094375 -0.411409 -0.1228536625
-0.410534 -0.27177375 -0.1388145
0.024137240625 -0.27177375 -0.57680784375
0.027568371875 -0.1321385 -0.57653778125
-0.0387100947266 -0.280500953125 -0.576860376953
0.0029151390625 0.4264025 -0.577280453125
-0.00431713829346 0.294403552734 -0.577063664673
-0.045311075 0.56603775 -0.577483
-0.04187994375 0.28676725 -0.5772129375
-0.121399184375 0.4264025 -0.577483
-0.121399184375 0.56603775 -0.577483
-0.3713305 0.705673 -0.1610142125
-0.332127 0.705673 -0.139347175
-0.37616940625 0.705673 -0.28526525
-0.33009037793 0.705673 -0.290492661133
-0.410534 0.4264025 -0.270414875
-0.410534 0.418766197266 -0.191591683594
-0.410534 0.28676725 -0.270414875
-0.410534 0.28676725 -0.18268125
-0.410534 0.574764953125 -0.304685871094
-0.410534 0.30422165625 -0.315652589844
-0.410534 0.4264025 -0.358148625
-0.410534 0.46579035 -0.14429784375
-0.410534 0.28676725 -0.1388145
-0.410534 0.3306341375 -0.09494775
-0.37445325 0.705673 -0.3322925
-0.410534 0.56603775 -0.358148625
-0.410534 0.6099046375 -0.1388145
-0.3713305 0.705673 -0.1171474625
-0.410534 0.6099046375 -0.09494775
-0.410534 0.373265829688 -0.103172765625
-0.410534 0.514136275 -0.09494775
0.0877022 0.474015391406 0.123424125
0.0995900359375 0.331638460938 0.1225635
0.00321794009766 0.621875682813 0.117357218555
-0.0295558296719 0.705673 0.103970741094
-0.0148761875 0.514136275 0.124386
0.0212658054687 0.430338957813 0.124386
0.0841499453125 0.373496701563 0.1237785
-0.372891875 -0.411409 -0.509588125
-0.336811125 -0.411409 -0.483732
-0.410534 -0.27177375 -0.48974925
-0.37445325 -0.411409 -0.463893125
-0.410534 -0.25431934375 -0.447253214844
-0.273575403125 -0.27177375 -0.577483
-0.212704915625 -0.27177375 -0.577483
-0.333019238574 -0.136502101563 -0.577483
-0.254077825098 -0.145229304688 -0.577483
-0.273575403125 0.00749675 -0.577483
-0.410534 -0.1321385 -0.533616125
-0.410534 -0.1321385 -0.445882375
-0.410534 0.00749675 -0.48974925
-0.3496635125 0.00749675 -0.577483
-0.410534 0.00749675 -0.533616125
-0.1366176375 -0.411409 0.169895
-0.22792325 -0.411409 0.169895
-0.258358375 -0.411409 0.215404
-0.231727640625 -0.411409 0.24953575
-0.197488125 -0.411409 0.260913
-0.37445325 -0.411409 0.054663175
-0.3383725 -0.411409 0.0288071
-0.410534 -0.27177375 0.0366525
-0.37445325 -0.411409 0.010796425
-0.410534 -0.27177375 -0.00721425
-0.410534 -0.223427825 0.08600259375
-0.410534 -0.139774802734 -0.015439265625
-0.410534 -0.0882716125 0.0366525
-0.380098875 -0.411409 0.169895
-0.410534 -0.184039975 0.08051925
-0.410534 -0.38561475 0.21306475
-0.372891875 0.705673 -0.509588125
-0.336811125 0.705673 -0.483732
-0.345906714601 0.558401447266 -0.570410619141
-0.308745075562 0.56603775 -0.570120625
-0.410534 0.56603775 -0.533616125
-0.37445325 0.705673 -0.463893125
-0.410534 0.56603775 -0.48974925
-0.364881134375 0.4264025 -0.577483
-0.409656874081 0.422038898438 -0.544810516602
-0.3344461875 -0.1043407875 0.488458
-0.410534 0.0261785958984 0.448498425781
-0.380098875 0.131062825 0.488458
-0.3648813125 -0.1920745625 0.488458
-0.315424234375 -0.137240953125 0.488458
-0.2431408125 0.0352944625 0.488458
-0.2127056875 -0.1043407875 0.488458
-0.167053 0.131062825 0.442949
-0.197488125 0.2268311875 0.488458
-0.167053 0.2268311875 0.442949
-0.258358375 0.131062825 0.488458
-0.223167761719 0.238802232813 0.488458
-0.167053 0.0352944625 0.39744
-0.167053 0.2268311875 0.39744
-0.167053 0.131062825 0.351931
-0.142324242188 -0.175624479688 0.488458
-0.0895379042969 -0.105711627734 0.488458
-0.10618225 -0.1920745625 0.488458
-0.10618225 -0.0604739 0.442949
-0.167053 0.0382872238281 0.362241632812
-0.167053 0.6099046375 0.442949
-0.167053 0.514136275 0.442949
-0.2431408125 0.705673 0.442949
-0.218412273438 0.621875682813 0.488458
-0.167053 0.6099046375 0.39744
-0.380098875 0.514136275 0.488458
-0.380098875 0.4183679125 0.488458
-0.34966375 0.6099046375 0.488458
-0.354419238281 0.406396867188 0.488458
-0.307815453125 0.621875682813 0.488458
-0.410534 0.6099046375 0.39744
-0.410534 0.597933592187 0.34197590625
-0.410534 0.526107320312 0.34197590625
-0.410534 0.3996011375 0.3932905
-0.3713305 0.705673 0.0583195375
-0.33193539209 0.705673 0.037107011084
-0.410534 0.6099046375 0.08051925
-0.3713305 0.705673 0.0144527875
-0.410534 0.6099046375 0.0366525
-0.34966375 0.705673 0.260913
-0.410534 0.6099046375 0.169895
-0.410534 0.6099046375 0.215404
-0.410534 0.502165229688 0.072294234375
-0.410534 0.526107320312 0.15993990625
-0.1366176375 0.6099046375 0.124386
-0.167053 0.6099046375 0.215404
-0.167053 0.502165229688 0.15993990625
-0.167053 0.514136275 0.260913
-0.167053 0.415375151172 0.205804445312
-0.217936724609 0.705673 0.16847284375
-0.167053 0.6099046375 0.260913
-0.167053 0.4183679125 0.169895
-0.410534 -0.0040933875 0.08600259375
-0.410534 0.113106257031 0.077777578125
-0.410534 0.0884311328125 0.044877515625
-0.410534 0.2268311875 0.0366525
-0.410534 -0.047960275 0.08600259375
-0.410534 0.131062825 0.169895
-0.410534 0.02121938125 0.200914625
-0.410534 0.2268311875 0.215404
-0.410534 0.2268311875 0.08051925
-0.410534 0.2268311875 0.169895
-0.410534 -0.150499395312 0.1480104375
-0.380098875 -0.411409 0.39744
-0.339201675781 -0.411409 0.4401046875
-0.343006066406 -0.411409 0.3604639375
-0.380098875 -0.323675225 0.488458
-0.123302166406 -0.411409 0.346242375
-0.0871601671875 -0.411409 0.38606275
-0.202540812744 -0.411409 0.431393980469
-0.22792325 -0.3675421125 0.488458
-0.136617625 -0.3675421125 0.488458
-0.197488125 -0.2798083375 0.488458
0.030776925 -0.411409 0.442949
0.049799025 -0.411409 0.40881725
0.0003415625 -0.3675421125 0.488458
0.0350569121094 -0.333271106641 0.488458
0.0289936147461 -0.284948988379 0.488458
0.045994625 -0.1043407875 0.488458
-0.003462859375 -0.0604739 0.43157175
0.0392477205811 -0.156347038892 0.488458
0.0459946125 -0.0604739 0.39744
0.0293502607422 -0.0604739 0.35050884375
-0.110937800391 0.0472655078125 0.124386
-0.110937800391 0.238802232813 0.124386
-0.165626341797 0.0233234171875 0.17985009375
-0.167053 0.0352944625 0.215404
-0.1366176375 0.2268311875 0.124386
-0.167053 0.131062825 0.169895
-0.1061822625 -0.0604739 0.169895
0.081576596875 -0.00807026328125 0.123981
0.08672329375 -0.0524393125 0.123576
0.0459945375 0.0352944625 0.124386
0.085007728125 0.0882002609375 0.123711
0.0293502107422 -0.0604739 0.16847284375
0.0494423151855 -0.0604739 0.203671210937
0.076429925 -0.1543773125 0.144916375
-0.410534 -0.20729205 0.190028179688
-0.410534 -0.011622475 0.36431175
-0.410534 -0.0214328625 0.29253184375
0.07643 -0.260265925 0.424462
-0.2929235 0.705673 -0.0738133875
-0.2929235 0.705673 -0.0299466375
-0.332127 0.705673 -0.051613675
-0.234261230469 0.705673 0.0681929777344
-0.304804125 -0.411409 -0.08888215
-0.3035479375 -0.411409 -0.0429655625
-0.3396286875 -0.411409 -0.0609762375
-0.30229175 -0.411409 -0.368314
-0.30229175 -0.411409 -0.412180875
-0.3383725 -0.411409 -0.394170125
-0.30229175 0.705673 -0.368314
-0.30229175 0.705673 -0.412180875
-0.3383725 0.705673 -0.394170125
0.100876710156 0.0942262015625 0.12246225
0.103450058594 0.0004664859375 0.12225975
0.0965877960938 0.140101735938 0.12279975
-0.0757469125 -0.411409 0.215404
-0.0719424921875 -0.411409 0.27229025
-0.106182275 -0.411409 0.260913
0.000341525 -0.411409 0.351931
-0.410534 0.00749675 -0.31428175
-0.410534 -0.14959290625 -0.356777785156
-0.410534 0.00749675 -0.1388145
-0.410534 -0.1321385 -0.09494775
-0.410534 -0.00995765625 -0.359519464844
-0.410534 0.00749675 -0.09494775
-0.031164644751 0.0151330527344 -0.576912281982
-0.118825835938 -0.1321385 -0.577280453125
-0.118825835938 0.00749675 -0.577280453125
-0.2279225375 0.28676725 -0.577483
-0.212704915625 0.4264025 -0.577483
-0.288793025 0.28676725 -0.577483
-0.410534 0.28676725 -0.445882375
-0.410534 0.4264025 -0.445882375
-0.410534 0.28676725 -0.48974925
-0.410534 0.0997095625 -0.00173090625
-0.410534 0.134618375 -0.01269759375
-0.410534 0.00343903828125 0.044877515625
-0.410534 0.526107320312 0.0037524375
-0.410534 0.431835338477 -0.0164673925781
-0.410534 0.430338957813 0.0476191875
-0.0757469125 0.514136275 0.124386
-0.09096459375 0.4183679125 0.124386
0.0212658054687 0.238802232813 0.124386
-0.319228625 -0.411409 0.215404
-0.3344461875 -0.411409 0.260913
-0.244567458984 -0.411409 0.35335315625
-0.34966375 0.2268311875 0.488458
-0.2431408125 -0.1920745625 0.488458
-0.319228625 0.2268311875 0.488458
-0.410534 0.208112010254 0.423087240234
-0.3344461875 -0.2798083375 0.488458
-0.315424234375 -0.312708503125 0.488458
-0.22792325 0.4183679125 0.488458
-0.252651789063 0.430338957813 0.488458
-0.167053 0.4183679125 0.39744
-0.167053 0.406396867188 0.33913159375
-0.258358375 0.514136275 0.488458
-0.167053 0.514136275 0.351931
-0.167053 0.2268311875 0.260913
-0.167053 0.131062825 0.260913
-0.167053 0.2268311875 0.215404
-0.0909645625 -0.2798083375 0.488458
-0.0652847148438 -0.315450183594 0.488458
0.0003415625 -0.1920745625 0.488458
-0.014876125 -0.148207675 0.488458
-0.0808590668945 -0.0604739 0.405617398437
-0.10618225 -0.0604739 0.351931
-0.313997587891 0.705673 0.41023940625
-0.3344461875 0.705673 0.351931
-0.2431408125 0.705673 0.260913
-0.410534 0.514136275 0.260913
-0.410534 0.4183679125 0.260913
-0.410534 0.4183679125 0.215404
-0.410534 0.2080644125 0.3022725
-0.0186805671875 -0.0604739 0.27229025
0.0269724703125 -0.0604739 0.24953575
-0.0258138744141 -0.0604739 0.20260459375
0.211488238281 0.635855375 -0.0228357777734
0.229038136719 -0.341591375 -0.0356018359375
0.198445378906 -0.341591375 -0.0149117931836
0.18418425 0.635855375 -0.00682028152344
0.16933640625 0.635855375 -0.00072114890625
0.1706544375 -0.341591375 -0.00136891085937
0.15548353125 -0.341591375 0.0051184653125
0.140766127734 0.635855375 0.00923200730469
0.125716941016 -0.341591375 0.0128693283594
0.104733476953 0.635855375 0.0163114982812
0.0913797640625 -0.341591375 0.017220724375
0.0755311210937 -0.341591375 0.0183735460937
0.0685055166562 0.635855375 0.0177971352344
0.0472272663359 -0.341591375 0.0162407803125
0.0283410041094 0.635855375 0.0129636189844
0.0220917812969 -0.341591375 0.0111972475
0.00537640899219 -0.341591375 0.00761923773438
-0.00899172701172 0.635855375 0.00245530371094
-0.0234999954102 -0.341591375 -0.00356670097656
-0.0379977107578 0.635855375 -0.0102205188281
-0.051659296875 0.635855375 -0.018647628125
-0.0503605340156 -0.341591375 -0.0179620689062
-0.0645261328125 -0.341591375 -0.02642235
-0.0768305476562 0.635855375 -0.0362203554687
-0.0881947804688 -0.341591375 -0.04583349375
-0.104093829297 0.635855375 -0.0618810984375
-0.112946911328 -0.341591375 -0.0722289429688
-0.127165964844 0.635855375 -0.0913900546875
-0.134542763672 -0.341591375 -0.103719792187
-0.143298308594 0.635855375 -0.118794740625
-0.153555402344 0.635855375 -0.144419148438
-0.148749335938 -0.341591375 -0.13232454375
-0.158241804687 -0.341591375 -0.158804257812
-0.16119759375 0.635855375 -0.17071259375
-0.164845578125 -0.341591375 -0.185301015625
-0.166524019531 0.635855375 -0.200937113281
-0.167797089844 -0.341591375 -0.216219667969
-0.167749949219 0.635855375 -0.237775386719
-0.166512234375 -0.341591375 -0.253208164063
-0.163117421875 0.635855375 -0.275094144531
-0.159438376953 -0.341591375 -0.290365710937
-0.155134113281 0.635855375 -0.305725796875
-0.147782203613 0.61840096875 -0.323245802734
-0.146352675781 -0.341591375 -0.326805070312
-0.139589617188 0.635855375 -0.341658984375
-0.131080515625 0.635855375 -0.355094140625
-0.127441589844 -0.341591375 -0.361346863281
-0.113800196094 0.635855375 -0.379922597656
-0.108540015625 -0.341591375 -0.386117640625
-0.0985958640625 -0.341591375 -0.397760671875
-0.0879357390625 0.635855375 -0.407421808594
-0.0761783492187 -0.341591375 -0.417494636719
-0.0590449429687 0.635855375 -0.430088136719
-0.047559646875 -0.341591375 -0.436961234375
-0.0339619340156 -0.341591375 -0.445183929687
-0.027440331375 0.635855375 -0.447859777344
-0.00777446042578 -0.341591375 -0.45613265625
0.0105411226289 0.635855375 -0.461786851562
0.0169110374297 -0.341591375 -0.4630503125
0.0334288407422 -0.341591375 -0.467451070312
0.0490247038359 0.635855375 -0.469431589844
0.0643111639219 -0.341591375 -0.470610660156
0.0800248453125 0.635855375 -0.471304875
0.096457903125 0.635855375 -0.469823273437
0.103007121094 -0.341591375 -0.469425974609
0.126649922656 0.635855375 -0.465681505859
0.141926982031 -0.341591375 -0.462025746094
0.156330039063 0.635855375 -0.45791515625
0.173217243164 0.61840096875 -0.450735914063
0.173050708008 -0.35904578125 -0.450906700195
0.184621140625 -0.341591375 -0.446145953125
0.197658847656 0.635855375 -0.438762851563
0.210871941406 -0.341591375 -0.43069328125
0.228338464844 0.635855375 -0.418061078125
0.239953574219 -0.341591375 -0.4080476875
0.2516168125 0.635855375 -0.3974988125
0.2617898125 0.635855375 -0.385660609375
0.2612758125 -0.341591375 -0.385973
0.271782140625 -0.341591375 -0.374034023438
0.280084859375 0.635855375 -0.361745058594
0.288311023437 -0.341591375 -0.348276160156
0.298878132812 0.635855375 -0.327795246094
0.30149390625 -0.341591375 -0.321050078125
0.30779615625 -0.341591375 -0.306449039062
0.31189496875 0.635855375 -0.292195769531
0.315556617187 -0.341591375 -0.276843816406
0.319277789062 0.635855375 -0.254099558594
0.31968121875 -0.341591375 -0.246876078125
0.321163171875 -0.341591375 -0.231041914062
0.32118675 0.635855375 -0.222952984375
0.319704796875 0.635855375 -0.206519992188
0.319307261719 -0.341591375 -0.199970826172
0.315562511719 0.635855375 -0.176328076172
0.331936375 -0.411409 -0.118673725
0.311906757812 -0.341591375 -0.161051015625
0.30779615625 0.635855375 -0.146647960937
0.30149390625 0.635855375 -0.132046903125
0.298878132812 -0.341591375 -0.125301749219
0.288311039062 0.635855375 -0.104820721094
0.280084867188 -0.341591375 -0.0913516515625
0.271782265625 0.635855375 -0.0790626171875
0.259735724609 0.61840096875 -0.06522050625
0.26179034375 -0.341591375 -0.06743615625
0.251846203125 -0.341591375 -0.0557932195313
0.240795652344 0.635855375 -0.0456749167969
0.192762953125 -0.341591375 -0.556893890625
0.216274916504 -0.350318578125 -0.54642702832
0.243908957031 -0.341591375 -0.534035953125
0.265285858643 -0.350318578125 -0.519970666992
0.2904123125 -0.341591375 -0.5036111875
0.30858271582 -0.350318578125 -0.487291706055
0.330895945312 -0.341591375 -0.467093242187
0.34684964502 -0.350318578125 -0.44694314502
0.366050367187 -0.341591375 -0.422733960937
0.377774811035 -0.350318578125 -0.402925243652
0.392572289062 -0.341591375 -0.37752215625
0.401333936035 -0.350318578125 -0.354810664063
0.412063390625 -0.341591375 -0.326605296875
0.417416148437 -0.350318578125 -0.30143134082
0.423635179687 -0.341591375 -0.271791515625
0.424821043457 -0.350318578125 -0.246229887695
0.426354773438 -0.341591375 -0.2162863125
0.423790603027 -0.350318578125 -0.191894660937
0.4204409375 -0.341591375 -0.161672698437
0.414796292969 -0.350318578125 -0.13954939502
0.407389375 -0.341591375 -0.111347004688
0.396886685059 -0.350318578125 -0.0878312814941
0.384310988281 -0.341591375 -0.0598377347656
0.370245685791 -0.350318578125 -0.0380546604736
0.353493210937 -0.341591375 -0.012566134375
0.338420409668 -0.350318578125 0.00458391572266
0.319017609375 -0.341591375 0.0263505398437
0.298983196289 -0.350318578125 0.042534640625
0.275068734375 -0.341591375 0.0617673292969
0.252751780273 -0.350318578125 0.0747655015381
0.226567484375 -0.341591375 0.0897950804688
0.202795580566 -0.350318578125 0.0987161597168
0.165594602734 -0.341591375 0.11159671875
0.129612434375 -0.341591375 0.120201
-0.410534 -0.341591375 -0.23751471875
0.0854366195312 -0.341591375 -0.576774085937
0.04599465625 -0.411409 -0.577483
0.109556415088 -0.350318578125 -0.57432717041
0.163585036621 -0.350318578125 -0.564804581543
0.139276382812 -0.341591375 -0.571253835937
0.2452185 0.635855375 0.0798222816406
0.264844685547 0.644582578125 0.0674182389893
0.289574953125 0.635855375 0.0514967507813
0.307692595703 0.644582578125 0.0352384429199
0.330057765625 0.635855375 0.0149784578125
0.346605236816 0.644582578125 -0.00586655727539
0.365910785156 0.635855375 -0.0301981160156
0.377766533447 0.644582578125 -0.0501607093994
0.392573125 0.635855375 -0.0755746765625
0.40129240625 0.644582578125 -0.0979672129883
0.4118954375 0.635855375 -0.125215578125
0.417260645508 0.644582578125 -0.149904321289
0.423584960937 0.635855375 -0.17938059375
0.424979789551 0.644582578125 -0.205279289063
0.426472507813 0.635855375 -0.235742890625
0.423797955566 0.644582578125 -0.261135194336
0.420440914062 0.635855375 -0.291424296875
0.414796231934 0.644582578125 -0.313547592773
0.407389242188 0.635855375 -0.34174996875
0.397218005371 0.644582578125 -0.364877081055
0.385008640625 0.635855375 -0.392441117188
0.371442283203 0.644582578125 -0.41371804541
0.355592226563 0.635855375 -0.438383523438
0.338772137207 0.644582578125 -0.457235972168
0.318642578125 0.635855375 -0.479678421875
0.298509416504 0.644582578125 -0.496029354492
0.274740613281 0.635855375 -0.51514259375
0.252730420166 0.644582578125 -0.527879
0.226566648438 0.635855375 -0.5428913125
0.203277624902 0.644582578125 -0.551774698242
0.174803271094 0.635855375 -0.562517296875
0.147569319336 0.644582578125 -0.567922090332
0.114815680859 0.635855375 -0.574461675781
0.082774940625 0.635855375 -0.5703710625
0.05062413125 0.635855375 -0.57050609375
0.0497327339141 0.705673 -0.565429375
-0.410534 0.646822096875 -0.204614625
-0.410534 0.635855375 -0.25944815625
0.0820332894531 0.632611532813 0.123795375
0.0773353685547 0.664276503125 0.123964734375
0.108939883691 0.644582578125 0.121279164063
0.138847491406 0.635855375 0.1181914375
0.163558292432 0.644582578125 0.111710206934
0.216970621094 0.644582578125 0.0927368033691
0.19276309375 0.635855375 0.103797021875
-0.364881134375 -0.341591375 -0.577483
-0.410534 -0.341591375 -0.54458284375
-0.410534 -0.341591375 -0.577483
-0.410534 -0.341591375 0.0914859375
-0.410534 0.635855375 -0.56651628125
-0.40292521875 -0.014935565625 0.4822506875
-0.172759523438 -0.0245607640625 0.4856136875
-0.193683734375 0.65778881875 0.488458
-0.406729609375 0.656615895313 0.47966571875
-0.410534 0.642825012109 0.123854542969
-0.167053 0.65778881875 0.15851775
-0.163010926389 0.669759864062 0.130105571768
-0.410534 -0.023556440625 0.10793596875
-0.410534 -0.00365773203125 0.158931132812
-0.159444159375 -0.01258971875 0.124386
0.0764299 -0.01258971875 0.124386
-0.38009875 -0.209684578125 0.404400953125
-0.38009875 -0.225059480469 0.407384699219
-0.38009875 -0.241274195312 0.4079413125
-0.38009875 -0.257605445313 0.4058498125
-0.38009875 -0.270229203125 0.402556664063
-0.38009875 -0.281759416016 0.397334615234
-0.38009875 -0.29784659375 0.388005695313
-0.38009875 -0.306949226563 0.379895216797
-0.38009875 -0.321792871094 0.362448898438
-0.38009875 -0.329804816406 0.348134109375
-0.38009875 -0.335322296875 0.332686882813
-0.38009875 -0.338723455078 0.310412681641
-0.38009875 -0.337011460938 0.287453007812
-0.38009875 -0.332142613281 0.269313417969
-0.38009875 -0.327215007813 0.257945210937
-0.38009875 -0.31773 0.243949921875
-0.38009875 -0.305156576172 0.229997646484
-0.38009875 -0.29560578125 0.222104523438
-0.38009875 -0.280801207031 0.213940921875
-0.38009875 -0.263263416016 0.207217673828
-0.38009875 -0.244940686523 0.204216680664
-0.38009875 -0.219217109375 0.205055886719
-0.38009875 -0.202643191406 0.209820923828
-0.38009875 -0.185874523437 0.217271273437
-0.38009875 -0.172609734375 0.226378253906
-0.38009875 -0.160991210938 0.237334257813
-0.38009875 -0.151327042969 0.249813382813
-0.38009875 -0.14291596582 0.265735515625
-0.38009875 -0.137437765625 0.28226171875
-0.410534 -0.080726028125 0.296708273438
-0.38009875 -0.135196085938 0.294710882813
-0.38009875 -0.134904753906 0.312609941406
-0.38009875 -0.1373973125 0.32945246875
-0.38009875 -0.140991007813 0.34151765625
-0.38009875 -0.147855652344 0.356217761719
-0.38009875 -0.156698144531 0.369369296875
-0.38009875 -0.169667667969 0.382771210937
-0.38009875 -0.189463195312 0.396101683594
0.04599475 -0.186070945313 0.394540734375
0.04599475 -0.172609734375 0.385335773438
0.04599475 -0.160991210938 0.374380050781
0.04599475 -0.151189277344 0.361620351562
0.04599475 -0.143525066406 0.347610136719
0.04599475 -0.138146382812 0.332445585938
0.04599475 -0.135191160156 0.316565289063
0.04599475 -0.134427773438 0.30422953125
0.04599475 -0.136524921875 0.287453007812
0.04599475 -0.141394068359 0.269313417969
0.04599475 -0.147936554687 0.255327582031
0.04599475 -0.156698144531 0.242345433594
0.04599475 -0.167769898438 0.230486203125
0.04599475 -0.180243351562 0.220710644531
0.04599475 -0.196719140625 0.211971636719
0.04599475 -0.219571300781 0.20540978418
0.04599475 -0.241648425781 0.203792566406
0.04599475 -0.257064800781 0.205704820313
0.04599475 -0.272968322266 0.210334646484
0.04599475 -0.293887554687 0.221483457031
0.04599475 -0.312388060547 0.237181001953
0.04599475 -0.325966138672 0.256611466797
0.04599475 -0.335325054688 0.278996585937
0.04599475 -0.338340203125 0.294710882813
0.04599475 -0.338606205078 0.312716841797
0.04599475 -0.334116664063 0.336068597656
0.04599475 -0.325060144531 0.357079328125
0.04599475 -0.313309607422 0.373499859375
0.04599475 -0.300010421875 0.385976441406
0.04599475 -0.284783615234 0.39581028125
0.04599475 -0.26689359375 0.403640351562
0.04599475 -0.249962324219 0.406917855469
0.04599475 -0.231638601562 0.40789228125
0.04599475 -0.215980980469 0.405902339844
0.04599475 -0.201053789062 0.401602148438
0.216239667969 0.216949625 -0.0262162039062
0.210819960937 0.077314375 -0.0224813832422
0.19835203125 0.077314375 -0.0149786829688
0.230304019531 0.077314375 -0.0369303398437
0.235079945312 0.216949625 -0.0407930929687
0.241810484863 0.19949521875 -0.0466575837402
0.192683296875 0.216949625 -0.0112566285547
0.18272146875 0.077314375 -0.00606172390625
0.1750966875 0.216949625 -0.00320888960937
0.16214690625 0.077314375 0.0023584971875
0.163008984375 0.216949625 0.00210318179687
0.14961 0.077314375 0.006431951875
0.139809370703 0.216949625 0.00922002621094
0.127447991797 0.077314375 0.01226029
0.116444347363 0.23440403125 0.0143641927344
0.0973936023437 0.077314375 0.0168890283594
0.104875902344 0.216949625 0.01625312625
0.0827212210937 0.216949625 0.0180906742187
0.0746323609375 0.077314375 0.0184442640625
0.0623639295469 0.077314375 0.01738461375
0.0638471078125 0.216949625 0.0173127765625
0.0428071796953 0.077314375 0.0154213334375
0.0514215241484 0.216949625 0.0165707975
0.0270520388125 0.216949625 0.0124365253125
0.0194026686172 0.077314375 0.0109868389844
0.00669818003125 0.077314375 0.0074532134375
-0.00260204437891 0.216949625 0.00456772253906
-0.0168014971992 0.077314375 -0.000843117148437
-0.0294129659297 0.216949625 -0.00595225835937
-0.03947120625 0.077314375 -0.010958065625
-0.0462608840156 0.216949625 -0.0154497439063
-0.05484489375 0.077314375 -0.020379284375
-0.0558057492187 0.23440403125 -0.0209681105469
-0.0654746953125 0.077314375 -0.0276652140625
-0.0718939875 0.216949625 -0.03259140625
-0.0836522296875 0.077314375 -0.041892003125
-0.082024921875 0.216949625 -0.0405639796875
-0.094163840625 0.216949625 -0.05086969375
-0.095991946875 0.077314375 -0.05243103125
-0.103582207031 0.077314375 -0.0611372921875
-0.104417678906 0.216949625 -0.06222415
-0.114242578125 0.077314375 -0.07394498125
-0.115355785937 0.216949625 -0.07611694375
-0.125822445312 0.216949625 -0.0896024578125
-0.127637035156 0.077314375 -0.09215874375
-0.135139828125 0.077314375 -0.10462681875
-0.138861996094 0.216949625 -0.1102956375
-0.144056859375 0.077314375 -0.12025753125
-0.146909460938 0.216949625 -0.12788229375
-0.152476625 0.077314375 -0.140832078125
-0.152221304688 0.216949625 -0.139970015625
-0.1565500625 0.077314375 -0.1533688125
-0.15757134375 0.216949625 -0.1568170625
-0.162389835938 0.077314375 -0.175073632812
-0.161081507813 0.216949625 -0.169221859375
-0.16484503125 0.216949625 -0.18469446875
-0.1661118125 0.077314375 -0.19420009375
-0.167114371094 0.216949625 -0.208441496094
-0.167820113281 0.077314375 -0.221904503906
-0.167419417969 0.216949625 -0.239580371094
-0.167101765625 0.077314375 -0.245714625
-0.16559928125 0.077314375 -0.25881553125
-0.1651300625 0.216949625 -0.262381125
-0.161081017578 0.077314375 -0.283323703125
-0.163278398437 0.216949625 -0.274524195312
-0.158006957031 0.216949625 -0.29657903125
-0.154636140625 0.077314375 -0.30729653125
-0.151262382813 0.216949625 -0.31470540625
-0.14604265625 0.077314375 -0.327799109375
-0.147305388672 0.23440403125 -0.324996121094
-0.1400583125 0.077314375 -0.3395441875
-0.135197324219 0.216949625 -0.348331210938
-0.128839609375 0.077314375 -0.359020671875
-0.12377228125 0.216949625 -0.36755928125
-0.117946414063 0.077314375 -0.375176601562
-0.108911285156 0.216949625 -0.385646753906
-0.0989122101562 0.077314375 -0.396594085938
-0.0919356375 0.216949625 -0.4033873125
-0.0774441960938 0.077314375 -0.416166207031
-0.08222009375 0.216949625 -0.412303507813
-0.0633799007812 0.216949625 -0.426880230469
-0.0583766578125 0.077314375 -0.430442546875
-0.04715805 0.077314375 -0.437427875
-0.040239890625 0.216949625 -0.441667507812
-0.0331932496406 0.077314375 -0.445655
-0.0217807963828 0.077314375 -0.4502803125
-0.023069665875 0.216949625 -0.449542859375
-0.00346412218359 0.077314375 -0.45740921875
-0.0141291577295 0.23440403125 -0.453513242187
0.00533908886719 0.216949625 -0.4598853125
0.0246662316211 0.077314375 -0.465298925781
0.0185186028516 0.216949625 -0.4639196875
0.0342909083906 0.216949625 -0.467706382812
0.041677378125 0.077314375 -0.46894784375
0.0457550369883 0.23440403125 -0.46905640625
0.0575556375 0.077314375 -0.470149929688
0.0653449570312 0.216949625 -0.470432773438
0.070437975 0.077314375 -0.47064490625
0.038504875 -0.411409 -0.539698078125
-0.15099715625 -0.411409 -0.53667625
-0.20707419375 -0.411409 -0.5502785
0.090285721875 0.05985996875 -0.470591873047
0.0872149453125 0.216949625 -0.4707391875
0.101251303125 0.077314375 -0.469446148437
0.109384425 0.216949625 -0.469089265625
0.120464048438 0.077314375 -0.467227074219
0.129591915137 0.19949521875 -0.464831579834
0.148337949219 0.077314375 -0.459978984375
0.140334392188 0.216949625 -0.462456449219
0.161795429687 0.216949625 -0.45534609375
0.17050428125 0.077314375 -0.452095
0.1732806875 0.216949625 -0.450945
0.17930315625 0.077314375 -0.44824690625
0.1843863125 0.216949625 -0.446345
0.191027640625 0.077314375 -0.442881671875
0.199437402344 0.216949625 -0.437617789063
0.204857976562 0.077314375 -0.43440628125
0.214851717773 0.05985996875 -0.427709925781
0.223752878906 0.216949625 -0.421421203125
0.234229675781 0.077314375 -0.41293659375
0.245161515625 0.216949625 -0.40375409375
0.25210715625 0.077314375 -0.3971418125
0.2550300625 0.216949625 -0.3932855
0.262413515625 0.077314375 -0.385002773438
0.261866140625 0.216949625 -0.38571603125
0.2703864375 0.077314375 -0.37487178125
0.2762145625 0.216949625 -0.367070925781
0.280986609375 0.077314375 -0.360363523437
0.28776925 0.077314375 -0.3490253125
0.291663671875 0.216949625 -0.342940117188
0.296226 0.077314375 -0.3345053125
0.29781390625 0.216949625 -0.329934578125
0.30227615625 0.077314375 -0.319775789063
0.301976 0.216949625 -0.32062328125
0.306727875 0.077314375 -0.30767696875
0.307440746094 0.23440403125 -0.305664174805
0.312325671875 0.077314375 -0.290603179688
0.31179146875 0.216949625 -0.292626898438
0.3152728125 0.077314375 -0.27772375
0.317096296875 0.216949625 -0.270732835938
0.3188289375 0.077314375 -0.261300875
0.31946728125 0.216949625 -0.251392132813
0.320031421875 0.077314375 -0.245422414062
0.3205265625 0.077314375 -0.23253996875
0.320620875 0.216949625 -0.228944875
0.320473511719 0.05985996875 -0.212692150391
0.320620875 0.216949625 -0.215762921875
0.319327546875 0.077314375 -0.201726617188
0.31897040625 0.216949625 -0.193593546875
0.317108085938 0.077314375 -0.182513949219
0.314712624512 0.19949521875 -0.173386075928
0.309859984375 0.077314375 -0.154640050781
0.312337460938 0.216949625 -0.162643605469
0.30522709375 0.216949625 -0.141182570312
0.301976 0.077314375 -0.13247371875
0.298526 0.216949625 -0.1241445
0.29597390625 0.077314375 -0.118720153125
0.284523320312 0.077314375 -0.098504671875
0.28776925 0.216949625 -0.1040715375
0.280986609375 0.216949625 -0.0927331984375
0.267221390625 0.077314375 -0.0742293398438
0.2703866875 0.216949625 -0.07822493125
0.262414015625 0.216949625 -0.0680939796875
0.25548778125 0.077314375 -0.0602016453125
0.246761953125 0.077314375 -0.0507089414062
0.2521080625 0.216949625 -0.055955059375
0.221380140625 0.077314375 -0.545039765625
0.236543390625 0.216949625 -0.537010578125
0.203953125 0.077314375 -0.55240425
0.20554296875 0.216949625 -0.5517456875
0.173998265625 0.077314375 -0.562918171875
0.188410398438 0.216949625 -0.5586968125
0.249505671875 0.077314375 -0.530330125
0.266731660156 0.216949625 -0.52020825
0.3058766875 0.077314375 -0.4899613125
0.31246740625 0.216949625 -0.48442109375
0.270002480469 0.077314375 -0.518125
0.29700303125 0.216949625 -0.49807096875
0.28401259375 0.077314375 -0.50934240625
0.285975484375 0.216949625 -0.507666015625
0.328524125 0.077314375 -0.468937375
0.335475539062 0.216949625 -0.461938210937
0.346227909912 0.208222421875 -0.448674551025
0.37023271875 0.077314375 -0.41668190625
0.3806015 0.216949625 -0.398859992188
0.34581328125 0.077314375 -0.44983371875
0.37011240625 0.216949625 -0.416620609375
0.357718195312 0.077314375 -0.435686992187
0.362589890625 0.216949625 -0.429153796875
0.38185840625 0.077314375 -0.39564959375
0.391581304687 0.077314375 -0.377979960937
0.398416753906 0.216949625 -0.363412015625
0.419294890625 0.077314375 -0.296485671875
0.420669765625 0.216949625 -0.288452875
0.415009 0.077314375 -0.31491325
0.422754390625 0.216949625 -0.27054484375
0.405495964844 0.077314375 -0.346320859375
0.413104832031 0.216949625 -0.322411867188
0.42392671875 0.077314375 -0.2650854375
0.425863195312 0.216949625 -0.245199796875
0.42587965625 0.077314375 -0.2076768125
0.423792523437 0.216949625 -0.187164
0.426100335937 0.077314375 -0.241329140625
0.425746296875 0.216949625 -0.2076979375
0.42722996875 0.077314375 -0.2248324375
0.427027421875 0.216949625 -0.22225909375
0.421812933594 0.077314375 -0.1744504375
0.4191269375 0.216949625 -0.155335203125
0.414318492187 0.23440403125 -0.135307744141
0.3984173125 0.077314375 -0.0896848726562
0.391442285156 0.216949625 -0.0749532035156
0.381300140625 0.216949625 -0.0567925015625
0.41310484375 0.077314375 -0.130685130469
0.4054961875 0.216949625 -0.106776096094
0.380462410156 0.077314375 -0.0540727863281
0.368556671875 0.216949625 -0.0344512296875
0.365362945313 0.077314375 -0.0309141414063
0.355046210937 0.077314375 -0.0151094273437
0.350174453125 0.216949625 -0.0085761359375
0.337990125 0.216949625 0.0058976375
0.295463484375 0.077314375 0.0464675085937
0.288285375 0.216949625 0.0515371003906
0.308917142578 0.05985996875 0.034977087207
0.271003875 0.216949625 0.0631136453125
0.332889339844 0.077314375 0.011714634375
0.315255492187 0.216949625 0.0295636667969
0.269022640625 0.077314375 0.0651565292969
0.249506625 0.216949625 0.0772340859375
0.24505509375 0.077314375 0.0789358242188
0.228687625 0.077314375 0.0883341398438
0.22138084375 0.216949625 0.091943403125
0.2039535 0.216949625 0.0993075875
0.16646821875 0.077314375 0.11162925
0.159753732812 0.216949625 0.113102875
0.122409060547 0.213705782813 0.119957625
0.1913915 0.077314375 0.104365153516
0.180691640625 0.216949625 0.108214375
0.133611073047 0.077314375 0.11802959375
0.112992892383 0.101236256641 0.1215088125
0.105594515625 -0.18805726875 0.122091
0.10044781875 -0.145425576562 0.122496
-0.410534 0.077314375 -0.226548
-0.410534 0.216949625 -0.226548
-0.410534 0.077314375 -0.275898234375
-0.410534 0.077314375 -0.1936479375
-0.410534 -0.341591375 -0.36911534375
-0.410534 -0.341591375 -0.4020155
-0.410534 -0.341591375 -0.0620476875
0.105530008545 0.068587171875 -0.574818242676
0.0770812601562 0.216949625 -0.576233960938
0.058003615625 0.077314375 -0.57653778125
0.112478530713 0.208222421875 -0.574106689941
-0.200340597852 -0.402681796875 -0.577483
-0.1202828 -0.341591375 -0.5756476875
-0.158213041602 -0.350318578125 -0.577024171875
0.16646821875 0.216949625 -0.56472590625
0.140322222656 0.077314375 -0.571002761719
0.142188901172 0.216949625 -0.570450820312
-0.13661680625 0.216949625 -0.577483
-0.19047118313 0.0849506777344 -0.577473505615
-0.134901240625 0.147132 -0.57734796875
-0.182269671875 0.216949625 -0.577483
-0.19748729375 0.147132 -0.577483
-0.152725822336 0.635855375 -0.5757125625
-0.19748729375 0.635855375 -0.577483
-0.410534 0.216949625 -0.385565421875
-0.410534 0.077314375 -0.407498859375
-0.410534 0.226912023437 -0.06753103125
-0.410534 0.0790517320312 -0.02366428125
-0.410534 0.077314375 -0.0620476875
-0.410534 0.111218864062 -0.03463096875
-0.410534 0.635855375 -0.396532140625
-0.410534 0.651803296094 -0.073014375
-0.410534 0.669759864062 -0.026405953125
-0.410534 0.364498208594 -0.0469684921875
-0.410534 0.263748646875 -0.029147625
-0.0247491754219 0.65778881875 0.118762974844
-0.0773955238594 0.65778881875 0.118864224844
-0.0338982890625 0.37048373125 0.124386
-0.0415071296875 0.27471536875 0.124386
0.0790032484375 0.359517009375 0.1241835
0.0650166390625 0.27471536875 0.124386
0.0860799566406 0.240077846094 0.123626625
-0.410534 0.077314375 -0.56651628125
-0.410534 0.216949625 -0.577483
-0.38009875625 0.216949625 -0.577483
-0.410534 0.216949625 -0.54458284375
-0.410534 -0.199668541406 0.109219117187
-0.410534 -0.167681295703 0.0976108554687
-0.410534 -0.344272566406 0.155920027344
-0.29640228125 -0.01258971875 0.488458
-0.399120828125 0.273542445313 0.48535434375
-0.391512046875 0.369310807813 0.48535434375
-0.410534 -0.0489503453125 0.39224465625
-0.176563976563 0.27471536875 0.47708075
-0.1822705625 0.37048373125 0.488458
-0.167053 0.358512685938 0.45859271875
-0.275478132813 0.286686414063 0.488458
-0.302108867188 0.358512685938 0.488458
-0.167053 0.27471536875 0.334865125
-0.167053 0.37048373125 0.300733375
-0.164199683594 -0.00959695742187 0.285800734375
-0.277380328125 0.65778881875 0.488458
-0.167053 0.65778881875 0.31779925
-0.410534 0.65778881875 0.334865125
-0.406729609375 0.65778881875 0.266601625
-0.410534 0.363446190625 0.3446863125
-0.410534 0.272369521875 0.2774601875
-0.410534 0.380695391406 0.315988078125
-0.410534 0.276315630615 0.322234225586
-0.410534 0.337520969531 0.38578646875
-0.410534 0.239527665625 0.3612165625
-0.410534 0.239527665625 0.3953483125
-0.410534 0.37796563457 0.103138042969
-0.410534 0.27471536875 0.13576325
-0.410534 0.37048373125 0.15851775
-0.155639739063 0.37048373125 0.130074625
-0.148030898438 0.27471536875 0.124386
-0.167053 0.27471536875 0.164206375
-0.410534 -0.047830796875 0.224509355469
-0.410534 -0.386547890625 0.412201203125
0.0764299984375 -0.086882715625 0.415253
-0.037702709375 -0.01258971875 0.124386
0.0766443816406 -0.129002553906 0.153969585937
-0.13661675 -0.203364820313 0.402378539062
-0.19748725 -0.222340839844 0.406953949219
-0.13661675 -0.220686099609 0.406587302734
-0.19748725 -0.210444992187 0.404502648438
-0.19748725 -0.23426284375 0.408128265625
-0.13661675 -0.23827109375 0.40822678125
-0.19748725 -0.254471289062 0.406420210937
-0.13661675 -0.260235226562 0.405238734375
-0.19748725 -0.242404601563 0.407842570312
-0.13661675 -0.247582742187 0.407366242187
-0.19748725 -0.26623990625 0.40385790625
-0.13661675 -0.270693546875 0.402364351563
-0.19748725 -0.275932742187 0.400146628906
-0.13661675 -0.281730433594 0.397548460937
-0.19748725 -0.298363203125 0.387331777344
-0.13661675 -0.30253921875 0.384023164063
-0.19748725 -0.287733207031 0.394296207031
-0.13661675 -0.292286296875 0.391540347656
-0.19748725 -0.30723184375 0.380040632813
-0.13661675 -0.311384488281 0.375783820313
-0.19748725 -0.315390942383 0.370768083984
-0.13661675 -0.318242691406 0.367452117188
-0.19748725 -0.325443304687 0.356661039063
-0.13661675 -0.32866303125 0.3509930625
-0.13661675 -0.325014289063 0.357285945313
-0.19748725 -0.334407742188 0.335738375
-0.13661675 -0.337358238281 0.323406136719
-0.19748725 -0.330262828125 0.347028515625
-0.13661675 -0.332123507812 0.342305632812
-0.19748725 -0.3378796875 0.3203500625
-0.19748725 -0.338769148438 0.305479542969
-0.13661675 -0.338887273438 0.307799203125
-0.19748725 -0.336050109375 0.282269453125
-0.13661675 -0.334712449219 0.277160800781
-0.13661675 -0.3382726875 0.295105257813
-0.19748725 -0.330967402344 0.266528160156
-0.13661675 -0.328638144531 0.261226402344
-0.19748725 -0.3183331875 0.244429171875
-0.13661675 -0.311008880859 0.235823302734
-0.19748725 -0.325133699219 0.254717878906
-0.13661675 -0.322327757813 0.25019540625
-0.19748725 -0.306776026367 0.23157790918
-0.13661675 -0.298363203125 0.224382308594
-0.19748725 -0.276042425781 0.211671828125
-0.13661675 -0.271123009766 0.209751228516
-0.19748725 -0.292286296875 0.220174035156
-0.13661675 -0.287733207031 0.217418367187
-0.19748725 -0.252351228516 0.205053367188
-0.13661675 -0.25466071875 0.205299535156
-0.19748725 -0.235202277344 0.203748585938
-0.13661675 -0.236863486328 0.203859246094
-0.13661675 -0.21853590625 0.205158765625
-0.19748725 -0.212558742187 0.20665384375
-0.13661675 -0.206886625 0.20821746875
-0.19748725 -0.187411535156 0.216438835937
-0.19748725 -0.200319367188 0.210501542969
-0.13661675 -0.195489375 0.212427820313
-0.13661675 -0.180085296875 0.220807507812
-0.13661675 -0.170070730469 0.228637332031
-0.13661675 -0.16267990625 0.23531171875
-0.19748725 -0.1726374375 0.226432160156
-0.19748725 -0.154169623047 0.246001890625
-0.13661675 -0.155080410156 0.244572480469
-0.19748725 -0.1448980625 0.261226402344
-0.13661675 -0.143710324219 0.263708664062
-0.13661675 -0.14840234375 0.254717878906
-0.19748725 -0.138824177734 0.277160800781
-0.13661675 -0.138767953125 0.27638509375
-0.13661675 -0.135510955078 0.294281335938
-0.19748725 -0.134649433594 0.307799203125
-0.13661675 -0.134944433594 0.313427914062
-0.19748725 -0.135263734375 0.295105257813
-0.19748725 -0.135363453125 0.319381921875
-0.13661675 -0.13589303125 0.3233560625
-0.19748725 -0.1409200625 0.341346390625
-0.13661675 -0.142320769531 0.344702480469
-0.19748725 -0.137419910156 0.329125617187
-0.13661675 -0.138200382813 0.332418257813
-0.19748725 -0.145949792969 0.352693769531
-0.13661675 -0.147985441406 0.3565048125
-0.19748725 -0.156577757812 0.369228328125
-0.19748725 -0.151551632812 0.362042273438
-0.13661675 -0.16544446875 0.37930621875
-0.19748725 -0.178177367187 0.389483898437
-0.13661675 -0.183088484375 0.392724296875
-0.19748725 -0.168639070313 0.38195728125
-0.13661675 -0.1726374375 0.385281890625
-0.13661675 -0.192515953125 0.39808715625
-0.19748725 -0.18831075 0.3959941875
0.221720828125 0.496220125 -0.029630296875
0.232226914063 0.496220125 -0.0386035992187
0.221142511719 0.356584875 -0.0296618601562
0.221720828125 -0.201956125 -0.029630296875
0.209573367187 -0.201956125 -0.0221585519922
0.219671015625 -0.062320875 -0.028374134375
0.230638158203 -0.04486646875 -0.0371075371094
0.1898323125 -0.201956125 -0.00992307757812
0.204670523438 -0.062320875 -0.0187128957422
0.16992084375 -0.201956125 -0.000861465625
0.1912411875 -0.062320875 -0.0111173292969
0.17938978125 -0.062320875 -0.00468173984375
0.201239175781 0.496220125 -0.0165549652734
0.198832734375 0.356584875 -0.0150251160547
0.17898365625 0.496220125 -0.00481887101563
0.179047898437 0.356584875 -0.00469280609375
0.15034021875 -0.201956125 0.00674003828125
0.158201625 -0.062320875 0.00378911734375
0.132594975781 -0.201956125 0.011242154375
0.14049225 -0.062320875 0.009394464375
0.167581705078 0.51367453125 9.46661816406e-05
0.15034021875 0.496220125 0.00674003828125
0.1577338125 0.356584875 0.0042881565625
0.144649242188 0.33913046875 0.00813054644531
0.134048701563 0.356584875 0.010844776875
0.116486104688 -0.201956125 0.014867935625
0.102719851562 -0.201956125 0.0160454492188
0.119236394922 -0.062320875 0.01403838125
0.129920957031 0.496220125 0.0116423964844
0.116486104688 0.496220125 0.014867935625
0.115985148828 0.356584875 0.0145771946875
0.0804743113281 -0.201956125 0.0181260332031
0.100966539062 -0.062320875 0.016466399375
0.0890125421875 -0.062320875 0.0175956484375
0.0764299 -0.062320875 0.0185857
0.065644665625 -0.201956125 0.017737084375
0.0527770545469 -0.201956125 0.01663028875
0.0613079889922 -0.062320875 0.0173486951562
0.100082514844 0.496220125 0.01663028875
0.0818224609375 0.496220125 0.0181613921875
0.094405103125 0.356584875 0.017171340625
0.0818224609375 0.356584875 0.0181613921875
0.0658018366484 0.356584875 0.017702285
0.0683409648437 0.496220125 0.0178078023437
0.0551737732969 0.356584875 0.01681887
0.0260966318867 -0.201956125 0.0122917810156
0.0368743916328 -0.062320875 0.0145771946875
0.0525217213125 0.496220125 0.016327201875
0.0411668116562 0.496220125 0.015245098125
0.0420508289844 0.356584875 0.0154089875
0.0320049202266 0.37403928125 0.0137223888281
0.00251975554688 -0.201956125 0.00674003828125
0.0130031103203 -0.062320875 0.00935367445313
-0.0171967299609 -0.201956125 -0.000892316796875
-0.0110352617461 -0.062320875 0.00169791988281
0.0226614565781 0.496220125 0.011430735625
0.00251975554688 0.496220125 0.00674003828125
0.00805724463281 0.356584875 0.00811788742188
-0.0122167272695 0.356584875 0.00119585144531
-0.0370366715156 -0.201956125 -0.00979701265625
-0.0512022703125 -0.201956125 -0.01825729375
-0.0303732700781 -0.062320875 -0.00703704453125
-0.04254594375 -0.062320875 -0.012842309375
-0.0200973960742 0.496220125 -0.00214464316406
-0.0321676020469 0.356584875 -0.00747490671875
-0.0426736902656 0.496220125 -0.0132514595312
-0.048439190625 0.356584875 -0.0164537765625
-0.068861090625 -0.201956125 -0.029630184375
-0.0618529921875 -0.062320875 -0.025004734375
-0.0827381765625 -0.201956125 -0.041111334375
-0.07679683125 -0.062320875 -0.0360369875
-0.0563822625 0.496220125 -0.02132140625
-0.068861090625 0.496220125 -0.029630184375
-0.0625317375 0.356584875 -0.02508989375
-0.0769422 0.356584875 -0.0363465953125
-0.094163840625 -0.201956125 -0.05086969375
-0.103091769531 -0.201956125 -0.0612146171875
-0.0891365484375 -0.062320875 -0.046576015625
-0.083853028125 0.496220125 -0.0421253171875
-0.0978769828125 0.496220125 -0.05478296875
-0.092335734375 0.356584875 -0.04930835625
-0.100999732813 0.356584875 -0.05843933125
-0.110967234375 0.356584875 -0.070399446875
-0.110348377344 0.496220125 -0.069747234375
-0.11908815625 0.496220125 -0.0800528125
-0.12238121875 0.356584875 -0.085066578125
-0.116503914062 -0.201956125 -0.076375609375
-0.104919875781 -0.062320875 -0.0627759546875
-0.127959941406 -0.201956125 -0.09340531875
-0.118442095703 -0.062320875 -0.0791335117187
-0.137621273437 -0.201956125 -0.10840603125
-0.131405597656 -0.062320875 -0.09830825625
-0.148015126953 -0.201956125 -0.130244440625
-0.137017547852 -0.04486646875 -0.108253340625
-0.145436765625 -0.062320875 -0.12358921875
-0.133446902344 0.496220125 -0.101639242188
-0.135093433594 0.356584875 -0.104146125
-0.145299570313 0.496220125 -0.123995325
-0.145425664062 0.356584875 -0.123931092188
-0.156858015625 -0.201956125 -0.1526386875
-0.153907203125 -0.062320875 -0.144777328125
-0.16217934375 -0.201956125 -0.174197
-0.1595125625 -0.062320875 -0.1624864375
-0.151492857422 0.51367453125 -0.1383954375
-0.156858015625 0.496220125 -0.1526386875
-0.15440615625 0.356584875 -0.1452451875
-0.159448242188 0.356584875 -0.162822359375
-0.162634863281 -0.04486646875 -0.175489824219
-0.16512678125 -0.062320875 -0.18707640625
-0.16625378125 -0.201956125 -0.19660415625
-0.167454773438 -0.201956125 -0.211868304688
-0.1666775 -0.062320875 -0.20139015625
-0.162274570312 0.496220125 -0.17449271875
-0.16498809375 0.356584875 -0.188311625
-0.16625378125 0.496220125 -0.19660415625
-0.167125335938 0.356584875 -0.208280648437
-0.168279734375 -0.201956125 -0.228345609375
-0.167196046875 -0.201956125 -0.24211953125
-0.167914394531 -0.062320875 -0.227896285156
-0.167749675781 0.496220125 -0.221309019531
-0.167890824219 0.356584875 -0.231191777344
-0.165548859375 -0.201956125 -0.263054140625
-0.167054078125 -0.062320875 -0.246321203125
-0.165104851562 -0.062320875 -0.264500429687
-0.16259978125 -0.201956125 -0.27775328125
-0.158139970703 -0.18450171875 -0.294968429687
-0.167219070312 0.496220125 -0.244823226562
-0.165548859375 0.496220125 -0.263054140625
-0.166043289062 0.356584875 -0.257369242188
-0.163839710937 0.356584875 -0.272186507813
-0.161094175781 -0.062320875 -0.28372175
-0.1492624375 -0.201956125 -0.320025171875
-0.157086039062 -0.062320875 -0.29769728125
-0.153256234375 -0.062320875 -0.31062821875
-0.160310859375 0.496220125 -0.286782582031
-0.16091584375 0.356584875 -0.28476634375
-0.156934023438 0.356584875 -0.29953796875
-0.152872273438 0.496220125 -0.3108184375
-0.147449128906 0.356584875 -0.324649070313
-0.140792671875 -0.201956125 -0.339245875
-0.144264640625 -0.062320875 -0.331600421875
-0.129310679687 -0.201956125 -0.358251992188
-0.1357060625 -0.062320875 -0.3480860625
-0.143919664063 0.496220125 -0.33243334375
-0.135422945312 0.356584875 -0.348278046875
-0.128718519531 -0.04486646875 -0.359488144531
-0.122287203125 -0.062320875 -0.369442828125
-0.116346890625 -0.201956125 -0.376977015625
-0.106402739063 -0.201956125 -0.388620046875
-0.113262289063 -0.062320875 -0.380660976562
-0.130796304688 0.496220125 -0.356007671875
-0.119317046875 0.496220125 -0.373209921875
-0.12502846875 0.356584875 -0.36550946875
-0.116316663574 0.33913046875 -0.37649219873
-0.109080399414 0.37403928125 -0.385584454102
-0.095334871875 -0.201956125 -0.40085496875
-0.101718614062 -0.062320875 -0.394104421875
-0.0815678953125 -0.201956125 -0.412922367188
-0.0910264609375 -0.062320875 -0.404596578125
-0.107797476562 0.496220125 -0.387059414062
-0.095334871875 0.496220125 -0.40085496875
-0.1008094375 0.356584875 -0.3953136875
-0.087180703125 0.356584875 -0.407943039063
-0.068861090625 -0.201956125 -0.423466078125
-0.0571300265625 -0.201956125 -0.430765453125
-0.0709349648438 -0.062320875 -0.421478425781
-0.079367075 0.496220125 -0.414492976563
-0.0687606914063 0.51367453125 -0.423582738281
-0.0682827445312 0.356584875 -0.423434574219
-0.112115016108 0.705673 -0.464194443481
-0.0382539388828 -0.201956125 -0.442719113281
-0.055758946875 -0.062320875 -0.431936484375
-0.04562068125 -0.062320875 -0.438370015625
-0.0306944741016 -0.062320875 -0.44669
-0.0248639978437 -0.201956125 -0.449105
-0.0128962611328 -0.201956125 -0.4539603125
-0.0151173949453 -0.062320875 -0.4530403125
-0.0570176027344 0.51367453125 -0.431247845703
-0.03947120625 0.496220125 -0.442138578125
-0.0502327875 0.356584875 -0.43554359375
-0.03947120625 0.356584875 -0.442138578125
-0.0249882474727 0.356584875 -0.44900265625
-0.0272985325781 0.496220125 -0.447943929688
-0.00645605636133 0.356584875 -0.456195390625
0.0128458439707 -0.201956125 -0.462207242187
0.00220528222266 -0.062320875 -0.45935046875
-0.012531192 0.496220125 -0.45380625
0.00447702121875 0.496220125 -0.45963
0.0135946962187 0.356584875 -0.4625925
-0.00953742674414 0.705673 -0.480546106445
0.0363732835312 -0.201956125 -0.467964546875
0.0240780259922 -0.062320875 -0.465206070312
0.05515891875 -0.201956125 -0.469961367187
0.0396540180469 -0.062320875 -0.468316992188
0.02442411875 -0.411409 -0.50304775
0.0217183741875 0.496220125 -0.46473625
0.0518929403437 0.496220125 -0.469562890625
0.0296155010156 0.356584875 -0.466583882812
0.0399093465937 0.356584875 -0.468620078125
0.0494667140625 0.356584875 -0.469560671875
0.074632246875 -0.201956125 -0.471257734375
0.058454409375 -0.062320875 -0.47026778125
0.0761301796875 -0.062320875 -0.471045601562
0.08961165 -0.201956125 -0.47064490625
0.105445528125 -0.201956125 -0.469116164063
0.074632246875 0.496220125 -0.471257734375
0.06444620625 0.356584875 -0.4707391875
0.0830207109375 0.356584875 -0.470880609375
0.0988988625 -0.062320875 -0.469914226562
0.112036453125 -0.062320875 -0.468597617187
0.122644565625 -0.201956125 -0.466631023438
0.137832523438 -0.201956125 -0.46303296875
0.127477110938 -0.062320875 -0.465543324219
0.0956033953125 0.496220125 -0.47007921875
0.121959428906 0.47876571875 -0.466614177734
0.105789375 0.356584875 -0.469372109375
0.126185422656 0.356584875 -0.465527033203
0.153758421875 -0.201956125 -0.4587259375
0.144845585938 -0.062320875 -0.46134921875
0.171294390625 -0.201956125 -0.451665953125
0.159048164062 -0.062320875 -0.45658578125
0.13932271875 0.496220125 -0.462771875
0.153758421875 0.496220125 -0.4587259375
0.152268226562 0.356584875 -0.45898703125
0.1688384375 0.356584875 -0.452785
0.18912696875 -0.201956125 -0.44377071875
0.178128695313 -0.04486646875 -0.448911488281
0.190546960938 -0.062320875 -0.442928101563
0.204857976562 -0.201956125 -0.43440628125
0.171877914063 0.496220125 -0.45147515625
0.18912696875 0.496220125 -0.44377071875
0.186115734375 0.356584875 -0.445119765625
0.199968117187 0.356584875 -0.437347703125
0.224193230469 -0.201956125 -0.4210141875
0.208945537109 -0.04486646875 -0.431749742187
0.220640296875 -0.062320875 -0.424017875
0.207031773438 0.496220125 -0.432798453125
0.218812234375 0.496220125 -0.42557925
0.218960910156 0.356584875 -0.425019453125
0.243300125 -0.201956125 -0.405282125
0.234366195312 -0.062320875 -0.412850875
0.258850289062 -0.201956125 -0.389066039063
0.249265078125 -0.062320875 -0.39938384375
0.231657429687 0.496220125 -0.41522628125
0.2468229375 0.496220125 -0.402026
0.23605453125 0.356584875 -0.4115943125
0.2468229375 0.356584875 -0.402026
0.257181828125 0.356584875 -0.39120040625
0.2733479375 -0.201956125 -0.371838828125
0.266631140625 -0.062320875 -0.379920007813
0.283498859375 -0.201956125 -0.356263898438
0.2778883125 -0.062320875 -0.36550946875
0.2609854375 0.496220125 -0.3865300625
0.2733479375 0.496220125 -0.371838828125
0.2696776875 0.356584875 -0.376208335938
0.2785970625 0.356584875 -0.364172914063
0.29270971875 -0.201956125 -0.340783234375
0.288020257813 -0.062320875 -0.348480738281
0.30135615625 -0.201956125 -0.321996914062
0.297146 -0.062320875 -0.3322841875
0.2823654375 0.496220125 -0.358023476562
0.29270971875 0.496220125 -0.340783234375
0.2854250625 0.356584875 -0.35321059375
0.29270971875 0.356584875 -0.340783234375
0.299216 0.356584875 -0.32728665625
0.3086069375 -0.201956125 -0.303877421875
0.30471646875 -0.062320875 -0.313638554688
0.313448171875 -0.201956125 -0.285927804688
0.310969125 -0.062320875 -0.29645478125
0.301389953125 0.496220125 -0.321669601563
0.3086069375 0.496220125 -0.303877421875
0.30646678125 0.356584875 -0.309167164062
0.31123021875 0.356584875 -0.294964585937
0.31742465625 -0.201956125 -0.268358234375
0.315343257812 -0.062320875 -0.277128253906
0.319842796875 -0.201956125 -0.247819164062
0.3190175625 -0.062320875 -0.258904125
0.31291396875 0.496220125 -0.287951523437
0.31648846875 0.496220125 -0.273063140625
0.315412546875 0.356584875 -0.277745898438
0.319538015625 0.496220125 -0.250493351562
0.31836084375 0.356584875 -0.263653328125
0.319571648437 0.33913046875 -0.251863671875
0.32113959375 -0.201956125 -0.228345609375
0.320455828125 -0.062320875 -0.238831367187
0.3205265625 -0.201956125 -0.21336621875
0.318997453125 -0.201956125 -0.197532414062
0.320444039062 -0.062320875 -0.212317667969
0.32113959375 0.496220125 -0.228345609375
0.320620875 0.356584875 -0.23853175
0.32076234375 0.356584875 -0.21995715625
0.317495390625 -0.062320875 -0.185637476562
0.314713007813 -0.201956125 -0.172739453125
0.314336625 -0.062320875 -0.17066834375
0.3199606875 0.496220125 -0.207374515625
0.316495230469 0.47876571875 -0.181018560547
0.31925334375 0.356584875 -0.197188578125
0.315408097656 0.356584875 -0.176792564453
0.3086069375 -0.201956125 -0.149219578125
0.31123021875 -0.062320875 -0.158132414063
0.301389953125 -0.201956125 -0.131427389063
0.307071976563 -0.07977528125 -0.145544482422
0.304966 -0.062320875 -0.139692375
0.312652875 0.496220125 -0.16365528125
0.3086069375 0.496220125 -0.149219578125
0.310969125 0.356584875 -0.15664221875
0.30471646875 0.356584875 -0.139458445313
0.29270971875 -0.201956125 -0.112313709375
0.299216 -0.062320875 -0.12581034375
0.29270971875 -0.062320875 -0.112313709375
0.282365453125 -0.201956125 -0.0950732875
0.2854250625 -0.062320875 -0.09988621875
0.30135615625 0.496220125 -0.131100085937
0.29270971875 0.496220125 -0.112313709375
0.297146 0.356584875 -0.1208128125
0.288020257813 0.356584875 -0.104616113281
0.27334803125 -0.201956125 -0.08125781875
0.279116369141 -0.07977528125 -0.0897037054688
0.261214453125 -0.201956125 -0.0667618570312
0.269677921875 -0.062320875 -0.07688835
0.283498859375 0.496220125 -0.0968328734375
0.27334803125 0.496220125 -0.08125781875
0.274056796875 0.356584875 -0.0825944
0.2630376875 0.356584875 -0.068751803125
0.241311292969 -0.201956125 -0.04620804375
0.243105703125 -0.062320875 -0.0475861164063
0.259231835937 -0.04486646875 -0.0642957941406
0.25080365625 -0.062320875 -0.0547173265625
0.24819484375 0.496220125 -0.0522418609375
0.238736195312 0.356584875 -0.0439159179687
0.260852640625 0.496220125 -0.0662658734375
0.250408421875 0.356584875 -0.0546888335937
0.192029296875 -0.201956125 -0.55734346875
0.201568359375 -0.062320875 -0.55339209375
0.217344265625 -0.062320875 -0.546565875
0.161866523438 -0.201956125 -0.565830632813
0.184875 -0.062320875 -0.560307
0.214042046875 -0.201956125 -0.54764240625
0.232707011719 -0.201956125 -0.5394009375
0.241228873047 -0.062320875 -0.535106125
0.250759320312 -0.201956125 -0.5299565
0.267385957031 -0.062320875 -0.519649453125
0.270003144531 -0.201956125 -0.517414265625
0.29419484375 -0.201956125 -0.50011515625
0.28924696875 -0.062320875 -0.50487203125
0.308837796875 -0.062320875 -0.486856953125
0.313585 -0.201956125 -0.4831125
0.332960953125 -0.201956125 -0.464882546875
0.33016696875 -0.062320875 -0.46815403125
0.347101054688 -0.062320875 -0.448118632812
0.350575757812 -0.201956125 -0.443221179687
0.36807346875 -0.201956125 -0.419432578125
0.36903278125 -0.062320875 -0.417995945313
0.383070992187 -0.062320875 -0.392897960937
0.383729523437 -0.201956125 -0.391308085937
0.394053984375 -0.201956125 -0.3739449375
0.398252121094 -0.062320875 -0.363809484375
0.407552332031 -0.201956125 -0.339773625
0.41485834375 -0.04486646875 -0.315540742187
0.41815715625 -0.062320875 -0.3006478125
0.410188 -0.062320875 -0.334993
0.418359703125 -0.201956125 -0.298074421875
0.423755421875 -0.201956125 -0.26983503125
0.422925558594 -0.062320875 -0.274588789062
0.425795679687 -0.062320875 -0.244342015625
0.425525617187 -0.201956125 -0.240910890625
0.425749640625 -0.201956125 -0.2111713125
0.42668984375 -0.062320875 -0.2179701875
0.424672734375 -0.062320875 -0.2009201875
0.422587273437 -0.062320875 -0.1821440625
0.423390773437 -0.201956125 -0.1854906875
0.420030875 -0.201956125 -0.15910015625
0.4189260625 -0.062320875 -0.154498546875
0.41241425 -0.062320875 -0.129105678125
0.40963109375 -0.201956125 -0.120539794531
0.4043438125 -0.062320875 -0.103993803906
0.398170375 -0.201956125 -0.0890886671875
0.389134070313 -0.201956125 -0.0686743914063
0.388972910156 -0.062320875 -0.0689911488281
0.370216167969 -0.201956125 -0.0377391839844
0.377707601563 -0.062320875 -0.0495128820313
0.367390867188 -0.062320875 -0.0337081679688
0.351960046875 -0.201956125 -0.0104599484375
0.348886664063 -0.062320875 -0.00686123828125
0.33155690625 -0.062320875 0.0128083140625
0.331686023437 -0.201956125 0.01172429375
0.31869046875 -0.201956125 0.0266299421875
0.312965507812 -0.062320875 0.0315194832031
0.292037851562 -0.201956125 0.0490403007813
0.283378265625 -0.062320875 0.0557281355469
0.26223559375 -0.201956125 0.0691971664063
0.256314109375 -0.062320875 0.0726679101563
0.23327340625 -0.201956125 0.0859976179687
0.227801625 -0.062320875 0.089429571875
0.203514296875 -0.062320875 0.0993438289063
0.202991625 -0.201956125 0.0991232859375
0.184530569531 -0.201956125 0.106116175
0.17650828125 -0.062320875 0.10921875
0.150418398828 -0.062320875 0.11447890625
0.153807308203 -0.201956125 0.11394215625
0.125430743164 -0.202207205859 0.1205300625
0.122750171875 -0.062320875 0.120741
0.122321280469 -0.168051635938 0.12077475
0.112671223828 -0.287762089063 0.121534125
0.109963846826 -0.25398314043 0.121747171875
-0.410534 -0.201956125 -0.226548
-0.410534 -0.062320875 -0.23751471875
-0.410534 -0.201956125 -0.25944815625
-0.410534 -0.201956125 -0.1936479375
-0.410534 -0.341591375 -0.286864953125
-0.406374433594 -0.341591375 -0.170125213281
-0.410534 -0.341591375 -0.1388145
0.0892966421875 -0.201956125 -0.576470265625
0.0813701742187 -0.062320875 -0.575896382812
0.124193236719 -0.062320875 -0.573352308594
0.0423571023437 -0.201956125 -0.576571539062
0.0605769640625 -0.1321385 -0.576335234375
-0.016673378125 -0.411409 -0.569075875
-0.07694468125 -0.411409 -0.5740824375
0.0046307046875 -0.341591375 -0.577145421875
-0.043595509375 -0.341591375 -0.57734796875
0.157264828125 -0.062320875 -0.566935359375
0.112885669531 -0.201956125 -0.574613585937
0.133838015625 -0.201956125 -0.572559421875
0.25403171875 0.496220125 0.0740664679687
0.27392975 0.356584875 0.0609654941406
0.233034984375 0.496220125 0.0860253191406
0.2140425625 0.496220125 0.0945458890625
0.25537646875 0.356584875 0.0729267085938
0.239112875 0.356584875 0.0832875015625
0.2752383125 0.496220125 0.0598478847656
0.29251921875 0.496220125 0.0489821296875
0.300861304687 0.356584875 0.0418573699219
0.3200600625 0.496220125 0.0246635261719
0.3417925 0.356584875 0.001238278125
0.324579 0.356584875 0.0216007
0.367235460938 0.496220125 -0.0326817867187
0.382931785156 0.356584875 -0.0600348410156
0.348620046875 0.496220125 -0.0075847453125
0.371831101562 0.356584875 -0.0409540445312
0.362043953125 0.356584875 -0.0243387828125
0.383590285156 0.496220125 -0.0616247222656
0.39405475 0.496220125 -0.079151909375
0.3982526875 0.356584875 -0.0892874023438
0.411995875 0.496220125 -0.12563390625
0.4167164375 0.356584875 -0.145295328125
0.403109125 0.496220125 -0.101012776563
0.4116945625 0.356584875 -0.124378921875
0.425407882812 0.496220125 -0.2025406875
0.424395984375 0.356584875 -0.1905423125
0.425677109375 0.356584875 -0.20510346875
0.417344501465 0.487492921875 -0.14933467041
0.422242171875 0.496220125 -0.1700400625
0.421908773437 0.356584875 -0.170092875
0.426456046875 0.496220125 -0.23552315625
0.423225328125 0.356584875 -0.266277
0.425309953125 0.356584875 -0.24836896875
0.426943445313 0.356584875 -0.231475046875
0.423508507812 0.496220125 -0.266539015625
0.420030875 0.496220125 -0.29399684375
0.4189260625 0.356584875 -0.298598453125
0.412414203125 0.356584875 -0.3239913125
0.412037320312 0.496220125 -0.322966921875
0.407224609375 0.496220125 -0.3421474375
0.404343535156 0.356584875 -0.349103140625
0.38605659375 0.496220125 -0.390086953125
0.37910396875 0.356584875 -0.401947796875
0.371581453125 0.356584875 -0.414480984375
0.399774974609 0.51367453125 -0.360132898438
0.3891118125 0.356584875 -0.383941992188
0.355312828125 0.496220125 -0.438710671875
0.342181101562 0.356584875 -0.454086648437
0.370154164063 0.51367453125 -0.41663299707
0.356151023437 0.356584875 -0.437729226563
0.3009765625 0.496220125 -0.4947659375
0.31008896875 0.356584875 -0.48689503125
0.299061421875 0.356584875 -0.496490078125
0.33928231958 0.487492921875 -0.456969016357
0.32541009375 0.496220125 -0.47310190625
0.32517134375 0.356584875 -0.47286315625
0.274908710938 0.496220125 -0.515000125
0.237965136719 0.356584875 -0.536494484375
0.263842601563 0.356584875 -0.5216235
0.278470160156 0.356584875 -0.513015
0.248083925781 0.496220125 -0.53084621875
0.223826171875 0.496220125 -0.54417221875
0.211107421875 0.356584875 -0.54944071875
0.19592040625 0.356584875 -0.55544021875
0.197782460938 0.496220125 -0.55423175
0.172324921875 0.496220125 -0.563319890625
0.170233242188 0.356584875 -0.563822039062
0.148029771094 0.356584875 -0.568944796875
0.146881085535 0.487492921875 -0.568246271606
0.127942426953 0.496220125 -0.572348433594
0.111384549609 0.356584875 -0.574731738281
0.0907977621094 0.496220125 -0.576352113281
0.051141353125 0.4264025 -0.57707790625
0.05285691875 0.356584875 -0.576942875
-0.030093453125 0.496220125 -0.577483
-0.090963940625 0.356584875 -0.577483
-0.043595509375 0.356584875 -0.57734796875
-0.07574631875 0.4264025 -0.577483
-0.0197785040977 0.705673 -0.562786171875
-0.074285818103 0.696945796875 -0.574716691406
-0.045311075 0.635855375 -0.577483
-0.07574631875 0.635855375 -0.577483
-0.410534 0.496220125 -0.23751471875
-0.410534 0.356584875 -0.226548
-0.410534 0.347857671875 -0.262875255859
-0.410534 0.356584875 -0.1936479375
-0.410534 0.496220125 -0.297831671875
-0.410534 0.356584875 -0.3362151875
-0.410534 0.356584875 -0.30331503125
-0.410534 0.496220125 -0.160747875
-0.410534 0.356584875 -0.1278478125
-0.410534 0.635855375 -0.30331503125
-0.410534 0.635855375 -0.34718190625
-0.410534 0.65778881875 -0.1278478125
-0.410534 0.56202045625 -0.1497811875
-0.410534 0.460768732813 -0.1059144375
0.0896322113281 0.495717963281 0.12327225
0.105594515625 0.356584875 0.122091
0.0970166875 0.37851831875 0.122766
0.0327965369902 0.651803296094 0.11759151127
0.0459945375 0.56202045625 0.124386
-0.007267346875 0.46625209375 0.124386
0.00644090284375 0.56202045625 0.120637316562
0.0421901171875 0.46625209375 0.124386
0.069799965625 0.565766460156 0.124234125
0.0777165742188 0.472739778125 0.12428475
0.0822199339844 0.443073350195 0.123930375
0.161437632031 0.496220125 0.1127678125
0.142978073437 0.356584875 0.116853625
0.163958203125 0.356584875 0.112231875
0.109025646875 0.496220125 0.121821
0.129549101562 0.496220125 0.119800875
0.122750171875 0.356584875 0.120741
0.1920294375 0.496220125 0.104246595312
0.20945678125 0.356584875 0.0968824109375
0.184875 0.356584875 0.10721
-0.410534 -0.341591375 -0.47878253125
-0.317326066016 -0.39395459375 -0.577483
-0.25835778125 -0.411409 -0.577483
-0.304010646875 -0.341591375 -0.577483
-0.243140159375 -0.341591375 -0.577483
-0.335872542676 -0.197592523438 -0.577483
-0.243140159375 -0.062320875 -0.577483
-0.288793025 -0.201956125 -0.577483
-0.290695227734 -0.07977528125 -0.577483
-0.410534 -0.201956125 -0.517166046875
-0.410534 -0.062320875 -0.47878253125
-0.410534 -0.201956125 -0.56651628125
-0.410534 -0.062320875 -0.577483
-0.38009875625 -0.1321385 -0.577483
-0.364881134375 -0.062320875 -0.577483
-0.410534 -0.062320875 -0.528132765625
-0.410534 -0.341591375 0.0256858125
-0.410534 -0.201956125 0.0476191875
-0.410534 -0.062320875 0.0037524375
-0.410534 -0.175407998828 0.05310253125
-0.410534 -0.27579104375 0.102452625
-0.410534 -0.2538576 0.102452625
-0.283787588625 0.705673 -0.5449373125
-0.331902497117 0.705673 -0.561353652344
-0.265459424281 0.705673 -0.5664394375
-0.341167076955 0.640218976562 -0.568510105469
-0.295894668031 0.635855375 -0.5664394375
-0.410534 0.635855375 -0.52264940625
-0.410534 0.635855375 -0.48974925
-0.410534 0.496220125 -0.56651628125
-0.410534 0.356584875 -0.56651628125
-0.367248348719 0.496220125 -0.5738018125
-0.361076921875 -0.01258971875 0.488458
-0.40292521875 0.080832796875 0.4822506875
-0.391512046875 0.177774082813 0.48535434375
-0.410534 -0.0324900109375 0.43719896875
-0.250274044922 -0.00361143476563 0.488458
-0.215558980469 -0.0185752414062 0.488458
-0.17466178125 0.08317864375 0.47708075
-0.187977148438 0.172961483594 0.482769375
-0.22031446875 0.0712075984375 0.488458
-0.26596715625 0.190918051562 0.488458
-0.221265566406 0.187925290234 0.488458
-0.167053 0.08317864375 0.43157175
-0.167053 0.17894700625 0.367930257812
-0.167053 0.08317864375 0.38606275
-0.167053 -0.01258971875 0.391751375
-0.17466178125 0.56202045625 0.47708075
-0.17466178125 0.46625209375 0.47708075
-0.241238617188 0.645817773438 0.488458
-0.167053 0.65778881875 0.40881725
-0.406729609375 0.560847532812 0.47966571875
-0.399120828125 0.465079170313 0.48535434375
-0.363454666016 0.560524075586 0.488458
-0.309717648438 0.472237616406 0.488458
-0.35727253125 0.478223139063 0.488458
-0.32683740625 0.56202045625 0.488458
-0.359174726563 0.663774341406 0.488458
-0.37249009375 0.705673 0.4201945
-0.40292521875 0.65778881875 0.38606275
-0.410534 0.559881677539 0.449991769531
-0.410534 0.463906246875 0.3684781875
-0.410534 0.572232116406 0.407006078125
-0.410534 0.468253289844 0.402346359375
-0.410534 0.450417627344 0.443714328125
-0.410534 0.645817773438 0.05310253125
-0.410534 0.65778881875 0.20402675
-0.331117345703 0.705673 0.15993990625
-0.410534 0.570998740234 0.134443734375
-0.410534 0.46625209375 0.13576325
-0.410534 0.547056649609 0.0866880117187
-0.410534 0.56202045625 0.175583625
-0.125204376562 0.65778881875 0.124386
-0.167053 0.56202045625 0.1926495
-0.167053 0.46625209375 0.22678125
-0.167053 0.56202045625 0.22678125
-0.170857390625 0.65778881875 0.209715375
-0.147079793359 0.556034933594 0.124386
-0.167053 0.46625209375 0.124386
-0.167053 0.46625209375 0.175583625
-0.410534 0.17894700625 0.0256858125
-0.410534 0.0607430382813 0.061327546875
-0.410534 -0.0958495146484 0.103436976562
-0.410534 0.0625572880859 0.206025019531
-0.410534 0.171909465625 0.2536683125
-0.410534 0.17894700625 0.18269440625
-0.410534 0.0906605470703 0.121266832031
-0.410534 0.17894700625 0.13576325
-0.410534 0.17894700625 0.0914859375
-0.410534 -0.0282647234375 0.1793034375
-0.144226478125 -0.411409 0.4201945
-0.0947690140625 0.08317864375 0.124386
-0.0757469125 0.17894700625 0.124386
-0.116644430859 0.172961483594 0.124386
-0.162773025391 -0.0245607640625 0.15425128125
-0.167053 -0.01258971875 0.215404
-0.148030898438 0.08317864375 0.124386
-0.159444159375 0.17894700625 0.124386
-0.167053 0.08317864375 0.1471405
-0.0795513328125 -0.01258971875 0.124386
0.0820054882812 -0.0781389691406 0.12394725
0.0828632710937 -0.107313339844 0.12387975
0.0741265996094 0.0814412867188 0.124267875
0.0692638513672 0.161058260742 0.1242763125
0.0117547546875 -0.01258971875 0.124386
-0.31922825 -0.203110359375 0.402257179688
-0.31922825 -0.21628803125 0.40594571875
-0.25835775 -0.230913740234 0.407815591797
-0.25835775 -0.217696132812 0.406253414062
-0.31922825 -0.230069792969 0.407778761719
-0.31922825 -0.242780375 0.407813015625
-0.25835775 -0.244659242188 0.407724351562
-0.31922825 -0.256322382812 0.406097148437
-0.25835775 -0.26145084375 0.404795316406
-0.31922825 -0.2673029375 0.403481453125
-0.31922825 -0.27984415625 0.398462753906
-0.25835775 -0.275801328125 0.400248914062
-0.25835775 -0.286602597656 0.394977625
-0.31922825 -0.293835128906 0.390579542969
-0.25835775 -0.296359828125 0.388836246094
-0.31922825 -0.30166784375 0.384741632813
-0.31922825 -0.309458945312 0.377750847656
-0.25835775 -0.30551228125 0.381509460938
-0.25835775 -0.314425064453 0.372148511719
-0.25835775 -0.321769632813 0.362505609375
-0.31922825 -0.325998210938 0.35568028125
-0.25835775 -0.327234449219 0.353568828125
-0.31922825 -0.335095916016 0.333313919922
-0.25835775 -0.334773671875 0.33480365625
-0.31922825 -0.330887945312 0.3455195
-0.25835775 -0.337483007813 0.322760117187
-0.31922825 -0.338202796875 0.318499015625
-0.25835775 -0.338749429687 0.308736230469
-0.31922825 -0.338850488281 0.308078707031
-0.31922825 -0.338286601563 0.29440546875
-0.25835775 -0.337811171875 0.290994703125
-0.31922825 -0.334859234375 0.277603734375
-0.25835775 -0.33417959375 0.2751938125
-0.25835775 -0.330980023438 0.266494351563
-0.31922825 -0.328732269531 0.261492136719
-0.25835775 -0.326901605469 0.257753347656
-0.31922825 -0.322022527344 0.249565597656
-0.25835775 -0.317792046875 0.243583703125
-0.31922825 -0.311340722656 0.236151355469
-0.25835775 -0.306241078125 0.231162957031
-0.31922825 -0.298567701172 0.224576365234
-0.25835775 -0.295239421875 0.222076003906
-0.31922825 -0.287175382813 0.216995832031
-0.25835775 -0.284136671875 0.215375710938
-0.31922825 -0.275850578125 0.211496625
-0.31922825 -0.267284679688 0.208289007813
-0.25835775 -0.271921578125 0.209826578125
-0.25835775 -0.263407201172 0.207363474609
-0.31922825 -0.254931041016 0.205379580078
-0.25835775 -0.2508301875 0.204663058594
-0.31922825 -0.241338367188 0.203797753906
-0.25835775 -0.236768 0.2036845
-0.31922825 -0.227378292969 0.204157363281
-0.25835775 -0.22292115625 0.204621478516
-0.31922825 -0.213719375 0.206375300781
-0.31922825 -0.200649320312 0.210300988281
-0.25835775 -0.203948257812 0.209104707031
-0.31922825 -0.185771085937 0.217357703125
-0.25835775 -0.189174777344 0.215485054688
-0.25835775 -0.1786695 0.22162903125
-0.25835775 -0.16942671875 0.229045246094
-0.31922825 -0.1697553125 0.228751664062
-0.31922825 -0.160919515625 0.237448421875
-0.25835775 -0.160947390625 0.237476296875
-0.31922825 -0.153554828125 0.246328359375
-0.25835775 -0.153323113281 0.246932257813
-0.31922825 -0.147458417969 0.256277101562
-0.25835775 -0.1460001875 0.258976496094
-0.31922825 -0.141889824219 0.268052363281
-0.25835775 -0.141415511719 0.26914609375
-0.31922825 -0.137665410156 0.2812291875
-0.25835775 -0.1384428125 0.277991632813
-0.410534 -0.0648374847656 0.33465075293
-0.410534 0.02682494375 0.333613667969
-0.410534 0.134375915625 0.3363873125
-0.410534 -0.0521479054688 0.263563298828
-0.31922825 -0.135598796875 0.29059415625
-0.25835775 -0.135784445313 0.289989484375
-0.31922825 -0.134683804687 0.302226757812
-0.25835775 -0.134610027344 0.305294078125
-0.31922825 -0.135170910156 0.316181875
-0.25835775 -0.13494990625 0.314375
-0.25835775 -0.136097726563 0.32345053125
-0.31922825 -0.140460875 0.339981023437
-0.25835775 -0.141550375 0.342919539063
-0.31922825 -0.1373009375 0.328966734375
-0.25835775 -0.1386563125 0.334443234375
-0.31922825 -0.144978484375 0.350939390625
-0.25835775 -0.1464615625 0.35369821875
-0.31922825 -0.153554828125 0.36538659375
-0.25835775 -0.157663425781 0.370529601563
-0.31922825 -0.149310320312 0.358572867188
-0.25835775 -0.152291554687 0.363362671875
-0.31922825 -0.159962207031 0.373190546875
-0.25835775 -0.165665445312 0.379262453125
-0.31922825 -0.1689256875 0.382202085938
-0.31922825 -0.17602328125 0.38818671875
-0.25835775 -0.1727054375 0.3855079375
-0.31922825 -0.188958800781 0.396005046875
-0.25835775 -0.195049140625 0.398971414062
-0.25835775 -0.18702525 0.3952063125
-0.01487575 -0.196410664062 0.399679023438
-0.07574625 -0.192315210937 0.397860328125
-0.01487575 -0.180064726562 0.390767375
-0.07574625 -0.175657078125 0.3877318125
-0.01487575 -0.160919515625 0.374265933594
-0.07574625 -0.163578085938 0.377098552734
-0.01487575 -0.1697553125 0.38296234375
-0.01487575 -0.153554828125 0.36538659375
-0.07574625 -0.153347152344 0.3648406875
-0.01487575 -0.143492214844 0.347479410156
-0.07574625 -0.143527355469 0.347461519531
-0.01487575 -0.149207914063 0.35848096875
-0.07574625 -0.14676296875 0.35452865625
-0.01487575 -0.1392324375 0.33675840625
-0.07574625 -0.139203507812 0.336175117187
-0.01487575 -0.136135941406 0.322999105469
-0.07574625 -0.135833265625 0.321843828125
-0.01487575 -0.134789763672 0.303132472656
-0.01487575 -0.136528132812 0.286302671875
-0.07574625 -0.135725117187 0.290994703125
-0.01487575 -0.139897382812 0.27319628125
-0.07574625 -0.141427376953 0.269515410156
-0.07574625 -0.138415921875 0.27785115625
-0.01487575 -0.144803943359 0.261492136719
-0.07574625 -0.14663446875 0.257753347656
-0.01487575 -0.155719105469 0.243643066406
-0.07574625 -0.157663425781 0.241185027344
-0.01487575 -0.149472125 0.252802835937
-0.07574625 -0.152291554687 0.248352289062
-0.01487575 -0.16340240625 0.23461709375
-0.07574625 -0.165665445312 0.232451617188
-0.01487575 -0.17602328125 0.223527328125
-0.07574625 -0.181519898437 0.219905300781
-0.01487575 -0.169881078125 0.228695921875
-0.07574625 -0.174196453125 0.225061804687
-0.01487575 -0.200137351563 0.210534335938
-0.07574625 -0.19182859375 0.214071945313
-0.01487575 -0.184528351562 0.218084707031
-0.07574625 -0.219061210938 0.205542825195
-0.07574625 -0.200453875 0.2103074375
-0.01487575 -0.233106523437 0.203790294922
-0.01487575 -0.216291078125 0.205778339844
-0.07574625 -0.238144292969 0.203713949219
-0.01487575 -0.249151550781 0.204461972656
-0.07574625 -0.25219259375 0.204868816406
-0.01487575 -0.279491333984 0.213121751953
-0.07574625 -0.266281326172 0.208033041016
-0.01487575 -0.261951675781 0.206877632813
-0.07574625 -0.284367527344 0.215471078125
-0.01487575 -0.293835128906 0.22113471875
-0.07574625 -0.296359828125 0.222877902344
-0.01487575 -0.316934736328 0.242625333984
-0.07574625 -0.307475166016 0.232094357422
-0.01487575 -0.304142355469 0.229098976563
-0.07574625 -0.320212890625 0.246932257813
-0.01487575 -0.326077625 0.256277101562
-0.07574625 -0.327535925781 0.258976496094
-0.01487575 -0.33690421875 0.285911671875
-0.07574625 -0.333256765625 0.272234125
-0.01487575 -0.331646746094 0.268052363281
-0.07574625 -0.337869703125 0.291237492188
-0.01487575 -0.338852890625 0.302226757812
-0.07574625 -0.338926710937 0.305294078125
-0.01487575 -0.336250226563 0.328905648438
-0.07574625 -0.337027421875 0.32566809375
-0.07574625 -0.338394679688 0.316437007812
-0.01487575 -0.3338399375 0.33818790625
-0.07574625 -0.332652453125 0.341028773437
-0.01487575 -0.3291974375 0.349369289062
-0.07574625 -0.328150804688 0.35171615625
-0.07574625 -0.322324228516 0.361478253906
-0.01487575 -0.318955196289 0.366171771484
-0.01487575 -0.307906539062 0.379386832031
-0.07574625 -0.303291875 0.38335440625
-0.07574625 -0.312730914062 0.374207554687
-0.01487575 -0.2985065 0.387209375
-0.07574625 -0.295239421875 0.389638191406
-0.01487575 -0.279230224609 0.398706375
-0.07574625 -0.276928769531 0.399776636719
-0.01487575 -0.29046378125 0.392761085937
-0.07574625 -0.285931320313 0.395446703125
-0.01487575 -0.261395859375 0.404960117188
-0.07574625 -0.251450304687 0.406963460938
-0.01487575 -0.231507171875 0.407862273438
-0.07574625 -0.231507171875 0.407822867187
-0.01487575 -0.243904609375 0.407763984375
-0.07574625 -0.23927315625 0.40814796875
-0.01487575 -0.220020484375 0.406791171875
-0.07574625 -0.219429644531 0.406528035156
-0.01487575 -0.208675042969 0.404067652344
-0.07574625 -0.205735132812 0.403190101563
-0.0485578199102 0.705673 -0.523374113281
-0.117641496406 0.705673 -0.511008828125
-0.0202525032773 -0.411409 -0.520400570312
-0.0938120289063 -0.411409 -0.515422734375
0.111598995312 -0.0084915890625 0.1216185
0.107738972656 -0.104259951563 0.12192225
0.108596755469 0.0259150617187 0.12185475
0.0976600246094 0.285993798438 0.122715375
0.0925133277344 0.304934480859 0.123120375
0.106023407031 0.155085751562 0.12205725
0.0976600246094 0.190727597656 0.122715375
0.0921916591797 -0.0248089359375 0.1231456875
0.0887069165039 0.111592576367 0.12341990625
0.0892966421875 0.0074159140625 0.1233735
0.0944433390625 0.080246509375 0.1229685
-0.410534 -0.062320875 -0.28138159375
-0.410534 -0.201956125 -0.3362151875
-0.410534 -0.201956125 -0.30331503125
-0.410534 -0.062320875 -0.330731828125
-0.410534 -0.062320875 -0.160747875
-0.410534 -0.201956125 -0.1278478125
-0.410534 -0.062320875 -0.1278478125
-0.410534 0.216949625 -0.30331503125
-0.410534 0.077314375 -0.32524846875
-0.410534 0.216949625 -0.160747875
-0.410534 0.216949625 -0.1278478125
-0.410534 0.077314375 -0.1278478125
-0.410534 -0.201956125 -0.385565421875
-0.410534 -0.062320875 -0.429432296875
-0.410534 -0.201956125 -0.43491565625
-0.410534 -0.062320875 -0.3800820625
-0.410534 -0.201956125 -0.0620476875
-0.410534 -0.062320875 -0.04559765625
-0.410534 -0.18450171875 -0.031889296875
-0.006298003125 -0.062320875 -0.57680784375
-0.055382 -0.201956125 -0.57707790625
-0.0054402203125 -0.1321385 -0.576740328125
-0.0354346741211 -0.071048078125 -0.57693021582
-0.0796420370117 -0.123411296875 -0.577115883789
-0.070599621875 0.147132 -0.57707790625
0.0080618359375 0.216949625 -0.576875359375
-0.040164378125 0.216949625 -0.57707790625
-0.0223734078125 0.077314375 -0.576875359375
-0.070599621875 0.077314375 -0.57707790625
-0.182269671875 -0.201956125 -0.577483
-0.163769854492 -0.071048078125 -0.577449242187
-0.19748729375 -0.1321385 -0.577483
-0.134901240625 -0.062320875 -0.57734796875
-0.168954252734 0.365312078125 -0.577483
-0.170856455469 0.47876571875 -0.577483
-0.144225617187 0.500583726562 -0.577483
-0.19748729375 0.356584875 -0.577483
-0.25835778125 0.147132 -0.577483
-0.31922826875 0.147132 -0.577483
-0.273575403125 0.077314375 -0.577483
-0.31922826875 0.077314375 -0.577483
-0.273575403125 0.216949625 -0.577483
-0.25835778125 0.496220125 -0.577483
-0.315899413965 0.350039472656 -0.577483
-0.291160239344 0.496220125 -0.5738018125
-0.31922826875 0.4264025 -0.577483
-0.25835778125 0.4264025 -0.577483
-0.290695227734 0.365312078125 -0.577483
-0.410534 0.356584875 -0.41298221875
-0.410534 0.496220125 -0.39104878125
-0.410534 0.077314375 -0.506199328125
-0.410534 0.216949625 -0.45684909375
-0.410534 0.216949625 -0.50071596875
-0.410534 0.314645798438 -0.06753103125
-0.410534 0.166785507031 -0.02366428125
-0.410534 0.198952639062 -0.03463096875
-0.410534 0.0154505015625 0.00923578125
-0.410534 -0.0803178609375 0.05310253125
-0.410534 -0.113353671484 0.061327546875
-0.410534 0.51367453125 -0.457534513672
-0.410534 0.356584875 -0.52264940625
-0.410534 0.496220125 -0.48974925
-0.410534 0.356584875 -0.48974925
-0.410534 0.550049410938 -0.06753103125
-0.410534 0.454281048438 -0.06753103125
-0.410534 0.478223139063 -0.026405953125
-0.410534 0.56202045625 0.0256858125
-0.410534 0.460266571094 0.0380233359375
-0.410534 0.123109073438 0.02020246875
-0.410534 -0.0247512179687 0.06406921875
-0.410534 0.0874672273438 0.02020246875
-0.410534 0.280700891406 0.006494109375
-0.410534 0.286686414063 0.061327546875
-0.410534 0.382454776563 0.00923578125
-0.410534 0.364498208594 0.0380233359375
-0.0217148916172 0.573991501563 0.121574487422
-0.0491159703125 0.46625209375 0.124386
-0.106182275 0.56202045625 0.124386
-0.135666532422 0.454281048438 0.124386
0.0193635953125 0.37048373125 0.124386
0.007950334375 0.27471536875 0.124386
-0.0947690140625 0.27471536875 0.124386
-0.068138071875 0.37048373125 0.124386
-0.106182275 0.37048373125 0.124386
-0.0338982890625 0.17894700625 0.124386
-0.052920390625 0.08317864375 0.124386
0.0421901171875 0.17894700625 0.124386
0.0193635953125 0.08317864375 0.124386
-0.351565945313 0.0801858824219 0.488458
-0.363930214844 0.166682730078 0.487682085937
-0.31161984375 0.08317864375 0.488458
-0.293073439453 0.104127973047 0.488458
-0.307815453125 0.17894700625 0.488458
-0.410534 0.167217771875 0.4574214375
-0.410534 0.0655847921875 0.44190315625
-0.410534 0.157834384375 0.4325921875
-0.338250578125 0.37048373125 0.488458
-0.315424234375 0.286686414063 0.488458
-0.35727253125 0.286686414063 0.488458
-0.410534 0.255362132031 0.437247671875
-0.410534 0.354062803125 0.4450068125
-0.410534 0.0468180171875 0.39224465625
-0.410534 0.14141345625 0.383452375
-0.239336421875 0.27471536875 0.488458
-0.262162765625 0.358512685938 0.488458
-0.224118859375 0.37048373125 0.488458
-0.167053 0.27471536875 0.43157175
-0.167053 0.27471536875 0.38606275
-0.167053 0.37048373125 0.39744
-0.167053 0.37048373125 0.36330825
-0.207950199219 0.469244855078 0.488458
-0.254553984375 0.573991501563 0.488458
-0.230776542969 0.553042172266 0.488458
-0.23553203125 0.46625209375 0.488458
-0.167053 0.46625209375 0.40881725
-0.167053 0.56202045625 0.369352414062
-0.29640228125 0.573991501563 0.488458
-0.276429230469 0.457273809766 0.488458
-0.167053 0.17894700625 0.31779925
-0.167053 0.08317864375 0.29504475
-0.167053 0.08317864375 0.34055375
-0.167053 0.17894700625 0.27229025
-0.167053 0.46625209375 0.31779925
-0.167053 0.56202045625 0.31922140625
-0.167053 0.56202045625 0.27229025
-0.167053 0.37048373125 0.232469875
-0.167053 0.37048373125 0.18127225
-0.167053 0.27471536875 0.232469875
-0.167053 0.08317864375 0.24953575
-0.167053 0.190918051562 0.18553871875
-0.167053 0.08317864375 0.198338125
-0.167053 0.17894700625 0.22678125
-0.410534 0.556034933594 0.297177984375
-0.410534 0.46625209375 0.29504475
-0.410534 0.56202045625 0.243847125
-0.410534 0.46625209375 0.18127225
-0.410534 0.46625209375 0.231403257812
-0.410534 0.247996617773 0.318498683594
-0.410534 0.27471536875 0.22678125
-0.410534 0.27471536875 0.18127225
-0.410534 0.37048373125 0.209715375
-0.410534 0.062066021875 0.2391789375
-0.410534 0.0651600789063 0.263984517578
-0.410534 0.145984244531 0.29476846875
-0.410534 0.0396203515625 0.287752722656
-0.0875168176758 -0.0604739 0.203671210937
-0.403514731689 -0.350318578125 -0.20535969585
0.0502835703125 -0.341591375 -0.577145421875
0.054572484375 -0.27177375 -0.57680784375
0.047710221875 0.56603775 -0.57734796875
0.0494257875 0.496220125 -0.5772129375
0.0155594125 0.635855375 -0.577483
0.01304168125 0.51367453125 -0.577381726562
-0.01487583125 0.635855375 -0.577483
-0.410534 0.496220125 -0.1936479375
-0.410534 0.669759864062 -0.158006203125
-0.410534 0.5400870125 -0.160747875
0.0848210835937 0.530124614062 0.123576
-0.410534 -0.341591375 -0.5116826875
-0.31922826875 -0.27177375 -0.577483
-0.38009875625 -0.201956125 -0.577483
-0.197627465625 -0.411409 0.146643398437
-0.410534 -0.341591375 0.058585875
-0.410534 -0.326145615625 0.10793596875
-0.410534 -0.301952444141 0.0928567734375
-0.382465970594 0.635855375 -0.5738018125
-0.167053 -0.01258971875 0.442949
-0.170857390625 0.65778881875 0.45432625
-0.410534 0.650043910938 0.438293515625
-0.410534 0.65778881875 0.0914859375
-0.410534 0.65778881875 0.15851775
-0.167053 0.56202045625 0.15851775
-0.410534 0.08317864375 0.0914859375
-0.410534 -0.05645660625 0.102452625
-0.410534 0.0936835347656 0.178814835937
-0.129008796875 -0.01258971875 0.124386
0.078145465625 -0.0345231625 0.124251
0.053603378125 -0.01258971875 0.124386
0.10731008125 0.23888306875 0.121956
0.107738972656 -0.219953110938 0.12192225
0.103557281445 -0.0526499753906 0.1222513125
0.098732253125 -0.04842201875 0.122631
-0.410534 -0.062320875 -0.1936479375
-0.410534 0.216949625 -0.25944815625
-0.410534 0.207131521484 -0.197075027344
-0.410534 0.068587171875 -0.164174964844
-0.410534 -0.341591375 -0.3362151875
-0.410534 -0.341591375 -0.43491565625
-0.410534 -0.341591375 -0.09494775
-0.410534 -0.341591375 -0.116881125
-0.410534 -0.350318578125 -0.0332601328125
-0.410534 -0.341591375 -0.00721425
-0.410534 -0.201956125 -0.09494775
0.0579391085449 0.016223953125 -0.576168555176
0.0592902898437 0.28676725 -0.576436507812
0.02585280625 0.077314375 -0.5766728125
0.0267105890625 -0.062320875 -0.576605296875
-0.0864030014648 -0.328500570313 -0.575037897461
-0.19748729375 -0.341591375 -0.577483
-0.137915379004 -0.263046546875 -0.57736062793
-0.0723151875 -0.27177375 -0.5772129375
-0.0939224618164 -0.210683328125 -0.577191838867
-0.134901240625 -0.201956125 -0.57734796875
-0.104465996875 0.216949625 -0.57734796875
-0.0717532704102 0.278040046875 -0.577318430664
-0.2279225375 0.077314375 -0.577483
-0.134901240625 0.077314375 -0.57734796875
-0.0723151875 0.216949625 -0.5772129375
-0.0927033033203 0.105677785156 -0.577170740234
-0.19748729375 -0.062320875 -0.577483
-0.13661680625 0.356584875 -0.577483
-0.2279225375 0.216949625 -0.577483
-0.116357126812 0.644582578125 -0.574274082031
-0.2339937736 0.644582578125 -0.572478885742
-0.263092209937 0.635855375 -0.570120625
-0.195822866357 0.555128746094 -0.577483
-0.212704915625 0.496220125 -0.577483
-0.260724995594 0.56603775 -0.5738018125
-0.410534 0.356584875 -0.36911534375
-0.410534 0.077314375 -0.45684909375
-0.410534 0.216949625 -0.3362151875
-0.410534 0.077314375 -0.358148625
-0.410534 0.216949625 -0.4239489375
-0.410534 0.23440403125 -0.09494775
-0.410534 -0.046875115625 0.02020246875
-0.410534 0.077314375 -0.09494775
-0.410534 0.259079155469 -0.07849771875
-0.410534 0.14311470625 -0.029147625
-0.410534 -0.0232418238281 0.00443785546875
-0.410534 0.635855375 -0.45684909375
-0.410534 0.496220125 -0.4239489375
-0.410534 0.65778881875 0.0037524375
-0.410534 0.550049410938 -0.026405953125
-0.410534 0.346812930469 -0.07849771875
-0.410534 0.155276205469 0.00923578125
-0.410534 0.23084848125 -0.029147625
-0.0647110094453 0.56202045625 0.123448829141
0.0512256154297 0.385447537891 0.124386
0.0881708022461 0.210469136133 0.12346209375
0.0851149509766 0.137455282422 0.1237025625
-0.38009875625 0.077314375 -0.577483
-0.38009875625 0.00749675 -0.577483
-0.38009875625 0.356584875 -0.577483
-0.3496635125 0.216949625 -0.577483
-0.3496635125 0.077314375 -0.577483
-0.31922826875 0.216949625 -0.577483
-0.3496635125 0.356584875 -0.577483
-0.31922826875 0.28676725 -0.577483
-0.410534 -0.04842201875 0.058585875
-0.321130820313 -0.0006186734375 0.488458
-0.167053 0.46625209375 0.442949
-0.167053 0.46625209375 0.27229025
-0.167053 0.27471536875 0.2836675
-0.15944415625 -0.01258971875 0.34055375
-0.15944415625 -0.01258971875 0.24953575
-0.325886308594 0.648810534766 0.488458
-0.169668518555 0.669759864062 0.373974421875
-0.167053 0.65778881875 0.27229025
-0.410534 0.37048373125 0.27229025
-0.410534 0.46625209375 0.3291765
-0.249911671875 0.705673 0.140203089844
-0.410534 0.478223139063 0.09696928125
-0.410534 0.286686414063 0.09696928125
-0.022485028125 0.08317864375 0.124386
-0.410534 -0.197592523438 -0.159034330078
-0.0088713515625 -0.27177375 -0.577010390625
-0.0071557859375 -0.201956125 -0.576875359375
0.020706109375 0.356584875 -0.57707790625
-0.0114447 0.356584875 -0.5772129375
-0.090963940625 0.496220125 -0.577483
-0.0795507242188 0.58349215625 -0.577483
-0.410534 0.366402978516 -0.155949949219
-0.410534 0.496220125 -0.34718190625
-0.410534 0.400953924219 -0.119622796875
-0.410534 0.42238520625 -0.116881125
-0.410534 0.573991501563 -0.11139778125
0.08672329375 0.410414160938 0.123576
-0.410534 -0.201956125 -0.4678158125
-0.25835778125 -0.201956125 -0.577483
-0.231726942969 -0.18450171875 -0.577483
-0.31922826875 -0.062320875 -0.577483
-0.310668356445 -0.001230453125 -0.577483
-0.410534 -0.201956125 0.014719125
-0.410534 -0.201956125 -0.00721425
-0.410534 -0.148126839063 0.06406921875
-0.321595483094 0.496220125 -0.5738018125
-0.410534 0.496220125 -0.52264940625
-0.265016058594 0.0742003597656 0.488458
-0.167053 0.17894700625 0.43157175
-0.167053 0.56202045625 0.43157175
-0.410534 0.56202045625 0.36330825
-0.410534 0.550049410938 0.055844203125
-0.410534 0.03931175625 0.058585875
-0.410534 0.183436148242 0.0555014941406
0.10387895 0.053834028125 0.122226
-0.410534 -0.062320875 -0.09494775
-0.070599621875 -0.062320875 -0.57707790625
-0.070599621875 0.00749675 -0.57707790625
-0.10275043125 -0.062320875 -0.5772129375
-0.232678044336 0.347857671875 -0.577483
-0.25835778125 0.28676725 -0.577483
-0.410534 0.356584875 -0.45684909375
-0.410534 0.0510923476562 0.00923578125
-0.410534 0.0692797875 0.014719125
-0.410534 0.478223139063 0.00923578125
-0.0766980175781 0.454281048438 0.124386
0.00034149375 0.17894700625 0.124386
-0.167053 0.46625209375 0.36330825
0.20917612207 0.6707641875 -0.0215291648242
0.230479084961 -0.3765001875 -0.0369639138672
0.199335592773 -0.3765001875 -0.0154952361865
0.174920470508 0.6707641875 -0.00310371937012
0.164950658203 -0.3765001875 0.000968779121094
0.146473563867 0.6707641875 0.00791006865234
0.129720658276 0.679491390625 0.0113297758984
0.127688618066 -0.3765001875 0.012281148418
0.102454649512 0.6707641875 0.0164554610937
0.0997792234619 -0.385227390625 0.0160155760107
0.0799426712891 -0.3765001875 0.0181914176172
0.0724677083281 0.6707641875 0.0181914176172
0.0538065799009 0.679491390625 0.0160901767383
0.0497307968574 -0.3765001875 0.0164377816016
0.0256788034004 0.6707641875 0.0123909700781
0.0139714094854 -0.3765001875 0.0095679712793
-0.00415634300586 0.6707641875 0.00452171685547
-0.0207600939514 0.679491390625 -0.00312940396729
-0.0208860715428 -0.380863789063 -0.00280912411743
-0.0464007470479 0.6707641875 -0.015473357041
-0.0558198665625 -0.3765001875 -0.021266265625
-0.0722434238281 0.6707641875 -0.0322253277344
-0.0850652239014 0.679491390625 -0.0441052125977
-0.0866332283203 -0.3765001875 -0.0446698109375
-0.105224355762 0.6707641875 -0.0632319410156
-0.112607431348 -0.3765001875 -0.0719083755859
-0.128560068359 0.6707641875 -0.0937774988281
-0.128498076782 -0.385227390625 -0.0949574450684
-0.143044621582 -0.3765001875 -0.120096268359
-0.147008843262 0.6707641875 -0.127983596484
-0.154349443359 -0.3765001875 -0.145353999219
-0.159715393555 0.6707641875 -0.164612671875
-0.162414203125 -0.3765001875 -0.175401123047
-0.166562116211 0.6707641875 -0.201945459961
-0.167512666992 -0.3765001875 -0.213654170898
-0.168226974609 0.6707641875 -0.232161693359
-0.165617689453 0.6707641875 -0.258512319336
-0.166570955078 -0.3765001875 -0.251712976562
-0.159442207642 0.679491390625 -0.287591242676
-0.161488336426 -0.385227390625 -0.279101525391
-0.158072188477 -0.3765001875 -0.296332355469
-0.151260717285 0.6707641875 -0.314847173828
-0.147013244141 -0.3765001875 -0.325056736328
-0.134509041992 0.6707641875 -0.349578275391
-0.117394844727 -0.3765001875 -0.374963366211
-0.117844098047 0.6707641875 -0.375278298828
-0.0999796175781 0.6707641875 -0.395218766602
-0.100236969922 -0.3765001875 -0.395911578125
-0.0790466716084 0.679491390625 -0.414305482666
-0.0775217033203 -0.3765001875 -0.416246827148
-0.0570798692461 0.6707641875 -0.431251016602
-0.0544597902832 -0.385227390625 -0.432116861084
-0.0378099452227 -0.3765001875 -0.443018791016
-0.0311497156875 0.6707641875 -0.446412388672
-0.00534192236426 0.6707641875 -0.456517259766
-0.0100945781104 -0.3765001875 -0.455171646484
0.0235135403335 0.679491390625 -0.464429429443
0.0248859867539 -0.3765001875 -0.465285250977
0.0513035372871 0.6707641875 -0.469516616211
0.0615820444175 -0.380863789063 -0.4700857052
0.0900990447266 0.6707641875 -0.470358943359
0.101124267773 -0.3765001875 -0.469509319824
0.12813349043 0.6707641875 -0.465231665527
0.129123573584 -0.385227390625 -0.464424797729
0.147053491016 -0.3765001875 -0.460855373047
0.164875741211 0.6707641875 -0.454165871094
0.198902991211 0.6707641875 -0.437931501953
0.209131270508 -0.3765001875 -0.431642808594
0.230246819336 0.6707641875 -0.416322972656
0.239160200195 -0.3765001875 -0.408671210938
0.25807953125 0.6707641875 -0.3899050625
0.265339886719 -0.3765001875 -0.38118853418
0.277416429687 0.6707641875 -0.366189529297
0.286258854004 0.679491390625 -0.35051041333
0.287446291016 -0.3765001875 -0.349496045898
0.299669462891 0.6707641875 -0.325777301758
0.304017191406 -0.3765001875 -0.315065692383
0.310730484375 0.6707641875 -0.297247384766
0.31429079541 0.679491390625 -0.279546762451
0.315111193359 -0.3765001875 -0.278271213867
0.319389134766 0.6707641875 -0.251711135742
0.320231779297 -0.3765001875 -0.24040474707
0.320240621094 0.6707641875 -0.212878820312
0.319390608398 -0.3765001875 -0.201853685059
0.315112666992 0.6707641875 -0.174844509277
0.314305900146 -0.385227390625 -0.173854408569
0.310736378906 -0.3765001875 -0.155924507813
0.304017191406 0.6707641875 -0.138031291992
0.299669462891 -0.3765001875 -0.12731969707
0.287446326172 0.6707641875 -0.10360083457
0.286258854004 -0.385227390625 -0.102586384033
0.277416433594 -0.3765001875 -0.0869071257812
0.265575617188 0.6707641875 -0.0720937779297
0.258108775391 -0.3765001875 -0.0632161469727
0.239620547852 0.6707641875 -0.0447485366211
0.204296473755 -0.380863789063 -0.55166495459
0.24461655957 -0.3765001875 -0.533475042969
0.26311906543 -0.385227390625 -0.52138418457
0.298729080322 -0.380863789063 -0.496037168213
0.338259658447 -0.380863789063 -0.457668594482
0.371141198486 -0.380863789063 -0.41421377832
0.392764103516 -0.3765001875 -0.376795296875
0.406488631836 -0.380863789063 -0.340564887207
0.416902121582 -0.385227390625 -0.303166719727
0.424144153076 -0.380863789063 -0.25985153418
0.426321224609 -0.3765001875 -0.216074507812
0.423927558594 -0.385227390625 -0.194158729395
0.417770521729 -0.380863789063 -0.151466726831
0.406529611328 -0.3765001875 -0.109621933398
0.390348061646 -0.380863789063 -0.0736889930298
0.371348481934 -0.385227390625 -0.0399289098633
0.34648060498 -0.380863789063 -0.00468460571289
0.317468363281 -0.3765001875 0.0274972347656
0.26419310835 -0.380863789063 0.0680462058838
0.225835335547 -0.3765001875 0.0899535513672
0.205385018115 -0.385227390625 0.0977743992188
0.166051619287 -0.380178368945 0.111569195313
-0.410534 -0.3765001875 -0.232031359375
0.0971782787598 -0.380863789063 -0.57543887085
0.162360755371 -0.385227390625 -0.564879137695
0.140604662109 -0.3765001875 -0.570831123047
0.253796586914 0.675127789063 0.0744699173096
0.290075835937 0.6707641875 0.0509361794922
0.318804421631 0.675127789063 0.0247613851807
0.345202823486 0.679491390625 -0.0041535677002
0.371124012207 0.675127789063 -0.0388616540039
0.3927649375 0.6707641875 -0.0763015363281
0.400587428711 0.679491390625 -0.0966701236328
0.414561711182 0.675127789063 -0.138102335938
0.423643619141 0.6707641875 -0.181192828125
0.425139103271 0.675127789063 -0.247846343262
0.417779209717 0.675127789063 -0.301620039551
0.406599318359 0.6707641875 -0.343393238281
0.397364332031 0.679491390625 -0.364074748535
0.378055766846 0.675127789063 -0.403163913818
0.354333158203 0.6707641875 -0.439702279297
0.339134372559 0.679491390625 -0.456528374023
0.308324064087 0.675127789063 -0.487917470703
0.264178074951 0.675127789063 -0.521174964355
0.226048947266 0.6707641875 -0.543032902344
0.205036043848 0.679491390625 -0.550898304199
0.16287514231 0.675127789063 -0.56491589917
0.115061655371 0.6707641875 -0.57278918457
-0.410534 0.6707641875 -0.232031367188
0.108051185596 0.679491390625 0.121176711621
0.151449586816 0.675127789063 0.114745595776
0.204565583008 0.675127789063 0.0983442334106
-0.397218580859 -0.3765001875 -0.573370480469
-0.410534 0.6707641875 -0.571999640625
-0.410534 -0.102535771875 0.279440257813
0.21898827832 0.1820408125 -0.0283551492188
0.199910522461 0.1122231875 -0.0159165205029
0.234974183105 0.1122231875 -0.0409536470264
0.199862050781 0.1820408125 -0.0156283210938
0.190201148437 0.1820408125 -0.00969416427734
0.176891015625 0.1122231875 -0.00364675179688
0.169901818359 0.1820408125 -0.000866333691406
0.152651107227 0.1122231875 0.00536343097656
0.14244408877 0.1820408125 0.00836993450195
0.124595783496 0.1122231875 0.0126851660547
0.113472465527 0.1820408125 0.0147634056055
0.0956016033203 0.1122231875 0.0169946856055
0.0851142308594 0.1820408125 0.0178788001172
0.0673353905723 0.1122231875 0.0178347412891
0.0578000715732 0.1820408125 0.0170078752734
0.0393870995781 0.1122231875 0.0147634056055
0.0250120615234 0.1820408125 0.0116204052734
0.0103196342002 0.1122231875 0.00831105188477
-0.00540376931445 0.1820408125 0.00373794751953
-0.0181709229873 0.1122231875 -0.00149620944336
-0.0268962894688 0.1820408125 -0.00487804128906
-0.041008575 0.1122231875 -0.0119001875
-0.0512095193965 0.1820408125 -0.0182755486914
-0.0648817095703 0.1122231875 -0.0273983029297
-0.0735299226562 0.1820408125 -0.0340349785156
-0.0860516191406 0.1122231875 -0.0439412585938
-0.0821530359375 0.1820408125 -0.0406424898438
-0.0932497875 0.1820408125 -0.050089025
-0.101413046582 0.1122231875 -0.0585748607422
-0.104343879883 0.1820408125 -0.0621920359375
-0.11516840332 0.1122231875 -0.07544450625
-0.118944799219 0.1820408125 -0.080536346875
-0.132137927246 0.1820408125 -0.0993851449219
-0.12915059082 0.1122231875 -0.094527365625
-0.14286253125 0.1122231875 -0.11884861875
-0.148619969727 0.1820408125 -0.132012198047
-0.153769796875 0.1122231875 -0.144506972656
-0.157181539062 0.1122231875 -0.155998710938
-0.159592708008 0.1820408125 -0.164153599609
-0.162617732422 0.1122231875 -0.175871681641
-0.164564375 0.1820408125 -0.183525625
-0.16589940625 0.1122231875 -0.191200546875
-0.166759449219 0.1122231875 -0.202431339844
-0.166964725586 0.1820408125 -0.206764616211
-0.167705344727 0.1122231875 -0.225385407227
-0.167375360352 0.1820408125 -0.236623770508
-0.16587990918 0.1122231875 -0.255104441406
-0.164576700195 0.1820408125 -0.26544234668
-0.160650164551 0.1122231875 -0.284778433594
-0.158674338867 0.1820408125 -0.293925306641
-0.1539461875 0.1122231875 -0.308962375
-0.149245636719 0.1820408125 -0.320035216797
-0.144358617187 0.1122231875 -0.331312074219
-0.138645101562 0.1122231875 -0.341850226562
-0.137172212891 0.1820408125 -0.344546144531
-0.12843640625 0.1122231875 -0.359746078125
-0.131994996094 0.1820408125 -0.354096679688
-0.124400375 0.1820408125 -0.366534375
-0.119917207031 0.1122231875 -0.372905300781
-0.106807924805 0.1122231875 -0.388018970703
-0.109746641602 0.1820408125 -0.384587258789
-0.0837277430664 0.1122231875 -0.410293311035
-0.0890787230469 0.1820408125 -0.405827768555
-0.0661284986328 0.1820408125 -0.42474130957
-0.0512186508867 0.1122231875 -0.434842927734
-0.0422758582031 0.1820408125 -0.440392246094
-0.0264148041299 0.1122231875 -0.448424492187
-0.0175432531216 0.1820408125 -0.452016404297
-0.0058348082168 0.1122231875 -0.456707109375
0.0221700154673 0.1122231875 -0.464476022949
0.00810974631738 0.1820408125 -0.460689492187
0.0259965536602 0.1820408125 -0.465745250977
0.050140790625 0.1122231875 -0.469601919922
0.0501702987422 0.1820408125 -0.469427361328
0.068265946875 0.1122231875 -0.470438666016
0.0713367351562 0.1820408125 -0.470527054688
0.0833202972656 0.1820408125 -0.47083346875
0.0955868027344 0.1122231875 -0.470068681641
0.1075869 0.1820408125 -0.4692306875
0.123131486719 0.1122231875 -0.466616885742
0.151125182617 0.1122231875 -0.458983496094
0.152456076831 0.177677210937 -0.457984507263
0.166778189453 0.1820408125 -0.453473007812
0.17574734375 0.1122231875 -0.449846964844
0.18327575 0.1820408125 -0.446805
0.192830404297 0.1122231875 -0.441804488281
0.198014428711 0.1820408125 -0.438448447266
0.211583329102 0.1122231875 -0.429713175781
0.220869311523 0.1820408125 -0.423374382813
0.235498333008 0.1122231875 -0.411829851563
0.238883152344 0.1820408125 -0.409116515625
0.247463257813 0.1820408125 -0.401819046875
0.252887875 0.1122231875 -0.39622775
0.264377836914 0.1820408125 -0.382114791016
0.265653259766 0.1122231875 -0.380784606445
0.285037232422 0.1122231875 -0.353517307617
0.293254835938 0.1820408125 -0.340388558594
0.296686 0.1122231875 -0.33339475
0.303251857422 0.1820408125 -0.316422133789
0.304053732422 0.1122231875 -0.31476296582
0.315411630859 0.1820408125 -0.277523221191
0.314062544922 0.1122231875 -0.282840209961
0.319483230469 0.1122231875 -0.252837353516
0.319437375 0.1820408125 -0.252221552734
0.320320253906 0.1122231875 -0.234712029297
0.320408671875 0.1820408125 -0.23164121875
0.3207151875 0.1820408125 -0.219657574219
0.319950199219 0.1122231875 -0.20739109375
0.319111875 0.1820408125 -0.1953910625
0.316497888672 0.1122231875 -0.179846512695
0.308864496094 0.1122231875 -0.151852817383
0.307865521362 0.177677210937 -0.150521920349
0.303354007812 0.1820408125 -0.136199810547
0.299610214844 0.1122231875 -0.127038491016
0.296686 0.1820408125 -0.11970225
0.293254835938 0.1122231875 -0.112708408594
0.282671591797 0.1122231875 -0.0957303367188
0.285037232422 0.1820408125 -0.0995794888672
0.270819578125 0.1122231875 -0.0790213367188
0.265653666016 0.1820408125 -0.0723121361328
0.258108375 0.1122231875 -0.0630889761719
0.25288875 0.1820408125 -0.0568691125
0.248263976562 0.1122231875 -0.0519609207031
0.209855193359 0.1122231875 -0.549759076172
0.229787320312 0.1820408125 -0.540756039062
0.252871932617 0.1820408125 -0.528079875
0.204163055664 0.173313609375 -0.551989521484
0.173266177734 0.1122231875 -0.563093923828
0.186642699219 0.1820408125 -0.55950190625
0.247334953125 0.1122231875 -0.531265722656
0.276000710205 0.173313609375 -0.513305938232
0.29709853125 0.1122231875 -0.49816646875
0.299573356445 0.1820408125 -0.495864737305
0.338257409668 0.1820408125 -0.457592590332
0.274111419434 0.1122231875 -0.515631738281
0.321431878906 0.1122231875 -0.475492433594
0.37023271875 0.1122231875 -0.41668190625
0.377665 0.1820408125 -0.404102746094
0.38612205542 0.173313609375 -0.387345667969
0.353892724609 0.1122231875 -0.440179134766
0.366085201172 0.1820408125 -0.423353390625
0.384368876465 0.120950390625 -0.391182562012
0.399495541992 0.1820408125 -0.360323953125
0.416297246094 0.1122231875 -0.308682904297
0.421703429687 0.1820408125 -0.279823175781
0.404363317383 0.1122231875 -0.348571705078
0.413537649414 0.1820408125 -0.320212685547
0.423407652344 0.1122231875 -0.267391527344
0.425824904297 0.1820408125 -0.243863472656
0.42587965625 0.1122231875 -0.2076768125
0.423332115234 0.1820408125 -0.185174300781
0.426498420898 0.1122231875 -0.236539431641
0.426445726563 0.1820408125 -0.215511988281
0.421838147461 0.1122231875 -0.1746635625
0.416276273437 0.1820408125 -0.144254575781
0.3994960625 0.1122231875 -0.0927729427734
0.395463289673 0.177677210937 -0.0844638074829
0.379283283356 0.189677115234 -0.0538037479645
0.415475247559 0.120950390625 -0.141909476562
0.411646421875 0.1122231875 -0.124394565234
0.40784209375 0.1820408125 -0.112440048047
0.386122609375 0.120950390625 -0.0657508212402
0.377595705078 0.1122231875 -0.0489116931641
0.364352914062 0.1820408125 -0.0284930476562
0.359864317749 0.123132191406 -0.0234378895264
0.341966310547 0.1820408125 0.000931006640625
0.303551601562 0.1122231875 0.0393162208008
0.295951546875 0.173313609375 0.0450559366943
0.267791386719 0.188586214844 0.0649027615173
0.334273387695 0.1122231875 0.00995165175781
0.313174716797 0.1820408125 0.0310755417969
0.271746545898 0.116586789062 0.0628873734985
0.2430560625 0.1820408125 0.0806343882812
0.236522113281 0.1122231875 0.0838884609375
0.209031114673 0.177677210937 0.0968540394531
0.16646821875 0.1122231875 0.11162925
0.152207852734 0.1820408125 0.11481071875
0.126870198437 0.1820408125 0.1193365
0.207097326172 0.120950390625 0.0975685545898
0.174094933008 0.1820408125 0.10974625
0.190925964844 0.1122231875 0.104667239648
0.141285286914 0.120699309766 0.1164466875
0.125607274023 0.1122231875 0.119587796875
0.095301121875 -0.2010326375 0.122901
-0.410534 0.1122231875 -0.23066053125
-0.410534 0.1820408125 -0.226548015625
-0.410534 -0.3765001875 -0.406128019531
-0.410534 -0.385227390625 -0.070272703125
0.0983033617187 0.1122231875 -0.575761351562
0.0913894935547 0.1820408125 -0.576006095703
0.0660413179687 0.1122231875 -0.576504023438
0.124578586816 0.1820408125 -0.573043529297
-0.129048984375 -0.3765001875 -0.5748650625
-0.178465266406 -0.3765001875 -0.577483
0.157683164062 0.1820408125 -0.566834929687
0.149211861328 0.1122231875 -0.568868630859
0.125109074609 0.1122231875 -0.573651488281
-0.159228793359 0.1820408125 -0.577466121094
-0.16942285127 0.107859585937 -0.577445022461
-0.171079304021 0.6707641875 -0.577040390625
-0.410534 0.1820408125 -0.396532140625
-0.410534 0.1122231875 -0.404757179687
-0.410534 0.1122231875 -0.0716435390625
-0.410534 0.6707641875 -0.414353058594
-0.410534 0.295915778906 -0.03463096875
0.0794321398437 0.282207376563 0.12414975
-0.410534 0.1122231875 -0.571999640625
-0.392463074023 0.173313609375 -0.575426740234
-0.410534 -0.064895471875 0.197081671875
-0.410534 -0.364054 0.38711375
0.07643 -0.1088624 0.38711375
0.229853397461 0.4613113125 -0.0366381834961
0.221632474609 0.3914936875 -0.0298794113281
0.212607515625 0.3914936875 -0.023824940625
0.213616211914 -0.1670473125 -0.0246464156982
0.22716624707 -0.0972296875 -0.0343044458984
0.199478698242 -0.0972296875 -0.0158242044189
0.188999390625 -0.1670473125 -0.0095780815625
0.17145515625 -0.1670473125 -0.00147153816406
0.175596035156 -0.0972296875 -0.00330121375977
0.210869351563 0.4613113125 -0.0226494859375
0.184066467285 0.4613113125 -0.00754425102051
0.195990058594 0.3914936875 -0.0134278269629
0.174723240234 0.3914936875 -0.00278702832031
0.146377422998 -0.1670473125 0.00768238986328
0.151045417969 -0.0972296875 0.00624443068359
0.155271820313 0.4613113125 0.00495176308594
0.147752306445 0.3914936875 0.007252596875
0.124258139941 0.3914936875 0.0129475603906
0.128774028125 -0.0972296875 0.0120144559375
0.113329392188 -0.1670473125 0.0150455699609
0.110297918652 -0.0972296875 0.0152958895312
0.101236653906 -0.1670473125 0.0162564839063
0.126913840527 0.4613113125 0.012316024834
0.105730454688 0.3914936875 0.0159028940625
0.0795755417969 -0.1670473125 0.0180553152344
0.0928998015625 -0.0972296875 0.0172426182031
0.0711889053535 -0.0972296875 0.0179140191992
0.060630223793 -0.1670473125 0.0173189495312
0.0393220601455 -0.1670473125 0.0145755195508
0.0995471861328 0.4613113125 0.0166016623437
0.08361998125 0.4613113125 0.01801995625
0.0894619222656 0.3914936875 0.0175602894531
0.0728937563213 0.3914936875 0.0182190603906
0.0676668900391 0.4613113125 0.0177901228516
0.0511790990918 0.395857289063 0.0161861856445
0.0409138906699 -0.0972296875 0.0151662399219
0.0191617272109 -0.1670473125 0.0106872428906
0.0466981572695 0.4613113125 0.0157157118359
0.0240856447812 0.3914936875 0.0120144559375
0.0174843158633 -0.0972296875 0.0103993160352
-0.00382671849414 -0.1670473125 0.00434663677734
-0.00130126783984 -0.0972296875 0.00541175777344
0.0209720074336 0.4613113125 0.0110855571875
0.00368861051563 0.4613113125 0.00702067171875
0.005471037 0.3914936875 0.00735194125
-0.00798997694727 0.3914936875 0.00297200134766
-0.0257393826797 -0.1670473125 -0.00458334054688
-0.0339183717187 -0.0972296875 -0.0086580921875
-0.0480361731973 -0.1670473125 -0.016317073457
-0.0112304092109 0.4613113125 0.00155350648438
-0.0274842001943 0.4613113125 -0.00545234879883
-0.0257127075645 0.3914936875 -0.00455320759766
-0.0474781513828 0.4613113125 -0.0160302703906
-0.0468217046426 0.3914936875 -0.0155039158398
-0.0578780589844 -0.0972296875 -0.0223207484375
-0.06977514375 -0.1670473125 -0.030410853125
-0.0733863867188 -0.0972296875 -0.0333405773437
-0.0817098667969 -0.1670473125 -0.0402330820312
-0.0645156726563 0.4613113125 -0.0266915945313
-0.0655405851562 0.3914936875 -0.0273196757813
-0.0820889789062 0.3914936875 -0.0406032347656
-0.0905265384766 -0.0972296875 -0.0482578214844
-0.0997437961914 -0.1670473125 -0.0573352708984
-0.0848034234375 0.4613113125 -0.0429833878906
-0.0980388132813 0.4613113125 -0.055044846875
-0.0971247601563 0.3914936875 -0.054264178125
-0.108467135352 0.3914936875 -0.0672188285156
-0.112226249902 0.4613113125 -0.0720455230469
-0.120268046875 0.3914936875 -0.0821580640625
-0.126624154297 0.3914936875 -0.0916978375
-0.11627059375 -0.1670473125 -0.07617479375
-0.107158437891 -0.0972296875 -0.0653065523438
-0.116521818848 -0.0972296875 -0.0766634537109
-0.126406022461 -0.1670473125 -0.090880875
-0.131799520508 -0.0972296875 -0.0992547375
-0.137943549805 -0.1670473125 -0.109460653125
-0.148591691895 -0.1670473125 -0.131682469531
-0.143482892578 -0.0972296875 -0.119793421875
-0.132167615723 0.4613113125 -0.100119649805
-0.136690731445 0.3914936875 -0.106988826563
-0.147553019531 0.4613113125 -0.12906744375
-0.147331361328 0.3914936875 -0.128255757422
-0.152269054688 -0.0972296875 -0.140269511719
-0.158338285156 -0.1670473125 -0.158300375
-0.158338285156 -0.0972296875 -0.158300375
-0.16274065625 -0.1670473125 -0.1765346875
-0.155069792969 0.4613113125 -0.147707125
-0.155529761719 0.3914936875 -0.1488176875
-0.160408615234 0.3914936875 -0.166369160156
-0.163880548828 -0.0972296875 -0.180979841797
-0.166835878418 -0.1670473125 -0.206100075684
-0.167113414063 -0.0972296875 -0.209177578125
-0.162065333984 0.4613113125 -0.173545664062
-0.165310544922 0.3914936875 -0.190910880859
-0.165938453125 0.4613113125 -0.195744117187
-0.167213314453 0.3914936875 -0.209847955078
-0.16739084375 -0.1670473125 -0.239044083984
-0.167599141602 -0.0972296875 -0.236322301758
-0.167570020508 0.4613113125 -0.218950700195
-0.168014568359 0.3914936875 -0.230068294922
-0.165976823242 0.3914936875 -0.256190790039
-0.164177555664 -0.1670473125 -0.269696863281
-0.165650126953 -0.0972296875 -0.260417931641
-0.167095326172 0.4613113125 -0.245946708984
-0.165643140625 0.4613113125 -0.261855765625
-0.163471076172 0.3914936875 -0.274023900391
-0.161381411133 -0.0972296875 -0.282751929687
-0.156039421875 -0.0972296875 -0.3014523125
-0.153139228516 -0.1670473125 -0.310665066406
-0.142602611328 -0.1670473125 -0.334199976563
-0.162576757813 0.4613113125 -0.277446304687
-0.158199216797 0.4613113125 -0.294595856445
-0.158810186523 0.3914936875 -0.292705515625
-0.150879402344 0.4613113125 -0.3159985
-0.151296494141 0.3914936875 -0.315267771484
-0.14629365625 -0.0972296875 -0.327254535156
-0.137835792969 -0.0972296875 -0.344295828125
-0.128054492187 -0.1670473125 -0.360301804688
-0.143015191406 0.4613113125 -0.334494234375
-0.142555222656 0.3914936875 -0.335604796875
-0.133593978516 0.3914936875 -0.351465003906
-0.125717107422 -0.0972296875 -0.364250826172
-0.116160457617 -0.1670473125 -0.376978167969
-0.113633558594 -0.0972296875 -0.380190089844
-0.0998262632812 -0.1670473125 -0.395813398438
-0.130097431641 0.4613113125 -0.357080574219
-0.121858710938 0.4613113125 -0.369872148438
-0.11986884375 0.3914936875 -0.37212959375
-0.112795648438 0.4613113125 -0.381062585937
-0.0979857533203 -0.0972296875 -0.397733107422
-0.0824040339844 -0.1670473125 -0.412161861328
-0.0994930652344 0.4613113125 -0.396330189453
-0.0981363992188 0.3914936875 -0.397936726563
-0.0883871390625 0.3914936875 -0.407036269531
-0.0673309075195 0.3914936875 -0.423749112793
-0.078514078125 -0.0972296875 -0.41534515625
-0.0661291230469 -0.1670473125 -0.425057601563
-0.0635417419922 -0.0972296875 -0.426657000977
-0.055904315625 -0.1670473125 -0.431626867187
-0.0822987796875 0.4613113125 -0.411927203125
-0.0716883851563 0.4613113125 -0.420989482422
-0.182632844141 0.705673 -0.468751060547
-0.0374210137031 -0.1670473125 -0.443064113281
-0.0489239320312 -0.0972296875 -0.4362905625
-0.0375494953125 -0.0972296875 -0.443316253906
-0.0222191158242 -0.0972296875 -0.450175078125
-0.0202062133066 -0.1670473125 -0.451008828125
0.00988920130151 -0.1670473125 -0.461081944336
-0.0545557207031 0.4613113125 -0.432701419922
-0.041008575 0.4613113125 -0.4411964375
-0.0460050234375 0.3914936875 -0.438134480469
-0.0315418724897 0.3914936875 -0.446243585938
-0.0266898988945 0.4613113125 -0.448234197266
-0.0139941767432 0.3914936875 -0.453340195313
-0.00166137089941 -0.0972296875 -0.458041445313
0.00931089424512 0.4613113125 -0.46093579248
0.0109455298403 0.3914936875 -0.461832591797
0.023952069041 -0.0972296875 -0.465079126953
0.0360884474531 -0.1670473125 -0.467847804687
0.0538856601562 -0.1670473125 -0.469825837891
0.0412648777734 -0.0972296875 -0.468679558594
0.0360884474531 0.4613113125 -0.467847804687
0.0402341912109 0.3914936875 -0.46824472168
0.0604766390625 -0.0972296875 -0.470391525391
0.0798750398437 -0.1670473125 -0.471080957031
0.0786766898437 -0.0972296875 -0.471175238281
0.107520510938 -0.1670473125 -0.468811414062
0.0564579970195 0.4613113125 -0.469945630859
0.0743326546875 0.4613113125 -0.471187023437
0.0687902507813 0.3914936875 -0.470915964844
0.0878141214844 0.3914936875 -0.470715617187
0.104238879492 -0.0972296875 -0.469158036133
0.134553311914 -0.1670473125 -0.463838389648
0.128140117969 -0.0972296875 -0.465420412109
0.0911095734375 0.4613113125 -0.470244210937
0.105703412109 0.4613113125 -0.469284552734
0.11522864375 0.3914936875 -0.467686140625
0.134315840234 0.3914936875 -0.463955831055
0.147998083008 -0.0972296875 -0.460266035156
0.150631523438 -0.1670473125 -0.45976671875
0.168079230469 -0.1670473125 -0.453023134766
0.166668509766 -0.0972296875 -0.453620195312
0.147217234766 0.4613113125 -0.46051997168
0.149886425781 0.3914936875 -0.459897265625
0.166953435547 0.3914936875 -0.453527617188
0.19015190625 -0.1670473125 -0.443142625
0.182421421875 -0.0972296875 -0.447107976563
0.193232230469 -0.0972296875 -0.441434175781
0.203876302734 -0.1670473125 -0.434966507813
0.173046958984 0.4613113125 -0.450952773438
0.189361796875 0.4613113125 -0.443571671875
0.184695742188 0.3914936875 -0.445962382813
0.200048681641 0.3914936875 -0.437188050781
0.20810584375 -0.0972296875 -0.43225053125
0.225995495117 -0.1670473125 -0.419482578125
0.217262638672 -0.0972296875 -0.426377226562
0.209634399414 0.4613113125 -0.431148392578
0.222876016602 0.3914936875 -0.422061941406
0.243810675781 -0.1670473125 -0.404521554688
0.247351755859 -0.0972296875 -0.401172554688
0.259493494141 -0.1670473125 -0.388340091797
0.232015728516 0.4613113125 -0.414827507812
0.245451890625 0.4613113125 -0.40319703125
0.240117679687 0.3914936875 -0.408031203125
0.253325832031 0.3914936875 -0.395606445312
0.25991434375 0.3914936875 -0.3880011875
0.264326058594 -0.0972296875 -0.382781673828
0.276747074219 -0.1670473125 -0.366719384766
0.27565846875 -0.0972296875 -0.368518324219
0.287497234375 -0.1670473125 -0.349559179687
0.263355546875 0.4613113125 -0.383818458984
0.275477734375 0.3914936875 -0.368340813477
0.27530409375 0.4613113125 -0.369186601562
0.284315449219 -0.0972296875 -0.354998826172
0.294697859375 -0.1670473125 -0.337088992187
0.2930856875 -0.0972296875 -0.33962984375
0.300833773438 -0.1670473125 -0.323165958984
0.285983867188 0.4613113125 -0.352186225586
0.288188320312 0.3914936875 -0.348566394531
0.294697859375 0.4613113125 -0.337088992187
0.296910476563 0.3914936875 -0.332668527344
0.300826 0.3914936875 -0.3233996875
0.303408617188 -0.0972296875 -0.317072435547
0.310257714844 -0.1670473125 -0.297958103516
0.309778265625 -0.0972296875 -0.300005425781
0.302053964844 0.4613113125 -0.320158638672
0.310319984375 0.4613113125 -0.297346386719
0.309551605469 0.3914936875 -0.299892405273
0.313833886719 -0.0972296875 -0.284472287109
0.318940587891 -0.1670473125 -0.256661405273
0.3174258125 -0.0972296875 -0.26714509375
0.316322859375 0.4613113125 -0.273148774414
0.315529570313 0.3914936875 -0.277157785156
0.319349390625 0.4613113125 -0.252890101563
0.319059691406 0.3914936875 -0.257469980469
0.320273097656 -0.0972296875 -0.242501373047
0.320962757812 -0.1670473125 -0.223102816406
0.321057070312 -0.0972296875 -0.224301160156
0.319573382812 -0.1670473125 -0.203052628906
0.320797710937 0.4613113125 -0.234187667969
0.320797710937 0.3914936875 -0.234187667969
0.320597296875 0.3914936875 -0.215163746094
0.31961334375 -0.0972296875 -0.202212173828
0.316378857422 -0.1670473125 -0.180659705078
0.316065017578 -0.0972296875 -0.178698040039
0.310319984375 -0.1670473125 -0.155750613281
0.320125734375 0.4613113125 -0.211868335937
0.319165792969 0.4613113125 -0.197274541016
0.31756728125 0.3914936875 -0.187749328125
0.313836833984 0.3914936875 -0.16866215918
0.310147035156 -0.0972296875 -0.154979916992
0.302053964844 -0.1670473125 -0.132938354297
0.312354855469 0.4613113125 -0.162565021484
0.304640433594 0.4613113125 -0.139443774414
0.309778265625 0.3914936875 -0.153091574219
0.303408617188 0.3914936875 -0.136024564453
0.300826 -0.0972296875 -0.1296973125
0.291767625 -0.1670473125 -0.11077633125
0.296910476563 -0.0972296875 -0.120428467969
0.288188320312 -0.0972296875 -0.104530469531
0.283130355469 -0.1670473125 -0.0962765203125
0.294697859375 0.4613113125 -0.116007979687
0.2930856875 0.3914936875 -0.11346709375
0.283938394531 0.4613113125 -0.0976176207031
0.284315449219 0.3914936875 -0.0980979636719
0.27256734375 -0.1670473125 -0.080343765625
0.27132 -0.0972296875 -0.07902811875
0.262255777344 -0.1670473125 -0.0679448833984
0.273114703125 0.4613113125 -0.081057021875
0.275658523437 0.3914936875 -0.0845783375
0.264326480469 0.3914936875 -0.0703150550781
0.239641829102 -0.1670473125 -0.0446507892578
0.244704089844 -0.0972296875 -0.0490594857422
0.256677929688 -0.0972296875 -0.0613417898438
0.250541796875 -0.1670473125 -0.0545554867188
0.238559474609 0.3914936875 -0.0438886177734
0.247932984375 0.4613113125 -0.0520800210938
0.259994542969 0.4613113125 -0.0653154792969
0.251648585938 0.3914936875 -0.0557789730469
0.193221679688 -0.1670473125 -0.556849546875
0.212987511719 -0.0972296875 -0.548406996094
0.189048339844 -0.0972296875 -0.558578273437
0.173370761719 -0.1670473125 -0.563068816406
0.219450679443 -0.158320109375 -0.545297279297
0.24515145459 -0.0972296875 -0.53294409375
0.250480083008 -0.1670473125 -0.529762609375
0.268771731445 -0.0972296875 -0.518553621094
0.276553344238 -0.1670473125 -0.513257787109
0.306182378906 -0.0972296875 -0.489357183594
0.301153359375 -0.1670473125 -0.493729640625
0.323529632813 -0.1670473125 -0.474254179687
0.332541855469 -0.0972296875 -0.465373269531
0.349214958984 -0.0972296875 -0.445280806641
0.355459399414 -0.1670473125 -0.437296313477
0.369995255859 -0.0972296875 -0.416199914063
0.372718046875 -0.1670473125 -0.411209289062
0.383291822266 -0.0972296875 -0.392408787109
0.387930461914 -0.1670473125 -0.384001967773
0.399960186523 -0.0972296875 -0.359685746094
0.4135024375 -0.1670473125 -0.321188171875
0.417085683594 -0.0972296875 -0.305254707031
0.40743700293 -0.1670473125 -0.341370894531
0.41124259375 -0.0972296875 -0.330600554687
0.419280519531 -0.1670473125 -0.294095019531
0.4237225 -0.1670473125 -0.2693955625
0.423482112305 -0.0972296875 -0.270144533203
0.425723630859 -0.0972296875 -0.242576800781
0.426013047852 -0.1670473125 -0.233168548828
0.425479578125 -0.0972296875 -0.2077401875
0.424673570312 -0.1670473125 -0.20178853125
0.422704380859 -0.0972296875 -0.18255975
0.422801892578 -0.1670473125 -0.179938875
0.41983 -0.1670473125 -0.1582635
0.41789865625 -0.0972296875 -0.150435491016
0.408605390625 -0.0972296875 -0.117096262695
0.410232679687 -0.1670473125 -0.12293735957
0.393433938965 -0.0972296875 -0.0791453147949
0.400239357422 -0.158320109375 -0.0952653859863
0.387656713867 -0.1670473125 -0.0670365379883
0.371115355469 -0.1670473125 -0.0392064402344
0.369871097656 -0.0972296875 -0.0373369164063
0.355295113281 -0.1670473125 -0.0151938160156
0.352379144531 -0.0972296875 -0.0109506003906
0.339874300781 -0.0972296875 0.00353584140625
0.322711025391 -0.0972296875 0.0217797204102
0.333994587891 -0.158320109375 0.00933214355469
0.320957935547 -0.1670473125 0.0237417371094
0.30298771875 -0.0972296875 0.0400412546875
0.292316500977 -0.1670473125 0.0483170042969
0.280938652344 -0.0972296875 0.0573711032227
0.253945046875 -0.1670473125 0.0741591003906
0.251987683594 -0.0972296875 0.0752598861328
0.228947640625 -0.1670473125 0.0883721292969
0.224423140625 -0.0972296875 0.0908289574219
0.200162144531 -0.0972296875 0.100477369727
0.200690908081 -0.175774515625 0.099725385498
0.176928132324 -0.1670473125 0.107932726367
0.166404885938 -0.0972296875 0.111229125
0.142483210352 -0.1670473125 0.116470578125
0.141599038867 -0.0972296875 0.116371359375
0.107738972656 -0.272316329688 0.12192225
-0.410534 -0.1670473125 -0.218322984375
-0.410534 -0.1670473125 -0.251223117188
-0.410534 -0.3765001875 -0.317023429687
-0.409494108398 -0.3765001875 -0.14664217832
0.0914410992187 -0.1670473125 -0.576301476562
0.0792257171875 -0.0972296875 -0.576065171875
0.108889396484 -0.0972296875 -0.574742498047
0.0491359390625 -0.171410914063 -0.576487144531
0.0115822742187 -0.367772984375 -0.577272013672
-0.0321822929688 -0.367772984375 -0.57734796875
0.147224765625 -0.1670473125 -0.569345671875
0.161239019531 -0.0972296875 -0.565981277344
0.120400436865 -0.158320109375 -0.573566459473
0.137289287109 -0.0972296875 -0.571730876953
0.253997800781 0.4613113125 0.0736630030273
0.274497648438 0.3914936875 0.0605681575195
0.256185125 0.3914936875 0.0724114376953
0.219471737305 0.452584109375 0.0921833891846
0.232187886719 0.3914936875 0.0861398938477
0.282368693848 0.456947710938 0.0551639888062
0.304255388672 0.3914936875 0.0389585706055
0.333799148438 0.4613113125 0.0108048445312
0.333701998047 0.3914936875 0.0108668064453
0.36474323291 0.3914936875 -0.0302167949707
0.319232244141 0.4613113125 0.0260344456055
0.36740565625 0.4613113125 -0.033088325
0.383257383789 0.3914936875 -0.0606466907227
0.35124703125 0.4613113125 -0.0107124679688
0.387843709473 0.4613113125 -0.0689923580566
0.39697684375 0.3914936875 -0.0862070074219
0.406942890625 0.3914936875 -0.110928383594
0.411995875 0.4613113125 -0.12563390625
0.415197320313 0.3914936875 -0.138968115234
0.40438496875 0.4613113125 -0.104093171484
0.422342255859 0.4613113125 -0.174420869141
0.423883476562 0.3914936875 -0.186389675781
0.4260146875 0.3914936875 -0.209392375
0.4173190625 0.4613113125 -0.147805296875
0.421672886719 0.3914936875 -0.1675248125
0.426304554688 0.4613113125 -0.237019015625
0.423796285156 0.3914936875 -0.262025011719
0.426386441406 0.4613113125 -0.21454434375
0.426745849609 0.3914936875 -0.233235003906
0.423190702148 0.456947710938 -0.269772650391
0.4195286875 0.4613113125 -0.296088484375
0.42018153125 0.3914936875 -0.293369351562
0.415615769531 0.3914936875 -0.311953664062
0.408605239258 0.3914936875 -0.336000707031
0.407933888672 0.4613113125 -0.338544714844
0.393625371094 0.3914936875 -0.373726567383
0.382190859375 0.4613113125 -0.396781664063
0.376833917969 0.3914936875 -0.405845382813
0.363790037109 0.3914936875 -0.426712400391
0.393902012695 0.4613113125 -0.374048015625
0.355312828125 0.4613113125 -0.438710671875
0.34640700293 0.3914936875 -0.44913852832
0.368501683594 0.4613113125 -0.419410072266
0.32192462207 0.4613113125 -0.47575772168
0.313147353516 0.3914936875 -0.484039583984
0.2957899375 0.3914936875 -0.4992840625
0.340504710938 0.4613113125 -0.456049539063
0.327110359375 0.3914936875 -0.471162890625
0.273609496094 0.4613113125 -0.5157568125
0.251904988281 0.3914936875 -0.528425785156
0.29184028125 0.4613113125 -0.50261296875
0.27693019043 0.3914936875 -0.513889625
0.245281069824 0.456947710938 -0.532489796875
0.221838867188 0.4613113125 -0.544995421875
0.224422363281 0.3914936875 -0.543925257812
0.200161798828 0.3914936875 -0.553574015625
0.194492970703 0.4613113125 -0.555557929687
0.170233242188 0.4613113125 -0.563822039062
0.174207433594 0.3914936875 -0.562867957031
0.14947019707 0.3914936875 -0.56844328125
0.146156844141 0.452584109375 -0.568771576172
0.117656532764 0.4613113125 -0.573377414551
0.11620957793 0.3914936875 -0.574351962891
0.0870449623047 0.4613113125 -0.576647494141
-0.0491154804688 0.4613113125 -0.577483
-0.0641186566406 0.3914936875 -0.577466121094
-0.0492269051357 0.6707641875 -0.576848410156
-0.410534 0.4613113125 -0.232031359375
-0.410534 0.3914936875 -0.218322984375
-0.410534 0.3914936875 -0.242998078125
-0.410534 0.3914936875 -0.317023429687
-0.410534 0.4613113125 -0.345811066406
-0.410534 0.3914936875 -0.13333115625
-0.410534 0.45370386875 -0.163489546875
-0.410534 0.6707641875 -0.319765109375
-0.410534 0.487452503906 -0.12236446875
0.0944433390625 0.4613113125 0.1229685
0.105594515625 0.3914936875 0.122091
0.0828632710937 0.462777379688 0.12387975
0.145938091406 0.4613113125 0.116350625
0.156873714941 0.3914936875 0.113768375
0.119732098828 0.4613113125 0.12087721875
0.126981030859 0.3914936875 0.12003671875
0.19322184375 0.4613113125 0.103752694531
0.19787678125 0.3914936875 0.101788173242
0.171666243359 0.452584109375 0.109896807812
-0.410534 -0.3765001875 -0.495232609375
-0.410534 -0.3765001875 -0.463703292969
-0.280233112695 -0.367772984375 -0.577483
-0.300206241406 -0.1670473125 -0.577483
-0.410534 -0.1670473125 -0.495232609375
-0.410534 -0.0972296875 -0.492490929687
-0.410534 -0.1670473125 -0.454107414062
-0.406729594531 -0.1670473125 -0.554864142578
-0.395316378125 -0.0972296875 -0.573370480469
-0.410534 -0.0972296875 0.0051232734375
-0.315508498961 0.6707641875 -0.565519140625
-0.410534 0.3914936875 -0.571999640625
-0.367734605469 -0.0392734898438 0.488458
-0.26596715625 -0.036531809375 0.488458
-0.20509690625 0.107120734375 0.488458
-0.129959878906 -0.123532550781 0.488458
-0.410534 -0.0523028933594 0.160413230469
-0.410534 -0.0856779302734 0.244673096191
-0.410534 -0.0985727984375 0.320851199219
0.112456778125 -0.090280259375 0.121551
0.088438859375 0.0782378625 0.123441
0.0944433390625 -0.002546484375 0.1229685
-0.410534 -0.0972296875 -0.318394269531
-0.410534 -0.1670473125 -0.301944191406
-0.410534 -0.101593289063 -0.147039515625
-0.410534 -0.158320109375 -0.118937378906
-0.410534 0.1820408125 -0.301944191406
-0.410534 0.1122231875 -0.311540070312
-0.410534 0.177677210937 -0.174456234375
-0.410534 0.1820408125 -0.13333115625
-0.410534 0.120950390625 -0.118937378906
-0.410534 -0.1670473125 -0.397902980469
-0.410534 -0.0972296875 -0.399273820312
-0.410534 -0.1670473125 -0.0716435390625
-0.410534 -0.105956890625 -0.0709581210937
-0.0141212597656 -0.0972296875 -0.576824722656
-0.0426284979492 -0.162683710938 -0.576972413086
-0.0585430683594 -0.0972296875 -0.577027269531
-0.0192123394531 0.1820408125 -0.576925996094
-0.0223734078125 0.1122231875 -0.576875359375
-0.0484959404297 0.120950390625 -0.576985072266
-0.174660860937 -0.1670473125 -0.577483
-0.186074077344 -0.0972296875 -0.577483
-0.145953081348 -0.105956890625 -0.577394385742
-0.144225617188 0.3914936875 -0.577483
-0.144225617187 0.4613113125 -0.577483
-0.189878482813 0.3914936875 -0.577483
-0.284988619531 0.1122231875 -0.577483
-0.270722099023 0.190768015625 -0.577483
-0.27797161218 0.4613113125 -0.576562703125
-0.304010646875 0.3914936875 -0.577483
-0.265966592188 0.3914936875 -0.577483
-0.410534 0.3914936875 -0.407498859375
-0.410534 0.4613113125 -0.399273820312
-0.410534 0.3914936875 -0.370486183594
-0.410534 0.1122231875 -0.485636730469
-0.410534 0.1820408125 -0.484265890625
-0.410534 -0.0149792734375 0.0256858125
-0.410534 0.4613113125 -0.491120089844
-0.410534 0.3914936875 -0.485636730469
-0.102377854688 0.490194184375 0.124386
-0.204621357422 -0.411409 0.37041903125
-0.330641796875 0.107120734375 0.488458
-0.323508564453 0.146026631641 0.488458
-0.22031446875 0.298657459375 0.488458
-0.410534 0.270507296875 0.357084
-0.410534 0.0589774984375 0.309830261719
0.216973808594 0.6009465625 -0.0262249945313
0.240134594727 0.6009465625 -0.0451721204102
0.214327307617 0.5311289375 -0.024775479209
0.224930488281 -0.3066825625 -0.0320934773437
0.207832486328 -0.3066825625 -0.0207815497168
0.225967443359 -0.2368649375 -0.0330873394531
0.238535390625 -0.2368649375 -0.0436825851563
0.197148679199 -0.2368649375 -0.0143739147485
0.183424095703 -0.3066825625 -0.00698826173828
0.197728345703 0.6009465625 -0.0145861342041
0.187953070313 0.5311289375 -0.00899202195313
0.171017378906 0.6009465625 -0.00139834223145
0.147735086816 -0.3066825625 0.00708149912109
0.172062304688 -0.2368649375 -0.00174847732422
0.155542171875 -0.2368649375 0.00481434425781
0.139948849316 0.6009465625 0.00937988430664
0.145542200195 0.5311289375 0.00794030978516
0.127890003906 0.5311289375 0.0121783453125
0.120464213672 -0.3066825625 0.0141304334375
0.137847703125 -0.2368649375 0.00998104929688
0.121839358789 -0.2368649375 0.01371565625
0.103648083594 -0.3066825625 0.0161610740625
0.110710475391 0.6009465625 0.01574687375
0.116201253906 0.5311289375 0.0149846796875
0.0994121287109 0.5311289375 0.0167066200781
0.0889008009766 -0.3066825625 0.0172978951172
0.0972726558594 -0.2368649375 0.0166037608789
0.0750817316406 -0.3066825625 0.0182674691406
0.0750817222656 -0.2368649375 0.0181260332031
0.058233505043 -0.3066825625 0.0171303682812
0.0923792087891 0.6009465625 0.0173071632031
0.0750817316406 0.6009465625 0.0182674691406
0.0762051771484 0.5311289375 0.0181083537109
0.0580420051172 0.5311289375 0.016903053125
0.0575177205469 0.6009465625 0.0168264419922
0.0359903743047 0.6009465625 0.0144133053125
0.0364128062695 0.5311289375 0.0141399640625
0.0309570183066 -0.3066825625 0.0131685706836
0.0448895563984 -0.2368649375 0.0156795134375
0.00861252808594 0.5311289375 0.00834788476563
0.00772509298828 -0.3066825625 0.00813479160156
0.0198956270439 -0.2368649375 0.0108785272852
-0.0195763274717 -0.3066825625 -0.00199558948242
0.00221296978906 -0.2368649375 0.00671472023438
0.0151235940703 0.6009465625 0.00982651058594
-0.00302540626172 0.6009465625 0.00490112699219
-0.0103785249189 0.5311289375 0.00184911415039
-0.0119099415117 -0.2368649375 0.00122116949219
-0.0452540507227 -0.3066825625 -0.0149430236328
-0.0300907343848 -0.2368649375 -0.00651925126953
-0.0369386246289 0.6009465625 -0.0107567358398
-0.0357390112559 0.5311289375 -0.00945672732422
-0.0559147757813 0.5311289375 -0.0212003164063
-0.0706440931641 -0.3066825625 -0.03150845
-0.0686602921875 -0.2368649375 -0.0293968703125
-0.0727562765625 0.6009465625 -0.0326787820312
-0.0724082765625 0.5311289375 -0.0325206535156
-0.0864086214844 0.5311289375 -0.044431659375
-0.0921072210937 -0.3066825625 -0.0491131890625
-0.0827243191406 -0.2368649375 -0.0411304078125
-0.104012402539 -0.3066825625 -0.0619396527344
-0.0946208671875 -0.2368649375 -0.051260028125
-0.0871919347656 0.6009465625 -0.0452397839844
-0.101132909766 0.6009465625 -0.0584866140625
-0.100833000977 0.5311289375 -0.0582621570312
-0.111747921875 0.5311289375 -0.0713135375
-0.115172313672 -0.3066825625 -0.0748708070313
-0.112149015576 -0.2368649375 -0.071437202832
-0.128008887695 -0.3066825625 -0.093518878125
-0.112057633398 0.6009465625 -0.0713685867188
-0.123543390625 0.6009465625 -0.0857035984375
-0.119554796875 0.5311289375 -0.08045444375
-0.129789482422 0.5311289375 -0.0956935507812
-0.127282100586 -0.2368649375 -0.0922879335937
-0.143130238281 -0.3066825625 -0.119554863672
-0.137745627441 -0.2368649375 -0.10926695625
-0.138012404297 0.6009465625 -0.109471742578
-0.143673027344 0.5311289375 -0.120621166406
-0.154373696777 0.6009465625 -0.146932166797
-0.15450165625 -0.3066825625 -0.145844179687
-0.150200513184 -0.2368649375 -0.135536221094
-0.161754605469 -0.3066825625 -0.172302013672
-0.156832679688 -0.2368649375 -0.15233190625
-0.158186818359 0.5311289375 -0.157795414062
-0.162249234375 0.5311289375 -0.1741859375
-0.160532863281 -0.2368649375 -0.1670375625
-0.166449261719 -0.3066825625 -0.200512605469
-0.164952875 -0.2368649375 -0.188013882813
-0.162572400391 0.6009465625 -0.176790675781
-0.166810014648 0.6009465625 -0.205546022461
-0.165373859375 0.5311289375 -0.189767148438
-0.168244378906 -0.3066825625 -0.222503613281
-0.167390228516 -0.2368649375 -0.211048126953
-0.167466695312 -0.3066825625 -0.240477285156
-0.168350445312 -0.2368649375 -0.228046007812
-0.168173667969 0.6009465625 -0.232390089844
-0.168350445312 0.5311289375 -0.228046007812
-0.167201666016 0.5311289375 -0.244894431641
-0.166112085938 -0.3066825625 -0.2576946875
-0.167407632812 -0.2368649375 -0.240029757812
-0.162516641602 -0.3066825625 -0.277016902344
-0.165983679687 -0.2368649375 -0.258127464844
-0.166672427734 0.6009465625 -0.250721740234
-0.164600003906 0.6009465625 -0.268818699219
-0.165571882812 0.5311289375 -0.263361117187
-0.162735494141 0.5311289375 -0.276558670898
-0.158236451172 -0.3066825625 -0.2954723125
-0.162354753906 -0.2368649375 -0.278169449219
-0.150493917969 -0.3066825625 -0.316499363281
-0.157553077148 -0.2368649375 -0.297337179688
-0.157167944336 0.6009465625 -0.297607711914
-0.155535360352 0.5311289375 -0.303375460938
-0.147093050781 0.5311289375 -0.325140109375
-0.150572919922 -0.2368649375 -0.3169226875
-0.1422368125 -0.3066825625 -0.336619367187
-0.130350321289 -0.3066825625 -0.356611709961
-0.143109167969 -0.2368649375 -0.334205886719
-0.133072737305 0.6009465625 -0.351966949219
-0.138492634766 0.5311289375 -0.343201511719
-0.12699790625 0.5311289375 -0.36175603125
-0.133209152344 -0.2368649375 -0.352025453125
-0.113721457227 -0.3066825625 -0.379879088867
-0.121501408203 -0.2368649375 -0.369982892578
-0.117146652344 0.6009465625 -0.376076808594
-0.113985753906 0.5311289375 -0.379705347656
-0.105686296094 0.5311289375 -0.389386507813
-0.0941244035156 -0.3066825625 -0.401656996094
-0.104587252539 -0.2368649375 -0.390673316406
-0.0742249421875 -0.3066825625 -0.419132121094
-0.0955967265625 -0.2368649375 -0.400693140625
-0.104829388672 0.6009465625 -0.390226955078
-0.091330096875 0.6009465625 -0.404460886719
-0.0916047773438 0.5311289375 -0.404102642578
-0.0778008234375 0.5311289375 -0.415892523438
-0.0751377869141 -0.2368649375 -0.418282918945
-0.0580095703125 -0.3066825625 -0.430446976563
-0.0781976164063 0.6009465625 -0.415677263672
-0.0641140757813 0.6009465625 -0.426871371094
-0.049976559375 0.5311289375 -0.435700617187
-0.0394496403105 -0.3066825625 -0.441724444336
-0.0525300791016 -0.2368649375 -0.433736039063
-0.0334491102187 -0.2368649375 -0.445167324219
-0.0179850794941 -0.3066825625 -0.451928828125
-0.0484893902344 0.6009465625 -0.436584427734
-0.0335133510234 0.6009465625 -0.445293394531
-0.0298573169414 0.5311289375 -0.446680515625
-0.0118593386719 0.5311289375 -0.4536775
-0.0143105974658 0.6009465625 -0.453120083984
0.00305967011719 0.5311289375 -0.4591446875
0.00371472418359 -0.3066825625 -0.459670563477
-0.00543675673828 -0.2368649375 -0.45669390625
0.0161151470889 0.6009465625 -0.463167392578
0.0218755459922 0.5311289375 -0.464701449219
0.0311021111133 -0.3066825625 -0.466844105469
0.019012539939 -0.2368649375 -0.463763310547
0.0506270598047 -0.3066825625 -0.469404345703
0.0366581196094 -0.2368649375 -0.468081289063
0.0430476630703 0.6009465625 -0.468914152344
0.0415080123633 0.5311289375 -0.468580771484
0.0598025601562 0.5311289375 -0.470303136719
0.069689025 -0.3066825625 -0.471080957031
0.0517357685391 -0.2368649375 -0.469597691406
0.0968121697266 -0.3066825625 -0.469907484863
0.0700635070312 -0.2368649375 -0.471004353516
0.0698781029121 0.6009465625 -0.470883694336
0.0801746261719 0.5311289375 -0.471033816406
0.0993039832031 0.6009465625 -0.469575785156
0.0989626945313 0.5311289375 -0.469838455078
0.0900610242188 -0.2368649375 -0.470468128906
0.12629112207 -0.3066825625 -0.465619533691
0.113286291797 -0.2368649375 -0.468110163086
0.121554307031 0.6009465625 -0.466929048828
0.119582448828 0.5311289375 -0.467166727539
0.138840691406 0.5311289375 -0.462742578125
0.148191441406 -0.3066825625 -0.460497578125
0.14044872793 -0.2368649375 -0.462350459961
0.165390210938 -0.3066825625 -0.454060628906
0.153495351563 -0.2368649375 -0.45888578125
0.152380366895 0.6009465625 -0.458600562012
0.158025224609 0.5311289375 -0.457073085938
0.175021132813 0.5311289375 -0.450071429688
0.191418668945 -0.3066825625 -0.442083738281
0.169306320313 -0.2368649375 -0.452540316406
0.184433996094 -0.2368649375 -0.445943574219
0.198341295898 0.6009465625 -0.438289498047
0.193368341797 0.5311289375 -0.441226699219
0.208846820312 0.5311289375 -0.4317413125
0.215477839844 -0.3066825625 -0.427870734375
0.204790146484 -0.2368649375 -0.4344340625
0.236393110352 -0.3066825625 -0.410988265625
0.219096195312 -0.2368649375 -0.425460375
0.223517675781 0.6009465625 -0.422116734375
0.219096195312 0.5311289375 -0.425460375
0.232283025391 0.5311289375 -0.414691960938
0.23389393457 -0.2368649375 -0.412906453125
0.257166300781 -0.3066825625 -0.390657755859
0.248314175781 -0.2368649375 -0.400551429688
0.238071044922 0.6009465625 -0.409686539063
0.25254271875 0.6009465625 -0.39630621875
0.25085390625 0.5311289375 -0.397795015625
0.26260278125 0.5311289375 -0.384763105469
0.270299210937 -0.3066825625 -0.375734035156
0.262708044922 -0.2368649375 -0.384558431641
0.281062824219 -0.3066825625 -0.359856689453
0.27358128125 -0.2368649375 -0.371638023438
0.27100609375 0.6009465625 -0.374300136719
0.27358128125 0.5311289375 -0.371638023438
0.282795304688 0.5311289375 -0.357322001953
0.291014601563 -0.3066825625 -0.343954316406
0.285119027344 -0.2368649375 -0.353462542969
0.299033421875 -0.3066825625 -0.326775357422
0.2954918125 -0.2368649375 -0.334803625
0.286753335938 0.6009465625 -0.350773107422
0.296381929688 0.6009465625 -0.333576027344
0.295235824219 0.5311289375 -0.335513787109
0.302382066406 0.5311289375 -0.319489373047
0.306911234375 -0.3066825625 -0.308524058594
0.301516 -0.2368649375 -0.32173384375
0.312241621094 -0.3066825625 -0.290097548828
0.306954085938 -0.2368649375 -0.308144224609
0.303902378906 0.6009465625 -0.315573263672
0.310378578125 0.6009465625 -0.298310441406
0.30876678125 0.5311289375 -0.303614351562
0.312228515625 0.5311289375 -0.290605174805
0.316792382812 -0.3066825625 -0.271897988281
0.314123441406 -0.2368649375 -0.282762835938
0.319110316406 -0.3066825625 -0.253081576172
0.31822284375 -0.2368649375 -0.26181146875
0.315466681641 0.6009465625 -0.276840754883
0.317905839844 0.5311289375 -0.264491201172
0.319719662109 0.6009465625 -0.248559844727
0.320184679687 0.5311289375 -0.243175464844
0.320628459961 -0.3066825625 -0.223573743652
0.320724029297 -0.2368649375 -0.23534859082
0.32123390625 0.6009465625 -0.225349695312
0.320915601562 0.5311289375 -0.222803234375
0.319457226562 0.6009465625 -0.203673929688
0.319719878906 0.5311289375 -0.204015220703
0.318778488281 -0.3066825625 -0.193851423828
0.320349726562 -0.2368649375 -0.212916863281
0.314876175781 -0.3066825625 -0.1737715
0.317991310547 -0.2368649375 -0.189691678711
0.314527317383 0.6009465625 -0.172230293457
0.317047783203 0.5311289375 -0.183395540039
0.312623578125 0.5311289375 -0.164137308594
0.310378578125 -0.3066825625 -0.154786558594
0.312231462891 -0.2368649375 -0.162529271484
0.303902378906 -0.3066825625 -0.137523733984
0.30876678125 -0.2368649375 -0.149482648438
0.306911234375 0.6009465625 -0.144572941406
0.306047738281 0.5311289375 -0.142687838867
0.2954918125 0.5311289375 -0.1182933375
0.296381929688 -0.3066825625 -0.119520958594
0.302382066406 -0.2368649375 -0.133607624609
0.286753339844 -0.3066825625 -0.102323728906
0.295235824219 -0.2368649375 -0.117583177734
0.295024011719 0.6009465625 -0.117732111523
0.288460335937 0.5311289375 -0.105064339844
0.281777742187 0.5311289375 -0.0942042
0.271034861328 -0.3066825625 -0.0788209500977
0.282795316406 -0.2368649375 -0.0957747664062
0.273581359375 -0.2368649375 -0.081458615625
0.279494353516 0.6009465625 -0.0908154306641
0.270457511719 0.5311289375 -0.0777106292969
0.267800320313 0.6009465625 -0.0743642367187
0.258546289062 0.5311289375 -0.0637102644531
0.252886304688 -0.3066825625 -0.0570833792969
0.238878349609 -0.3066825625 -0.0440836882812
0.251711605469 -0.2368649375 -0.0560336998047
0.230660648438 0.5311289375 -0.0372040265625
0.244464720703 0.5311289375 -0.0489941353516
0.183234928711 -0.3066825625 -0.559301557617
0.198673222168 -0.2368649375 -0.554381941406
0.222182146484 -0.2368649375 -0.54401559375
0.221115836914 -0.297955359375 -0.544402664062
0.243100298828 -0.3066825625 -0.534551226562
0.249079897949 -0.2368649375 -0.530556496094
0.268358793945 -0.3066825625 -0.518021246094
0.27071074707 -0.2368649375 -0.516853355469
0.304280951172 -0.3066825625 -0.491246673828
0.292279703125 -0.2368649375 -0.501839296875
0.311797621094 -0.2368649375 -0.484661128906
0.334054417969 -0.3066825625 -0.463291363281
0.331563960938 -0.2368649375 -0.466518289063
0.349191232422 -0.2368649375 -0.444739974609
0.350753460937 -0.297955359375 -0.442319400391
0.368904550781 -0.3066825625 -0.417689941406
0.370698904297 -0.2368649375 -0.414633025391
0.383456455078 -0.2368649375 -0.392011318359
0.381810126953 -0.3066825625 -0.395986005859
0.394300933594 -0.3066825625 -0.373348734375
0.396400001953 -0.2368649375 -0.368281007813
0.4052210625 -0.2368649375 -0.346457015625
0.405379386719 -0.3066825625 -0.344932861328
0.413285519531 -0.2368649375 -0.321370910156
0.41348209668 -0.297955359375 -0.317021047363
0.418619445312 -0.2368649375 -0.296704285156
0.418988273438 -0.3066825625 -0.294591503906
0.424313438477 -0.3066825625 -0.257673294922
0.424079400391 -0.2368649375 -0.264539324219
0.425487744141 -0.2368649375 -0.240008738281
0.425849660156 -0.3066825625 -0.21115546875
0.426018867187 -0.2368649375 -0.21373409375
0.423593111328 -0.2368649375 -0.187846945312
0.423156349609 -0.3066825625 -0.184442226562
0.41913940625 -0.3066825625 -0.156684047656
0.418534703125 -0.2368649375 -0.153949271484
0.409927210938 -0.2368649375 -0.121232760352
0.409556804687 -0.3066825625 -0.120338452148
0.391410520508 -0.2368649375 -0.0752234354492
0.392939421387 -0.3066825625 -0.0785637880371
0.370316513672 -0.2368649375 -0.0380639240234
0.378402400391 -0.3066825625 -0.0504858080078
0.364480963867 -0.297955359375 -0.029808431543
0.354123621094 -0.3066825625 -0.0131488
0.348288533203 -0.2368649375 -0.00654964648438
0.336059560547 -0.3066825625 0.00730290898437
0.330847828125 -0.2368649375 0.0127057351563
0.316236914062 -0.3066825625 0.0287254597656
0.319671890625 -0.2368649375 0.0257917351562
0.300947761719 -0.2368649375 0.041607053125
0.282918904297 -0.3066825625 0.0551512139648
0.268290007813 -0.2368649375 0.0655265683594
0.244660828125 -0.2368649375 0.0795326183594
0.24800371875 -0.297955359375 0.0776025363281
0.221975726563 -0.3066825625 0.0916241707031
0.207023131104 -0.2368649375 0.0974676290039
0.199532160547 -0.297955359375 0.100031687793
0.182415140039 -0.3066825625 0.106468315625
0.166989336035 -0.2368649375 0.110941740625
0.155741277832 -0.3066825625 0.113815289062
0.145030170117 -0.2368649375 0.116101359375
0.128754651562 -0.3066825625 0.1202685
0.125323520313 -0.228639896094 0.1205385
-0.410534 -0.3066825625 -0.247110597656
-0.410534 -0.241228539063 -0.216952158203
-0.408454216797 -0.297955359375 -0.203819950391
-0.410534 -0.3765001875 -0.274527394531
-0.400655029785 -0.380863789063 -0.193300328809
0.0899399792969 -0.3066825625 -0.576419628906
0.0692487948853 -0.229228634766 -0.576625868042
0.111261493555 -0.2368649375 -0.574640169922
0.0600368382812 -0.3066825625 -0.576976632812
0.0531229701172 -0.3765001875 -0.577221376953
0.148688941406 -0.3066825625 -0.568994167969
0.171439565308 -0.245592140625 -0.562723555664
0.119411855762 -0.297955359375 -0.573150656738
0.146806429688 -0.2368649375 -0.569446101562
0.24440984375 0.6009465625 0.0803375525391
0.221852527344 0.592219359375 0.0906775991211
0.255344769531 0.5311289375 0.0728844565674
0.268618757812 0.6009465625 0.0648810723633
0.293009929688 0.6009465625 0.0485630261719
0.297180972656 0.5311289375 0.0450006462891
0.314948695312 0.5311289375 0.0295601335938
0.315781648438 0.6009465625 0.0282739080078
0.333522945312 0.5311289375 0.01086929375
0.336599523437 0.6009465625 0.00700797734375
0.349555802734 0.5311289375 -0.00888635839844
0.352606194336 0.592219359375 -0.0139768807617
0.365424212891 0.6009465625 -0.0293718869141
0.372464768311 0.5311289375 -0.0418391989014
0.379977383789 0.6009465625 -0.0541348079102
0.3943016875 0.6009465625 -0.0797481148437
0.393231625 0.5311289375 -0.0771645578125
0.4023955 0.5311289375 -0.0995535496094
0.408326359375 0.6009465625 -0.116510486133
0.4116945625 0.5311289375 -0.124378921875
0.416151685547 0.5311289375 -0.143159318359
0.419522860352 0.6009465625 -0.159614867188
0.423436185547 0.5311289375 -0.180706875
0.423573521729 0.592219359375 -0.188477419922
0.425787449219 0.5311289375 -0.211636164062
0.425501134766 0.6009465625 -0.211633546875
0.426026261719 0.6009465625 -0.240340335938
0.425870654297 0.5311289375 -0.241781261719
0.42293796875 0.5311289375 -0.270356820312
0.423358269531 0.592219359375 -0.266732324219
0.420738082031 0.6009465625 -0.290618929688
0.418534673828 0.5311289375 -0.299147722656
0.413926982422 0.6009465625 -0.317041964844
0.411736007812 0.5311289375 -0.32422190625
0.400516606445 0.6009465625 -0.357682837891
0.407718507812 0.5311289375 -0.34095503125
0.394419838867 0.539856140625 -0.371423762207
0.382955460937 0.6009465625 -0.395727175781
0.382707714844 0.5311289375 -0.395841626953
0.368009796875 0.6009465625 -0.419311267578
0.353217339844 0.6009465625 -0.441164285156
0.356151023438 0.5311289375 -0.437729226563
0.343577206055 0.5311289375 -0.452374200195
0.332245835938 0.6009465625 -0.464773976562
0.317482070312 0.5311289375 -0.480337554688
0.311276058594 0.592219359375 -0.485015880859
0.293841115234 0.5311289375 -0.50041909375
0.293674982422 0.6009465625 -0.500185949219
0.270758919922 0.6009465625 -0.517483890625
0.269501729492 0.5311289375 -0.518204960938
0.244659941406 0.5311289375 -0.532628726562
0.247839246094 0.592219359375 -0.530838316406
0.221974972656 0.6009465625 -0.54472046875
0.219302548828 0.5311289375 -0.545863898437
0.194707566406 0.5311289375 -0.555177605469
0.183097747266 0.6009465625 -0.559098322266
0.161678606616 0.5311289375 -0.565415093994
0.141516399902 0.592219359375 -0.569288704102
0.10255442876 0.6009465625 -0.574600187012
0.113057893359 0.5311289375 -0.574330019531
0.0726811117187 0.5311289375 -0.577179179687
0.0137349692383 0.598764761719 -0.576162170898
-0.0215335408203 0.539856140625 -0.577483
-0.00368546417773 0.6707641875 -0.576213820313
-0.410534 0.6009465625 -0.226548
-0.410534 0.6009465625 -0.253964796875
-0.410534 0.5311289375 -0.221064664063
-0.410534 0.5311289375 -0.267673195313
-0.410534 0.609673765625 -0.280010753906
-0.410534 0.5311289375 -0.179939578125
-0.410534 0.6707641875 -0.273156554687
0.083534409375 0.606429923438 0.12367725
0.108152030859 0.5311289375 0.12178846875
0.119115499121 0.6009465625 0.120410914063
0.140062916211 0.5311289375 0.117640046875
0.15906512959 0.6009465625 0.113121163086
0.169930171875 0.5311289375 0.110486648828
0.196707140625 0.6009465625 0.102090532812
0.202653032227 0.5311289375 0.0995051243896
-0.410534 -0.3765001875 -0.530874445313
-0.3496635125 -0.3765001875 -0.577483
-0.395316378125 -0.3066825625 -0.573370480469
-0.361076728906 -0.2368649375 -0.577483
-0.357272323438 -0.3066825625 -0.577483
-0.410534 -0.3066825625 -0.530874445313
-0.410534 -0.2368649375 -0.537728644531
-0.394365276758 -0.245592140625 -0.576112160156
-0.410534 -0.3765001875 0.077777578125
-0.410534 -0.367772984375 0.0524171132812
-0.410534 -0.2368649375 0.05310253125
-0.386181027484 0.679491390625 -0.569040449219
-0.36513000543 0.6707641875 -0.567650398437
-0.410534 0.6707641875 -0.536357804687
-0.410534 0.6009465625 -0.571999640625
-0.410534 0.5311289375 -0.571999640625
-0.384220222432 0.592219359375 -0.574031886719
-0.368685703125 0.0233234171875 0.488458
0.0772876828125 0.00038565 0.1243185
0.061212228125 -0.0632942234375 0.151163734375
0.211849277344 0.2518584375 -0.0230845882813
0.21535934082 0.3216760625 -0.0255802318359
0.218890791992 0.0424055625 -0.0281785838965
0.220454205078 -0.0274120625 -0.0293055309131
0.196616583984 0.0424055625 -0.0140047758691
0.198209876953 -0.0274120625 -0.0150845709375
0.199425304687 0.2518584375 -0.0153468955273
0.204629953125 0.3216760625 -0.018495040625
0.227145762695 0.2518584375 -0.0344569648437
0.227004398437 0.3216760625 -0.0340812015625
0.236877542969 0.3216760625 -0.0423902519531
0.234071113281 0.0424055625 -0.0399005398437
0.245880011719 0.0424055625 -0.0500020318359
0.243773966797 -0.0274120625 -0.0482418811523
0.240723332031 0.2518584375 -0.0457367707031
0.249983511719 0.3216760625 -0.0543722771484
0.180222703125 0.0424055625 -0.00502673585938
0.171593976563 -0.0274120625 -0.0015290375
0.183933005859 0.2518584375 -0.00698339580078
0.190545058594 0.3216760625 -0.0102564653223
0.163666640625 0.0424055625 0.00170358433594
0.163980726563 0.2518584375 0.00170068644531
0.175054230469 0.3216760625 -0.00296229289063
0.149326872852 0.2518584375 0.00652409404297
0.159951457031 0.3216760625 0.00311521595703
0.143910567285 0.0424055625 0.00815682839844
0.126760419238 -0.0274120625 0.0124676785937
0.133446080859 0.2518584375 0.0109411259766
0.128931189453 0.0424055625 0.0120492553125
0.127888280273 0.3216760625 0.012202947207
0.113417791309 0.0424055625 0.0148853266797
0.107831245703 -0.0274120625 0.0157611783203
0.104718741016 0.2518584375 0.016218326875
0.106928801563 0.3216760625 0.0158086034375
0.094697321875 0.0424055625 0.0171011822656
0.0885631621094 -0.0274120625 0.0176310074219
0.0903606824219 0.2518584375 0.0174895714844
0.0786767863281 0.0424055625 0.0181967511719
0.067745482582 -0.0274120625 0.0178788001172
0.0739779043857 0.2518584375 0.0179979268359
0.0840693613281 0.3216760625 0.0179845972656
0.0532694201191 0.0424055625 0.0166336550391
0.0471610207793 -0.0274120625 0.0159407799219
0.0532976487227 0.2518584375 0.01669483375
0.0670321079902 0.3216760625 0.0177637435156
0.0376749989531 0.2518584375 0.0143100264062
0.0497836380361 0.3216760625 0.016259155
0.0351996946914 0.0424055625 0.0141388448437
0.0194136426758 0.0424055625 0.0109411259766
0.026265480332 -0.0274120625 0.0124108954102
0.0207067464922 0.2518584375 0.0113240990625
0.0298170052109 0.3216760625 0.0131729082812
0.00620885736328 -0.0274120625 0.00750491699219
0.00605162812305 0.2518584375 0.00726172689453
0.0135364456562 0.3216760625 0.0096750978125
-0.0040821068584 0.0424055625 0.00393574239258
-0.0085098110918 -0.0274120625 0.00276304087891
-0.00857824079297 0.2518584375 0.00260115355469
-0.000811945171875 0.3216760625 0.00536005421875
-0.0232830667969 -0.0274120625 -0.00379494921875
-0.0221409308086 0.2518584375 -0.00290202699219
-0.0135428114785 0.3216760625 0.000672027910156
-0.0273676673496 0.0424055625 -0.00542953044922
-0.041777259375 0.0424055625 -0.0123712484375
-0.043314628125 -0.0274120625 -0.0133133703125
-0.0380134034121 0.2518584375 -0.0105196425977
-0.0314789430176 0.3216760625 -0.00709424462891
-0.0573993298828 0.0424055625 -0.0221514208984
-0.0560428898437 -0.0274120625 -0.0212788265625
-0.0680819460938 -0.0274120625 -0.0294283679687
-0.0667047199219 0.2518584375 -0.0285843837891
-0.0757944035156 0.0424055625 -0.0355053816406
-0.0807958136719 -0.0274120625 -0.0394524132813
-0.0826464046875 0.2518584375 -0.0411102261719
-0.0716482195313 0.3216760625 -0.0321651414063
-0.0894793183594 0.0424055625 -0.0468687664062
-0.0918787078125 -0.0274120625 -0.048918021875
-0.0927927609375 0.2518584375 -0.049698690625
-0.0871162710938 0.3216760625 -0.0448969128906
-0.0999988847656 -0.0274120625 -0.0572131585938
-0.102473076367 0.2518584375 -0.0600377484375
-0.102797343164 0.0424055625 -0.0602816589844
-0.108589362305 -0.0274120625 -0.0670814863281
-0.111450322266 0.2518584375 -0.0711822570313
-0.100233277734 0.3216760625 -0.057722890625
-0.111263438477 0.0424055625 -0.0702305996094
-0.125649116211 0.2518584375 -0.0895894927734
-0.112064372266 0.3216760625 -0.0718288210937
-0.123985171875 0.3216760625 -0.0872341101563
-0.122203450195 0.0424055625 -0.0844054375
-0.125021012695 -0.0274120625 -0.08828345625
-0.136113749023 0.0424055625 -0.10636228125
-0.137299494141 0.2518584375 -0.10781345625
-0.132887373047 0.3216760625 -0.10047879375
-0.145091789063 0.0424055625 -0.122756296875
-0.145781742188 -0.0274120625 -0.124422140625
-0.147866472656 0.2518584375 -0.129916423828
-0.139862129883 0.3216760625 -0.112433882812
-0.151821753906 0.0424055625 -0.139312339844
-0.151396867188 -0.0274120625 -0.138347882812
-0.149875563477 0.3216760625 -0.13439855625
-0.156346394531 -0.0274120625 -0.1520174375
-0.155728311523 0.2518584375 -0.150525119141
-0.158272013672 0.0424055625 -0.159030701172
-0.15979321875 -0.0274120625 -0.16365528125
-0.160067050781 0.2518584375 -0.165298867187
-0.157622996094 0.3216760625 -0.15632775
-0.162108632812 0.0424055625 -0.173298242188
-0.165023039062 -0.0274120625 -0.18830609375
-0.16344175 0.2518584375 -0.17885025
-0.162653865234 0.3216760625 -0.175719910156
-0.164864076172 0.0424055625 -0.186435525391
-0.165831703125 0.2518584375 -0.193637796875
-0.167349800781 0.2518584375 -0.212332441406
-0.1667479375 0.0424055625 -0.201985640625
-0.167772972656 0.0424055625 -0.216511894531
-0.167242640625 -0.0274120625 -0.207973671875
-0.167817166992 -0.0274120625 -0.220818491211
-0.166083436523 0.3216760625 -0.198411241211
-0.167481290039 0.2518584375 -0.237820270508
-0.167802503906 0.3216760625 -0.22714825
-0.167399204102 0.0424055625 -0.237664946289
-0.167431613281 -0.0274120625 -0.240024210937
-0.165727003906 -0.0274120625 -0.259290761719
-0.165511302734 0.2518584375 -0.259484080078
-0.166989259766 0.3216760625 -0.247594470703
-0.165176792969 0.0424055625 -0.262087070313
-0.162446294922 0.0424055625 -0.27793965625
-0.163346004883 -0.0274120625 -0.274570023438
-0.163196722656 0.2518584375 -0.274662917969
-0.164706890625 0.3216760625 -0.266560671875
-0.159179273437 -0.0274120625 -0.29018721875
-0.159882384766 0.2518584375 -0.288919421875
-0.162067794922 0.3216760625 -0.279868119141
-0.158203555664 0.0424055625 -0.294477195312
-0.153601210938 0.0424055625 -0.309795296875
-0.152911257813 -0.0274120625 -0.311461140625
-0.154841269531 0.2518584375 -0.305788123047
-0.157202256836 0.3216760625 -0.298798234375
-0.146654097656 0.0424055625 -0.326261378906
-0.147035554688 -0.0274120625 -0.325278929687
-0.151406613281 0.3216760625 -0.314909792969
-0.140869996094 -0.0274120625 -0.338444703125
-0.141488079102 0.2518584375 -0.336952384766
-0.146097970703 0.3216760625 -0.327911347656
-0.137272333984 0.0424055625 -0.344765267578
-0.13507796875 -0.0274120625 -0.34911096875
-0.134109261719 0.2518584375 -0.350466679688
-0.138724800781 0.3216760625 -0.342395171875
-0.129896195312 0.0424055625 -0.357566445313
-0.121344384766 -0.0274120625 -0.370239119141
-0.12691275 0.2518584375 -0.36243475
-0.131795941406 0.3216760625 -0.354331492187
-0.125342515625 0.3216760625 -0.364997015625
-0.122554671875 0.0424055625 -0.36880396875
-0.118146015625 0.2518584375 -0.374581015625
-0.106978640625 0.2518584375 -0.387945765625
-0.112891019531 0.0424055625 -0.381131863281
-0.103344233594 0.0424055625 -0.392128695312
-0.106891887891 -0.0274120625 -0.388155902344
-0.097676934375 -0.0274120625 -0.39811278125
-0.0943339953125 0.2518584375 -0.401122517578
-0.105474488281 0.3216760625 -0.389815457031
-0.0940255984375 0.3216760625 -0.401664109375
-0.0924247863281 0.0424055625 -0.402923167969
-0.0812112679688 0.0424055625 -0.413196050781
-0.086851415625 -0.0274120625 -0.4084715625
-0.0769257275391 -0.0274120625 -0.416663120117
-0.0758827376953 0.2518584375 -0.417275743164
-0.0778104609375 0.3216760625 -0.415915201172
-0.0661351353516 0.0424055625 -0.424874735352
-0.0615551917969 -0.0274120625 -0.428191425781
-0.0589895132813 0.2518584375 -0.430011839844
-0.06077265 0.3216760625 -0.428643421875
-0.0504613007812 0.0424055625 -0.435348421875
-0.0452363390625 -0.0274120625 -0.438605550781
-0.0395905662795 0.2518584375 -0.441608836914
-0.0366844497305 0.0424055625 -0.44359821875
-0.0319438618711 -0.0274120625 -0.4461725
-0.0216565467539 -0.0274120625 -0.45038265625
-0.0413929171875 0.3216760625 -0.440960902344
-0.0133365005127 0.0424055625 -0.453739804688
-0.00757927456348 -0.0274120625 -0.455895507812
-0.0261123276182 0.3216760625 -0.448498878906
-0.00131183297021 0.2518584375 -0.457874589844
-0.00881313112939 0.3216760625 -0.455390800781
0.00961312037402 0.0424055625 -0.461388822266
0.00922607303906 -0.0274120625 -0.4614953125
0.0217512963633 -0.0274120625 -0.464599105469
0.0148877976914 0.2518584375 -0.46297546875
0.0113545854624 0.3216760625 -0.461912675781
0.0267190992305 0.0424055625 -0.465743433594
0.0391481780273 -0.0274120625 -0.468159279297
0.0308236458105 0.2518584375 -0.466855807617
0.0313442395957 0.3216760625 -0.466920348633
0.0393396744375 0.0424055625 -0.46838659375
0.0567317648438 0.0424055625 -0.470073326172
0.0571062515625 -0.0274120625 -0.470091003906
0.0533613820313 0.2518584375 -0.469867085938
0.0515675314102 0.3216760625 -0.469702371094
0.0873619658203 -0.0274120625 -0.470568510742
0.0681161619141 0.2518584375 -0.470627228516
0.0731342859375 0.3216760625 -0.470904179687
0.0769914867188 0.0424055625 -0.470836415039
0.0888626753906 0.2518584375 -0.470585980469
0.1066881375 0.2518584375 -0.469301398437
0.0899112304687 0.3216760625 -0.470479914063
0.1048906125 0.3216760625 -0.469442820312
0.119480811914 0.0424055625 -0.467003746094
0.118121394141 -0.0274120625 -0.467517508789
0.128924617383 0.2518584375 -0.464987256348
0.142347222656 0.0424055625 -0.461900703125
0.137196904297 -0.0274120625 -0.463258085938
0.126691259375 0.3216760625 -0.465369320313
0.150251890625 -0.0274120625 -0.4595678125
0.151328236523 0.2518584375 -0.459058618652
0.142497746484 0.3216760625 -0.461991456055
0.156922349609 0.0424055625 -0.457071992187
0.17628121875 0.0424055625 -0.449574941406
0.167866695313 -0.0274120625 -0.4531875
0.170416658203 0.2518584375 -0.452067695312
0.157192503906 0.3216760625 -0.457176328125
0.1864361875 0.2518584375 -0.4450888125
0.170065964844 0.3216760625 -0.452200234375
0.186548089844 0.3216760625 -0.444813457031
0.191972464844 0.0424055625 -0.442261316406
0.189602136719 -0.0274120625 -0.443548457031
0.197622355469 0.2518584375 -0.438674929687
0.205228464844 0.0424055625 -0.434151671875
0.1989923125 -0.0274120625 -0.43805596875
0.201993425781 0.3216760625 -0.436051429687
0.219500287109 -0.0274120625 -0.424489207031
0.207624261719 0.2518584375 -0.432600789062
0.217466767578 0.2518584375 -0.425893726563
0.212946570312 0.3216760625 -0.4292289375
0.231220285156 0.0424055625 -0.415414203125
0.228087832031 0.2518584375 -0.418213296875
0.229656612793 0.3216760625 -0.416772904297
0.241738243164 -0.0274120625 -0.40620665625
0.239236976562 0.2518584375 -0.408845234375
0.245451890625 0.0424055625 -0.40319703125
0.25601075 0.0424055625 -0.3925715
0.258080308594 -0.0274120625 -0.390094173828
0.250709916016 0.2518584375 -0.398180691406
0.244621179687 0.3216760625 -0.404061078125
0.261670960937 0.2518584375 -0.385944546875
0.256643886719 0.3216760625 -0.391721679687
0.269037082031 0.0424055625 -0.37666878125
0.27081278125 -0.0274120625 -0.374625996094
0.27079696875 0.2518584375 -0.374336837891
0.26616009375 0.3216760625 -0.3806886875
0.281593664062 0.0424055625 -0.359327910156
0.279919011719 -0.0274120625 -0.362173169922
0.27989353125 0.2518584375 -0.361967277344
0.279004046875 0.3216760625 -0.363126321289
0.289234095703 -0.0274120625 -0.34624124707
0.287602273438 0.2518584375 -0.349612714844
0.290071964844 0.0424055625 -0.345155146484
0.298526 0.0424055625 -0.3289525
0.297376 -0.0274120625 -0.33172890625
0.295218121094 0.2518584375 -0.335925080078
0.291244601562 0.3216760625 -0.343399035156
0.302081234375 -0.0274120625 -0.320184964844
0.301861 0.2518584375 -0.320900921875
0.298865476563 0.3216760625 -0.327948636719
0.303761390625 0.0424055625 -0.316005785156
0.307057328125 -0.0274120625 -0.307311503906
0.304506 0.3216760625 -0.3145151875
0.308238421875 0.0424055625 -0.303600183594
0.312583007813 0.0424055625 -0.289430644531
0.311869511719 -0.0274120625 -0.292654193359
0.311781703125 0.2518584375 -0.292466222656
0.3094488125 0.3216760625 -0.300370890625
0.315805673828 -0.0274120625 -0.274623235352
0.315295523438 0.2518584375 -0.278334011719
0.313139085938 0.3216760625 -0.287315904297
0.316266933594 0.0424055625 -0.273331357422
0.3193005 0.0424055625 -0.255309
0.31906471875 -0.0274120625 -0.2583049375
0.31830909375 0.2518584375 -0.262962630859
0.317882261719 0.3216760625 -0.264790794922
0.319972476562 -0.0274120625 -0.245871808594
0.319748484375 0.2518584375 -0.24961671875
0.320278992188 0.0424055625 -0.241377910156
0.320726976562 -0.0274120625 -0.232090550781
0.320508878906 0.2518584375 -0.234861792969
0.3205265625 0.3216760625 -0.239730125
0.320718134766 0.0424055625 -0.22598640918
0.320721082031 -0.0274120625 -0.215837802734
0.320467617187 0.2518584375 -0.214115203125
0.320844867187 0.3216760625 -0.227596683594
0.3195489375 -0.0274120625 -0.201843222656
0.319182609375 0.2518584375 -0.196289820313
0.320361515625 0.3216760625 -0.21306665625
0.319324078125 0.3216760625 -0.198087335937
0.318468246094 0.0424055625 -0.192156460937
0.317398564453 -0.0274120625 -0.184856594727
0.314868301758 0.2518584375 -0.174053373535
0.315301417969 0.0424055625 -0.174837880859
0.311781703125 0.0424055625 -0.160630777344
0.313139085938 -0.0274120625 -0.165781095703
0.315250390625 0.3216760625 -0.176286726562
0.3094488125 -0.0274120625 -0.152726109375
0.308939620117 0.2518584375 -0.151649763184
0.311872458984 0.3216760625 -0.16048025293
0.306952992187 0.0424055625 -0.146055650391
0.301861 0.0424055625 -0.132196078125
0.3024935 -0.0274120625 -0.133723101563
0.303761390625 0.2518584375 -0.137091214844
0.307057328125 0.3216760625 -0.145785496094
0.297249953125 -0.0274120625 -0.121432326562
0.298526 0.2518584375 -0.1241445
0.299728617187 0.3216760625 -0.127140064453
0.295218121094 0.0424055625 -0.117171894141
0.291244601562 -0.0274120625 -0.109697885156
0.290071964844 0.2518584375 -0.107941746484
0.287602273438 0.0424055625 -0.103484139844
0.279893554687 0.0424055625 -0.09112944375
0.282775972656 -0.0274120625 -0.0956082296875
0.289234095703 0.3216760625 -0.10685562207
0.27523221875 -0.0274120625 -0.084332575
0.273083132812 0.2518584375 -0.08163538125
0.281635679688 0.3216760625 -0.0937474117188
0.272181390625 0.3216760625 -0.080253834375
0.270797207031 0.0424055625 -0.0787598734375
0.2576846875 0.0424055625 -0.0626652863281
0.2661604375 -0.0274120625 -0.072408015625
0.261867753906 0.2518584375 -0.0674724972656
0.255782984375 -0.0274120625 -0.0603301484375
0.2502799375 0.2518584375 -0.054393646875
0.262102179687 0.3216760625 -0.0677650679687
0.220554585937 0.0424055625 -0.545308898437
0.197991210938 -0.0274120625 -0.554873859375
0.24777266748 0.0424055625 -0.5312391875
0.226378652344 -0.0274120625 -0.542568621094
0.235580371094 0.2518584375 -0.537482328125
0.243200095703 0.3216760625 -0.533306277344
0.215788979492 0.2518584375 -0.547410425781
0.213889648438 0.3216760625 -0.548288234375
0.198770816406 0.0424055625 -0.554514503906
0.170233242188 0.0424055625 -0.563822039062
0.168559898437 -0.0274120625 -0.564223757813
0.188875912109 0.2518584375 -0.558394695312
0.164794875 0.2518584375 -0.565127625
0.192521113281 0.3216760625 -0.556775453125
0.167827810547 0.3216760625 -0.564399509766
0.245031077148 -0.0274120625 -0.5330030625
0.257644623047 0.2518584375 -0.525283457031
0.275583255371 0.3216760625 -0.5147298125
0.28924696875 0.0424055625 -0.50487203125
0.308689710937 0.0424055625 -0.487315414063
0.289901265625 -0.0274120625 -0.504313234375
0.305391291016 0.2518584375 -0.490840646484
0.314466109375 0.3216760625 -0.482780515625
0.271388088867 0.0424055625 -0.517206851563
0.26047634082 -0.0274120625 -0.52387375
0.276353572266 -0.0274120625 -0.513937132812
0.28116452832 0.2518584375 -0.510801574219
0.295532638672 0.3216760625 -0.499481673828
0.3260263125 0.0424055625 -0.4712919375
0.3107290625 -0.0274120625 -0.4851089375
0.346763871094 0.0424055625 -0.448668863281
0.327139070313 -0.0274120625 -0.470585054688
0.336453433594 0.2518584375 -0.460793191406
0.346372078125 0.3216760625 -0.449179421875
0.321875984375 0.2518584375 -0.475633265625
0.333729298828 0.3216760625 -0.463982888672
0.36483778125 0.0424055625 -0.42548559375
0.375595984375 0.0424055625 -0.406899390625
0.388532410156 0.0424055625 -0.383406125
0.365287359375 -0.0274120625 -0.424751953125
0.375855607422 0.2518584375 -0.407152
0.377166744141 0.3216760625 -0.404931922852
0.342041402344 -0.0274120625 -0.454250222656
0.354620683594 -0.0274120625 -0.439003035156
0.357243219727 0.2518584375 -0.435673264648
0.363151863281 0.3216760625 -0.428236746094
0.377005260742 -0.0274120625 -0.403826790039
0.40387021582 0.0424055625 -0.350245863281
0.396364769531 -0.0274120625 -0.367420702148
0.396111894531 0.2518584375 -0.368976578125
0.399795553711 0.3216760625 -0.360083214844
0.38683384375 0.2518584375 -0.387594871094
0.392736921875 0.3216760625 -0.3771246875
0.419027335937 0.0424055625 -0.297311757812
0.408677580078 -0.0274120625 -0.337320734375
0.423643506836 0.0424055625 -0.267021806641
0.420233839844 -0.0274120625 -0.290989269531
0.421089648437 0.2518584375 -0.2852625625
0.422628007812 0.3216760625 -0.271936121094
0.416869166016 0.2518584375 -0.306949371094
0.4175199375 0.3216760625 -0.304455046875
0.413669972656 0.0424055625 -0.320346230469
0.411104371094 0.2518584375 -0.329879195312
0.403314580078 0.2518584375 -0.351587320312
0.409566240234 0.3216760625 -0.334340003906
0.423459060547 -0.0274120625 -0.270276582031
0.423695429688 0.2518584375 -0.262877523437
0.426087154297 0.2518584375 -0.242032707031
0.426633870117 0.3216760625 -0.234818548828
0.42668984375 0.0424055625 -0.2179701875
0.424468515625 0.0424055625 -0.19661015625
0.421577046875 0.0424055625 -0.171882375
0.426533818359 -0.0274120625 -0.225420925781
0.424827023438 0.2518584375 -0.196661925781
0.423639986328 0.3216760625 -0.184582734375
0.426171966797 0.0424055625 -0.239668488281
0.425151837891 -0.0274120625 -0.252414996094
0.426858632813 0.2518584375 -0.220114640625
0.426023335937 0.3216760625 -0.209716683594
0.4233274375 -0.0274120625 -0.188974625
0.416869171875 0.0424055625 -0.146147627734
0.421222380859 -0.0274120625 -0.1671619375
0.41877540625 0.2518584375 -0.153871054688
0.415209875 0.3216760625 -0.13902040625
0.422213011719 0.2518584375 -0.1743870625
0.419754671875 0.3216760625 -0.157949753906
0.3961125625 0.0424055625 -0.0841202882812
0.399796046875 -0.0274120625 -0.0930136865234
0.386764705078 0.0424055625 -0.0654199369141
0.39273775 -0.0274120625 -0.075972146875
0.379011541992 0.2518584375 -0.052848531543
0.378446648438 0.3216760625 -0.0523615050781
0.396755868164 0.2518584375 -0.0862006905273
0.39634786377 0.3216760625 -0.0856556740723
0.41110440625 0.0424055625 -0.123217797656
0.41676665625 -0.0274120625 -0.145504492188
0.40331490625 0.0424055625 -0.101509614453
0.409566328125 -0.0274120625 -0.118756978516
0.4074716875 0.2518584375 -0.111545739844
0.40792440625 0.3216760625 -0.112638783203
0.373970169922 0.0424055625 -0.0437360572266
0.381332448242 -0.0274120625 -0.0556374366211
0.365470507813 0.2518584375 -0.0298015445313
0.355693300781 0.3216760625 -0.0162294824219
0.350065790039 0.0424055625 -0.00905772910156
0.364330611328 -0.0274120625 -0.0290363880859
0.344975085937 -0.0274120625 -0.00228115546875
0.350511648438 0.2518584375 -0.00912633125
0.333799148438 0.3216760625 0.0108048445312
0.296608476562 0.0424055625 0.0454896003906
0.303928248047 -0.0274120625 0.0392379729492
0.279789507813 0.0424055625 0.0579075365234
0.28990209375 -0.0274120625 0.0512173484375
0.274429359375 0.2518584375 0.0607185505859
0.266449824219 0.3216760625 0.0657661677734
0.298126248047 0.2518584375 0.0439280496094
0.289507554688 0.3216760625 0.050580959082
0.327716941406 0.0424055625 0.0174600484375
0.324321298828 -0.0274120625 0.0207363953125
0.315582632812 0.2518584375 0.0292842644531
0.310552845703 0.3216760625 0.0335800754883
0.331253841797 0.2518584375 0.0136426262695
0.258545207031 0.0424055625 0.0714191101562
0.270508121094 -0.0274120625 0.0641574586914
0.2522825 0.2518584375 0.0752173296875
0.229772789062 0.3216760625 0.087629703125
0.249394429688 -0.0274120625 0.0765530066406
0.215789578125 0.0424055625 0.0943139674805
0.232088875 -0.0274120625 0.0867432130859
0.221931085937 0.2518584375 0.0916062230469
0.19799146875 0.3216760625 0.101777091406
0.17650828125 0.0424055625 0.10921875
0.147503241602 0.0424055625 0.115265328125
0.175671609375 -0.0274120625 0.109419625
0.165041821191 0.2518584375 0.11187653125
0.143812106445 0.3216760625 0.116636078125
0.195387054688 0.0424055625 0.102783013672
0.210909203125 -0.0274120625 0.0964264996094
0.192521304688 -0.0274120625 0.103678664453
0.168452675586 0.3216760625 0.1111355
0.194487533203 0.2518584375 0.103137390234
0.14789255 -0.0274120625 0.1149815
0.120576687305 0.0478889234375 0.120726359375
0.126496723242 -0.0274120625 0.119720359375
0.115030126563 0.2518584375 0.1213485
0.115887909375 0.3216760625 0.121281
0.133674405859 0.2518584375 0.11842971875
0.09358555625 -0.0531723460937 0.123036
-0.410534 0.0424055625 -0.234773039063
-0.410534 -0.0274120625 -0.232031359375
-0.410534 -0.0274120625 -0.19913128125
-0.410534 0.2518584375 -0.227918851563
-0.410534 -0.0274120625 -0.267673195313
-0.410534 0.033678359375 -0.202558376953
-0.410534 -0.018684859375 -0.160747875
-0.410534 0.1122231875 -0.273156554687
-0.410534 0.1122231875 -0.179939578125
-0.410534 0.107859585937 -0.154236404297
-0.410534 -0.3066825625 -0.355406945312
-0.410534 -0.2368649375 -0.355406945312
-0.410534 -0.3066825625 -0.397902980469
-0.410534 -0.2368649375 -0.406128019531
-0.410534 -0.3765001875 -0.108656109375
-0.410534 -0.385227390625 -0.0332601328125
-0.410534 -0.3765001875 -0.01269759375
-0.410534 -0.3066825625 -0.086722734375
-0.410534 -0.2368649375 -0.103172765625
-0.410534 -0.3066825625 -0.05656434375
-0.410534 -0.245592140625 -0.0709581210937
-0.410534 -0.302318960938 -0.0144111386719
0.0778874373047 0.0424055625 -0.575871064453
0.116745692187 0.0424055625 -0.574309765625
0.114559699609 -0.0274120625 -0.573903932617
0.0811557285156 0.2518584375 -0.575913261719
0.108196675537 0.3216760625 -0.574683211426
0.0338905085937 0.0424055625 -0.576639054687
0.0227989607422 -0.0274120625 -0.576613736328
0.0552714386719 0.190768015625 -0.576453386719
0.0218339550781 0.1122231875 -0.576689691406
0.0249950234375 0.1820408125 -0.576740328125
-0.0970213757813 -0.367772984375 -0.5733604375
-0.220313726563 -0.3765001875 -0.577483
-0.0600441882813 -0.2368649375 -0.577145421875
-0.114806984766 -0.2368649375 -0.577263574219
-0.183220773242 -0.297955359375 -0.577483
-0.159014347656 -0.2368649375 -0.577449242187
0.142675362305 0.0424055625 -0.570437844727
0.150153117188 -0.0274120625 -0.568642664062
0.146790596484 0.2518584375 -0.56934609375
0.142993906641 0.3216760625 -0.570049945312
0.123793372852 0.2518584375 -0.573569414062
-0.151834428125 0.2518584375 -0.577483
-0.100153285742 0.312948859375 -0.577457681641
-0.0970716316406 0.2518584375 -0.577364847656
-0.129007995313 0.3216760625 -0.577483
-0.186074077344 0.0424055625 -0.577483
-0.244091260742 -0.018684859375 -0.577483
-0.2279225375 0.0424055625 -0.577483
-0.0995893628906 0.1820408125 -0.577263574219
-0.126863538281 0.1122231875 -0.577314210938
-0.16705205 -0.0274120625 -0.577483
-0.155732152148 0.051132765625 -0.577415484375
-0.201291699219 -0.0274120625 -0.577483
-0.170856455469 0.3216760625 -0.577483
-0.189878482813 0.2518584375 -0.577483
-0.220313726563 0.1122231875 -0.577483
-0.208900510156 0.1820408125 -0.577483
-0.250748970313 0.1122231875 -0.577483
-0.135824851261 0.679491390625 -0.573388863281
-0.0967739830684 0.6707641875 -0.573499515625
-0.212303380775 0.6707641875 -0.572191292969
-0.256075202586 0.6707641875 -0.569200328125
-0.15228012523 0.6009465625 -0.57659778125
-0.16705205 0.5311289375 -0.577483
-0.22126482793 0.522401734375 -0.577483
-0.205096104688 0.6009465625 -0.577483
-0.266167399998 0.535492539063 -0.574952183594
-0.237306759195 0.6009465625 -0.574722109375
-0.410534 0.2518584375 -0.355406945312
-0.410534 0.3216760625 -0.355406945312
-0.410534 0.0424055625 -0.443140695312
-0.410534 -0.0274120625 -0.441769855469
-0.410534 0.1122231875 -0.362261144531
-0.410534 0.0424055625 -0.404757179687
-0.410534 -0.0274120625 -0.399273820312
-0.410534 0.2518584375 -0.396532140625
-0.410534 0.3216760625 -0.396532140625
-0.410534 0.1122231875 -0.443140695312
-0.410534 0.1820408125 -0.443140695312
-0.410534 0.3216760625 -0.11139778125
-0.410534 0.033678359375 -0.0353163867187
-0.410534 0.173313609375 -0.0901498242187
-0.410534 0.033678359375 -0.0709581210937
-0.410534 -0.0230484609375 -0.042855984375
-0.410534 0.6707641875 -0.360890304687
-0.410534 0.6707641875 -0.451365734375
-0.410534 0.6009465625 -0.414353058594
-0.410534 0.5311289375 -0.404757179687
-0.410534 0.6009465625 -0.451365734375
-0.410534 0.681730909375 0.014719125
-0.410534 0.632350347461 -0.0164673925781
-0.410534 0.38850812168 -0.0826102265625
-0.410534 0.391433060547 -0.0325747148438
-0.399120783594 0.0424055625 -0.574741320313
-0.406729594531 -0.0274120625 -0.569257960937
-0.402925189062 0.3216760625 -0.574741320313
-0.376294350781 0.1122231875 -0.577483
-0.353467917969 0.1820408125 -0.577483
-0.376294350781 0.2518584375 -0.577483
-0.334445890625 0.3216760625 -0.577483
-0.372489945313 0.3216760625 -0.577483
-0.410534 0.1820408125 -0.530874445313
-0.410534 0.1122231875 -0.536357804687
-0.410534 0.2518584375 -0.530874445313
-0.410534 0.3216760625 -0.513053527344
-0.410534 0.330403265625 -0.542183874023
-0.245043007813 -0.411409 0.277978875
-0.410534 -0.0613973875 0.0695525625
-0.302108867188 -0.164657757812 0.488458
-0.211279041016 0.334570595312 0.488458
-0.410534 0.387888580273 0.362267699219
-0.410534 0.415978984277 0.343072294922
-0.410534 0.186071403809 0.282235287109
-0.410534 0.238716070117 0.251343746094
0.112671223828 -0.235398870313 0.121534125
-0.410534 -0.2368649375 -0.264931515625
-0.410534 -0.3066825625 -0.301944191406
-0.410534 -0.2368649375 -0.301944191406
-0.410014054199 -0.297955359375 -0.162605460254
-0.410534 -0.0972296875 -0.267673195313
-0.410534 -0.0972296875 -0.196389609375
-0.410534 -0.1670473125 -0.179939578125
-0.410534 -0.158320109375 -0.154579113281
-0.410534 -0.245592140625 -0.166916636719
-0.410534 -0.3066825625 -0.130589484375
-0.410534 -0.2368649375 -0.141556171875
0.028611788916 -0.241228539063 -0.576755097168
0.0271632775391 -0.315409765625 -0.577018830078
0.0520309560547 -0.0928660859375 -0.576259279297
0.0188873324219 -0.0972296875 -0.576622175781
0.0114721107422 -0.176865416016 -0.576719229492
-0.0622091398438 -0.3066825625 -0.576005242187
-0.0249328519531 -0.228137734375 -0.577001951172
-0.00598034609375 0.4613113125 -0.577381726562
-0.00939556728516 0.395857289063 -0.577276233398
0.0215420328613 0.467856714844 -0.577274123535
0.0119188499512 0.317312460938 -0.577020939941
-0.00596443603516 0.256222039063 -0.577006170898
-0.0567242914063 0.5311289375 -0.577483
-0.0415066695313 0.6009465625 -0.577483
-0.0347000242188 0.3216760625 -0.577246695312
-0.0490598632813 0.2518584375 -0.577179179687
-0.0985727515625 0.3914936875 -0.577483
-0.103328258398 0.465674914063 -0.577483
-0.132812400781 0.5311289375 -0.577483
-0.114681767648 0.6009465625 -0.5757125625
-0.090963940625 0.5311289375 -0.577483
-0.410534 0.3914936875 -0.273156554687
-0.410534 0.4613113125 -0.267673195313
-0.410534 0.456947710938 -0.197075029297
-0.410534 0.395857289063 -0.174456234375
-0.410534 0.2518584375 -0.275898234375
-0.410534 0.3216760625 -0.28138159375
-0.410534 0.3216760625 -0.196389609375
-0.410534 0.260585640625 -0.160747875
-0.410534 0.2518584375 -0.18816459375
-0.410534 0.5311289375 -0.323877628906
-0.410534 0.6009465625 -0.319765109375
-0.410534 0.2518584375 -0.317023429687
-0.410534 0.312948859375 -0.162804128906
-0.410534 0.3216760625 -0.13333115625
-0.410534 0.256222039063 -0.120993632813
-0.410534 0.6009465625 -0.360890304687
-0.410534 0.5311289375 -0.36911534375
-0.410534 0.636839489453 -0.157320785156
-0.410534 0.538078365625 -0.12236446875
0.0931566648438 0.371026310938 0.12306975
0.0931566648438 0.323142129688 0.12306975
0.0892966421875 0.3395922125 0.1233735
-0.410534 -0.3066825625 -0.492490929687
-0.410534 -0.2368649375 -0.487007570312
-0.410534 -0.3066825625 -0.448624054687
-0.292597430469 -0.3066825625 -0.577483
-0.284988619531 -0.2368649375 -0.577483
-0.216509321094 -0.3066825625 -0.577483
-0.191673462695 -0.245592140625 -0.577474560547
-0.220313726563 -0.2368649375 -0.577483
-0.357272323438 -0.0972296875 -0.577483
-0.368685539844 -0.1670473125 -0.577483
-0.326837079688 -0.0972296875 -0.577483
-0.250748970313 -0.0972296875 -0.577483
-0.22126482793 -0.105956890625 -0.577483
-0.277379808594 -0.0274120625 -0.577483
-0.262162186719 0.0424055625 -0.577483
-0.410534 -0.0972296875 -0.530874445313
-0.410534 -0.0972296875 -0.449994894531
-0.410534 -0.0274120625 -0.492490929687
-0.410534 0.0424055625 -0.485636730469
-0.364881134375 -0.0274120625 -0.577483
-0.353467917969 0.0424055625 -0.577483
-0.410534 -0.0274120625 -0.530874445313
-0.410534 0.0424055625 -0.536357804687
-0.410534 -0.302318960937 0.0630410917969
-0.410534 -0.3066825625 0.039394171875
-0.410534 -0.245592140625 0.0160899609375
-0.410534 -0.241228539063 -0.0240069902344
-0.410534 -0.162683710938 0.0037524375
-0.410534 -0.088502484375 -0.0353163867187
-0.347380933836 0.6009465625 -0.569200328125
-0.366085900467 0.535492539063 -0.571280601563
-0.305828375473 0.6009465625 -0.568740179688
-0.311365873859 0.5311289375 -0.57196121875
-0.410534 0.6009465625 -0.536357804687
-0.410534 0.5311289375 -0.539099484375
-0.410534 0.6009465625 -0.488378410156
-0.410534 0.5311289375 -0.495232609375
-0.376294350781 0.3914936875 -0.577483
-0.366064741547 0.4613113125 -0.57564240625
-0.334530445533 0.456947710938 -0.575872480469
-0.410534 0.4613113125 -0.539099484375
-0.410534 0.3914936875 -0.536357804687
-0.37249009375 0.059236553125 0.488458
-0.20509690625 0.585962546875 0.488458
-0.368685703125 0.442310003125 0.488458
-0.410534 0.582969785547 0.0551587851563
-0.410534 0.18739928125 0.226358757812
-0.410534 0.253766039453 0.0620129648438
0.0807188140625 -0.0434812375 0.1240485
0.0828632710937 -0.0599313203125 0.12387975
0.0892966421875 -0.098314846875 0.1233735
-0.410534 0.00634141074219 0.300660682129
0.109025646875 0.0438716296875 0.121821
0.105165624219 -0.0518967328125 0.12212475
0.0899399792969 0.182231266406 0.123322875
-0.410534 -0.0274120625 -0.318394269531
-0.410534 0.0424055625 -0.311540070312
-0.410534 -0.0972296875 -0.360890304687
-0.410534 0.0380419609375 -0.154236404297
-0.410534 -0.018684859375 -0.118937378906
-0.410534 -0.0972296875 -0.103172765625
-0.410534 0.0424055625 -0.354036105469
-0.410534 0.0424055625 -0.103172765625
-0.410534 -0.0274120625 -0.086722734375
-0.0223734078125 -0.0274120625 -0.576875359375
-0.00931214150391 0.0380419609375 -0.57682050293
-0.0484959404297 -0.018684859375 -0.576985072266
-0.140822294531 -0.158320109375 -0.577364847656
-0.114806984766 -0.0972296875 -0.577263574219
-0.0987315800781 -0.1670473125 -0.577196058594
-0.0967221544922 0.033678359375 -0.577187619141
-0.122844687109 -0.0274120625 -0.577297332031
-0.126863538281 0.0424055625 -0.577314210938
-0.205096104688 0.3216760625 -0.577483
-0.261211085352 0.247494835938 -0.577483
-0.220313726563 0.2518584375 -0.577483
-0.246944564844 0.3216760625 -0.577483
-0.233629145703 0.470038515625 -0.577483
-0.222215929297 0.382766484375 -0.577483
-0.296401835938 0.3216760625 -0.577483
-0.311619457813 0.2518584375 -0.577483
-0.410534 0.3216760625 -0.443140695312
-0.410534 0.2518584375 -0.443140695312
-0.410534 0.3914936875 -0.443140695312
-0.410534 0.4613113125 -0.443140695312
-0.410534 0.2518584375 -0.484265890625
-0.410534 0.3216760625 -0.473299171875
-0.410534 0.034370975 0.0256858125
-0.410534 0.394425821875 0.06406921875
-0.368685703125 0.250773278125 0.488458
-0.20509690625 0.394425821875 0.488458
0.0572048789062 0.6009465625 -0.573893273437
0.0414122528945 0.6707641875 -0.569711960937
-0.139284332812 -0.3066825625 -0.57695665625
-0.177008760777 0.609673765625 -0.57659778125
0.0726891347656 -0.0274120625 -0.575980777344
-0.0613709919922 -0.383045589844 -0.575290132812
-0.0141768769531 -0.3066825625 -0.577128542969
0.0583212726562 0.4613113125 -0.577111664063
0.0439614335937 0.3914936875 -0.577044148437
0.0560736042969 0.3216760625 -0.576689691406
-0.0668508335938 0.3216760625 -0.577381726562
-0.250748970313 -0.3765001875 -0.577483
-0.25835778125 -0.3066825625 -0.577483
-0.31922826875 -0.2368649375 -0.577483
-0.334445890625 -0.1670473125 -0.577483
-0.330641485156 -0.0274120625 -0.577483
-0.280677046156 0.6707641875 -0.5664394375
-0.0634197023438 0.1820408125 -0.577111664063
-0.0625619195313 0.0424055625 -0.577044148437
-0.209851611523 -0.162683710938 -0.577483
-0.205096104688 0.4613113125 -0.577483
-0.326837079688 0.1122231875 -0.577483
-0.31922826875 0.1820408125 -0.577483
-0.311619457813 0.0424055625 -0.577483
-0.326837079688 0.3914936875 -0.577483
0.0354531269531 0.535492539063 -0.577339529297
-0.327788181055 -0.315409765625 -0.577483
0.0374804683594 0.260585640625 -0.576655933594
-0.261908602766 0.6009465625 -0.57196121875
-0.341103600195 0.260585640625 -0.577483
-0.248846767578 -0.245592140625 -0.577483
-0.0876797393555 -0.018684859375 -0.577149641602
0.0642700609375 -0.405925639063 0.13522325
-0.410534 -0.0320658160156 0.141658566406
0.343948308594 0.12967759375 -0.451304753906
0.400369776367 0.12967759375 -0.357487694336
0.415479519531 0.16458640625 -0.311079589844
0.340190957031 0.12967759375 0.00259604765625
-0.410534 -0.0767670832031 0.418943539063
-0.0167783359375 -0.0604739 0.460014875
-0.300318122688 0.705673 -0.526805400391
-0.406729609375 0.675158925 0.424331296875
-0.410534 -0.121327797852 0.134431945312
-0.0719424921875 0.107120734375 0.124386
-0.164556348145 -0.0275535253906 0.187316414062
-0.109986695313 -0.036531809375 0.124386
0.0500134035156 0.104379053906 0.124369125
-0.300206671875 -0.411409 0.2381585
-0.410534 0.113952595313 0.36276415625
0.0445871558105 0.675745386719 0.118528682129
-0.14203867771 -0.411409 0.131880227222
-0.410534 -0.39395459375 0.055844203125
-0.16705296875 0.011352371875 0.4628591875
-0.167053 0.011352371875 0.4173501875
-0.408631804688 0.681144447656 0.461307359375
-0.164199683594 0.011352371875 0.1442961875
-0.307186167969 0.705673 -0.291505207031
-0.3648813125 -0.411409 0.260913
-0.17466178125 0.394425821875 0.4685478125
-0.410534 -0.0152641058594 0.232914738281
0.121892389062 -0.198162507617 0.1208085
-0.410534 -0.11468409375 -0.0360018046875
-0.410534 0.36794436543 0.386888679687
-0.410534 0.172600155664 0.324306394531
0.0130456927734 -0.21941053125 -0.576782525391
-0.410534 -0.21941053125 -0.037372640625
-0.0267139275391 -0.18450171875 -0.576917556641
-0.269770997656 0.33913046875 -0.577483
0.239312387695 -0.39395459375 -0.0457232234863
0.18102046875 0.705673 0.029708295
-0.0141369327344 -0.411409 0.0180786492187
-0.0763629332813 -0.39395459375 -0.0372389828125
-0.134448421631 0.68821859375 -0.105223098242
-0.161634058105 0.68821859375 -0.17637172998
0.175541495605 0.68821859375 -0.448808250977
0.198071137695 -0.39395459375 -0.437337043945
0.256954100098 -0.39395459375 -0.389652605469
0.257184273926 0.68821859375 -0.0636055683105
0.331642058594 0.705673 -0.0365686742187
-0.117595515625 -0.0604739 0.47708075
-0.182368328825 -0.411409 -0.548289605469
0.198148713867 0.12967759375 -0.553797711914
0.315309140625 0.12967759375 -0.481197359375
0.422854828125 0.12967759375 -0.18297015625
-0.270180029297 -0.411409 0.116583678125
-0.269771546875 -0.411409 0.31779925
-0.216510078125 -0.411409 0.29504475
-0.064333609375 -0.071440621875 0.488458
-0.172284037109 0.681730909375 0.29362259375
-0.408631804688 0.669759864062 0.29362259375
-0.167053 0.298657459375 0.1442961875
0.353285658203 -0.123411296875 -0.439507335938
-0.408631804688 0.669759864062 0.2381585
-0.167053 0.155004915625 0.1499848125
-0.219996734375 0.705673 0.0053288828125
-0.410534 0.44385690625 -0.514424367187
-0.410534 0.304642982031 0.0366525
-0.372965642578 -0.406586 0.35418271875
-0.368685703125 -0.290775059375 0.488458
-0.282135816406 0.496179707031 0.488458
-0.167053 0.286686414063 0.19407165625
-0.34205496875 0.705673 0.43157175
-0.410534 0.550049410938 0.20260459375
0.00711817163086 -0.0604739 0.321710179687
-0.168952171875 0.705673 -0.390915507813
-0.173710675781 0.0532510304688 0.48134721875
-0.310187191406 -0.411409 -0.168021128906
-0.410014054199 -0.39395459375 -0.12079496416
-0.410534 0.579977024219 -0.070272703125
-0.052920390625 0.202889096875 0.124386
-0.168955195313 0.436324480469 0.442237921875
-0.302108867188 0.256758800781 0.488458
-0.275478132812 0.388440299219 0.488458
-0.167053 0.391433060547 0.274067945312
-0.167053 0.358512685938 0.3291765
-0.167053 0.358512685938 0.27371240625
-0.353468140625 0.705673 0.45432625
-0.168955195313 0.669759864062 0.2381585
-0.408631804688 0.633846728125 0.2865118125
-0.410534 0.585962546875 0.2865118125
-0.410534 0.358512685938 0.2381585
-0.410534 0.367448582813 0.41138528125
-0.410534 0.448295525781 0.099710953125
-0.410534 0.244787755469 0.113521953125
-0.118546641016 0.310628504688 0.124386
-0.304486611328 -0.357946230859 0.488458
-0.410534 -0.00328946796875 0.450413859375
-0.410534 0.429468298047 0.408160421875
-0.409107353516 0.636839489453 0.23389203125
-0.410534 0.582969785547 0.202249054687
-0.167053 0.532092842969 0.176294703125
-0.168479646484 0.636839489453 0.24242496875
-0.161346369531 0.397418583203 0.141807414062
-0.118546641016 0.119091779687 0.124386
-0.166339670898 0.0532510304688 0.176294703125
-0.328739601563 0.202889096875 0.488458
-0.167053 0.253766039453 0.197271507812
-0.410534 0.391433060547 0.24242496875
-0.130227748682 -0.35904578125 -0.0987488365234
-0.11273303418 0.68821859375 -0.0734945994141
-0.184735674805 -0.411409 -0.289375949219
-0.166599833496 -0.39395459375 -0.239275085449
-0.145607520996 0.68821859375 -0.325938637695
0.0521667076665 0.705673 -0.500847158203
0.208982409668 0.68821859375 -0.430643986328
0.324464734375 -0.411409 -0.0127125291016
0.061031721875 -0.411409 -0.543807359375
0.307412304688 0.705673 -0.0053183421875
0.37956453125 0.705673 -0.10262772793
0.389049488281 0.705673 -0.301064263672
-0.410534 -0.363888734375 0.288914140625
0.19669026416 0.16458640625 -0.0154834564844
0.149494016748 0.12967759375 0.00503670115234
0.0877610265137 0.16458640625 0.0161088090527
0.0361846108501 0.12967759375 0.0128826321924
-0.00979731530273 -0.411409 0.0700418945312
-0.163724617676 0.16458640625 -0.262448322754
0.212204363281 0.705673 -0.487276636719
0.287799023437 0.705673 -0.449945351563
0.420748588501 0.160222804687 -0.278933349854
-0.0548226007813 0.340556117969 0.124386
-0.331877982422 -0.411409 0.119095467187
-0.186788245117 -0.246222751758 0.488458
-0.138519828125 -0.208524645312 0.488458
-0.287955578125 0.705673 0.140203089844
-0.129008796875 0.346541640625 0.124386
-0.06813803125 -0.0604739 0.2836675
0.318971449219 0.44385690625 -0.209485318359
0.282704689453 -0.11468409375 -0.507101841797
0.383813420898 -0.11468409375 -0.390929652344
0.425359335937 -0.119047695313 -0.228504632812
0.165208201172 -0.11468409375 -0.564664980469
0.284358819336 0.40894809375 0.0531193415527
0.396485506836 0.44385690625 -0.365018826172
0.0237417628203 0.532092842969 0.123448829141
-0.123214055811 -0.411409 0.0981244118652
-0.377672337109 -0.411409 0.093082703125
-0.353209972461 -0.411409 0.148202986914
-0.408631804688 0.11276160625 0.45515853125
-0.231727640625 0.101135211719 0.488458
-0.241238617188 0.675745386719 0.4856136875
-0.410534 0.53231728252 0.434055759766
-0.3040110625 0.705673 0.215404
-0.167053 0.532092842969 0.207582140625
-0.307815453125 -0.411409 0.38606275
-0.35727253125 -0.411409 0.4201945
-0.3953164375 -0.402584 0.423114984375
-0.247896300781 -0.337383627344 0.488458
0.0528901209961 -0.065341609375 0.372204015625
-0.0567248109375 0.143033870312 0.124386
-0.00410788969727 0.160222804687 -0.576822612793
-0.410534 0.484208661719 -0.070272703125
-0.00251182148438 0.119091779687 0.124386
-0.410534 0.320676872266 0.412292984375
-0.167053 0.113106257031 0.214692921875
-0.410534 0.138169851172 0.247847898437
0.0726255464844 -0.0944713179687 0.275579498047
-0.152597023437 0.705673 -0.375147539063
0.422744520508 -0.25431934375 -0.265046322266
0.421939625 -0.25431934375 -0.179986948242
0.424459867187 0.54858334375 -0.243086019531
0.267617130859 0.54858334375 -0.517830675781
-0.373762722656 0.705673 -0.191489475
-0.376182175781 0.705673 -0.25361499375
-0.167528548828 0.591948069531 0.177716859375
-0.181445723047 0.705673 0.142001087891
-0.157423122569 0.639832250781 0.127245785884
-0.0975034295898 -0.411066289941 0.4230388125
-0.227462379687 -0.411409 -0.0120930488281
-0.226970011719 -0.411409 -0.444836269531
0.423805769531 0.26931284375 -0.260832328125
0.364695215332 0.02495115625 -0.030540293457
0.0469456882812 -0.41020325 0.331517125
-0.153736630859 0.295494453125 -0.577483
-0.410534 0.352527163281 0.001010765625
-0.0110717671875 0.250773278125 0.124386
0.0601677914062 0.203391258594 0.1243185
-0.364405763672 0.196756958789 0.488070042969
-0.34205496875 -0.21400800625 0.488458
-0.410534 -0.0209030226562 0.403107453125
-0.274527035156 0.256758800781 0.488458
-0.303059964844 0.388440299219 0.488458
-0.167053 0.313621266016 0.380729664062
-0.1213999375 -0.0604739 0.260913
-0.2127056875 0.705673 0.351931
-0.17466178125 0.681730909375 0.334865125
-0.410534 0.209600052344 0.377571359375
-0.410534 0.436324480469 0.157806671875
-0.410534 0.304642982031 0.157806671875
-0.167053 0.244787755469 0.162073140625
-0.0186806078125 0.011352371875 0.124386
-0.410534 0.587855757812 -0.332788087891
0.0147178301348 0.591948069531 0.119934438418
-0.243140159375 -0.27177375 -0.577483
-0.408631804688 0.627861205469 0.351219921875
-0.410534 0.495593245313 0.345401625
-0.410534 0.146026631641 0.0846317578125
-0.410534 -0.0109331734375 0.20763215625
-0.0952445666016 0.0173378945312 0.124386
-0.103566736035 0.207378238867 0.124386
0.103450058594 0.124655976562 0.12225975
-0.410534 0.448295525781 0.001010765625
-0.410534 0.406396867188 0.028427484375
-0.345859359375 0.256758800781 0.488458
-0.247896300781 0.397418583203 0.488458
-0.131873760254 -0.35904578125 -0.350884218262
0.0218413907358 0.65330978125 -0.462974424805
0.317524447754 0.19949521875 -0.478901474121
-0.207950199219 0.27471536875 0.482769375
-0.167053 0.364498208594 0.428016359375
-0.410534 0.367490969922 0.0791484140625
0.380184750977 -0.18450171875 -0.397865479492
0.398789150391 -0.07977528125 -0.0930437057617
0.303044645508 -0.07977528125 0.0387539279785
0.379748609863 0.47876571875 -0.0547196254395
0.398858525879 0.37403928125 -0.359971349609
-0.0743196666992 0.480947519531 -0.577483
-0.410534 -0.0426846679688 -0.0195517734375
-0.410534 0.0368214804688 0.362929162109
0.0526464845703 0.23440403125 -0.576360552734
-0.0726894645996 -0.182319917969 -0.577092675293
-0.0997362928711 0.0642235703125 -0.57720027832
-0.410534 0.203858820313 -0.0925487871094
-0.290695227734 0.02495115625 -0.577483
3 1474 5539 5533
3 5539 3069 3058
3 5539 3058 5533
3 3069 4588 4579
3 4588 470 465
3 4588 465 4579
3 465 4578 4579
3 4578 3058 3069
3 4578 3069 4579
3 3068 5095 5087
3 5095 1108 1104
3 5095 1104 5087
3 5094 2367 2364
3 2367 4219 4216
3 4219 3 4216
3 3 0 4216
3 4216 2364 2367
3 2364 5085 5094
3 5085 1104 1108
3 5085 1108 5094
3 5087 3056 3068
3 3056 4577 4586
3 4577 465 470
3 4577 470 4586
3 470 4587 4586
3 4587 3068 3056
3 4587 3056 4586
3 5095 3068 3070
3 4587 470 471
3 4587 3070 3068
3 3069 5539 5551
3 5539 1474 1481
3 5539 1481 5551
3 1474 5532 5538
3 5532 2643 2649
3 5532 2649 5538
3 2643 4366 4369
3 203 6424 196
3 6424 4366 196
3 4366 6424 4369
3 6424 203 4369
3 203 4370 4369
3 4370 2649 2643
3 4370 2643 4369
3 2649 5550 5538
3 5550 1481 1474
3 5550 1474 5538
3 5551 3071 3069
3 3071 4589 4588
3 4589 471 470
3 4589 470 4588
3 4588 3069 3071
3 2644 5534 5536
3 5534 1475 1476
3 5534 1476 5536
3 5535 3061 3064
3 3061 4581 4582
3 4581 466 468
3 4581 468 4582
3 4582 3064 3061
3 3064 5537 5535
3 5537 1476 1475
3 5537 1475 5535
3 4580 3059 3060
3 3059 5090 5092
3 5090 1105 1106
3 5090 1106 5092
3 5092 3060 3059
3 1105 5088 5089
3 5088 2365 2366
3 5088 2366 5089
3 2365 4217 4218
3 4217 1 4218
3 1 2 4218
3 4218 2366 2365
3 5089 1106 1105
3 2366 5093 5089
3 5093 1107 1106
3 5093 1106 5089
3 5092 3063 3060
3 3063 4583 4580
3 4583 468 466
3 4583 466 4580
3 4580 3060 3063
3 5092 1106 1107
3 4583 469 468
3 4585 3067 3066
3 3067 5549 5537
3 5549 1480 1476
3 5549 1476 5537
3 5537 3066 3067
3 1480 5548 5536
3 5548 2650 2645
3 5548 2645 5536
3 4367 203 196
3 4367 2645 2650
3 4367 2644 2645
3 5536 1476 1480
3 5536 2645 2644
3 5537 3064 3066
3 4582 468 469
3 469 4585 4582
3 4585 3066 3064
3 4585 3064 4582
3 1480 5552 5548
3 5552 2652 2650
3 5552 2650 5548
3 2652 4373 4371
3 4373 203 4371
3 203 4367 4371
3 4367 2650 2652
3 4367 2652 4371
3 5556 3078 3071
3 3078 4593 4589
3 4593 475 471
3 4593 471 4589
3 4589 3071 3078
3 3071 5554 5556
3 5554 1482 5556
3 4592 3077 3076
3 3077 5101 3076
3 5101 1112 1109
3 5101 1109 3076
3 1112 5100 5096
3 5100 2371 2368
3 5100 2368 5096
3 2371 4221 4219
3 4221 5 3
3 4221 3 4219
3 4219 2368 2371
3 4219 2367 2368
3 5096 1109 1112
3 5096 2368 2367
3 2367 5094 5096
3 5094 1108 1109
3 5094 1109 5096
3 4587 471 475
3 475 4592 4587
3 4592 3076 3070
3 4592 3070 4587
3 3076 1109 1108
3 1108 5095 3076
3 5095 3070 3076
3 3071 5551 5554
3 5551 1481 1482
3 5551 1482 5554
3 5550 2649 2651
3 2649 4370 4372
3 4370 203 4372
3 4372 2651 2649
3 4372 2653 2651
3 2653 5553 5550
3 5553 1482 1481
3 5553 1481 5550
3 5550 2651 2653
3 5552 1480 1483
3 5549 3067 3073
3 4585 469 472
3 472 4591 4585
3 4591 3073 3067
3 4591 3067 4585
3 3073 1483 5549
3 1483 1480 5549
3 469 4583 4584
3 4583 3063 3065
3 4583 3065 4584
3 3063 5092 5098
3 5092 1107 1110
3 5092 1110 5098
3 5098 3065 3063
3 5093 2366 2369
3 2366 4218 4220
3 4 4218 2
3 4218 4 4220
3 4220 2369 2366
3 4220 2370 2369
3 2370 5097 5093
3 5097 1110 1107
3 5097 1107 5093
3 5093 2369 2370
3 5097 1111 1110
3 5099 3072 3065
3 3072 4590 4584
3 4590 472 469
3 4590 469 4584
3 4584 3065 3072
3 3065 5098 5099
3 5098 1110 1111
3 5098 1111 5099
3 4590 473 472
3 4591 3075 3073
3 1483 3073 3075
3 1483 3075 1484
3 5557 2656 2654
3 2656 4375 4373
3 203 6425 205
3 6425 4375 205
3 4375 6425 4373
3 6425 203 4373
3 4373 2654 2656
3 4373 2652 2654
3 2652 5552 5557
3 5552 1483 1484
3 5552 1484 5557
3 5557 2654 2652
3 4591 472 473
3 5561 3086 3080
3 4594 477 475
3 475 4593 4594
3 4593 3080 3086
3 4593 3086 4594
3 4593 3079 3080
3 3079 1485 5561
3 5561 3080 3079
3 4599 3085 3084
3 3085 5108 5102
3 5108 1113 5102
3 5102 3084 3085
3 1113 5107 5100
3 5107 2373 2371
3 5107 2371 5100
3 2373 4224 4222
3 5 4222 7
3 4222 4224 7
3 5 4221 4222
3 4221 2371 2373
3 4221 2373 4222
3 5100 1112 1113
3 5101 3077 3084
3 3077 4592 4599
3 4592 475 477
3 4592 477 4599
3 4599 3084 3077
3 3084 5102 5101
3 5102 1113 1112
3 5102 1112 5101
3 4593 3078 3079
3 5556 1482 1485
3 1485 3079 5556
3 3079 3078 5556
3 1482 5553 5555
3 5553 2653 2655
3 5553 2655 5555
3 2653 4372 4374
3 4372 203 205
3 4372 205 4374
3 4374 2655 2653
3 2655 5559 5555
3 5559 1485 1482
3 5559 1482 5555
3 3086 5561 5565
3 5561 1485 1487
3 5561 1487 5565
3 1485 5559 2657
3 5559 2655 2657
3 2655 4374 4376
3 4374 205 4376
3 4376 2657 2655
3 4376 2659 2657
3 2659 5564 2657
3 5564 1487 1485
3 5564 1485 2657
3 2656 5557 5560
3 5557 1484 1486
3 5557 1486 5560
3 1484 3075 3083
3 1484 3083 5558
3 3075 4591 4595
3 4591 473 476
3 4591 476 4595
3 476 4597 4595
3 4597 3083 3075
3 4597 3075 4595
3 5558 1486 1484
3 4590 3072 3074
3 3072 5099 5104
3 5099 1111 1114
3 5099 1114 5104
3 1114 5105 5104
3 5105 3074 3072
3 5105 3072 5104
3 5097 2370 2372
3 2370 4220 4223
3 4220 4 6
3 4220 6 4223
3 4223 2372 2370
3 2372 5103 5097
3 5103 1114 1111
3 5103 1111 5097
3 5105 3081 3074
3 3081 4596 4590
3 4596 476 473
3 4596 473 4590
3 4590 3074 3081
3 3083 5563 5558
3 5563 1486 5558
3 5562 2658 2656
3 2658 4377 4375
3 4377 205 4375
3 4375 2656 2658
3 2656 5560 5562
3 5560 1486 5562
3 5565 3096 3086
3 3096 4608 4600
3 4608 480 477
3 4608 477 4600
3 477 4594 4600
3 4594 3086 3096
3 4594 3096 4600
3 480 4607 4606
3 4607 3095 3094
3 4607 3094 4606
3 3095 5117 5109
3 5117 1119 1116
3 5117 1116 5109
3 5109 3094 3095
3 1119 5116 5115
3 5116 2376 2373
3 5116 2373 5115
3 2376 4227 4224
3 4227 9 7
3 4227 7 4224
3 4224 2373 2376
3 2373 5107 5115
3 5107 1116 1119
3 5107 1119 5115
3 5107 1113 1116
3 1113 5108 5109
3 5108 3085 3094
3 5108 3094 5109
3 3085 4599 4606
3 4599 477 480
3 4599 480 4606
3 4606 3094 3085
3 5109 1116 1113
3 4607 480 481
3 4608 3096 3097
3 3096 5565 5572
3 5565 1487 1490
3 5565 1490 5572
3 5572 3097 3096
3 1487 5564 5568
3 5564 2659 2660
3 5564 2660 5568
3 2659 4376 4378
3 210 6426 205
3 6426 4376 205
3 4376 6426 4378
3 6426 210 4378
3 4378 2660 2659
3 2660 5571 5568
3 5571 1490 1487
3 5571 1487 5568
3 3097 4609 4608
3 4609 481 480
3 4609 480 4608
3 2658 5562 5566
3 5562 1486 1488
3 5562 1488 5566
3 5563 3083 3088
3 4597 476 478
3 478 4602 4597
3 4602 3088 3083
3 4602 3083 4597
3 4602 3089 3088
3 3089 5567 5563
3 5567 1488 1486
3 5567 1486 5563
3 5563 3088 3089
3 4596 3081 3082
3 3081 5105 5111
3 5105 1114 1117
3 5105 1117 5111
3 5111 3082 3081
3 1114 5103 5106
3 5103 2372 2374
3 5103 2374 5106
3 2372 4223 4225
3 8 4225 6
3 4225 4223 6
3 8 4226 4225
3 4226 2374 2372
3 4226 2372 4225
3 2374 5110 5106
3 5110 1117 1114
3 5110 1114 5106
3 4226 2375 2374
3 2375 5112 5110
3 5112 1118 1117
3 5112 1117 5110
3 5110 2374 2375
3 1118 5113 5111
3 5113 3087 3082
3 5113 3082 5111
3 3087 4601 4598
3 4601 478 476
3 4601 476 4598
3 476 4596 4598
3 4596 3082 3087
3 4596 3087 4598
3 5111 1117 1118
3 4603 3090 3089
3 3090 5570 5567
3 5570 1489 1488
3 5570 1488 5567
3 5567 3089 3090
3 5569 2661 2658
3 2661 4379 4377
3 4379 210 205
3 4379 205 4377
3 4377 2658 2661
3 5566 1488 1489
3 1489 5569 5566
3 5569 2658 5566
3 3089 4602 4603
3 4602 478 4603
3 5113 3091 3087
3 3091 4604 4601
3 4604 479 478
3 4604 478 4601
3 4601 3087 3091
3 3093 5574 5570
3 5574 1491 1489
3 5574 1489 5570
3 5573 2664 2662
3 2664 4381 4379
3 4381 210 4379
3 4379 2662 2664
3 4379 2661 2662
3 2661 5569 5573
3 5569 1489 1491
3 5569 1491 5573
3 5573 2662 2661
3 5570 3090 3093
3 4603 478 479
3 4603 3093 3090
3 5578 3105 3100
3 3105 3106 4611
3 482 4611 484
3 4611 3106 484
3 4611 3100 3105
3 1120 5120 5119
3 5120 2378 2376
3 5120 2376 5119
3 2378 4230 4228
3 9 4228 11
3 4228 4230 11
3 9 4227 4228
3 4227 2376 2378
3 4227 2378 4228
3 2376 5116 5119
3 5116 1119 1120
3 5116 1120 5119
3 1119 5117 5118
3 5117 3099 3103
3 5117 3103 5118
3 3099 4610 4614
3 4610 482 484
3 4610 484 4614
3 4614 3103 3099
3 4614 3104 3103
3 3104 5121 5118
3 5121 1120 1119
3 5121 1119 5118
3 5118 3103 3104
3 5117 3095 3099
3 3095 4607 4610
3 4607 481 482
3 4607 482 4610
3 4610 3099 3095
3 4609 3097 3098
3 3097 5572 5576
3 5572 1490 1492
3 5572 1492 5576
3 5576 3098 3097
3 5571 2660 2663
3 2660 4378 4380
3 4378 210 4380
3 4380 2663 2660
3 4380 2665 2663
3 2665 5575 5571
3 5575 1492 1490
3 5575 1490 5571
3 5571 2663 2665
3 5578 3100 3098
3 3100 4611 4609
3 4611 482 481
3 4611 481 4609
3 4609 3098 3100
3 3098 5576 5578
3 5576 1492 5578
3 5574 3093 3102
3 3093 4603 4612
3 4603 479 483
3 4603 483 4612
3 4612 3102 3093
3 4604 3091 3092
3 3091 5113 5123
3 5113 1118 1121
3 5113 1121 5123
3 5123 3092 3091
3 1118 5112 5114
3 5112 2375 2377
3 5112 2377 5114
3 2375 4226 4229
3 4226 8 10
3 4226 10 4229
3 4229 2377 2375
3 2377 5122 5114
3 5122 1121 1118
3 5122 1118 5114
3 5123 3101 3092
3 4605 483 479
3 479 4604 4605
3 4604 3092 3101
3 4604 3101 4605
3 3102 5581 5574
3 5581 1493 1491
3 5581 1491 5574
3 1493 5580 5579
3 5580 2667 2664
3 5580 2664 5579
3 2667 4383 4381
3 210 6427 211
3 6427 4383 211
3 4383 6427 4381
3 6427 210 4381
3 4381 2664 2667
3 2664 5573 5579
3 5573 1491 1493
3 5573 1493 5579
3 5582 1495 1494
3 1495 5586 5583
3 5586 3113 3106
3 5586 3106 5583
3 3113 4621 4615
3 4621 487 484
3 4621 484 4615
3 484 3106 4615
3 3106 3113 4615
3 5583 1494 1495
3 487 4620 4619
3 4620 3112 3111
3 4620 3111 4619
3 5124 1125 1122
3 1122 5121 5124
3 5121 3111 3112
3 5121 3112 5124
3 1125 5130 5129
3 5130 2381 2378
3 5130 2378 5129
3 2381 4232 4230
3 4232 13 11
3 4232 11 4230
3 4230 2378 2381
3 2378 5120 5129
3 5120 1122 1125
3 5120 1125 5129
3 5120 1120 1122
3 5121 3104 3111
3 3104 4614 4619
3 4614 484 487
3 4614 487 4619
3 4619 3111 3104
3 5121 1122 1120
3 3105 5578 5583
3 5578 1492 1494
3 5578 1494 5583
3 5583 3106 3105
3 1492 5575 5577
3 5575 2665 2666
3 5575 2666 5577
3 2665 4380 4382
3 4380 210 211
3 4380 211 4382
3 4382 2666 2665
3 2666 5582 5577
3 5582 1494 1492
3 5582 1492 5577
3 3113 5586 5590
3 5586 1495 1497
3 5586 1497 5590
3 1495 5582 5585
3 5582 2666 2669
3 5582 2669 5585
3 4382 211 214
3 214 4384 4382
3 4384 2669 2666
3 4384 2666 4382
3 2669 5589 5585
3 5589 1497 1495
3 5589 1495 5585
3 5590 3114 3113
3 3114 4622 4621
3 4622 487 4621
3 4621 3113 3114
3 5581 3102 3108
3 3102 4612 4616
3 4612 483 485
3 4612 485 4616
3 4616 3108 3102
3 3108 5584 5581
3 5584 1493 5581
3 3101 5123 5126
3 5123 1121 1123
3 5123 1123 5126
3 5122 2377 2379
3 2377 4229 4231
3 4229 10 12
3 4229 12 4231
3 4231 2379 2377
3 4231 2380 2379
3 2380 5125 5122
3 5125 1123 1121
3 5125 1121 5122
3 5122 2379 2380
3 5125 1124 1123
3 1124 5128 5126
3 5128 3107 3101
3 5128 3101 5126
3 3107 4617 4613
3 4617 485 483
3 4617 483 4613
3 483 4605 4613
3 4605 3101 3107
3 4605 3107 4613
3 5126 1123 1124
3 4617 486 485
3 4618 3110 3108
3 3110 5588 5584
3 5588 1496 1493
3 5588 1493 5584
3 5584 3108 3110
3 5587 2670 2668
3 2670 4385 4383
3 4385 214 211
3 4385 211 4383
3 4383 2668 2670
3 4383 2667 2668
3 2667 5580 5587
3 5580 1493 1496
3 5580 1496 5587
3 5587 2668 2667
3 3108 4616 4618
3 4616 485 486
3 4616 486 4618
3 3114 4628 4622
3 4628 492 487
3 4628 487 4622
3 3114 5590 5593
3 5590 1497 5593
3 3119 5136 5131
3 5136 1127 1125
3 5136 1125 5131
3 5135 2383 2381
3 2383 4235 4233
3 13 4233 15
3 4233 4235 15
3 13 4232 4233
3 4232 2381 2383
3 4232 2383 4233
3 2381 5130 5135
3 5130 1125 1127
3 5130 1127 5135
3 1125 5124 5131
3 5124 3112 3119
3 5124 3119 5131
3 3112 4620 4626
3 4620 487 492
3 4620 492 4626
3 492 4627 4626
3 4627 3119 3112
3 4627 3112 4626
3 4389 2674 2676
3 5599 1501 1504
3 5599 2676 2674
3 1501 5596 5600
3 5596 3118 3124
3 5596 3124 5600
3 3118 4624 4631
3 4624 490 494
3 4624 494 4631
3 4631 3124 3118
3 3124 5601 5600
3 5601 1504 1501
3 5601 1501 5600
3 4625 3115 3116
3 3115 5134 1129
3 5134 1126 1129
3 1129 3116 3115
3 1126 5127 5133
3 5127 2382 2385
3 5127 2385 5133
3 2382 4234 4236
3 4234 14 16
3 4234 16 4236
3 4236 2385 2382
3 4236 2386 2385
3 2386 5138 5133
3 5138 1129 1126
3 5138 1126 5133
3 5133 2385 2386
3 5138 1130 1129
3 1130 5139 1129
3 5139 3123 3116
3 5139 3116 1129
3 3123 4632 4625
3 4632 494 490
3 4632 490 4625
3 4625 3116 3123
3 4632 495 494
3 4633 3126 3124
3 3126 5604 5601
3 5604 1507 1504
3 5604 1504 5601
3 5601 3124 3126
3 5603 2678 2676
3 2678 4391 4389
3 4391 222 218
3 4391 218 4389
3 4389 2676 2678
3 2676 5599 5603
3 5599 1504 1507
3 5599 1507 5603
3 3124 4631 4633
3 4631 494 495
3 4631 495 4633
3 5605 1510 1508
3 5610 3136 3130
3 4637 501 497
3 4637 3130 3136
3 3130 5606 5610
3 5606 1508 1510
3 5606 1510 5610
3 501 4641 4640
3 4641 3135 3134
3 4641 3134 4640
3 3135 5149 5142
3 5149 1136 1133
3 5149 1133 5142
3 5142 3134 3135
3 1136 5148 5147
3 5148 2389 2387
3 5148 2387 5147
3 2389 4240 4238
3 17 4238 19
3 4238 4240 19
3 17 4237 4238
3 4237 2387 2389
3 4237 2389 4238
3 2387 5140 5147
3 5140 1133 1136
3 5140 1136 5147
3 5140 1132 1133
3 5141 3128 3134
3 3128 4635 4640
3 4635 497 501
3 4635 501 4640
3 4640 3134 3128
3 3134 5142 5141
3 5142 1133 1132
3 5142 1132 5141
3 4636 3129 3130
3 3129 1505 5606
3 1505 1508 5606
3 5606 3130 3129
3 5602 2675 2677
3 2675 4388 4390
3 4388 218 222
3 4388 222 4390
3 4390 2677 2675
3 222 4392 4390
3 4392 2679 2677
3 4392 2677 4390
3 2679 5605 5602
3 5605 1508 1505
3 5605 1505 5602
3 5602 2677 2679
3 3130 4637 4636
3 4637 497 4636
3 5618 1527 1524
3 1527 5625 5620
3 5625 3152 3141
3 5625 3141 5620
3 3152 4656 4646
3 4656 511 502
3 4656 502 4646
3 502 4645 4646
3 4645 3141 3152
3 4645 3152 4646
3 5620 1524 1527
3 3151 5162 5157
3 5162 1144 1140
3 5162 1140 5157
3 5161 2393 2391
3 2393 4245 4242
3 21 6345 23
3 6345 4245 23
3 4245 6345 4242
3 6345 21 4242
3 4242 2391 2393
3 2391 5155 5161
3 5155 1140 1144
3 5155 1144 5161
3 1140 5156 5157
3 5156 3140 3151
3 5156 3151 5157
3 3140 4644 4655
3 4644 502 511
3 4644 511 4655
3 4655 3151 3140
3 5162 3151 3153
3 4655 511 513
3 513 4657 4655
3 4657 3153 3151
3 4657 3151 4655
3 3152 5625 5629
3 5625 1527 1535
3 5625 1535 5629
3 1527 5618 5624
3 5618 2686 2689
3 5618 2689 5624
3 4398 2689 2686
3 5624 1535 1527
3 5629 3154 3152
3 3154 4658 4656
3 4658 513 511
3 4658 511 4656
3 4656 3152 3154
3 2687 5621 5623
3 5621 1525 1526
3 5621 1526 5623
3 5622 3145 3147
3 3145 4649 4651
3 4649 505 508
3 4649 508 4651
3 4651 3147 3145
3 3147 3149 5622
3 3149 1526 1525
3 3149 1525 5622
3 505 4647 4650
3 4647 3142 3144
3 4647 3144 4650
3 3142 5152 5158
3 5152 1138 1141
3 5152 1141 5158
3 5158 3144 3142
3 1138 5151 5153
3 5151 2390 2392
3 5151 2392 5153
3 2390 4241 4243
3 22 4243 20
3 4243 4241 20
3 22 4244 4243
3 2390 6411 2392
3 6411 4244 2392
3 4244 6411 4243
3 6411 2390 4243
3 5153 1141 1138
3 2392 5159 5153
3 5159 1142 1141
3 5159 1141 5153
3 5160 3146 3144
3 3146 4652 4650
3 4652 508 505
3 4652 505 4650
3 4650 3144 3146
3 3144 5158 5160
3 5158 1141 1142
3 5158 1142 5160
3 5160 3148 3146
3 3148 4653 4652
3 4653 510 508
3 4653 508 4652
3 4652 3146 3148
3 4654 3150 3149
3 3150 5627 3149
3 5627 1534 1526
3 5627 1526 3149
3 1534 5626 5623
3 5626 2690 2688
3 5626 2688 5623
3 228 4399 4400
3 4399 2688 2690
3 4399 2690 4400
3 4399 2687 2688
3 5623 1526 1534
3 5623 2688 2687
3 4651 508 510
3 510 4654 4651
3 4654 3149 3147
3 4654 3147 4651
3 1534 5630 5626
3 5630 2692 2690
3 5630 2690 5626
3 2692 4402 4400
3 4402 232 228
3 4402 228 4400
3 4400 2690 2692
3 2693 5634 5628
3 5634 1536 5628
3 5632 3161 3154
3 3161 4664 4658
3 4664 516 513
3 4664 513 4658
3 4658 3154 3161
3 4663 3160 3159
3 3160 5168 3159
3 5168 1149 1145
3 5168 1145 3159
3 2394 4247 4245
3 4247 25 23
3 4247 23 4245
3 4245 2393 2394
3 5163 1145 1149
3 5163 2394 2393
3 2393 5161 5163
3 5161 1144 1145
3 5161 1145 5163
3 4657 513 516
3 516 4663 4657
3 4663 3159 3153
3 4663 3153 4657
3 3159 1145 1144
3 3159 1144 5162
3 5162 3153 3159
3 3154 5629 5632
3 5629 1535 1536
3 5629 1536 5632
3 1535 5624 5628
3 5624 2689 2691
3 5624 2691 5628
3 2689 4398 4401
3 4398 228 232
3 4398 232 4401
3 4401 2691 2689
3 4401 2693 2691
3 5628 1536 1535
3 5628 2691 2693
3 5630 1534 1537
3 1534 5627 5631
3 5627 3150 3156
3 5627 3156 5631
3 3150 4654 4659
3 4654 510 514
3 4654 514 4659
3 4659 3156 3150
3 3156 5633 5631
3 5633 1537 1534
3 5633 1534 5631
3 3148 5160 5165
3 5160 1142 1146
3 5160 1146 5165
3 5159 2392 2395
3 4244 22 24
3 24 4246 4244
3 4246 2395 2392
3 4246 2392 4244
3 4246 2396 2395
3 2396 5164 5159
3 5164 1146 1142
3 5164 1142 5159
3 5159 2395 2396
3 1146 5167 5165
3 5167 3155 3148
3 5167 3148 5165
3 3155 4660 4653
3 4660 514 510
3 4660 510 4653
3 4653 3148 3155
3 4661 3158 3156
3 3158 5636 5633
3 5636 1538 1537
3 5636 1537 5633
3 5633 3156 3158
3 5635 2696 2694
3 2696 4405 4403
3 4405 233 232
3 4405 232 4403
3 232 4402 4403
3 4402 2694 2696
3 4402 2696 4403
3 4402 2692 2694
3 2692 5630 5635
3 5630 1537 1538
3 5630 1538 5635
3 5635 2694 2692
3 3156 4659 4661
3 4659 514 4661
3 2697 5641 5637
3 5641 1540 1539
3 5641 1539 5637
3 5642 3169 3162
3 3169 4670 4665
3 4670 521 517
3 4670 517 4665
3 4665 3162 3169
3 3162 5638 5642
3 5638 1539 1540
3 5638 1540 5642
3 3168 5175 5169
3 5175 1153 1149
3 5175 1149 5169
3 1153 5174 5173
3 5174 2399 2397
3 5174 2397 5173
3 2399 4249 4247
3 25 6346 27
3 6346 4249 27
3 4249 6346 4247
3 6346 25 4247
3 4247 2397 2399
3 4247 2394 2397
3 2394 5163 5173
3 5163 1149 1153
3 5163 1153 5173
3 5173 2397 2394
3 5168 3160 3168
3 3160 4663 4669
3 4663 517 521
3 4663 521 4669
3 4669 3168 3160
3 3168 5169 5168
3 5169 1149 5168
3 4663 516 517
3 4664 3161 3162
3 3161 5632 5638
3 5632 1536 1539
3 5632 1539 5638
3 5638 3162 3161
3 5634 2693 2695
3 2693 4401 4404
3 4401 232 233
3 4401 233 4404
3 4404 2695 2693
3 4404 2697 2695
3 2697 5637 5634
3 5637 1539 1536
3 5637 1536 5634
3 5634 2695 2697
3 3162 4665 4664
3 4665 517 516
3 4665 516 4664
3 5641 2697 2698
3 2697 4404 4406
3 4404 233 235
3 4404 235 4406
3 4406 2698 2697
3 2696 5635 5639
3 5635 1538 5639
3 1538 5636 3163
3 5636 3158 3163
3 3158 4661 4666
3 4661 514 518
3 4661 518 4666
3 4666 3163 3158
3 4660 3155 3157
3 3155 5167 5170
3 5167 1146 1150
3 5167 1150 5170
3 5170 3157 3155
3 1146 5164 5166
3 5164 2396 5166
3 2396 4246 4248
3 4246 24 26
3 4246 26 4248
3 4248 2398 2396
3 5166 1150 1146
3 5166 2396 2398
3 2398 5171 5166
3 5171 1151 1150
3 5171 1150 5166
3 4662 518 514
3 514 4660 4662
3 4660 3157 4662
3 3157 5170 5172
3 5170 1150 1151
3 5170 1151 5172
3 4666 3164 3163
3 5640 1543 1538
3 1538 3163 5640
3 3163 3164 5640
3 5643 2699 2696
3 2699 4407 4405
3 4407 235 233
3 4407 233 4405
3 4405 2696 2699
3 2696 5639 5643
3 5639 1538 1543
3 5639 1543 5643
3 5172 3165 3157
3 4667 519 518
3 518 4662 4667
3 4662 3157 3165
3 4662 3165 4667
3 3167 5648 5640
3 5648 1544 1543
3 5648 1543 5640
3 1544 5647 5646
3 5647 2701 2699
3 5647 2699 5646
3 2701 4410 4408
3 4410 236 235
3 4410 235 4408
3 235 4407 4408
3 4407 2699 2701
3 4407 2701 4408
3 2699 5643 5646
3 5643 1543 1544
3 5643 1544 5646
3 5640 3164 3167
3 3164 4666 4668
3 4666 518 519
3 4666 519 4668
3 4668 3167 3164
3 5645 1546 1545
3 5652 3176 3171
3 3176 4676 4672
3 4676 525 521
3 4676 521 4672
3 4672 3171 3176
3 3171 5650 5652
3 5650 1545 1546
3 5650 1546 5652
3 3175 5181 1155
3 5181 1157 1155
3 1157 5180 5174
3 5180 2401 2399
3 5180 2399 5174
3 2401 4251 4249
3 4251 29 27
3 4251 27 4249
3 4249 2399 2401
3 5174 1155 1157
3 5174 1153 1155
3 1153 5175 1155
3 5175 3170 3175
3 5175 3175 1155
3 3170 4671 4675
3 4671 521 525
3 4671 525 4675
3 4675 3175 3170
3 5175 3168 3170
3 3168 4669 4671
3 4669 521 4671
3 4671 3170 3168
3 3169 5642 5650
3 5642 1540 1545
3 5642 1545 5650
3 1540 5641 5644
3 5641 2698 2700
3 5641 2700 5644
3 2698 4406 4409
3 4406 235 236
3 4406 236 4409
3 4409 2700 2698
3 5645 1545 1540
3 1540 5644 5645
3 5644 2700 5645
3 5650 3171 3169
3 3171 4672 4670
3 4672 521 4670
3 4670 3169 3171
3 1544 5648 5649
3 5648 3167 3174
3 5648 3174 5649
3 4668 519 523
3 523 4674 4668
3 4674 3174 3167
3 4674 3167 4668
3 4667 3165 3166
3 3165 5172 5177
3 5172 1151 1156
3 5172 1156 5177
3 5177 3166 3165
3 5171 2398 2400
3 2398 4248 4250
3 4248 26 4250
3 26 28 4250
3 4250 2400 2398
3 2400 5176 5171
3 5176 1156 1151
3 5176 1151 5171
3 1156 5179 5177
3 5179 3172 3166
3 5179 3166 5177
3 3172 4673 4667
3 4673 523 519
3 4673 519 4667
3 4667 3166 3172
3 3174 5654 5649
3 5654 1550 1544
3 5654 1544 5649
3 5653 2703 2701
3 2703 4412 4410
3 4412 236 4410
3 4410 2701 2703
3 2701 5647 5653
3 5647 1544 1550
3 5647 1550 5653
3 5657 3184 3176
3 4677 529 525
3 525 4676 4677
3 4676 3176 3184
3 4676 3184 4677
3 3176 5652 5657
3 5652 1551 5657
3 529 4681 4680
3 4681 3183 3182
3 4681 3182 4680
3 3183 5189 5182
3 5189 1161 1158
3 5189 1158 5182
3 5182 3182 3183
3 1161 5188 5187
3 5188 2403 2401
3 5188 2401 5187
3 4252 31 29
3 29 4251 4252
3 4251 2401 2403
3 4251 2403 4252
3 2401 5180 5187
3 5180 1158 1161
3 5180 1161 5187
3 5180 1157 1158
3 1157 5181 5182
3 5181 3175 3182
3 5181 3182 5182
3 3175 4675 4680
3 4675 525 529
3 4675 529 4680
3 4680 3182 3175
3 5182 1158 1157
3 5652 1546 1551
3 1546 5645 5651
3 5645 2700 2702
3 5645 2702 5651
3 2700 4409 4411
3 4409 236 4411
3 4411 2702 2700
3 5651 1551 1546
3 3184 5657 5662
3 5657 1551 1554
3 5657 1554 5662
3 1551 5651 5656
3 5651 2702 2705
3 5651 2705 5656
3 2702 4411 4413
3 239 6429 236
3 6429 4411 236
3 4411 6429 4413
3 6429 239 4413
3 4413 2705 2702
3 4413 2707 2705
3 2707 5661 5656
3 5661 1554 1551
3 5661 1551 5656
3 5656 2705 2707
3 5662 3185 3184
3 3185 4682 4677
3 4682 529 4677
3 4677 3184 3185
3 5653 1550 1552
3 5654 3174 3178
3 4674 523 526
3 526 4679 4674
3 4679 3178 3174
3 4679 3174 4674
3 4679 3179 3178
3 3179 5655 5654
3 5655 1552 1550
3 5655 1550 5654
3 5654 3178 3179
3 4673 3172 3173
3 3172 5179 5184
3 5179 1156 1159
3 5179 1159 5184
3 5184 3173 3172
3 1156 5176 5178
3 5176 2400 2402
3 5176 2402 5178
3 2400 4250 4253
3 30 6414 28
3 6414 4250 28
3 4250 6414 4253
3 6414 30 4253
3 4253 2402 2400
3 2402 5183 5178
3 5183 1159 1156
3 5183 1156 5178
3 5186 3177 3173
3 3177 4678 4673
3 4678 526 523
3 4678 523 4673
3 4673 3173 3177
3 3173 5184 5186
3 5184 1159 5186
3 4678 527 526
3 3179 5660 5655
3 5660 1553 1552
3 5660 1552 5655
3 1553 5659 5658
3 5659 2706 2704
3 5659 2704 5658
3 2706 4414 4412
3 4414 239 236
3 4414 236 4412
3 4412 2704 2706
3 4412 2703 2704
3 2703 5653 5658
3 5653 1552 1553
3 5653 1553 5658
3 5658 2704 2703
3 4679 526 527
3 5665 3191 3185
3 3191 4689 4682
3 4689 533 529
3 4689 529 4682
3 4682 3185 3191
3 3185 5662 5665
3 5662 1554 5665
3 3190 5196 5190
3 5196 1164 1161
3 5196 1161 5190
3 5195 2405 2403
3 2405 4257 4254
3 31 4254 33
3 4254 4257 33
3 31 4252 4254
3 4252 2403 2405
3 4252 2405 4254
3 2403 5188 5195
3 5188 1161 1164
3 5188 1164 5195
3 1161 5189 5190
3 5189 3183 3190
3 5189 3190 5190
3 3183 4681 4687
3 4681 529 533
3 4681 533 4687
3 533 4688 4687
3 4688 3190 3183
3 4688 3183 4687
3 5196 3190 3193
3 4688 533 535
3 535 4690 4688
3 4690 3193 3190
3 4690 3190 4688
3 4689 3191 3192
3 3191 5665 5670
3 5665 1554 1557
3 5665 1557 5670
3 5670 3192 3191
3 1554 5661 5664
3 5661 2707 2708
3 5661 2708 5664
3 2707 4413 4415
3 4413 239 4415
3 4415 2708 2707
3 2708 5669 5664
3 5669 1557 1554
3 5669 1554 5664
3 3192 4691 4689
3 4691 535 533
3 4691 533 4689
3 5660 3179 3186
3 3179 4679 4683
3 4679 527 530
3 4679 530 4683
3 4683 3186 3179
3 3186 5663 5660
3 5663 1553 5660
3 4678 3177 3180
3 3177 5186 5192
3 5186 1159 1162
3 5186 1162 5192
3 5192 3180 3177
3 1159 5183 5185
3 5183 2402 2404
3 5183 2404 5185
3 2402 4253 4255
3 32 4255 30
3 4255 4253 30
3 32 4256 4255
3 4256 2404 2402
3 4256 2402 4255
3 2404 5191 5185
3 5191 1162 1159
3 5191 1159 5185
3 5191 1163 1162
3 3181 530 527
3 3181 527 4678
3 4678 3180 3181
3 3180 5192 5194
3 5192 1162 1163
3 5192 1163 5194
3 5194 3181 3180
3 4685 531 530
3 4685 530 3181
3 4684 3189 3188
3 3189 5668 5663
3 5668 1556 1553
3 5668 1553 5663
3 5663 3188 3189
3 1556 5667 5666
3 5667 2709 2706
3 5667 2706 5666
3 2709 4416 4414
3 4416 239 4414
3 4414 2706 2709
3 2706 5659 5666
3 5659 1553 1556
3 5659 1556 5666
3 5663 3186 3188
3 3186 4683 4684
3 4683 530 531
3 4683 531 4684
3 4684 3188 3186
3 1556 5671 5667
3 5671 2711 2709
3 5671 2709 5667
3 2711 4418 4416
3 4418 242 239
3 4418 239 4416
3 4416 2709 2711
3 5675 1558 2712
3 3194 4696 4691
3 4696 537 535
3 4696 535 4691
3 3194 5673 5676
3 5673 1558 5676
3 3199 5203 5197
3 5203 1168 1165
3 5203 1165 5197
3 1168 5202 2406
3 5202 2408 2406
3 2408 4259 4257
3 33 6415 35
3 6415 4259 35
3 4259 6415 4257
3 6415 33 4257
3 4257 2406 2408
3 4257 2405 2406
3 2405 5195 2406
3 5195 1165 1168
3 5195 1168 2406
3 5195 1164 1165
3 4690 535 537
3 537 4695 4690
3 4695 3199 3193
3 4695 3193 4690
3 3199 5197 5196
3 5197 1165 1164
3 5197 1164 5196
3 5196 3193 3199
3 4691 3192 3194
3 3192 5670 5673
3 5670 1557 1558
3 5670 1558 5673
3 5673 3194 3192
3 5669 2708 2710
3 2708 4415 4417
3 4415 239 242
3 4415 242 4417
3 4417 2710 2708
3 4417 2712 2710
3 2712 1558 1557
3 2712 1557 5669
3 5669 2710 2712
3 5671 1556 1559
3 1556 5668 5672
3 5668 3189 3196
3 5668 3196 5672
3 3189 4684 4692
3 4684 531 536
3 4684 536 4692
3 4692 3196 3189
3 3196 5674 5672
3 5674 1559 1556
3 5674 1556 5672
3 4685 3181 3187
3 3181 5194 5198
3 5194 1163 5198
3 5198 3187 3181
3 1163 5191 5193
3 5191 2404 2407
3 5191 2407 5193
3 2404 4256 4258
3 4256 32 34
3 4256 34 4258
3 4258 2407 2404
3 2407 5199 5193
3 5199 1166 1163
3 5199 1163 5193
3 5201 3195 3187
3 4686 536 531
3 531 4685 4686
3 4685 3187 3195
3 4685 3195 4686
3 3187 5198 5201
3 5198 1163 1166
3 5198 1166 5201
3 4693 3198 3196
3 3198 5678 5674
3 5678 1562 1559
3 5678 1559 5674
3 5674 3196 3198
3 5677 2715 2713
3 2715 4421 4419
3 4421 244 242
3 4421 242 4419
3 242 4418 4419
3 4418 2713 2715
3 4418 2715 4419
3 4418 2711 2713
3 2711 5671 5677
3 5671 1559 1562
3 5671 1562 5677
3 5677 2713 2711
3 3196 4692 4693
3 4692 536 4693
3 2714 5683 5679
3 5683 1564 1563
3 5683 1563 5679
3 1564 5685 5684
3 5685 3208 3200
3 5685 3200 5684
3 3208 4704 4697
3 4704 543 537
3 4704 537 4697
3 4697 3200 3208
3 3200 5680 5684
3 5680 1563 1564
3 5680 1564 5684
3 543 4703 4702
3 4703 3207 3206
3 4703 3206 4702
3 5204 1173 1169
3 5204 3206 3207
3 1173 5208 5202
3 5208 2411 2409
3 5208 2409 5202
3 2411 4261 4259
3 4261 37 35
3 4261 35 4259
3 4259 2409 2411
3 4259 2408 2409
3 5202 1169 1173
3 5202 2409 2408
3 5202 1168 1169
3 5203 3199 3206
3 3199 4695 4702
3 4695 537 543
3 4695 543 4702
3 4702 3206 3199
3 3206 5204 5203
3 5204 1169 1168
3 5204 1168 5203
3 4696 3194 3200
3 3194 5676 5680
3 5676 1558 1563
3 5676 1563 5680
3 5680 3200 3194
3 5675 2712 2714
3 2712 4417 4420
3 4417 242 244
3 4417 244 4420
3 4420 2714 2712
3 244 4422 4420
3 4422 2714 4420
3 2714 5679 5675
3 5679 1563 1558
3 5679 1558 5675
3 3200 4697 4696
3 4697 537 4696
3 5683 2714 2716
3 2714 4422 4423
3 4422 244 4423
3 4423 2716 2714
3 2715 5677 5681
3 5677 1562 5681
3 1562 5678 3201
3 5678 3198 3201
3 3198 4693 4698
3 4693 536 539
3 4693 539 4698
3 4698 3201 3198
3 4686 3195 3197
3 3195 5201 5205
3 5201 1166 1170
3 5201 1170 5205
3 5205 3197 3195
3 1166 5199 5200
3 5199 2407 2410
3 5199 2410 5200
3 2407 4258 34
3 36 4260 34
3 2407 6518 2410
3 6518 4260 2410
3 4260 6518 34
3 6518 2407 34
3 5200 1170 1166
3 2410 5206 5200
3 5206 1171 1170
3 5206 1170 5200
3 4694 539 536
3 536 4686 4694
3 4686 3197 4694
3 3197 5205 5207
3 5205 1170 1171
3 5205 1171 5207
3 4698 3202 3201
3 5682 1565 1562
3 1562 3201 5682
3 3201 3202 5682
3 5686 2717 2715
3 2717 4424 4421
3 4424 244 4421
3 4421 2715 2717
3 2715 5681 5686
3 5681 1562 1565
3 5681 1565 5686
3 5207 3203 3197
3 4699 540 539
3 539 4694 4699
3 4694 3197 3203
3 4694 3203 4699
3 3205 5691 5682
3 5691 1566 1565
3 5691 1565 5682
3 1566 5690 5689
3 5690 2719 2717
3 5690 2717 5689
3 4425 245 244
3 244 4424 4425
3 4424 2717 2719
3 4424 2719 4425
3 2717 5686 5689
3 5686 1565 1566
3 5686 1566 5689
3 5682 3202 3205
3 3202 4698 4700
3 4698 539 540
3 4698 540 4700
3 4700 3205 3202
3 1567 5695 5694
3 5695 3217 3210
3 5695 3210 5694
3 3217 4709 3210
3 4709 549 544
3 4709 544 3210
3 3210 3209 5694
3 3209 1567 5694
3 4708 3216 3215
3 3216 5217 5210
3 5217 1177 1173
3 5217 1173 5210
3 5210 3215 3216
3 1177 5216 5215
3 5216 2414 2411
3 5216 2411 5215
3 4262 39 37
3 37 4261 4262
3 4261 2411 2414
3 4261 2414 4262
3 2411 5208 5215
3 5208 1173 1177
3 5208 1177 5215
3 1173 5204 5209
3 5204 3207 3215
3 5204 3215 5209
3 4705 544 549
3 549 4708 4705
3 4708 3215 3207
3 4708 3207 4705
3 3215 5210 5209
3 5210 1173 5209
3 3207 4703 4705
3 4703 543 544
3 4703 544 4705
3 4704 3208 3209
3 3208 5685 3209
3 5685 1564 1567
3 5685 1567 3209
3 1564 5683 5687
3 5683 2716 2718
3 5683 2718 5687
3 2716 4423 4426
3 4423 244 245
3 4423 245 4426
3 4426 2718 2716
3 5688 1567 1564
3 1564 5687 5688
3 5687 2718 5688
3 3210 544 543
3 3210 543 4704
3 4704 3209 3210
3 5691 3205 3212
3 3205 4700 4706
3 4700 540 546
3 4700 546 4706
3 4706 3212 3205
3 3212 5692 5691
3 5692 1566 5691
3 4699 3203 3204
3 3203 5207 5212
3 5207 1171 1175
3 5207 1175 5212
3 5212 3204 3203
3 5206 2410 2412
3 4260 36 38
3 38 4263 4260
3 4263 2412 2410
3 4263 2410 4260
3 4263 2413 2412
3 2413 5211 5206
3 5211 1175 1171
3 5211 1171 5206
3 5206 2412 2413
3 1175 5214 5212
3 5214 3211 3204
3 5214 3204 5212
3 4701 546 540
3 540 4699 4701
3 4699 3204 3211
3 4699 3211 4701
3 4701 547 546
3 3214 5698 5692
3 5698 1581 1566
3 5698 1566 5692
3 1581 5697 5696
3 5697 2721 2719
3 5697 2719 5696
3 4427 250 245
3 245 4425 4427
3 4425 2719 2721
3 4425 2721 4427
3 2719 5690 5696
3 5690 1566 1581
3 5690 1581 5696
3 5692 3212 3214
3 4706 546 547
3 4706 3214 3212
3 5700 1583 1582
3 5701 3224 3218
3 4711 553 549
3 549 4710 4711
3 4710 3218 3224
3 4710 3224 4711
3 3218 5695 5701
3 5695 1582 1583
3 5695 1583 5701
3 4717 3223 3222
3 3223 1178 5218
3 5218 3222 3223
3 1178 5222 5221
3 5222 2416 2414
3 5222 2414 5221
3 2416 4266 4264
3 39 4264 41
3 4264 4266 41
3 39 4262 4264
3 4262 2414 2416
3 4262 2416 4264
3 2414 5216 5221
3 5216 1178 5221
3 5216 1177 1178
3 5217 3216 3222
3 3216 4708 4716
3 4708 549 553
3 4708 553 4716
3 553 4717 4716
3 4717 3222 3216
3 4717 3216 4716
3 3222 5218 5217
3 5218 1178 1177
3 5218 1177 5217
3 4709 3217 3218
3 5695 1567 1582
3 5695 3218 3217
3 1567 5688 5693
3 5688 2718 2720
3 5688 2720 5693
3 2718 4426 4428
3 4426 245 250
3 4426 250 4428
3 4428 2720 2718
3 4428 2722 2720
3 2722 5700 5693
3 5700 1582 1567
3 5700 1567 5693
3 5693 2720 2722
3 3218 4710 4709
3 4710 549 4709
3 3224 5701 5705
3 5701 1583 1586
3 5701 1586 5705
3 5700 2722 2723
3 2722 4428 4429
3 4428 250 251
3 4428 251 4429
3 4429 2723 2722
3 2723 5704 5700
3 5704 1586 1583
3 5704 1583 5700
3 1581 5698 5699
3 5698 3214 3221
3 5698 3221 5699
3 3214 4706 4712
3 4706 547 551
3 4706 551 4712
3 551 4714 4712
3 4714 3221 3214
3 4714 3214 4712
3 547 4701 4707
3 4701 3211 3213
3 4701 3213 4707
3 3211 5214 5219
3 5214 1175 1179
3 5214 1179 5219
3 5219 3213 3211
3 5211 2413 2415
3 2413 4263 4265
3 4263 38 40
3 4263 40 4265
3 4265 2415 2413
3 5213 1179 1175
3 1175 5211 5213
3 5211 2415 5213
3 5213 1180 1179
3 5219 3219 3213
3 3219 4713 4707
3 4713 551 547
3 4713 547 4707
3 4707 3213 3219
3 5219 1179 1180
3 3221 5703 5699
3 5703 1585 1581
3 5703 1581 5699
3 5702 2724 2721
3 2724 4430 4427
3 4430 251 250
3 4430 250 4427
3 4427 2721 2724
3 2721 5697 5702
3 5697 1581 1585
3 5697 1585 5702
3 5705 3235 3224
3 3235 4727 4711
3 4727 558 553
3 4727 553 4711
3 4711 3224 3235
3 558 4726 4725
3 4726 3234 3233
3 4726 3233 4725
3 3234 5230 5223
3 5230 1187 1182
3 5230 1182 5223
3 1182 3233 5223
3 3233 3234 5223
3 1187 5229 5228
3 5229 2419 2416
3 5229 2416 5228
3 2419 4269 4266
3 4269 43 41
3 4269 41 4266
3 4266 2416 2419
3 2416 5222 5228
3 5222 1182 1187
3 5222 1187 5228
3 5222 1178 1182
3 1178 3223 3233
3 3223 4717 4725
3 4717 553 558
3 4717 558 4725
3 4725 3233 3223
3 3233 1182 1178
3 4726 558 560
3 4727 3235 3236
3 3235 5705 5712
3 5705 1586 1593
3 5705 1593 5712
3 5712 3236 3235
3 1586 5704 5708
3 5704 2723 2726
3 5704 2726 5708
3 2723 4429 4431
3 4429 251 4431
3 4431 2726 2723
3 5708 1593 1586
3 3236 4728 4727
3 4728 560 558
3 4728 558 4727
3 2724 5702 5706
3 5702 1585 1587
3 5702 1587 5706
3 5703 3221 3227
3 4714 551 555
3 555 4720 4714
3 4720 3227 3221
3 4720 3221 4714
3 4720 3228 3227
3 3228 5707 5703
3 5707 1587 1585
3 5707 1585 5703
3 5703 3227 3228
3 4713 3219 3220
3 3219 5219 5225
3 5219 1180 1183
3 5219 1183 5225
3 5225 3220 3219
3 1180 5213 5220
3 5213 2415 2417
3 5213 2417 5220
3 2415 4265 4267
3 42 4267 40
3 4267 4265 40
3 42 4268 4267
3 4268 2417 2415
3 4268 2415 4267
3 2417 5224 5220
3 5224 1183 1180
3 5224 1180 5220
3 4268 2418 2417
3 5224 1185 1183
3 5224 2417 2418
3 1185 5226 5225
3 5226 3226 3220
3 5226 3220 5225
3 3226 4719 4715
3 4719 555 551
3 4719 551 4715
3 551 4713 4715
3 4713 3220 3226
3 4713 3226 4715
3 5225 1183 1185
3 4721 3229 3228
3 3229 5710 5707
3 5710 1592 1587
3 5710 1587 5707
3 5707 3228 3229
3 5709 2727 2725
3 2727 4432 4430
3 4432 251 4430
3 4430 2725 2727
3 4430 2724 2725
3 5706 1587 1592
3 1592 5709 5706
3 5709 2725 2724
3 5709 2724 5706
3 3228 4720 4721
3 4720 555 4721
3 5226 3230 3226
3 3230 4723 4719
3 4723 556 555
3 4723 555 4719
3 4719 3226 3230
3 4722 3232 3229
3 3232 5714 5711
3 5714 1594 1592
3 5714 1592 5711
3 1592 5710 5711
3 5710 3229 3232
3 5710 3232 5711
3 5713 2730 2728
3 2730 4434 4432
3 4434 254 251
3 4434 251 4432
3 4432 2728 2730
3 4432 2727 2728
3 2727 5709 5713
3 5709 1592 1594
3 5709 1594 5713
3 5713 2728 2727
3 3229 4721 4722
3 4721 555 556
3 4721 556 4722
3 3239 4733 4730
3 4733 563 561
3 4733 561 4730
3 5232 2421 2419
3 4270 45 43
3 43 4269 4270
3 4269 2419 2421
3 4269 2421 4270
3 2419 5229 5232
3 5229 1187 1188
3 5229 1188 5232
3 5230 3238 3242
3 3238 4729 4732
3 4729 561 563
3 4729 563 4732
3 4732 3242 3238
3 4732 3243 3242
3 3243 5233 5231
3 5233 1188 1187
3 5233 1187 5231
3 1187 5230 5231
3 5230 3242 3243
3 5230 3243 5231
3 5230 3234 3238
3 3234 4726 4729
3 4726 560 561
3 4726 561 4729
3 4729 3238 3234
3 4728 3236 3237
3 3236 5712 5715
3 5712 1593 1595
3 5712 1595 5715
3 5715 3237 3236
3 5708 2726 2729
3 2726 4431 4433
3 4431 251 254
3 4431 254 4433
3 4433 2729 2726
3 4433 2731 2729
3 2731 1595 1593
3 2731 1593 5708
3 5708 2729 2731
3 5716 1595 2731
3 5717 3239 3237
3 3239 4730 4728
3 4730 561 560
3 4730 560 4728
3 4728 3237 3239
3 3237 5715 5717
3 5715 1595 5717
3 5714 3232 3241
3 3232 4722 4731
3 4722 556 4731
3 4731 3241 3232
3 4723 3230 3231
3 3230 5226 5235
3 5226 1185 1189
3 5226 1189 5235
3 5235 3231 3230
3 1185 5224 5227
3 5224 2418 2420
3 5224 2420 5227
3 2418 4268 4271
3 4268 42 44
3 4268 44 4271
3 4271 2420 2418
3 2420 5234 5227
3 5234 1189 1185
3 5234 1185 5227
3 5235 3240 3231
3 556 4723 4724
3 4723 3231 3240
3 4723 3240 4724
3 3241 5719 5714
3 5719 1596 1594
3 5719 1594 5714
3 5718 2733 2730
3 4435 255 254
3 254 4434 4435
3 4434 2730 2733
3 4434 2733 4435
3 2730 5713 5718
3 5713 1594 1596
3 5713 1596 5718
3 2734 5725 5721
3 5725 1599 1597
3 5725 1597 5721
3 1599 5726 5722
3 5726 3253 3244
3 5726 3244 5722
3 3253 4739 4733
3 4739 568 563
3 4739 563 4733
3 4733 3244 3253
3 4733 3239 3244
3 5722 1597 1599
3 5722 3244 3239
3 568 4738 4732
3 4738 3252 3251
3 4738 3251 4732
3 3252 5243 5237
3 5243 1193 1188
3 5243 1188 5237
3 5237 3251 3252
3 1193 5242 5236
3 5242 2424 2421
3 5242 2421 5236
3 2424 4274 4272
3 45 4272 47
3 4272 4274 47
3 45 4270 4272
3 2424 6519 2421
3 6519 4270 2421
3 4270 6519 4272
3 6519 2424 4272
3 5236 1188 1193
3 2421 5232 5236
3 5232 1188 5236
3 4732 563 568
3 4732 3251 3243
3 3251 5237 5233
3 5237 1188 5233
3 5233 3243 3251
3 3239 5717 5722
3 5717 1595 1597
3 5717 1597 5722
3 5716 2731 2732
3 2731 4433 4436
3 4433 254 255
3 4433 255 4436
3 4436 2732 2731
3 255 4437 4436
3 4437 2734 2732
3 4437 2732 4436
3 2734 5721 5716
3 5721 1597 1595
3 5721 1595 5716
3 5716 2732 2734
3 4738 568 569
3 5725 2734 2735
3 4437 255 259
3 4437 2735 2734
3 5726 3254 3253
3 4739 569 568
3 4739 3253 3254
3 2733 5718 5723
3 5718 1596 1598
3 5718 1598 5723
3 1596 5719 5720
3 5719 3241 3247
3 5719 3247 5720
3 3241 4731 4734
3 4731 556 565
3 4731 565 4734
3 4734 3247 3241
3 5720 1598 1596
3 3240 5235 5239
3 5235 1189 1192
3 5235 1192 5239
3 5234 2420 2422
3 2420 4271 4273
3 4271 44 46
3 4271 46 4273
3 4273 2422 2420
3 4273 2423 2422
3 2423 5238 5234
3 5238 1192 1189
3 5238 1189 5234
3 5234 2422 2423
3 1192 5241 5239
3 5241 3246 3240
3 5241 3240 5239
3 3246 4735 4724
3 4735 565 556
3 4735 556 4724
3 4724 3240 3246
3 4735 566 565
3 5724 1606 1598
3 5727 2736 2733
3 2736 4438 4435
3 4438 259 255
3 4438 255 4435
3 4435 2733 2736
3 5723 1598 1606
3 1606 5727 5723
3 5727 2733 5723
3 1598 5720 5724
3 5720 3247 3249
3 5720 3249 5724
3 4734 565 566
3 566 4737 4734
3 4737 3249 3247
3 4737 3247 4734
3 1606 5728 5727
3 5728 2738 2736
3 5728 2736 5727
3 4438 260 259
3 4438 2736 2738
3 2739 5733 5730
3 5733 1609 1607
3 5733 1607 5730
3 1609 5734 5731
3 5734 3262 3255
3 5734 3255 5731
3 3262 4746 4739
3 4746 572 569
3 4746 569 4739
3 4739 3255 3262
3 5731 1607 1609
3 572 4745 4744
3 4745 3261 3252
3 4745 3252 4744
3 3261 5250 5244
3 5250 1194 5244
3 5244 3252 3261
3 5249 2426 2424
3 2426 4276 4274
3 4276 49 47
3 4276 47 4274
3 4274 2424 2426
3 2424 5242 5249
3 5242 1194 5249
3 5242 1193 1194
3 3252 4738 4744
3 4738 569 572
3 4738 572 4744
3 3252 5244 5243
3 5244 1194 1193
3 5244 1193 5243
3 4739 3254 3255
3 3254 5726 5731
3 5726 1599 1607
3 5726 1607 5731
3 5731 3255 3254
3 1599 5725 2737
3 5725 2735 2737
3 2735 4437 4439
3 4437 259 260
3 4437 260 4439
3 4439 2737 2735
3 4439 2739 2737
3 2739 5730 2737
3 5730 1607 1599
3 5730 1599 2737
3 4746 3262 3263
3 5734 1609 1612
3 5734 3263 3262
3 2739 4439 4441
3 4439 260 263
3 4439 263 4441
3 263 4442 4441
3 4442 2739 4441
3 4442 2745 2739
3 2745 5736 5733
3 5736 1612 1609
3 5736 1609 5733
3 5733 2739 2745
3 3263 4747 4746
3 4747 572 4746
3 5728 1606 1608
3 1606 5724 5729
3 5724 3249 3257
3 5724 3257 5729
3 3249 4737 4740
3 4737 566 570
3 4737 570 4740
3 4740 3257 3249
3 4740 3258 3257
3 3258 1608 5729
3 1608 1606 5729
3 5729 3257 3258
3 566 4735 4736
3 4735 3246 3248
3 4735 3248 4736
3 3246 5241 5246
3 5241 1192 5246
3 5246 3248 3246
3 1192 5238 5240
3 5238 2423 2425
3 5238 2425 5240
3 2423 4273 4275
3 48 4275 46
3 4275 4273 46
3 4275 2425 2423
3 2425 5245 5240
3 5245 1192 5240
3 5245 1195 1192
3 5248 3256 3248
3 3256 4741 4736
3 4741 570 566
3 4741 566 4736
3 4736 3248 3256
3 3248 5246 5248
3 5246 1192 1195
3 5246 1195 5248
3 5732 1611 1608
3 1608 3258 5732
3 5735 2744 2740
3 2744 4443 4440
3 4443 263 260
3 4443 260 4440
3 4440 2740 2744
3 260 4438 4440
3 4438 2738 2740
3 4438 2740 4440
3 2738 5728 5735
3 5728 1608 1611
3 5728 1611 5735
3 5735 2740 2738
3 3258 4740 4742
3 4740 570 4742
3 5736 1614 1612
3 1614 5739 5738
3 5739 3271 3263
3 5739 3263 5738
3 3271 4753 4747
3 4753 576 572
3 4753 572 4747
3 4747 3263 3271
3 3263 5734 5738
3 5734 1612 1614
3 5734 1614 5738
3 4752 3270 3269
3 3270 5257 5252
3 5257 1200 1196
3 5257 1196 5252
3 5252 3269 3270
3 1200 5256 5251
3 5256 2429 2427
3 5256 2427 5251
3 2429 4278 4276
3 4278 51 4276
3 51 49 4276
3 4276 2427 2429
3 4276 2426 2427
3 5251 1196 1200
3 5251 2427 2426
3 2426 5249 5251
3 5249 1194 1196
3 5249 1196 5251
3 5250 3261 3269
3 3261 4745 4751
3 4745 572 576
3 4745 576 4751
3 576 4752 4751
3 4752 3269 3261
3 4752 3261 4751
3 3269 5252 5250
3 5252 1196 1194
3 5252 1194 5250
3 1614 5736 5737
3 5736 2745 2747
3 5736 2747 5737
3 2745 4442 4444
3 4442 263 266
3 4442 266 4444
3 4444 2747 2745
3 5735 1611 1613
3 5735 1613 2744
3 5732 3258 3264
3 3258 4742 4748
3 4742 570 574
3 4742 574 4748
3 4748 3264 3258
3 5732 1613 1611
3 4741 3256 3259
3 3256 5248 5253
3 5248 1195 1198
3 5248 1198 5253
3 5253 3259 3256
3 1195 5245 5247
3 5245 2425 2428
3 5245 2428 5247
3 2425 4275 4277
3 4275 48 50
3 4275 50 4277
3 4277 2428 2425
3 5247 1198 1195
3 2428 5254 5247
3 5254 1199 1198
3 5254 1198 5247
3 4743 574 570
3 570 4741 4743
3 4741 3259 3260
3 4741 3260 4743
3 3259 5253 5255
3 5253 1198 1199
3 5253 1199 5255
3 5255 3260 3259
3 4748 3265 3264
3 3265 5741 5732
3 5741 1615 1613
3 5741 1613 5732
3 5732 3264 3265
3 5740 2748 2746
3 2748 4445 4443
3 4445 266 263
3 4445 263 4443
3 4443 2746 2748
3 4443 2744 2746
3 2744 1613 1615
3 2744 1615 5740
3 5740 2746 2744
3 5255 3266 3260
3 3266 4749 4743
3 4749 575 574
3 4749 574 4743
3 4743 3260 3266
3 3268 5744 5741
3 5744 1616 1615
3 5744 1615 5741
3 1616 5743 5740
3 5743 2750 2748
3 5743 2748 5740
3 2750 4446 4445
3 4446 267 266
3 4446 266 4445
3 4445 2748 2750
3 5740 1615 1616
3 5741 3265 3268
3 4748 574 575
3 575 4750 4748
3 4750 3268 3265
3 4750 3265 4748
3 2751 5747 5742
3 5747 1619 1617
3 5747 1617 5742
3 5748 3279 3272
3 3279 4760 4754
3 4760 579 576
3 4760 576 4754
3 4754 3272 3279
3 3272 5745 5748
3 5745 1617 1619
3 5745 1619 5748
3 4759 3278 3277
3 3278 5264 5258
3 5264 1203 1201
3 5264 1201 5258
3 5258 3277 3278
3 5263 2431 2429
3 2431 4281 4278
3 4281 53 51
3 4281 51 4278
3 4278 2429 2431
3 2429 5256 5263
3 5256 1201 1203
3 5256 1203 5263
3 5256 1200 1201
3 3270 576 579
3 3270 579 4759
3 4759 3277 3270
3 3277 5258 5257
3 5258 1201 1200
3 5258 1200 5257
3 5257 3270 3277
3 4752 576 3270
3 4753 3271 3272
3 3271 5739 5745
3 5739 1614 1617
3 5739 1617 5745
3 5745 3272 3271
3 1614 5737 5742
3 5737 2747 2749
3 5737 2749 5742
3 2747 4444 2749
3 4444 266 267
3 4444 267 2749
3 5742 1617 1614
3 5742 2749 2751
3 3272 4754 4753
3 4754 576 4753
3 5743 1616 1618
3 5744 3268 3274
3 3268 4750 4755
3 4750 575 577
3 4750 577 4755
3 4755 3274 3268
3 3274 5746 5744
3 5746 1618 1616
3 5746 1616 5744
3 4749 3266 3267
3 3266 5255 5260
3 5255 1199 1202
3 5255 1202 5260
3 5260 3267 3266
3 5254 2428 2430
3 2428 4277 4279
3 52 4279 50
3 4279 4277 50
3 52 4280 4279
3 4280 2430 2428
3 4280 2428 4279
3 2430 5259 5254
3 5259 1202 1199
3 5259 1199 5254
3 1202 5262 5260
3 5262 3273 3267
3 5262 3267 5260
3 3273 4756 4749
3 4756 577 575
3 4756 575 4749
3 4749 3267 3273
3 3273 4757 4756
3 4757 578 577
3 4757 577 4756
3 3276 5751 5746
3 5751 1620 1618
3 5751 1618 5746
3 1620 5750 5749
3 5750 2753 2750
3 5750 2750 5749
3 2753 4449 4446
3 4449 268 267
3 4449 267 4446
3 4446 2750 2753
3 2750 5743 5749
3 5743 1618 1620
3 5743 1620 5749
3 5746 3274 3276
3 4755 577 578
3 578 4758 4755
3 4758 3276 3274
3 4758 3274 4755
3 4448 2754 2752
3 5752 1622 1621
3 5752 2752 2754
3 1622 5756 5755
3 5756 3287 3280
3 5756 3280 5755
3 3287 4768 4761
3 4768 582 580
3 4768 580 4761
3 4761 3280 3287
3 4761 3279 3280
3 3279 5753 5755
3 5753 1621 1622
3 5753 1622 5755
3 5755 3280 3279
3 582 4767 4766
3 4767 3286 3285
3 4767 3285 4766
3 3286 5270 5265
3 5270 1206 1203
3 5270 1203 5265
3 5265 3285 3286
3 1206 5269 2432
3 5269 2435 2432
3 2435 4282 4281
3 53 6347 55
3 6347 4282 55
3 4282 6347 4281
3 6347 53 4281
3 4281 2432 2435
3 4281 2431 2432
3 2431 5263 2432
3 5263 1203 1206
3 5263 1206 2432
3 5264 3278 3285
3 3278 4759 4766
3 4759 580 582
3 4759 582 4766
3 4766 3285 3278
3 3285 5265 5264
3 5265 1203 5264
3 4759 579 580
3 3279 5748 5753
3 5748 1619 1621
3 5748 1621 5753
3 5747 2751 2752
3 2751 2749 4447
3 268 4447 267
3 4447 2749 267
3 268 4448 4447
3 4448 2752 2751
3 4448 2751 4447
3 2752 5752 5747
3 5752 1621 1619
3 5752 1619 5747
3 3279 4761 4760
3 4761 580 579
3 4761 579 4760
3 1622 5752 5754
3 5752 2754 2756
3 5752 2756 5754
3 2754 4448 4450
3 4448 268 272
3 4448 272 4450
3 4450 2756 2754
3 5751 3276 3282
3 4758 578 581
3 581 4763 4758
3 4763 3282 3276
3 4763 3276 4758
3 3282 1620 5751
3 4757 3273 3275
3 3273 5262 5267
3 5262 1202 1204
3 5262 1204 5267
3 5267 3275 3273
3 1202 5259 5261
3 5259 2430 2433
3 5259 2433 5261
3 2430 4280 2433
3 4280 52 54
3 4280 54 2433
3 2434 5266 5261
3 5266 1204 1202
3 5266 1202 5261
3 5261 2433 2434
3 5266 1205 1204
3 5268 3281 3275
3 3281 4762 4757
3 4762 581 578
3 4762 578 4757
3 4757 3275 3281
3 3275 5267 5268
3 5267 1204 1205
3 5267 1205 5268
3 4763 3283 3282
3 3283 5758 3282
3 5758 1623 1620
3 5758 1620 3282
3 1623 5757 5750
3 5757 2757 2755
3 5757 2755 5750
3 2757 4451 4449
3 4451 272 268
3 4451 268 4449
3 4449 2755 2757
3 4449 2753 2755
3 5750 1620 1623
3 5750 2755 2753
3 3283 5761 5758
3 5761 1624 1623
3 5761 1623 5758
3 1624 5760 5757
3 5760 2759 2757
3 5760 2757 5757
3 2759 4453 4451
3 4453 273 272
3 4453 272 4451
3 4451 2757 2759
3 5757 1623 1624
3 3283 4763 4764
3 4763 581 4764
3 2758 5764 5759
3 5764 1626 1625
3 5764 1625 5759
3 1626 5766 5762
3 5766 3294 3288
3 5766 3288 5762
3 3294 4774 4769
3 4774 586 584
3 4774 584 4769
3 4769 3288 3294
3 5762 1625 1626
3 4773 3293 3292
3 3293 5277 5271
3 5277 1210 1207
3 5277 1207 5271
3 5271 3292 3293
3 1210 5276 5269
3 5276 2437 2435
3 5276 2435 5269
3 2437 4284 4282
3 55 6417 57
3 6417 4284 57
3 4284 6417 4282
3 6417 55 4282
3 4282 2435 2437
3 5269 1207 1210
3 5269 1206 1207
3 5270 3286 3292
3 3286 4767 4773
3 4767 584 586
3 4767 586 4773
3 4773 3292 3286
3 3292 5271 5270
3 5271 1207 1206
3 5271 1206 5270
3 4767 582 584
3 5756 1622 1625
3 5754 2756 2758
3 2756 4450 4452
3 4450 272 273
3 4450 273 4452
3 4452 2758 2756
3 5759 1625 1622
3 1622 5754 5759
3 5754 2758 5759
3 1625 5762 5756
3 5762 3288 3287
3 5762 3287 5756
3 4769 584 582
3 582 4768 4769
3 4768 3287 3288
3 4768 3288 4769
3 3294 5766 5769
3 5766 1626 5769
3 1626 5764 5765
3 5764 2758 2761
3 5764 2761 5765
3 2758 4452 4454
3 4452 273 4454
3 4454 2761 2758
3 2761 5768 5765
3 5768 1626 5765
3 1624 5761 3290
3 5761 3283 3290
3 3283 4764 4770
3 4764 581 585
3 4764 585 4770
3 585 4772 4770
3 4772 3290 3283
3 4772 3283 4770
3 5763 1624 3290
3 581 4762 4765
3 4762 3281 3284
3 4762 3284 4765
3 3281 5268 5273
3 5268 1205 1208
3 5268 1208 5273
3 5273 3284 3281
3 5266 2434 2436
3 2434 2433 4283
3 56 6348 54
3 6348 2433 54
3 2433 6348 4283
3 6348 56 4283
3 4283 2436 2434
3 2436 5272 5266
3 5272 1208 1205
3 5272 1205 5266
3 5272 1209 1208
3 1209 5275 5273
3 5275 3289 3284
3 5275 3284 5273
3 3289 4771 4765
3 4771 585 581
3 4771 581 4765
3 4765 3284 3289
3 5273 1208 1209
3 4772 3291 3290
3 5763 1627 1624
3 5763 3290 3291
3 1627 5767 2760
3 5767 2762 2760
3 2762 4455 4453
3 4455 273 4453
3 4453 2760 2762
3 4453 2759 2760
3 2759 5760 2760
3 5760 1624 1627
3 5760 1627 2760
3 5768 1629 1626
3 5769 3301 3294
3 3301 4780 4774
3 4780 589 586
3 4780 586 4774
3 4774 3294 3301
3 5769 1626 1629
3 589 4779 4778
3 4779 3300 3299
3 4779 3299 4778
3 3300 5284 5278
3 5284 1212 1210
3 5284 1210 5278
3 5278 3299 3300
3 1212 5283 5282
3 5283 2439 2437
3 5283 2437 5282
3 2439 4286 4284
3 4286 59 4284
3 59 57 4284
3 4284 2437 2439
3 2437 5276 5282
3 5276 1210 1212
3 5276 1212 5282
3 1210 5277 5278
3 5277 3293 3299
3 5277 3299 5278
3 3293 4773 4778
3 4773 586 589
3 4773 589 4778
3 4778 3299 3293
3 4779 589 591
3 4780 3301 3302
3 3301 5769 5776
3 5769 1629 1631
3 5769 1631 5776
3 5776 3302 3301
3 1629 5768 5771
3 5768 2761 2763
3 5768 2763 5771
3 2761 4454 4456
3 4454 273 278
3 4454 278 4456
3 278 4457 4456
3 4457 2763 2761
3 4457 2761 4456
3 2763 5775 5771
3 5775 1631 1629
3 5775 1629 5771
3 3302 4781 4780
3 4781 591 589
3 4781 589 4780
3 5767 1627 1628
3 5763 3291 3296
3 3291 4772 587
3 4772 585 587
3 587 3296 3291
3 3296 5770 5763
3 5770 1628 1627
3 5770 1627 5763
3 3289 5275 5279
3 5275 1209 1211
3 5275 1211 5279
3 1209 5272 5274
3 5272 2436 2438
3 5272 2438 5274
3 2436 4283 4285
3 4283 56 4285
3 56 58 4285
3 4285 2438 2436
3 5274 1211 1209
3 1211 5281 5279
3 5281 3295 3289
3 5281 3289 5279
3 3295 4775 4771
3 4775 587 585
3 4775 585 4771
3 4771 3289 3295
3 5281 3297 3295
3 3297 4777 4775
3 4777 588 587
3 4777 587 4775
3 4775 3295 3297
3 3298 5774 5770
3 5774 1630 1628
3 5774 1628 5770
3 1630 5773 5772
3 5773 2764 2762
3 5773 2762 5772
3 2764 4458 4455
3 4458 278 273
3 4458 273 4455
3 4455 2762 2764
3 5767 1628 1630
3 1630 5772 5767
3 5772 2762 5767
3 5770 3296 3298
3 3296 587 4776
3 587 588 4776
3 4776 3298 3296
3 5773 2766 2764
3 2766 4460 4458
3 4460 279 278
3 4460 278 4458
3 4458 2764 2766
3 1632 5782 5778
3 5782 3310 3303
3 5782 3303 5778
3 3310 4788 4782
3 4788 591 4782
3 591 4781 4782
3 4781 3303 3310
3 4781 3310 4782
3 4787 3309 3308
3 3309 5291 5285
3 5291 1215 1213
3 5291 1213 5285
3 5285 3308 3309
3 5290 2443 2440
3 2443 4288 4286
3 4288 61 59
3 4288 59 4286
3 4286 2440 2443
3 4286 2439 2440
3 2439 5283 5290
3 5283 1213 1215
3 5283 1215 5290
3 5290 2440 2439
3 5283 1212 1213
3 5284 3300 3308
3 3300 4779 4787
3 4779 591 4787
3 4787 3308 3300
3 3308 5285 5284
3 5285 1213 1212
3 5285 1212 5284
3 4781 3302 3303
3 3302 5776 5778
3 5776 1631 1632
3 5776 1632 5778
3 5778 3303 3302
3 5775 2763 2765
3 2763 4457 4459
3 4457 278 279
3 4457 279 4459
3 4459 2765 2763
3 4459 2767 2765
3 2767 5777 5775
3 5777 1632 1631
3 5777 1631 5775
3 5775 2765 2767
3 3309 4787 4789
3 4787 591 595
3 4787 595 4789
3 3310 5782 5786
3 5782 1632 1635
3 5782 1635 5786
3 1632 5777 5781
3 5777 2767 2769
3 5777 2769 5781
3 4459 279 282
3 282 2769 2767
3 282 2767 4459
3 2769 5785 5781
3 5785 1635 1632
3 5785 1632 5781
3 5786 3311 3310
3 4788 595 591
3 4788 3310 3311
3 2766 5773 5779
3 5773 1630 1633
3 5773 1633 5779
3 5774 3298 3305
3 3298 4776 4783
3 4776 588 592
3 4776 592 4783
3 4783 3305 3298
3 3305 5780 5774
3 5780 1633 1630
3 5780 1630 5774
3 3297 5281 5287
3 5281 1211 1214
3 5281 1214 5287
3 1211 5274 5280
3 5274 2438 2441
3 5274 2441 5280
3 2438 4285 4287
3 60 6349 58
3 6349 4285 58
3 4285 6349 4287
3 6349 60 4287
3 4287 2441 2438
3 4287 2442 2441
3 2442 5286 5280
3 5286 1214 1211
3 5286 1211 5280
3 5280 2441 2442
3 1214 5289 5287
3 5289 3304 3297
3 5289 3297 5287
3 3304 4784 4777
3 4784 592 588
3 4784 588 4777
3 4777 3297 3304
3 4784 593 592
3 4785 3307 3305
3 3307 5784 5780
3 5784 1634 1633
3 5784 1633 5780
3 5780 3305 3307
3 1634 5783 5779
3 5783 2770 2768
3 5783 2768 5779
3 2770 4461 4460
3 4461 282 279
3 4461 279 4460
3 4460 2768 2770
3 4460 2766 2768
3 5779 1633 1634
3 5779 2768 2766
3 3305 4783 4785
3 4783 592 593
3 4783 593 4785
3 5785 1637 1635
3 5786 3318 3311
3 3318 4795 4788
3 4795 597 595
3 4795 595 4788
3 4788 3311 3318
3 5786 1635 1637
3 4794 3317 3316
3 3317 5299 5292
3 5299 1217 1215
3 5299 1215 5292
3 5292 3316 3317
3 1217 5298 5297
3 5298 2445 2443
3 5298 2443 5297
3 2445 4291 4289
3 61 4289 63
3 4289 4291 63
3 61 4288 4289
3 4288 2443 2445
3 4288 2445 4289
3 2443 5290 5297
3 5290 1215 1217
3 5290 1217 5297
3 1215 5291 5292
3 5291 3309 3316
3 5291 3316 5292
3 3309 4789 4794
3 4789 595 597
3 4789 597 4794
3 4794 3316 3309
3 3317 4794 4796
3 4794 597 598
3 4794 598 4796
3 4795 3318 3319
3 3318 5786 5793
3 5786 1637 1639
3 5786 1639 5793
3 5793 3319 3318
3 1637 5785 5788
3 5785 2769 2772
3 5785 2772 5788
3 286 4462 282
3 4462 2772 2769
3 4462 2769 282
3 2772 5792 5788
3 5792 1639 1637
3 5792 1637 5788
3 3319 4797 4795
3 4797 598 597
3 4797 597 4795
3 5783 1634 1636
3 5784 3307 3313
3 3307 4785 4790
3 4785 593 4790
3 4790 3313 3307
3 3313 5787 5784
3 5787 1636 1634
3 5787 1634 5784
3 4784 3304 3306
3 3304 5289 5294
3 5289 1214 1216
3 5289 1216 5294
3 5294 3306 3304
3 1214 5286 5288
3 5286 2442 2444
3 5286 2444 5288
3 2442 4287 4290
3 4287 60 62
3 4287 62 4290
3 4290 2444 2442
3 2444 5293 5288
3 5293 1216 1214
3 5293 1214 5288
3 1216 5296 5294
3 5296 3312 3306
3 5296 3306 5294
3 593 4784 4786
3 4784 3306 3312
3 4784 3312 4786
3 3312 4791 4786
3 4791 596 593
3 4791 593 4786
3 4792 3315 3313
3 3315 5791 5787
3 5791 1638 1636
3 5791 1636 5787
3 5787 3313 3315
3 1638 5790 5789
3 5790 2773 2771
3 5790 2771 5789
3 2773 4463 4461
3 4463 286 282
3 4463 282 4461
3 4461 2771 2773
3 4461 2770 2771
3 2770 5783 5789
3 5783 1636 1638
3 5783 1638 5789
3 5789 2771 2770
3 3313 4790 4792
3 4790 593 596
3 4790 596 4792
3 5790 2775 2773
3 2775 4465 4463
3 4465 287 286
3 4465 286 4463
3 4463 2773 2775
3 1640 5799 5796
3 5799 3327 3320
3 5799 3320 5796
3 3327 4804 4798
3 4804 602 598
3 4804 598 4798
3 598 4797 4798
3 4797 3320 3327
3 4797 3327 4798
3 602 4803 4802
3 4803 3326 3325
3 4803 3325 4802
3 3326 5307 5300
3 5307 1220 1218
3 5307 1218 5300
3 5300 3325 3326
3 1220 5306 5305
3 5306 2448 2445
3 5306 2445 5305
3 2448 4293 4291
3 4293 65 63
3 4293 63 4291
3 4291 2445 2448
3 2445 5298 5305
3 5298 1218 1220
3 5298 1220 5305
3 5298 1217 1218
3 5299 3317 3325
3 3317 4796 4802
3 4796 598 602
3 4796 602 4802
3 4802 3325 3317
3 3325 5300 5299
3 5300 1218 1217
3 5300 1217 5299
3 4797 3319 3320
3 3319 5793 5796
3 5793 1639 1640
3 5793 1640 5796
3 5796 3320 3319
3 5792 2772 2774
3 2772 4462 4464
3 4462 286 287
3 4462 287 4464
3 4464 2774 2772
3 4464 2776 2774
3 2776 5795 5792
3 5795 1640 1639
3 5795 1639 5792
3 5792 2774 2776
3 4803 602 603
3 3327 5799 5804
3 5799 1640 1643
3 5799 1643 5804
3 1640 5795 2778
3 5795 2776 2778
3 4464 287 289
3 289 4466 4464
3 4466 2778 2776
3 4466 2776 4464
3 4466 2780 2778
3 2780 5803 2778
3 5803 1643 1640
3 5803 1640 2778
3 5804 3328 3327
3 4804 603 602
3 4804 3327 3328
3 2775 5790 5797
3 5790 1638 1641
3 5790 1641 5797
3 1638 5791 5794
3 5791 3315 3322
3 5791 3322 5794
3 3315 4792 4799
3 4792 596 599
3 4792 599 4799
3 4799 3322 3315
3 3322 5798 5794
3 5798 1641 1638
3 5798 1638 5794
3 596 4791 4793
3 4791 3312 3314
3 4791 3314 4793
3 5296 1216 1219
3 1219 5302 5296
3 5302 3314 3312
3 5302 3312 5296
3 1216 5293 5295
3 5293 2444 2446
3 5293 2446 5295
3 2444 4290 4292
3 4290 62 4292
3 62 64 4292
3 4292 2446 2444
3 4292 2447 2446
3 2447 5301 5295
3 5301 1219 1216
3 5301 1216 5295
3 5295 2446 2447
3 5304 3321 3314
3 3321 4800 4793
3 4800 599 596
3 4800 596 4793
3 4793 3314 3321
3 3314 5302 5304
3 5302 1219 5304
3 4800 600 599
3 4801 3324 3322
3 3324 5802 5798
3 5802 1642 1641
3 5802 1641 5798
3 5798 3322 3324
3 1642 5801 5800
3 5801 2779 2777
3 5801 2777 5800
3 2779 4467 4465
3 4467 289 287
3 4467 287 4465
3 4465 2777 2779
3 4465 2775 2777
3 2775 5797 5800
3 5797 1641 1642
3 5797 1642 5800
3 5800 2777 2775
3 3322 4799 4801
3 4799 599 600
3 4799 600 4801
3 5807 3335 3328
3 3335 4809 4804
3 4809 606 603
3 4809 603 4804
3 4804 3328 3335
3 3328 5804 5807
3 5804 1643 5807
3 4808 3334 3333
3 3334 5314 5308
3 5314 1223 1220
3 5314 1220 5308
3 5308 3333 3334
3 5313 2450 2448
3 2450 4296 4294
3 65 4294 67
3 4294 4296 67
3 65 4293 4294
3 4293 2448 2450
3 4293 2450 4294
3 2448 5306 5313
3 5306 1220 1223
3 5306 1223 5313
3 1220 5307 5308
3 5307 3326 3333
3 5307 3333 5308
3 4803 603 606
3 606 4808 4803
3 4808 3333 3326
3 4808 3326 4803
3 5314 3334 3336
3 4808 606 607
3 607 4810 4808
3 4810 3336 3334
3 4810 3334 4808
3 3335 5807 5812
3 5807 1643 1645
3 5807 1645 5812
3 1643 5803 5806
3 5803 2780 2782
3 5803 2782 5806
3 4466 289 292
3 4466 2782 2780
3 2782 5811 5806
3 5811 1645 1643
3 5811 1643 5806
3 5812 3337 3335
3 3337 4811 4809
3 4811 607 606
3 4811 606 4809
3 4809 3335 3337
3 5802 3324 3330
3 3324 4801 4805
3 4801 600 604
3 4801 604 4805
3 4805 3330 3324
3 3330 5805 5802
3 5805 1642 5802
3 4800 3321 3323
3 3321 5304 5310
3 5304 1219 1221
3 5304 1221 5310
3 5310 3323 3321
3 1219 5301 5303
3 5301 2447 2449
3 5301 2449 5303
3 2447 4292 4295
3 4292 64 66
3 4292 66 4295
3 4295 2449 2447
3 2449 5309 5303
3 5309 1221 1219
3 5309 1219 5303
3 5309 1222 1221
3 1222 5312 5310
3 5312 3329 3323
3 5312 3323 5310
3 600 4800 604
3 4800 3323 3329
3 4800 3329 604
3 5310 1221 1222
3 3329 4806 604
3 4806 605 604
3 4807 3332 3330
3 3332 5810 5805
3 5810 1644 1642
3 5810 1642 5805
3 5805 3330 3332
3 1644 5809 5808
3 5809 2783 2781
3 5809 2781 5808
3 2783 4468 4467
3 4468 292 289
3 4468 289 4467
3 4467 2781 2783
3 4467 2779 2781
3 2779 5801 5808
3 5801 1642 1644
3 5801 1644 5808
3 5808 2781 2779
3 3330 4805 4807
3 4805 604 605
3 4805 605 4807
3 5809 2785 2783
3 4468 2783 2785
3 2784 5817 5814
3 5817 1646 5814
3 1646 5818 3338
3 5818 3345 3338
3 3345 4817 4811
3 4817 611 607
3 4817 607 4811
3 4811 3338 3345
3 4816 3344 3336
3 3344 5320 5316
3 5320 1227 1224
3 5320 1224 5316
3 5316 3336 3344
3 1227 5319 5315
3 5319 2453 2450
3 5319 2450 5315
3 2453 4298 4296
3 4298 69 67
3 4298 67 4296
3 4296 2450 2453
3 5315 1224 1227
3 2450 5313 5315
3 5313 1223 1224
3 5313 1224 5315
3 4810 607 611
3 611 4816 4810
3 4816 3336 4810
3 3336 5316 5314
3 5316 1224 1223
3 5316 1223 5314
3 4811 3337 3338
3 5812 1645 1646
3 1646 3338 5812
3 3338 3337 5812
3 5811 2782 2784
3 2782 4466 4469
3 4466 292 4469
3 4469 2784 2782
3 2784 5814 5811
3 5814 1646 1645
3 5814 1645 5811
3 4817 3345 3346
3 3345 5818 5822
3 5818 1646 1649
3 5818 1649 5822
3 5822 3346 3345
3 5817 2784 2787
3 2784 4469 4471
3 4469 292 294
3 4469 294 4471
3 294 4472 4471
3 4472 2787 2784
3 4472 2784 4471
3 4472 2789 2787
3 2789 5821 5817
3 5821 1649 1646
3 5821 1646 5817
3 5817 2787 2789
3 3346 4818 4817
3 4818 611 4817
3 2785 5809 5815
3 5809 1644 1647
3 5809 1647 5815
3 1644 5810 5813
3 5810 3332 3340
3 5810 3340 5813
3 3332 4807 4812
3 4807 605 608
3 4807 608 4812
3 4812 3340 3332
3 3340 5816 5813
3 5816 1647 1644
3 5816 1644 5813
3 4806 3329 3331
3 5312 1222 1225
3 1225 5318 5312
3 5318 3331 3329
3 5318 3329 5312
3 1222 5309 5311
3 5309 2449 2451
3 5309 2451 5311
3 2449 4295 4297
3 4295 66 4297
3 66 68 4297
3 4297 2451 2449
3 4297 2452 2451
3 2452 5317 5311
3 5317 1225 1222
3 5317 1222 5311
3 5311 2451 2452
3 5317 1226 1225
3 5318 3339 3331
3 3339 4813 4806
3 4813 608 605
3 4813 605 4806
3 4806 3331 3339
3 5318 1225 1226
3 4814 3343 3340
3 3343 5820 5816
3 5820 1648 1647
3 5820 1647 5816
3 5816 3340 3343
3 5819 2788 2786
3 2788 4473 4470
3 4473 294 292
3 4473 292 4470
3 4470 2786 2788
3 292 4468 4470
3 4468 2785 2786
3 4468 2786 4470
3 2785 5815 5819
3 5815 1647 1648
3 5815 1648 5819
3 5819 2786 2785
3 3340 4812 4814
3 4812 608 4814
3 5821 1650 1649
3 1650 5826 5825
3 5826 3352 3346
3 5826 3346 5825
3 3352 4825 4818
3 4825 614 611
3 4825 611 4818
3 4818 3346 3352
3 3346 5822 5825
3 5822 1649 1650
3 5822 1650 5825
3 4824 3351 3350
3 3351 5328 5322
3 5328 1231 1228
3 5328 1228 5322
3 5322 3350 3351
3 1231 5327 5321
3 5327 2456 2454
3 5327 2454 5321
3 2456 4300 4298
3 4300 71 4298
3 71 69 4298
3 4298 2454 2456
3 4298 2453 2454
3 5321 1228 1231
3 5321 2454 2453
3 2453 5319 5321
3 5319 1227 1228
3 5319 1228 5321
3 5320 3344 3350
3 3344 4816 4823
3 614 6440 611
3 6440 4816 611
3 4816 6440 4823
3 6440 614 4823
3 614 4824 4823
3 4824 3350 3344
3 4824 3344 4823
3 3350 5322 5320
3 5322 1228 1227
3 5322 1227 5320
3 1650 5821 5824
3 5821 2789 2791
3 5821 2791 5824
3 2789 4472 4474
3 4472 294 298
3 4472 298 4474
3 4474 2791 2789
3 5819 1648 2788
3 3343 4814 4819
3 4814 608 612
3 4814 612 4819
3 3343 5823 5820
3 5823 1648 5820
3 4813 3339 3341
3 3339 5318 5324
3 5318 1226 1229
3 5318 1229 5324
3 5324 3341 3339
3 5317 2452 2455
3 2452 4297 4299
3 4297 68 70
3 4297 70 4299
3 4299 2455 2452
3 2455 5323 5317
3 5323 1229 1226
3 5323 1226 5317
3 5323 1230 1229
3 4815 612 608
3 608 4813 4815
3 4813 3341 3342
3 4813 3342 4815
3 3341 5324 5326
3 5324 1229 1230
3 5324 1230 5326
3 5326 3342 3341
3 4819 3347 3343
3 3347 5828 5823
3 5828 1651 1648
3 5828 1648 5823
3 5823 3343 3347
3 5827 2792 2790
3 2792 4475 4473
3 4475 298 294
3 4475 294 4473
3 4473 2790 2792
3 4473 2788 2790
3 2788 1648 1651
3 2788 1651 5827
3 5827 2790 2788
3 5326 3348 3342
3 4820 613 612
3 612 4815 4820
3 4815 3342 3348
3 4815 3348 4820
3 4821 3349 3347
3 3349 5832 5828
3 5832 1652 1651
3 5832 1651 5828
3 5828 3347 3349
3 1652 5831 5830
3 5831 2794 2792
3 5831 2792 5830
3 2794 4476 4475
3 4476 299 298
3 4476 298 4475
3 4475 2792 2794
3 2792 5827 5830
3 5827 1651 1652
3 5827 1652 5830
3 3347 4819 4821
3 4819 612 613
3 4819 613 4821
3 2795 5835 5829
3 5835 1654 1653
3 5835 1653 5829
3 5836 3361 3353
3 3361 4831 4826
3 4831 618 614
3 4831 614 4826
3 4826 3353 3361
3 3353 5833 5836
3 5833 1653 1654
3 5833 1654 5836
3 618 4830 4829
3 4830 3360 3359
3 4830 3359 4829
3 3360 5335 5329
3 5335 1234 1232
3 5335 1232 5329
3 5329 3359 3360
3 1234 5334 5327
3 5334 2459 2456
3 5334 2456 5327
3 2459 4303 4300
3 4303 73 71
3 4303 71 4300
3 4300 2456 2459
3 5327 1232 1234
3 5327 1231 1232
3 3351 614 618
3 3351 618 4829
3 4829 3359 3351
3 3359 5329 5328
3 5329 1232 1231
3 5329 1231 5328
3 5328 3351 3359
3 4824 614 3351
3 4825 3352 3353
3 3352 5826 5833
3 5826 1650 1653
3 5826 1653 5833
3 5833 3353 3352
3 1650 5824 5829
3 5824 2791 2793
3 5824 2793 5829
3 2791 4474 2793
3 4474 298 299
3 4474 299 2793
3 5829 1653 1650
3 5829 2793 2795
3 3353 4826 4825
3 4826 614 4825
3 4834 621 620
3 4836 3367 3365
3 3367 5850 5846
3 5850 1659 1658
3 5850 1658 5846
3 5846 3365 3367
3 1659 5849 5848
3 5849 2800 5848
3 304 4481 4482
3 4481 2800 4482
3 4481 2799 2800
3 2799 5845 5848
3 5845 1658 1659
3 5845 1659 5848
3 5848 2800 2799
3 3365 4835 4836
3 4835 620 621
3 4835 621 4836
3 1661 5855 5854
3 5855 3378 3371
3 5855 3371 5854
3 3378 4846 4841
3 4846 626 623
3 4846 623 4841
3 4841 3371 3378
3 3371 5851 5854
3 5851 1660 1661
3 5851 1661 5854
3 626 4845 4840
3 4845 3377 3376
3 4845 3376 4840
3 3377 5348 5343
3 5348 1240 1238
3 5348 1238 5343
3 5343 3376 3377
3 5347 2464 2462
3 2464 4308 4305
3 4308 77 75
3 4308 75 4305
3 4305 2462 2464
3 2462 5341 5347
3 5341 1238 1240
3 5341 1240 5347
3 1238 5336 5342
3 5336 3369 3376
3 5336 3376 5342
3 4840 623 626
3 4840 3376 3369
3 3376 5343 5342
3 5343 1238 5342
3 3369 4838 4840
3 4838 622 623
3 4838 623 4840
3 4839 3370 3371
3 3370 5844 5851
3 5844 1657 1660
3 5844 1660 5851
3 5851 3371 3370
3 1657 5843 5847
3 5843 2798 2801
3 5843 2801 5847
3 2798 4480 4483
3 4480 304 4483
3 4483 2801 2798
3 4483 2802 2801
3 2802 1661 5847
3 1661 1660 1657
3 1661 1657 5847
3 5847 2801 2802
3 3371 4841 4839
3 4841 623 622
3 4841 622 4839
3 5850 3367 3373
3 3367 4836 3373
3 4836 621 624
3 4836 624 3373
3 3373 5852 5850
3 5852 1659 5850
3 621 4834 4837
3 4834 3363 3366
3 4834 3366 4837
3 3363 5340 5345
3 5340 1237 1239
3 5340 1239 5345
3 5345 3366 3363
3 1237 5337 5339
3 5337 2461 2463
3 5337 2463 5339
3 2461 4304 4306
3 76 4306 74
3 4306 4304 74
3 76 4307 4306
3 4307 2463 2461
3 4307 2461 4306
3 2463 5344 5339
3 5344 1239 1237
3 5344 1237 5339
3 1239 5346 5345
3 5346 3372 3366
3 5346 3366 5345
3 3372 4842 4837
3 4842 624 621
3 4842 621 4837
3 4837 3366 3372
3 4842 625 624
3 3375 5858 5852
3 5858 1662 1659
3 5858 1659 5852
3 1662 5857 5856
3 5857 2803 5856
3 2803 4486 4484
3 4486 308 304
3 4486 304 4484
3 304 4482 4484
3 4482 2803 4484
3 4482 2800 2803
3 2800 5849 5856
3 5849 1659 1662
3 5849 1662 5856
3 5856 2803 2800
3 5852 3373 3375
3 3373 624 625
3 3373 625 4843
3 4843 3375 3373
3 5859 1665 1663
3 1665 5547 5862
3 5547 3387 3379
3 5547 3379 5862
3 3387 4855 4847
3 4855 631 626
3 4855 626 4847
3 4847 3379 3387
3 4847 3378 3379
3 3378 5855 5862
3 5855 1663 1665
3 5855 1665 5862
3 5862 3379 3378
3 631 4853 4854
3 4853 3384 3386
3 4853 3386 4854
3 3384 5355 5350
3 5355 1241 5350
3 5350 3386 3384
3 1241 5086 2465
3 5086 2468 2465
3 2468 4310 4308
3 77 6350 79
3 6350 4310 79
3 4310 6350 4308
3 6350 77 4308
3 4308 2465 2468
3 4308 2464 2465
3 2464 5349 2465
3 5349 1241 2465
3 2464 5347 5349
3 5347 1240 1241
3 5347 1241 5349
3 5348 3377 3386
3 3377 4845 4854
3 4845 626 631
3 4845 631 4854
3 4854 3386 3377
3 3386 5350 5348
3 5350 1241 1240
3 5350 1240 5348
3 5855 1661 1663
3 1661 2802 2804
3 1661 2804 5853
3 2802 4483 4485
3 4483 304 308
3 4483 308 4485
3 4485 2804 2802
3 4485 2805 2804
3 2805 5859 5853
3 5859 1663 1661
3 5859 1661 5853
3 5853 2804 2805
3 3378 4847 4846
3 4847 626 4846
3 1665 5859 5861
3 5859 2805 2808
3 5859 2808 5861
3 2805 4485 4487
3 4485 308 310
3 4485 310 4487
3 4487 2808 2805
3 5857 1662 1664
3 1662 5858 3382
3 5858 3375 3382
3 3375 4843 4850
3 4843 625 628
3 4843 628 4850
3 4850 3382 3375
3 5860 1664 1662
3 5860 1662 3382
3 625 4842 4844
3 4842 3372 3374
3 4842 3374 4844
3 3372 5346 1242
3 5346 1239 1242
3 1242 3374 3372
3 5344 2463 2466
3 2463 4307 4309
3 4307 76 78
3 4307 78 4309
3 4309 2466 2463
3 4309 2467 2466
3 2467 5351 5344
3 5351 1242 1239
3 5351 1239 5344
3 5344 2466 2467
3 5351 1243 1242
3 5353 3380 3374
3 3380 4851 4844
3 4851 628 625
3 4851 625 4844
3 4844 3374 3380
3 3374 1242 5353
3 1242 1243 5353
3 4850 3383 3382
3 3383 5545 5860
3 5545 1666 1664
3 5545 1664 5860
3 5860 3382 3383
3 1666 5544 5857
3 5544 2807 2806
3 5544 2806 5857
3 2807 4488 4486
3 4488 310 308
3 4488 308 4486
3 4486 2806 2807
3 4486 2803 2806
3 5857 1664 1666
3 5857 2806 2803
3 3380 4848 4851
3 4848 627 628
3 4848 628 4851
3 5545 1478 1666
3 1478 5543 5544
3 5543 2646 2807
3 5543 2807 5544
3 4368 197 310
3 310 4488 4368
3 4488 2807 2646
3 4488 2646 4368
3 5544 1666 1478
3 5545 3383 3381
3 3383 4850 4849
3 4850 628 627
3 4850 627 4849
3 4849 3381 3383
3 2647 5540 5546
3 5540 1477 1479
3 5540 1479 5546
3 1477 5541 5542
3 5541 3058 3385
3 5541 3385 5542
3 3058 4578 4852
3 4578 465 629
3 4578 629 4852
3 4852 3385 3058
3 5542 1479 1477
3 4577 3056 3057
3 3056 5087 5354
3 5087 1104 1244
3 5087 1244 5354
3 5354 3057 3056
3 1104 5085 5086
3 5085 2364 2468
3 5085 2468 5086
3 2364 4216 4310
3 79 4216 0
3 4216 79 4310
3 4310 2468 2364
3 5086 1244 1104
3 5086 1241 1244
3 5355 3384 3057
3 3384 4853 4577
3 4853 629 465
3 4853 465 4577
3 4577 3057 3384
3 3057 5354 5355
3 5354 1244 1241
3 5354 1241 5355
3 4853 631 629
3 5547 1665 1479
3 5861 2808 2648
3 2808 4487 2648
3 4487 310 197
3 4487 197 2648
3 5546 1479 1665
3 1665 5861 5546
3 5861 2648 2647
3 5861 2647 5546
3 1479 5542 5547
3 5542 3385 3387
3 5542 3387 5547
3 4852 629 631
3 631 4855 4852
3 4855 3387 3385
3 4855 3385 4852
3 3058 5541 5533
3 5541 1477 1474
3 5541 1474 5533
3 5540 2647 2643
3 2647 2648 4366
3 2648 197 196
3 2648 196 4366
3 4366 2643 2647
3 2643 5532 5540
3 5532 1474 1477
3 5532 1477 5540
3 1478 5545 3062
3 5545 3381 3062
3 3381 4849 4581
3 4849 627 466
3 4849 466 4581
3 4581 3062 3381
3 5535 1478 3062
3 3380 5353 5091
3 5353 1243 1105
3 5353 1105 5091
3 1105 5090 5091
3 5090 3380 5091
3 1243 5351 5352
3 5351 2467 2365
3 5351 2365 5352
3 2467 4309 4217
3 1 6341 78
3 6341 4309 78
3 4309 6341 4217
3 6341 1 4217
3 4217 2365 2467
3 2365 5088 5352
3 5088 1105 1243
3 5088 1243 5352
3 5090 3059 3380
3 3059 4580 4848
3 4580 466 627
3 4580 627 4848
3 4848 3380 3059
3 4581 3061 3062
3 5535 1475 1478
3 5535 3062 3061
3 5534 2644 2646
3 2644 4367 4368
3 4367 196 197
3 4367 197 4368
3 4368 2646 2644
3 2646 5543 5534
3 5543 1478 1475
3 5543 1475 5534
3 520 524 1152
3 26 1152 28
3 1152 524 28
3 672 673 1528
3 673 240 237
3 673 237 1528
3 28 524 30
3 520 1547 1555
3 1547 237 240
3 1547 240 1555
3 1555 524 520
3 1275 672 671
3 1528 237 229
3 1528 671 672
3 1547 520 515
3 520 1152 1147
3 24 1147 26
3 1147 1152 26
3 515 520 1147
3 515 1541 1547
3 1541 229 237
3 1541 237 1547
3 1275 673 672
3 524 1555 246
3 1555 240 246
3 246 532 524
3 30 6413 32
3 6413 532 32
3 532 6413 524
3 6413 30 524
3 1541 515 509
3 515 1147 1143
3 22 1143 24
3 1143 1147 24
3 1143 509 515
3 509 229 1541
3 532 541 32
3 541 34 32
3 52 1197 269
3 1197 270 269
3 80 270 101
3 280 60 58
3 300 72 295
3 70 609 72
3 609 295 72
3 90 300 89
3 300 295 89
3 509 1143 506
3 1143 22 506
3 541 36 34
3 532 246 1568
3 20 1139 22
3 500 2074 1139
3 506 22 2074
3 1139 2074 22
3 1531 6481 230
3 6481 1511 230
3 984 2075 1531
3 1511 6481 500
3 6481 2075 500
3 6481 1531 2075
3 229 509 1529
3 506 2080 509
3 984 1529 2080
3 509 2080 1529
3 500 2075 2074
3 984 2080 2075
3 506 2074 2080
3 2075 2080 2074
3 1333 6449 126
3 6449 750 126
3 748 2165 1333
3 750 6449 747
3 6449 2165 747
3 6449 1333 2165
3 347 1762 1760
3 986 2168 1762
3 748 1760 2168
3 1762 2168 1760
3 1512 1532 230
3 747 2166 1512
3 986 1532 2166
3 1532 1512 2166
3 748 2168 2165
3 986 2166 2168
3 747 2165 2166
3 2168 2166 2165
3 99 1275 1278
3 671 1278 1275
3 1528 229 6379
3 229 1530 6379
3 985 2097 1530
3 671 1528 2097
3 1528 6379 2097
3 6379 1530 2097
3 347 1759 1761
3 676 2106 1759
3 985 1761 2106
3 1759 2106 1761
3 671 2097 1278
3 985 2106 2097
3 676 1278 2106
3 2097 2106 1278
3 230 1532 1531
3 986 2291 1532
3 984 1531 2291
3 1532 2291 1531
3 347 1761 1762
3 985 2292 1761
3 986 1762 2292
3 1761 2292 1762
3 229 1529 1530
3 984 2290 1529
3 985 1530 2290
3 1529 2290 1530
3 986 2292 2291
3 985 2290 2292
3 984 2291 2290
3 2292 2290 2291
3 1571 548 542
3 548 1176 1172
3 1176 38 1172
3 38 36 1172
3 1172 542 548
3 10 212 213
3 208 97 98
3 212 208 213
3 208 98 213
3 212 8 6
3 97 208 206
3 4 474 6
3 212 6 474
3 208 212 206
3 212 474 206
3 2 467 204
3 467 202 204
3 96 204 95
3 204 202 95
3 68 609 70
3 64 601 66
3 101 270 264
3 1197 52 50
3 270 1197 264
3 50 571 1197
3 571 264 1197
3 48 571 50
3 46 261 48
3 718 1549 241
3 1549 238 241
3 238 1542 1548
3 1542 522 528
3 1542 528 1548
3 31 1154 29
3 31 1160 1154
3 522 1154 528
3 1154 1160 528
3 1548 241 238
3 1154 27 29
3 241 719 718
3 1548 528 534
3 528 1160 31
3 31 534 528
3 534 1560 1548
3 1560 243 1548
3 243 241 1548
3 717 1533 238
3 1533 234 238
3 238 1549 717
3 1549 718 717
3 234 225 522
3 225 512 522
3 512 1148 27
3 1148 25 27
3 27 522 512
3 522 27 1154
3 1542 238 234
3 1542 234 522
3 1560 534 538
3 534 31 1167
3 35 1167 33
3 1167 31 33
3 1167 538 534
3 1533 231 234
3 25 1148 512
3 225 234 231
3 5992 1719 1721
3 5988 3485 3594
3 4936 681 734
3 734 5016 4936
3 5016 3594 3485
3 5016 3485 4936
3 3594 5993 5988
3 5993 1721 1719
3 5993 1719 5988
3 3482 5435 5511
3 5435 1283 1323
3 5435 1323 5511
3 1283 5433 5434
3 5433 2509 2552
3 5433 2552 5434
3 2509 4337 4362
3 123 4362 102
3 4362 4337 102
3 2552 2509 4362
3 4362 2553 2552
3 2553 5510 5434
3 1283 5434 1323
3 5434 5510 1323
3 5434 2552 2553
3 5510 1324 1323
3 5511 3593 3483
3 3593 5015 4935
3 681 4935 734
3 4935 5015 734
3 4935 3483 3593
3 4935 3482 3483
3 5511 1323 1324
3 5511 3483 3482
3 276 583 6430
3 583 55 275
3 583 275 6430
3 275 705 116
3 705 115 116
3 276 6430 116
3 6430 275 116
3 243 1560 1561
3 1560 538 1561
3 538 1167 35
3 248 243 1561
3 630 79 0
3 61 281 590
3 590 59 61
3 1577 545 550
3 39 1174 37
3 1174 550 545
3 550 1584 1577
3 1584 249 1577
3 265 573 51
3 573 49 51
3 271 712 265
3 712 118 265
3 53 271 51
3 271 265 51
3 55 583 53
3 583 271 53
3 285 61 63
3 284 285 65
3 285 63 65
3 65 291 284
3 3 6342 198
3 6342 200 198
3 198 0 3
3 123 200 207
3 6342 3 5
3 200 6342 1115
3 6342 5 1115
3 1115 207 200
3 123 207 122
3 209 731 207
3 731 122 207
3 7 1115 5
3 207 1115 209
3 1115 7 209
3 9 209 7
3 11 215 9
3 215 209 9
3 215 726 209
3 726 731 209
3 2072 11 13
3 488 216 1500
3 1500 971 488
3 971 1499 11
3 1499 215 11
3 11 2072 971
3 2072 488 971
3 133 789 788
3 358 216 789
3 216 788 789
3 1319 121 726
3 215 1499 726
3 728 1319 1499
3 1319 726 1499
3 358 2141 1500
3 2141 971 1500
3 1500 216 358
3 1499 971 728
3 2141 728 971
3 221 488 498
3 488 15 498
3 15 17 498
3 788 221 227
3 19 498 17
3 221 498 227
3 5932 2847 2843
3 2847 4517 4515
3 4517 325 324
3 4517 324 4515
3 4515 2843 2847
3 5940 1694 1698
3 1694 5931 5941
3 5931 3513 3506
3 5931 3506 5941
3 3513 4960 4954
3 4960 696 693
3 4960 693 4954
3 693 4953 4954
3 4953 3506 3513
3 4953 3513 4954
3 5941 1698 1694
3 696 4957 4959
3 4957 3510 3504
3 4957 3504 4959
3 3510 5460 5457
3 5460 1293 5457
3 5457 3504 3510
3 1293 5459 5458
3 5459 2523 2522
3 5459 2522 5458
3 2523 4346 109
3 108 4345 109
3 4345 2522 109
3 2522 2523 109
3 4345 2521 2522
3 2521 5456 5458
3 5456 1293 5458
3 5458 2522 2521
3 2521 5454 5456
3 1293 5456 1292
3 5456 5454 1292
3 3504 4952 4959
3 4952 693 4959
3 693 696 4959
3 3504 5457 5455
3 5457 1293 1292
3 5457 1292 5455
3 4953 3505 3506
3 3505 5937 5941
3 5937 1696 1698
3 5937 1698 5941
3 5941 3506 3505
3 5936 2844 2846
3 2844 4516 4518
3 4516 324 325
3 4516 325 4518
3 4518 2846 2844
3 4518 2848 2846
3 2848 5940 5936
3 5940 1698 1696
3 5940 1696 5936
3 5936 2846 2848
3 5455 3508 3504
3 4952 694 693
3 4952 3504 3508
3 3509 5948 5937
3 5948 1701 1696
3 5948 1696 5937
3 1701 5945 5947
3 5945 2850 2844
3 5945 2844 5947
3 2850 4520 4516
3 4520 326 4516
3 326 324 4516
3 4516 2844 2850
3 2844 5936 5947
3 5936 1696 1701
3 5936 1701 5947
3 5937 3505 3509
3 4953 693 694
3 694 4956 4953
3 4956 3509 3505
3 4956 3505 4953
3 5934 1700 1699
3 5944 3428 3425
3 3428 4890 4887
3 4890 650 649
3 4890 649 4887
3 4887 3425 3428
3 3425 5942 5944
3 5942 1699 1700
3 5942 1700 5944
3 650 4889 4888
3 4889 3427 3426
3 4889 3426 4888
3 3427 5391 5388
3 1257 6472 1258
3 6472 5391 1258
3 5391 6472 5388
3 6472 1257 5388
3 5388 3426 3427
3 1258 5390 5389
3 5390 2487 2486
3 5390 2486 5389
3 2487 4323 4322
3 88 4322 89
3 4322 4323 89
3 88 4321 4322
3 4321 2486 4322
3 2486 2487 4322
3 4321 2485 2486
3 2485 5386 5389
3 5386 1257 1258
3 5386 1258 5389
3 5389 2486 2485
3 1257 5387 5388
3 5387 3422 3426
3 5387 3426 5388
3 3422 4886 4888
3 4886 649 650
3 4886 650 4888
3 4888 3426 3422
3 3422 4884 4886
3 4884 648 649
3 4884 649 4886
3 4885 3423 3424
3 3423 5935 5942
3 5935 1695 1699
3 5935 1699 5942
3 5942 3424 3423
3 1695 5932 5933
3 5932 2843 2849
3 5932 2849 5933
3 2843 4515 4519
3 326 6356 324
3 6356 4515 324
3 4515 6356 4519
3 6356 326 4519
3 4519 2849 2843
3 5934 1699 1695
3 1695 5933 5934
3 5933 2849 5934
3 5942 3425 3424
3 3425 4887 4885
3 4887 649 648
3 4887 648 4885
3 4885 3424 3425
3 3419 5919 5928
3 5919 1689 5928
3 1689 5916 5918
3 5916 2835 2841
3 5916 2841 5918
3 2835 4509 4513
3 4509 321 323
3 4509 323 4513
3 4513 2841 2835
3 5920 1691 1690
3 1691 5923 5921
3 5923 3516 3511
3 5923 3511 5921
3 3516 4963 4958
3 4963 697 695
3 4963 695 4958
3 4958 3511 3516
3 5921 1690 1691
3 697 4962 4961
3 4962 3515 3514
3 4962 3514 4961
3 3515 5464 5461
3 5464 1295 1294
3 5464 1294 5461
3 5461 3514 3515
3 1295 5463 5462
3 5463 2525 2524
3 5463 2524 5462
3 2525 4347 4346
3 109 4346 110
3 4346 4347 110
3 2524 2525 4346
3 4346 2523 2524
3 2523 5459 5462
3 1295 5462 1294
3 5462 5459 1294
3 5462 2524 2523
3 5459 1293 1294
3 5460 3510 3514
3 3510 4957 4961
3 697 4961 695
3 4961 4957 695
3 4961 3514 3510
3 3514 5461 5460
3 1293 6473 1294
3 6473 5461 1294
3 5461 6473 5460
3 6473 1293 5460
3 4958 3512 3511
3 3512 5931 5921
3 5931 1694 1690
3 5931 1690 5921
3 5921 3511 3512
3 1694 5930 5929
3 5930 2842 2838
3 5930 2838 5929
3 2842 4514 4510
3 321 6432 323
3 6432 4514 323
3 4514 6432 4510
3 6432 321 4510
3 4510 2838 2842
3 4510 2836 2838
3 2836 5920 5929
3 1694 6483 1690
3 6483 5920 1690
3 5920 6483 5929
3 6483 1694 5929
3 5929 2838 2836
3 4957 696 695
3 1694 5940 5930
3 5940 2848 2842
3 5940 2842 5930
3 2848 4518 4514
3 4518 325 323
3 4518 323 4514
3 4514 2842 2848
3 5931 3512 3513
3 3512 4958 4960
3 4958 695 696
3 4958 696 4960
3 4960 3513 3512
3 4517 2847 2845
3 2847 5932 5938
3 5932 1695 1697
3 5932 1697 5938
3 5938 2845 2847
3 5935 3423 3420
3 3423 4885 4883
3 647 6443 648
3 6443 4885 648
3 4885 6443 4883
3 6443 647 4883
3 4883 3420 3423
3 3420 5939 5935
3 5939 1697 1695
3 5939 1695 5935
3 4884 3422 3421
3 3422 5387 5385
3 5387 1257 1256
3 5387 1256 5385
3 5385 3421 3422
3 1257 5386 5383
3 5386 2485 2484
3 5386 2484 5383
3 2485 4321 4320
3 87 4320 88
3 4320 4321 88
3 2484 2485 4320
3 4320 2483 2484
3 5383 1256 1257
3 5383 2484 2483
3 5383 1255 1256
3 5384 3418 3421
3 3418 4881 4884
3 4881 647 4884
3 647 648 4884
3 4884 3421 3418
3 3421 5385 5384
3 1255 6471 1256
3 6471 5385 1256
3 5385 6471 5384
3 6471 1255 5384
3 4881 646 647
3 3419 5928 5939
3 5928 1689 1697
3 5928 1697 5939
3 5918 2841 2845
3 2841 4513 4517
3 4513 323 325
3 4513 325 4517
3 4517 2845 2841
3 2845 5938 5918
3 5938 1697 1689
3 5938 1689 5918
3 5939 3420 3419
3 3420 4883 4882
3 4883 647 646
3 4883 646 4882
3 4882 3419 3420
3 3413 4878 4876
3 4878 645 644
3 4878 644 4876
3 4879 3416 3414
3 5917 1692 1688
3 1688 3414 5917
3 3414 3416 5917
3 1692 5910 5924
3 5910 2839 2837
3 5910 2837 5924
3 2839 4511 4509
3 321 4511 322
3 4511 321 4509
3 4509 2837 2839
3 4509 2835 2837
3 2835 5916 5924
3 5916 1688 1692
3 5916 1692 5924
3 5924 2837 2835
3 3414 4877 4879
3 4877 644 645
3 4877 645 4879
3 5925 1693 1691
3 5927 3520 3517
3 4965 699 698
3 698 4964 4965
3 4964 3517 3520
3 4964 3520 4965
3 4964 3516 3517
3 3516 5923 5927
3 5923 1691 1693
3 5923 1693 5927
3 5927 3517 3516
3 4966 3519 3518
3 3519 5468 5466
3 5468 1297 1296
3 5468 1296 5466
3 5466 3518 3519
3 1297 5467 5465
3 5467 2527 2526
3 5467 2526 5465
3 2527 4348 4347
3 110 4347 111
3 4347 4348 111
3 2526 2527 4347
3 4347 2525 2526
3 5465 1296 1297
3 5465 2526 2525
3 2525 5463 5465
3 5463 1295 1296
3 5463 1296 5465
3 5464 3515 3518
3 3515 4962 698
3 699 4966 698
3 4966 3518 3515
3 4966 3515 698
3 3518 5466 5464
3 5466 1296 1295
3 5466 1295 5464
3 4962 697 698
3 1691 5920 5922
3 5920 2836 2840
3 5920 2840 5922
3 2836 4510 4512
3 322 6309 321
3 6309 4510 321
3 4510 6309 4512
3 6309 322 4512
3 4512 2840 2836
3 2840 5925 5922
3 5925 1691 5922
3 3516 4964 4963
3 4964 698 697
3 4964 697 4963
3 5916 1689 1688
3 5919 3419 3415
3 3419 4882 4877
3 4882 646 644
3 4882 644 4877
3 4877 3415 3419
3 4877 3414 3415
3 3414 1688 1689
3 3414 1689 5919
3 5919 3415 3414
3 646 4881 4880
3 4881 3418 3417
3 4881 3417 4880
3 3418 5384 5381
3 5384 1255 5381
3 5381 3417 3418
3 1255 5383 5382
3 5383 2483 2482
3 5383 2482 5382
3 2483 4320 4319
3 86 4319 87
3 4319 4320 87
3 86 4318 4319
3 4318 2482 4319
3 2482 2483 4319
3 4318 2481 2482
3 2481 5380 5382
3 5380 1255 5382
3 5382 2482 2481
3 2481 5378 5380
3 1255 5380 1254
3 5380 5378 1254
3 5379 3413 3417
3 3413 4876 4880
3 4876 644 646
3 4876 646 4880
3 4880 3417 3413
3 3417 5381 5379
3 5381 1255 1254
3 5381 1254 5379
3 1687 5915 5913
3 5915 3525 3520
3 5915 3520 5913
3 4967 700 699
3 699 4965 4967
3 3525 6528 3520
3 6528 4965 3520
3 4965 6528 4967
3 6528 3525 4967
3 4971 3521 3524
3 3521 5471 5469
3 1297 5469 1298
3 5469 5471 1298
3 1297 3524 5469
3 3524 3521 5469
3 1298 5470 5467
3 5470 2529 2528
3 5470 2528 5467
3 2529 4350 4349
3 111 4349 112
3 4349 4350 112
3 111 4348 4349
3 4348 2528 4349
3 2528 2529 4349
3 4348 2527 2528
3 5467 1297 1298
3 5467 2528 2527
3 1297 5468 3524
3 5468 3519 3524
3 3519 4966 4971
3 700 6446 699
3 6446 4966 699
3 4966 6446 4971
3 6446 700 4971
3 4971 3524 3519
3 3520 5927 5913
3 5927 1693 1687
3 5927 1687 5913
3 1693 5925 5926
3 5925 2840 2834
3 5925 2834 5926
3 2840 4512 4508
3 4512 322 4508
3 322 320 4508
3 4508 2834 2840
3 2834 5912 5926
3 5912 1687 1693
3 5912 1693 5926
3 5917 3416 3412
3 3416 4879 4875
3 4879 645 643
3 4879 643 4875
3 4875 3412 3416
3 3412 5911 5917
3 5911 1692 5917
3 3413 5379 5377
3 5379 1254 1253
3 5379 1253 5377
3 1253 5376 5377
3 5376 3413 5377
3 5378 2481 2480
3 85 4318 86
3 85 4317 4318
3 4317 2480 4318
3 2480 2481 4318
3 4317 2479 2480
3 2479 5375 5378
3 5375 1253 1254
3 5375 1254 5378
3 5378 2480 2479
3 5376 3411 3413
3 3411 4874 4878
3 4874 643 645
3 4874 645 4878
3 4878 3413 3411
3 5911 1686 1692
3 1686 5901 5910
3 5901 2833 2839
3 5901 2839 5910
3 2833 4507 4511
3 322 6308 320
3 6308 4507 320
3 4507 6308 4511
3 6308 322 4511
3 4511 2839 2833
3 5910 1692 1686
3 5899 2830 2826
3 2830 4505 4502
3 4505 319 318
3 4505 318 4502
3 4502 2826 2830
3 5908 3529 3523
3 4970 702 700
3 700 4969 4970
3 4969 3523 3529
3 4969 3529 4970
3 3523 5904 5908
3 5904 1685 5908
3 702 4972 4974
3 4972 3526 3528
3 4972 3528 4974
3 3526 5474 3528
3 5474 1300 1299
3 5474 1299 3528
3 1300 5473 5472
3 5473 2531 2530
3 5473 2530 5472
3 2531 4351 4350
3 112 4350 113
3 4350 4351 113
3 2530 2531 4350
3 4350 2529 2530
3 2529 5470 5472
3 5470 1299 1300
3 5470 1300 5472
3 5472 2530 2529
3 5470 1298 1299
3 5471 3521 3528
3 3521 4968 4974
3 4968 700 702
3 4968 702 4974
3 4974 3528 3521
3 3528 1299 1298
3 3528 1298 5471
3 4969 3522 3523
3 5904 1683 1685
3 5904 3523 3522
3 5903 2827 2829
3 2827 4503 4506
3 4503 318 319
3 4503 319 4506
3 4506 2829 2827
3 4506 2831 2829
3 2831 5907 5903
3 5907 1685 1683
3 5907 1683 5903
3 5903 2829 2831
3 3521 4971 4968
3 4971 700 4968
3 3525 5915 5904
3 5915 1687 1683
3 5915 1683 5904
3 1687 5912 5914
3 5912 2834 2827
3 5912 2827 5914
3 2834 4508 4504
3 318 4504 320
3 4504 4508 320
3 318 4503 4504
3 4503 2827 2834
3 4503 2834 4504
3 2827 5903 5914
3 5903 1683 1687
3 5903 1687 5914
3 5904 3522 3525
3 3522 4969 4967
3 4969 700 4967
3 4967 3525 3522
3 5901 1686 1682
3 5911 3412 3409
3 3412 4875 4873
3 642 6442 643
3 6442 4875 643
3 4875 6442 4873
3 6442 642 4873
3 4873 3409 3412
3 3409 5909 5911
3 5909 1682 1686
3 5909 1686 5911
3 4874 3411 3410
3 3411 5376 5373
3 5376 1253 1252
3 5376 1252 5373
3 5373 3410 3411
3 1253 5375 5374
3 5375 2479 2478
3 5375 2478 5374
3 2479 4317 4316
3 84 4316 85
3 4316 4317 85
3 2478 2479 4316
3 4316 2477 2478
3 2477 5371 5374
3 5371 1252 1253
3 5371 1253 5374
3 5374 2478 2477
3 5371 1251 1252
3 5372 3407 3410
3 3407 4872 4874
3 4872 642 643
3 4872 643 4874
3 3407 6524 3410
3 6524 4874 3410
3 6524 3407 4874
3 3410 5373 5372
3 5373 1252 1251
3 5373 1251 5372
3 3407 4870 4872
3 4870 642 4872
3 3408 5902 5909
3 5902 1682 5909
3 1682 5899 5900
3 5899 2826 2832
3 5899 2832 5900
3 2826 4502 4507
3 320 4507 318
3 4507 4502 318
3 4507 2832 2826
3 4507 2833 2832
3 1682 5900 5901
3 5900 2832 2833
3 5900 2833 5901
3 5909 3409 3408
3 3409 4873 4871
3 4873 642 4871
3 4871 3408 3409
3 3529 5908 5896
3 5908 1685 1681
3 5908 1681 5896
3 5907 2831 2825
3 2831 4506 4499
3 4506 319 4499
3 319 317 4499
3 2825 2831 4499
3 4499 2824 2825
3 2824 5895 5907
3 5895 1681 1685
3 5895 1685 5907
3 5907 2825 2824
3 5896 3527 3529
3 702 4970 4973
3 4970 3529 3527
3 4970 3527 4973
3 2830 5899 5893
3 5899 1682 1684
3 5899 1684 5893
3 1682 5902 5906
3 5902 3408 3405
3 5902 3405 5906
3 3408 4871 4869
3 641 6364 642
3 6364 4871 642
3 4871 6364 4869
3 6364 641 4869
3 4869 3405 3408
3 3405 5905 5906
3 5905 1684 1682
3 5905 1682 5906
3 4870 3407 3406
3 3407 5372 5369
3 5372 1251 1250
3 5372 1250 5369
3 5369 3406 3407
3 1251 5371 5370
3 5371 2477 2476
3 5371 2476 5370
3 2477 4316 4315
3 83 4315 84
3 4315 4316 84
3 2476 2477 4315
3 4315 2475 2476
3 2475 5367 5370
3 1251 5370 1250
3 5370 5367 1250
3 5370 2476 2475
3 5367 1249 1250
3 1249 5368 5369
3 5368 3403 3406
3 5368 3406 5369
3 3403 641 4870
3 641 642 4870
3 4870 3406 3403
3 5369 1250 1249
3 3403 4867 641
3 4867 640 641
3 4868 3404 3405
3 3404 5894 5905
3 5894 1680 1684
3 5894 1684 5905
3 5905 3405 3404
3 1680 5891 5893
3 5891 2823 2828
3 5891 2828 5893
3 2823 4501 4505
3 319 6307 317
3 6307 4501 317
3 4501 6307 4505
3 6307 319 4505
3 4505 2828 2823
3 4505 2830 2828
3 5893 1684 1680
3 5893 2828 2830
3 3405 4869 4868
3 4869 641 640
3 4869 640 4868
3 5477 3534 3530
3 4975 704 703
3 4975 3530 3534
3 3535 5898 5885
3 5898 1681 1676
3 5898 1676 5885
3 1681 5895 5897
3 5895 2824 2818
3 5895 2818 5897
3 4499 317 315
3 315 4498 4499
3 2824 6520 2818
3 6520 4498 2818
3 4498 6520 4499
3 6520 2824 4499
3 2818 5884 5897
3 5884 1676 1681
3 5884 1681 5897
3 5885 3531 3535
3 4976 703 704
3 704 4979 4976
3 4979 3535 3531
3 4979 3531 4976
3 5891 1680 1679
3 5894 3404 3401
3 3404 4868 4865
3 4868 640 638
3 4868 638 4865
3 4865 3401 3404
3 3401 5892 5894
3 5892 1679 1680
3 5892 1680 5894
3 4867 3403 3402
3 3403 5368 5366
3 5368 1249 1248
3 5368 1248 5366
3 5366 3402 3403
3 1249 5367 5364
3 5367 2475 2474
3 5367 2474 5364
3 2475 4315 4314
3 82 4314 83
3 4314 4315 83
3 2474 2475 4314
3 4314 2473 2474
3 5364 1248 1249
3 5364 2474 2473
3 1248 5365 5366
3 5365 3399 3402
3 5365 3402 5366
3 3399 4866 4867
3 4866 638 640
3 4866 640 4867
3 4867 3402 3399
3 3399 4864 4866
3 4864 637 638
3 4864 638 4866
3 4865 3400 3401
3 3400 5883 5892
3 5883 1675 1679
3 5883 1679 5892
3 5892 3401 3400
3 1675 5881 5882
3 5881 2817 5882
3 2817 4497 4501
3 317 6355 315
3 6355 4497 315
3 4497 6355 4501
3 6355 317 4501
3 4501 2823 2817
3 2823 5891 5882
3 5891 1679 1675
3 5891 1675 5882
3 5882 2817 2823
3 4865 638 637
3 3395 5866 5878
3 5866 1668 5878
3 1668 5863 5865
3 5863 2809 2815
3 5863 2815 5865
3 2809 4489 4495
3 4489 312 314
3 4489 314 4495
3 4495 2815 2809
3 2810 5869 5867
3 5869 1670 1669
3 5869 1669 5867
3 1670 5870 5868
3 5870 3537 5868
3 3537 4986 4981
3 4986 708 706
3 4986 706 4981
3 5868 1669 1670
3 708 4985 4984
3 4985 3541 3540
3 4985 3540 4984
3 3541 5486 5483
3 5486 1304 1303
3 5486 1303 5483
3 5483 3540 3541
3 1304 5485 5484
3 5485 2537 2536
3 5485 2536 5484
3 2537 4355 4354
3 115 4354 116
3 4354 4355 116
3 2536 2537 4354
3 4354 2535 2536
3 2535 5481 5484
3 1304 5484 1303
3 5484 5481 1303
3 5484 2536 2535
3 5481 1302 1303
3 5482 3536 3540
3 3536 4980 4984
3 708 4984 706
3 4984 4980 706
3 4984 3540 3536
3 3540 5483 5482
3 1302 6474 1303
3 6474 5483 1303
3 5483 6474 5482
3 6474 1302 5482
3 4981 3538 3537
3 3538 5880 5868
3 5880 1674 1669
3 5880 1669 5868
3 5868 3537 3538
3 5879 2816 2810
3 4491 314 312
3 312 4490 4491
3 4490 2810 2816
3 4490 2816 4491
3 2810 5867 5879
3 5867 1669 1674
3 5867 1674 5879
3 4980 707 706
3 5889 2822 2816
3 2822 4498 4496
3 314 4496 316
3 4496 4498 316
3 314 4491 4496
3 4491 2816 2822
3 4491 2822 4496
3 2816 5879 5889
3 5879 1674 5889
3 5880 3538 3539
3 3538 4981 4983
3 4981 706 707
3 4981 707 4983
3 4983 3539 3538
3 4500 2821 2819
3 2821 5881 5886
3 5881 1675 1677
3 5881 1677 5886
3 5886 2819 2821
3 1675 5883 5888
3 5883 3400 3397
3 5883 3397 5888
3 3400 4865 4863
3 635 6441 637
3 6441 4865 637
3 4865 6441 4863
3 6441 635 4863
3 4863 3397 3400
3 3397 5887 5888
3 5887 1677 1675
3 5887 1675 5888
3 4864 3399 3398
3 3399 5365 5363
3 5365 1248 1247
3 5365 1247 5363
3 5363 3398 3399
3 1248 5364 5362
3 5364 2473 2472
3 5364 2472 5362
3 2473 4314 4313
3 81 4313 82
3 4313 4314 82
3 81 4312 4313
3 4312 2472 4313
3 2472 2473 4313
3 4312 2471 2472
3 5362 1247 1248
3 5362 2472 2471
3 2471 5360 5362
3 5360 1247 5362
3 5361 3396 3398
3 3396 4862 4864
3 4862 635 637
3 4862 637 4864
3 4864 3398 3396
3 3398 5363 5361
3 5363 1247 5361
3 5361 3394 3396
3 3394 4860 4862
3 4860 634 635
3 4860 635 4862
3 4862 3396 3394
3 3395 5878 5887
3 5878 1668 1677
3 5878 1677 5887
3 5865 2815 2819
3 2815 4495 4500
3 4495 314 316
3 4495 316 4500
3 4500 2819 2815
3 2819 5886 5865
3 5886 1677 1668
3 5886 1668 5865
3 5887 3397 3395
3 3397 4863 4861
3 4863 635 634
3 4863 634 4861
3 4861 3395 3397
3 5863 1668 1667
3 5866 3395 3390
3 3395 4861 4857
3 4861 634 632
3 4861 632 4857
3 4857 3390 3395
3 4857 3389 3390
3 3389 5864 5866
3 5864 1667 1668
3 5864 1668 5866
3 5866 3390 3389
3 3394 5361 5358
3 5361 1247 1246
3 5361 1246 5358
3 1247 5360 5359
3 5360 2471 2470
3 5360 2470 5359
3 2471 4312 4311
3 80 4311 81
3 4311 4312 81
3 2470 2471 4311
3 4311 2469 2470
3 2469 5356 5359
3 1247 5359 1246
3 5359 5356 1246
3 5359 2470 2469
3 5356 1245 1246
3 5357 3388 3393
3 3388 4856 4860
3 634 4860 632
3 4860 4856 632
3 4860 3393 3388
3 4860 3394 3393
3 3394 5358 5357
3 5358 1246 1245
3 5358 1245 5357
3 5357 3393 3394
3 5432 3479 3391
3 3479 4930 4928
3 4930 679 4928
3 4928 3391 3479
3 6035 1765 1773
3 2899 4562 4561
3 4562 350 4561
3 6049 1773 1765
3 1773 6050 6035
3 6050 3477 3470
3 6050 3470 6035
3 3477 4929 4931
3 4929 679 4931
3 4931 3470 3477
3 2900 6053 6051
3 6053 1775 1774
3 6053 1774 6051
3 1775 6037 6052
3 6037 3550 3547
3 6037 3547 6052
3 3550 4994 4991
3 4994 713 711
3 4994 711 4991
3 4991 3547 3550
3 6052 1774 1775
3 3549 5492 5489
3 5492 1308 1307
3 5492 1307 5489
3 1308 5491 5490
3 5491 2541 2540
3 5491 2540 5490
3 2541 4358 4357
3 117 4357 118
3 4357 4358 118
3 2540 2541 4357
3 4357 2539 2540
3 2539 5488 5490
3 1308 5490 1307
3 5490 5488 1307
3 5490 2540 2539
3 5488 1306 1307
3 5489 3545 3548
3 3545 4989 4992
3 713 4992 711
3 4992 4989 711
3 713 4993 4992
3 4993 3548 4992
3 3548 3545 4992
3 4993 3549 3548
3 5489 1307 1306
3 5489 3548 3549
3 4989 710 711
3 5877 1673 1774
3 5875 2898 2900
3 350 4557 4560
3 4557 2900 2898
3 4557 2898 4560
3 6051 1774 1673
3 1673 5875 6051
3 5875 2900 6051
3 1774 6052 5877
3 6052 3547 3546
3 6052 3546 5877
3 4991 711 710
3 710 4990 4991
3 4990 3546 3547
3 4990 3547 4991
3 1673 5874 5875
3 5874 2814 2898
3 5874 2898 5875
3 2814 4494 4560
3 4494 313 350
3 4494 350 4560
3 4560 2898 2814
3 1671 5864 5873
3 5864 3392 3477
3 5864 3477 5873
3 3392 4858 4929
3 679 6444 633
3 6444 4858 633
3 4858 6444 4929
3 6444 679 4929
3 4929 3477 3392
3 633 4856 4859
3 4856 3388 3391
3 4856 3391 4859
3 3388 5357 5430
3 1282 5430 1245
3 5430 5357 1245
3 5430 3391 3388
3 5356 2469 2507
3 2469 4311 4335
3 101 4335 80
3 4335 4311 80
3 101 4336 4335
3 4336 2507 4335
3 2507 2469 4335
3 4336 2508 2507
3 2508 5429 5356
3 5429 1282 1245
3 5429 1245 5356
3 5356 2507 2508
3 2508 5431 5429
3 5431 1282 5429
3 3391 4928 4859
3 4928 679 633
3 4928 633 4859
3 3391 5430 5432
3 5430 1282 5432
3 3477 6050 5873
3 6050 1773 1671
3 6050 1671 5873
3 1773 6049 5872
3 6049 2899 2813
3 6049 2813 5872
3 2899 4561 4493
3 4561 350 313
3 4561 313 4493
3 4493 2813 2899
3 5872 1671 1773
3 3550 714 4994
3 714 713 4994
3 3551 5493 5492
3 5493 1309 1308
3 5493 1308 5492
3 5491 2542 2541
3 2542 119 4358
3 119 118 4358
3 4358 2541 2542
3 5491 1308 1309
3 5492 3549 3551
3 4993 713 4995
3 713 714 4995
3 4995 3551 3549
3 4995 3549 4993
3 6037 1775 1766
3 6053 2900 2894
3 4557 350 348
3 348 4555 4557
3 4555 2894 4557
3 2894 2900 4557
3 4555 2892 2894
3 6036 1766 1775
3 1775 6053 6036
3 6053 2894 2892
3 6053 2892 6036
3 4562 2899 2891
3 2899 6049 6034
3 6049 1765 6034
3 1765 6033 6034
3 6033 2891 6034
3 2891 2899 6034
3 3470 4931 4924
3 4931 679 677
3 4931 677 4924
3 677 4923 4924
3 4923 3469 3470
3 4923 3470 4924
3 6035 3470 3469
3 4930 3479 3478
3 3479 5432 5426
3 5432 1282 1281
3 5432 1281 5426
3 5426 3478 3479
3 5431 2508 2506
3 2508 4336 4334
3 100 4334 101
3 4334 4336 101
3 2506 2508 4334
3 4334 2504 2506
3 2504 5424 5431
3 1282 5431 1281
3 5431 5424 1281
3 5431 2506 2504
3 5424 1279 1281
3 1279 5425 5426
3 5425 3468 3478
3 5425 3478 5426
3 3468 4922 4930
3 679 4930 677
3 4930 4922 677
3 4930 3478 3468
3 5426 1281 1279
3 2891 4554 4562
3 4554 348 350
3 4554 350 4562
3 6007 1730 1729
3 6008 3592 3577
3 3592 5014 5009
3 5014 733 727
3 5014 727 5009
3 5009 3577 3592
3 6008 1729 1730
3 5013 3591 3590
3 3591 5507 5505
3 5507 1321 1318
3 5507 1318 5505
3 5505 3590 3591
3 5506 2550 2549
3 2550 4361 4360
3 121 4360 122
3 4360 4361 122
3 121 2548 4360
3 2548 2549 4360
3 2549 2550 4360
3 2548 2547 2549
3 2547 5504 5506
3 5504 1318 1321
3 5504 1321 5506
3 5506 2549 2547
3 1318 4065 5505
3 4065 3576 3590
3 4065 3590 5505
3 3576 5008 5013
3 5008 727 733
3 5008 733 5013
3 5013 3590 3576
3 5994 2878 2875
3 2878 4546 4541
3 4546 336 335
3 4546 335 4541
3 4541 2875 2878
3 2879 6003 5997
3 6003 1726 1725
3 6003 1725 5997
3 1726 5993 6002
3 5993 3595 3589
3 5993 3589 6002
3 3595 5016 5012
3 5016 734 732
3 5016 732 5012
3 5012 3589 3595
3 6002 1725 1726
3 734 5015 5017
3 5015 3593 3587
3 5015 3587 5017
3 3593 5511 5509
3 5511 1324 1322
3 5511 1322 5509
3 5509 3587 3593
3 1324 5510 5508
3 5510 2553 2551
3 5510 2551 5508
3 2553 4362 4361
3 122 4361 123
3 4361 4362 123
3 2551 2553 4361
3 4361 2550 2551
3 5508 1322 1324
3 5508 2551 2550
3 2550 5506 5508
3 5506 1321 1322
3 5506 1322 5508
3 3587 5011 5017
3 734 5017 732
3 5017 5011 732
3 3587 5509 5507
3 5509 1322 1321
3 5509 1321 5507
3 5012 3588 3589
3 3588 5998 6002
3 5998 1723 1725
3 5998 1725 6002
3 6002 3589 3588
3 2876 4542 4545
3 4542 335 336
3 4542 336 4545
3 4545 2879 2876
3 5997 1725 1723
3 5997 2876 2879
3 5507 3591 3587
3 3591 5013 5011
3 5013 733 732
3 5013 732 5011
3 5011 3587 3591
3 5014 3592 3588
3 3592 6008 5998
3 6008 1730 1723
3 6008 1723 5998
3 5998 3588 3592
3 1730 6007 6009
3 6007 2877 6009
3 4543 337 335
3 335 4542 4543
3 4542 2877 4543
3 4542 2876 2877
3 2876 5997 6009
3 5997 1723 1730
3 5997 1730 6009
3 6009 2877 2876
3 5012 732 733
3 733 5014 5012
3 5014 3588 5012
3 2880 6005 5995
3 6005 1728 1727
3 6005 1727 5995
3 6006 3457 3454
3 3457 2089 4916
3 2089 664 663
3 2089 663 4916
3 4916 3454 3457
3 3454 6004 6006
3 6004 1727 1728
3 6004 1728 6006
3 664 3458 4915
3 3458 3456 3455
3 3458 3455 4915
3 3456 5418 5416
3 5418 1270 1269
3 5418 1269 5416
3 5416 3455 3456
3 1270 5417 5415
3 5417 2502 2501
3 5417 2501 5415
3 2502 1271 4332
3 96 4332 97
3 4332 1271 97
3 4332 2501 2502
3 5415 1269 1270
3 2501 5413 5415
3 5413 1268 1269
3 5413 1269 5415
3 4915 663 664
3 3455 5416 5414
3 5416 1269 1268
3 5416 1268 5414
3 5414 3452 3455
3 4913 662 663
3 663 4915 4913
3 4915 3455 3452
3 4915 3452 4913
3 4914 3453 3454
3 3453 5996 6004
3 5996 1722 1727
3 5996 1727 6004
3 6004 3454 3453
3 1722 5994 5995
3 5994 2875 2880
3 5994 2880 5995
3 2875 4541 4547
3 337 4547 335
3 4547 4541 335
3 337 4548 4547
3 4548 2880 2875
3 4548 2875 4547
3 5995 1727 1722
3 3454 4916 4914
3 4916 663 662
3 4916 662 4914
3 5016 3595 3594
3 5993 1726 1721
3 5993 3594 3595
3 6003 2879 2874
3 2879 4545 4540
3 334 4540 336
3 4540 4545 336
3 4540 2874 2879
3 4540 2873 2874
3 2873 5992 6003
3 5992 1721 1726
3 5992 1726 6003
3 6003 2874 2873
3 2878 5994 5999
3 5994 1722 1724
3 5994 1724 5999
3 1722 5996 6001
3 5996 3453 3450
3 5996 3450 6001
3 3453 4914 4911
3 4914 662 661
3 4914 661 4911
3 4911 3450 3453
3 3450 6000 6001
3 6000 1724 1722
3 6000 1722 6001
3 3452 5414 5411
3 5414 1268 1267
3 5414 1267 5411
3 5413 2501 2500
3 2501 4332 4331
3 95 4331 96
3 4331 4332 96
3 95 4330 4331
3 4330 2500 4331
3 2500 2501 4331
3 4330 2499 2500
3 2499 5410 5412
3 1268 5412 1267
3 5412 5410 1267
3 1268 5413 5412
3 5413 2500 2499
3 5413 2499 5412
3 5410 1266 1267
3 5411 3448 3451
3 3448 4909 4912
3 4909 661 4912
3 661 662 4912
3 662 4913 4912
3 3448 4912 3451
3 4912 4913 3451
3 4913 3452 3451
3 5411 1267 1266
3 5411 3451 3452
3 4909 660 661
3 4910 3449 3450
3 3449 5991 6000
3 5991 1720 1724
3 5991 1724 6000
3 6000 3450 3449
3 5990 2872 2878
3 2872 4539 4544
3 336 4544 334
3 4544 4539 334
3 336 4546 4544
3 4546 2878 2872
3 4546 2872 4544
3 2878 5999 5990
3 5999 1724 1720
3 5999 1720 5990
3 3450 4911 4910
3 4911 661 660
3 4911 660 4910
3 5970 1709 1711
3 5966 3496 3490
3 4941 687 684
3 684 4940 4941
3 4940 3490 3496
3 4940 3496 4941
3 3490 5971 5966
3 5971 1711 1709
3 5971 1709 5966
3 687 4943 4945
3 4943 3492 3494
3 4943 3494 4945
3 3492 5446 5443
3 5446 1288 1287
3 5446 1287 5443
3 5443 3494 3492
3 1288 5445 5444
3 5445 2515 2514
3 5445 2514 5444
3 2515 4341 4340
3 104 4340 105
3 4340 4341 105
3 104 4339 4340
3 4339 2514 4340
3 2514 2515 4340
3 4339 2513 2514
3 2513 5442 5444
3 1288 5444 1287
3 5444 5442 1287
3 5444 2514 2513
3 2513 5440 5442
3 5440 1286 1287
3 5440 1287 5442
3 5441 3489 3494
3 3489 4939 4945
3 4939 684 687
3 4939 687 4945
3 4945 3494 3489
3 3494 5443 5441
3 5443 1287 1286
3 5443 1286 5441
3 3489 4942 4939
3 4942 685 684
3 4942 684 4939
3 4940 3491 3490
3 5971 1717 1711
3 5971 3490 3491
3 5984 2868 2862
3 2868 4536 4531
3 330 4536 332
3 4536 330 4531
3 4531 2862 2868
3 4531 2861 2862
3 2861 5970 5984
3 5970 1711 1717
3 5970 1717 5984
3 5984 2862 2861
3 4940 684 685
3 5980 1716 1715
3 5981 3443 3440
3 4901 658 656
3 656 4900 4901
3 4900 3440 3443
3 4900 3443 4901
3 4900 3439 3440
3 3439 5969 5981
3 5969 1715 1716
3 5969 1716 5981
3 5981 3440 3439
3 4903 3442 3441
3 3442 5404 5402
3 5404 1263 1262
3 5404 1262 5402
3 5402 3441 3442
3 1263 5403 5401
3 5403 2495 2494
3 5403 2494 5401
3 2495 4328 4327
3 92 4327 93
3 4327 4328 93
3 2494 2495 4327
3 4327 2493 2494
3 5401 1262 1263
3 5401 2494 2493
3 2493 5399 5401
3 5399 1262 5401
3 5400 3438 3441
3 3438 4898 4902
3 658 4902 656
3 4902 4898 656
3 658 4903 4902
3 4903 3441 3438
3 4903 3438 4902
3 3441 5402 5400
3 5402 1262 5400
3 5969 1710 1715
3 5967 2860 2867
3 2860 4530 4535
3 332 6310 330
3 6310 4530 330
3 4530 6310 4535
3 6310 332 4535
3 4535 2867 2860
3 2867 5980 5967
3 5980 1715 1710
3 5980 1710 5967
3 3439 4900 4899
3 4900 656 4899
3 5394 3433 3435
3 4895 653 654
3 654 4896 4895
3 4896 3435 3433
3 4896 3433 4895
3 3434 5952 5964
3 5952 1703 1708
3 5952 1708 5964
3 1703 5949 5951
3 5949 2852 2857
3 5949 2857 5951
3 2852 4521 4527
3 329 4527 327
3 4527 4521 327
3 329 4528 4527
3 4528 2857 2852
3 4528 2852 4527
3 2857 5963 5951
3 5963 1708 1703
3 5963 1703 5951
3 5964 3436 3434
3 3436 4897 4893
3 4897 654 653
3 4897 653 4893
3 4893 3434 3436
3 2853 5955 5953
3 5955 1705 1704
3 5955 1704 5953
3 5956 3499 3493
3 3499 4947 4944
3 4947 689 686
3 4947 686 4944
3 4944 3493 3499
3 3493 5954 5956
3 5954 1704 1705
3 5954 1705 5956
3 4946 3498 3497
3 3498 5449 5446
3 5449 1289 1288
3 5449 1288 5446
3 5446 3497 3498
3 1289 5448 5447
3 5448 2517 2516
3 5448 2516 5447
3 2517 4342 4341
3 105 4341 106
3 4341 4342 106
3 2516 2517 4341
3 4341 2515 2516
3 5447 1288 1289
3 5447 2516 2515
3 2515 5445 5447
3 5445 1288 5447
3 5446 3492 3497
3 3492 4943 4946
3 4943 686 4946
3 686 689 4946
3 3492 6527 3497
3 6527 4946 3497
3 6527 3492 4946
3 4943 687 686
3 4941 3496 3495
3 3496 5966 5954
3 5966 1709 1704
3 5966 1704 5954
3 5954 3495 3496
3 1709 5965 5953
3 5965 2858 2854
3 5965 2854 5953
3 4523 329 327
3 327 4522 4523
3 2858 4523 2854
3 4523 4522 2854
3 4522 2853 2854
3 5953 1704 1709
3 5953 2854 2853
3 5954 3493 3495
3 3493 4944 4941
3 4944 686 687
3 4944 687 4941
3 4941 3495 3493
3 1709 5970 5965
3 5970 2861 2858
3 5970 2858 5965
3 2861 4531 4529
3 4531 330 329
3 4531 329 4529
3 329 4523 4529
3 4523 2858 2861
3 4523 2861 4529
3 1710 5969 5968
3 5969 3439 3437
3 5969 3437 5968
3 3439 4899 4897
3 4899 656 654
3 4899 654 4897
3 4897 3437 3439
3 4898 3438 3435
3 3438 5400 5396
3 5400 1262 1261
3 5400 1261 5396
3 5396 3435 3438
3 1262 5399 5398
3 5399 2493 2492
3 5399 2492 5398
3 2493 4327 4326
3 91 4326 92
3 4326 4327 92
3 91 4325 4326
3 4325 2492 4326
3 2492 2493 4326
3 4325 2491 2492
3 2491 5397 5398
3 1262 5398 1261
3 5398 5397 1261
3 5398 2492 2491
3 2491 5395 5397
3 5395 1260 1261
3 5395 1261 5397
3 4896 654 656
3 656 4898 4896
3 4898 3435 4896
3 5396 1261 1260
3 1260 5394 5396
3 5394 3435 5396
3 4897 3436 3437
3 3436 5964 5968
3 5964 1708 1710
3 5964 1710 5968
3 5968 3437 3436
3 5963 2857 2859
3 2857 4528 4530
3 330 4530 329
3 4530 4528 329
3 4530 2859 2857
3 4530 2860 2859
3 2860 5967 5963
3 1708 6484 1710
3 6484 5967 1710
3 5967 6484 5963
3 6484 1708 5963
3 5963 2859 2860
3 3431 5960 5950
3 5960 1702 5950
3 1702 5957 5959
3 5957 2855 2852
3 5957 2852 5959
3 2855 4525 4521
3 4525 328 327
3 4525 327 4521
3 4521 2852 2855
3 2852 5949 5959
3 5949 1702 5959
3 5962 3503 3499
3 4948 692 689
3 689 4947 4948
3 4947 3499 3503
3 4947 3503 4948
3 3499 5956 5962
3 5956 1707 5962
3 692 4949 4951
3 4949 3500 3502
3 4949 3502 4951
3 3500 5452 5450
3 5452 1290 1289
3 5452 1289 5450
3 5450 3502 3500
3 5451 2519 2518
3 2519 4344 4343
3 106 4343 107
3 4343 4344 107
3 106 4342 4343
3 4342 2518 4343
3 2518 2519 4343
3 4342 2517 2518
3 2517 5448 5451
3 5448 1289 1290
3 5448 1290 5451
3 5451 2518 2517
3 1289 5449 5450
3 5449 3498 3502
3 5449 3502 5450
3 3498 4946 4951
3 4946 689 692
3 4946 692 4951
3 4951 3502 3498
3 5956 1705 1707
3 5955 2853 2856
3 328 4522 327
3 328 4526 4522
3 4526 2856 2853
3 4526 2853 4522
3 2856 5961 5955
3 5961 1707 1705
3 5961 1705 5955
3 5949 1703 1702
3 1703 5952 5950
3 5952 3434 3431
3 5952 3431 5950
3 4893 653 652
3 652 4891 4893
3 3434 6525 3431
3 6525 4891 3431
3 4891 6525 4893
3 6525 3434 4893
3 5950 1702 1703
3 4895 3433 3432
3 5394 3432 3433
3 5395 2491 2490
3 90 4325 91
3 90 4324 4325
3 4324 2490 4325
3 2490 2491 4325
3 4324 2489 2490
3 2489 5393 5395
3 5393 1260 5395
3 5395 2490 2489
3 5393 1259 1260
3 1259 5392 5394
3 5392 3430 3432
3 5392 3432 5394
3 3430 4892 4894
3 653 4894 652
3 4894 4892 652
3 653 4895 4894
3 4895 3432 3430
3 4895 3430 4894
3 5394 1260 1259
3 5948 3509 3501
3 3509 4956 4950
3 4956 694 691
3 4956 691 4950
3 4950 3501 3509
3 3501 5946 5948
3 5946 1701 5948
3 4952 3508 3507
3 3508 5455 5453
3 5455 1292 1291
3 5455 1291 5453
3 5453 3507 3508
3 5454 2521 2520
3 2521 4345 4344
3 107 4344 108
3 4344 4345 108
3 2520 2521 4344
3 4344 2519 2520
3 2519 5451 5454
3 5451 1291 1292
3 5451 1292 5454
3 5454 2520 2519
3 5451 1290 1291
3 1290 5452 5453
3 5452 3500 3507
3 5452 3507 5453
3 3500 4949 4955
3 4949 691 694
3 4949 694 4955
3 694 4952 4955
3 4952 3507 4955
3 3507 3500 4955
3 5453 1291 1290
3 4949 692 691
3 3503 5962 5946
3 5962 1707 1701
3 5962 1701 5946
3 1707 5961 2851
3 5961 2856 2851
3 2856 4526 4520
3 4526 328 326
3 4526 326 4520
3 4520 2851 2856
3 4520 2850 2851
3 2850 5945 2851
3 5945 1701 1707
3 5945 1707 2851
3 5946 3501 3503
3 4950 691 692
3 692 4948 4950
3 4948 3503 3501
3 4948 3501 4950
3 5957 1702 1706
3 5960 3431 3429
3 4891 652 651
3 651 4890 4891
3 4890 3429 3431
3 4890 3431 4891
3 4890 3428 3429
3 3428 5958 5960
3 5958 1706 1702
3 5958 1702 5960
3 5960 3429 3428
3 5392 1259 1258
3 5393 2489 2488
3 2489 4324 4323
3 89 4323 90
3 4323 4324 90
3 2488 2489 4323
3 4323 2487 2488
3 2487 5390 5393
3 5390 1258 1259
3 5390 1259 5393
3 5393 2488 2487
3 5391 3427 3430
3 3427 4889 4892
3 4889 651 652
3 4889 652 4892
3 4892 3430 3427
3 3430 5392 5391
3 5392 1258 5391
3 4889 650 651
3 3428 5944 5958
3 5944 1700 1706
3 5944 1706 5958
3 1700 5934 5943
3 5934 2849 2855
3 5934 2855 5943
3 2849 4519 4524
3 328 4524 326
3 4524 4519 326
3 328 4525 4524
3 4525 2855 2849
3 4525 2849 4524
3 2855 5957 5943
3 5957 1706 1700
3 5957 1700 5943
3 4890 651 650
3 2562 1352 1353
3 3647 776 2210
3 777 3649 2210
3 2210 3649 3647
3 3649 1353 3647
3 1353 1352 3647
3 2935 372 1855
3 4004 2213 2935
3 2213 2211 2935
3 1056 2935 1855
3 2935 1056 4004
3 3648 1853 2211
3 2935 2211 1853
3 2941 6494 4004
3 6494 1868 4004
3 379 2941 1056
3 2941 4004 1056
3 777 3651 3650
3 3651 2213 1868
3 3651 1868 3650
3 4004 1868 2213
3 3648 2210 776
3 2210 3651 777
3 2210 3648 3651
3 2213 6226 2211
3 6226 3648 2211
3 3648 6226 3651
3 6226 2213 3651
3 1340 2559 3628
3 758 5030 128
3 5030 2559 128
3 2559 5030 3628
3 4157 1848 2933
3 1848 371 2933
3 1849 3628 4157
3 3628 758 1848
3 3628 1848 4157
3 2934 1852 1854
3 3630 759 2187
3 3997 6490 3630
3 6490 1854 3630
3 1051 3997 2187
3 3997 3630 2187
3 3630 1854 1852
3 5030 758 3628
3 5529 3628 1849
3 5529 1340 3628
3 2187 3996 1051
3 3629 2187 759
3 2187 3629 3996
3 1340 5529 6224
3 5529 1849 6224
3 6224 3629 1340
3 3629 6224 3996
3 1849 3996 6224
3 2560 1343 3633
3 1343 1344 3633
3 129 2560 1342
3 2560 3633 1342
3 1344 3636 2190
3 1342 3633 764
3 3633 1344 2190
3 6493 1869 1867
3 1869 4000 3637
3 4000 1053 3637
3 1053 2195 3637
3 3637 2195 766
3 1869 3637 1867
3 1851 2933 3632
3 764 5031 371
3 5031 2933 371
3 2933 5031 3632
3 5031 764 3632
3 2190 4195 1851
3 4195 3999 1851
3 3632 2190 1851
3 6452 766 2195
3 1053 3999 2195
3 3999 4195 2195
3 764 3633 3632
3 3632 3633 2190
3 3636 6452 4195
3 6452 2195 4195
3 4195 2190 3636
3 2934 1855 372
3 6490 2333 1854
3 1855 4006 1056
3 1855 2934 4006
3 2333 6271 1854
3 6271 2934 1854
3 2934 6271 4006
3 2333 6516 6271
3 6516 4006 6271
3 1849 4157 1851
3 4157 2933 1851
3 3996 1849 3998
3 1053 5081 5080
3 5081 1051 5080
3 3998 3999 5080
3 3999 1053 5080
3 3998 5080 3996
3 5080 1051 3996
3 3998 1849 1851
3 3998 1851 3999
3 4005 6384 2940
3 1869 6493 6384
3 6493 2940 6384
3 1056 4005 379
3 4005 2940 379
3 4000 1869 2335
3 1869 6384 2335
3 6384 4005 2335
3 4000 6408 3997
3 2333 6490 6408
3 6490 3997 6408
3 5081 3997 1051
3 3997 5081 4000
3 5081 1053 4000
3 1056 4006 4005
3 6516 2333 2335
3 4006 6516 4005
3 6516 2335 4005
3 2333 6408 2335
3 6408 4000 2335
3 1353 3653 2562
3 131 3653 778
3 3653 131 2562
3 1353 3649 2212
3 3653 1353 2212
3 6494 1870 1868
3 1870 4025 3650
3 777 3650 1070
3 3650 1868 1870
3 778 3653 385
3 3653 4163 385
3 2214 4024 1894
3 2945 385 4163
3 4163 2214 2945
3 2214 1894 2945
3 2214 3652 4024
3 1070 3652 777
3 3652 1070 4024
3 2214 4163 2212
3 4163 3653 2212
3 777 3652 3649
3 3652 2214 2212
3 3652 2212 3649
3 1344 3634 3636
3 766 5032 765
3 5032 3634 765
3 3634 5032 3636
3 766 6452 5032
3 6452 3636 5032
3 1343 6378 1344
3 6378 3634 1344
3 2937 6521 2196
3 6521 4011 2196
3 2196 2193 2937
3 378 6122 5082
3 6122 1066 5082
3 5082 2937 378
3 4011 6521 5082
3 6521 2937 5082
3 5082 1066 4011
3 3635 1863 2193
3 2937 2193 1863
3 2940 6493 4011
3 6493 1867 4011
3 379 2940 1066
3 2940 4011 1066
3 766 3638 3637
3 3638 2196 1867
3 3638 1867 3637
3 4011 1867 2196
3 765 3635 766
3 3635 3638 766
3 2196 3638 2193
3 3638 3635 2193
3 2561 130 1350
3 1350 773 2561
3 2945 1893 385
3 1894 4019 2208
3 4019 4020 2208
3 6453 773 1893
3 3645 6453 2945
3 6453 1893 2945
3 2208 3645 1894
3 3645 2945 1894
3 1864 3644 4018
3 3644 772 1068
3 3644 1068 4018
3 773 6453 2561
3 6453 3645 2561
3 3645 2208 2561
3 2208 1349 2561
3 3643 1068 772
3 1068 3643 4020
3 2208 6225 1349
3 6225 3643 1349
3 3643 6225 4020
3 6225 2208 4020
3 4012 6385 2941
3 1870 6494 6385
3 6494 2941 6385
3 1066 4012 379
3 4012 2941 379
3 4025 6372 3650
3 6372 1070 3650
3 4025 1870 2340
3 1870 6385 2340
3 4012 6517 6385
3 6517 2340 6385
3 4018 1068 4021
3 1864 4018 2339
3 4018 4021 2339
3 6122 4013 1066
3 4013 6122 2938
3 6122 378 2938
3 2339 6272 1864
3 6272 2938 1864
3 2938 6272 4013
3 6272 2339 4013
3 1894 4024 4019
3 4024 1070 4019
3 1070 2343 4019
3 1068 4020 2343
3 4020 4019 2343
3 1066 4013 4012
3 2340 6517 2339
3 6517 4013 2339
3 6517 4012 4013
3 4021 1068 2343
3 1070 6372 2343
3 6372 4025 2343
3 2343 4025 4021
3 4025 2340 4021
3 2340 2339 4021
3 4363 2556 2554
3 5514 1330 1328
3 5514 2554 2556
3 5025 741 3609
3 6191 3609 2152
3 5519 3607 4068
3 3609 6191 5025
3 6191 4068 3607
3 6191 3607 5025
3 5021 2152 739
3 3601 6191 6287
3 6191 2152 6287
3 2152 5021 6287
3 5021 3601 6287
3 4068 5515 5519
3 1330 5519 1328
3 5519 5515 1328
3 6191 3601 4068
3 5515 4068 3601
3 2926 4572 6109
3 4572 361 1830
3 4572 1830 6109
3 6106 2926 4148
3 6109 4148 2926
3 3948 6294 5065
3 6294 3946 1023
3 6294 1023 5065
3 6202 4152 3948
3 4152 6109 6294
3 6109 1830 3946
3 6109 3946 6294
3 6294 3948 4152
3 5026 3608 3610
3 6107 1828 4149
3 6201 4149 2158
3 4149 6201 6107
3 6201 3610 3608
3 6201 3608 6107
3 6109 4152 4148
3 6202 2158 4149
3 6106 4149 1828
3 4149 6106 6202
3 6106 4148 4152
3 6106 4152 6202
3 4564 2905 351
3 1777 6060 6058
3 6060 4113 2902
3 6060 2902 6058
3 6068 1781 2905
3 2905 4564 6068
3 4564 2902 6068
3 2902 4113 6068
3 3602 6195 6059
3 1777 6059 2154
3 6059 6195 2154
3 6195 3602 3604
3 5065 1023 3945
3 6070 3945 1781
3 3945 6070 5065
3 6070 3947 5065
3 4113 6060 6196
3 6060 1777 2154
3 6060 2154 6196
3 1781 6068 6070
3 6068 4113 3947
3 6068 3947 6070
3 6196 3947 4113
3 5026 3609 741
3 3610 6190 5026
3 6190 2152 3609
3 6190 3609 5026
3 5065 3947 3948
3 3947 6196 6296
3 4189 6536 2154
3 6536 6196 2154
3 6196 6536 6296
3 6536 4189 6296
3 3948 6296 6202
3 6296 4189 2158
3 6296 2158 6202
3 6296 3948 3947
3 3604 739 2152
3 6195 3604 4188
3 2152 6192 3604
3 6192 4188 3604
3 3610 6201 6288
3 6201 2158 4189
3 6201 4189 6288
3 4188 6288 6195
3 6288 4189 6195
3 4189 2154 6195
3 2152 6190 6192
3 6190 3610 4188
3 6190 4188 6192
3 6288 4188 3610
3 1339 5526 5528
3 5526 2558 4073
3 5526 4073 5528
3 2558 4364 5523
3 1337 5523 127
3 5523 4364 127
3 1337 5524 5523
3 5524 4073 2558
3 5524 2558 5523
3 3621 5524 5028
3 1337 3619 5524
3 755 5028 3619
3 5524 3619 5028
3 757 3625 3627
3 3625 5527 6212
3 2178 6212 1339
3 6212 5527 1339
3 6212 3627 3625
3 5524 3621 4073
3 3621 6211 5528
3 1339 5528 2178
3 5528 6211 2178
3 5528 4073 3621
3 2907 6073 4565
3 6073 1783 352
3 6073 352 4565
3 1785 6080 6078
3 6080 4121 2907
3 6080 2907 6078
3 6073 2907 4121
3 5067 3952 3950
3 3952 6214 6079
3 4125 6079 2179
3 6079 6214 2179
3 6079 4125 1785
3 6079 3950 3952
3 3622 5028 6289
3 5028 755 6289
3 755 3620 6289
3 6074 3620 1783
3 6213 3622 4122
3 3620 6074 6289
3 6074 4122 3622
3 6074 3622 6289
3 6080 1785 4125
3 4122 6301 6213
3 6301 4125 2179
3 6301 2179 6213
3 1783 6073 6074
3 6073 4121 6074
3 4121 4122 6074
3 4125 6301 6080
3 6301 4122 4121
3 6301 4121 6080
3 4573 2927 2928
3 2927 1829 6111
3 1829 1831 6111
3 6111 2928 2927
3 3626 5029 6219
3 5029 757 2183
3 5029 2183 6219
3 6108 3626 4150
3 6219 4150 3626
3 3951 6297 5068
3 6297 3953 1024
3 6297 1024 5068
3 6112 4154 3951
3 4154 6219 6297
3 6219 2183 3953
3 6219 3953 6297
3 6297 3951 4154
3 4150 6113 6108
3 6113 1831 6108
3 1831 1829 6108
3 6219 4154 4150
3 1831 6113 6112
3 6113 4150 4154
3 6113 4154 6112
3 5028 3622 3621
3 3621 6213 6211
3 6213 2179 2178
3 6213 2178 6211
3 6213 3621 3622
3 3952 5067 6221
3 5067 1024 3953
3 5067 3953 6221
3 2183 6221 3953
3 6214 3952 4193
3 6221 4193 3952
3 3627 6220 757
3 6220 2183 757
3 2183 6220 6221
3 6220 3627 4193
3 6220 4193 6221
3 3627 6212 6214
3 6212 2178 6214
3 2178 2179 6214
3 6214 4193 3627
3 2543 6274 119
3 6274 2544 119
3 2543 5494 4059
3 4059 5496 6274
3 5496 1311 2544
3 5496 2544 6274
3 6274 2543 4059
3 3554 6151 5495
3 1310 5495 2113
3 5495 6151 2113
3 4998 716 3558
3 5496 3558 1311
3 6152 3560 4061
3 3558 5496 4998
3 5496 4061 3560
3 5496 3560 4998
3 4061 5494 6152
3 5494 1310 2113
3 5494 2113 6152
3 5496 4059 4061
3 5494 4061 4059
3 4563 2904 2901
3 1780 6486 6054
3 6486 1776 6054
3 6054 2901 2904
3 5062 1022 2115
3 6066 3941 4118
3 5062 4118 3941
3 4997 3557 715
3 6155 2115 3557
3 3557 4997 6155
3 4997 3555 6155
3 4118 6057 6066
3 6486 6057 1776
3 6057 6486 6066
3 6486 1780 6066
3 2115 6155 5062
3 6155 3555 4118
3 6155 4118 5062
3 1776 6057 6055
3 6057 4118 3555
3 6057 3555 6055
3 2906 4565 6071
3 1782 6071 352
3 6071 4565 352
3 3561 6072 4998
3 6072 3559 4998
3 3559 716 4998
3 2116 6158 4178
3 6158 4120 3561
3 6158 3561 4178
3 6072 1782 3559
3 6072 3561 4120
3 1022 3942 5063
3 3942 3943 5063
3 6157 3943 6076
3 3943 3942 6076
3 6076 1784 2116
3 6076 2116 6157
3 1782 6072 6071
3 6072 4120 6071
3 4120 2906 6071
3 6075 2116 1784
3 2116 6075 6158
3 6075 2906 4120
3 6075 4120 6158
3 4996 715 3557
3 6156 3557 2115
3 6151 3554 4177
3 3557 6156 4996
3 3554 6529 4177
3 6529 6156 4177
3 6156 6529 4996
3 6529 3554 4996
3 5063 2115 1022
3 2116 6159 6157
3 6159 4177 3943
3 6159 3943 6157
3 2115 5063 6156
3 4177 6156 3943
3 6156 5063 3943
3 4998 3560 3561
3 6152 2113 4178
3 4178 3561 3560
3 4178 3560 6152
3 6159 2116 4178
3 4177 6159 6151
3 6159 4178 2113
3 6159 2113 6151
3 2928 6110 4573
3 361 4573 1830
3 4573 6110 1830
3 6111 4151 2928
3 6110 2928 4151
3 1024 5069 5068
3 5069 3955 5068
3 3955 3951 5068
3 6261 2317 4155
3 6112 4155 1831
3 4155 6112 6261
3 6112 3951 6261
3 3951 3955 6261
3 4153 6295 6110
3 6295 3946 1830
3 6295 1830 6110
3 2317 6256 6262
3 6256 3949 4153
3 6256 4153 6262
3 5066 1023 6295
3 1023 3946 6295
3 6295 4153 3949
3 6295 3949 5066
3 4151 6111 6302
3 4155 6302 1831
3 6302 6111 1831
3 6262 4155 2317
3 6110 4151 4153
3 4155 6262 6302
3 6262 4153 4151
3 6262 4151 6302
3 4565 2906 2907
3 2906 6075 6276
3 6075 1784 4123
3 6075 4123 6276
3 6078 4123 1785
3 4123 6078 6276
3 2906 6276 2907
3 6276 6078 2907
3 3942 1022 2316
3 4124 6293 6259
3 6293 2316 6259
3 6077 4123 6076
3 4123 1784 6076
3 6076 3942 4124
3 6076 4124 6077
3 2316 6293 3942
3 6293 4124 3942
3 5067 3954 1024
3 1785 6077 6079
3 3950 6077 4124
3 6077 3950 6079
3 6259 2316 3954
3 3954 5067 6259
3 4124 6259 3950
3 6259 5067 3950
3 6077 1785 4123
3 4563 351 2905
3 6069 2905 1781
3 1780 6054 6067
3 6054 2904 6067
3 2905 6069 4563
3 6069 2904 4563
3 5066 3945 1023
3 2315 6257 6256
3 3949 6256 4119
3 6256 6257 4119
3 4119 6069 1781
3 3945 5066 1781
3 4119 5066 3949
3 5066 4119 1781
3 1022 5062 5064
3 5062 3941 5064
3 3941 3944 5064
3 6255 1780 2315
3 1780 6255 6066
3 6255 3944 3941
3 6255 3941 6066
3 6069 4119 2904
3 6257 2315 1780
3 1780 6067 6257
3 6067 2904 4119
3 6067 4119 6257
3 5069 1024 3954
3 4207 5069 6260
3 5069 3954 2316
3 5069 2316 6260
3 2317 6261 6258
3 4207 6340 3955
3 6340 6261 3955
3 6261 6340 6258
3 6340 4207 6258
3 5069 4207 3955
3 5064 2316 1022
3 2315 6258 6255
3 6258 4207 6255
3 4207 3944 6255
3 2316 5064 6260
3 4207 6260 3944
3 6260 5064 3944
3 6256 2317 4208
3 6256 4208 2315
3 6258 2315 4208
3 6258 4208 2317
3 4363 1325 124
3 1328 5516 5514
3 5516 2554 5514
3 2554 5513 4363
3 5513 1327 1325
3 5513 1325 4363
3 5021 3603 3601
3 6186 2150 4067
3 3601 6286 5515
3 6286 4067 1328
3 6286 1328 5515
3 4067 6286 6186
3 6286 3601 3603
3 6286 3603 6186
3 2554 5516 6299
3 5516 1328 4067
3 5516 4067 6299
3 6185 4067 2150
3 1327 5513 3597
3 5513 2554 3599
3 5513 3599 3597
3 4067 6185 6299
3 2554 6299 3599
3 6299 6185 3599
3 6058 1779 1777
3 5060 1021 3939
3 4117 5060 6194
3 2153 6194 3939
3 6194 5060 3939
3 1779 6063 6065
3 6063 3938 4117
3 6063 4117 6065
3 5060 4117 3938
3 3602 6193 3604
3 6193 2153 739
3 6193 739 3604
3 2153 6193 6194
3 6193 3602 6194
3 6194 3602 4117
3 3602 6059 6065
3 6059 1777 1779
3 6059 1779 6065
3 6065 4117 3602
3 4559 349 2895
3 4106 4559 6044
3 4559 2895 6044
3 2895 1770 6044
3 6047 2897 4106
3 4559 4106 2897
3 3600 6284 5020
3 6284 3598 738
3 6284 738 5020
3 3600 6044 6284
3 6044 1770 3598
3 6044 3598 6284
3 3937 6048 6188
3 2151 6188 1772
3 6188 6048 1772
3 6044 3600 4106
3 4106 6187 6047
3 1772 6047 2151
3 6047 6187 2151
3 6187 4106 3600
3 3603 5021 2153
3 2153 5021 739
3 6186 3603 4186
3 2153 4186 3603
3 3937 6292 5059
3 6292 3939 1021
3 6292 1021 5059
3 2151 6189 6188
3 6189 4187 3937
3 6189 3937 6188
3 3939 6292 2153
3 6292 4187 2153
3 6292 3937 4187
3 738 3597 5020
3 3600 5020 3599
3 5020 3597 3599
3 3600 6285 6187
3 2150 6506 6285
3 6506 2151 6285
3 6285 2151 6187
3 2150 6285 6185
3 6285 3600 3599
3 6285 3599 6185
3 4187 4186 2153
3 4187 6189 6303
3 2150 6303 6506
3 6303 6189 2151
3 6303 2151 6506
3 4186 6303 6186
3 6303 2150 6186
3 6303 4186 4187
3 119 2542 2543
3 2542 5491 6273
3 5491 1309 4057
3 5491 4057 6273
3 2543 6273 5494
3 1310 5494 4057
3 5494 6273 4057
3 6273 2543 2542
3 3551 4995 6280
3 4995 714 3552
3 4995 3552 6280
3 4058 6280 6148
3 2111 6148 3552
3 6148 6280 3552
3 5493 3551 4058
3 6280 4058 3551
3 3554 6146 4996
3 6146 2111 715
3 6146 715 4996
3 1310 4060 5495
3 4060 3554 5495
3 2111 6146 6148
3 6146 3554 4060
3 4060 6148 6146
3 4058 6298 5493
3 6298 4057 1309
3 6298 1309 5493
3 6148 4060 4058
3 4057 6298 1310
3 6298 4060 1310
3 6298 4058 4060
3 2892 4555 6040
3 4555 348 6040
3 6040 348 1768
3 3933 6042 5056
3 6463 6042 1768
3 6042 6463 5056
3 6463 1020 5056
3 714 3550 3553
3 3553 6282 6149
3 2112 6149 4102
3 6149 6282 4102
3 6037 1766 6282
3 1766 4102 6282
3 6282 3553 3550
3 6282 3550 6037
3 1768 6042 6040
3 2892 6040 3933
3 6040 6042 3933
3 3933 6150 6300
3 4102 6300 2112
3 6300 6150 2112
3 6036 4102 1766
3 4102 6036 6300
3 3933 6532 2892
3 6532 6036 2892
3 6036 6532 6300
3 6532 3933 6300
3 4563 2903 351
3 1776 6056 6054
3 6056 4111 2901
3 6056 2901 6054
3 6061 1778 2903
3 2903 4563 6061
3 4563 2901 4111
3 4563 4111 6061
3 4997 3556 3555
3 3556 6153 6283
3 6153 2114 4112
3 6153 4112 6283
3 3555 6283 6055
3 1776 6055 4112
3 6055 6283 4112
3 6283 3555 3556
3 3934 5056 6290
3 5056 1020 6290
3 1020 3932 6290
3 4115 6290 6061
3 6290 3932 1778
3 6290 1778 6061
3 6154 3934 4115
3 6290 4115 3934
3 6056 1776 4112
3 4115 6056 6154
3 6056 4112 6154
3 4112 2114 6154
3 6061 4111 4115
3 6056 4115 4111
3 3553 6281 714
3 6281 3552 714
3 6149 4175 3553
3 4175 6147 6281
3 6147 2111 3552
3 6147 3552 6281
3 6281 3553 4175
3 5056 3934 3933
3 3934 6154 6150
3 2112 6150 2114
3 6150 6154 2114
3 6150 3933 3934
3 3556 4997 6147
3 2111 6147 715
3 6147 4997 715
3 6153 3556 4176
3 6147 4176 3556
3 4176 6149 6153
3 6149 2112 6153
3 2112 2114 6153
3 6147 4175 4176
3 6149 4176 4175
3 2504 4334 5428
3 4334 100 2505
3 4334 2505 5428
3 5428 2505 1280
3 1279 5424 5427
3 5424 2504 4055
3 5424 4055 5427
3 5428 4055 2504
3 4926 3473 678
3 4926 1280 3473
3 677 4922 4925
3 3471 4925 3468
3 4925 4922 3468
3 5425 1279 4056
3 6139 4056 2108
3 4056 6139 5425
3 3468 5425 3471
3 5425 6139 3471
3 1280 4926 5428
3 4055 4926 3475
3 4926 4055 5428
3 6140 2108 4056
3 5427 4056 1279
3 4056 5427 6140
3 3475 6140 4055
3 6140 5427 4055
3 4558 1769 349
3 6045 2110 4108
3 6045 4108 1771
3 3476 4927 6278
3 3474 6278 678
3 6278 4927 678
3 4105 6278 6043
3 6278 3474 1769
3 6278 1769 6043
3 6144 3476 4105
3 6278 4105 3476
3 4105 1771 4108
3 6144 4108 2110
3 1769 4558 6043
3 4105 6043 2896
3 6043 4558 2896
3 4108 6144 4105
3 348 4554 4556
3 4554 2891 2893
3 4554 2893 4556
3 6033 1765 4101
3 2893 6033 6038
3 6033 4101 6038
3 4101 1767 6038
3 6033 2893 2891
3 4923 677 3472
3 3469 4923 6141
3 2109 6141 3472
3 6141 4923 3472
3 5053 3929 1019
3 6039 4104 3927
3 6142 2109 3929
3 3929 5053 6142
3 5053 3927 4104
3 5053 4104 6142
3 3469 6277 6035
3 6277 4101 1765
3 6277 1765 6035
3 2109 6142 6141
3 3469 6141 4104
3 6141 6142 4104
3 6039 1767 4101
3 4101 6277 6039
3 6277 3469 4104
3 6277 4104 6039
3 678 4927 4926
3 3475 4927 3476
3 4927 3475 4926
3 3476 6144 6279
3 6144 2110 6279
3 2110 4173 6279
3 3475 6279 6140
3 6279 4173 2108
3 6279 2108 6140
3 6279 3475 3476
3 3929 5054 1019
3 6143 3929 2109
3 2110 6045 6145
3 4174 6145 3928
3 6145 6045 3928
3 3929 6143 5054
3 3928 6339 4174
3 6339 6143 4174
3 6143 6339 5054
3 6339 3928 5054
3 4925 3472 677
3 4925 2109 3472
3 6145 4173 2110
3 2109 4925 6143
3 4174 6143 3471
3 6143 4925 3471
3 4173 6139 2108
3 4173 6145 6139
3 3471 6337 4174
3 6337 6145 4174
3 6145 6337 6139
3 6337 3471 6139
3 4564 351 2903
3 6062 2903 1778
3 1779 6058 6064
3 4114 6064 2902
3 6064 6058 2902
3 2903 6062 4564
3 2902 4564 4114
3 4564 6062 4114
3 3936 4116 5058
3 1020 5058 3932
3 5058 4116 3932
3 6252 6534 3936
3 6534 4116 3936
3 3932 4116 1778
3 1021 5060 5061
3 5060 3938 5061
3 3938 3940 5061
3 3938 6063 6253
3 6063 1779 2314
3 6063 2314 6253
3 6253 3940 3938
3 1778 4116 6062
3 4116 4114 6062
3 4114 6254 6064
3 6254 2314 1779
3 6254 1779 6064
3 2314 6254 6252
3 6254 4114 4116
3 4116 6534 6254
3 6534 6252 6254
3 6038 4103 2893
3 6041 1768 348
3 348 4556 6041
3 4556 2893 4103
3 4556 4103 6041
3 1019 5055 5053
3 5055 3930 5053
3 3930 3927 5053
3 3927 6246 6039
3 6246 2312 1767
3 6246 1767 6039
3 6246 3927 3930
3 3935 5057 6041
3 1020 6463 5057
3 6463 1768 5057
3 5057 1768 6041
3 4103 6038 6247
3 2312 6247 1767
3 6247 6038 1767
3 6041 4103 3935
3 6247 3935 4103
3 349 4559 4558
3 4559 2897 4558
3 2897 2896 4558
3 2897 6047 6275
3 6047 1772 4107
3 6047 4107 6275
3 2896 6275 4105
3 6275 4107 1771
3 6275 1771 4105
3 6275 2896 2897
3 3937 5059 6249
3 2313 6249 1021
3 6249 5059 1021
3 6048 3937 4110
3 6249 4110 3937
3 5054 3931 1019
3 1771 6046 6045
3 6046 4109 6045
3 4109 3928 6045
3 6251 2313 3931
3 3931 5054 6251
3 4109 6533 3928
3 6533 5054 3928
3 5054 6533 6251
3 6533 4109 6251
3 4110 6046 6048
3 6046 4107 6048
3 4107 1772 6048
3 2313 6251 6249
3 6251 4109 4110
3 6251 4110 6249
3 6046 1771 4107
3 6046 4110 4109
3 1020 5057 5058
3 5057 3935 3936
3 5057 3936 5058
3 3935 6247 6291
3 6247 2312 6291
3 2312 4205 6291
3 3936 6291 6252
3 2314 6252 4205
3 6252 6291 4205
3 6291 3936 3935
3 5055 1019 3931
3 4204 5055 6250
3 5055 3931 6250
3 3931 2313 6250
3 2312 6246 6248
3 6246 3930 4204
3 6246 4204 6248
3 5055 4204 3930
3 3940 6250 5061
3 1021 5061 2313
3 5061 6250 2313
3 6253 4206 3940
3 6250 3940 4206
3 4204 6304 6248
3 2312 6248 4205
3 6248 6304 4205
3 6250 4206 4204
3 4206 6253 6304
3 4205 6304 2314
3 6304 6253 2314
3 6304 4204 4206
3 2546 4359 5503
3 4359 120 1315
3 4359 1315 5503
3 3571 5503 5006
3 5503 1315 723
3 5503 723 5006
3 3566 5500 6169
3 5500 1313 2125
3 5500 2125 6169
3 5503 3571 2546
3 3571 6170 5501
3 6170 2125 5501
3 2125 1313 5501
3 1313 5498 5501
3 3571 5501 2546
3 5501 5498 2546
3 2914 6097 4569
3 6097 1798 355
3 6097 355 4569
3 3957 6176 6100
3 6176 2132 1802
3 6176 1802 6100
3 3572 5006 6097
3 5006 723 1798
3 5006 1798 6097
3 6097 2914 3572
3 2914 6099 6175
3 6099 1802 6175
3 1802 2132 6175
3 6175 3572 2914
3 2908 6081 6088
3 6081 1786 1790
3 6081 1790 6088
3 6082 3567 4126
3 3567 5002 5072
3 5002 721 2127
3 5002 2127 5072
3 5072 4126 3567
3 6089 4126 3956
3 5072 2127 1025
3 1025 5070 5072
3 5070 3956 4126
3 5070 4126 5072
3 4126 6089 6082
3 6089 1790 1786
3 6089 1786 6082
3 5006 3572 3571
3 3572 6175 6170
3 2125 6504 2132
3 6504 6175 2132
3 6175 6504 6170
3 6504 2125 6170
3 6170 3571 3572
3 2132 6176 6169
3 6176 3957 4180
3 6176 4180 6169
3 3957 5071 5003
3 5071 1025 2127
3 5071 2127 5003
3 5003 4180 3957
3 6169 4180 3566
3 5003 2127 721
3 721 3566 4180
3 721 4180 5003
3 6169 2125 2132
3 2558 5525 4364
3 5525 1338 127
3 5525 127 4364
3 3625 6216 5527
3 6216 2180 1339
3 6216 1339 5527
3 3623 756 5525
3 756 1338 5525
3 5525 2558 3623
3 2558 5526 6215
3 5526 1339 2180
3 5526 2180 6215
3 6215 3623 2558
3 4573 2929 2927
3 2929 6116 1829
3 6116 1833 1829
3 1829 2927 2929
3 3968 5077 6223
3 5077 1029 2184
3 5077 2184 6223
3 3626 6223 5029
3 6223 2184 5029
3 2184 757 5029
3 6223 3626 3968
3 3626 6108 6118
3 6108 1829 1833
3 6108 1833 6118
3 1833 6117 6118
3 3626 6118 3968
3 6118 6117 3968
3 1803 6099 6101
3 6099 2914 4137
3 6099 4137 6101
3 4569 355 1799
3 1799 6098 4569
3 6098 4137 2914
3 6098 2914 4569
3 6217 4137 3624
3 4137 6098 756
3 6098 1799 756
3 756 3624 4137
3 5076 3967 3969
3 3967 1803 2182
3 2182 6218 3967
3 6218 3969 3967
3 4137 6217 6101
3 6217 2182 1803
3 6217 1803 6101
3 6216 3625 4194
3 3625 757 6222
3 757 2184 6222
3 6222 4194 3625
3 6218 4194 3969
3 4194 6222 5076
3 1029 6368 2184
3 6368 6222 2184
3 6222 6368 5076
3 6368 1029 5076
3 5076 3969 4194
3 756 3623 3624
3 3623 6215 6217
3 6215 2180 2182
3 6215 2182 6217
3 6217 3624 3623
3 4194 6218 6216
3 6218 2182 2180
3 6218 2180 6216
3 4363 2555 2556
3 2555 5517 5514
3 5517 1329 1330
3 5517 1330 5514
3 5514 2556 2555
3 3605 5022 5025
3 5022 740 2155
3 5022 2155 5025
3 5025 2155 741
3 5025 3607 3605
3 3607 5519 5518
3 5519 1330 1329
3 5519 1329 5518
3 5518 3605 3607
3 6083 2909 4127
3 2909 4567 6090
3 4567 353 1791
3 4567 1791 6090
3 6090 4127 2909
3 6200 4127 3958
3 4127 6090 5073
3 6090 1791 1026
3 6090 1026 5073
3 5073 3958 4127
3 3606 6084 6199
3 6084 1787 2157
3 6084 2157 6199
3 4127 6200 6083
3 6200 2157 1787
3 6200 1787 6083
3 2926 6115 4572
3 6115 1832 361
3 6115 361 4572
3 5026 3611 3608
3 3611 6203 6107
3 6203 2159 1828
3 6203 1828 6107
3 6107 3608 3611
3 3958 5073 6115
3 5073 1026 1832
3 5073 1832 6115
3 6115 2926 3958
3 2926 6106 6204
3 6106 1828 2159
3 6106 2159 6204
3 6204 3958 2926
3 6199 3611 3606
3 3611 6197 5023
3 6197 2155 740
3 6197 740 5023
3 5023 3606 3611
3 3958 6204 6200
3 6204 2159 2157
3 6204 2157 6200
3 3611 5026 6197
3 5026 741 2155
3 5026 2155 6197
3 3611 6199 6203
3 6199 2157 2159
3 6199 2159 6203
3 6099 1803 1802
3 3967 5076 6266
3 5076 1029 2319
3 5076 2319 6266
3 6100 4138 3957
3 4138 6266 5071
3 6266 2319 1025
3 6266 1025 5071
3 5071 3957 4138
3 6266 4138 3967
3 4138 6100 3967
3 6100 1802 1803
3 6100 1803 3967
3 2929 4573 6114
3 4573 361 1832
3 4573 1832 6114
3 3960 6114 5074
3 6114 1832 1026
3 6114 1026 5074
3 5077 3968 3970
3 6117 1833 2320
3 6117 3970 3968
3 6114 3960 2929
3 3960 6267 6116
3 6267 2320 1833
3 6267 1833 6116
3 6116 2929 3960
3 6088 4130 2908
3 4130 6091 4566
3 6091 1791 353
3 6091 353 4566
3 4566 2908 4130
3 3956 6263 6089
3 6263 2318 1790
3 6263 1790 6089
3 3959 5074 6091
3 5074 1026 1791
3 5074 1791 6091
3 6091 4130 3959
3 4130 6088 6264
3 6088 1790 6264
3 1790 2318 6264
3 6264 3959 4130
3 2320 6268 6117
3 6268 4209 3970
3 6268 3970 6117
3 4209 6265 5077
3 6265 2319 1029
3 6265 1029 5077
3 5077 3970 4209
3 5074 3959 3960
3 3959 6264 6267
3 6264 2318 2320
3 6264 2320 6267
3 6267 3960 3959
3 6263 3956 4209
3 3956 5070 6265
3 5070 1025 2319
3 5070 2319 6265
3 6265 4209 3956
3 4209 6268 6263
3 6268 2320 2318
3 6268 2318 6263
3 4359 2546 2545
3 5498 1313 1312
3 1312 5497 5498
3 5497 2545 2546
3 5497 2546 5498
3 3566 721 6161
3 721 2121 6161
3 3562 6161 4999
3 6161 2121 720
3 6161 720 4999
3 6161 3562 3566
3 3562 5499 5500
3 5499 1312 5500
3 1312 1313 5500
3 5500 3566 3562
3 2908 4566 1788
3 4566 353 1788
3 6171 4128 3915
3 4128 1788 5044
3 1788 1015 5044
3 5044 3915 4128
3 5002 3567 3568
3 3567 6082 2126
3 6082 1786 2126
3 2126 3568 3567
3 1788 4128 2908
3 4128 6171 6081
3 6171 2126 1786
3 6171 1786 6081
3 6081 2908 4128
3 6014 4091 2885
3 4091 1751 4551
3 1751 345 4551
3 4551 2885 4091
3 720 5001 5000
3 5001 3564 3563
3 5001 3563 5000
3 1748 3563 3564
3 6164 3915 4091
3 5044 1015 1751
3 1751 4091 3915
3 1751 3915 5044
3 4091 6014 6164
3 6014 1748 2123
3 6014 2123 6164
3 3568 6160 5002
3 6160 2121 721
3 6160 721 5002
3 3915 6164 6171
3 6164 2123 2126
3 6164 2126 6171
3 3564 5001 6160
3 5001 720 2121
3 5001 2121 6160
3 6160 3568 3564
3 3568 2126 6165
3 2126 2123 6165
3 2123 1748 6165
3 1748 3564 6165
3 3564 3568 6165
3 2555 4363 5512
3 4363 124 1326
3 4363 1326 5512
3 6182 4066 3596
3 4066 5512 5018
3 5512 1326 737
3 5512 737 5018
3 5018 3596 4066
3 3605 5518 6183
3 5518 1329 2147
3 5518 2147 6183
3 5512 4066 2555
3 4066 6182 5517
3 6182 2147 1329
3 6182 1329 5517
3 5517 2555 4066
3 6023 4095 2889
3 4095 5019 4552
3 5019 1754 4552
3 1754 346 4552
3 4552 2889 4095
3 5049 3922 3920
3 3922 2149 6024
3 2149 1758 6024
3 6024 3920 3922
3 6184 3596 4095
3 5019 737 1754
3 5019 4095 3596
3 4095 6023 6184
3 6023 1758 2149
3 6023 2149 6184
3 2909 6083 6086
3 6083 1787 1789
3 6083 1789 6086
3 6084 3606 3921
3 3606 5023 6198
3 5023 740 2156
3 5023 2156 6198
3 6198 3921 3606
3 3921 6198 5050
3 6198 2156 1017
3 6198 1017 5050
3 3921 6087 6084
3 6087 1789 1787
3 6087 1787 6084
3 737 5019 5018
3 5019 3596 5018
3 3596 6184 6182
3 6184 2149 2147
3 6184 2147 6182
3 3922 5049 5024
3 5049 1017 2156
3 5049 2156 5024
3 6183 4185 3605
3 5024 2156 740
3 740 5022 5024
3 5022 3605 4185
3 5022 4185 5024
3 5024 4185 3922
3 4185 6183 2149
3 6183 2147 2149
3 2149 3922 4185
3 2503 5422 4333
3 5422 1277 99
3 5422 99 4333
3 674 4919 4918
3 4919 3463 3461
3 4919 3461 4918
3 3463 6128 5420
3 6128 2100 1276
3 6128 1276 5420
3 5420 3461 3463
3 2100 6129 5419
3 6129 3465 5419
3 3465 4920 5422
3 4920 675 1277
3 4920 1277 5422
3 5422 2503 3465
3 5419 1276 2100
3 5419 3465 2503
3 4550 2886 2884
3 2886 1749 6011
3 1749 1747 6011
3 6011 2884 2886
3 3908 5040 6132
3 5040 1013 2102
3 5040 2102 6132
3 3462 6132 674
3 6132 2102 674
3 6132 3462 3908
3 3462 6012 6015
3 6012 1747 6015
3 1747 1749 6015
3 6015 3908 3462
3 2888 4552 1753
3 4552 346 1753
3 6129 4094 3465
3 4094 1753 4920
3 1753 675 4920
3 4920 3465 4094
3 5041 3909 3910
3 3909 6022 6130
3 6022 1757 2105
3 6022 2105 6130
3 6130 3910 3909
3 1753 4094 2888
3 4094 6129 6021
3 6129 2105 6021
3 2105 1757 6021
3 6021 2888 4094
3 4919 674 2102
3 5041 2102 1013
3 6129 2100 2105
3 2102 5041 4919
3 5041 3910 3463
3 5041 3463 4919
3 6130 2105 2100
3 2100 6128 6130
3 6128 3463 3910
3 6128 3910 6130
3 2909 6085 4567
3 6085 1788 353
3 6085 353 4567
3 5050 3923 3921
3 3923 2310 6087
3 2310 1789 6087
3 6087 3921 3923
3 6243 3916 4129
3 3916 5045 6085
3 5045 1015 1788
3 5045 1788 6085
3 6085 4129 3916
3 6085 2909 4129
3 2909 6086 6243
3 6086 1789 2310
3 6086 2310 6243
3 6243 4129 2909
3 4552 2888 2889
3 2888 6021 6023
3 6021 1757 1758
3 6021 1758 6023
3 6023 2889 2888
3 6022 3909 3920
3 3909 5041 2307
3 5041 1013 2307
3 2307 3920 3909
3 3920 2307 5049
3 2307 1017 5049
3 3920 6024 6022
3 6024 1758 1757
3 6024 1757 6022
3 2886 4550 6018
3 4550 345 1751
3 4550 1751 6018
3 6238 2886 3916
3 2886 6018 5045
3 6018 1751 1015
3 6018 1015 5045
3 5045 3916 2886
3 5040 3908 3911
3 3908 6015 6237
3 6015 1749 2306
3 6015 2306 6237
3 6237 3911 3908
3 2886 6238 1749
3 6238 2306 1749
3 2310 3923 3911
3 3923 5050 6239
3 5050 1017 6239
3 1017 2307 6239
3 6239 3911 3923
3 3911 6239 5040
3 6239 2307 1013
3 6239 1013 5040
3 3916 6243 6238
3 6243 2310 2306
3 6243 2306 6238
3 3911 6237 2310
3 6237 2306 2310
3 2545 5497 1317
3 5497 1312 1314
3 5497 1314 1317
3 5499 3562 4062
3 3562 4999 6162
3 2122 6162 720
3 6162 4999 720
3 6162 4062 3562
3 5502 4062 3569
3 4062 6162 5005
3 722 5005 2122
3 5005 6162 2122
3 722 2128 5005
3 2128 3569 4062
3 2128 4062 5005
3 4062 5502 5499
3 5502 1314 1312
3 5502 1312 5499
3 6014 2885 4092
3 4551 345 1752
3 1752 5046 4551
3 5046 4092 4551
3 4092 2885 4551
3 2124 6168 6167
3 6168 4092 3917
3 6168 3917 6167
3 1016 5046 1752
3 5046 3917 4092
3 5000 3563 3565
3 3563 1748 6166
3 1748 2124 6166
3 6166 3565 3563
3 4092 6168 6014
3 6168 2124 1748
3 6168 1748 6014
3 1792 4131 4134
3 4131 2910 4134
3 4131 6535 1796
3 6535 6094 1796
3 354 6094 1794
3 6094 354 1796
3 1796 2910 4131
3 3570 6173 6092
3 6173 2129 1792
3 6173 1792 6092
3 3918 5047 6094
3 5047 1016 1794
3 5047 1794 6094
3 6094 6535 3918
3 6535 4131 3918
3 2129 6174 1792
3 6174 4131 1792
3 6174 3918 4131
3 3565 6163 5000
3 6163 2122 5000
3 2122 720 5000
3 1016 5047 5046
3 5047 3918 3917
3 5047 3917 5046
3 3918 6174 6167
3 2124 6167 2129
3 6167 6174 2129
3 6167 3917 3918
3 2129 6173 6172
3 6173 3570 4179
3 6173 4179 6172
3 6163 4179 5004
3 4179 3570 5004
3 2122 6163 722
3 6163 5004 722
3 6163 3565 4179
3 3565 6166 6172
3 2129 6172 2124
3 6172 6166 2124
3 6172 4179 3565
3 1276 5419 5421
3 5419 2503 4054
3 5419 4054 5421
3 2503 4333 5423
3 1278 5423 99
3 5423 4333 99
3 4054 2503 5423
3 3466 5423 4921
3 5423 1278 4921
3 1278 676 4921
3 4918 3461 3464
3 2101 5420 1276
3 5420 3464 3461
3 5423 3466 4054
3 3466 6131 5421
3 1276 5421 2101
3 5421 6131 2101
3 5421 4054 3466
3 6028 4096 2890
3 4096 6025 4553
3 347 4553 1759
3 4553 6025 1759
3 4553 2890 4096
3 3913 6138 6029
3 6138 2107 1763
3 6138 1763 6029
3 6137 3467 4097
3 3467 4921 6025
3 1759 6380 676
3 6380 4921 676
3 4921 6380 6025
3 6380 1759 6025
3 6025 4097 3467
3 6025 4096 4097
3 4096 6028 6137
3 6028 1763 6137
3 1763 2107 6137
3 6137 4097 4096
3 4550 2884 2887
3 2884 6011 6016
3 1750 6016 1747
3 6016 6011 1747
3 6016 2887 2884
3 1747 6012 6013
3 6012 3462 4090
3 6012 4090 6013
3 3462 674 6133
3 674 2103 6133
3 6133 4090 3462
3 1750 6013 6017
3 6013 4090 3912
3 6013 3912 6017
3 4090 6133 5042
3 1014 5042 2103
3 5042 6133 2103
3 5042 3912 4090
3 6013 1750 1747
3 4921 3467 3466
3 3467 6137 6131
3 2101 6131 2107
3 6131 6137 2107
3 6131 3466 3467
3 6138 3913 4172
3 3913 5043 6135
3 2103 6135 1014
3 6135 5043 1014
3 2103 6134 6135
3 6134 4172 6135
3 4172 3913 6135
3 3464 6134 4918
3 6134 2103 674
3 6134 674 4918
3 6134 3464 4172
3 3464 5420 6136
3 2107 6136 2101
3 6136 5420 2101
3 2107 6138 6136
3 6138 4172 6136
3 4172 3464 6136
3 2557 5520 1335
3 126 1335 1333
3 1335 5520 1333
3 5522 2167 1334
3 6206 3612 4070
3 3612 748 5521
3 1333 6324 748
3 748 6324 5521
3 6324 1333 5521
3 1333 5520 5521
3 3612 5521 4070
3 5521 5520 4070
3 5520 2557 4070
3 2557 4072 6205
3 2167 6205 1334
3 6205 4072 1334
3 2167 6206 6205
3 2557 6205 4070
3 6205 6206 4070
3 354 4568 2913
3 4568 2912 2911
3 4568 2911 2913
3 2912 6095 6093
3 1793 6093 1795
3 6093 6095 1795
3 1793 1797 6093
3 1797 2911 2912
3 1797 2912 6093
3 3925 5052 6210
3 2171 6334 1018
3 6334 5052 1018
3 5052 6334 6210
3 6334 2171 6210
3 2171 5027 6210
3 6210 5027 3925
3 5027 2171 749
3 5027 3614 3925
3 6096 6530 4136
3 6530 3614 4136
3 1795 6096 1793
3 6096 4136 1793
3 3614 6530 3925
3 6530 6096 3925
3 1764 6030 6032
3 6030 2890 4098
3 6030 4098 6032
3 2890 4553 6026
3 1760 6026 347
3 6026 4553 347
3 1760 6027 6026
3 6027 4098 6026
3 4098 2890 6026
3 6032 4099 3612
3 4099 6027 748
3 748 6027 1760
3 748 3612 4099
3 1018 5051 3926
3 5051 3924 3926
3 3924 6031 6208
3 2169 6208 1764
3 6208 6031 1764
3 3924 6338 3926
3 6338 6208 3926
3 6338 3924 6208
3 6027 4099 4098
3 1764 6032 2169
3 6032 4098 4099
3 2167 5522 6207
3 5522 3613 4190
3 5522 4190 6207
3 3613 3615 6209
3 2171 6209 749
3 6209 3615 749
3 6209 4190 3613
3 6208 4191 3926
3 4191 6209 3926
3 6209 2171 3926
3 2171 1018 3926
3 3612 6206 6032
3 6206 2167 2169
3 6206 2169 6032
3 6209 4191 4190
3 4191 6208 6207
3 2167 6207 2169
3 6207 6208 2169
3 6207 4190 4191
3 2887 6019 4550
3 6019 1752 345
3 6019 345 4550
3 5042 3914 3912
3 3914 6241 6017
3 1750 6017 2308
3 6017 6241 2308
3 6017 3912 3914
3 6240 3919 4093
3 3919 5048 6020
3 1752 6020 1016
3 6020 5048 1016
3 1752 6019 6020
3 3919 6020 4093
3 6020 6019 4093
3 6019 2887 4093
3 2887 6016 6240
3 2308 6240 1750
3 6240 6016 1750
3 4093 2887 6240
3 2890 6030 6028
3 6030 1764 1763
3 6030 1763 6028
3 5051 1018 2309
3 6029 4100 3913
3 4100 5051 5043
3 1014 5043 2309
3 5043 5051 2309
3 5043 3913 4100
3 5051 4100 3924
3 4100 6029 6031
3 1764 6031 1763
3 6031 6029 1763
3 6031 3924 4100
3 4568 354 1794
3 6244 4133 3919
3 4133 4568 5048
3 1016 5048 1794
3 5048 4568 1794
3 5048 3919 4133
3 3925 6096 6245
3 6096 1795 6245
3 1795 2311 6245
3 4568 4133 2912
3 4133 6244 6095
3 1795 6095 2311
3 6095 6244 2311
3 6095 2912 4133
3 3914 5042 6242
3 5042 1014 2309
3 5042 2309 6242
3 6245 4203 3925
3 4203 6242 5052
3 1018 5052 2309
3 5052 6242 2309
3 5052 3925 4203
3 3919 6240 6244
3 6240 2308 2311
3 6240 2311 6244
3 6242 4203 3914
3 4203 6245 6241
3 2308 6241 2311
3 6241 6245 2311
3 6241 3914 4203
3 120 4359 2545
3 1314 5502 725
3 5502 3569 725
3 3569 2128 725
3 1317 1314 3574
3 1314 4064 3574
3 4064 725 3574
3 4064 1314 725
3 2130 1792 1811
3 1792 4134 1811
3 4134 2910 1027
3 2910 1796 1027
3 4134 1027 1811
3 2136 4181 5004
3 4181 722 5004
3 5004 3570 2136
3 3570 6092 2130
3 6092 1792 2130
3 3570 2130 2136
3 6104 4141 2917
3 4141 3961 357
3 3961 1811 357
3 4141 357 2917
3 4141 6104 2136
3 6104 1809 2136
3 3961 4141 2130
3 4141 2136 2130
3 3961 2130 1811
3 2136 1809 4182
3 1809 3575 4182
3 3575 5007 2128
3 5007 725 2128
3 3575 2128 4182
3 2128 722 4182
3 722 4181 4182
3 4181 2136 4182
3 4072 2557 4071
3 2557 1335 4071
3 2170 1334 3616
3 1334 4072 3616
3 4072 4071 751
3 4071 1335 751
3 4072 751 3616
3 3613 5522 2170
3 5522 1334 2170
3 3613 2170 3615
3 3966 4192 1843
3 4192 2174 1843
3 2174 2170 365
3 2170 3617 365
3 3617 1046 365
3 2930 2931 2174
3 2931 1843 2174
3 2930 2174 365
3 4136 3614 4132
3 3614 5027 2172
3 5027 749 2172
3 3614 2172 4132
3 4136 4132 1028
3 4132 2172 1028
3 1028 5075 4136
3 5075 3964 4136
3 4136 3964 1793
3 3964 1797 1793
3 751 1046 3616
3 1046 3617 3616
3 3617 2170 3616
3 3966 3965 2172
3 3965 1028 2172
3 4192 3966 749
3 3966 2172 749
3 4192 749 3615
3 4192 3615 2174
3 3615 2170 2174
3 1365 2237 2566
3 2237 2241 4081
3 2241 3678 4081
3 3678 795 1366
3 3678 1366 4081
3 1366 134 4081
3 134 2566 4081
3 2566 2237 4081
3 3976 3978 2239
3 3978 1032 2239
3 1813 4142 3676
3 4142 3976 794
3 3976 2239 794
3 4142 794 3676
3 1844 1843 795
3 1843 2931 795
3 2931 2930 1047
3 2930 365 1047
3 2931 1047 795
3 3977 6120 2241
3 6120 1844 2241
3 3678 2241 1844
3 3678 1844 795
3 2237 1365 4200
3 1365 3677 4200
3 3677 2239 4200
3 2239 1032 4200
3 1032 2323 4200
3 2323 3977 2237
3 3977 2241 2237
3 2323 2237 4200
3 3964 4210 1797
3 4210 2321 1797
3 2321 2322 4135
3 2322 3962 4135
3 3962 3963 1796
3 3963 1027 1796
3 3962 1796 4135
3 1796 354 4135
3 354 2913 4135
3 2913 2911 2321
3 2911 1797 2321
3 2913 2321 4135
3 1844 6120 4156
3 6120 3977 4156
3 3977 2323 4156
3 2323 1028 4156
3 1028 3965 4156
3 3965 3966 1844
3 3966 1843 1844
3 3965 1844 4156
3 1813 1810 4143
3 1810 2918 4143
3 2918 4570 1811
3 4570 357 1811
3 2918 1811 4143
3 3976 4142 2322
3 4142 1813 2322
3 3976 2322 3978
3 1811 1027 4143
3 1027 3963 4143
3 3963 3962 1813
3 3962 2322 1813
3 3963 1813 4143
3 3964 5075 2323
3 5075 1028 2323
3 3964 2323 4210
3 2322 2321 3978
3 2321 4211 3978
3 4211 6269 1032
3 6269 2323 1032
3 4211 1032 3978
3 2323 6269 4210
3 6269 4211 4210
3 4211 2321 4210
3 2545 1316 120
3 3574 2133 1317
3 4063 6177 3573
3 6177 2133 3573
3 1316 4063 724
3 4063 3573 724
3 1316 2545 4063
3 2133 6177 1317
3 6177 2545 1317
3 2545 6177 4063
3 1809 6104 1812
3 6104 2917 1812
3 6464 1030 2137
3 725 5007 2137
3 5007 3575 2137
3 3972 6464 3575
3 6464 2137 3575
3 1812 3972 1809
3 3972 3575 1809
3 2915 356 724
3 2135 2915 3573
3 2915 724 3573
3 6381 1807 2135
3 1807 2915 2135
3 2133 3574 4183
3 2137 6178 725
3 6178 3574 725
3 3574 6178 4183
3 6178 2137 4183
3 3971 6381 4183
3 6381 2135 4183
3 1030 3971 2137
3 3971 4183 2137
3 3573 2133 2135
3 2133 4183 2135
3 2566 1368 1365
3 1368 3682 4080
3 2238 3682 797
3 3682 2238 4080
3 2239 3677 4080
3 3677 1365 4080
3 4080 2238 2239
3 2238 794 2239
3 4080 1365 1368
3 6396 2957 4170
3 1925 4170 392
3 4170 2957 392
3 3980 6229 4170
3 6229 2245 4170
3 1033 3980 1925
3 3980 4170 1925
3 797 3683 3684
3 3683 1923 3684
3 1923 2245 3684
3 1923 6396 2245
3 6396 4170 2245
3 1810 3979 2918
3 357 4570 1814
3 3979 1814 4570
3 4570 2918 3979
3 1810 1813 2240
3 1813 3676 2240
3 3979 6369 1814
3 6369 1033 1814
3 2240 3979 1810
3 3684 6509 797
3 6509 2238 797
3 1033 6369 3980
3 6369 3979 3980
3 2245 6229 2240
3 6229 3979 2240
3 3979 6229 3980
3 4201 2240 3676
3 2238 4201 794
3 4201 3676 794
3 2238 6509 4201
3 6509 3684 4201
3 2240 4201 2245
3 4201 3684 2245
3 1357 2563 132
3 2563 1357 4077
3 2221 4077 3661
3 783 4077 1357
3 4077 783 3661
3 787 3664 3666
3 3664 1360 3666
3 1360 2221 3666
3 1360 2563 2221
3 2563 4077 2221
3 2916 6103 4139
3 356 2916 1804
3 2916 4139 1804
3 3974 2223 1808
3 2223 3661 4139
3 1804 6102 783
3 3661 783 6102
3 3661 6102 4139
3 6102 1804 4139
3 4139 6103 2223
3 6103 1808 2223
3 1924 2956 1922
3 4169 6395 3665
3 6395 1922 3665
3 2227 4169 787
3 4169 3665 787
3 1924 6395 3975
3 6395 4169 3975
3 4169 2227 3975
3 2227 1031 3975
3 6395 1924 1922
3 2221 3661 2223
3 4199 6227 3974
3 6227 2223 3974
3 2227 4199 1031
3 4199 3974 1031
3 3666 2227 787
3 2227 3666 4199
3 2223 6227 2221
3 6227 3666 2221
3 3666 6227 4199
3 6105 1812 2917
3 1814 2917 357
3 3981 6487 3982
3 6487 1814 1033
3 6487 1033 3982
3 1030 6464 3973
3 6464 3972 3973
3 2325 3972 1812
3 3972 2325 3973
3 1814 6487 2917
3 6487 3981 2917
3 1812 6105 2325
3 6105 3981 2325
3 3981 6105 2917
3 2956 1925 392
3 2326 1924 3975
3 1033 1925 3982
3 2956 6523 1925
3 6523 3982 1925
3 2326 6270 1924
3 2956 1924 6270
3 3982 6523 6270
3 6523 2956 6270
3 6270 2326 3982
3 356 2915 2916
3 1808 6103 1807
3 6103 2915 1807
3 2915 6103 2916
3 1807 6381 4140
3 6381 3971 4140
3 2324 4140 1030
3 4140 3971 1030
3 1808 4140 3974
3 4140 2324 3974
3 2324 1031 3974
3 1808 1807 4140
3 3981 6515 2325
3 6515 2326 2325
3 2326 6515 3982
3 6515 3981 3982
3 2324 4212 1031
3 4212 3975 1031
3 3973 2325 4212
3 6514 4212 2325
3 1030 3973 2324
3 3973 4212 2324
3 4212 6514 3975
3 6514 2325 2326
3 6514 2326 3975
3 128 762 1341
3 761 1341 760
3 762 760 1341
3 373 1856 1059
3 760 1059 2188
3 1856 2188 1059
3 374 1857 1859
3 761 2188 1857
3 1859 6491 1058
3 6491 2188 1058
3 2188 6491 1857
3 6491 1859 1857
3 1856 1058 2188
3 761 760 2188
3 802 1370 135
3 802 1936 1939
3 801 2251 1061
3 1060 6371 2251
3 6371 1061 2251
3 802 1939 1370
3 801 1370 2251
3 1939 1060 1370
3 1060 2251 1370
3 136 1373 1374
3 1373 807 2255
3 809 1374 2255
3 1373 2255 1374
3 1858 374 1860
3 1063 6460 1858
3 6460 807 1858
3 1860 1063 1858
3 397 809 1940
3 6460 2255 807
3 1940 809 2255
3 2255 6460 1940
3 6460 1063 1940
3 373 1061 1856
3 6371 1060 2337
3 1061 6371 1058
3 6371 2337 1058
3 1058 1856 1061
3 1939 1936 6398
3 1936 397 1940
3 1936 1940 6398
3 1060 1939 2338
3 6398 1940 1063
3 1939 6398 2338
3 6398 1063 2338
3 374 1859 1860
3 1058 2337 1859
3 2337 2338 1860
3 2338 1063 1860
3 1859 2337 1860
3 1060 2338 2337
3 761 2185 1341
3 2185 758 1341
3 758 128 1341
3 2189 6121 1052
3 6121 1857 1052
3 761 1857 2189
3 6121 2189 1857
3 758 2185 1848
3 2185 2189 1850
3 2189 1052 1850
3 1850 371 2185
3 371 1848 2185
3 2185 761 2189
3 808 807 1373
3 6435 1878 381
3 808 1878 2257
3 1878 6435 2257
3 6435 1062 2257
3 1062 374 1858
3 808 2257 807
3 2257 1062 1858
3 1858 807 2257
3 129 1342 1346
3 764 2191 1342
3 768 1346 2191
3 1342 2191 1346
3 371 1850 764
3 1054 2191 1850
3 1850 2191 764
3 1054 1879 768
3 1877 768 1879
3 768 2191 1054
3 1062 2334 374
3 2334 1052 1857
3 1857 374 2334
3 1062 6435 1877
3 6435 381 1877
3 1877 1879 1062
3 1054 2334 1879
3 2334 1062 1879
3 1054 1850 1052
3 1054 1052 2334
3 129 1346 1347
3 769 5033 2200
3 1346 768 5033
3 768 2200 5033
3 5033 1347 1346
3 6436 381 1074
3 2200 768 1877
3 381 6436 1877
3 6436 2200 1877
3 1881 769 2202
3 382 1881 1074
3 1881 2202 1074
3 2200 6436 2202
3 6436 1074 2202
3 769 2200 2202
3 810 2256 136
3 808 1373 2256
3 1373 136 2256
3 381 1878 1880
3 1075 1880 808
3 1880 1878 808
3 810 1943 2256
3 808 2256 1075
3 1943 1075 2256
3 1375 2261 2260
3 2261 812 2260
3 2260 813 1375
3 813 137 1375
3 1077 812 1882
3 813 2260 405
3 2260 1077 1944
3 405 2260 1944
3 1077 2260 812
3 1880 1075 2348
3 2348 1074 1880
3 1074 381 1880
3 1943 810 1944
3 810 405 1944
3 1077 2349 1944
3 1075 1943 2349
3 1944 2349 1943
3 1074 2348 382
3 2348 2349 1882
3 2349 1077 1882
3 1882 382 2348
3 1075 2349 2348
3 1347 5033 2201
3 5033 769 2201
3 770 6352 1347
3 6352 129 1347
3 1347 2201 770
3 1881 382 1883
3 769 1881 1076
3 1883 1076 1881
3 6360 1885 383
3 1076 1885 2201
3 1885 6360 2201
3 6360 770 2201
3 1076 2201 769
3 137 816 1375
3 814 2261 816
3 816 2261 1375
3 406 1078 1945
3 2262 1945 1078
3 382 1882 1884
3 1882 812 2262
3 1078 1884 2262
3 1882 2262 1884
3 814 1945 2261
3 2261 2262 812
3 2262 2261 1945
3 817 2263 138
3 818 823 2263
3 138 2263 823
3 383 1887 817
3 406 1097 1946
3 818 2265 1097
3 1097 2265 1946
3 817 1887 2263
3 818 2263 2265
3 1887 1080 2263
3 1080 2265 2263
3 382 1884 1883
3 1078 2350 1884
3 2350 1076 1883
3 1884 2350 1883
3 406 1946 1078
3 1946 2265 2350
3 2265 1080 2350
3 2350 1078 1946
3 383 1885 1887
3 1076 2351 1885
3 1080 1887 2351
3 1885 2351 1887
3 1080 2351 2350
3 1076 2350 2351
3 1320 2548 3579
3 2548 121 1319
3 1319 6322 2548
3 6322 3579 2548
3 3579 1319 728
3 6447 3580 3582
3 2140 6505 1320
3 6505 3580 1320
3 6505 3582 3580
3 6322 1319 3579
3 1320 3579 2140
3 728 2141 2919
3 2141 358 2919
3 2921 1817 1819
3 3581 729 2142
3 3984 2142 1034
3 2142 3984 3581
3 3984 1819 1817
3 3984 1817 3581
3 728 2919 3579
3 2140 2919 1815
3 2919 2140 3579
3 729 6447 2142
3 6447 3582 2142
3 3983 1034 3582
3 1034 2142 3582
3 1815 3983 2140
3 3582 6505 3983
3 6505 2140 3983
3 2565 789 133
3 3673 2229 1364
3 789 2565 3668
3 6479 1364 2229
3 2565 6479 3668
3 6479 2229 3668
3 1928 6405 1930
3 6405 2959 1930
3 1928 3986 3674
3 3986 1035 3674
3 1035 793 3674
3 3986 1928 1930
3 1816 2920 3668
3 2920 358 789
3 2920 789 3668
3 1035 3673 793
3 3668 2229 1816
3 1035 3985 3673
3 3985 1816 2229
3 3985 2229 3673
3 2568 1377 1379
3 1377 2268 3692
3 2268 3687 3692
3 6406 3687 824
3 3687 6406 3692
3 6406 826 3692
3 3692 1379 1377
3 1818 2922 3989
3 2922 359 3989
3 359 1037 3989
3 824 3688 3689
3 2269 6512 1818
3 6512 3688 1818
3 6512 3689 3688
3 3989 2269 1818
3 3693 2272 1929
3 2272 2269 2960
3 2269 3989 2960
3 6397 3989 1037
3 3989 6397 2960
3 6397 393 2960
3 2960 1929 2272
3 826 6406 3689
3 6406 824 3689
3 2272 3693 3689
3 3693 826 3689
3 3689 6512 2272
3 6512 2269 2272
3 358 2920 2919
3 1815 2920 1816
3 2920 1815 2919
3 1816 3985 4144
3 3985 1035 2327
3 3985 2327 4144
3 1815 4144 3983
3 4144 2327 1034
3 1034 3983 4144
3 4144 1815 1816
3 393 6397 6438
3 6397 1037 3991
3 6397 3991 6438
3 3986 1930 2328
3 393 6438 2959
3 6438 3991 2959
3 3991 2328 1930
3 3991 1930 2959
3 1819 3990 2921
3 359 6433 1037
3 6433 3990 1037
3 6433 2921 3990
3 3984 4213 1819
3 4213 2328 1819
3 1037 3990 3991
3 3990 1819 2328
3 3990 2328 3991
3 2328 4213 3986
3 1035 5078 2327
3 5078 4213 2327
3 4213 5078 3986
3 1035 3986 5078
3 3984 1034 2327
3 3984 2327 4213
3 1345 6325 4074
3 6325 2560 4074
3 1348 2560 129
3 2560 1348 4074
3 767 3639 3641
3 3639 1345 2197
3 3639 2197 3641
3 1348 771 4074
3 771 3642 4074
3 1345 6326 2197
3 6326 3642 2197
3 3642 6326 4074
3 6326 1345 4074
3 2944 1891 4161
3 4161 1889 384
3 4161 384 2944
3 1071 4028 4027
3 4028 2204 1891
3 4028 1891 4027
3 2204 3642 4161
3 1889 3642 771
3 3642 1889 4161
3 4161 1891 2204
3 2942 1871 1874
3 3640 767 2199
3 4026 2199 1071
3 4026 3640 2199
3 4026 1874 1871
3 3640 4026 1871
3 3642 2204 2197
3 4028 1071 2199
3 3641 2199 767
3 2199 3641 4028
3 2204 3641 2197
3 2204 4028 3641
3 1379 6328 2568
3 6328 3690 2568
3 139 3690 1378
3 3690 139 2568
3 826 3694 3692
3 3694 6407 1379
3 6407 2270 1379
3 3694 1379 3692
3 3690 6317 1378
3 6317 825 1378
3 3690 6328 2270
3 6328 1379 2270
3 393 6363 2960
3 6363 2961 2960
3 2961 6502 1929
3 6502 1932 1929
3 2961 1929 2960
3 4037 1082 2273
3 1929 1932 3693
3 1932 4037 3693
3 826 6366 2273
3 6366 4037 2273
3 4037 6366 3693
3 6366 826 3693
3 1892 2944 4162
3 1890 2944 384
3 2944 1890 4162
3 2271 4162 3691
3 4162 1890 825
3 4162 825 3691
3 6467 4036 4038
3 4036 1892 2271
3 4036 2271 4038
3 4162 2271 1892
3 6407 3694 4038
3 3694 826 2273
3 3694 2273 4038
3 1082 6467 2273
3 6467 4038 2273
3 825 6317 3691
3 3691 6317 2270
3 6317 3690 2270
3 2270 2271 3691
3 2270 6407 2271
3 6407 4038 2271
3 2564 1361 1364
3 1364 6479 2564
3 6479 2565 2564
3 6477 3669 4079
3 2231 6403 790
3 3669 6456 6403
3 6456 790 6403
3 3669 6403 4079
3 6403 2231 4079
3 1364 4079 3673
3 4079 2231 793
3 4079 793 3673
3 1361 6477 1364
3 6477 4079 1364
3 2943 6388 6386
3 1872 6386 4033
3 6386 6388 4033
3 1876 6388 380
3 6388 2943 380
3 6388 1876 4033
3 4033 1876 1073
3 3670 1872 2233
3 4033 2233 1872
3 2959 1931 393
3 793 2231 3674
3 2231 3675 3674
3 1928 3675 2236
3 3675 1928 3674
3 4034 1073 1931
3 1931 2959 4034
3 2236 6405 1928
3 2959 6405 4034
3 6405 2236 4034
3 2233 3675 3670
3 790 3675 2231
3 3675 790 3670
3 1073 4034 4033
3 2233 4034 2236
3 2233 4033 4034
3 3675 2233 2236
3 2944 1892 1891
3 4036 6467 2346
3 6467 1082 2346
3 4027 2346 1071
3 2346 4027 4036
3 4027 1891 1892
3 4027 1892 4036
3 2961 6363 1931
3 6363 393 1931
3 2961 6373 6409
3 2347 6409 4035
3 6409 6373 4035
3 1073 6373 1931
3 6373 2961 1931
3 6373 1073 4035
3 1082 4037 4039
3 2347 4037 1932
3 4037 2347 4039
3 1932 6502 6409
3 6502 2961 6409
3 6409 2347 1932
3 1874 4160 2942
3 4160 1876 380
3 4160 380 2942
3 1071 4029 4026
3 4029 2345 1874
3 4029 1874 4026
3 4035 1073 1876
3 1876 4160 4035
3 4160 1874 2345
3 4160 2345 4035
3 4039 2346 1082
3 4035 2345 2347
3 4029 1071 2346
3 2346 4039 4029
3 4039 2347 2345
3 4039 2345 4029
3 2560 6325 1343
3 6325 1345 1343
3 3639 767 2192
3 3634 2192 765
3 2192 3634 3639
3 3634 6378 1345
3 6378 1343 1345
3 3634 1345 3639
3 2942 380 1873
3 6495 1873 1067
3 1873 6495 4015
3 6495 1067 4015
3 3640 1871 2198
3 1873 4015 2942
3 4015 2198 1871
3 4015 1871 2942
3 2937 1865 378
3 3635 2194 1863
3 4014 1067 1865
3 1865 2937 4014
3 2937 1863 2194
3 2937 2194 4014
3 4196 3640 2198
3 4196 2192 767
3 3640 4196 767
3 1067 4014 4015
3 4014 2194 2198
3 4014 2198 4015
3 2194 3635 4196
3 3635 765 2192
3 3635 2192 4196
3 4196 2198 2194
3 2564 2565 1362
3 2565 133 1362
3 3672 1362 791
3 6456 3669 3671
3 3669 6477 2230
3 6477 1361 2230
3 3669 2230 3671
3 1362 3672 2564
3 1361 3672 2230
3 3672 1361 2564
3 1905 4165 2946
3 387 6361 1903
3 6361 4165 1903
3 4165 6361 2946
3 6361 387 2946
3 4032 4031 1072
3 4032 2235 1905
3 4031 4032 1905
3 3672 6390 6404
3 2235 6404 4165
3 6404 6390 4165
3 1903 6390 791
3 6390 3672 791
3 6390 1903 4165
3 4165 1905 2235
3 2943 6386 1875
3 6386 1872 1875
3 1872 3670 4159
3 3670 790 2232
3 3670 2232 4159
3 1875 4159 4030
3 4159 2232 1072
3 4159 1072 4030
3 4159 1875 1872
3 3672 6404 2230
3 6404 2235 2230
3 4032 1072 2232
3 790 6456 2232
3 6456 3671 2232
3 2232 3671 4032
3 3671 2230 2235
3 3671 2235 4032
3 1349 4075 2561
3 4075 1351 130
3 4075 130 2561
3 3643 2205 1349
3 2205 3646 4075
3 3646 775 1351
3 3646 1351 4075
3 4075 1349 2205
3 378 2939 2938
3 1864 6331 1866
3 6331 2939 1866
3 2939 6331 2938
3 6331 1864 2938
3 6383 4022 4158
3 4022 1069 2206
3 4022 2206 4158
3 3644 2206 772
3 2206 3644 4158
3 1866 6383 1864
3 6383 3644 1864
3 6383 4158 3644
3 1904 2946 4164
3 1902 6498 387
3 6498 2946 387
3 2946 6498 4164
3 6498 1902 4164
3 2209 4164 3646
3 775 4164 1902
3 4164 775 3646
3 4023 1904 2209
3 4164 2209 1904
3 2205 3643 4197
3 3643 772 2206
3 3643 2206 4197
3 2209 4197 4023
3 4197 2206 1069
3 4197 1069 4023
3 3646 2205 2209
3 4197 2209 2205
3 2943 6387 380
3 6387 1873 380
3 4030 2342 1875
3 4017 1067 1873
3 6387 4017 1873
3 2342 2943 1875
3 2943 2342 6387
3 2342 4017 6387
3 2946 1904 1905
3 4023 4031 1904
3 4023 1069 2344
3 4031 4023 2344
3 4031 2344 1072
3 4031 1905 1904
3 2939 378 1865
3 2341 1866 4016
3 2939 6522 1866
3 6522 4016 1866
3 1067 2939 1865
3 4016 6522 1067
3 6522 2939 1067
3 4022 6383 2341
3 6383 1866 2341
3 2342 4030 4215
3 4030 1072 2344
3 4030 2344 4215
3 2341 4215 4022
3 4215 2344 1069
3 4215 1069 4022
3 1067 4017 4016
3 4017 2342 2341
3 4017 2341 4016
3 4215 2341 2342
3 775 774 1351
3 1086 386 1897
3 775 1902 774
3 1902 387 6497
3 387 1086 1897
3 387 1897 6497
3 1902 6497 774
3 6497 1897 774
3 1363 6478 133
3 6478 1362 133
3 792 2234 1363
3 791 1362 2234
3 1362 6478 2234
3 6478 1363 2234
3 391 6437 4168
3 6437 1921 4168
3 4168 792 391
3 1089 2234 1921
3 4168 2234 792
3 2234 4168 1921
3 387 1903 1906
3 1089 1906 791
3 1903 791 1906
3 791 2234 1089
3 786 1356 132
3 1088 6455 1898
3 6455 784 1898
3 1898 1901 1088
3 1920 6437 1919
3 6437 391 1919
3 786 3663 1919
3 3663 1920 1919
3 784 6455 1920
3 6455 1088 1920
3 3663 786 1358
3 1920 3663 784
3 3663 1358 784
3 387 1906 1086
3 1089 2356 1906
3 2356 1086 1906
3 6437 1920 1921
3 1089 1921 1088
3 1920 1088 1921
3 1086 2356 386
3 2356 1088 1901
3 1901 386 2356
3 1089 1088 2356
3 130 1351 1350
3 774 2207 1351
3 2207 773 1351
3 773 1350 1351
3 1897 386 1899
3 774 1897 1084
3 1899 1084 1897
3 385 1893 1895
3 773 2207 1893
3 2207 1084 1895
3 1893 2207 1895
3 774 1084 2207
3 1358 786 1359
3 786 132 1359
3 784 1358 785
3 1359 785 1358
3 388 1909 1908
3 386 1901 1900
3 1901 1898 1900
3 784 2224 1898
3 1087 1900 2224
3 1898 2224 1900
3 1908 1909 2224
3 1909 1087 2224
3 784 785 2224
3 1908 2224 785
3 778 1354 131
3 778 385 1896
3 1085 1907 779
3 1896 6389 778
3 6389 1354 778
3 779 3654 1085
3 6374 1085 3654
3 1896 6374 6389
3 6374 3654 1354
3 6374 1354 6389
3 3654 779 1354
3 386 1900 1899
3 1087 2355 1900
3 2355 2354 1899
3 2354 1084 1899
3 1900 2355 1899
3 388 1907 1909
3 1907 1085 2355
3 1907 2355 1087
3 1087 1909 1907
3 1896 385 1895
3 2354 1895 1084
3 1896 2354 6374
3 2354 1085 6374
3 1895 2354 1896
3 1085 2354 2355
3 1355 2562 4076
3 1354 6327 131
3 6327 2562 131
3 2562 6327 4076
3 6327 1354 4076
3 2215 4076 3655
3 6314 1354 779
3 4076 6314 3655
3 6314 779 3655
3 780 6454 3658
3 6454 3656 3658
3 2215 3658 1355
3 3656 1355 3658
3 1354 6314 4076
3 1355 4076 2215
3 2947 1907 388
3 4040 2216 1910
3 6507 3655 2947
3 3655 779 1907
3 3655 1907 2947
3 2216 6507 1910
3 6507 2947 1910
3 389 2949 2951
3 6124 1914 2951
3 2949 6123 2951
3 1912 6124 6123
3 6124 2951 6123
3 2217 6508 780
3 6508 3657 780
3 1914 4167 4041
3 4167 6508 1090
3 6508 2217 1090
3 4167 1090 4041
3 6508 4167 3657
3 6124 4167 1914
3 4167 6124 3657
3 6124 1912 3657
3 3655 6507 2215
3 6507 2216 2215
3 2216 4040 4198
3 2217 4040 1090
3 4040 2217 4198
3 2215 4198 3658
3 4198 2217 780
3 4198 780 3658
3 4198 2215 2216
3 4078 1359 132
3 4078 132 2563
3 787 2228 3664
3 2228 3667 3664
3 1360 3664 2225
3 3664 3667 2225
3 2225 3662 4078
3 3662 785 1359
3 3662 1359 4078
3 4078 2563 2225
3 2563 1360 2225
3 2956 392 2958
3 2958 1926 1922
3 2958 1922 2956
3 4043 1091 2228
3 3665 2228 787
3 2228 3665 4043
3 1926 6500 1922
3 6500 3665 1922
3 3665 6500 4043
3 6500 1926 4043
3 2948 6362 1908
3 6362 388 1908
3 2948 6365 6401
3 2226 6401 3662
3 6401 6365 3662
3 785 6365 1908
3 6365 2948 1908
3 6365 785 3662
3 4042 1911 2226
3 2948 6401 1911
3 6401 2226 1911
3 3667 6375 6402
3 2226 6402 4042
3 6402 6375 4042
3 1091 6375 2228
3 6375 3667 2228
3 6375 1091 4042
3 3662 2225 2226
3 3667 6402 2225
3 6402 2226 2225
3 134 6306 2566
3 6306 2567 2566
3 2567 1367 1368
3 2567 1368 2566
3 1367 3679 4082
3 2242 4082 796
3 4082 3679 796
3 3682 2242 797
3 2242 3682 4082
3 3682 1368 1367
3 3682 1367 4082
3 2950 389 1915
3 4046 1915 1093
3 3680 6228 796
3 6228 3681 796
3 1913 6126 6228
3 6126 2244 6228
3 3680 6125 6228
3 6125 1913 6228
3 6228 2244 3681
3 1915 4046 2950
3 6126 4046 2244
3 4046 6126 2950
3 6126 1913 2950
3 2957 6501 392
3 6501 1927 392
3 3683 2246 1923
3 4047 1093 1927
3 1927 6501 4047
3 6501 2957 4047
3 2957 6396 2246
3 6396 1923 2246
3 2957 2246 4047
3 3681 2242 796
3 1093 4047 4046
3 4047 2246 2244
3 4047 2244 4046
3 3683 3681 2246
3 3683 797 2242
3 3681 3683 2242
3 3681 2244 2246
3 6362 2947 388
3 1910 6391 1911
3 6391 2948 1911
3 2948 6391 6362
3 6391 1910 2947
3 6391 2947 6362
3 4042 1091 2357
3 4040 2357 1090
3 4040 4042 2357
3 1911 6392 1910
3 6392 4040 1910
3 6392 1911 4042
3 6392 4042 4040
3 2958 392 1927
3 4048 1927 1093
3 4043 4044 1091
3 4043 1926 2359
3 4044 4043 2359
3 1927 4048 2958
3 1926 4048 2359
3 4048 1926 2958
3 1914 4166 2951
3 4166 1915 389
3 4166 389 2951
3 4041 2358 1914
3 4048 6393 6410
3 2358 6410 4166
3 6410 6393 4166
3 1915 6393 1093
3 6393 4048 1093
3 6393 1915 4166
3 4166 1914 2358
3 4044 2357 1091
3 4048 6410 2359
3 6410 2358 2359
3 4041 4044 2358
3 4041 1090 2357
3 4044 4041 2357
3 4044 2359 2358
3 891 5036 162
3 5036 2599 162
3 2599 5036 3773
3 5036 891 3773
3 2283 3773 2936
3 3773 891 376
3 3773 376 2936
3 2936 1862 2283
3 390 2954 2955
3 1918 6499 1917
3 6499 2954 1917
3 2954 6499 2955
3 6499 1918 2955
3 1917 3775 4010
3 1065 6321 892
3 6321 3775 892
3 3775 6321 4010
3 6321 1065 4010
3 4010 1918 1917
3 3773 2283 1420
3 2283 1862 3774
3 4009 6531 1862
3 6531 3774 1862
3 4009 1065 892
3 3774 6531 892
3 6531 4009 892
3 3774 1420 2283
3 3629 2186 1340
3 2186 6399 2559
3 6399 3631 2559
3 128 3631 763
3 3631 128 2559
3 2559 1340 2186
3 1852 4001 3630
3 1055 6451 4001
3 6451 759 4001
3 4001 759 3630
3 1861 6492 3631
3 6492 2936 3631
3 376 6311 2936
3 2936 6311 3631
3 6311 763 3631
3 3631 2186 1861
3 3631 6399 2186
3 2186 3629 4002
3 6451 3629 759
3 3629 6451 4002
3 6451 1055 4002
3 2562 1355 1352
3 1355 3656 3647
3 3656 6454 776
3 6454 781 776
3 3656 776 3647
3 3647 1352 1355
3 1916 6394 4008
3 6394 2953 4008
3 1057 6466 390
3 6466 2953 390
3 2953 6466 4008
3 6466 1057 4008
3 1853 4008 2935
3 4008 1057 372
3 4008 372 2935
3 4008 1853 1916
3 1853 3648 3660
3 3648 776 781
3 3648 781 3660
3 3660 1916 1853
3 2936 6492 1862
3 6492 1861 1862
3 1861 2186 4009
3 2186 4002 4009
3 4002 1055 1065
3 4002 1065 4009
3 4009 1862 1861
3 1055 4001 4003
3 4001 1852 2336
3 4001 2336 4003
3 1852 2934 4007
3 2934 372 1057
3 2934 1057 4007
3 4007 2336 1852
3 2336 4007 2955
3 4007 1057 390
3 4007 390 2955
3 2955 1918 2336
3 2336 1918 4003
3 1918 4010 4003
3 1055 4010 1065
3 4010 1055 4003
3 135 804 1369
3 2248 6459 800
3 6459 804 800
3 799 6458 2248
3 6458 1369 2248
3 804 6459 1369
3 6459 2248 1369
3 366 1846 1049
3 363 1837 1043
3 2250 1846 1837
3 1846 1043 1837
3 800 1049 2248
3 2250 6370 1846
3 6370 1049 1846
3 799 2248 2250
3 1049 6370 2248
3 6370 2250 2248
3 752 1336 2173
3 1336 126 2173
3 126 750 2173
3 750 6434 1835
3 6434 362 1835
3 6450 750 1835
3 752 1041 1845
3 750 6450 2173
3 6450 1835 2173
3 752 2173 1041
3 1835 1041 2173
3 4069 1331 125
3 745 2161 1332
3 1331 4069 744
3 4069 2161 744
3 2161 4069 1332
3 2162 1836 1040
3 6320 1040 1836
3 745 2163 2162
3 2163 1836 2162
3 362 6357 1834
3 6357 744 1834
3 745 2162 2161
3 1040 1834 2162
3 1834 744 2161
3 2162 1834 2161
3 366 1845 1846
3 2331 6330 1041
3 6330 1845 1041
3 2331 1043 6330
3 1043 1846 1845
3 1043 1845 6330
3 362 1834 1835
3 1041 1835 2330
3 1834 1040 1835
3 1040 2330 1835
3 1043 2331 363
3 2331 6320 1836
3 363 2331 1836
3 1041 2330 2331
3 1040 6320 2330
3 6320 2331 2330
3 135 1369 802
3 1369 6458 2249
3 6458 799 2249
3 1369 2249 802
3 363 1838 1837
3 6457 1838 1044
3 2250 1837 799
3 1838 6457 1837
3 6457 799 1837
3 1936 1937 397
3 802 2249 1936
3 2249 1937 1936
3 799 6457 1937
3 6457 1044 1937
3 2249 799 1937
3 4069 125 1332
3 745 1332 746
3 6359 2164 364
3 746 1839 2164
3 364 2164 1839
3 1042 6358 1836
3 6358 363 1836
3 6119 2163 1042
3 2163 6119 1836
3 6119 1042 1836
3 746 2164 745
3 2164 6359 2163
3 6359 1042 2163
3 2164 2163 745
3 136 1374 1372
3 809 2254 1374
3 2254 806 1372
3 1374 2254 1372
3 397 1938 809
3 1045 2254 1938
3 2254 809 1938
3 364 1840 1842
3 1045 5079 806
3 806 5079 1840
3 5079 1842 1840
3 806 2254 1045
3 6358 1838 363
3 1044 1838 2332
3 1838 6358 2332
3 6358 1042 2332
3 1842 5079 2332
3 5079 1045 2332
3 1042 6359 1842
3 6359 364 1842
3 1842 2332 1042
3 397 1937 1938
3 1045 1938 1044
3 1937 1044 1938
3 1044 2332 1045
3 798 394 395
3 879 158 159
3 879 395 394
3 395 879 886
3 879 159 160
3 879 160 886
3 798 395 396
3 886 160 161
3 886 396 395
3 879 157 158
3 879 2282 157
3 2282 1413 157
3 394 1933 879
3 1050 1847 876
3 1847 370 876
3 876 1413 1050
3 1413 2282 1050
3 879 1933 2282
3 1933 1050 2282
3 134 1366 798
3 795 6315 1366
3 6315 798 1366
3 1047 2247 795
3 2247 394 6315
3 394 798 6315
3 6315 795 2247
3 751 1335 753
3 1335 126 753
3 1046 751 370
3 753 2932 751
3 2932 370 751
3 1050 1933 1047
3 394 2247 1933
3 2247 1047 1933
3 1046 1050 365
3 1050 1047 365
3 370 1847 1046
3 1050 1046 1847
3 1413 876 157
3 157 1410 156
3 872 1408 1410
3 1408 156 1410
3 872 1410 876
3 1410 157 876
3 872 876 370
3 370 2932 369
3 2932 753 369
3 156 1408 155
3 1408 872 155
3 872 370 369
3 753 368 369
3 368 868 872
3 868 154 155
3 868 155 872
3 872 369 368
3 868 153 154
3 753 367 368
3 367 862 868
3 862 152 153
3 862 153 868
3 868 368 367
3 862 151 152
3 396 886 889
3 886 161 889
3 763 6311 376
3 376 891 895
3 162 163 891
3 163 895 891
3 763 376 377
3 895 377 376
3 377 895 898
3 895 163 164
3 895 164 898
3 128 763 762
3 763 377 762
3 898 164 165
3 762 377 375
3 377 898 903
3 898 165 166
3 898 166 903
3 903 375 377
3 903 166 167
3 375 903 836
3 903 167 141
3 903 141 836
3 135 1370 803
3 1370 801 803
3 398 399 801
3 399 803 801
3 801 1061 398
3 375 1059 760
3 375 760 762
3 836 141 1064
3 141 837 1064
3 1059 375 836
3 836 1064 1059
3 1061 373 837
3 373 1064 837
3 837 398 1061
3 373 1059 1064
3 837 141 142
3 837 842 398
3 842 399 398
3 837 142 143
3 837 143 842
3 803 399 400
3 399 842 846
3 842 143 144
3 842 144 846
3 846 400 399
3 803 400 401
3 846 144 145
3 846 401 400
3 135 803 804
3 803 401 804
3 401 846 851
3 846 145 146
3 846 146 851
3 804 401 402
3 401 851 853
3 851 146 147
3 851 147 853
3 853 402 401
3 853 147 148
3 126 1336 753
3 752 1845 1048
3 1845 366 1048
3 753 2175 367
3 1048 2175 752
3 753 1336 2175
3 1336 752 2175
3 1049 800 404
3 804 2963 800
3 2963 404 800
3 151 862 1048
3 367 2175 862
3 2175 1048 862
3 404 863 1049
3 151 6423 1399
3 6423 366 863
3 6423 863 1399
3 366 1049 863
3 366 6423 1048
3 6423 151 1048
3 151 1399 150
3 860 1397 1399
3 1397 150 1399
3 860 1399 863
3 860 863 404
3 404 2963 403
3 2963 804 403
3 860 404 857
3 404 403 857
3 150 1397 149
3 1397 857 149
3 857 1397 860
3 857 148 149
3 804 402 403
3 402 853 857
3 857 853 148
3 402 4575 403
3 4575 857 403
3 4575 402 857
3 136 1372 1371
3 806 805 3686
3 3686 1372 806
3 1372 3686 1371
3 3686 805 1371
3 364 1841 1840
3 1004 2252 1841
3 1841 2252 1840
3 340 1741 1004
3 1741 2253 2252
3 2253 805 2252
3 1741 2252 1004
3 806 1840 805
3 1840 2252 805
3 6323 1332 125
3 746 1332 2160
3 1332 6323 2160
3 6323 743 2160
3 743 339 1739
3 1002 1839 746
3 743 1739 2160
3 746 2160 1002
3 1739 1002 2160
3 6305 1272 666
3 667 2092 1272
3 1272 2092 666
3 340 1742 1740
3 667 2094 1001
3 2094 1740 1001
3 1742 1001 1740
3 339 1737 1738
3 666 2092 1737
3 1001 1738 2092
3 1737 2092 1738
3 1001 2092 667
3 364 1839 1841
3 1839 1002 2304
3 1004 1841 2304
3 1839 2304 1841
3 1739 339 1738
3 1001 2302 1738
3 1002 1739 2302
3 1738 2302 1739
3 340 1004 2303
3 2303 1742 340
3 1002 2302 2304
3 1001 1742 2302
3 1742 2303 2302
3 1004 2304 2303
3 2302 2303 2304
3 136 1371 810
3 1741 340 1743
3 1005 2253 1743
3 1743 2253 1741
3 405 810 1941
3 2253 6480 805
3 6480 1371 805
3 1005 1941 2253
3 1941 810 1371
3 1371 6480 1941
3 6480 2253 1941
3 1272 6305 1273
3 98 670 6305
3 670 1273 6305
3 668 2093 1273
3 667 1272 2093
3 1273 2093 1272
3 341 1744 1006
3 2095 2093 1006
3 2093 668 1006
3 1744 2095 1006
3 340 1740 1003
3 1740 2094 1003
3 2095 1744 2094
3 1744 1003 2094
3 667 2093 2094
3 2095 2094 2093
3 813 2258 137
3 2258 2259 815
3 2259 811 815
3 137 2258 815
3 1007 2258 1942
3 2258 813 1942
3 813 405 1942
3 2259 1745 811
3 1745 1008 811
3 1007 1745 2259
3 1007 2259 2258
3 1003 2305 340
3 2305 1005 1743
3 340 2305 1743
3 1745 6485 1008
3 6485 1744 341
3 6485 341 1008
3 1007 2305 1745
3 2305 1003 1745
3 1744 6485 1003
3 6485 1745 1003
3 405 1941 1942
3 1007 1942 1005
3 1941 1005 1942
3 1007 1005 2305
3 944 181 182
3 944 182 183
3 670 342 343
3 342 940 944
3 940 180 181
3 940 181 944
3 944 343 342
3 670 343 344
3 343 944 948
3 944 183 184
3 944 184 948
3 948 344 343
3 940 179 180
3 938 178 179
3 342 2096 940
3 2096 1746 940
3 1011 1958 938
3 1958 422 938
3 938 179 1011
3 940 1746 179
3 1746 1011 179
3 98 1274 670
3 669 1733 1009
3 1009 2096 669
3 2096 342 1274
3 342 670 1274
3 1274 669 2096
3 1010 2281 422
3 835 2966 2281
3 2966 422 2281
3 338 1734 1010
3 1734 829 1010
3 835 2281 829
3 2281 1010 829
3 1011 1746 1009
3 2096 1009 1746
3 1010 1011 338
3 1009 1733 1011
3 1733 338 1011
3 422 1958 1010
3 1958 1011 1010
3 140 834 835
3 834 2966 835
3 1450 934 178
3 934 1450 938
3 1450 178 938
3 934 938 422
3 422 2966 421
3 2966 834 421
3 177 178 934
3 934 422 421
3 421 930 934
3 930 176 177
3 930 177 934
3 834 420 421
3 930 421 420
3 930 175 176
3 140 833 834
3 833 420 834
3 420 925 930
3 925 174 175
3 925 175 930
3 833 419 420
3 925 173 174
3 925 420 419
3 948 184 185
3 407 408 811
3 408 815 811
3 811 1008 407
3 668 1273 344
3 1273 670 344
3 949 1012 185
3 1012 948 185
3 949 952 1947
3 952 407 1947
3 1947 1012 949
3 1006 668 948
3 668 344 948
3 948 1012 1006
3 1008 341 1947
3 341 1012 1947
3 1947 407 1008
3 341 1006 1012
3 952 949 186
3 949 185 186
3 952 408 407
3 952 186 187
3 137 815 816
3 815 408 409
3 815 409 816
3 408 952 956
3 952 187 188
3 952 188 956
3 956 409 408
3 409 956 957
3 956 188 189
3 956 189 957
3 409 957 960
3 957 189 190
3 957 190 960
3 816 409 410
3 960 190 191
3 960 410 409
3 960 191 192
3 823 818 417
3 818 1097 417
3 814 816 410
3 406 1945 1096
3 1945 814 1096
3 192 193 2285
3 193 964 2285
3 2285 960 192
3 1096 410 960
3 960 2285 1096
3 2285 964 406
3 2285 406 1096
3 814 410 1096
3 1097 406 964
3 964 417 1097
3 964 906 417
3 964 193 194
3 964 194 906
3 138 823 821
3 823 417 413
3 823 413 821
3 906 194 195
3 906 413 417
3 906 195 168
3 413 906 909
3 906 168 909
3 821 413 414
3 909 168 169
3 169 911 909
3 911 414 413
3 911 413 909
3 138 821 822
3 821 414 822
3 911 169 170
3 414 911 916
3 911 170 916
3 419 923 925
3 923 173 925
3 923 1103 173
3 140 1381 833
3 1102 419 831
3 833 1381 419
3 1381 831 419
3 1100 820 416
3 822 2964 820
3 2964 416 820
3 1102 6469 923
3 6469 1103 923
3 923 419 1102
3 416 921 1100
3 1103 412 921
3 412 1100 921
3 1103 6469 412
3 6469 1102 412
3 173 1103 172
3 1103 921 172
3 416 2964 415
3 2964 822 415
3 172 1438 171
3 918 1438 921
3 1438 172 921
3 415 918 416
3 918 921 416
3 1438 918 171
3 822 414 415
3 414 916 918
3 916 170 171
3 916 171 918
3 414 4576 415
3 4576 918 415
3 4576 414 918
3 1376 138 822
3 820 2266 822
3 819 1376 2266
3 822 2266 1376
3 412 1953 1100
3 1098 6376 1953
3 6376 2267 1953
3 2267 6461 1100
3 6461 820 1100
3 1953 2267 1100
3 1948 6376 411
3 6376 1098 411
3 819 2267 1948
3 6376 1948 2267
3 820 6461 2266
3 6461 2267 2266
3 2266 2267 819
3 1382 5531 140
3 5531 1381 140
3 832 2279 1382
3 2279 2280 1381
3 2280 831 1381
3 1381 5531 2279
3 5531 1382 2279
3 418 1957 832
3 1101 2279 1957
3 1957 2279 832
3 831 2280 1102
3 1101 2362 2280
3 2362 1102 2280
3 2280 2279 1101
3 1378 827 2274
3 139 2274 828
3 2274 139 1378
3 1949 6439 1952
3 6439 411 1952
3 827 1949 1099
3 827 1099 4053
3 1952 1099 1949
3 828 1956 418
3 4053 2274 827
3 828 2274 1956
3 2274 4053 1956
3 4053 1099 1956
3 412 1102 1953
3 2362 1098 1953
3 1102 2362 1953
3 418 1956 1957
3 2363 1956 1099
3 1101 1957 2363
3 1956 2363 1957
3 1098 2361 411
3 2361 1952 411
3 1099 1952 2363
3 1098 2362 2361
3 2363 1952 1101
3 1952 2361 2362
3 1952 2362 1101
3 817 138 1376
3 411 1950 1948
3 819 1948 1081
3 1950 1081 1948
3 2264 6312 817
3 6312 383 817
3 1081 1886 2264
3 1886 1888 2264
3 383 6312 1888
3 6312 2264 1888
3 1081 2264 819
3 2264 1376 819
3 817 1376 2264
3 825 827 1378
3 384 1083 1890
3 411 6439 1951
3 6439 1949 1951
3 1951 1949 1083
3 825 1890 827
3 1949 6496 1083
3 6496 1890 1083
3 1890 6496 827
3 6496 1949 827
3 6352 1348 129
3 770 6360 1888
3 6360 383 1888
3 1886 2352 2203
3 2352 1079 2203
3 770 1888 2203
3 1888 1886 2203
3 771 1079 1889
3 1348 6352 2203
3 6352 770 2203
3 771 1348 1079
3 2203 1079 1348
3 411 1951 1950
3 384 1889 1083
3 1889 1079 2353
3 2353 1083 1889
3 2352 1886 1081
3 1950 1951 2353
3 1951 1083 2353
3 1079 2352 2353
3 1081 1950 2352
3 2353 2352 1950
3 1427 3794 3796
3 3794 901 902
3 3794 902 3796
3 901 3791 3795
3 3791 2062 2065
3 3791 2065 3795
3 2062 3047 464
3 3047 462 464
3 464 2065 2062
3 3795 902 901
3 2064 3810 3807
3 3810 914 912
3 3810 912 3807
3 3807 2063 2064
3 914 3809 3806
3 3809 1433 1432
3 3809 1432 3806
3 1433 2611 2610
3 2611 169 2610
3 2610 1432 1433
3 3806 912 914
3 3806 913 912
3 3807 2066 2063
3 2066 3049 2063
3 3049 462 2063
3 3807 912 913
3 3791 901 900
3 3794 1427 1426
3 1427 2606 2605
3 2606 165 2605
3 2605 1426 1427
3 1426 3790 3794
3 3790 900 901
3 3790 901 3794
3 3798 2070 2067
3 3798 2067 904
3 2070 3052 3050
3 3052 464 463
3 3052 463 3050
3 3050 2067 2070
3 3053 2066 2069
3 2066 3807 3805
3 3807 913 910
3 3807 910 3805
3 3805 2069 2066
3 913 3806 3808
3 3806 1432 1431
3 3806 1431 3808
3 1432 2610 2609
3 2610 169 168
3 2610 168 2609
3 2609 1431 1432
3 1431 3804 3808
3 3804 910 913
3 3804 913 3808
3 2069 3051 3053
3 3051 463 464
3 3051 464 3053
3 2066 3053 3049
3 3053 464 462
3 3053 462 3049
3 2070 3798 3795
3 3798 904 902
3 3798 902 3795
3 904 3797 3796
3 3797 1428 1427
3 3797 1427 3796
3 2606 166 165
3 2606 1427 1428
3 3796 902 904
3 3795 2065 2070
3 2065 464 3052
3 3052 2070 2065
3 3801 2067 1960
3 2067 3050 3055
3 3050 463 3055
3 3055 1960 2067
3 3051 2069 2068
3 2069 3805 2068
3 3805 910 908
3 3805 908 2068
3 3804 1431 1430
3 1431 2609 2608
3 2609 168 2608
3 2608 1430 1431
3 3804 908 910
3 908 3803 2068
3 3803 2071 2068
3 2071 3054 3051
3 3054 463 3051
3 3051 2068 2071
3 2067 3801 904
3 3801 905 904
3 3799 1429 1428
3 2607 167 166
3 166 2606 2607
3 2606 1428 1429
3 2606 1429 2607
3 1428 3797 3799
3 3797 904 905
3 3797 905 3799
3 1961 3803 3892
3 3803 907 970
3 3803 970 3892
3 3802 1430 1473
3 1430 2608 2642
3 2608 168 195
3 2608 195 2642
3 2642 1473 1430
3 1473 3891 3802
3 3891 970 907
3 3891 907 3802
3 1430 3802 3804
3 3802 907 908
3 3802 908 3804
3 3803 1961 2071
3 1961 2967 3054
3 2967 423 463
3 2967 463 3054
3 3054 2071 1961
3 3803 908 907
3 1959 1964 3800
3 1964 838 905
3 1964 905 3800
3 3800 1960 1959
3 1383 2570 2607
3 2570 141 167
3 2570 167 2607
3 2607 1429 1383
3 1429 3799 3701
3 3799 905 838
3 3799 838 3701
3 3701 1383 1429
3 905 3801 3800
3 3801 1960 3800
3 3055 463 423
3 3055 423 1960
3 3704 1964 1962
3 1964 2970 2968
3 2970 425 424
3 2970 424 2968
3 2968 1962 1964
3 1962 3703 3704
3 3703 839 3704
3 1965 3892 3890
3 3892 970 968
3 3892 968 3890
3 1473 2642 2641
3 2642 195 194
3 2642 194 2641
3 1473 3889 3891
3 3889 968 970
3 3889 970 3891
3 3890 1963 1965
3 2969 424 425
3 2969 1965 1963
3 3892 1965 1961
3 1965 2969 2967
3 2969 425 423
3 2969 423 2967
3 2967 1961 1965
3 2970 1964 1959
3 3704 839 838
3 3704 838 1964
3 3702 1385 1384
3 1385 2571 2570
3 2571 141 2570
3 2570 1384 1385
3 2570 1383 1384
3 1383 3701 3702
3 3701 838 839
3 3701 839 3702
3 3702 1384 1383
3 1959 1960 2970
3 1960 423 425
3 1960 425 2970
3 1386 3705 3706
3 3705 840 841
3 3705 841 3706
3 3703 1962 1966
3 1962 2968 2971
3 2968 424 426
3 2968 426 2971
3 2971 1966 1962
3 3703 841 840
3 1963 3890 3886
3 3890 968 3886
3 968 3889 3885
3 3889 1473 1472
3 3889 1472 3885
3 1473 2641 2640
3 2641 194 193
3 2641 193 2640
3 2640 1472 1473
3 3885 969 968
3 969 3888 3886
3 3888 1967 1963
3 3888 1963 3886
3 2972 426 424
3 2972 424 1967
3 424 2969 1967
3 2969 1963 1967
3 3886 968 969
3 3703 840 839
3 3705 1386 1385
3 1386 2572 2571
3 2572 142 141
3 2572 141 2571
3 2571 1385 1386
3 1385 3702 3705
3 3702 839 840
3 3702 840 3705
3 843 3707 3709
3 3707 1972 1968
3 3707 1968 3709
3 1972 2975 2973
3 2975 426 427
3 2975 427 2973
3 2973 1968 1972
3 1973 3888 3884
3 3888 969 967
3 3888 967 3884
3 969 3885 3887
3 3885 1472 1471
3 3885 1471 3887
3 1472 2640 2639
3 2640 193 192
3 2640 192 2639
3 2639 1471 1472
3 1471 967 3887
3 967 969 3887
3 3884 1971 1973
3 1971 2974 2976
3 2974 427 426
3 2974 426 2976
3 2976 1973 1971
3 3888 1973 1967
3 1973 2976 2972
3 2976 426 2972
3 2972 1967 1973
3 3707 843 841
3 843 3708 3706
3 3708 1387 1386
3 3708 1386 3706
3 1387 2573 2572
3 2573 143 142
3 2573 142 2572
3 2572 1386 1387
3 3706 841 843
3 841 3703 3707
3 3703 1966 1972
3 3703 1972 3707
3 1966 2971 2975
3 2971 426 2975
3 2975 1972 1966
3 3709 1969 1974
3 1969 2973 2977
3 2973 427 428
3 2973 428 2977
3 2977 1974 1969
3 2974 1971 1970
3 1971 3884 1970
3 3884 967 965
3 3884 965 1970
3 967 1471 3883
3 192 2638 2639
3 2638 1471 2639
3 2638 1470 1471
3 3883 965 967
3 3883 1471 1470
3 1975 2978 2974
3 2978 428 427
3 2978 427 2974
3 2974 1970 1975
3 2973 1969 1968
3 3709 844 843
3 3709 1968 1969
3 844 3710 3708
3 3710 1388 1387
3 3710 1387 3708
3 1388 2574 2573
3 2574 143 2573
3 2573 1387 1388
3 3708 843 844
3 3880 966 963
3 3879 1470 1469
3 1470 2638 2637
3 2638 192 191
3 2638 191 2637
3 2637 1469 1470
3 3879 963 966
3 1470 3879 3883
3 3879 966 965
3 3879 965 3883
3 3880 1977 1975
3 1977 2980 2978
3 2980 428 2978
3 2978 1975 1977
3 1975 1970 3880
3 1970 965 966
3 1970 966 3880
3 2979 1976 1974
3 1976 3713 3712
3 3713 847 845
3 3713 845 3712
3 3712 1974 1976
3 3711 1389 1388
3 2575 144 143
3 143 2574 2575
3 2574 1388 1389
3 2574 1389 2575
3 3711 845 847
3 1388 3710 3711
3 3710 844 845
3 3710 845 3711
3 1974 2977 2979
3 2977 428 2979
3 1974 3712 3709
3 3712 845 844
3 3712 844 3709
3 3715 1981 1978
3 1981 2983 2981
3 2983 429 2981
3 2981 1978 1981
3 1982 3882 3878
3 3882 963 3878
3 963 3879 3881
3 3879 1469 1468
3 3879 1468 3881
3 2637 191 190
3 190 2636 2637
3 2636 1468 1469
3 2636 1469 2637
3 1468 3877 3881
3 3877 963 3881
3 3878 1980 1982
3 1980 2982 2984
3 2982 429 2984
3 2984 1982 1980
3 3882 1982 1977
3 1982 2984 2980
3 2984 429 428
3 2984 428 2980
3 2980 1977 1982
3 1977 3880 3882
3 3880 963 3882
3 2983 1981 1976
3 1981 3715 3713
3 3715 848 847
3 3715 847 3713
3 3713 1976 1981
3 3714 1390 1389
3 1390 2576 2575
3 2576 145 144
3 2576 144 2575
3 2575 1389 1390
3 1389 3711 3714
3 3711 847 848
3 3711 848 3714
3 1976 2979 2983
3 2979 428 429
3 2979 429 2983
3 3717 849 850
3 1978 2981 2985
3 2981 429 430
3 2981 430 2985
3 3718 850 849
3 2982 1980 1979
3 1980 3878 3875
3 3878 963 961
3 3878 961 3875
3 3875 1979 1980
3 3877 1468 1467
3 2636 1467 1468
3 190 2635 2636
3 2635 1466 1467
3 2635 1467 2636
3 1466 3874 3877
3 3874 961 963
3 3874 963 3877
3 3877 1467 1466
3 3874 962 961
3 962 3876 3875
3 3876 1983 1979
3 3876 1979 3875
3 1983 2986 2982
3 2986 430 429
3 2986 429 2982
3 2982 1979 1983
3 3875 961 962
3 1978 3718 3715
3 3718 849 848
3 3718 848 3715
3 849 3717 3716
3 3717 1391 1390
3 3717 1390 3716
3 145 2576 2577
3 2576 1390 1391
3 2576 1391 2577
3 1390 3714 3716
3 3714 848 849
3 3714 849 3716
3 1986 3876 3872
3 3876 962 959
3 3876 959 3872
3 962 1465 3873
3 2635 190 189
3 2635 1465 1466
3 3873 959 962
3 1466 1465 3874
3 1465 962 3874
3 3876 1986 1983
3 1986 2988 2986
3 2988 431 430
3 2988 430 2986
3 2986 1983 1986
3 3719 852 850
3 1392 2578 2577
3 2578 146 145
3 2578 145 2577
3 2577 1391 1392
3 1391 3717 855
3 3717 850 852
3 3717 852 855
3 855 1392 1391
3 850 3718 3719
3 3718 1978 1984
3 3718 1984 3719
3 1978 2985 2987
3 2985 430 431
3 2985 431 2987
3 2987 1984 1978
3 2987 1985 1984
3 3719 1984 1985
3 3721 855 854
3 3722 854 855
3 3872 959 958
3 3873 1465 1464
3 1465 2635 2634
3 2635 189 2634
3 2634 1464 1465
3 1464 3870 3873
3 3870 958 959
3 3870 959 3873
3 3871 1988 1989
3 1988 2990 2991
3 2990 432 2991
3 2991 1989 1988
3 1989 3872 3871
3 3872 958 3871
3 3872 1989 1986
3 1989 2991 2988
3 2991 432 431
3 2991 431 2988
3 2988 1986 1989
3 2989 1987 1985
3 1987 3722 3720
3 3722 855 852
3 3722 852 3720
3 3720 1985 1987
3 3721 1393 1392
3 1393 2579 2578
3 2579 147 146
3 2579 146 2578
3 2578 1392 1393
3 3721 1392 855
3 852 3719 3720
3 3719 1985 3720
3 2987 431 432
3 432 2989 2987
3 2989 1985 2987
3 856 1990 3724
3 1994 2994 2992
3 2994 434 433
3 2994 433 2992
3 2992 1990 1994
3 2995 1988 1993
3 1988 3871 3869
3 3871 958 955
3 3871 955 3869
3 3869 1993 1988
3 3870 1464 1463
3 1464 2634 2633
3 2634 189 188
3 2634 188 2633
3 2633 1463 1464
3 1463 3868 3870
3 3868 955 958
3 3868 958 3870
3 1993 1992 2995
3 1992 433 434
3 1992 434 2995
3 1988 2995 2990
3 2995 434 432
3 2995 432 2990
3 2994 1994 1990
3 1990 856 854
3 856 3723 3725
3 3723 1394 1393
3 3723 1393 3725
3 1394 2580 2579
3 2580 148 147
3 2580 147 2579
3 2579 1393 1394
3 1393 3721 3725
3 3721 854 856
3 3721 856 3725
3 854 3722 1990
3 3722 1987 1990
3 1987 2989 2994
3 2989 432 434
3 2989 434 2994
3 2994 1990 1987
3 3726 1991 1995
3 1991 2992 2996
3 2992 433 435
3 2992 435 2996
3 2996 1995 1991
3 1993 3869 3866
3 3869 955 3866
3 3866 1992 1993
3 955 3868 3865
3 3868 1463 1462
3 3868 1462 3865
3 2633 188 187
3 187 2632 2633
3 2632 1462 1463
3 2632 1463 2633
3 2632 1461 1462
3 3865 1462 1461
3 3866 1996 1992
3 2993 435 433
3 433 1992 2993
3 1992 1996 2993
3 2992 1991 1990
3 1991 3726 3724
3 3726 858 856
3 3726 856 3724
3 3724 1990 1991
3 3723 1395 1394
3 1395 2581 2580
3 2581 148 2580
3 2580 1394 1395
3 3723 856 858
3 1997 3867 3864
3 3867 954 3864
3 954 1461 1460
3 2632 187 186
3 2632 1460 1461
3 3863 954 1460
3 1461 954 955
3 1461 955 3865
3 3867 1997 1996
3 1997 2998 2993
3 2998 436 435
3 2998 435 2993
3 2993 1996 1997
3 1996 3866 3867
3 3866 955 954
3 3866 954 3867
3 3728 859 858
3 3729 1396 1395
3 2581 149 148
3 2581 1395 1396
3 1395 3727 3729
3 3727 858 859
3 3727 859 3729
3 1395 3723 3727
3 3723 858 3727
3 2996 435 436
3 436 2997 2996
3 2997 1995 2996
3 1995 3728 3726
3 3728 858 3726
3 3730 859 861
3 3731 2001 1998
3 2001 2997 2999
3 2997 438 437
3 2997 437 2999
3 2999 1998 2001
3 3731 861 859
3 3001 2002 2000
3 2002 3864 3862
3 3864 954 953
3 3864 953 3862
3 3862 2000 2002
3 3863 1460 1459
3 1460 2632 2631
3 2632 186 185
3 2632 185 2631
3 2631 1459 1460
3 1459 3859 3863
3 3859 953 954
3 3859 954 3863
3 3859 950 953
3 2000 3000 3001
3 3000 437 438
3 3000 438 3001
3 3862 953 950
3 3864 2002 1997
3 2002 3001 2998
3 3001 438 436
3 3001 436 2998
3 2998 1997 2002
3 2997 2001 1995
3 2001 3731 3728
3 3731 859 3728
3 3728 1995 2001
3 3730 1398 1396
3 2582 150 149
3 149 2581 2582
3 2581 1396 1398
3 2581 1398 2582
3 1396 3729 3730
3 3729 859 3730
3 2997 436 438
3 3733 1998 2003
3 2999 437 439
3 2999 2003 1998
3 3000 2000 1999
3 2000 3862 1999
3 3862 950 1999
3 3859 1459 1458
3 1459 2631 2630
3 2631 185 2630
3 2630 1458 1459
3 950 3860 1999
3 3860 2004 1999
3 3000 439 437
3 3000 1999 2004
3 1998 3733 3731
3 3733 864 861
3 3733 861 3731
3 3732 1400 1398
3 1400 2583 2582
3 2583 151 150
3 2583 150 2582
3 2582 1398 1400
3 1398 3730 3732
3 3730 861 864
3 3730 864 3732
3 2006 3860 3858
3 3860 951 947
3 3860 947 3858
3 3861 1458 1457
3 1458 2630 2629
3 2630 185 184
3 2630 184 2629
3 2629 1457 1458
3 1457 3857 3861
3 3857 947 951
3 3857 951 3861
3 1458 3861 3859
3 3861 951 950
3 3861 950 3859
3 3860 2006 2004
3 2006 3003 3000
3 3003 440 439
3 3003 439 3000
3 3000 2004 2006
3 3860 950 951
3 3002 2005 2003
3 2005 3736 3734
3 3736 865 864
3 3736 864 3734
3 3734 2003 2005
3 3735 1401 1400
3 1401 2584 2583
3 2584 151 2583
3 2583 1400 1401
3 1400 3732 3735
3 3732 864 865
3 3732 865 3735
3 2003 2999 3002
3 2999 439 440
3 2999 440 3002
3 2003 3734 3733
3 3734 864 3733
3 3737 867 866
3 867 2005 2007
3 867 2007 3738
3 2005 3006 3004
3 3006 442 441
3 3006 441 3004
3 3004 2007 2005
3 3738 866 867
3 3007 2010 2009
3 2010 3858 3856
3 3858 947 3856
3 3856 2009 2010
3 3857 1457 1456
3 2629 184 183
3 2629 1456 1457
3 1456 3853 3857
3 3853 947 3857
3 3853 945 947
3 2009 3005 3007
3 3005 441 442
3 3005 442 3007
3 3856 947 945
3 3858 2010 2006
3 2010 3007 3003
3 3007 442 440
3 3007 440 3003
3 3003 2006 2010
3 2005 867 3736
3 867 865 3736
3 3737 1402 1401
3 2585 152 151
3 151 2584 2585
3 2584 1401 1402
3 2584 1402 2585
3 1401 3735 3737
3 3735 865 867
3 3735 867 3737
3 2005 3002 3006
3 3002 440 442
3 3002 442 3006
3 3740 2007 2011
3 2007 3004 3008
3 3004 441 3008
3 3008 2011 2007
3 3005 2009 2008
3 2009 3856 2008
3 3856 945 2008
3 3853 1456 1455
3 1456 2629 2628
3 2629 183 182
3 2629 182 2628
3 2628 1455 1456
3 945 3854 2008
3 3854 2012 2008
3 3005 2008 2012
3 2007 3740 3738
3 3740 869 866
3 3740 866 3738
3 3739 1403 1402
3 1403 2586 2585
3 2586 153 152
3 2586 152 2585
3 2585 1402 1403
3 1402 3737 3739
3 3737 866 869
3 3737 869 3739
3 2014 3854 3852
3 3854 946 943
3 3854 943 3852
3 3855 1455 1454
3 1455 2628 2627
3 2628 182 181
3 2628 181 2627
3 2627 1454 1455
3 1454 3851 3855
3 3851 943 946
3 3851 946 3855
3 1455 3855 3853
3 3855 946 945
3 3855 945 3853
3 3854 2014 2012
3 2014 3009 3005
3 3009 443 441
3 3009 441 3005
3 3005 2012 2014
3 3854 945 946
3 3008 2013 2011
3 2013 3742 3740
3 3742 870 869
3 3742 869 3740
3 3740 2011 2013
3 3741 1404 1403
3 1404 2587 2586
3 2587 153 2586
3 2586 1403 1404
3 1403 3739 3741
3 3739 869 870
3 3739 870 3741
3 3008 441 443
3 3744 2018 2015
3 2018 3012 3010
3 3012 445 444
3 3012 444 3010
3 3010 2015 2018
3 3013 2019 2017
3 2019 3852 3850
3 3852 943 3850
3 3850 2017 2019
3 3851 1454 1453
3 2627 181 180
3 2627 1453 1454
3 1453 3847 3851
3 3847 943 3851
3 3847 941 943
3 2017 3011 3013
3 3011 444 445
3 3011 445 3013
3 3850 943 941
3 3852 2019 2014
3 2019 3013 3009
3 3013 445 443
3 3013 443 3009
3 3009 2014 2019
3 3012 2018 2013
3 2018 3744 3742
3 3744 871 870
3 3744 870 3742
3 3742 2013 2018
3 3743 1405 1404
3 2588 154 153
3 153 2587 2588
3 2587 1404 1405
3 2587 1405 2588
3 1404 3741 3743
3 3741 870 871
3 3741 871 3743
3 2013 3008 3012
3 3008 443 445
3 3008 445 3012
3 3747 2015 2020
3 3010 2020 2015
3 3011 2017 2016
3 2017 3850 2016
3 3850 941 2016
3 3847 1453 1452
3 1453 2627 2626
3 2627 180 179
3 2627 179 2626
3 2626 1452 1453
3 941 3848 2016
3 3848 2021 2016
3 3011 2016 2021
3 2015 3747 3744
3 3747 873 871
3 3747 871 3744
3 873 3746 3745
3 3746 1406 1405
3 3746 1405 3745
3 1406 2589 2588
3 2589 155 154
3 2589 154 2588
3 2588 1405 1406
3 1405 3743 3745
3 3743 871 873
3 3743 873 3745
3 2023 3848 3846
3 3848 942 939
3 3848 939 3846
3 3849 1452 1451
3 1452 2626 2625
3 2626 179 178
3 2626 178 2625
3 2625 1451 1452
3 1451 3845 3849
3 3845 939 942
3 3845 942 3849
3 1452 3849 3847
3 3849 942 941
3 3849 941 3847
3 3848 2023 2021
3 2023 3015 3011
3 3015 446 444
3 3015 444 3011
3 3011 2021 2023
3 3848 941 942
3 3014 2022 2020
3 2022 3750 3748
3 3750 874 873
3 3750 873 3748
3 3748 2020 2022
3 3749 1407 1406
3 1407 2590 2589
3 2590 155 2589
3 2589 1406 1407
3 1406 3746 3749
3 3746 873 874
3 3746 874 3749
3 873 3747 3748
3 3747 2020 3748
3 3010 444 446
3 3010 446 2020
3 446 3014 2020
3 3752 2026 2024
3 2026 3014 3016
3 3014 448 447
3 3014 447 3016
3 3016 2024 2026
3 2027 3846 3844
3 3846 939 937
3 3846 937 3844
3 3845 1451 1449
3 1451 2625 2624
3 2625 178 2624
3 2624 1449 1451
3 1449 3842 3845
3 3842 937 939
3 3842 939 3845
3 3842 935 937
3 3844 2025 2027
3 3017 447 448
3 3017 2027 2025
3 3844 937 935
3 3846 2027 2023
3 2027 3017 3015
3 3017 448 446
3 3017 446 3015
3 3015 2023 2027
3 3014 2026 2022
3 2026 3752 3750
3 3752 875 874
3 3752 874 3750
3 3750 2022 2026
3 3751 1409 1407
3 2590 156 155
3 2590 1407 1409
3 1407 3749 3751
3 3749 874 875
3 3749 875 3751
3 3014 446 448
3 1411 3753 3755
3 3753 877 878
3 3753 878 3755
3 3754 2024 2028
3 2024 3016 2028
3 3016 447 449
3 3016 449 2028
3 3754 878 877
3 2025 3844 3840
3 3844 935 3840
3 3842 1449 1448
3 1449 2624 2623
3 2624 178 177
3 2624 177 2623
3 2623 1448 1449
3 1448 3843 3842
3 3843 936 935
3 3843 935 3842
3 3840 2029 2025
3 3018 449 447
3 3018 447 2029
3 447 3017 2029
3 3017 2025 2029
3 3840 935 936
3 2024 3754 3752
3 3754 877 875
3 3754 875 3752
3 3753 1411 1409
3 1411 2591 2590
3 2591 157 156
3 2591 156 2590
3 2590 1409 1411
3 1409 3751 3753
3 3751 875 877
3 3751 877 3753
3 3840 936 933
3 3843 1448 1447
3 2623 177 176
3 176 2622 2623
3 2622 1447 1448
3 2622 1448 2623
3 2622 1446 1447
3 1446 3837 3843
3 3837 933 936
3 3837 936 3843
3 3843 1447 1446
3 3840 2032 2029
3 2032 3020 3018
3 3020 449 3018
3 3018 2029 2032
3 3019 2031 2030
3 2031 3757 2030
3 3757 880 878
3 3757 878 2030
3 880 3756 3755
3 3756 1412 3755
3 157 2591 2592
3 2591 1412 2592
3 2591 1411 1412
3 3755 878 880
3 3755 1412 1411
3 878 3754 2030
3 3754 2028 2030
3 2028 449 3019
3 3019 2030 2028
3 2033 3022 3021
3 3022 451 450
3 3022 450 3021
3 2035 3841 3838
3 3841 933 931
3 3841 931 3838
3 2622 1445 1446
3 3837 931 933
3 3837 1446 1445
3 3838 2034 2035
3 2034 451 3023
3 3023 2035 2034
3 933 3841 3840
3 3841 2035 2032
3 3841 2032 3840
3 2035 3023 3020
3 3023 451 449
3 3023 449 3020
3 3020 2032 2035
3 3022 2033 2031
3 2033 3759 3757
3 3759 881 880
3 3759 880 3757
3 3757 2031 2033
3 881 3758 3756
3 3758 1415 1414
3 3758 1414 3756
3 1415 2593 2592
3 2593 158 157
3 2593 157 2592
3 2592 1414 1415
3 2592 1412 1414
3 3756 880 881
3 3756 1414 1412
3 2031 3019 3022
3 3019 449 451
3 3019 451 3022
3 3834 932 928
3 3839 1445 1444
3 1445 2622 2621
3 2622 176 175
3 2622 175 2621
3 2621 1444 1445
3 1444 3833 3839
3 3833 928 932
3 3833 932 3839
3 1445 3839 3837
3 3839 932 931
3 3839 931 3837
3 932 3834 3838
3 3834 2037 2034
3 3834 2034 3838
3 2037 3024 451
3 3024 450 451
3 451 2034 2037
3 3838 931 932
3 2036 3760 3759
3 3760 883 882
3 3760 882 3759
3 883 1416 1415
3 883 1415 3758
3 1416 2594 2593
3 2594 158 2593
3 2593 1415 1416
3 3758 882 883
3 3758 881 882
3 3759 2033 2036
3 3021 2036 2033
3 3759 882 881
3 3761 2040 2038
3 2040 3027 452
3 3027 453 452
3 452 2038 2040
3 2039 3836 3832
3 3836 928 3832
3 928 3833 3835
3 3833 1444 1443
3 3833 1443 3835
3 1444 2621 2620
3 2621 175 174
3 2621 174 2620
3 2620 1443 1444
3 1443 3831 3835
3 3831 928 3835
3 2039 3026 3025
3 3026 452 453
3 3026 453 3025
3 3836 2039 2037
3 3025 453 450
3 450 3024 3025
3 3024 2037 2039
3 3024 2039 3025
3 2037 3834 3836
3 3834 928 3836
3 3761 884 883
3 884 3763 3762
3 3763 1417 1416
3 3763 1416 3762
3 1417 2595 2594
3 2595 159 158
3 2595 158 2594
3 2594 1416 1417
3 1416 883 3762
3 883 884 3762
3 883 3760 3761
3 3760 2036 2040
3 3760 2040 3761
3 2036 3021 3027
3 3021 450 453
3 3021 453 3027
3 3027 2040 2036
3 3828 929 927
3 929 3831 3827
3 3831 1443 1442
3 3831 1442 3827
3 1443 2620 2619
3 2620 174 2619
3 2619 1442 1443
3 3827 927 929
3 3831 929 928
3 929 3828 3832
3 3828 2042 2039
3 3828 2039 3832
3 2042 3029 3026
3 3029 454 452
3 3029 452 3026
3 3026 2039 2042
3 3832 928 929
3 2041 3766 3764
3 3766 885 3764
3 885 3765 3763
3 3765 1418 1417
3 3765 1417 3763
3 1418 2596 2595
3 2596 160 159
3 2596 159 2595
3 2595 1417 1418
3 3763 884 885
3 884 3761 3764
3 3761 2038 2041
3 3761 2041 3764
3 452 454 2038
3 454 3028 2038
3 3028 2041 2038
3 3764 885 884
3 3768 2046 2043
3 2046 3028 3030
3 3028 455 3030
3 3030 2043 2046
3 2045 3830 3826
3 3830 927 926
3 3830 926 3826
3 927 3827 3829
3 3827 1442 1441
3 3827 1441 3829
3 1442 2619 2618
3 2619 174 173
3 2619 173 2618
3 2618 1441 1442
3 1441 3825 3829
3 3825 926 927
3 3825 927 3829
3 2045 3031 3032
3 3031 455 3032
3 3830 2045 2042
3 2045 3032 3029
3 3032 455 454
3 3032 454 3029
3 3029 2042 2045
3 2042 3828 3830
3 3828 927 3830
3 2046 3768 3766
3 3768 888 887
3 3768 887 3766
3 1418 2597 2596
3 2597 161 160
3 2597 160 2596
3 1418 3765 3767
3 3765 887 888
3 3765 888 3767
3 3765 885 887
3 3766 2041 2046
3 3028 454 455
3 3028 2046 2041
3 3766 887 885
3 1419 3769 3771
3 3769 890 3771
3 3770 2043 2047
3 2043 3030 3033
3 3030 455 456
3 3030 456 3033
3 3033 2047 2043
3 2047 3772 3770
3 3772 890 3770
3 3031 2045 2044
3 2045 3826 3823
3 3826 926 924
3 3826 924 3823
3 3823 2044 2045
3 3825 1441 1440
3 1441 2618 2617
3 2618 173 2617
3 2617 1440 1441
3 1440 3822 3825
3 3822 924 926
3 3822 926 3825
3 924 3824 3823
3 3824 2044 3823
3 3034 456 455
3 3034 455 2044
3 455 3031 2044
3 2043 3770 3768
3 3770 890 888
3 3770 888 3768
3 3769 1419 1418
3 2597 1418 1419
3 1418 3767 3769
3 3767 888 890
3 3767 890 3769
3 2049 3824 3821
3 3824 924 922
3 3824 922 3821
3 924 3822 3820
3 3822 1440 1439
3 3822 1439 3820
3 1440 2617 2616
3 2617 173 172
3 2617 172 2616
3 2616 1439 1440
3 3820 922 924
3 3824 2049 2044
3 2049 3035 3034
3 3035 457 456
3 3035 456 3034
3 3034 2044 2049
3 2048 3778 3772
3 3778 893 890
3 3778 890 3772
3 893 3777 3771
3 3777 1421 1419
3 3777 1419 3771
3 1421 2600 2598
3 2600 162 161
3 2600 161 2598
3 161 2597 2598
3 2597 1419 1421
3 2597 1421 2598
3 3771 890 893
3 3772 2047 2048
3 3033 456 457
3 3033 2048 2047
3 3780 2053 2050
3 2053 3038 3036
3 3038 458 3036
3 3036 2050 2053
3 3035 2055 2054
3 2055 3821 2054
3 3821 922 920
3 3821 920 2054
3 922 3820 3819
3 3820 1439 1437
3 3820 1437 3819
3 2616 172 171
3 171 2615 2616
3 2615 1437 1439
3 2615 1439 2616
3 3819 920 922
3 2052 3037 3035
3 3037 458 3035
3 3035 2054 2052
3 3821 2055 2049
3 3035 458 457
3 3035 2049 2055
3 2053 3780 893
3 3780 894 893
3 3778 2053 893
3 3779 1422 1421
3 1422 2601 2600
3 2601 162 2600
3 2600 1421 1422
3 1421 3777 3779
3 3777 893 894
3 3777 894 3779
3 3778 2048 2053
3 2048 3033 3038
3 3033 457 458
3 3033 458 3038
3 3038 2053 2048
3 896 3782 3783
3 3782 2050 2056
3 3782 2056 3783
3 2050 3036 3039
3 3036 458 459
3 3036 459 3039
3 3039 2056 2050
3 3037 2052 2051
3 2052 2054 919
3 2054 920 919
3 919 2051 2052
3 3819 1437 1436
3 1437 2615 2614
3 2615 171 2614
3 2614 1436 1437
3 1436 3817 3819
3 3817 919 920
3 3817 920 3819
3 2051 3040 3037
3 3040 459 458
3 3040 458 3037
3 2051 919 3818
3 2050 3782 3780
3 3782 896 894
3 3782 894 3780
3 3781 1423 1422
3 2601 1422 1423
3 1422 3779 3781
3 3779 894 896
3 3779 896 3781
3 3787 2056 2057
3 3043 459 460
3 460 3041 3043
3 3041 2057 2056
3 3041 2056 3043
3 2057 3785 3787
3 3785 897 3787
3 3044 2051 2059
3 2051 3818 3816
3 3818 919 917
3 3818 917 3816
3 3816 2059 2051
3 3817 1436 1435
3 1436 2614 2613
3 2614 171 170
3 2614 170 2613
3 2613 1435 1436
3 1435 3815 3817
3 3815 917 919
3 3815 919 3817
3 3815 915 917
3 3816 2058 2059
3 2058 3042 3044
3 3042 460 459
3 3042 459 3044
3 3044 2059 2058
3 3816 917 915
3 2051 3044 3040
3 3044 459 3040
3 2056 3787 3783
3 3787 897 896
3 3787 896 3783
3 897 3784 3786
3 3784 1424 1423
3 3784 1423 3786
3 1424 2603 2602
3 2603 163 162
3 2603 162 2602
3 162 2601 2602
3 2601 1423 1424
3 2601 1424 2602
3 1423 3781 3786
3 3781 896 897
3 3781 897 3786
3 2056 3039 3043
3 3039 459 3043
3 3788 899 900
3 899 3785 3789
3 3785 2057 2060
3 3785 2060 3789
3 2057 3041 3045
3 3041 460 461
3 3041 461 3045
3 3045 2060 2057
3 3789 900 899
3 2058 3816 3812
3 3816 915 3812
3 915 3815 3811
3 3815 1435 1434
3 3815 1434 3811
3 1435 2613 2612
3 2613 170 2612
3 2612 1434 1435
3 915 3814 3812
3 3814 2061 2058
3 3814 2058 3812
3 2061 3046 3042
3 3046 461 460
3 3046 460 3042
3 3042 2058 2061
3 3785 899 897
3 899 3788 3784
3 3788 1425 1424
3 3788 1424 3784
3 1425 2604 2603
3 2604 164 163
3 2604 163 2603
3 2603 1424 1425
3 3784 897 899
3 3793 2060 2062
3 3048 461 462
3 462 3047 3048
3 3047 2062 2060
3 3047 2060 3048
3 2062 3791 3793
3 3791 900 3793
3 2061 3814 3810
3 3814 915 914
3 3814 914 3810
3 915 3811 3813
3 3811 1434 1433
3 3811 1433 3813
3 1434 2612 2611
3 2612 170 169
3 2612 169 2611
3 2611 1433 1434
3 1433 3809 3813
3 3809 914 915
3 3809 915 3813
3 3810 2064 2061
3 2063 462 461
3 2063 461 2064
3 461 3046 2064
3 3046 2061 2064
3 2060 3793 3789
3 3793 900 3789
3 900 3790 3792
3 3790 1426 1425
3 3790 1425 3792
3 1426 2605 2604
3 2605 165 164
3 2605 164 2604
3 2604 1425 1426
3 1425 3788 3792
3 3788 900 3792
3 461 3048 3045
3 3048 2060 3045
3 1377 2568 4083
3 2568 139 4083
3 2268 1377 6511
3 1377 4083 3695
3 1377 3695 6511
3 139 828 6318
3 6318 4083 139
3 4083 6318 3695
3 6318 828 3695
3 1954 3695 2965
3 3695 828 418
3 3695 418 2965
3 2922 1818 1821
3 1821 6382 3992
3 6382 3688 3992
3 6462 3688 824
3 3688 6462 3992
3 6462 1038 3992
3 3688 6382 1818
3 6382 1821 1818
3 2268 6511 1954
3 6511 3695 1954
3 1954 3993 3687
3 1038 6462 6316
3 6462 824 6316
3 6316 3993 1038
3 3993 6316 3687
3 6316 824 3687
3 3687 2268 1954
3 1380 4085 2569
3 4085 1382 140
3 4085 140 2569
3 3698 2277 1380
3 2277 3700 4085
3 3700 832 1382
3 3700 1382 4085
3 4085 1380 2277
3 2924 1827 1823
3 1823 6489 3699
3 6489 3994 3699
3 830 3699 1039
3 3699 3994 1039
3 3994 6489 1827
3 6489 1823 1827
3 1955 6503 3700
3 6503 2965 3700
3 832 2965 418
3 2965 832 3700
3 2277 3698 3995
3 1039 6319 830
3 6319 3698 830
3 3698 6319 3995
3 6319 1039 3995
3 3700 2277 1955
3 3995 1955 2277
3 1320 3580 3584
3 3580 6447 730
3 6447 729 730
3 3580 730 3584
3 2921 6433 1820
3 6433 359 1820
3 3987 1820 1036
3 729 3581 3583
3 2143 3581 1817
3 3581 2143 3583
3 1820 3987 2921
3 3987 2143 1817
3 3987 1817 2921
3 1822 4145 2923
3 4145 1826 360
3 4145 360 2923
3 730 3583 3585
3 3583 2143 1822
3 3583 1822 3585
3 3987 1036 1826
3 1826 4145 3987
3 2143 4145 1822
3 4145 2143 3987
3 3583 730 729
3 2965 6503 1954
3 6503 1955 1954
3 1955 3995 4171
3 6465 3995 1039
3 3995 6465 4171
3 6465 1038 4171
3 1954 4171 3993
3 4171 1038 3993
3 4171 1954 1955
3 2924 360 1826
3 3994 1827 2329
3 1826 1036 2924
3 1036 3988 2924
3 3988 2329 2924
3 2329 1827 2924
3 2922 1820 359
3 3988 1036 1820
3 1820 2922 3988
3 1821 6488 2922
3 6488 3988 2922
3 2329 4214 3994
3 1038 6465 4214
3 6465 1039 4214
3 4214 1039 3994
3 3988 6488 2329
3 6488 1821 2329
3 1038 4214 3992
3 4214 2329 1821
3 4214 1821 3992
3 2502 5417 665
3 5417 1270 665
3 1271 2502 665
3 1270 5418 2088
3 6333 2088 5418
3 3458 6333 3456
3 6333 5418 3456
3 665 1270 3459
3 2880 4548 2881
3 4548 337 2881
3 1728 6005 1731
3 6005 2881 1731
3 6005 2880 2881
3 3457 6006 998
3 6006 1728 998
3 2089 3457 998
3 998 1728 3897
3 1728 1731 3897
3 4087 2090 2882
3 2090 1735 2882
3 2882 338 4087
3 665 4917 1733
3 4087 338 4917
3 338 1733 4917
3 665 3459 4917
3 3459 3460 4917
3 3460 4087 4917
3 998 5037 2089
3 5037 1735 2089
3 1735 5037 3898
3 5037 998 3898
3 2090 6127 2088
3 3459 1270 6127
3 1270 2088 6127
3 2090 4087 6127
3 4087 3460 6127
3 3460 3459 6127
3 3458 664 1735
3 664 2089 1735
3 1735 2090 3458
3 2088 6333 2090
3 6333 3458 2090
3 1318 5504 1320
3 5504 2548 1320
3 2547 2548 5504
3 3584 730 4065
3 730 2138 4065
3 727 5008 2138
3 5008 3576 2138
3 3576 4065 2138
3 1320 3584 1318
3 3584 4065 1318
3 3901 6181 360
3 6181 2144 360
3 999 3900 1824
3 3900 3901 360
3 3900 360 1824
3 2144 4184 1822
3 4184 3586 1822
3 3586 3585 1822
3 360 2144 2923
3 2144 1822 2923
3 2877 6007 4086
3 6007 1729 4086
3 337 4543 1732
3 4543 2877 1732
3 2877 4086 1732
3 3577 5009 3578
3 5009 727 3578
3 1729 6008 2139
3 6008 3577 3578
3 6008 3578 2139
3 3900 999 4086
3 999 1732 4086
3 4086 1729 3900
3 2139 3900 1729
3 730 5010 2138
3 4184 727 5010
3 727 2138 5010
3 730 3585 5010
3 3585 3586 5010
3 3586 4184 5010
3 2144 6180 2139
3 3900 2139 6180
3 2144 6181 6180
3 6181 3901 6180
3 3901 3900 6180
3 4184 6179 3578
3 6179 2139 3578
3 3578 727 4184
3 2139 6179 2144
3 6179 4184 2144
3 4084 5530 2569
3 5530 1380 2569
3 140 4084 2569
3 3696 6230 140
3 6230 2275 140
3 829 3697 835
3 3697 140 835
3 3697 3696 140
3 1380 5530 2275
3 5530 4084 140
3 5530 140 2275
3 2883 1736 829
3 338 4549 1734
3 4549 2883 829
3 4549 829 1734
3 1736 6010 2276
3 6010 3904 2276
3 3904 3906 2276
3 2276 6232 1736
3 6232 829 1736
3 829 6232 3697
3 6232 2276 3697
3 2925 4571 2924
3 4571 360 2924
3 2924 1823 2925
3 1823 1825 2925
3 1000 5038 2278
3 5038 3905 4147
3 5038 4147 2278
3 3699 830 4147
3 830 2278 4147
3 4147 1825 3699
3 1825 1823 3699
3 2275 6231 2276
3 6231 3697 2276
3 2275 6230 6231
3 6230 3696 6231
3 3696 3697 6231
3 830 3698 2278
3 3698 1380 2278
3 3906 1000 1380
3 1000 2278 1380
3 1380 2275 3906
3 2275 2276 3906
3 1732 3902 337
3 3902 2881 337
3 999 3903 1732
3 3903 3902 1732
3 2299 6234 1731
3 6234 3897 1731
3 2299 4202 6234
3 4202 3899 6234
3 3899 3897 6234
3 1731 2881 2299
3 3902 6513 2881
3 6513 2299 2881
3 360 4571 1824
3 4571 2925 1824
3 3905 5038 3907
3 5038 1000 3907
3 1825 4147 2301
3 4147 3905 2301
3 3905 3907 2301
3 4146 6236 3903
3 6236 2301 3903
3 1824 2925 999
3 2925 3903 999
3 2925 4146 3903
3 2301 6236 1825
3 6236 4146 1825
3 4146 2925 1825
3 2883 4549 2882
3 4549 338 2882
3 1736 2883 1735
3 2883 2882 1735
3 2300 6235 998
3 6235 3898 998
3 2300 4088 6235
3 4088 3898 6235
3 3904 6010 4089
3 6010 1736 4089
3 1000 5039 2300
3 5039 4089 2300
3 1000 3906 5039
3 3906 3904 4089
3 3906 4089 5039
3 4088 2300 4089
3 1735 3898 1736
3 3898 4088 4089
3 3898 4089 1736
3 3903 2301 3902
3 2299 6513 2301
3 6513 3902 2301
3 998 3897 2300
3 3897 3899 4202
3 3897 4202 2300
3 3907 1000 4202
3 1000 2300 4202
3 4202 2299 3907
3 2299 2301 3907
3 275 55 57
3 59 590 57
3 590 275 57
3 5898 3535 3527
3 3535 4979 4973
3 4979 704 702
3 4979 702 4973
3 4973 3527 3535
3 3527 5896 5898
3 5896 1681 5898
3 4975 3534 3533
3 3534 5477 5475
3 5477 1301 1300
3 5477 1300 5475
3 5475 3533 3534
3 5476 2533 2532
3 2533 4353 4352
3 113 4352 114
3 4352 4353 114
3 113 4351 4352
3 4351 2532 4352
3 2532 2533 4352
3 4351 2531 2532
3 2531 5473 5476
3 5473 1300 1301
3 5473 1301 5476
3 5476 2532 2531
3 1300 5474 5475
3 5474 3526 3533
3 5474 3533 5475
3 3526 4972 4978
3 4972 702 704
3 4972 704 4978
3 704 4975 4978
3 4975 3533 4978
3 3533 3526 4978
3 114 281 113
3 5881 2821 2817
3 2821 4500 4497
3 4500 316 315
3 4500 315 4497
3 4497 2817 2821
3 5889 1674 1678
3 1674 5880 5890
3 5880 3539 3532
3 5880 3532 5890
3 3539 4983 4977
3 4983 707 703
3 4983 703 4977
3 703 4976 4977
3 4976 3532 3539
3 4976 3539 4977
3 5890 1678 1674
3 707 4980 4982
3 4980 3536 3530
3 4980 3530 4982
3 3536 5482 5479
3 5482 1302 5479
3 5479 3530 3536
3 1302 5481 5480
3 5481 2535 2534
3 5481 2534 5480
3 2535 4354 4353
3 114 4353 115
3 4353 4354 115
3 2534 2535 4353
3 4353 2533 2534
3 2533 5478 5480
3 5478 1302 5480
3 5480 2534 2533
3 2533 5476 5478
3 1302 5478 1301
3 5478 5476 1301
3 3530 4975 4982
3 4975 703 4982
3 703 707 4982
3 3530 5479 5477
3 5479 1302 1301
3 5479 1301 5477
3 4976 3531 3532
3 3531 5885 5890
3 5885 1676 1678
3 5885 1678 5890
3 5890 3532 3531
3 5884 2818 2820
3 4498 315 316
3 4498 2820 2818
3 4498 2822 2820
3 2822 5889 5884
3 5889 1678 1676
3 5889 1676 5884
3 5884 2820 2822
3 281 6431 590
3 6431 705 590
3 705 275 590
3 115 705 114
3 705 6431 114
3 6431 281 114
3 271 583 276
3 118 712 117
3 712 276 117
3 276 712 271
3 4856 633 632
3 4858 3392 3389
3 5864 1671 1667
3 5864 3389 3392
3 1671 5872 5871
3 5872 2813 2811
3 5872 2811 5871
3 2813 4493 4489
3 312 6354 313
3 6354 4493 313
3 4493 6354 4489
3 6354 312 4489
3 4489 2811 2813
3 4489 2809 2811
3 2809 5863 5871
3 5863 1667 1671
3 5863 1671 5871
3 5871 2811 2809
3 3389 4857 4858
3 4857 632 633
3 4857 633 4858
3 5874 1673 1672
3 1673 5877 5876
3 5877 3546 3543
3 5877 3543 5876
3 3546 4990 4987
3 4990 710 709
3 4990 709 4987
3 4987 3543 3546
3 4987 3542 3543
3 3542 5870 5876
3 5870 1672 1673
3 5870 1673 5876
3 5876 3543 3542
3 710 4989 4988
3 4989 3545 3544
3 4989 3544 4988
3 3545 5489 5487
3 5489 1306 1305
3 5489 1305 5487
3 5487 3544 3545
3 5488 2539 2538
3 2539 4357 4356
3 116 4356 117
3 4356 4357 117
3 116 4355 4356
3 4355 2538 4356
3 2538 2539 4356
3 4355 2537 2538
3 2537 5485 5488
3 5485 1305 1306
3 5485 1306 5488
3 5488 2538 2537
3 5485 1304 1305
3 5486 3541 3544
3 3541 4985 4988
3 4985 709 710
3 4985 710 4988
3 4988 3544 3541
3 3544 5487 5486
3 5487 1305 1304
3 5487 1304 5486
3 4985 708 709
3 4986 3537 3542
3 5870 1670 1672
3 5870 3542 3537
3 5869 2810 2812
3 2810 4490 4492
3 313 4492 312
3 4492 4490 312
3 4492 2812 2810
3 313 4494 4492
3 4494 2814 2812
3 4494 2812 4492
3 2814 5874 5869
3 5874 1672 1670
3 5874 1670 5869
3 5869 2812 2814
3 3542 4987 4986
3 4987 709 708
3 4987 708 4986
3 117 276 116
3 1356 786 782
3 782 391 982
3 786 1919 782
3 1919 391 782
3 227 1523 788
3 1363 133 1523
3 133 788 1523
3 792 1363 983
3 1363 1523 983
3 504 2076 1137
3 19 1137 498
3 1137 2076 498
3 498 2076 227
3 2076 1522 227
3 980 1522 504
3 1522 2076 504
3 983 2289 792
3 391 792 982
3 792 2289 982
3 227 1522 1523
3 983 1523 980
3 1523 1522 980
3 982 2289 226
3 2289 980 226
3 980 2289 983
3 1590 258 1589
3 258 253 1589
3 1589 554 559
3 1589 559 1590
3 1186 3225 1181
3 3225 554 1181
3 43 1186 41
3 1186 1181 41
3 554 3225 559
3 1591 6313 1578
3 6313 754 1578
3 253 1591 249
3 1591 1578 249
3 554 4718 550
3 4718 1584 550
3 41 1181 39
3 1181 1174 39
3 550 1174 554
3 1174 1181 554
3 1584 4718 1589
3 4718 554 1589
3 249 1584 253
3 1584 1589 253
3 307 75 77
3 6351 307 311
3 79 311 77
3 311 307 77
3 3443 5981 5973
3 5981 1716 1712
3 5981 1712 5973
3 1716 5980 2865
3 5980 2867 2865
3 2867 4535 4532
3 4535 332 4532
3 332 331 4532
3 4532 2865 2867
3 4532 2863 2865
3 2863 5972 2865
3 5972 1712 1716
3 5972 1716 2865
3 2868 5984 5982
3 5984 1717 1714
3 5984 1714 5982
3 1717 5971 5983
3 5971 3491 3488
3 5971 3488 5983
3 3491 4940 4938
3 4940 685 683
3 4940 683 4938
3 4938 3488 3491
3 5983 1714 1717
3 3489 5441 5439
3 5441 1286 1285
3 5441 1285 5439
3 1285 5438 5439
3 5438 3489 5439
3 5440 2513 2512
3 103 4339 104
3 103 4338 4339
3 4338 2512 4339
3 2512 2513 4339
3 4338 2511 2512
3 2511 5437 5440
3 5437 1285 1286
3 5437 1286 5440
3 5440 2512 2511
3 5438 3487 3489
3 3487 4937 4942
3 4937 683 685
3 4937 685 4942
3 4942 3489 3487
3 3488 5979 5983
3 5979 1714 5983
3 5978 2864 2868
3 2864 4533 4536
3 332 4533 331
3 4533 332 4536
3 4536 2868 2864
3 2868 5982 5978
3 5982 1714 5978
3 311 79 630
3 630 199 311
3 104 199 103
3 104 6420 199
3 6420 311 199
3 311 6420 6351
3 6420 104 105
3 6420 105 6351
3 303 73 75
3 291 65 67
3 284 111 112
3 112 701 284
3 701 285 284
3 281 61 285
3 113 701 112
3 281 285 701
3 701 113 281
3 110 6422 297
3 6422 291 297
3 69 610 67
3 291 67 610
3 291 610 297
3 71 615 69
3 297 610 296
3 69 615 610
3 615 296 610
3 110 297 109
3 297 296 109
3 296 615 301
3 71 301 615
3 109 296 108
3 296 301 108
3 301 71 73
3 73 303 301
3 690 6421 107
3 6421 106 107
3 688 6421 303
3 6421 690 303
3 6421 688 106
3 303 690 301
3 75 307 303
3 106 688 105
3 307 6351 688
3 6351 105 688
3 307 688 303
3 788 216 221
3 488 2072 15
3 2072 13 15
3 488 221 216
3 122 731 121
3 731 726 121
3 199 630 198
3 630 0 198
3 103 682 102
3 198 682 199
3 682 103 199
3 200 123 102
3 102 682 200
3 682 198 200
3 47 6416 564
3 6416 257 564
3 564 45 47
3 119 265 118
3 257 573 119
3 573 265 119
3 6416 47 49
3 257 6416 573
3 6416 49 573
3 755 3619 754
3 3619 1337 754
3 1591 253 1604
3 253 258 1604
3 754 3618 755
3 3618 1604 755
3 1604 3618 1591
3 754 6313 3618
3 6313 1591 3618
3 1191 562 1186
3 559 3225 562
3 3225 1186 562
3 43 1191 1186
3 1191 43 3245
3 564 3245 45
3 3245 43 45
3 3245 2087 1191
3 257 1603 564
3 1603 1602 564
3 993 3894 562
3 1590 559 3894
3 559 562 3894
3 1590 3894 1605
3 3894 993 1605
3 2087 3245 1602
3 3245 564 1602
3 562 1191 993
3 1602 3893 1191
3 3893 993 1191
3 1191 2087 1602
3 1311 257 2544
3 257 119 2544
3 716 3559 994
3 3559 1782 994
3 257 1311 1603
3 3558 716 994
3 1311 3558 1603
3 3558 994 1603
3 995 1783 258
3 1783 1604 258
3 1783 3620 1604
3 3620 755 1604
3 1783 995 352
3 993 3893 994
3 3893 1603 994
3 3893 1602 1603
3 1605 993 1782
3 993 994 1782
3 995 1605 352
3 1605 1782 352
3 258 1590 995
3 1590 1605 995
3 1733 669 665
3 669 1274 1271
3 1274 98 1271
3 98 97 1271
3 1271 665 669
3 491 16 14
3 219 6343 12
3 6343 14 12
3 5136 3119 3121
3 4627 492 493
3 493 4629 4627
3 4629 3121 3119
3 4629 3119 4627
3 4628 3114 3120
3 3114 5593 5598
3 5593 1497 1502
3 5593 1502 5598
3 5598 3120 3114
3 1497 5589 5592
3 5589 2669 2671
3 5589 2671 5592
3 2669 4384 4386
3 4384 214 217
3 4384 217 4386
3 4386 2671 2669
3 2671 5597 5592
3 5597 1502 1497
3 5597 1497 5592
3 3120 4630 4628
3 4630 493 492
3 4630 492 4628
3 5587 1496 1498
3 3110 4618 489
3 4618 486 489
3 3110 5591 5588
3 5591 1498 1496
3 5591 1496 5588
3 4617 3107 3109
3 3107 5128 5132
3 5128 1124 5132
3 5132 3109 3107
3 1124 5125 5127
3 5125 2380 2382
3 5125 2382 5127
3 2380 4231 4234
3 14 4234 12
3 4234 4231 12
3 4234 2382 2380
3 5127 1126 1124
3 3109 4623 4617
3 4623 489 486
3 4623 486 4617
3 3109 5132 5134
3 5132 1124 1126
3 5132 1126 5134
3 5134 3115 3109
3 3115 4625 4623
3 4625 490 489
3 4625 489 4623
3 4623 3109 3115
3 4624 3118 3117
3 3118 5596 5591
3 5596 1501 1498
3 5596 1498 5591
3 5591 3117 3118
3 1501 5595 5594
3 5595 2672 2670
3 5595 2670 5594
3 2672 4387 4385
3 4387 217 214
3 4387 214 4385
3 4385 2670 2672
3 2670 5587 5594
3 5587 1498 1501
3 5587 1501 5594
3 5591 3110 3117
3 3110 489 4624
3 489 490 4624
3 4624 3117 3110
3 127 1338 1337
3 756 2176 1338
3 754 1337 2176
3 1338 2176 1337
3 355 1801 1799
3 992 2181 1801
3 756 1799 2181
3 1801 2181 1799
3 249 1578 1580
3 754 2177 1578
3 992 1580 2177
3 1578 2177 1580
3 756 2181 2176
3 992 2177 2181
3 754 2176 2177
3 2181 2177 2176
3 120 718 1315
3 2119 6476 719
3 6476 718 719
3 723 1315 2119
3 718 6476 1315
3 6476 2119 1315
3 241 243 6329
3 243 248 1576
3 243 1576 6329
3 991 2120 1576
3 241 2120 719
3 2120 241 6329
3 6329 1576 2120
3 355 1798 1800
3 723 2131 1798
3 991 1800 2131
3 1798 2131 1800
3 719 2120 2119
3 991 2131 2120
3 723 2119 2131
3 2120 2131 2119
3 1174 6470 37
3 6470 35 37
3 2084 6377 545
3 6377 1174 545
3 538 35 2084
3 35 6470 6377
3 6470 1174 6377
3 6377 2084 35
3 249 1579 1577
3 990 2086 1579
3 545 1577 2086
3 1579 2086 1577
3 248 1561 1575
3 538 2085 1561
3 990 1575 2085
3 1561 2085 1575
3 545 2086 2084
3 990 2085 2086
3 538 2084 2085
3 2086 2085 2084
3 355 1800 1801
3 991 2298 1800
3 992 1801 2298
3 1800 2298 1801
3 248 1575 1576
3 990 2296 1575
3 991 1576 2296
3 1575 2296 1576
3 249 1580 1579
3 992 2297 1580
3 990 1579 2297
3 1580 2297 1579
3 991 2296 2298
3 990 2297 2296
3 992 2298 2297
3 2296 2297 2298
3 6422 110 111
3 291 6422 284
3 6422 111 284
3 301 690 108
3 690 107 108
3 98 6305 213
3 6305 666 213
3 339 973 1737
3 213 2091 219
3 973 6428 2091
3 6428 219 2091
3 666 1737 2091
3 1737 973 2091
3 2091 213 666
3 743 6323 6448
3 6323 125 742
3 6323 742 6448
3 975 742 220
3 339 743 975
3 743 6448 975
3 6448 742 975
3 14 6343 972
3 6343 219 972
3 972 491 14
3 972 1506 491
3 1506 220 491
3 975 973 339
3 220 1506 975
3 219 6428 972
3 6428 973 972
3 973 975 1506
3 972 973 1506
3 6454 780 781
3 2949 389 1092
3 3660 6400 1916
3 6400 2218 1916
3 390 2953 1092
3 2218 6335 6394
3 6335 2953 6394
3 6394 1916 2218
3 1092 2953 2949
3 1912 6123 2218
3 2953 6335 6123
3 6335 2218 6123
3 2953 6123 2949
3 3659 6400 3660
3 780 3659 781
3 3659 3660 781
3 780 3657 3659
3 3657 1912 3659
3 2218 6400 1912
3 6400 3659 1912
3 3679 1367 2243
3 798 5034 134
3 2567 6306 5034
3 6306 134 5034
3 2567 5034 3685
3 1367 2567 2243
3 2567 3685 2243
3 4049 2243 1934
3 2962 6510 3685
3 6510 2243 3685
3 396 4574 798
3 3685 5034 4574
3 5034 798 4574
3 3685 4574 2962
3 4574 396 2962
3 2243 6510 6332
3 6510 2962 6332
3 6332 1934 2243
3 1094 6468 796
3 6468 3680 796
3 3679 2243 4049
3 4049 1094 3679
3 1094 796 3679
3 3774 6233 1420
3 6233 2284 1420
3 2284 3776 2599
3 889 161 4365
3 161 162 4365
3 3776 5035 4365
3 5035 889 4365
3 3776 4365 2599
3 4365 162 2599
3 2599 3773 2284
3 3773 1420 2284
3 892 3775 1095
3 1935 2962 3776
3 889 5035 396
3 5035 2962 396
3 2962 5035 3776
3 1935 3776 2284
3 4052 6233 3774
3 1095 5084 892
3 5084 3774 892
3 3774 5084 4052
3 5084 1095 4052
3 2284 6233 1935
3 6233 4052 1935
3 3680 6468 4051
3 6468 1094 4051
3 1913 6125 2360
3 4051 6125 3680
3 389 2952 1092
3 389 2950 2952
3 2950 1913 2952
3 2360 4045 1913
3 4045 2952 1913
3 1934 6332 1935
3 6332 2962 1935
3 4050 1934 4052
3 1934 1935 4052
3 1094 4050 1095
3 4050 4052 1095
3 1094 4049 4050
3 4049 1934 4050
3 1095 3775 4051
3 6336 3775 1917
3 3775 6336 4051
3 1092 5083 390
3 5083 2954 390
3 2954 5083 4045
3 1092 2952 5083
3 2952 4045 5083
3 4045 1917 2954
3 4045 2360 1917
3 2360 6125 4051
3 1095 4051 1094
3 4051 6336 2360
3 6336 1917 2360
3 1712 5975 5973
3 5975 3445 3443
3 5975 3443 5973
3 3445 4906 4904
3 4906 659 658
3 4906 658 4904
3 658 4901 4904
3 3445 6526 3443
3 6526 4901 3443
3 4901 6526 4904
3 6526 3445 4904
3 3444 5407 5405
3 5407 1264 1263
3 5407 1263 5405
3 5406 2497 2496
3 2497 4329 94
3 93 4328 94
3 4328 2496 94
3 2496 2497 94
3 4328 2495 2496
3 2495 5403 5406
3 5403 1263 1264
3 5403 1264 5406
3 5406 2496 2495
3 1263 5404 5405
3 5404 3442 3444
3 5404 3444 5405
3 3442 4903 4905
3 4903 658 659
3 4903 659 4905
3 4905 3444 3442
3 1719 5992 5987
3 5992 2873 2870
3 5992 2870 5987
3 2873 4540 4538
3 4540 334 333
3 4540 333 4538
3 333 4534 4538
3 4534 2870 2873
3 4534 2873 4538
3 2872 5990 1720
3 5991 3449 3447
3 3449 4910 4908
3 4910 660 659
3 4910 659 4908
3 4908 3447 3449
3 3447 5989 5991
3 5989 1720 5991
3 3448 5411 5408
3 5411 1266 5408
3 1266 1265 5408
3 1266 5410 5409
3 5410 2499 2498
3 5410 2498 5409
3 2499 4330 4329
3 94 4329 95
3 4329 4330 95
3 2498 2499 4329
3 4329 2497 2498
3 2497 5406 5409
3 1266 5409 1265
3 5409 5406 1265
3 5409 2498 2497
3 5406 1264 1265
3 4907 659 660
3 660 4909 4907
3 4909 3448 3446
3 4909 3446 4907
3 3448 5408 5407
3 5408 1265 1264
3 5408 1264 5407
3 5407 3446 3448
3 3447 5986 5989
3 5986 1718 1720
3 5986 1720 5989
3 5985 2869 2871
3 2869 4537 4539
3 4537 333 334
3 4537 334 4539
3 4539 2871 2869
3 4539 2872 2871
3 2872 1720 5985
3 1720 1718 5985
3 5985 2871 2872
3 202 467 201
3 1 201 467
3 95 202 94
3 202 201 94
3 201 1 78
3 201 657 94
3 657 93 94
3 1 467 2
3 206 474 204
3 4 204 474
3 97 206 96
3 206 204 96
3 2 204 4
3 78 309 201
3 657 6418 93
3 6418 92 93
3 655 6418 309
3 6418 657 309
3 6418 655 92
3 309 657 201
3 309 78 76
3 306 76 74
3 74 2457 306
3 2457 305 306
3 91 305 90
3 66 293 68
3 62 288 64
3 60 594 62
3 283 594 280
3 60 280 594
3 85 283 84
3 283 280 84
3 277 58 56
3 274 56 54
3 269 54 52
3 124 1325 1326
3 735 2145 1325
3 737 1326 2145
3 1325 2145 1326
3 247 1574 1572
3 989 2146 1574
3 735 1572 2146
3 1574 2146 1572
3 346 1754 1756
3 737 2148 1754
3 989 1756 2148
3 1754 2148 1756
3 735 2146 2145
3 989 2148 2146
3 737 2145 2148
3 2146 2148 2145
3 541 2081 36
3 2081 1172 36
3 542 1172 2081
3 246 1569 1568
3 987 2082 1569
3 541 532 2082
3 532 1568 2082
3 1569 2082 1568
3 1571 6482 247
3 6482 1573 247
3 2083 6482 542
3 6482 1571 542
3 987 1573 2083
3 6482 2083 1573
3 541 2082 2081
3 987 2083 2082
3 542 2081 2083
3 2082 2083 2081
3 99 1277 1275
3 675 2098 1277
3 1275 2098 673
3 2098 1275 1277
3 346 1755 1753
3 988 2104 1755
3 675 1753 2104
3 1755 2104 1753
3 246 240 1570
3 673 2099 240
3 988 1570 2099
3 240 2099 1570
3 675 2104 2098
3 988 2099 2104
3 673 2098 2099
3 2104 2099 2098
3 247 1573 1574
3 987 2294 1573
3 989 1574 2294
3 1573 2294 1574
3 246 1570 1569
3 988 2293 1570
3 987 1569 2293
3 1570 2293 1569
3 346 1756 1755
3 989 2295 1756
3 988 1755 2295
3 1756 2295 1755
3 987 2293 2294
3 988 2295 2293
3 989 2294 2295
3 2293 2295 2294
3 10 213 219
3 219 12 10
3 84 280 83
3 639 83 280
3 262 2742 1601
3 3896 996 567
3 996 3895 1190
3 1610 2741 3250
3 2741 261 3250
3 46 44 3250
3 44 1190 3250
3 3250 261 46
3 1190 3895 3250
3 3895 1610 3250
3 567 996 1190
3 1327 3597 736
3 3597 738 736
3 736 735 1327
3 735 1325 1327
3 738 3598 1588
3 3598 1770 1588
3 1770 2895 2743
3 6353 2895 349
3 2895 6353 2743
3 6353 262 2743
3 1770 2743 1588
3 262 256 2743
3 256 1588 2743
3 1588 736 738
3 1769 3474 997
3 3474 678 997
3 3473 1280 1610
3 1280 2505 2741
3 6419 2505 100
3 2505 6419 2741
3 6419 261 2741
3 2741 1610 1280
3 1610 3895 3473
3 3895 997 678
3 3895 678 3473
3 3895 996 997
3 996 3896 1769
3 3896 1601 1769
3 262 6353 2742
3 6353 349 2742
3 1601 2742 1769
3 2742 349 1769
3 997 996 1769
3 1601 3896 557
3 3896 567 557
3 1588 256 252
3 256 262 1600
3 262 1601 1600
3 1601 557 1600
3 557 567 1184
3 567 1190 1184
3 1190 44 42
3 1190 42 1184
3 552 548 1600
3 548 1571 1600
3 1571 252 256
3 1571 256 1600
3 1600 557 552
3 552 557 1176
3 557 1184 1176
3 1184 42 40
3 1184 40 1176
3 735 736 1572
3 736 1588 1572
3 1588 252 247
3 1588 247 1572
3 1176 40 38
3 1176 548 552
3 1571 247 252
3 212 10 8
3 66 601 293
3 601 290 293
3 88 293 87
3 293 290 87
3 264 571 261
3 571 48 261
3 101 264 100
3 261 6419 264
3 6419 100 264
3 5407 3444 3446
3 659 4907 4905
3 4907 3446 3444
3 4907 3444 4905
3 3445 5975 5986
3 5975 1712 1718
3 5975 1718 5986
3 1712 5972 5974
3 5972 2863 2869
3 5972 2869 5974
3 2863 4532 4537
3 333 4537 331
3 4537 4532 331
3 4537 2869 2863
3 2869 5985 5974
3 5985 1718 1712
3 5985 1712 5974
3 5986 3447 3445
3 3447 4908 4906
3 4908 659 4906
3 4906 3445 3447
3 2864 5978 5976
3 5978 1714 1713
3 5978 1713 5976
3 5979 3488 3481
3 3488 4938 4933
3 680 6445 683
3 6445 4938 683
3 4938 6445 4933
3 6445 680 4933
3 4933 3481 3488
3 3481 5977 5979
3 5977 1713 1714
3 5977 1714 5979
3 4937 3487 3486
3 3487 5438 5435
3 5438 1285 1284
3 5438 1284 5435
3 5435 3486 3487
3 1285 5437 5436
3 5437 2511 2510
3 5437 2510 5436
3 2511 4338 4337
3 102 4337 103
3 4337 4338 103
3 2510 2511 4337
3 4337 2509 2510
3 5436 1284 1285
3 5436 2510 2509
3 2509 5433 5436
3 5433 1283 1284
3 5433 1284 5436
3 5435 3480 3486
3 3480 4932 4937
3 683 4937 680
3 4937 4932 680
3 4937 3486 3480
3 5435 1284 1283
3 5435 3482 3480
3 3482 4935 4932
3 4935 681 680
3 4935 680 4932
3 4932 3480 3482
3 4936 3485 3484
3 3485 5988 5977
3 5988 1719 1713
3 5988 1713 5977
3 5977 3484 3485
3 5987 2870 2866
3 4534 333 331
3 331 4533 4534
3 2870 4534 2866
3 4534 4533 2866
3 4533 2864 2866
3 5976 1713 1719
3 1719 5987 5976
3 5987 2866 2864
3 5987 2864 5976
3 5977 3481 3484
3 3481 4933 4934
3 4933 680 681
3 4933 681 4934
3 681 4936 4934
3 4936 3484 3481
3 4936 3481 4934
3 76 306 309
3 92 655 91
3 655 306 91
3 306 305 91
3 306 655 309
3 2798 4478 4480
3 4478 302 304
3 4478 304 4480
3 5839 3358 3364
3 3358 3357 4833
3 3357 617 620
3 3357 620 4833
3 620 4835 4833
3 4835 3364 3358
3 4835 3358 4833
3 617 4822 4828
3 4822 3354 3356
3 4822 3356 4828
3 3354 5333 5338
3 5333 1233 1236
3 5333 1236 5338
3 5338 3356 3354
3 1233 5330 5332
3 5330 2458 2461
3 5330 2461 5332
3 2458 4302 4304
3 4302 72 74
3 4302 74 4304
3 4304 2461 2458
3 2461 5337 5332
3 5337 1236 1233
3 5337 1233 5332
3 5337 1237 1236
3 5340 3363 3356
3 3363 4834 4828
3 4834 620 617
3 4834 617 4828
3 4828 3356 3363
3 3356 5338 5340
3 5338 1236 1237
3 5338 1237 5340
3 4835 3365 3364
3 3365 5846 5842
3 5846 1658 1655
3 5846 1655 5842
3 1655 5839 5842
3 5839 3364 3365
3 5839 3365 5842
3 2799 4481 4479
3 4481 304 302
3 4481 302 4479
3 4479 2797 2799
3 2797 5838 5845
3 5838 1655 1658
3 5838 1658 5845
3 5845 2799 2797
3 295 609 293
3 609 68 293
3 89 295 88
3 293 88 295
3 290 601 288
3 601 64 288
3 87 290 86
3 288 86 290
3 62 594 288
3 594 283 288
3 86 288 85
3 288 283 85
3 58 277 280
3 83 639 82
3 277 636 639
3 636 82 639
3 277 639 280
3 56 274 277
3 82 636 81
3 274 81 636
3 274 636 277
3 54 269 274
3 269 270 81
3 270 80 81
3 269 81 274
3 1512 223 977
3 977 362 1512
3 362 6434 747
3 6434 750 747
3 362 747 1512
3 496 1131 2073
3 1131 16 491
3 1131 491 2073
3 974 2073 742
3 2073 491 220
3 2073 220 742
3 223 1511 1513
3 1511 496 974
3 1511 974 1513
3 2073 974 496
3 1331 976 125
3 976 742 125
3 6357 977 744
3 976 1331 977
3 1331 744 977
3 1513 977 223
3 742 976 974
3 6357 362 977
3 1513 974 976
3 1513 976 977
3 1501 5599 5595
3 5599 2674 2672
3 5599 2672 5595
3 2674 4389 4387
3 4389 218 217
3 4389 217 4387
3 4387 2672 2674
3 5602 1505 1503
3 5602 1503 2675
3 1505 3129 3122
3 3129 4636 4630
3 4636 497 493
3 4636 493 4630
3 4630 3122 3129
3 3122 1503 1505
3 4635 3128 3127
3 3128 5141 5137
3 5141 1132 1128
3 5141 1128 5137
3 5137 3127 3128
3 1132 5140 5135
3 5140 2387 2384
3 5140 2384 5135
3 2387 4237 4235
3 4237 17 15
3 4237 15 4235
3 4235 2384 2387
3 4235 2383 2384
3 5135 1128 1132
3 5135 2384 2383
3 5135 1127 1128
3 4629 493 497
3 497 4635 4629
3 4635 3127 3121
3 4635 3121 4629
3 3127 5137 5136
3 5137 1128 1127
3 5137 1127 5136
3 5136 3121 3127
3 4630 3120 3122
3 3120 5598 1503
3 5598 1502 1503
3 1503 3122 3120
3 5597 2671 2673
3 2671 4386 4388
3 4386 217 218
3 4386 218 4388
3 4388 2673 2671
3 4388 2675 2673
3 2675 1503 1502
3 2675 1502 5597
3 5597 2673 2675
3 120 1316 718
3 724 2117 1316
3 718 6475 717
3 6475 2117 717
3 2117 6475 1316
3 6475 718 1316
3 356 1805 724
3 979 2134 1805
3 1805 2134 724
3 225 231 1519
3 231 1533 2118
3 1533 717 2118
3 979 1519 2118
3 231 2118 1519
3 724 2134 2117
3 979 2118 2134
3 717 2117 2118
3 2134 2118 2117
3 132 1356 1357
3 782 2219 1356
3 783 1357 2219
3 1356 2219 1357
3 226 1521 982
3 981 2220 1521
3 982 2220 782
3 2220 982 1521
3 356 1804 1806
3 783 2222 1804
3 981 1806 2222
3 1804 2222 1806
3 782 2220 2219
3 2222 2220 981
3 783 2219 2222
3 2220 2222 2219
3 19 21 1137
3 503 2077 21
3 504 1137 2077
3 21 2077 1137
3 225 1518 1517
3 978 2078 1518
3 503 507 2078
3 507 1517 2078
3 1518 2078 1517
3 980 6367 226
3 6367 1520 226
3 2079 6367 504
3 6367 980 504
3 978 1520 2079
3 6367 2079 1520
3 503 2078 2077
3 978 2079 2078
3 504 2077 2079
3 2078 2079 2077
3 356 1806 1805
3 981 2288 1806
3 979 1805 2288
3 1806 2288 1805
3 226 1520 1521
3 978 2287 1520
3 981 1521 2287
3 1520 2287 1521
3 225 1519 1518
3 979 2286 1519
3 978 1518 2286
3 1519 2286 1518
3 981 2287 2288
3 978 2286 2287
3 979 2288 2286
3 2287 2286 2288
3 3145 5622 1516
3 5622 1525 1516
3 5621 2687 2684
3 2687 4399 4396
3 4399 228 224
3 4399 224 4396
3 4396 2684 2687
3 2684 5617 5621
3 5617 1516 1525
3 5617 1525 5621
3 4644 3140 3139
3 3140 5156 5150
3 5156 1140 1136
3 5156 1136 5150
3 5150 3139 3140
3 1140 5155 5154
3 5155 2391 2389
3 5155 2389 5154
3 2391 4242 4240
3 19 6412 21
3 6412 4242 21
3 4242 6412 4240
3 6412 19 4240
3 4240 2389 2391
3 2389 5148 5154
3 5148 1136 1140
3 5148 1140 5154
3 5149 3135 3139
3 3135 4641 4644
3 4641 502 4644
3 4644 3139 3135
3 3139 5150 5149
3 5150 1136 5149
3 4643 3137 3138
3 3137 5616 5619
3 5616 1515 1524
3 5616 1524 5619
3 5619 3138 3137
3 1515 5612 5615
3 5612 2683 2685
3 5612 2685 5615
3 2683 4395 4397
3 4395 224 228
3 4395 228 4397
3 4397 2685 2683
3 228 4398 4397
3 4398 2686 2685
3 4398 2685 4397
3 2686 5618 5615
3 5618 1524 1515
3 5618 1515 5615
3 5615 2685 2686
3 1524 5620 5619
3 5620 3141 3138
3 5620 3138 5619
3 3141 4645 4643
3 4645 502 4643
3 4643 3138 3141
3 225 1517 512
3 1517 507 512
3 507 503 23
3 503 21 23
3 23 25 507
3 25 512 507
3 1510 5605 5609
3 5605 2679 2680
3 5605 2680 5609
3 2679 4392 4393
3 4392 222 4393
3 4393 2680 2679
3 2678 5603 5607
3 5603 1507 1509
3 5603 1509 5607
3 5604 3126 3133
3 3126 4633 4638
3 4633 495 499
3 4633 499 4638
3 4638 3133 3126
3 3133 5608 5604
3 5608 1509 1507
3 5608 1507 5604
3 495 4632 4634
3 4632 3123 3125
3 4632 3125 4634
3 3123 5139 5144
3 5139 1130 1134
3 5139 1134 5144
3 5144 3125 3123
3 5138 2386 2388
3 2386 4236 4239
3 18 6344 16
3 6344 4236 16
3 4236 6344 4239
3 6344 18 4239
3 4239 2388 2386
3 2388 5143 5138
3 5143 1134 1130
3 5143 1130 5138
3 1134 5146 5144
3 5146 3131 3125
3 5146 3125 5144
3 3131 4639 4634
3 4639 499 495
3 4639 495 4634
3 4634 3125 3131
3 5607 2681 2678
3 2681 4394 4391
3 4394 222 4391
3 4391 2678 2681
3 4641 501 502
3 501 4637 4642
3 4637 3136 3137
3 4637 3137 4642
3 3136 5610 5616
3 5610 1510 1515
3 5610 1515 5616
3 5616 3137 3136
3 1510 5609 5612
3 5609 2680 2683
3 5609 2683 5612
3 2680 4393 4395
3 4393 222 224
3 4393 224 4395
3 4395 2683 2680
3 5612 1515 1510
3 3137 4643 4642
3 4643 502 501
3 4643 501 4642
3 4394 2681 2682
3 2681 5607 5613
3 5607 1509 1514
3 5607 1514 5613
3 5613 2682 2681
3 1509 5608 5611
3 5608 3133 3143
3 5608 3143 5611
3 4638 499 505
3 505 4648 4638
3 4648 3143 3133
3 4648 3133 4638
3 3143 5614 5611
3 5614 1514 1509
3 5614 1509 5611
3 4639 3131 3132
3 3131 5146 5152
3 5146 1134 1138
3 5146 1138 5152
3 5152 3132 3131
3 1134 5143 5145
3 5143 2388 2390
3 5143 2390 5145
3 2388 4239 4241
3 4239 18 4241
3 18 20 4241
3 4241 2390 2388
3 2390 5151 5145
3 5151 1138 1134
3 5151 1134 5145
3 5152 3142 3132
3 3142 4647 4639
3 4647 505 499
3 4647 499 4639
3 4639 3132 3142
3 3145 1516 5614
3 1516 1514 5614
3 5617 2684 2682
3 2684 4396 4394
3 4396 224 222
3 4396 222 4394
3 4394 2682 2684
3 2682 5613 5617
3 5613 1514 1516
3 5613 1516 5617
3 5614 3143 3145
3 3143 4648 4649
3 4648 505 4649
3 4649 3145 3143
3 1512 230 223
3 500 1139 1135
3 1139 20 18
3 1139 18 1135
3 1511 223 230
3 496 1511 500
3 1131 496 1135
3 496 500 1135
3 16 1131 18
3 1131 1135 18
3 305 300 90
3 2457 74 72
3 300 305 2457
3 72 300 2457
3 5832 3349 3355
3 3349 4821 4827
3 4821 613 616
3 4821 616 4827
3 4827 3355 3349
3 3355 5834 5832
3 5834 1652 5832
3 3348 5326 5331
3 5326 1230 1233
3 5326 1233 5331
3 1230 5323 5325
3 5323 2455 2458
3 5323 2458 5325
3 2455 4299 4301
3 72 4301 70
3 4301 4299 70
3 72 4302 4301
3 4302 2458 2455
3 4302 2455 4301
3 2458 5330 5325
3 5330 1233 1230
3 5330 1230 5325
3 1233 5333 5331
3 5333 3354 3348
3 5333 3348 5331
3 4822 616 613
3 613 4820 4822
3 4820 3348 3354
3 4820 3354 4822
3 4822 617 616
3 3358 5839 5834
3 5839 1655 1652
3 5839 1652 5834
3 5834 3357 3358
3 1655 5838 5837
3 5838 2797 2794
3 5838 2794 5837
3 2797 4479 4476
3 4479 302 299
3 4479 299 4476
3 4476 2794 2797
3 2794 5831 5837
3 5831 1652 1655
3 5831 1655 5837
3 5834 3355 3357
3 4827 616 617
3 617 3357 4827
3 3357 3355 4827
3 4478 2798 2796
3 2798 5843 5840
3 5843 1657 1656
3 5843 1656 5840
3 5840 2796 2798
3 5844 3370 3362
3 3370 4839 4832
3 4839 622 619
3 4839 619 4832
3 4832 3362 3370
3 3362 5841 5844
3 5841 1656 1657
3 5841 1657 5844
3 622 4838 4830
3 4838 3369 3368
3 4838 3368 4830
3 5336 1238 1235
3 1235 5335 5336
3 5335 3368 3369
3 5335 3369 5336
3 5341 2462 2460
3 2462 4305 4303
3 4305 75 4303
3 75 73 4303
3 4303 2460 2462
3 4303 2459 2460
3 2459 5334 5341
3 5334 1235 1238
3 5334 1238 5341
3 5341 2460 2459
3 5334 1234 1235
3 5335 3360 3368
3 4830 619 622
3 4830 3368 3360
3 5335 1235 1234
3 4830 618 619
3 4831 3361 3362
3 3361 5836 5841
3 5836 1654 1656
3 5836 1656 5841
3 5841 3362 3361
3 5835 2795 2796
3 2795 2793 4477
3 302 4477 299
3 4477 2793 299
3 302 4478 4477
3 4478 2796 2795
3 4478 2795 4477
3 2796 5840 5835
3 5840 1656 1654
3 5840 1654 5835
3 3362 4832 4831
3 4832 619 618
3 4832 618 4831
