OFF
3400 6804 0
0.435925 0 0.628306 
0 0 0 
0 1 0 
0.217962 0.314153 0.954219 
0.217962 1 0.954219 
0 1 0.954219 
0.217962 1 0.628306 
0 0 0.954219 
0.435925 0 0.954219 
0.435925 0.314153 0.954219 
0.217962 0.314153 0.628306 
0.435925 0.314153 0.628306 
0.5739675 0.7421564 0.4839483 
0.5449739 0.3628401 0.5039018 
0.5359441 0.9294465 0.5094355 
0.5114021 0.9620191 0.5196791 
0.54616 0.812171 0.5031749 
0.5506855 0.5534012 0.5004015 
0.5647215 0.1879983 0.4917999 
0.5441893 0.7673974 0.5043826 
0.5679936 0.2800351 0.4890505 
0.5573401 1 0.4963234 
0.5459705 0.149857 0.503291 
0.5294403 0.5955139 0.5122076 
0.5562283 0.6215057 0.4970047 
0.5697397 0.5873156 0.4875592 
0.5345079 0.403171 0.5101086 
0.5309205 0.2914713 0.5115945 
0.54431 0.07645182 0.5043086 
0.5402166 0 0.5069977 
0.5562244 0.03836725 0.4970072 
0.5282041 0.6417988 0.5127197 
0.5566891 0.322061 0.4967223 
0.5418301 0.252317 0.5058284 
0.5133207 0.7929602 0.5188844 
0.540404 0.7245589 0.5067023 
0.5310229 0.5175166 0.5115521 
0.5117657 0.5555436 0.5195284 
0.5467354 0.2168441 0.5028223 
0.5504981 0.8558931 0.5005164 
0.534957 0.6832714 0.5099226 
0.518016 0.331371 0.5169396 
0.524503 0.8861727 0.5142527 
0.5045847 0.3711553 0.5225028 
0.5032547 0.260451 0.5229698 
0.5282366 0.1846114 0.5127062 
0.4955985 0.4102593 0.5248079 
0.4622612 0.2666197 0.5315219 
0.4906587 0.2993119 0.5259939 
0.5228401 0.4437171 0.5149415 
0.5137052 0.2221436 0.5187251 
0.5230407 0.03909098 0.5148584 
0.506652 0.07708845 0.5216466 
0.5264131 0.1137566 0.5134615 
0.4395603 0.9591604 0.533308 
0.4768238 0.9597609 0.5293155 
0.4899237 0.1885701 0.5261703 
0.4898616 0.5882379 0.5261853 
0.4841398 0.4505161 0.527559 
0.4859218 0.8813366 0.5271311 
0.4759437 0.2284176 0.5295268 
0.4577368 0.3799358 0.5318778 
0.5001686 0.9216593 0.5237107 
0.5120997 0.841557 0.5193901 
0.505712 0 0.5221145 
0.5080736 0.4834497 0.5210577 
0.4645471 0.1538352 0.531342 
0.5070174 0.1504654 0.5214952 
0.4683471 0.07624184 0.531043 
0.4873648 0.03881842 0.5267847 
0.4508959 0.03807706 0.532416 
0.490965 0.6247838 0.5259203 
0.4610007 0.4202063 0.531621 
0.4515498 0.1977522 0.5323646 
0.487268 0.1149484 0.526808 
0.4435197 0.8812932 0.5329964 
0.4481387 0.602906 0.532633 
0.401475 0.9589109 0.5308638 
0.4194264 0.2726314 0.5322959 
0.4616771 0.919686 0.5315678 
0.4662284 0.8455499 0.5312097 
0.4500136 0.304523 0.5324855 
0.4658732 0.4868494 0.5312377 
0.4343946 0.2353731 0.5334736 
0.5078669 0.7501364 0.5211434 
0.4682704 0.5589063 0.531049 
0.4760008 0.3391365 0.5295131 
0.4834113 0.8127493 0.5277339 
0.4091006 0.2058416 0.5314834 
0.4750311 0.7754811 0.5297459 
0.4600809 0.69334 0.5316934 
0.4461799 0.806491 0.5327871 
0.4669974 0.7352957 0.5311492 
0.5015115 0.708653 0.5233883 
0.4892547 0.5213048 0.5263309 
0.4950338 0.6669683 0.5249435 
0.4460339 0.5232337 0.5327986 
0.4021029 0.8799224 0.5309328 
0.4541696 0.6492698 0.5321585 
0.4330529 0.7654789 0.5333681 
0.4247965 0.7231142 0.5327184 
0.4214975 0.9191275 0.5324588 
0.4275091 0.5611657 0.5329319 
0.4328368 0.3420783 0.533351 
0.3818516 0.9185743 0.5261523 
0.4238704 0.8420939 0.5326455 
0.357917 0.1167716 0.5186305 
0.4280818 0.1744076 0.5329769 
0.4018169 0.5946566 0.5309103 
0.4118911 0.3077854 0.531703 
0.3943121 0 0.5295964 
0.4086872 0.3745219 0.5314509 
0.4244459 0.4130087 0.5326908 
0.4166228 0.1124362 0.5320753 
0.4424286 0.4522085 0.5330823 
0.3912253 0.2428838 0.5284029 
0.4499126 0.1129498 0.5324934 
0.3645447 0.7997051 0.5213756 
0.3829277 0.8397993 0.5264106 
0.505868 0 0.5969366 
0.4192315 0.6784158 0.5322806 
0.343424 0.840467 0.5126277 
0.361953 0.8794545 0.5203022 
0.3432269 0.9191508 0.512546 
0.412168 0.6350105 0.5317248 
0.4028617 0.5231192 0.5309925 
0.4053559 0.8005664 0.5311888 
0.4225174 0.4871682 0.5325391 
0.3503707 0.160204 0.5155049 
0.3907863 0.1713322 0.5282974 
0.3683579 0.2046641 0.5229125 
0.3890887 0.5569033 0.5278898 
0.4011898 0.4492317 0.5307953 
0.3607618 0.5785708 0.5198088 
0.3227089 0.1180018 0.5013483 
0.3546392 0.03092569 0.5172729 
0.3883411 0.3346875 0.5277104 
0.3751942 0.2871962 0.5245539 
0.3864865 0.7070314 0.5272651 
0.3458439 0.6912307 0.51363 
0.3885979 0.7564411 0.527772 
0.3366751 0.6503572 0.5098323 
0.3575403 0.7292555 0.5184745 
0.3488548 0.3265178 0.514877 
0.3691237 0.6218545 0.5230964 
0.3778336 0.6638293 0.5251876 
0.3831104 0.4092347 0.5264545 
0.3251177 0.802405 0.5028244 
0.3332569 0.2855528 0.5078121 
0.2879859 0.09104788 0.4754968 
0.2938666 0.2051782 0.4805194 
0.3239108 0.8811835 0.5020849 
0.2964011 0.1307905 0.4826841 
0.3080753 0.07055049 0.4923807 
0.3251621 0.3636303 0.5028517 
0.3100204 0.3235154 0.4935727 
0.3237761 0.4419528 0.5020023 
0.3138348 0.1650474 0.4959102 
0.3650078 0.3687021 0.5215674 
0.2799744 0.9597408 0.4684068 
0.290374 0.7266832 0.4775365 
0.2821955 0.1625851 0.4705514 
0.2906328 0.8034487 0.4777575 
0.2899895 0.8819997 0.4772081 
0.3018374 0.6346208 0.487327 
0.2867072 0.3599937 0.4744048 
0.289185 1 0.4765395 
0.3309388 0.9595007 0.5063916 
0.3050651 0.9238736 0.4900837 
0.2393082 0.8051348 0.4111408 
0.2499365 0.6854993 0.4293382 
0.2458462 0.2550808 0.4226637 
0.267546 0.5252991 0.4538544 
0.2499207 0.8430648 0.4293123 
0.2481793 0.9198422 0.4264708 
0.256201 0.9592476 0.4395602 
0.2588781 0.384384 0.443705 
0.2697363 0.4762003 0.4564189 
0.2609653 0.8813765 0.446149 
0.2508719 0.2990121 0.4308645 
0.2383329 0.729116 0.4087861 
0.2265566 0.1800668 0.3791846 
0.2492742 0.7663603 0.4282575 
0.2222125 0.08274046 0.3610935 
0.2354748 0.08910087 0.4018853 
0.2284278 0.2321581 0.3848705 
0.2565102 0.342133 0.4400648 
0.2429973 0.1757387 0.4180151 
0.2453183 0.4577294 0.4218024 
0.2700415 0.5701831 0.4567763 
0.2479677 0.5487694 0.4261256 
0.237096 0.9595332 0.4057997 
0.2313565 0.8443909 0.3919418 
0.2389017 0.8819293 0.4101593 
0.2357082 0.324244 0.4024489 
0.2474029 0.5024592 0.425204 
0.2319474 0.2794745 0.3933685 
0.2302972 0.9204153 0.389384 
0.2251829 0.8072076 0.3734637 
0.2502843 0.6386313 0.4299057 
0.2312625 0.6971796 0.3917149 
0.2317235 0.527433 0.3928278 
0.2267687 0.04314612 0.3800681 
0.2180103 0.1568518 0.3335581 
0.2236435 0.1273577 0.3670529 
0.2178252 0.04774383 0.3312048 
0.3442452 0 0.651547 
0.2387383 0.3676176 0.4097649 
0 0.5802534 0.8835135 
0.2329001 0.6586649 0.3956688 
0.2247125 0.3500726 0.3715048 
0.2328111 0.6159751 0.3954538 
0.2302333 0.7668123 0.3892299 
0.2415846 0.41203 0.4157099 
0.2492748 0.5937668 0.4282584 
0.228768 0.4384502 0.385692 
0.2239482 0.9596709 0.3683215 
0.2199127 0.8457913 0.3515156 
0.232306 0.5720944 0.3942342 
0.2244874 0.8824712 0.3705674 
0.2306562 0.4829289 0.3902508 
0.2214916 0.6814704 0.3580913 
0.2503796 0.115519 0.4300611 
0.2188535 0.2092715 0.3442786 
0.216574 0 0.3081203 
0.2191071 0.4198788 0.3475028 
0.2210724 0.5073179 0.3563454 
0.2171988 0.1014494 0.323241 
0.2224197 0.7288511 0.3619561 
0.2226272 0.3057719 0.3628205 
0.2202831 0.4636451 0.3530584 
0.2265629 0.3939806 0.3792108 
0.2175526 0.1879855 0.3005666 
0.1833589 1 0.3333783 
0.2217603 0.6378806 0.35921 
0.2189609 1 0.34673 
0.2217084 0.5945168 0.3589941 
0.2192783 0.7728145 0.3488736 
0.2168241 0.4877316 0.3184768 
0.2170712 0.6594671 0.3216182 
0.2214832 0.5509149 0.3580559 
0.218501 0.3763743 0.3397978 
0.2178115 0.3328563 0.3310311 
0.217083 0.6160296 0.3217686 
0.218541 0.1299736 0.2879995 
0.219063 0.4688021 0.2813634 
0.2176883 0.3599991 0.2988411 
0.217044 0.5729284 0.3212729 
0.2169925 0.4023376 0.3076873 
0.2170875 0.2879359 0.3218255 
0.2165236 0.4449682 0.3146564 
0.2189621 0.06210972 0.2826455 
-0 0.5087491 0.8800739 
0.2189415 0.5510488 0.2829079 
0.2184005 0.3168024 0.2897864 
0.2167167 0.7469186 0.3171112 
0.2169567 0.5301831 0.3201632 
0.2188451 0.6365653 0.2841335 
0.2166589 0.2400302 0.3119289 
0.2170823 0.7038893 0.3217601 
0.2182986 0.8113202 0.3372235 
0.2175568 0.9601185 0.3277925 
0.217587 0.8810483 0.3281765 
0.2193385 0.9204397 0.3491244 
0.2188663 0.5935315 0.2838639 
0.2203806 0.259283 0.3534645 
0.3270813 0 0.6863424 
0.2200167 0.4274528 0.2763572 
0.2190385 0.5093214 0.2816744 
0.2169929 0.791137 0.3076823 
0.2230958 0 0.2606473 
0.2279429 0.1092712 0.2446062 
-0 0.5462905 0.8785108 
0.2191433 0.2714567 0.280342 
0.2202074 0.7667474 0.2755629 
0.2186629 0.8822833 0.2864496 
0.2243975 0.3453041 0.2581132 
0.217041 0.9207334 0.3070706 
0.2171059 0.839385 0.3062457 
0.2222784 0.3873107 0.2669382 
0.2187374 0.9601877 0.2855034 
0.4193891 0 0.5935387 
0.2188669 0.679855 0.283856 
0.2227544 1 0.2621268 
0.2268372 0.4509877 0.2479528 
0.2383928 0.3317932 0.2193754 
0.2190609 0.7230169 0.2813905 
0.2321001 0.05317504 0.2345689 
0.2217965 0.8113217 0.268945 
0.2265595 0.3020362 0.2491092 
0.2215704 0.2227161 0.2698869 
0.2299246 0.2565185 0.2398214 
0.2226157 0.8492106 0.2655337 
0.2313494 0.7882558 0.2363814 
0.2269597 0.6131285 0.2474428 
0.228561 0.7423701 0.2431138 
0.2273278 0.6988083 0.2460915 
0.2245286 0.1687369 0.257567 
0.2286749 0.9606454 0.2428388 
0.4011035 0 0.954219 
0.2475267 0.9606072 0.2029001 
0.2281804 0.4869713 0.2440327 
0.2313633 0.4162578 0.2363478 
0.2228043 0.9206222 0.2647482 
0.2363397 0.9205987 0.2243325 
0.2286981 0.8814546 0.2427829 
0.2548304 0.1952652 0.1909823 
0.2342854 0.2077219 0.2292924 
0.2434132 0.5028272 0.2096122 
0.4409043 0 0.5630684 
0.2397736 0.1544305 0.2160413 
0.2440577 0.760775 0.2085605 
0.2277893 0.5281619 0.2449771 
0.2509151 0.09441803 0.1973711 
0.2348263 0.3746808 0.2279864 
0.2429635 0.4548504 0.210346 
0.2483279 0.2430331 0.2015927 
0.2424861 0.675402 0.2111249 
0.2415332 0.5892662 0.2126798 
0.2271973 0.570356 0.2464534 
0.2357679 0.8369822 0.2257131 
0.2270317 0.656239 0.2471428 
0.2475901 0.8817424 0.2027967 
0.2411878 0.6324893 0.2132435 
0.2427521 0.5466148 0.2106909 
0.2557272 0.9220411 0.1895189 
0.2486854 0.4069491 0.2010093 
0.2538778 0.3621247 0.1925367 
0.2773238 0.04779733 0.1630037 
0.2424174 0.7164817 0.2112371 
0.3162883 0.04676581 0.1308923 
0.2596086 0.3186136 0.1837456 
0.2602369 0.6085789 0.18301 
0.2880173 0.3057893 0.152783 
0.2660434 0.1421256 0.1762114 
0.2643071 0.481076 0.1782444 
0.2428355 0.2882482 0.2105549 
0.2613584 0.8489071 0.181697 
0.263055 0.566841 0.1797104 
0.2589388 0.7348753 0.1845299 
0.2503684 0.8043099 0.198263 
0.2786845 0.9002332 0.1614104 
0.2645702 0.5246128 0.1779363 
0.266213 0.4365891 0.1760128 
0.274178 0.9550077 0.166687 
0.2845581 0.314153 0.7754464 
0.2810832 0.6264311 0.1587055 
0.2612831 0.6515751 0.1817851 
0.2855073 0.09379078 0.1549269 
0.2666512 0.2751607 0.1754997 
0.2671402 0.7719762 0.1749272 
0.2722555 0.3918119 0.1689379 
0.3041458 0 0.1386922 
0.2794577 0.3486469 0.1605051 
0.2828196 0.7353075 0.1572224 
0.2870119 0.5893728 0.1536418 
0.2665957 0.694856 0.1755647 
0.2938906 0.8564702 0.1477666 
0.435925 0.2780813 0.729524 
0.2971961 0.7759573 0.1449433 
0.3020284 0.3783897 0.140816 
0.2776771 0.8126066 0.16259 
0.3001511 1 0.1419472 
0.2924559 0.5051187 0.148992 
0.3140308 0.9506593 0.1322757 
0.2913698 0.5469606 0.1499197 
0.2995769 0.6998705 0.1429098 
0.2899292 0.4626496 0.1511501 
0.3281597 0.9033669 0.1236174 
0.2743014 0.2305872 0.1665424 
0.2849106 0.1826369 0.1554365 
0.3221334 0.2943267 0.1273104 
0.2972361 0.2626245 0.1449091 
0.3107221 0.8161288 0.1343033 
0.3219122 0.4822286 0.1274459 
0.3221822 0.1727677 0.1272805 
0.3635294 0.04834843 0.1073509 
0.2997485 0.1360257 0.1427633 
0.3089573 0.2172803 0.1353848 
0.3847211 0.9019275 0.1014646 
0.2933487 0.4195281 0.1482294 
0.3070408 0 0.5425941 
0.435925 0.1447984 0.6662824 
0.3337708 0.2510821 0.1201789 
0.2896146 0.6613311 0.1514188 
0.3177165 0.5737231 0.1300171 
0.6745906 0 0.2002544 
0.360726 0.2859659 0.108512 
0.6407093 0.8088424 0.3914201 
0.3140055 0.7398128 0.1322912 
0.3369832 0.3678104 0.118346 
0.3116078 0.3365439 0.1337605 
0.3485718 0.3267212 0.1135462 
0.3160477 0.4442265 0.1310397 
0.335133 0.1296942 0.1193442 
0.7216228 0.03554268 0.1854989 
0.3120291 0.6220794 0.1335023 
0.09865549 0.1197867 0.954219 
0.326584 0.09045526 0.124583 
0.3268864 0.4085738 0.1243977 
0.344885 0.8195547 0.1150732 
0.3505448 0.4458103 0.112729 
0.3284156 0.5282915 0.1234606 
0.3416942 0.6001559 0.1163948 
0.3507065 0.6359867 0.112662 
0.3344475 0.7043914 0.1197642 
0.323336 0.6651749 0.1265734 
0.3386673 0.8614237 0.1176485 
0.2740188 0.314153 0.6851863 
0.3357448 0.7793865 0.1189692 
0.3660618 0.9494926 0.106302 
0.3516288 0.2035055 0.11228 
0.3569724 0.4930922 0.1100667 
0.2232983 0 0.1610584 
0.3629749 0.1509315 0.1075806 
0.3704229 0.09723767 0.1048976 
0.3746912 0.5307991 0.1038728 
0.3807436 0.8495914 0.1024196 
0.3633495 0.4007291 0.1074254 
0.3928519 0.1746435 0.09951239 
0.3532903 0 0.9251021 
0.3558017 0.5652729 0.1105516 
0.3761116 0.3588288 0.1035318 
0.3920244 0.6442165 0.09971109 
0.3721017 0.7153644 0.1044945 
0.3757623 0.7589797 0.1036156 
0.3769818 0.8012237 0.1033228 
0.7169695 0.2508704 0.1742651 
0.373868 0.2466783 0.1040705 
0.3895075 0.3183449 0.1003154 
0.3619972 0.6748984 0.1079855 
0.3458885 0.7402047 0.1146576 
0.4207422 0.4608521 0.09590642 
0.3787122 0.604038 0.1029074 
0.4177354 0.05829448 0.09614298 
0.4038694 0.2790019 0.09723392 
0.3827791 0.4652405 0.1019309 
0.5827714 -0 0.564309 
0.4055 0.1203487 0.09710562 
0.4340104 0.1552425 0.09486254 
0.3999044 0.4973899 0.09781908 
0.4087275 0.7317216 0.0968517 
0.4151546 0.8265307 0.09634604 
0.4200885 0.5314898 0.09595785 
0.4282271 0.8707545 0.09531754 
0.4130398 0.7777054 0.09651242 
0.4234336 0.1436644 0.5326112 
0.4231864 0.6105322 0.09571413 
0.435925 0.06083968 0.651049 
0.418114 0.3503397 0.0961132 
0.3988082 0.5687377 0.09808229 
0.4016606 0.6871851 0.09740769 
0.4043443 0.3903552 0.09719655 
0.4332406 0.3106651 0.0949231 
0.4795886 1 0.04584928 
0.4434655 0.4946137 0.09530516 
0.4645623 0.5294412 0.09696498 
0.4410799 0.5666518 0.09511746 
0.4266348 0.2009841 0.09544282 
0.4461743 0.3833038 0.09551828 
0.3900883 0.2139722 0.1001759 
0.4517103 0.1046079 0.09595383 
0.3915588 0.4295865 0.09982288 
0.4618238 0.8384929 0.09674952 
0.0452788 1e-10 0.07276995 
0.4609111 0.3436983 0.09667771 
0.4626936 0.5960723 0.09681795 
0.6073111 0 0.5757484 
0.4328262 0.6573269 0.09495571 
0.40331 1 0.09713857 
0.4512209 0.7966403 0.09591532 
0.4467146 0.7480157 0.09556078 
0.4593813 0.1864175 0.09655735 
0.4098395 0 0.9209506 
0.4334928 0.4227773 0.09490325 
0.5172352 0 0.5751566 
0.4772041 0.05455397 0.09908167 
0.4662764 0.2291171 0.09709983 
0.4954351 0.1918231 0.1034589 
0.4408818 0.702195 0.09510189 
0.5138377 0.2304499 0.1096361 
0.3210222 -0 0.05203852 
0.5118124 0.04332671 0.618018 
0.4196922 0.2412359 0.09598903 
0.484669 0.5646353 0.100874 
0.4894887 0.8065814 0.1020312 
0.5078371 0.6446846 0.1071507 
0.4798079 0.7168782 0.09970683 
0.5175739 0.7300891 0.1111837 
0.4504347 0.9133749 0.09585347 
0.4664874 0.6322696 0.09711643 
0.4635081 0.4563767 0.09688204 
0.08085245 0.9677784 -0 
0.484404 0.7613674 0.1008104 
0.449704 0.2714359 0.09579598 
0.4861836 0.3769937 0.1012377 
0.5358293 0.1929698 0.1188008 
0.4755454 0.1482809 0.09868341 
0.4743727 0.4174958 0.09840184 
0.4974146 0.1086543 0.1039342 
0 0.03214689 0.07572554 
0.525039 0.08108867 0.1142757 
0.5005467 0.6039766 0.1046862 
0.04956549 -0 0.1151597 
0.4876001 0.4910526 0.1015777 
0.5295211 0.04014397 0.1161322 
0.1214637 1e-10 0.04564085 
0.4635566 0 0.05143799 
0.4739137 0.6735131 0.09829164 
0.5443043 0.6598361 0.1239943 
0.5094147 0.4501135 0.1078041 
0.5587535 0 0.5777285 
0.5071672 0.5290334 0.1068732 
0.4619979 1 0.09635544 
0.4644273 0.1373276 0.6260632 
0.5215097 0.7712086 0.1128139 
0.5082507 0.408402 0.107322 
0.5097086 0.8430059 0.1079259 
0.5410926 0.416196 0.1220262 
0.5402489 0.1171158 0.1215091 
0.5128224 0.6876306 0.1092156 
0.5260421 0.8077087 0.1146912 
0.5242476 0.5692117 0.1139479 
0.477572 0.3054171 0.09917 
0.5166892 0.1534082 0.1108172 
0.5035661 0.3401746 0.1054112 
0.5401679 0.8771822 0.1214595 
0.4834992 0.8774817 0.1005931 
0.4943855 0.2671244 0.1032069 
0.5397574 0.9579718 0.121208 
0.5512834 0.8317624 0.1282711 
0.5204426 0.3036591 0.1123719 
0.4825614 0.2818292 0.6246363 
0.4851111 0.9566434 0.1009801 
0.5087443 0.9164246 0.1075264 
0.5260407 0.3758224 0.1146907 
0.5290855 0.4910249 0.1159518 
0.582876 0.8970954 0.1519668 
0.5623593 0.379638 0.1350586 
0.5551566 0.2303027 0.1306447 
0.5522007 0.4557203 0.1288333 
0.3472344 1 0.05600134 
0.5456212 0.530957 0.1248013 
0.5378568 0.2670968 0.1200433 
0.5438234 0.3405227 0.1236996 
0.5557118 0.7878107 0.1309849 
0.5558784 0.1555618 0.131087 
0.5404128 0.6130297 0.1216096 
0.2809355 0.9280714 0 
0.553079 0.7452434 0.1293715 
0.5832955 0.8089349 0.152325 
0.5489478 0.7031931 0.1268399 
0.5813181 0.7209107 0.1506362 
0.575592 0.2668077 0.1457455 
0.5597275 0.5696943 0.1334458 
0.5736871 0.637911 0.1441184 
0.5153354 1 0.1096187 
0.5837024 0.7644077 0.1526726 
0.5604765 0.3041682 0.1339048 
0.5735462 0.6015078 0.1439981 
0.5756037 0.4202357 0.1457555 
0.572921 0.1926927 0.1434642 
0.5672588 0.4955048 0.138628 
0.5928817 0.5730435 0.1610793 
0.5601997 0.07795034 0.1337351 
0.5761291 0.1164824 0.1462042 
0.5804094 0.3428158 0.1498601 
0.5904269 0.1544592 0.158416 
0.5794609 0.8534773 0.1490499 
0.5948247 0.07713546 0.1633541 
0.6090378 0.7841272 0.1799949 
0.5947981 0.3044521 0.163323 
0.6055465 0.426197 0.1759073 
0.6071097 0.2636868 0.1777375 
0.608354 0.8285484 0.1791944 
0.5997726 0.613335 0.1691471 
0.5875638 0.4610178 0.1559707 
0.5950652 0.3833173 0.1636357 
0.6126359 0.3449916 0.1842075 
0.5907776 0.2283494 0.1587157 
0.554477 0.9190043 0.1302282 
0.6089303 0.03836147 0.179869 
0.6063942 0.1160401 0.1768997 
0.6157384 0.4684497 0.1888918 
0.5887233 0.9492726 0.156961 
0.5805418 0.5349594 0.1499731 
0.6026585 0.6540716 0.172526 
0.5993711 0.5018338 0.168677 
0.6363503 0.4775325 0.2263622 
0.6155675 0.9050725 0.1886129 
0.5775292 0.6787794 0.1474001 
0.6303815 0.8096653 0.212787 
0.6229516 0.6269368 0.2006626 
0.6273639 0.8582041 0.2078627 
0.6185384 0.5842272 0.1934611 
0.6056712 0.6961828 0.1760532 
0.6276595 0.7138813 0.2083451 
0.6293326 0.7609892 0.2110754 
0.6240023 0.9494591 0.2023771 
0.6082356 0.7393548 0.1790557 
0.6046004 0.1900989 0.1747996 
0.6191234 0.2243006 0.1944156 
0.6300169 0.1831134 0.212192 
0.3937528 -0 0.8351581 
0.6255037 0.6702263 0.2048271 
0.6107323 0.5426441 0.1819789 
0.6293302 0.4347299 0.2110715 
0.6451694 0.8434786 0.2486052 
0.6269507 0.1146806 0.2071884 
0.6177256 0.1515599 0.1921347 
0.6402758 0.6433407 0.2358394 
0.6210247 0.3916107 0.1975182 
0.6433311 0.7347631 0.2432157 
0.6455425 0.4438262 0.2501591 
0.6381377 0.5977385 0.2306774 
0.6445283 0.78487 0.2461061 
0.6420067 0.687966 0.2400182 
0.6528654 0.8033124 0.2823712 
0.3289661 0.07816137 0.954219 
0.6336707 0.5540594 0.2198929 
0.6250928 0.5108667 0.2041567 
0.6435724 0.5211506 0.2437984 
0.6353747 0.3631365 0.2240067 
0.6373199 0.8999394 0.2287029 
0.6490366 0.567282 0.2647124 
0.6215406 0.07761828 0.1983601 
0.6405852 0.4030119 0.2365865 
0.652665 0.7541124 0.279825 
0.6397644 0.2180905 0.2346047 
0.63815 0.1387841 0.230707 
0.03477179 0.9371164 0.954219 
0.6505678 0.898898 0.2710897 
0.6452518 0.9476892 0.2489484 
0.6499048 0.6170656 0.2683288 
0.6520616 0.7072724 0.277312 
0.435925 0.03545114 0.8868127 
0.6411054 0.9724141 0.3904637 
0.6550665 0.7715256 0.3179596 
0.6207973 0.2985225 0.1971471 
0.435925 0.1068941 0.9165877 
0.6054946 0.8680723 0.1758465 
0.6545228 0.5982535 0.303437 
0.6464509 0.3333207 0.2539428 
0.6510878 0.6628883 0.2732555 
0.6460482 0.1706189 0.2522656 
0.6534949 0.451275 0.2903723 
0.649406 0.4851114 0.2662509 
0.6408819 0.09153676 0.2373027 
0.6323016 0.2588426 0.2165875 
0.217962 0.9368703 0.6536389 
0.6364604 0.0435178 0.2266279 
0.6327094 0.3268962 0.2175721 
0.1904996 0.3666207 0.954219 
0.6552486 0.7275203 0.3156443 
0.6494133 1 0.2636168 
0.6512098 0.2080857 0.2737637 
0.6543173 0.8557054 0.3274811 
0.650809 0.1204874 0.2720944 
0.6522857 0.412255 0.2782451 
0.6547974 0.815538 0.3213798 
0.6492411 0.3727255 0.2655641 
0.654892 0.6409162 0.3081291 
0.6531398 0.5250945 0.285859 
0.655176 0.1294121 0.3117386 
0.655239 0.684048 0.3125389 
0.652696 0.3007392 0.2802187 
0.3513092 0.1017459 0.954219 
0.6542357 0.457583 0.3285193 
0.6485664 0.256148 0.2627537 
0.6538882 0.1612885 0.3329348 
0.6548687 0.4894248 0.3078317 
0.6412222 0.293846 0.2381244 
0.435925 0.2248299 0.954219 
0.6512109 0.7464312 0.3545375 
0.6539049 0.3426025 0.2955832 
0.6540029 0.5226414 0.3314775 
0.6535602 0.1645737 0.2912015 
0.6502762 0.832963 0.3584307 
0.6551381 0.5584159 0.3112567 
0.6549609 0.3829294 0.3090051 
0.6542743 0.2362108 0.3002776 
0.6508336 0.7894046 0.356109 
0.6553465 0.8975902 0.3144014 
0.6533161 0.5859568 0.3402062 
0.3460054 0.05314407 0.954219 
0.435925 0.1234884 0.7050968 
0.6524138 0.1206652 0.3495275 
0.6547382 0.04435296 0.3221312 
0.6513758 0.07041691 0.2744555 
0.6552339 0.2003312 0.3158314 
0.6552785 0.09076828 0.3152652 
0.6547662 0.4222418 0.3217762 
0.6517335 0.7041878 0.3523608 
0.6457522 0.04037625 0.3772735 
0.655081 0.2723369 0.3105306 
0.6533765 0.3543914 0.3394392 
0.6444173 0.6402289 0.3824678 
0.6543075 0.9503782 0.3007005 
0.6504226 0.5557637 0.3578208 
0.6508474 0.8790663 0.3560516 
0.6545117 0.3131485 0.3250099 
0.6519473 0.4858476 0.3514706 
0.6412784 0.8972734 0.3900461 
0.6529622 0.62139 0.3447041 
0.6526756 0.6625304 0.3483465 
0.6096784 0.4586506 0.4475613 
0.6082195 0.9296407 0.4492694 
0.624369 0.7846953 0.4253304 
0.6128131 0.6261021 0.443891 
0.6315956 0.2258834 0.413423 
0.6239031 0.9605662 0.4260907 
0.6251112 0.8282143 0.4241193 
0.6392388 0.4076275 0.3949701 
0.6255276 0.5874509 0.4234398 
0.6300035 0.5172961 0.4161358 
0.6263512 0.9151756 0.4220957 
0.6329055 0.3354491 0.4102606 
0.6269853 0.6580976 0.421061 
0.6126911 0.07699394 0.4440338 
0.6251583 0 0.4244197 
0.6200954 0.1907049 0.4323042 
0.6174988 0.3040699 0.4365416 
0.5919309 0.4273528 0.4683412 
0.6288111 0.03948676 0.4180816 
0.6262955 0.3762817 0.4221867 
0.6390257 0.1889437 0.3954847 
0.6007691 0.7174626 0.4579928 
0.6066889 0.8909606 0.4510615 
0.6032596 0.8057279 0.4550768 
0.6237726 0.6983219 0.4263036 
0.5868222 0.5483033 0.4729695 
0.6219465 0.1153411 0.4292835 
0.6006675 0.5870326 0.4581117 
0.5865843 0.6262694 0.4731727 
0.6030968 0.5067552 0.4552674 
0.6154987 0.5492617 0.4398052 
0.6018883 0.7621652 0.4566824 
0.5957474 0.1132748 0.4638726 
0.6085465 0.1527793 0.4488865 
0.6087704 0.2301171 0.4486244 
0.5863625 0.9175785 0.4733621 
0.5988312 0.2706374 0.4602619 
0.590332 0.3125982 0.4699719 
0.6244932 0.2643987 0.4251278 
0.5691217 0.5125569 0.4880871 
0.5945311 0.1923384 0.4652967 
0.6058154 0.03842365 0.4520843 
0.5967237 0.9613614 0.4627294 
0.5999599 0.6698511 0.4589403 
0.571556 0.6988308 0.486008 
0.5588878 0.9018918 0.4953749 
0.5817561 0.8728976 0.4772963 
0.5782067 0.8292888 0.4803277 
0.5682235 0.9530118 0.4888541 
0.5818127 0.4710633 0.477248 
0.6049181 0.8488246 0.453135 
0.575849 0.7859102 0.4823414 
0.5656944 0.6587458 0.4910142 
0.5799987 0.1514822 0.4787972 
0.563823 0.1124034 0.4923505 
0.5801615 0.3539159 0.4786582 
0.6010475 0.3857702 0.4576669 
0.6099024 0.3448635 0.4472989 
0.5774344 0.2341218 0.4809873 
0.546963 0.477771 0.5026828 
0.5701476 0.394935 0.4872109 
0.5812351 0.07249431 0.4777413 
0.5596311 0.4366276 0.4949194 
0.02906552 1 0.9285333 
0.4985669 0.06617581 0.6211982 
0.2403783 0 0.2145813 
0.181554 0 0.2416226 
0.1728033 0 0.2934147 
0.123331 -0 0.32698 
0.07214532 0 0.3332071 
0.1370886 0 0.215743 
0.2674082 0 0.1735995 
0.1096046 0.9381394 0 
0.1723293 -0 0.3459021 
0 0.1059212 0.2253453 
0.09334354 0 0.1853963 
0.1635911 0 0.04082608 
0.5847339 0 0.1528895 
0.04037214 0.8954255 0.954219 
0.6542384 0 0.3360124 
0.2204625 0 0.3558811 
0 0.607398 0.8672661 
0.217962 0.3772679 0.6991286 
0.4102773 0 0.6478137 
0.04455512 0 0.5103154 
0.04450941 0 0.464048 
0.1305208 -0 0.4873313 
0 0.1034736 0.1264831 
0.1800432 -0 0.3997368 
0.1326778 0 0.4360042 
0.08547538 0 0.3766541 
0 0 0.7270766 
0.04435652 0 0.5566466 
0.1313663 -0 0.3840867 
0 0 0.5001275 
0.435925 0.08139654 0.6702192 
0.1718049 0 0.4553502 
0.184109 0 0.195465 
0.1602634 0.03537288 0.954219 
0.08854325 0 0.4738689 
0.435925 0.2898853 0.6554855 
0.0441918 -0 0.6027325 
0.0437597 0 0.4183127 
0.3435892 0.2814829 0.954219 
0.03700183 1 0.8202148 
0.0879847 -0 0.5218482 
0.08840497 0 0.4252949 
0.5050414 0.2395738 0.6196437 
0 0.5638349 0.9182388 
0.217962 0.9049323 0.901545 
0.1610252 0 0.08304165 
0.407438 -0 0.5611018 
0.4692786 0 0.5310462 
0.3943547 0.06222066 0.5291542 
0.5245719 0 0.6140676 
0.5813132 0 0.5919296 
0.5075519 1 0.5547662 
0 0.09393081 0.06311047 
0.5437651 0 0.1231127 
0 0.06002374 0.06065668 
0.497111 0 0.1034026 
0.1483573 1 0.3130679 
0.2166468 1 0.3061221 
0.1847822 1 0.2880503 
0.07619835 1 0.3116443 
0.03842476 1 0.3257988 
0.1932288 1 0.2420551 
0.2286458 1 0.3853969 
0.1115507 1 0.3368942 
0.1880885 1 0.3778371 
0.4853383 0.04267318 0.6243743 
0.2383761 1 0.2186691 
0.197817 1 0.4229434 
0.5328521 0.7681448 0.6129665 
0.6056986 0.06021959 0.5774283 
0.5739062 0.6573997 0.5959886 
0.5328033 0.8448027 0.6129782 
0.5627358 0.2696848 0.6006153 
0.4905334 0.8448966 0.623127 
0.5909984 0.2466148 0.5864365 
0.5541111 0.730473 0.6041876 
0.5977629 0.3196592 0.5822912 
0.5588689 0.9606135 0.602217 
0.5807132 0.424435 0.5927392 
0.5292144 0.5954617 0.6138399 
0.5708814 0.3869107 0.5972415 
0.6047506 0.1533852 0.5780092 
0.5535421 0.8832338 0.6044233 
0.5528993 0.8074248 0.6046895 
0.5165904 1 0.01145035 
0.2064549 1 0.1900094 
0.2648946 1 0.1767787 
0.6033387 1 0.5197991 
0.5629351 1 0.1352127 
0.4594899 0.02927358 0.6264517 
0.1178187 1 0.04178112 
0.2135959 1 0.07292288 
0.1492097 1 0.3589411 
0.4249492 0.9529996 0.09557544 
0.4953135 0 0.6206084 
0.07247386 0.8515828 -1e-10 
0.3909809 0.1887167 0.8763444 
0.6027297 1 0.1714781 
0.5255384 1 0.5138238 
0.543911 1 0.5636997 
0.5096111 1 0.6185465 
0.4914185 1 0.5258115 
0.4558081 1 0.5320296 
0.4877934 1 0.5900503 
0.452695 1 0.5939379 
0.3159239 1 0.5874621 
0.3634257 1 0.6283053 
0.3910242 1 0.5651731 
0.2906414 1 0.628306 
0.384028 1 0.5266792 
0.350793 1 0.5554954 
0.3536354 1 0.5929591 
0.3178758 1 0.4984003 
0.3131331 1 0.5442153 
0.2798372 1 0.5245196 
0.747547 0.9611669 0.34631 
0.7497914 0.8451321 0.3177943 
0.7497454 0.4858035 0.3183796 
0.7481459 0.8062016 0.3387007 
0.7492264 0.4396158 0.3249729 
0.7498944 0.2508885 0.3164861 
0.7482349 0.7287412 0.3375696 
0.7496183 0.2948584 0.3199939 
0.7480193 0.8834638 0.3403096 
0.7400002 0.960416 0.3891623 
0.7480909 0.4113703 0.2889057 
0.7496417 0.9233292 0.3196966 
0.7480988 0.6068462 0.3392992 
0.7480513 0.3663734 0.288403 
0.743955 1 0.3715813 
0.7470546 0.2247575 0.3525663 
0.7470928 0.5165273 0.3520798 
0.7434351 0 0.3733581 
0.7486082 0.3903249 0.3328273 
0.7467049 0.2670377 0.3570096 
0.740676 0.195165 0.3863473 
0.7464803 0.3094083 0.3598617 
0.7465397 0.472243 0.3591083 
0.7494432 0.1589641 0.306088 
0.7480539 0.1445031 0.33987 
0.7488059 0.6502566 0.3303156 
0.7467948 0.03763258 0.3558663 
0.7428491 0.1528527 0.3772959 
0.7420612 0.07710209 0.3805779 
0.7453322 0.4284383 0.3669531 
0.7473313 0.2723078 0.2792546 
0.7466695 0.9249023 0.2708464 
0.7486292 0.8066188 0.2957442 
0.7463358 0.1305394 0.2666067 
0.7499179 0.6919417 0.3161871 
0.7374165 0.9097453 0.2283806 
0.748655 0.8853403 0.2960722 
0.7424251 0.387043 0.2492431 
0.749898 0.5307734 0.3118663 
0.7431948 0.881888 0.2524488 
0.749141 0.9620748 0.3022485 
0.7469541 0.8454983 0.2744626 
0.6685676 1 0.233361 
0.7418848 0.3430992 0.2469924 
0.7485636 0.7312991 0.2949116 
0.7477071 0.4569806 0.2840293 
0.7475435 0 0.2829198 
0.7475278 0.1831502 0.3465534 
0.7476385 0.5610514 0.3451471 
0.7489351 0.07060783 0.299632 
0.7499712 0.03598718 0.3127954 
0.7498668 0.7679068 0.3168359 
0.7481705 0.07539967 0.3383882 
0.749846 0.1134346 0.3112057 
0.7466174 0.1779051 0.2701853 
0.7480794 0.6594118 0.2887592 
0.7460546 0.08700254 0.2643611 
0.7476707 0.3203351 0.2835672 
0.749802 0.204134 0.3106461 
0.7493927 0.5752522 0.3054454 
0.7305211 0.8789295 0.2069808 
0.7261093 1 0.19633 
0.7424239 0.6760091 0.2492378 
0.3269436 0.314153 0.954219 
0.7214478 0.9649867 0.1850762 
0.7422766 0.7251427 0.2486245 
0.7331933 0.6932735 0.2134318 
0.7434309 0.8073137 0.2534321 
0.6941273 0.9219089 0.1361036 
0.7382093 0.5616964 0.2316829 
0.73792 0.8444052 0.2304778 
0.7318333 0.4499297 0.2101485 
0.7398042 0.5186265 0.2383263 
0.732366 0.4070019 0.2114347 
0.7442749 0.6322877 0.256948 
0.7488071 0.6183339 0.2980057 
0.7472454 0.5019069 0.2781629 
0.7467403 0.5461158 0.2717462 
0.7472929 0.6973472 0.2787671 
0.7468605 0.7672087 0.2732731 
0.7461339 0.5894221 0.2646909 
0.740077 0.2469933 0.2394626 
0.7397036 0 0.2381917 
0.7411751 0.2956176 0.2440363 
0.7385701 0.7687798 0.2331857 
0.2700856 0 0.8395867 
0.7412189 0.474953 0.2442185 
0.7422173 0.4308325 0.2483774 
0.7461964 0.04009639 0.2649517 
0.7469423 0.2249221 0.2743128 
0.7168812 0.4685873 0.1740518 
0.7176487 0.7079472 0.1759048 
0.7198368 0.9230241 0.1811871 
0.6976247 0.101036 0.141811 
0.7179492 0.4269295 0.1766302 
0.7365553 0.6046814 0.2247934 
0.7349515 0.6482402 0.2181133 
0.7130951 0.5089254 0.1670565 
0.7220159 0.8418749 0.1864477 
0.6535407 0.8518535 0.2909541 
0.7200859 0.6643326 0.1817884 
0.7246534 0.5774072 0.1928151 
0.7264146 0.7738139 0.197067 
0.7158665 0.3392873 0.1716023 
0.727215 0.5349907 0.1989993 
0.7222701 0.6204551 0.1870615 
0.7200781 0.1239594 0.1817698 
0.7254612 0 0.1950309 
0.3200607 0.314153 0.8908825 
0.7316907 0.3642899 0.2098043 
0.7298651 0.4927704 0.205397 
0.7367706 0.1498493 0.2256903 
0.7383305 0.198112 0.2321879 
0.7304199 0.2716008 0.2067364 
0.7364042 0.06244273 0.2241641 
0.730438 0.7351676 0.2067801 
0.5935687 0.02887063 0.5848615 
0.7275971 0.2229212 0.1999218 
0.7361133 0.1049966 0.2229524 
0.7308653 0.3179952 0.2078117 
0.7319847 0.8079491 0.2105142 
0.700829 0.679768 0.1470399 
0.6875048 0.8128335 0.1264837 
0.7037236 0.6360828 0.1517636 
0.6958385 0.3631831 0.138896 
0.6947462 0.7686617 0.1371137 
0.6975299 0.7238254 0.1416563 
0.6842034 0.608202 0.1226182 
0.644639 1 0.0806151 
0.6946575 0.3118585 0.1369689 
0.7122222 0.8015401 0.1656321 
0.6734762 0.7397178 0.1100577 
0.6998779 0.9605157 0.1454878 
0.6813446 0.6515703 0.1192708 
0.6873421 0.5655563 0.1262933 
0.6948767 0.4819273 0.1373265 
0.7064682 0.5929236 0.1562424 
0.7007601 0.4464278 0.1469274 
0.7076261 0.2094232 0.1581319 
0.676203 0 0.1158718 
0.217962 0.5903236 0.9228743 
0.6911224 0.523276 0.1312001 
0.69718 0.4102658 0.1410852 
0.7157491 0.2931469 0.1713876 
0.7095474 0.5505515 0.1612673 
0.6577344 0 0.1582076 
0.7144268 0.7519637 0.1692297 
0.7203008 0.07768177 0.1823072 
0.7007058 0.8459827 0.1468388 
0.5025065 0.112135 0.008054258 
0.7168818 0.3859959 0.1740533 
0.6720685 0.3413365 0.1084094 
0.3305301 0.03045154 0.954219 
0.6761751 0.0799268 0.1132178 
0.7160262 1 0.2681388 
0.697096 0.2603859 0.1409483 
0.682187 0.2177084 0.1202571 
0.6505753 0.03202703 0.2711212 
0.05175864 0.3157754 0.954219 
0.704671 0 0.1533156 
0.6363773 0.9533249 0.07349065 
0.217962 0.9745939 0.6842582 
0.6643686 0.04210261 0.09939365 
0.6961394 0.1571823 0.1393871 
0.6975721 0.04706544 0.141725 
0.6642463 0.5379842 0.09925054 
0.2420399 0.314153 0.9297985 
0.6561352 0.6675759 0.09036475 
0.6475458 0.09098536 0.08302908 
0.6486053 0.3242044 0.08393393 
0.6513882 0.7121378 0.08631057 
0.636196 0.1466381 0.07333589 
0.6253139 0.2021282 0.06404207 
0.6279994 0.04913837 0.06633561 
0.669188 0.493794 0.1050367 
0.5895163 0.05785898 0.04096301 
0.6757654 0.4455487 0.1127382 
0.6631323 0.1794085 0.09794609 
0.4363342 1 0.04920225 
0.6698846 0.1265573 0.1058524 
0.6698961 0.2798188 0.1058659 
0.5849978 0.7349295 0.03819405 
0.5952932 0.6184298 0.04450307 
0.5807183 0.3453483 0.03557158 
0.6020963 0.5296969 0.04867206 
0.6186408 0.4456546 0.0588106 
0.435925 0.2876212 0.9265462 
0.5380473 0.9121201 0.01746478 
0.6177509 0.3400761 0.05826526 
0.5938364 0.8134899 0.04361041 
0.5938479 0.3055152 0.04361739 
0.5824577 0.9090977 0.03663751 
0.604836 0.6580846 0.05035096 
0.2165221 0 0.0569577 
0.567665 0.3858275 0.02973334 
0.5954812 0.6949674 0.04461832 
0.62337 0.4074152 0.06238192 
0.604903 0.3774249 0.05039199 
0.5979026 0.1664295 0.04610216 
0.5969412 0 0.1047153 
0.6108999 0.4869575 0.05406689 
0.6333971 0.2874495 0.07094549 
0.6206406 0.7259357 0.06005087 
0.6494729 0.4232026 0.08467489 
0.6112734 0.2541855 0.05429582 
0.643263 0.3753721 0.07937142 
0.610225 0 0.05408411 
0.5991002 0.5719275 0.04683602 
0.7359889 0.02750788 0.2224343 
0.5158318 0.07207761 0.01125323 
0.6115142 0.1032512 0.05444337 
0.5711883 0 0.03152217 
0.501317 0 0.0502247 
0.5450778 0.04220169 0.02037704 
0.5829573 0.4595377 0.03694367 
0.5680918 0.2707427 0.02991013 
0.5744432 0.1233631 0.03254108 
0.06770824 0.5045991 0.954219 
0.5544201 0.3116503 0.02424691 
0.591694 0.4179343 0.0422975 
0.5821959 0.2292801 0.03647703 
0.5737378 0.6587927 0.03224887 
0.645418 0 0.08244819 
0.5669928 0.8638741 0.02945491 
0.5596735 0.6997517 0.02642302 
0.3039053 0.966775 0.4890932 
0.4645056 0.8359868 0.002249554 
0.4812807 0.8743738 0.003569911 
0.4085227 0.9528551 -1e-10 
0.5104679 0.552233 0.009965543 
0 0.09341269 0.8901545 
0.4854594 0.5177436 0.003961822 
0.417863 1 0.0001593961 
0.5208495 0.7050927 0.01245779 
0.5292893 0.7857252 0.01448392 
0.505682 0.7476327 0.008816589 
0.5462644 0.7409543 0.02086853 
0 0.0335933 0.9190819 
0.507431 0.8308789 0.009236461 
0.5123212 0.6272919 0.01041043 
0.5036589 0.4782104 0.008330903 
0.5319027 0.1426157 0.01511132 
0.530672 0.5128204 0.01481586 
0.4713983 0.3285167 0.002792079 
0.5135266 0.3192145 0.01069982 
0.5506444 0.8234491 0.0226829 
0.500711 0.3610545 0.007623212 
0.5360113 0.6637048 0.01662141 
0.4888889 0.4027117 0.00478511 
0.5594946 0.5477589 0.02634891 
0.5458689 0.0918261 0.02070475 
0.217962 0.3378558 0.6524796 
0.5312037 0.5873063 0.01494352 
0.5286958 0 0.01651896 
0.5016721 0.03776399 0.007853945 
0.5171835 0.4364979 0.01157773 
0.4453624 0.9145825 0.0007428129 
0 0.8339294 0.04194833 
0.4643002 0.7548754 0.00223339 
0.4807135 0.7111366 0.003525271 
0.3720637 0.314153 0.6847327 
0.4867177 0.7926258 0.004263879 
0.440301 0.7168545 0.0003444304 
0.4623046 0.5563578 0.002076317 
0.435925 0.08993208 0.954219 
0.4558808 0.2526383 0.001570709 
0.4399199 0.517912 0.000314437 
0.435925 0.2782239 0.7695853 
0.4551685 0.6757137 0.001514642 
0.4706833 0.632136 0.0027358 
0.05310442 0.4677611 -0 
0.4619026 0.4826697 0.002044678 
0.4991685 0.241822 0.007252909 
0.4730217 0.07940044 0.002919856 
0.4422629 0.2965 0.0004988521 
0.4548959 0.04179081 0.001493185 
0.485267 0.2858305 0.003915633 
0.4711476 0.2037839 0.002772347 
0.4859765 0.1577899 0.004085957 
0.5152186 0.1934345 0.01110601 
0.6957119 0 0.249253 
0.4959281 0.6686461 0.006475 
0.4475497 0.4120601 0.000914969 
0.4864056 0.5915765 0.004188959 
0.4853947 0 0.004860423 
0.4782147 0.4435297 0.003328589 
0.4141443 0.5887895 0.628306 
0.4416647 0.5098456 0.6278543 
0.4076178 0.5469865 0.628306 
0.4944741 0.921914 0.6221809 
0.490739 0.4408765 0.6230776 
0.4475849 0.8447937 0.6273885 
0.4734737 1 0.6250135 
0.4698129 0.88442 0.6256394 
0.4837348 0.4867472 0.624544 
0.2107881 0 0.4342938 
0.4488262 0.5580559 0.6272908 
0.5496869 0.1825281 0.60602 
0.445936 0.692282 0.6275182 
0.5349635 0.2522326 0.6121184 
0.4842453 0.9610937 0.6245038 
0.4683374 0.7302073 0.6257555 
0.4896586 0.5758888 0.623337 
0.5240499 0.551944 0.6150798 
0.5365593 0.6870862 0.6114574 
0.5356244 0.9212838 0.6118447 
0.4613875 0.650355 0.6263024 
0.4885593 0.691794 0.623601 
0.5213759 0.960223 0.6157219 
0.4683991 0.806346 0.6257507 
0.5223229 0.4653918 0.6154945 
0.5469348 1 0.6071599 
0.4904461 0.767776 0.623148 
0.5125207 0.883309 0.617848 
0.4953213 0.6194921 0.6219774 
0.5034218 0.6582971 0.6200325 
0.5455523 0.09835017 0.6077326 
0.5541877 0.05146171 0.6041558 
0.5448732 0.2154013 0.6080139 
0.4565674 0.6025409 0.6266817 
0.435925 0.06702109 0.7698746 
0.5635335 0.2350427 0.6002849 
0.6185884 0.1237032 0.5695295 
0.4839572 0.5313926 0.6245265 
0.4957505 0.3978479 0.6218745 
0.5211594 0.5090513 0.6157739 
0.4633642 0.1038502 0.6261469 
0.435925 0.09262852 0.6483833 
0.5317381 0.3316605 0.6132339 
0.4466941 0.7681859 0.6274586 
0.4981305 0.3132078 0.621303 
0.5664848 0.02656787 0.5990625 
0.565422 0.07900833 0.5995027 
0.512425 0.7285742 0.6178709 
0.5976219 0.1877894 0.5823776 
0.5330861 0.3738486 0.612896 
0.5765597 0.1382338 0.5948896 
0.5349516 0.4186613 0.6121233 
0.5665526 0.346547 0.5990344 
0.5357082 0.6393924 0.61181 
0.435925 0.198493 0.628306 
0.5562598 0.4513128 0.6032977 
0.5765083 0.1684902 0.5949109 
0.5113981 0.806685 0.6181175 
0.5330146 0.2919786 0.6129256 
0.5641059 0.3070869 0.6000478 
0.6454568 0.9227871 0.5470617 
0.628801 0.8841971 0.5612875 
0.6955122 0.3964215 0.489943 
0.6102399 0 0.4913217 
0.6593189 0.6630836 0.5348249 
0.70072 0.4390126 0.4814451 
0.661369 0.9608026 0.5324246 
0.6758588 0.8457308 0.5154588 
0.6769136 0.6952829 0.5142237 
0.6900207 0.07048841 0.4988765 
0.6614859 0.8842746 0.5322876 
0.6872533 0.5853595 0.5021173 
0.6630103 0.7329721 0.5305027 
0.6803718 0.4712429 0.5101744 
0.6742315 0.6253263 0.517364 
0.6569712 0.5946932 0.5372273 
0.6497594 0.5312917 0.5433869 
0.6573575 0.3016377 0.5368973 
0.6634884 0.3415928 0.5299428 
0.6456594 0.846137 0.5468887 
0.6691467 0.3834613 0.5233177 
0.6859323 0.3097778 0.5036637 
0.6731116 0.2001548 0.5186752 
0.6737659 0.516786 0.517909 
0.697147 0.1890894 0.4872754 
0.6666935 0.5579269 0.52619 
0.6468058 0.7711169 0.5459095 
0.6749439 0.4264013 0.5165297 
0.6784337 0.2708625 0.5124436 
0.6621841 0.8076486 0.53147 
0.6914304 0.7306616 0.4966041 
0.7174578 0.4090986 0.4528642 
0.7017136 0.616077 0.4798238 
0.7078438 0.4786944 0.4698202 
0.7252756 0.3391034 0.4339895 
0.7013391 0.8448924 0.4804349 
0.6754223 0.922727 0.51597 
0.7022794 0.7680587 0.4789005 
0.6904956 0.6569154 0.4981295 
0.7130077 0.8057342 0.4613937 
0.6903887 0.8065651 0.498304 
0.6842315 0 0.4485439 
0.6897631 0.8835735 0.4991789 
0.7009132 0.9220438 0.4811299 
0.713086 0.5229075 0.4612658 
0.7013467 0.1450767 0.4804221 
0.7133042 0.5707341 0.4609098 
0.669035 0.03900913 0.5234484 
0.7122875 0.36656 0.4625689 
0.7064716 0.03734898 0.4720591 
0.7141017 0.07632443 0.4596085 
0.6769468 0.7693112 0.5141849 
0.6908005 0.3531589 0.4976315 
0.6948228 0.5061688 0.4910681 
0.7012696 0 0.4805477 
0.708151 0.3213771 0.469319 
0.7192345 0 0.4480653 
0.7053565 0.2724686 0.473879 
0.6935212 0.5454823 0.4931922 
0.7025393 0.1056272 0.478476 
0.7289668 0.207405 0.4250778 
0.7372425 0.7662659 0.4006489 
0.7232218 0.6897709 0.4389482 
0.7211588 0.9214323 0.4439288 
0.7302486 0.8052817 0.4219829 
0.7108046 0.960353 0.4649888 
0.7221818 0.4496986 0.4414589 
0.7286961 0.5360011 0.4257312 
0.7217731 0.8440802 0.4424458 
0.6977264 1 0.4860511 
0.7278181 0.9604345 0.4278512 
0.7312215 0.6506528 0.4196342 
0.7312487 0.7272128 0.4195683 
0.7124139 0.8828467 0.4623626 
0.7297663 0.882418 0.4231474 
0.7302377 0.07982489 0.4220092 
0.6886496 0.9609374 0.5004828 
0.724047 0.03908326 0.4369558 
0.7030233 0.6922405 0.4776865 
0.7242436 0.2964546 0.436481 
0.7140237 0.6525952 0.4597356 
0.722502 0.7669345 0.4406859 
0.7291536 0.3812784 0.4246266 
0.7261484 0.4917719 0.4318822 
0.7210118 0.1235639 0.4442838 
0.7173084 0.1741788 0.453225 
0.7125676 0.2225116 0.4621118 
0.7217902 0.612487 0.4424045 
0.7255567 0.2529644 0.4333109 
0.7142379 0.7289105 0.4593861 
0.7467208 0.6865708 0.3568071 
0.736245 0.9211004 0.4048037 
0.7368432 0.8438368 0.4023123 
0.7435844 0.641857 0.3742334 
0.7492979 0.3405573 0.3240647 
0.7379742 0.686253 0.3976011 
0.7336724 1 0.4118439 
0.7465708 0.1127312 0.358713 
0.7459605 0.9214437 0.3643363 
0.7465227 0.7667616 0.3593238 
0.7464229 0.8441253 0.3605919 
0.7461937 0.3521269 0.3633648 
0.7416078 0.8826168 0.3824661 
0.7429436 0.5912628 0.3769024 
0.742465 0.7267942 0.3788959 
0.741981 0.805483 0.3809116 
0.733781 0 0.4115751 
0.7324911 0.1613516 0.4165687 
0.7409571 0.5472849 0.3851767 
0.7380089 0.2802113 0.3974569 
0.7376368 0.3204097 0.3990066 
0.7346933 0.4201459 0.4112518 
0.7319488 0.5768288 0.4178782 
0.736015 0.6149598 0.4057621 
0.7377588 0.03906741 0.3984986 
0.73906 0.2382078 0.3930786 
0.7392012 0.5039634 0.3924905 
0.7373362 0.4608429 0.4002587 
0.7369514 0.1179901 0.4018619 
0.7373545 0.3564595 0.4001826 
0.7420217 0.3898432 0.3807422 
0.03018711 0.8180528 0.954219 
0.1450624 0.4836487 0.954219 
0.3987689 -0 0.6204612 
0 0.7592092 0.954219 
0.1744533 0.2963904 0.954219 
0.03447662 0.4767292 0.954219 
0.1116792 0.4538381 0.954219 
0 0.6281133 0.954219 
0.1482785 0.4449556 0.954219 
0.04953606 0.5836979 0.954219 
0.1744001 0.3322096 0.954219 
0.09465836 0.3085618 0.954219 
0 0.270689 0.954219 
0.1155905 0.4149341 0.954219 
0.1519208 0.4068373 0.954219 
0.03952119 0.3931887 0.954219 
0.03677529 0.618223 0.954219 
0.14019 0.5230721 0.954219 
0.1358046 0.301785 0.954219 
0.07753552 0.7212533 0.954219 
0.0535609 0.691736 0.954219 
0.1207198 0.376442 0.954219 
0 0.4946953 0.954219 
0.1211128 0.6943026 0.954219 
0.0999321 0.5339699 0.954219 
0.179993 0.5116488 0.954219 
0.08283307 0.3849916 0.954219 
0 0.4501005 0.954219 
0.1068087 0.4934235 0.954219 
0 0.5392056 0.954219 
0.435925 0.1592882 0.628306 
0.08052544 0.6146607 0.954219 
0.06538425 0.8062048 0.954219 
0.06261856 0.545077 0.954219 
0.03463312 0.7790906 0.954219 
0.03760552 0.7352263 0.954219 
0.1580541 0.3687943 0.954219 
0.07112122 0.7623606 0.954219 
0.1622851 0.8783004 0.954219 
0 0.8830941 0.954219 
0.06639013 0.6507518 0.954219 
0.08783083 0.3472546 0.954219 
0.1292216 0.3383844 0.954219 
0.0914436 0.5750391 0.954219 
0.04214041 0.3526195 0.954219 
0 0.9281794 0.09466173 
0.1275037 0.6050953 0.954219 
0.6401883 1 0.5107083 
0.1571489 0.9443272 0.954219 
0.1357794 0.8478951 0.954219 
0.217962 0.9702377 0.8991824 
0.1283851 0.8864532 0.954219 
0.217962 0.4244517 0.954219 
0.217962 0.9658278 0.954219 
0.1769017 0.8177427 0.954219 
0.1731996 0.5890986 0.954219 
0.06902633 0.9185154 0.954219 
0.217962 0.78425 0.954219 
0.09235077 0.9422451 0.954219 
0.1743696 1 0.954219 
0.1756681 0.5498906 0.954219 
0.0338393 0 0.03228075 
0.181439 0.7738799 0.954219 
0.1467386 0.7589863 0.954219 
0.217962 0.5348477 0.954219 
0.1994115 0.03355348 0.954219 
0.217962 0.6963731 0.954219 
0.217962 0.741 0.954219 
0.27083 0.314153 0.7158367 
0.217962 0.4612179 0.954219 
0.1709093 0.6767246 0.954219 
0.1503699 0.7172363 0.954219 
0.04700426 0.8525299 0.954219 
0.1814026 0.7264898 0.954219 
0.2688275 0.314153 0.7446566 
0.1053819 0.7838189 0.954219 
0.09564172 0.8309911 0.954219 
0.1697093 0.630048 0.954219 
0.03700787 0.4348319 0.954219 
0.1387955 0.8039092 0.954219 
0.217962 0.3509192 0.954219 
0.1037036 0.9112384 0.954219 
0.120113 0.6491838 0.954219 
0.310985 0.0517159 0.954219 
0.08729558 0.8745726 0.954219 
0.217962 0.3876854 0.954219 
0.1116581 0.7400101 0.954219 
0.217962 0.4979842 0.954219 
0.188172 0.9392937 0.954219 
0.1331295 0.5636339 0.954219 
0.1897369 0.9070014 0.954219 
0.435925 0.02746439 0.6904563 
0.03885264 0.9626892 0 
0.1365403 0.7040359 0 
0.1746941 0.7800712 0 
0.3097382 0.1746884 0.954219 
0.435925 0.04496608 0.954219 
0 0.628678 0 
0.1279709 0.7999336 0 
0.435925 0.05454357 0.7403803 
0.0370233 0.8768717 0 
0 0.3589349 0 
0.1437806 0.611271 0 
0.3679716 1 0.001501894 
0.03206948 0.07755128 0.954219 
0.435925 0 0.90766 
0.1520288 0.5633675 1e-10 
0.2702812 0.6077703 0 
0.1322214 0.3601196 0 
0.1837935 0.5969413 0 
0 0.03365582 0.2057169 
0.04868247 1 3.6e-09 
0.2993569 0.7600897 0 
0.1411998 0.6565859 0 
0.0539625 0.5129628 0 
0.1006809 0.5829228 0 
0 0.887637 0.09625818 
0.1953685 0.9125345 0 
0.2256109 0.6046916 0 
0.1679594 0.8289856 -0 
0 0.448561 0 
0.1888804 0.52779 0 
0.4072922 0 0.8800619 
0.08635628 0.384408 0 
0.2200946 0.7571064 0 
0.1583956 0.8783029 0 
0.1155088 0.8990859 0 
0.2422805 0.6427145 0 
0 0.642284 0.8736932 
0.3832173 0.02123146 0.954219 
0.3827015 0 0.9310319 
0.03798342 0.3823887 -0 
0.2199834 0.8048688 0 
0 0.3140803 0 
0.1487582 0.9250177 0 
0.03484123 0 0.954219 
0.05007842 0.6046488 -0 
0.1441377 0.5205638 0 
0.435925 0 0.861101 
0.435925 0.03020982 0.7624002 
0.05202786 0.1167745 0 
0.0882847 0 0.929199 
0.1016414 0.5369878 0 
0.04453223 0.7441908 0 
0.2990537 0.7164221 0 
0.08847816 0.3334359 0 
0.2953746 0.8753546 -1e-10 
0.2068544 0.5648875 0 
0.09736551 1 5.65e-08 
0 0.7494168 0.04573984 
0.09406283 0.6763396 1e-10 
0.02961723 0.2861463 0.954219 
0.05153716 0.5591123 0 
0 0.7205711 0 
0.6530896 0 0.4467289 
0.322815 0.9202658 0 
0 0.2692258 0 
0.07764815 0.8880354 0 
0 0.7671425 0 
0.08721796 0.7695029 0 
0.219511 0.6730508 0 
0.0910124 0.7241768 0 
0.5377169 0 0.5628987 
0.2059838 0.8606753 0 
0.04212758 0.7889693 0 
0.08897173 0.0366426 0.954219 
0.3819138 0.02956105 0.5261672 
0.04416379 0.2434359 0 
0.04914173 0.2925951 0 
0.03780521 0.9195834 0 
0.02973726 0.03659549 0.954219 
0.435925 0.1348981 0.954219 
0.04710515 0.6985742 0 
0.2612079 0.68727 0 
0.09680365 0.6293496 -1e-10 
0.03941855 0.1643282 0.954219 
0 0.8602856 0 
0.2525777 0.8412888 0 
0.3361146 0.8449956 0 
0.2963409 0.8142794 1e-10 
0.1900092 0.6390883 0 
0 0.1304385 0.06066552 
0.04610327 0.163424 -0 
0.7448906 0.9657604 0.2595124 
0.1787136 0.960107 0 
0.04840644 0.6510041 0 
0 0.1795167 0 
0.3203359 0.08202054 0.7369795 
0.355408 0.314153 0.9267048 
0.1668008 0 0.643868 
0.08824737 0.2539413 0 
0.435925 0.08858562 0.8525818 
0.1314624 0.2739518 0 
0.1374697 0.404464 0 
0.1330414 0.7516982 0 
0.3090253 0 0.6499084 
0.04806088 0.42266 0 
0.260534 0.7350106 0 
0 0.2772566 0.8065007 
0.5079418 0.02197398 0.6189473 
0.03834326 0.8328654 0 
0.2327797 0.9516801 -0 
0.2063484 1 2.03061e-05 
0.3202215 0 0.4999897 
0.2208941 0.7125385 0 
0.04496947 0.3412951 0 
0.09805707 0.4364188 1e-10 
0.2606904 0.782038 0 
0.1801254 0.6856093 0 
0.1315119 0.3177353 0 
0.1486549 0.4488838 0 
0.217962 0.7301516 0.9275648 
0.3263535 0.9619332 0 
0.1085188 0.4863588 0 
0.2535231 0.5693766 0 
0.1785087 0.7314862 0 
0.0849321 0.2046419 0 
0 0.9687305 0.3611271 
-0 0.1285307 0.1593248 
0.1177785 0.8500559 0 
0.1679598 0.4879669 1e-10 
0.09578572 0.2932451 0 
0.03474132 0.1206316 0.954219 
0.2440968 0.8956839 0 
0.09410076 0.1543955 0 
0.4045895 0.7252406 -0 
0.03972676 0.07084765 0 
0.4162472 0.5543591 -0 
0.3992105 0.6311066 0 
0.2681527 0.1623472 0 
0.4589957 0.3706232 0.001815879 
0.1663668 0.2969414 0 
0.217709 0.3456026 0 
0.4230527 0.7618967 0 
0.3162099 0.4204942 0 
0.326131 0.5394626 0 
0.3363378 0.6932882 0 
0.09569319 1 0.8979073 
0.1208067 0.0514724 0 
0.3172573 0.1554727 0 
0.3596259 0.4289113 0 
0.2611891 0.2216048 -1e-10 
0.2104327 0.2963659 0 
0.1752942 0.2597141 1e-10 
0.1747151 0.3339321 0 
0.1420029 0.1425573 1e-10 
0.3578153 0.6204368 0 
0.2469426 0.1030913 0 
0.2250858 0.3885242 0 
0.4186384 0.478031 0 
0.4103276 0.04628574 0 
0.3887435 0.588248 0 
0.3259215 0.2940342 0 
0.1082803 0.1082498 0 
0.2851607 0.2950155 0 
0.3956939 0.5125429 0 
0.4120308 0.2646855 0 
0.2852589 0.6459908 0 
0.435925 0.124189 0.8764408 
0.3142741 0.6125343 0 
0.4287841 0.08830035 0 
0.2245606 0.1946296 0 
0.1604381 1 0.9046395 
0.3803135 0.2322778 0 
0.42057 0.8453789 0 
0.4097394 0.1356356 0 
0 0.03042493 0.7016727 
0.08048215 0.07913028 0 
0.3014982 0.678852 0 
0.3115684 0.05312486 -0 
0.335545 0.7863292 0 
0.2913583 0.1072932 0 
0 0.04490385 0 
0.2009945 0.09327149 -0 
0.4413874 0.4493071 0.0004299404 
0.3795734 0.8525395 0 
0.4407243 0.1697116 0.0003777485 
0.2697015 0.4120725 0 
0.3689016 0.2755892 0 
0.185189 0.4166183 0 
0.3776318 0.4693658 0 
0.3036935 0.2053996 0 
0.3631503 0.04936327 0 
0.3996601 0.8985096 0 
0.2524836 0.2715971 0 
0.4368797 0.5974787 7.51438e-05 
0.1709929 0.04748968 0 
0.1795316 0.2162192 0 
0.3287259 0.6511254 0 
0.1823881 0.1721803 0 
0.1533371 0.093614 0 
0.2365008 0.530952 0 
0.4028372 0.8048019 0 
0.3926037 0.09778607 0.5287338 
0.2273314 0.425654 0 
0.4556461 0.1238445 0.001552231 
0.2985851 0.5735617 0 
0.3689922 0.663931 0 
-0 0.0319981 0.1606747 
0.3621469 0.3153997 -0 
0.6993611 1 0.3824992 
0.3481698 0.1968491 -1e-10 
0.3032596 0.3774487 0 
0.4002557 0.3080323 0 
0.2521753 0.3187227 0 
0.2183828 0.2447123 1e-10 
0.3364636 0.2441665 0 
0.1472893 1 0.9288296 
0.3338221 0.4632138 -0 
0.3706703 0.5467067 0 
0.3821688 0.3961453 0 
0.2643871 0.4952231 -0 
0.3521293 0.5049478 -0 
0.1991272 0.4559339 1e-10 
0.4255499 0.2179888 0 
0.3455485 0.3856183 0 
0.3504357 0.8913016 0 
0.3782765 0.7610736 0 
0.2901846 0.4566871 0 
0.3725342 0.7097058 0 
0.2470974 0.4569299 0 
0.3432551 0.5798563 0 
0.2950337 0.3332836 0 
0.3841199 0.09549125 -0 
0.3820878 0.3529535 -0 
0.4101364 0.6797451 0 
0.1813639 0.1299226 1e-10 
0.2950536 0.2547514 0 
0.07312652 0.03855939 0 
0.3673638 0.9411141 0 
0.3371212 0.1036655 0 
0.4278647 0.3400891 0 
0.2612727 0.3636627 0 
0.2660427 0.05255135 0 
0.443893 0.8001168 0.0006271527 
0.4175387 0.3832601 0 
0.2216915 0.1444657 1e-10 
0.3941196 0.1838943 0 
0.3678776 0.8105292 0 
0.3440765 0 2.16488e-05 
0 0.03460841 0.7909241 
0.3353248 0.3436092 0 
0.2180701 0.4928111 0 
0.3632973 0.1488419 0 
0.03239136 0.03112085 0 
0.2816221 0.5344792 0 
0.133046 0.2321164 0 
0 0 0.04573132 
0 0.03342641 0.1167299 
0.4339964 0.6424842 0 
0.1791682 0.3755194 0 
0.2196862 0.04923245 0 
0.136588 0.1879646 1e-10 
0.3382138 0.7374865 0 
0.4052274 0.431411 0 
0 0.03983324 0.840404 
0.308255 0.4987124 0 
0 0.7718017 0.2271264 
0.3647595 0.1698298 0.7000723 
0 0.05909632 0.882153 
0 0.1346622 0 
-0 0.9208084 0.2716257 
0 0.9676241 0.03276936 
0 0.07231407 0.03001567 
0 0.3842395 0.04810145 
0 0.960671 0.2014977 
0.435925 0.2769265 0.8523884 
0.435925 0.05583118 0.6799209 
0 0.8531779 0.08299621 
0 0.3204035 0.09337308 
0.3112713 0.1051914 0.954219 
0 1 0.04431851 
0 0.6747413 0 
0 1 0.2195455 
0 0.599313 0.09736633 
0 0.9576068 0.1575051 
0 1 0.2618169 
0 0.818953 0.08882986 
-0 0.5514303 0.1061002 
0.435925 0.02874037 0.9246472 
0.435925 0.1840366 0.9082237 
0 0.7343575 0.09280135 
0.3493937 -0 0.8525326 
-0 0.910538 0.1367794 
0.3766942 -0 0.8697449 
-0 0.9607984 0.2454718 
0 0.7286965 0.2265125 
0 0.538234 0 
0 0.807073 0.1344287 
0 0.2801644 0.0845327 
0 0.8137141 0 
0.3335359 0.150083 0.6995024 
0.3600888 0.09027976 0.7272667 
0 0.7048126 0.04697999 
0 0.8326827 0.1751343 
0 0.9242895 0.2276399 
-0 0.5894043 0.1425342 
0 0.8766188 0.1716131 
0 0.5032696 0.09420537 
0 0.6449035 0.09642047 
0 0.3407922 0.04924145 
0 0.7776099 0.0909258 
0 0.9206789 0.1818517 
0.4099049 0.03209978 0.954219 
-0 0.8147652 0.2220436 
0 0.4037771 0 
0 0.4575393 0.08532054 
0.2654515 0 0.6090889 
0.03508178 0.2471137 0.954219 
-0 0.6141014 0.04899573 
0 0.5681889 0.05161157 
0 0.2953047 0.04484178 
0 0.6296842 0.1442416 
0.5336755 0 0.5897807 
0 0.8435847 0.2608422 
0 0.2243712 0 
0 1 0.1329555 
0 0.6742727 0.1413608 
0 0.9068572 0 
0 0.8553371 0.2154597 
0 0.8848828 0.2501706 
0.3676891 0.128646 0.954219 
0 0.6845893 0.2233074 
0.5036227 0.2082483 0.6199843 
0 0.8918391 0.2094033 
0.3276125 0.2471154 0.954219 
-0 0.5235187 0.0504168 
0 0.7629523 0.1376008 
0 0.9597967 0.1165881 
0 0.8711635 0.05065094 
0.2961411 -0 0.6114954 
0 0.9534286 0 
-0 0.6900483 0.09467927 
0 0.4935142 0 
0.05872266 0 0.921958 
0 0.08980768 0 
0 0.5836312 0 
0 0.4303074 0.04385897 
0 0.8552428 0.1293424 
0 0.4772098 0.045219 
-0 0.7462093 0.1833004 
-0 0.6596032 0.04818944 
-0 0.9072532 0.06158317 
0.217962 0.3410844 0.8637468 
0.217962 0.402868 0.9274176 
0 0.7929288 0.04433976 
0.3986689 0.1906221 0.7059582 
-0 0.9607732 0.2872526 
-0 0.2464901 0.05030273 
-0 0.1991239 0.04258396 
0 0.7021295 0.1837954 
0 0.7893392 0.1807168 
0 0.7191416 0.1394662 
0 0.07030742 0.2223564 
0 0.212105 0.2695243 
0 0.1002399 0.1910914 
0 0.1710109 0.3000903 
0 0.4081777 0.1905263 
0 0.4531096 0.3037935 
0 0.6045974 0.301761 
0 0.2948084 0.1763199 
0.30528 0.1348145 0.7018608 
0 0.2507983 0.289006 
0 0.5679408 0.272604 
0 0.4480861 0.2112855 
0 0.1456584 0.122942 
0 0.04399194 0.2949837 
0 0.4889282 0.2289358 
0 0.1725215 0.2559891 
-0 0.2150619 0.1367558 
0 0.4846714 0.1804704 
0.3689562 0.08408215 0.5230562 
0 0.03266465 0.03364485 
0.3564452 0.2480243 0.7915034 
0 0.3345895 0.2472932 
0 0.1654144 0.07959723 
0 0.4114973 0.2911661 
0 0.6409242 0.2301751 
0 0.03959623 0.2505461 
-0 0.175205 0.2102047 
0 0.1292779 0.2863557 
0 0.08800034 0.3162139 
-0 0.4769525 0.1321224 
-0 0.2540555 0.1561158 
0 0.566851 0.3207912 
0 0.2540918 0.2462686 
0 0.3920721 0.374828 
0 0.1186981 0.09295353 
0 0.6039946 0.2489815 
0 0 0.137194 
-0 0.5293922 0.2480929 
0 0.4385851 0.1211203 
0 0.6381379 0.2801885 
0 0.321097 0.3422799 
0 0.1388003 0.1971725 
0.435925 0.2382316 0.7493235 
0 0.3707788 0.3271536 
0 0.8777879 0.2969173 
0 0.1564002 0.03531865 
-0 0.6761969 0.296513 
0 0.3317582 0.2964326 
0 0.5304789 0.2947716 
0 0.2142606 0.1821986 
0 0.365975 0.1036624 
0 0.4038603 0.1385579 
0 0.1129468 0.03043358 
0 0.655605 0.1861798 
0 0.5600799 0.1684019 
0 0.1348922 0.2419095 
0 0.06395478 0.1809376 
0 0.1727833 0.1622114 
0 0.5257035 0.1989945 
-0 0.4504332 0.2590088 
0.1214382 0 0.8826643 
0 0.2104977 0.3072779 
0 0.2140494 0.2269913 
0.4032309 0 0.6780095 
0 0.08644735 0.2661036 
-0 0.2553263 0.20196 
0 0.9291421 0.02900696 
0 0.2380465 0.3311899 
0 0.4108356 0.2415704 
0 0.4931076 0.3168579 
0 0.4911974 0.2746143 
0 0.2112196 0.08695488 
0 0.5189971 0.1460191 
-0 0.3724869 0.2725359 
0 0.7523339 0.2726335 
-0 0.1327538 0.3333042 
-0 0.6069512 0.1929866 
0 0.293238 0.2694675 
0 0.1822671 0.1180877 
0 0.6690481 0.2589325 
-0 0.2488972 0.107028 
0 0.1834679 0.3432727 
0 0.3344141 0.1968126 
0 0 0.454835 
0 0.331384 0.1439878 
0 0.06462593 0.1387334 
-0 0.5670344 0.2208865 
-0 0.295631 0.2235504 
0 0.3696034 0.1649033 
0 0.2896633 0.1289641 
0 0.7989827 0.2668209 
0 0.09208631 0.1589713 
0 0.4436439 0.1640724 
0 0 0.1829254 
0 0 0.2282566 
0 0.3724192 0.2196536 
0 0.4581725 0.4208287 
0 0.5608813 0.367127 
0.07283924 0.463622 0.954219 
0 0.1437093 0.600007 
0 0 0.5454877 
0 0.05004482 0.6073657 
0 0.3058336 0.4636753 
0 0.694949 0.3317959 
-0 0.1402733 0.3772953 
0 0.04067129 0.466309 
0 0.2836612 0.5047999 
0 0.5043534 0.4208176 
0 0.4181385 0.3370764 
0 0.3714414 0.4980856 
0 0.3278176 0.5007449 
0.3483797 0 0.8914973 
0 0.1587797 0.4996865 
0.03047577 0.6576473 0.954219 
0 0.1323262 0.4649937 
0.3300219 0 0.6164187 
0 0.2599387 0.4708065 
0 0.1828944 0.4535052 
0 0.3709967 0.4173831 
0 0.5806867 0.4418609 
0 0.08573016 0.4688582 
0.2817447 0.2006277 0.954219 
0 0.4778926 0.3858688 
0 0.5296818 0.3385839 
0 0.2719861 0.3570099 
0 0.6341376 0.3803994 
0 0.3047938 0.5413822 
-0 0.2818293 0.4292872 
0 0.2337462 0.4404367 
0 0.03426008 0.7444618 
0 0.2062651 0.4121993 
0 0.7418452 0.3214067 
0 0.7845375 0.3100977 
0 0.4139299 0.4180311 
0 0.7695292 0.3531289 
0 0.1911629 0.5261946 
0 0.3929979 0.4576758 
0 0.4369554 0.4577885 
0 0.4832611 0.4578106 
0 0.210363 0.4830523 
-0 0.2235204 0.3700334 
0 0.06980971 0.4213915 
0 0 0.5908431 
0 0.3498707 0.4593706 
-0 0.1030805 0.5188581 
0 0.3275532 0.4211889 
0 0.1123873 0.4194634 
0.05414505 -0 0.8837211 
0 0.8937259 0.3387648 
0 0.1849697 0.5740526 
0 0.4959459 0.3538835 
-0 0.09047579 0.3696584 
-0 0.4353574 0.380618 
0 0.8424636 0.3844543 
0 0.7154478 0.2972323 
0.435925 0.0289797 0.6561911 
0 0.5208239 0.3814917 
0 0.2608723 0.5450717 
-0 0.1580931 0.4199759 
-0 0.5489292 0.4123465 
0 0.3485765 0.3765092 
0 0.4596868 0.3460194 
0.1861771 1 0.9271535 
0.2383825 0.03441585 0.954219 
0 0.6455422 0.3314042 
0 0.6018169 0.3496617 
0.1195665 0 0.8414379 
-0 0.05196128 0.5577267 
0 0.1448426 0.5488243 
0 0 0.6362459 
0 0 0.6816519 
0 0.1818521 0.3838184 
0 0.3025708 0.3864836 
0 0.4149407 0.4966548 
-0 0.5918586 0.3966557 
0 0.09877202 0.5753396 
-0 0.04888549 0.5109692 
0 0.5335932 0.4571666 
0.07839122 0.4240304 0.954219 
0 0.2539015 0.3988951 
0 0.2209207 0.5481433 
0.1823688 0.4735212 0.954219 
-0 0.6236163 0.4268014 
0.435925 0.314153 0.668506 
0 0.7067323 0.2621365 
0 0.2855854 0.3143007 
0.435925 0.2237473 0.6697505 
0 0.5407688 0.4991195 
0 0.2384135 0.5109411 
0 0.8557461 0.3411861 
-0 0.8298864 0.3039226 
0 0.4598241 0.5723122 
0 0.3931885 0.5363924 
0 0.3490878 0.538616 
0 0.8934864 0.02759134 
-0 0.2788734 0.5810103 
0 0.5754168 0.4849264 
0 0.7285143 0.4720079 
0 0.7082588 0.4013019 
0 0.4589522 0.4956988 
0 0.4370456 0.5347437 
0 0.2739429 0.655247 
0 0.2998211 0.6175481 
0 0.7240487 0.361685 
0 0.4155024 0.5741106 
-0 0.1931431 0.6204401 
0 0.3707064 0.5763061 
0 0.2304854 0.5838614 
0.2430492 0 0.9129531 
0 0.6771654 0.3695584 
0 0.4808294 0.5335792 
0 0.7533946 0.3927789 
0 0.3253841 0.5785469 
0 0.6653924 0.4129427 
-0 0.6563306 0.4574245 
0 0.8133552 0.3465146 
-0 0.7979065 0.3872033 
0 0.09706522 0.6266647 
0 0.6968693 0.44342 
-0 0.2504589 0.6179478 
0 0.7378532 0.4309909 
-0 0.5025312 0.4949529 
0 0.845418 0.4555684 
0 0.9235607 0.6232822 
0 0.6822783 0.5739703 
-0 0.6786193 0.6193581 
0 0.5239307 0.5338088 
0 0.5500706 0.5681839 
-0 0.5681235 0.5295178 
-0 0.804545 0.4674635 
-0 0.959227 0.5519638 
0 0.527565 0.6069852 
0 0.5068196 0.6461126 
0 0.7255903 0.513536 
0 0.6895792 0.4868784 
-0 0.8420071 0.4945634 
0 0.78203 0.425823 
0 0.928499 0.3616425 
0 0.6851405 0.5303588 
0 0.8852041 0.3787132 
0 1 0.416325 
0 0.9196065 0.5777934 
-0 0.6427212 0.589802 
0 0.8804688 0.5150129 
0 0.8247881 0.4234029 
0 0.6157476 0.4718201 
0 0.8797113 0.6448217 
0 0.4831326 0.609314 
0 0.8806298 0.6018965 
0 0.8391964 0.6243653 
-0 0.8744483 0.4234731 
0 0.7633412 0.5368087 
0 0.7982295 0.647301 
0 0.8402932 0.5808579 
0 1 0.5297251 
0 0.6495165 0.5020809 
0 0.7586338 0.6228806 
0 0.7997806 0.6026127 
0 0.9174924 0.449296 
-0 0.4384643 0.6113452 
-0 0.5939969 0.6419821 
0 0.7228272 0.5560608 
0 0.8014573 0.5588377 
0 0.8810846 0.4714369 
0 0.8800203 0.5582904 
0 0.9231048 0.3142163 
-0 0.7198784 0.5995713 
-0 0.9606457 0.3947128 
0 0.9586354 0.4720174 
0 0.9586245 0.4327208 
0 0.5508247 0.6438103 
0 0.9616243 0.3273737 
0 0.570962 0.60423 
-0 0.6436165 0.5466862 
0 0.9590987 0.5121225 
0 0.9193627 0.4925783 
0 0.6087247 0.5173888 
0 0.6091027 0.6061686 
0 0.8031749 0.5144825 
0 0.9192574 0.4070091 
0 0.7610377 0.5797525 
0 0.7657885 0.4951267 
0 0.7645081 0.4583344 
-0 0.504285 0.5708671 
-0 0.8411356 0.5373688 
-0 0.5991374 0.5643768 
0 0.9193579 0.5349354 
0.02844811 0.5551975 0.954219 
0.1808456 0.06743915 0.954219 
0 0.1805009 0.954219 
0 0.2255979 0.954219 
0.1233377 0.038709 0.954219 
0 0.09025045 0.954219 
0.1432377 0.07436233 0.954219 
0.2179712 0 0.954219 
0.3623063 0.314153 0.7554052 
0.1797194 0 0.954219 
0.142687 0 0.954219 
0.217962 0.969538 0.6557935 
0.1332772 0.115738 0.954219 
0.3539879 0.06610686 0.806723 
0.2590821 0.314153 0.8634439 
0.1030301 0.07919829 0.954219 
0.04095784 0 0.839414 
0.4658133 0 0.6259542 
0.1603592 0.9114324 0.954219 
0.1934842 0.8785694 0.954219 
0.05751719 0.0281086 0.954219 
0.1187885 0.2284022 0.954219 
0.2016423 0.09464813 0.954219 
0.2026853 0.1296809 0.954219 
0.07291943 0.1456317 0.954219 
0.1647663 0.2301417 0.954219 
0.1054341 0.2684069 0.954219 
0.1380879 0.1915583 0.954219 
0.4826055 0.2512919 0.6246328 
0.2083367 0.2341464 0.954219 
0.1693417 0.1072502 0.954219 
0.1167369 0.1555604 0.954219 
0.3678777 0.0757722 0.954219 
0.1923665 0.2686286 0.954219 
0.06689046 0.1017679 0.954219 
0.1639294 0.1522696 0.954219 
0.1826668 0.1948354 0.954219 
0.217962 0.3684199 0.6601386 
0.1472745 0.264475 0.954219 
0.2560873 0 0.954219 
0.08619553 0.189861 0.954219 
0.07529401 0.2341848 0.954219 
0.2091893 0.1662282 0.954219 
0.2488565 0.1838416 0.954219 
0.2563828 0.07244993 0.954219 
0.2728207 0.1141753 0.954219 
0.29329 0 0.954219 
0.2214774 0.2022885 0.954219 
0.2417477 0.1424944 0.954219 
0.379206 0.04812073 0.954219 
0.3805848 0 0.9017874 
0.3069405 0.02345647 0.954219 
0.2492893 0.314153 0.8986515 
0.3399463 0.314153 0.6846065 
0.3346005 0.1255842 0.954219 
0.2349682 0.1042403 0.954219 
0.2905664 0.07694255 0.954219 
0.2913747 0.2406426 0.954219 
0.305086 0.1387447 0.954219 
0.3166041 0.2110806 0.954219 
0.2328324 0.2723243 0.954219 
0.2521648 0.2311747 0.954219 
0.2738613 0.9663328 0.628306 
0.2906164 0.314153 0.954219 
0.363066 0.2520831 0.954219 
0.3556623 0.02513914 0.954219 
0.5929363 0 0.5151386 
0.4169818 1 0.5956643 
0.5364878 0 0.5345533 
0.3251005 0.314153 0.7691117 
0.02484995 -0 0.8808897 
0.3965294 0 0.7123446 
0.3774715 0.1934774 0.954219 
0.435925 0.238975 0.628306 
0.5634347 0 0.5196804 
0.3790276 0.2825325 0.954219 
0.2485217 0.3438331 0.628306 
0.435925 0.1481502 0.9165908 
0.2707424 0.2744782 0.954219 
0.2458008 0.5108954 0.628306 
0.217962 0.7052312 0.6584243 
0 0.04160474 0.3857687 
0.307513 0.2786817 0.954219 
0.3930659 0.1065584 0.8675241 
0.217962 0.7622474 0.628306 
0.3623455 0.9184604 0.628306 
0.2934572 0.8880648 0.628306 
0.2971369 0.5925443 0.628306 
0.4364405 1 0.6278937 
0.2963307 0.7608728 0.628306 
0.2575688 0.7813372 0.628306 
0.217962 0.9194927 0.628306 
0.3085825 0.9617011 0.628306 
0.3340972 0.8270504 0.628306 
0.3835888 0.8826035 0.628306 
0.258585 0.6221086 0.628306 
0.217962 0.6109456 0.628306 
0.258996 0.6606642 0.628306 
0.3668131 0.8467523 0.628306 
0.2576799 0.8222062 0.628306 
0.3822668 0.9591972 0.628306 
0.2567589 0.8623557 0.628306 
0.2513929 0.4483853 0.628306 
0.217962 0.4616236 0.628306 
0.2970457 0.8468199 0.628306 
0.284788 0.9282405 0.628306 
0.3228464 0.9202765 0.628306 
0.2828025 0.5084313 0.628306 
0.2570354 0.5853155 0.628306 
0.2532225 0.4815166 0.628306 
0.3999352 1 0.6282821 
0.2543036 1 0.628306 
0.217962 0.5734219 0.628306 
0.2588764 0.5325473 0.628306 
0.3768137 0.8053301 0.628306 
0.2990868 0.6760698 0.628306 
0.3448598 0.9593505 0.628306 
0.2586231 0.7002508 0.628306 
0.2960269 0.8037049 0.628306 
0.2974095 0.7182007 0.628306 
0.217962 0.8794534 0.628306 
0.217962 0.8399641 0.628306 
0.2580305 0.7405029 0.628306 
0.2491143 0.9391564 0.628306 
0.217962 0.3510205 0.628306 
0.3270399 1 0.628306 
0.2538299 0.9014369 0.628306 
0.3365372 0.8760734 0.628306 
0.217962 0.7239471 0.628306 
0.217962 0.8175501 0.6646487 
0.217962 0.5510518 0.73915 
0.217962 0.314153 0.8094046 
0.217962 0.3591069 0.79186 
0.217962 0.4322402 0.8293774 
0.217962 0.648484 0.628306 
0.217962 0.314153 0.7007467 
0.217962 0.6151948 0.702449 
0.217962 0.5941842 0.7385805 
0.217962 0.6377301 0.7379907 
0.217962 0.3742655 0.8634762 
0.217962 0.7943618 0.7026425 
0.217962 0.7018565 0.7732847 
0.217962 0.5360444 0.628306 
0.217962 0.6719062 0.6650243 
0.217962 0.7385452 0.6654592 
0.217962 0.3501755 0.896126 
0.217962 0.522117 0.8433053 
0.217962 0.5525136 0.6664391 
0.217962 0.3438838 0.6846474 
0.217962 0.4247558 0.628306 
0.217962 0.4987253 0.628306 
0.217962 0.4474381 0.7088654 
0.217962 0.5928444 0.6661017 
0.217962 0.314153 0.6645263 
0.217962 0.8006931 0.628306 
0.217962 0.3496947 0.8308076 
0.217962 0.5119973 0.8087661 
0.217962 0.3878882 0.628306 
0.217962 0.7739552 0.7441376 
0.217962 0.4262305 0.7504268 
0.217962 0.4667374 0.746479 
0.217962 0.777421 0.6658665 
0.217962 0.6586509 0.7016087 
0.217962 0.4014657 0.6655061 
0.217962 0.5922747 0.8124858 
0.217962 0.4059731 0.7906696 
0.217962 0.4725125 0.6682299 
0.217962 0.4488069 0.78945 
0.217962 0.5500833 0.8103808 
0.217962 0.4364755 0.6679883 
0.217962 0.3474171 0.7539558 
0.217962 0.5301954 0.7039208 
0.217962 0.5725704 0.7028515 
0.217962 0.566038 0.8473806 
0.217962 0.5302675 0.774937 
0.217962 0.6861973 0.628306 
0.217962 0.8366104 0.6981669 
0.217962 0.4880966 0.7819132 
0.217962 0.5723099 0.7747856 
0.217962 0.6585764 0.7738776 
0.217962 0.7261613 0.7361713 
0.217962 0.3481773 0.7203926 
0.217962 0.314153 0.8456128 
0.217962 0.7519881 0.7034084 
0.217962 0.8600118 0.6648627 
0.217962 0.4767795 0.8296638 
0.217962 0.3897221 0.8279543 
0.217962 0.4114597 0.7080538 
0.217962 0.9029608 0.6693069 
0.217962 0.4140858 0.8667304 
0.217962 0.4885048 0.7060238 
0.217962 0.5123084 0.6671284 
0.217962 0.6150742 0.7747478 
0.217962 0.3845679 0.7471024 
0.217962 0.6329088 0.6658524 
0.217962 0.5081308 0.7418153 
0.217962 0.7051716 0.6977114 
0.217962 0.6820466 0.7364035 
0.217962 1 0.7366661 
0.217962 0.5780218 0.8845981 
0.217962 0.6530865 0.954219 
0.217962 0.7693611 0.8736803 
0.217962 0.8873253 0.7817384 
0.217962 0.6425766 0.8838973 
0.217962 0.4954038 0.8745185 
0.217962 0.941699 0.684352 
0.217962 0.9649872 0.7141188 
0.217962 0.4545217 0.870493 
0.217962 0.9596776 0.628306 
0.217962 0.4747182 0.9128615 
0.217962 0.9135122 0.8719572 
0.217962 0.8512741 0.7616497 
0.217962 0.862767 0.954219 
0.217962 0.772316 0.7908753 
0.217962 0.8798318 0.701856 
0.217962 0.6106424 0.8527387 
0.217962 0.8833776 0.8193327 
0.217962 0.727889 0.8095101 
0.217962 0.7391117 0.8947875 
0.217962 0.9236192 0.8025409 
0.217962 0.5141182 0.9152129 
0.217962 0.736488 0.8527489 
0.217962 0.8476911 0.7989352 
0.217962 0.961609 0.7867327 
0.217962 0.8150607 0.9188985 
0.217962 0.8283284 0.954219 
0.217962 0.9222905 0.7174718 
0.217962 0.7702198 0.9177045 
0.217962 0.7024205 0.9114541 
0.217962 0.8381811 0.879365 
0.217962 0.9582958 0.8632866 
0.217962 0.6562645 0.8460106 
0.217962 0.6101368 0.8934316 
0.217962 0.6089491 0.954219 
0.217962 0.8081819 0.8144998 
0.217962 1 0.8815674 
0.217962 1 0.6644164 
0.217962 0.5375806 0.8802611 
0.217962 0.8175859 0.7352525 
0.217962 0.9171554 0.9267038 
0.217962 0.6675531 0.9188473 
0.217962 0.8550512 0.7276729 
0.217962 0.9203975 0.8392597 
0.217962 0.8892066 0.7422446 
0.217962 0.5717187 0.954219 
0.217962 0.9609739 0.7483655 
0.217962 0.4341102 0.9105503 
0.217962 0.3916589 0.8965104 
0.217962 0.6787542 0.8797342 
0.217962 0.8428408 0.8376604 
0.217962 0.960851 0.8250164 
0.217962 1 0.845299 
0.217962 0.7114009 0.8771966 
0.217962 0.8107465 0.7738771 
0.217962 0.9246436 0.7622653 
0.217962 0.6986475 0.8437044 
0.217962 0.7690513 0.8317473 
0.217962 0.6347092 0.8116666 
0.217962 0.8779858 0.8558308 
0.217962 0.7996855 0.888715 
0.217962 0.680106 0.8093877 
0.217962 0.7410299 0.7709147 
0.217962 0.8493632 0.9191626 
0.217962 0.8036114 0.8539753 
0.217962 0.5529612 0.9182996 
0.217962 0.897197 0.954219 
0.1454417 1 0.6618859 
0.0702606 1 0.6652947 
0.1817122 1 0.680667 
0.1088271 1 0.687192 
0.1824758 1 0.6419668 
0.1462992 1 0.7017448 
0.07494343 1 0.7138065 
0.217962 1 0.7728483 
0.07527714 1 0.7578169 
0.1096442 1 0.780046 
0.1135861 1 0.7342699 
0.07575781 1 0.617669 
0.1817504 1 0.7882942 
0.217962 1 0.7005411 
0.1465235 1 0.7663341 
0.1542536 1 0.7344588 
0.18159 1 0.8239725 
0.217962 1 0.8090307 
0 1 0.6449093 
0.1891529 1 0.6001488 
0.03771657 1 0.6306621 
0.144954 1 0.8035288 
0.1307772 1 0.954219 
0.1514574 1 0.8746594 
0.06663104 1 0.9206254 
0.1100253 1 0.8633723 
0.1836651 1 0.8590223 
0.0871848 1 0.954219 
0.183888 0.4358755 0.954219 
0.07333216 1 0.8416451 
0.1874716 1 0.8933238 
0.1281259 1 0.8986638 
0.03760716 1 0.7802466 
0.07371174 1 0.8007241 
0.0435924 1 0.954219 
0.1092109 1 0.822261 
0.03727137 1 0.6995823 
0.217962 1 0.9178932 
0.1082773 1 0.9271458 
0.1457663 1 0.8407615 
0.03558096 1 0.8586469 
0.03788241 1 0.7395669 
0.2765289 0.1585115 0.954219 
0 0.9408604 0.9208546 
0 0.8375354 0.6684276 
0 0.8898494 0.875954 
0 0.6708478 0.6683788 
0 1 0.6835729 
0 0.8619905 0.7967665 
0 0.9189845 0.6682126 
0 0.8397694 0.7118189 
0 0.7658825 0.7365627 
0 0.9193623 0.7102069 
0 0.920272 0.7526357 
0 0.7571808 0.6647335 
-0 0.5306023 0.6834359 
0 0.4620416 0.6483397 
0 0.9207001 0.8423638 
0 0.8473132 0.8719006 
0 0.6989684 0.8011951 
-0 0.5760152 0.7590012 
0 0.9619822 0.856774 
0 0.9670221 0.8942571 
0 0.8646496 0.913596 
0 0.5535914 0.7211639 
0 1 0.7995641 
0 0.9572098 0.7774003 
0 1 0.7222366 
0 0.9576677 0.8171936 
0 0.3932311 0.6136261 
-0 0.6382303 0.6350146 
0 0.6210068 0.6753944 
0 0.8186362 0.7876085 
0 0.8319883 0.8307632 
0 0.7227531 0.728593 
0 0.9124054 0.7986103 
0 0.8787011 0.687448 
0 0.5750485 0.6807441 
0 1 0.9155552 
0 0.8472118 0.7548891 
0 0.7158499 0.643477 
0 0.6417928 0.7103043 
0 0.7765419 0.7783747 
0 0.7887777 0.8217871 
0 0.598053 0.7168192 
0 0.7957879 0.6954366 
0 1 0.8382277 
0 0.6835934 0.7141058 
0 0.8776252 0.834914 
0 0.6914177 0.759774 
0 0.9597675 0.6572261 
0.2195148 0.06619218 0.954219 
-0 0.9590815 0.6959805 
0 0.6572973 0.7467794 
0 1 0.8768916 
0 0.7335142 0.7693387 
0 0.4858383 0.6856474 
0 1 0.7609003 
0 0.6005973 0.7962853 
0 0.9598964 0.5908298 
0 0.9592891 0.7358839 
0 0.4405383 0.6877455 
0 0.8068844 0.7428489 
0 0.7443573 0.8103013 
0 0.7523856 0.7016252 
0 0.8811633 0.7284611 
0 0.6199009 0.7545514 
0 0.8851067 0.7664721 
0 0.9296145 0.8828534 
-0 0.4166088 0.6506081 
0 0.7151963 0.6851521 
0 0.5836875 0.954219 
0 0.2984418 0.904274 
0 0.3156675 0.954219 
0 0.6099859 0.9123479 
0 0.4053929 0.954219 
0 0.3302328 0.8582338 
0 0.8017964 0.954219 
-0 0.250018 0.9041995 
0.07023101 0 0.954219 
0 0.8426854 0.954219 
-0 0.2766995 0.8557785 
0 0.7162986 0.954219 
0 0.4792069 0.9112448 
0.5241978 0.1385548 0.6150444 
0.3996582 0.1463491 0.6997963 
-0 0.438508 0.9049954 
0 0.6978033 0.9170506 
0 0.3466972 0.9047872 
-0 0.3933806 0.9047126 
-0 0.682911 0.877185 
0.08505712 0.6819254 0.954219 
0 0.3642072 0.8133267 
0.5432256 0.07445919 0.6086963 
0 0.74032 0.9193935 
0 0.7836571 0.9159508 
0 0.6722559 0.954219 
0 0.9223707 0.954219 
0.1192484 0 0.9208457 
0 0.03111771 0.4271436 
0 0.2436641 0.818812 
0 0.3606147 0.954219 
0.5289896 0.05747557 0.6138938 
0 0.4278146 0.8570234 
-0 0.7625497 0.8867678 
0.3313493 0.314153 0.9185745 
0.02456234 0.6960874 0.954219 
-0 0.5216827 0.9171474 
0 0.8238267 0.9119326 
0.127949 0 0.6292645 
0.08665271 0 0.6624619 
0.2763161 0.0371478 0.954219 
0.04002629 0.2058431 0.954219 
0 0 0.8633609 
0.04531198 -0 0.7428424 
0 0.04512523 0.954219 
0.1844127 1 0.7532936 
0.1692157 0 0.6877791 
0.3201277 0 0.9208547 
0.04356476 0 0.7901016 
0.1280204 0 0.6754081 
0.04419645 0 0.6956263 
0.1233076 0.9446869 0.954219 
0.1562931 0 0.9139393 
0.09123989 0 0.7609305 
0.1341859 0.9189835 0.954219 
0.372198 0 0.5551872 
0.08748161 0 0.7104726 
0.1307687 0 0.720248 
0.08709112 0 0.6155616 
0.1210719 0 0.7981283 
0.1579049 0 0.8284799 
0.02793198 0 0.9186329 
0.08756859 0 0.8970644 
0.435925 0.2480434 0.7930801 
0.08278278 -0 0.857343 
0.1598437 0 0.8711069 
0.0812843 -0 0.8129668 
0.1417548 0 0.7587944 
0.1597132 0 0.7913564 
0.339037 0.1533421 0.954219 
0.217962 0.9316114 0.954219 
0.1056209 0 0.954219 
0.217962 0.6298435 0.9222388 
0.2771458 0.4337605 0.628306 
0.3942547 0.2455423 0.7705241 
0.2834103 0 0.9174681 
0.435925 0.2778399 0.812599 
0.2051039 0 0.6590568 
0.1772263 0 0.7281399 
0.6527157 0.9636049 0.3478375 
0.1885083 0 0.7661347 
-0 0.2400666 0.6911809 
0 0.1870334 0.704365 
0 0.3224271 0.6547374 
0.146115 0.9729199 0.954219 
0 0.1439274 0.6484751 
0.1820043 0.8498058 0.954219 
0 0.2282064 0.6512673 
0 0.09918693 0.6742004 
0 0.09668664 0.7212929 
0 0.1400765 0.7004747 
0.217962 0.9370768 0.8960062 
0.4066881 0.1675604 0.954219 
-0 0.04990293 0.6579729 
0.02897533 0.2478655 0.7935231 
0 0.1870998 0.6685644 
0 0.2043297 0.910966 
0 0.2183073 0.8583779 
0.435925 0.2830203 0.690308 
0 0.157556 0.9162913 
0.1470205 0 0.1254738 
0.3156731 0.314153 0.6561005 
0.0640349 0.06318151 0.954219 
0.4933132 0.1225206 0.6224596 
0 0.1149459 0.9197491 
0 0.1353757 0.954219 
0.0691622 1 0.8796139 
0.7045615 0 0.3465952 
-0 0.02683496 0.8815431 
0 0.06648351 0.8090624 
0.184289 1 0.7170382 
0.3914667 0.0993367 0.954219 
0.4050675 0.314153 0.8487561 
0 0 0.9087899 
0.03057766 1 0.6649083 
0.3800938 0.2261399 0.954219 
0 0 0.7725028 
0.217962 0.9772847 0.9302105 
0.03212227 0.5177379 0.954219 
0 0 0.8179318 
0 0.07233905 0.9210132 
0.3791258 0 0.6510502 
0.2685332 0 0.7972955 
0.1952948 0 0.8076947 
0.2325651 -0 0.8245977 
0.3552988 -0 0.7670436 
0.1966207 0 0.8525023 
0.1988049 0 0.9041704 
0.3641033 0 0.6188357 
0.3184284 0 0.7475317 
0.3111827 0 0.781053 
0.2565594 0 0.7121949 
0.3015167 0 0.7173358 
0.3031334 0 0.8147596 
0.3658569 0 0.6856328 
0.2351345 -0 0.869958 
0.2853062 0 0.6815343 
0.3950861 0.2267173 0.7323294 
0.2305226 -0 0.7805284 
0.2123435 0 0.7001837 
0.2713493 0 0.7532094 
0.2237309 0 0.7396592 
0.2789403 0.338504 0.628306 
0.435925 0.04227271 0.8458295 
0.1863305 0.399581 0.954219 
0.1843694 0.9715965 0.954219 
0.3942253 0 0.7907557 
0.3488847 0 0.8109682 
0.4846143 0.223012 0.6244748 
0.2371624 -0 0.6328939 
0.2425682 0.9731188 0.628306 
0.217962 0.3704689 0.9251536 
0.3519688 0 0.7237712 
0.4024089 0.2520278 0.954219 
0.435925 0.2811923 0.8913251 
0.2760955 0 0.8787639 
0.3940747 0 0.7492457 
0.3150608 0 0.8840133 
0.3302886 0 0.954219 
0.3115585 0 0.8467597 
0.435925 0 0.7826183 
0.4955983 0.1514374 0.621911 
0.435925 0.02725512 0.7252469 
0.106556 0.9721741 0.954219 
0.5200363 0.08417814 0.6160435 
0.06564273 0.9638383 0.954219 
0.435925 0.08717921 0.730561 
0.435925 0.1853311 0.6682252 
0.2475017 0.314153 0.6578851 
0.3141857 0.3506295 0.628306 
0.435925 0.1675788 0.6997542 
0.4500805 -0 0.5962188 
0.3485374 0.3435771 0.628306 
0.4649239 0.06570622 0.6260241 
0.435925 0.2094648 0.7159657 
0.399608 0.314153 0.8099694 
0.5072986 0.2730383 0.6191018 
0.435925 0.2072969 0.8669521 
0.2819551 0.3679315 0.628306 
0.5227813 0.2227244 0.6153844 
0.5895359 0.08560329 0.5873327 
0.2719788 0.314153 0.9245775 
0.3985244 0.1049054 0.7150022 
0.2809317 0.314153 0.6560152 
0 0.0721357 0.09776579 
0.435925 0 0.8216871 
0.435925 0.06757986 0.8139488 
0.3300927 0.111077 0.7112203 
0.3972165 0.314153 0.7727153 
0.4685584 0 0.5674959 
0.3987368 0.314153 0.7365251 
0.3820573 0.314153 0.6561195 
0.3847509 1 0.6008649 
0.3657642 0 0.954219 
0.435925 0.247309 0.7044739 
0.3496079 0.2187609 0.954219 
0.4079261 0.207918 0.954219 
0.435925 0.1668273 0.8816894 
0.4912493 0.09248362 0.6229551 
0.404018 0.1292643 0.954219 
0.3955119 0.314153 0.7072552 
0.3528159 0.314153 0.8939784 
0.2488414 0.5564203 0.628306 
0.435925 0.314153 0.7087833 
0.5826098 0.03160114 0.4765671 
0.452352 0.9679865 0.6270134 
0.4736125 0.1976497 0.6253405 
0.377839 0.314153 0.8699561 
0.435925 0.314153 0.7490649 
0.490191 0 0.5477381 
0.6608828 1 0.4833845 
0.5191153 1 0.586629 
0.3301918 0.314153 0.7355337 
0.2429117 0.314153 0.7245619 
0.2998989 0.314153 0.7119969 
0.7112147 0 0.3858123 
0.5412524 0.9676945 0.5061824 
0.3573003 0.314153 0.7950009 
0.4711117 1 0.5602764 
0.297761 0.314153 0.7432437 
0.6817605 1 0.4546616 
0.3496702 0.314153 0.6562834 
0.3856415 0.356951 0.628306 
0.3696945 0.314153 0.8337942 
0.435925 0.314153 0.8715219 
0.2446258 0.314153 0.6908114 
0.5374069 0.02733965 0.6111064 
0.3057165 0.314153 0.6828363 
0.435925 0.314153 0.9127311 
0.2467399 0.314153 0.7597199 
0.4629783 0.3007291 0.6261773 
0.3620742 0.314153 0.7180527 
0.217962 0.314153 0.7731872 
0.435925 0.314153 0.7896909 
0.217962 0.314153 0.7369668 
0.3143437 0.314153 0.8025235 
0.217962 0.314153 0.9180179 
0.6974659 0 0.4162121 
0.4288622 0.074984 0.5330383 
0.2844442 0.314153 0.8922963 
0.4097379 0.314153 0.9241865 
0.2494372 0.314153 0.7926 
0.3051226 0.314153 0.862642 
0.217962 0.314153 0.8818154 
0.2911961 0.314153 0.8354418 
0.435925 0.2697956 0.954219 
0.2517986 0.314153 0.8281779 
0.3436674 0.314153 0.8626516 
0.6522283 0.9252174 0.3502999 
0.2790213 0.314153 0.808463 
0.3632708 0.314153 0.954219 
0.3317765 0.314153 0.8312428 
0.6662013 0 0.4776334 
0.2542892 0.314153 0.954219 
0.2237605 0.2056623 0.8678012 
0.2649593 0.1974982 0.8727073 
0.03962878 0.2118317 0.863642 
0.07626738 0.238396 0.8316559 
0.3460957 0.2084851 0.8660712 
0.3895704 0.2226486 0.853948 
0 0.1764751 0.880251 
0.1846508 0.212786 0.8628269 
0.3069203 0.1866759 0.8771896 
0.07901046 0.2065866 0.8672348 
0.04121012 0.1683014 0.8815618 
0.3481171 0.1678693 0.8815958 
0.4600267 0.2266269 0.6264095 
0.147377 0.2231123 0.8534051 
0.08170694 0.1605555 0.8821712 
0.2315651 0.1680399 0.8815824 
0.2712024 0.1587669 0.8823118 
0.1157502 0.1976742 0.8726344 
0 0.1285266 0.8781593 
0.3095418 0.1482238 0.8818648 
0.5695181 0.2000626 0.5978061 
0.1919462 0.1764309 0.8799955 
0.1530503 0.1864527 0.8772821 
0.4125791 0.314153 0.6523862 
0.1204911 0.1516527 0.8821345 
0 0.0880887 0.852066 
0.04304784 0.119398 0.8744565 
0.3087035 0.1130955 0.8715304 
0.3493856 0.1240949 0.8764018 
0.08585975 0.1114997 0.8705524 
0.04613512 0.08069723 0.8423759 
0.1273777 0.106703 0.8676127 
0.2389195 0.1284935 0.8781351 
0.1996515 0.1359394 0.8799227 
0.169262 0.1045652 0.8663025 
0.3621159 0.05690611 0.5203696 
0.09268595 0.07738121 0.8369643 
0.1598019 0.1433404 0.8814807 
0.3818772 0.314153 0.9041027 
0.3904806 0.146428 0.8817236 
0.4157162 0.03424092 0.5320039 
0.466425 0.1695751 0.6259061 
0.2764301 0.1194966 0.8744973 
0.4105464 0.2867524 0.954219 
0 0.06954417 0.7610342 
0.05374312 0.06487453 0.7943763 
0.435925 0.06553791 0.9196582 
0.3242927 0.09291232 0.8568695 
0.1391876 0.07728992 0.8368153 
0.2092723 0.1000211 0.8629414 
0.1818482 0.07738063 0.8369634 
0.6143988 0.09257998 0.5720968 
0.2485391 0.09507312 0.8587151 
0.2873822 0.08543995 0.8485807 
0.2562197 0.07398788 0.8309557 
0.3438587 0.1854684 0.954219 
0.1104014 0.06527402 0.7994512 
0.1988436 0.06529599 0.7997303 
0.2389268 0.06522381 0.7988133 
0.2208913 0.07514083 0.8333081 
0.2927599 0.1067692 0.7138601 
0.435925 0.2434819 0.879411 
0.1568546 0.06540283 0.8010875 
0.2811037 0.06620778 0.8071434 
0.04363117 0.07801034 0.7435235 
0.217962 0.3395372 0.9290715 
0.1355882 0.06877082 0.7636929 
0.435925 0.07676321 0.8826807 
0.3574663 0.08495958 0.8480183 
0.2394223 -0 0.5884913 
0.1189226 0.08815536 0.7297541 
0.3192449 0.07102849 0.8238117 
0.08998013 0.07039191 0.7592382 
0.2619887 0.06782209 0.7676449 
0.3541415 0.06902922 0.7626165 
0.4054611 0.06724802 0.954219 
0.1770441 0.06875793 0.7637466 
0.435925 0.2145907 0.9145319 
0.30994 0.06576382 0.776219 
0.2377478 0.08510088 0.7333306 
0.07813998 0.09451602 0.7232738 
0.1576398 0.08712827 0.7309567 
0.02923726 0.9724275 0.954219 
0.2182599 0.06878875 0.7636182 
0.2793997 0.08155262 0.7377431 
0.196643 0.08684253 0.7312914 
0.2547113 0.1108386 0.7113664 
0.2158918 0.1152087 0.7087926 
0.3645174 0.1262294 0.7042272 
0.3962247 0.07612501 0.7466 
0.1773653 0.1177301 0.7077482 
0.03957603 0.1125283 0.710331 
0.1407182 0.117994 0.7076388 
0.2725527 0.1413763 0.7002859 
0.2982774 0.1677702 0.6999102 
0.2353233 0.1482917 0.6996434 
0.3288872 0.1889935 0.7052836 
0.196406 0.1538245 0.6992078 
0.1066869 0.1161041 0.7084217 
0.2898886 0.2000814 0.7102922 
0.435925 0.2787552 0.628306 
0.0867847 0.1753918 0.7012687 
0.348863 0.2392526 0.7519262 
0.3204673 0.2210695 0.7257611 
0.1179936 0.152261 0.6993309 
0.1568322 0.157195 0.6990775 
0.04099255 0.1565446 0.6990263 
0.435925 0.236544 0.8352485 
0.2596711 0.1777922 0.7018449 
0.07730006 0.1345304 0.701929 
0.1306757 0.1964458 0.7083707 
0.178092 0.1937943 0.7072724 
0.3600843 0.2106074 0.7168252 
0.08812353 0.2125597 0.7184928 
0.2193068 0.1875299 0.7046772 
0.2814274 0.223924 0.7290587 
0.1619202 0.2250465 0.7303731 
0.2090057 0.2235045 0.7285675 
0.05047591 0.1912993 0.7062387 
0.5272622 0.1657725 0.6143086 
0.217962 0.9488551 0.9261475 
0.2488007 0.2106536 0.7168648 
0.1209835 0.2331101 0.7409893 
0.2989597 0.2401696 0.7541402 
0.1874764 0.2415439 0.757458 
0 0.2255977 0.7306179 
0.3156244 0.2479127 0.7885928 
0.2521418 0.2358681 0.7454894 
0.2241317 0.245271 0.769394 
0.3823359 0.314153 0.9325333 
0.2688009 0.2473458 0.7813858 
0.3915324 0.2446176 0.8148406 
0.04194505 0.2190817 0.7240633 
0.1918679 0.2474575 0.7987085 
0.688915 0.03074847 0.5001711 
0.1089001 0.2479798 0.7894461 
0.1518124 0.245551 0.7705606 
0.07960001 0.2388083 0.7508536 
0.177024 0.237058 0.8340833 
0.4331025 1 0.5634543 
0.0655554 0.2480565 0.7910945 
0.2391808 0.245765 0.8100612 
0.1128736 0.2338361 0.8393407 
0.213148 0.2342848 0.8386086 
0.1472618 0.2451093 0.8127923 
0.2868305 0.2429566 0.8206446 
0.435925 0.2591435 0.6633677 
0.3394033 0.2388595 0.8305367 
0.2551035 0.2287521 0.8468027 
0.4988027 0.1795433 0.6211416 
0.5195008 0.110502 0.6161721 
0.3002193 0.2218154 0.8549234 
0.03638108 0.2391189 0.8299103 
0.3314447 0.5609538 0.628306 
0.338944 0.6511734 0.628306 
0.3441253 0.4192522 0.628306 
0.4052333 0.8441071 0.628306 
0.4144582 0.4320046 0.628306 
0.4082558 0.47421 0.628306 
0.3376963 0.6967068 0.628306 
0.4197207 0.9606723 0.628306 
0.3647835 0.5334607 0.628306 
0.249046 0.3771842 0.628306 
0.3808775 0.6257985 0.628306 
0.3727415 0.5779649 0.628306 
0.3336306 0.784381 0.628306 
0.3487973 0.378316 0.628306 
0.3343654 0.4631473 0.628306 
0.3242013 0.5111359 0.628306 
0.308908 0.430786 0.628306 
0.3379104 0.6068186 0.628306 
0.3654788 0.7637265 0.628306 
0.2910966 0.549862 0.628306 
0.3772433 0.7232481 0.628306 
0.2990727 0.6342174 0.628306 
0.4154535 0.6596988 0.628306 
0.4195432 0.3893129 0.628306 
0.3746294 0.6740485 0.628306 
0.3995979 0.314153 0.628306 
0.3814732 0.4030235 0.628306 
0.4048874 0.9211841 0.628306 
0.3745455 0.4466479 0.628306 
0.3632707 0.314153 0.628306 
0.2906164 0.314153 0.628306 
0.2933775 0.4705976 0.628306 
0.3342605 0.7397183 0.628306 
0.4270929 0.8840805 0.628306 
0.4029636 0.7663133 0.628306 
0.425855 0.3494067 0.628306 
0.365414 0.4894652 0.628306 
0.3269435 0.314153 0.628306 
0.4489744 0.4613495 0.6272792 
0.6449112 0 0.5016082 
0.4500008 0.9259404 0.6271984 
0.406857 0.6964821 0.628306 
0.2481446 0.4116911 0.628306 
0.2542892 0.314153 0.628306 
0.3983958 0.5106567 0.628306 
0.3140664 0.3909461 0.628306 
0.435925 0 0.666576 
0.2805022 0.4013281 0.628306 
0.4547084 0.4169798 0.626828 
0.424499 0.7306803 0.628306 
0.5259668 0.19473 0.6146196 
0.46422 0.3367184 0.6260796 
0.4594955 0.3756939 0.6264513 
0.4973597 0.3554748 0.621488 
0.4237683 0.8056199 0.628306 
0.4252923 0.6253861 0.628306 
0.5167277 1 0.06279606 
0.6821246 1 0.2730405 
0.6503758 0.2351626 0.08544602 
0.6296862 0.5977121 0.06777619 
0.6059847 1 0.0512774 
0.6606338 0.5808866 0.0950207 
0.6383341 0.5118425 0.07516186 
0.6778461 0.6956738 0.1151744 
0.7392466 1 0.2398065 
0.6728907 0.3956235 0.1093721 
0.6703251 0.9565206 0.1063681 
0.6681229 0.7815288 0.1037897 
0.6733443 0.8574347 0.1099032 
0.6606235 0.9076822 0.09500859 
0.6301262 0.6398284 0.06815201 
0.73653 0.9420432 0.2246883 
0.658569 0.6237212 0.09260295 
0.08151931 1 0.07700591 
0.6455737 0.4678545 0.08134475 
0.6332839 0.8064998 0.07084882 
0.5629389 1 0.02800801 
0.5547152 0.9556201 0.02436912 
0.6281655 0.6839899 0.06647752 
0.599166 1 0.09645921 
0.607133 0.859533 0.05175858 
0.6409886 0.8604066 0.07742894 
0.435925 0.2514061 0.919848 
0.6105801 0.7689229 0.05387095 
0.5980499 0.9541091 0.04619245 
0.6331736 0.5545668 0.07075457 
0.4413573 0.8749505 0.0004275677 
0.6440879 0.7565417 0.08007582 
0.6231338 0.9074371 0.0621802 
0.6616296 0.8233061 0.09618665 
0.6891584 0.8843042 0.12842 
0.4676112 1 0.002493999 
0.5290599 0.3944377 0.01442886 
0.55565 0.4278889 0.02475637 
0.5532461 0.6244749 0.02376058 
0.5413968 0.352773 0.01885225 
0.4925526 0.9152475 0.005664661 
0.5272888 0.277256 0.01400367 
0.5683993 0.5891019 0.03003752 
0.5723092 0.502643 0.0316571 
0.5413502 0.2342001 0.01883295 
0.5582351 0.1813357 0.02582719 
0.5720744 0.7760273 0.03155984 
0.5061981 0.9571478 0.008940488 
0.5443156 0.470418 0.02006129 
0.457083 0.9574426 0.001665333 
0.5242023 0.8703343 0.0132627 
0.5347322 0 0.06883488 
0.1325513 0 0.2679849 
0.1099714 1 0.6419842 
0.1976783 1 0.5566998 
0.155525 1 0.5763015 
0.1492159 1 0.6194878 
0.03926562 1 0.5909469 
0.07866242 1 0.5741925 
0.1189738 1 0.554362 
0.2398124 1 0.5420458 
0.2490412 1 0.4956481 
0.1148587 1 0.5972949 
0.3006864 1 0.08734784 
0.2975773 1 0.04012555 
0.2527636 1 0.05140357 
0.08281264 0.8138632 0 
0.03148988 1 0.02869458 
0.6483809 0.4415049 0.3663246 
0.2577475 1 0.1112631 
0.6354165 1 0.4055614 
0.614478 1 0.441678 
0.6677379 0.2364752 0.5249671 
0.679073 0.1581415 0.511695 
0.6408757 0.6331523 0.5509744 
0.6294221 0.808436 0.560757 
0.5925689 0.8082803 0.5854741 
0.630545 0.7368354 0.5597979 
0.6379856 0.3706182 0.5534429 
0.6235262 0.5202404 0.5657927 
0.6113825 0.9223074 0.5739452 
0.6112266 0.8459281 0.5740408 
0.6492251 0.2620573 0.5438433 
0.654292 0.1729447 0.5395156 
0.6034163 0.6298335 0.5788269 
0.6296958 0.9612151 0.5605232 
0.6919277 0.2329964 0.4957921 
0.5862758 1 0.4734361 
0.6234052 1 0.4810517 
0.6479169 1 0.448184 
0.631589 1 0.214867 
0.6778026 1 0.1152457 
0.7049875 1 0.1541526 
0.7114618 0.8844058 0.1643912 
0.6806629 1 0.1957804 
0.6553507 1 0.3143479 
0.7476268 1 0.2844054 
0.7487509 1 0.3281279 
0.7064398 1 0.3064322 
0.6499673 1 0.3625559 
0.6805141 1 0.4152994 
0.7180773 1 0.4501196 
0.6744703 1 0.5170832 
0.2309637 1 0.587324 
0.2745199 1 0.5774961 
0.4196948 1 0.532317 
0.645928 1 0.5465416 
0.5808145 1 0.5919711 
0.5710724 1 0.5427648 
0.3492993 1 0.1125278 
0.3934101 1 0.04296096 
0.435925 0.03458514 0.8007957 
0.07798433 0 0.04263993 
0.7027955 1 0.2318816 
0.5801969 0.05500428 0.5930556 
0.3948143 0.06471983 0.7891047 
0.2822467 0.9687628 1e-10 
0.2602969 1 0.0002391701 
0.03827453 1 0.06534067 
0.3945619 0.07469407 0.832579 
0.3995979 0.314153 0.954219 
0.435925 0.1118076 0.6699024 
0.3148374 1 1.94349e-05 
0.5957432 0.1177561 0.5835289 
0.435925 0.179864 0.954219 
0.1276919 0.9668363 0 
0.5711928 0.1078682 0.5971125 
0 0.9674727 0.07448088 
0.1526833 1 2.2243e-06 
0.435925 0.1189138 0.628306 
0.03413755 1 0.8959742 
0 0.04527995 0.3412263 
0.5871852 0.2170369 0.5887732 
0.5514388 0.152842 0.6052944 
0.206691 0 0.5694807 
0.2730399 -0 0.6448409 
0.3436754 0.764115 0.5127318 
0.3162688 0.2444142 0.4974017 
0.3521432 0.2458093 0.516239 
0.306495 0.7647353 0.491305 
0.3861284 0.1357152 0.5271791 
0.3581241 0.5289422 0.5187163 
0.3310608 0.203869 0.5064664 
0.3394386 0.08415222 0.510977 
0.4785077 0 0.597104 
0.3310336 0.6065102 0.5064497 
0.3058597 0.6820599 0.4907624 
0.1601341 1 0.2159549 
0.1277524 1 0.08861116 
0 1 0.3013591 
0.168447 1 0.05004435 
0.04161464 1 0.1064865 
0.1137403 1 0.2899644 
0.5810872 0 0.5385836 
0.5491257 0.1247596 0.6062525 
0.07982329 1 0.2212662 
0.2161945 1 0.1366095 
0.1725102 1 0.1072635 
0.08504208 1 0.121379 
0.1174542 1 0.243998 
0.1228908 1 0.1906771 
0.03904311 1 0.2848436 
0.07787762 1 0.2659206 
0.1524111 1 0.2664301 
0.0836998 1 0.1699265 
0.04234828 1 0.1511557 
0 1 0.177274 
0 1 0.08863699 
0.03979653 1 0.2421282 
0.1279849 1 0.1376836 
0.1680842 1 0.161605 
0.04039681 1 0.1985998 
0.6530004 1 0.1632903 
0.6986371 1 0.3461493 
0.350732 0 0.584072 
0.3562506 0 0.5185165 
0.3376407 0 0.5459601 
0.2442396 0 0.6725613 
0.3163898 -0 0.5794918 
0.3849718 0 0.5888058 
0.2782993 0 0.5696836 
0.1803674 0 0.1530793 
-0 0.7123019 0.8421121 
0 0.4639455 0.7259905 
0 0.2461381 0.7724249 
0 0.7242247 0.8817498 
0.03705477 0.2411391 0.7564806 
-0 0.6246417 0.8312734 
0 0.4588605 0.8112295 
1e-10 0.4121479 0.8118405 
0 0.3472165 0.6158128 
-0 0.7565334 0.8504466 
0 0.3937909 0.6902035 
0 0.3701912 0.7301201 
0 0.4396811 0.7681662 
0 0.90393 0.9164723 
0 0.2716156 0.7311051 
0 0.3447087 0.7713011 
0 0.4854264 0.7660472 
0 0.9613269 0.954219 
0 0.5305477 0.7631371 
0 0.5088307 0.7240298 
0 0.2971137 0.7697276 
0 0.295224 0.6929845 
0 0.3214701 0.73101 
0 0.4760157 0.8571571 
0 0.3701571 0.6529692 
0 0.6511317 0.7908117 
0 0.5760323 0.8393157 
0 0.5531155 0.8008513 
0 0.3458628 0.6921412 
0 0.3798963 0.8574767 
-0 0.3169178 0.8137866 
0 0.5274967 0.8414024 
0 0.6683269 0.8349687 
0 0.6546738 0.9150817 
0 0.5049044 0.8069417 
0 0.4176625 0.7282162 
0 0.8013237 0.8687838 
1e-10 0.392887 0.7698458 
0.5974365 0.5875664 0.5824912 
0.6139188 0.706459 0.572391 
0.6311535 0.5636744 0.5592782 
0.6268924 0.6020017 0.5629175 
0.6823398 0.1137229 0.5078699 
0.6441474 0.2169891 0.5481801 
0.6175695 0.6683971 0.5701538 
0.6518244 0.4931305 0.5416232 
0.644748 0.4113597 0.5476671 
0.6619424 0.08090856 0.531753 
0.6452801 0.6991911 0.5472127 
0.6455157 0.03809134 0.5470114 
0.6221267 0.4787694 0.566988 
0.5952072 0.5469848 0.5838574 
0.6601235 0.1288157 0.5338828 
0.5933756 0.736338 0.5849798 
0.5620552 0.5711277 0.6008972 
0.6391807 0.1055118 0.5524222 
0.6137541 0.2170178 0.5724919 
0.6258987 0.2916526 0.5637663 
0.6100423 0.3978493 0.5747665 
0.5565485 0.4887686 0.603178 
0.435925 0.07956171 0.628306 
0.6349213 0.1456719 0.5560601 
0.6202772 0.03280769 0.5684946 
0.6264276 0.1824743 0.5633146 
0.6027517 0.3588606 0.5792341 
0.5942438 0.2814821 0.5844477 
0.6327573 0.06848396 0.5579084 
0.558718 0.5293769 0.6022795 
0.6324664 0 0.5581568 
0.6241397 0 0.5244706 
0.5716498 0 0.4862247 
0.6049307 0 0.5458497 
0.5593206 0 0.5494677 
0.04068134 0 0.2981814 
0.5142498 0 0.5513401 
0.632048 0 0.4665689 
0.6560833 0 0.5370317 
0.6012762 0 0.4578688 
0.6627406 0 0.4164015 
0.677485 0 0.3804734 
0.6532452 0 0.2853912 
0.3739429 0.1597696 0.954219 
0.6177449 0 0.1912999 
0.435925 0.314153 0.8303335 
0.5743576 0.03893874 0.1446912 
0.4063973 0.314153 0.6815637 
0.4827744 0.01845977 0.6246195 
0 0 0.4095146 
0.04006429 0 0.375413 
0.6276188 0 0.133124 
0.1014831 0 0.09090565 
0.304738 0.03173197 0.4898043 
0.0752479 0.9294735 0 
0.1390628 0 0.1706423 
0.09632989 0 0 
0 0 0.318942 
0 0 0.2737301 
0 0.4111555 0.08836523 
0.217962 0.8754556 0.8906435 
0.04803204 0 0.1566281 
0 0.9405592 0.05909236 
0.2522075 -0 0.111917 
0.0911097 0 0.2357945 
0 0 0.09146266 
0 0.9738574 0.9277711 
0.09732644 0 0.1415628 
0.0468263 0 0.2063286 
0.04518988 0 0.2537755 
0.3327119 0.02182107 0.5074782 
0.08669551 0 0.2862777 
0 0 0.3642785 
0 0.9670245 0.6243352 
0.3318629 0.05084755 0.5069579 
0.6240291 1 0.1284738 
0.4084971 0.314153 0.8873143 
0.1446307 0 6e-10 
0.268584 -0 0.05216255 
0.4471706 0 0.09497321 
0.03153322 -0 0.3378799 
0.4178028 -0 0.04989306 
0.2439509 0 6.5e-08 
0.4588298 0.2624951 0.6265036 
0.2982981 0 0.09350596 
0.4407071 0 0.001423951 
0.435925 0 0.7048494 
0.396011 0 0.000240786 
0.2937593 0 1.5178e-06 
0.1942909 0 -3e-10 
0.39663 0 0.09825696 
0.435925 0.03965294 0.628306 
0.04817145 0 0 
0.3692882 0 0.05263052 
0.0368607 0.2030275 0 
0.3283095 0.314153 0.7071816 
0.0718677 1 0.03571264 
0.2017068 -0 0.1126208 
0.347652 0 0.1132506 
0.4946139 0 0.5731282 
0.4318536 0 0.5335547 
0.7000234 0 0.3024463 
0.2509649 0.04147041 0.1972898 
0.5708749 0 0.0774442 
0.6316114 0.3308971 0.5588871 
0.5747264 0.9216051 0.5956489 
0.5925291 0.8837523 0.5854985 
0.6118568 0.7719831 0.5736546 
0.5804674 0.6963938 0.5928898 
0.6177314 0.4378151 0.5700547 
0.5732483 0.77038 0.5962611 
0.6506258 0.4528499 0.5426469 
0.5914322 0.5051121 0.5861706 
0.5670997 0.6139778 0.5988078 
0.573245 0.8452981 0.5962625 
0.5952277 0.9603989 0.5838448 
0.6151942 1 0.5709268 
0.6214845 0.2523106 0.5675365 
0.5891457 0.4644627 0.5875718 
0.6798356 0 0.5105857 
0.6466796 0.1553186 0.3734107 
0.6431566 0.2566418 0.3855115 
0.6237964 0.7413806 0.4262648 
0.6330817 0.4467612 0.4098351 
0.6350238 0.0783636 0.4051465 
0.6316677 0.1528664 0.4132489 
0.6242888 0.4828737 0.4254613 
0.6381052 0.2953499 0.3977071 
0.6186622 0.4170021 0.4346429 
0.6412745 0.4816053 0.3900557 
0.6511413 0.2832108 0.3548271 
0.748791 0 0.3282961 
0.6411201 0 0.2362288 
0.435925 0.08811034 0.6967601 
0 0.06444013 0.7078212 
0.7224357 0.1737279 0.1874611 
0.7355337 0.973943 0.2205381 
0.435925 0 0.7435614 
0.5598632 1 0.08091413 
0.1699131 -0 0.5514711 
0.1300288 0 0.5355338 
0.2099884 0 0.5229288 
0.08765183 -0 0.5689063 
0.04401568 0 0.6489823 
0.2810011 0 0.5205483 
0.1679582 0 0.598059 
0.1290701 0 0.5825966 
0.2037971 0 0.6150159 
0.3497838 1 0.5152714 
0.3197643 0.5182602 0.4995438 
0.3797242 0.4872393 0.5256415 
0.3647636 0.9587252 0.5214663 
0.3433946 0.404829 0.5126155 
0.3066042 0.842095 0.4913982 
0.3267328 0.5612831 0.5038142 
0.3227561 0.7250534 0.5013772 
0.3075568 0.4008989 0.492063 
0.3405327 0.483859 0.5114301 
0.3611022 0.4461308 0.5199497 
0.119348 1 0.4701998 
0.03898203 1 0.3939277 
0 1 0.5677958 
0.0316553 1 0.360059 
0.08069934 1 0.4917869 
0.04029643 1 0.4327121 
0.1170657 1 0.4268767 
0 1 0.3786719 
0 1 0.4540289 
0 1 0.3408621 
0.1607455 1 0.5332069 
0.07993235 1 0.4502444 
0.1585357 1 0.4913524 
0.04072162 1 0.5115024 
0.2247563 1 0.4617158 
0 1 0.6063721 
0.04013952 1 0.5510851 
0.1560492 1 0.446426 
0.1888958 1 0.4670031 
0.1202572 1 0.5126252 
0.1133862 1 0.3824823 
0.07790668 1 0.4071752 
0.08031824 1 0.5327561 
0.2039084 1 0.5089871 
0 1 0.4914977 
0.07259746 1 0.3599837 
0.04069071 1 0.4721798 
0.2643697 1 0.4501488 
0.2728012 0.9199415 0.4600076 
0.2725201 0.6143476 0.4596785 
0.2749819 0.7654312 0.462561 
0.2742387 0.6577181 0.4616908 
0.2896108 0.5081278 0.4768847 
0.2602856 0.7281898 0.4453531 
0.2622808 0.4304552 0.4476892 
0.2424941 0.2122791 0.4171941 
0.2616253 0.8043236 0.4469217 
0.2439453 1 0.419562 
0.1542263 1 0.403653 
0.2650536 0.2300539 0.450936 
0.3041248 0.4769137 0.4892806 
0.2858783 0 0.4736968 
0.2637149 0.1911125 0.4493684 
0.2751105 0.04391669 0.4627116 
0.2984695 0.2832014 0.4844505 
0.2771372 0.3150902 0.4650848 
0.2720159 0.1211601 0.4590881 
0.298301 0.5897454 0.4843067 
0.287682 0.2464963 0.4752373 
0.2590177 0.08074448 0.4438684 
0.2364507 0.1395617 0.4042414 
0.2748908 0.6952911 0.4624544 
0.435925 0.05717459 0.7103733 
0.2899064 0.4398862 0.4771371 
0.2798962 0.4020765 0.4683153 
0.2942754 0.5470035 0.4808685 
0.2460451 0.04318543 0.4229883 
0.256974 0.1513398 0.4408216 
0.2688697 0.2730948 0.4554043 
0.275362 0.8426838 0.4630062 
0.2129691 0 0.4757688 
0.234179 0 0.4004724 
0.5532942 0 0.6040017 
0.2453688 0 0.5440428 
0.1714373 0 0.5040835 
0.2489374 0 0.4949436 
0.2566021 0 0.4406558 
0.6455604 0.2215719 0.3780721 
0.6448235 0.5946914 0.3811415 
0.6478019 0.3246605 0.3687361 
0.6411907 0.11682 0.3902578 
0.651027 0.194324 0.3553037 
0.649374 0.08067524 0.3621884 
0.6444607 0.365907 0.3823632 
0.646213 0.5199895 0.3753541 
0.632647 0.6209836 0.4108845 
0.6514989 0.3964129 0.3533381 
0.6531309 0.2392268 0.3425598 
0.6431932 0 0.3854233 
0.6406282 0.7653326 0.3916158 
0.6408294 0.7227983 0.39113 
0.637309 0.5549915 0.3996294 
0.6407401 0.8536116 0.3913457 
0.6420687 0.6813818 0.3881379 
0.6256794 0.8722916 0.4231921 
0.6406894 0.9383863 0.3914681 
0.217962 0.8828347 0.9249391 
0.3036891 0.314153 0.9228604 
0.0656155 0.2760526 0.954219 
3 12 749 35 
3 12 35 19 
3 16 756 19 
3 16 39 752 
3 39 42 750 
3 39 750 751 
3 15 868 2685 
3 2685 753 14 
3 750 14 753 
3 14 750 42 
3 14 15 2685 
3 753 740 750 
3 35 749 40 
3 40 749 757 
3 24 31 757 
3 23 24 25 
3 17 744 36 
3 17 23 25 
3 36 744 764 
3 26 767 765 
3 13 760 32 
3 20 763 33 
3 33 763 38 
3 18 758 22 
3 22 758 759 
3 754 767 764 
3 16 19 34 
3 31 40 757 
3 49 764 767 
3 26 49 767 
3 13 32 41 
3 13 26 765 
3 27 41 32 
3 22 759 53 
3 28 30 51 
3 28 53 759 
3 28 759 766 
3 28 766 30 
3 29 51 30 
3 29 30 3184 
3 18 22 45 
3 18 45 38 
3 20 33 27 
3 20 27 32 
3 12 19 756 
3 16 752 756 
3 24 757 733 
3 24 733 25 
3 17 730 744 
3 17 25 730 
3 744 754 764 
3 13 765 760 
3 32 760 742 
3 20 741 763 
3 20 32 742 
3 18 38 763 
3 18 763 745 
3 18 745 758 
3 766 746 2673 
3 3184 30 2673 
3 2673 3191 3184 
3 737 766 759 
3 737 759 758 
3 722 765 767 
3 21 868 3040 
3 868 869 3040 
3 35 40 93 
3 35 93 84 
3 19 35 84 
3 19 84 34 
3 16 34 63 
3 16 63 39 
3 39 63 42 
3 14 42 62 
3 14 62 15 
3 15 871 868 
3 31 95 40 
3 23 31 24 
3 36 764 65 
3 49 65 764 
3 13 43 26 
3 33 38 50 
3 38 45 50 
3 17 36 37 
3 17 37 23 
3 3184 2158 2166 
3 3076 864 2109 
3 748 757 749 
3 12 726 749 
3 12 756 736 
3 728 756 752 
3 751 755 752 
3 727 751 740 
3 740 751 750 
3 740 753 747 
3 747 753 3019 
3 21 3019 753 
3 39 751 752 
3 733 757 748 
3 25 733 732 
3 25 732 730 
3 730 734 744 
3 722 761 765 
3 722 767 754 
3 760 765 761 
3 20 742 741 
3 734 754 744 
3 3184 3191 1234 
3 869 1196 3039 
3 869 3039 3040 
3 868 871 821 
3 40 95 93 
3 34 87 63 
3 42 63 59 
3 42 59 62 
3 15 62 55 
3 15 55 871 
3 49 58 65 
3 22 53 67 
3 22 67 45 
3 53 74 67 
3 29 64 51 
3 28 51 52 
3 28 52 53 
3 45 67 56 
3 45 56 50 
3 33 50 44 
3 27 33 44 
3 27 44 48 
3 27 48 41 
3 13 41 43 
3 26 43 46 
3 26 46 49 
3 36 65 94 
3 36 94 37 
3 23 37 57 
3 23 57 71 
3 23 71 31 
3 31 71 95 
3 819 119 1765 
3 119 819 864 
3 437 3185 467 
3 511 1765 1514 
3 726 748 749 
3 728 736 756 
3 12 736 726 
3 730 735 734 
3 722 3280 761 
3 760 761 762 
3 742 760 762 
3 720 738 745 
3 720 745 739 
3 737 758 738 
3 731 737 738 
3 719 3191 746 
3 719 746 723 
3 718 723 746 
3 718 746 766 
3 718 766 737 
3 718 737 731 
3 738 758 745 
3 739 745 763 
3 739 763 741 
3 721 741 742 
3 721 742 762 
3 705 722 754 
3 705 754 734 
3 708 732 733 
3 21 857 3019 
3 437 820 511 
3 864 1551 3200 
3 899 1652 1327 
3 870 2680 873 
3 870 1196 2680 
3 3271 3190 2915 
3 21 3040 857 
3 857 3040 3268 
3 857 3268 3038 
3 3039 3268 3040 
3 847 3267 3039 
3 847 3039 1196 
3 847 1190 3257 
3 847 3257 3267 
3 840 3260 1189 
3 840 1224 3265 
3 3152 3265 3168 
3 3165 3168 3181 
3 848 3270 1226 
3 846 1223 1230 
3 846 1230 3179 
3 3064 1219 3170 
3 842 844 3179 
3 1226 3270 3173 
3 3173 3270 3264 
3 3173 3264 3181 
3 849 3168 3265 
3 845 3167 3262 
3 845 1189 3260 
3 845 3260 3167 
3 838 845 3262 
3 838 3262 853 
3 853 3262 3008 
3 853 3008 3266 
3 841 853 3266 
3 841 3266 852 
3 852 3258 3257 
3 852 3257 1190 
3 852 3266 3258 
3 1234 3189 2915 
3 821 873 2680 
3 3271 2915 2721 
3 84 93 92 
3 84 92 89 
3 34 84 89 
3 34 89 87 
3 63 87 80 
3 59 63 80 
3 59 79 62 
3 55 62 79 
3 55 872 871 
3 90 93 95 
3 65 82 94 
3 46 58 49 
3 52 74 53 
3 51 69 52 
3 41 48 86 
3 41 86 43 
3 37 94 85 
3 37 85 57 
3 3186 3085 437 
3 3251 3188 475 
3 2166 29 3184 
3 3053 800 1212 
3 2922 1868 788 
3 819 1551 864 
3 1216 3373 820 
3 1221 3058 3055 
3 1201 3058 3086 
3 1221 1227 3065 
3 2743 1227 1219 
3 3064 2743 1219 
3 842 1184 1206 
3 842 1206 844 
3 842 3179 1230 
3 842 1230 1229 
3 1213 1230 1223 
3 1213 1223 1220 
3 1195 1226 3173 
3 1210 3173 3181 
3 1188 1210 3181 
3 1188 3181 3168 
3 849 1188 3168 
3 849 3265 1224 
3 840 1189 1224 
3 848 1226 1222 
3 848 1222 850 
3 850 1222 1220 
3 850 1220 1223 
3 851 1219 1227 
3 851 1227 1221 
3 3055 1207 851 
3 1217 3046 2649 
3 816 3252 309 
3 467 1001 820 
3 1001 1216 820 
3 839 3046 1001 
3 839 3176 3180 
3 839 3180 2774 
3 2165 1225 2735 
3 802 775 3207 
3 2663 2643 1991 
3 851 3177 1219 
3 532 3235 2120 
3 1219 3177 3170 
3 3170 844 3064 
3 844 3170 3269 
3 844 3269 3179 
3 846 3179 3171 
3 846 3178 1223 
3 850 1223 3178 
3 850 3178 3172 
3 848 850 3172 
3 848 3261 3270 
3 3165 3181 3264 
3 3152 3168 3165 
3 840 3265 3016 
3 840 3158 3260 
3 3016 3265 3152 
3 3171 3179 3269 
3 726 729 748 
3 726 736 3274 
3 707 736 728 
3 728 752 755 
3 711 728 755 
3 727 3395 755 
3 727 755 751 
3 706 727 740 
3 706 740 747 
3 706 747 710 
3 710 747 3003 
3 747 3019 3003 
3 708 733 748 
3 708 748 717 
3 730 732 735 
3 705 3280 722 
3 705 734 3278 
3 739 741 743 
3 713 735 732 
3 2721 1285 3271 
3 719 3189 3191 
3 857 3038 1399 
3 873 821 2687 
3 3019 857 3020 
3 2500 2695 1202 
3 3010 3160 3172 
3 3010 3178 3256 
3 3164 3261 3263 
3 3011 3164 3159 
3 3153 3158 3162 
3 3006 3158 3016 
3 3006 3016 3155 
3 1247 3154 3011 
3 3160 3263 3261 
3 3160 3261 3172 
3 1248 3256 3171 
3 1248 3171 3014 
3 3014 3171 3269 
3 3014 3269 3157 
3 3157 3269 3170 
3 3157 3170 3177 
3 3015 3157 3177 
3 3015 3177 3175 
3 3015 3175 3166 
3 3166 3175 3169 
3 3161 3169 3180 
3 3161 3180 3163 
3 3163 3180 3176 
3 3176 1001 467 
3 3190 3163 3182 
3 1278 3161 3163 
3 1278 3163 3190 
3 1278 3190 3271 
3 2857 1280 1240 
3 1240 3156 3161 
3 1240 3161 1278 
3 3156 3166 3161 
3 3005 3015 3166 
3 3005 3166 3156 
3 1253 3015 3005 
3 1253 3005 1255 
3 1253 3018 3004 
3 1253 3004 3157 
3 1248 3014 1259 
3 1248 1259 1252 
3 1248 1252 1249 
3 1249 1283 1251 
3 1251 1258 3160 
3 1247 3159 1254 
3 1247 1254 1256 
3 1235 3006 1245 
3 1235 1239 3162 
3 1243 1282 1257 
3 1257 1282 1260 
3 1237 1231 1267 
3 1238 1250 1260 
3 1238 1241 1250 
3 1239 1243 3162 
3 1244 1254 3159 
3 1244 3159 3263 
3 1244 3263 1258 
3 1258 3263 3160 
3 1259 3014 3004 
3 1259 3004 3018 
3 3017 3038 3268 
3 3017 3268 3267 
3 3012 3017 3267 
3 3012 3267 3257 
3 3012 3257 3258 
3 1232 3012 3258 
3 1232 3258 3013 
3 3013 3258 3266 
3 3007 3013 3008 
3 3007 3008 3259 
3 3009 3259 3167 
3 3009 3167 3153 
3 3153 3167 3260 
3 3153 3260 3158 
3 3016 3152 3155 
3 3011 3154 3165 
3 3011 3165 3264 
3 3011 3264 3164 
3 3164 3264 3270 
3 3164 3270 3261 
3 3010 3172 3178 
3 3169 2774 3180 
3 846 3171 3256 
3 846 3256 3178 
3 848 3172 3261 
3 3152 3165 3154 
3 3152 3154 3155 
3 840 3016 3158 
3 3167 3259 3262 
3 3008 3013 3266 
3 3008 3262 3259 
3 3039 3267 3268 
3 847 1196 1193 
3 847 1193 1190 
3 852 1190 1198 
3 841 852 1198 
3 841 1198 843 
3 841 843 1228 
3 841 1228 853 
3 838 853 1228 
3 838 1228 1197 
3 838 1197 1218 
3 838 1218 845 
3 845 1218 1189 
3 1189 1218 1192 
3 1189 1192 1200 
3 1189 1200 1224 
3 849 1224 1199 
3 849 1187 1188 
3 1188 1208 1210 
3 1195 3173 1210 
3 1195 1222 1226 
3 1213 1220 2929 
3 1213 1229 1230 
3 842 1229 1184 
3 1184 1203 1206 
3 1209 1220 1222 
3 1175 1222 1195 
3 1199 1224 1200 
3 1174 1193 1185 
3 1174 1178 1198 
3 1174 1198 1190 
3 1174 1190 1193 
3 870 1185 1193 
3 870 1193 1196 
3 2687 872 2862 
3 90 92 93 
3 71 98 95 
3 57 76 71 
3 58 82 65 
3 48 81 86 
3 50 56 60 
3 56 67 66 
3 66 67 74 
3 113 116 2707 
3 51 64 69 
3 52 69 68 
3 52 68 74 
3 44 50 60 
3 44 60 47 
3 44 47 48 
3 43 86 61 
3 43 61 46 
3 46 61 72 
3 46 72 58 
3 2658 3251 3076 
3 0 1354 281 
3 707 3274 736 
3 726 3274 729 
3 717 748 729 
3 708 713 732 
3 705 3278 3275 
3 705 3275 3280 
3 721 743 741 
3 720 3277 738 
3 731 738 3277 
3 718 731 3276 
3 718 3276 723 
3 719 723 3389 
3 709 720 739 
3 709 739 743 
3 716 721 762 
3 716 762 724 
3 724 762 761 
3 724 761 3280 
3 714 3278 734 
3 714 734 735 
3 3003 3020 3021 
3 1285 2721 1272 
3 1272 1287 1285 
3 719 3192 1506 
3 3003 3019 3020 
3 3034 2679 1399 
3 1399 3038 3034 
3 821 869 868 
3 1237 3038 3017 
3 1231 1237 3017 
3 1231 3017 3012 
3 1231 3012 1232 
3 1231 1232 1241 
3 1250 3013 3007 
3 1250 3007 1260 
3 1257 1260 3007 
3 1257 3007 3259 
3 1257 3259 3009 
3 1243 1257 3009 
3 1243 3009 3162 
3 1235 3162 3158 
3 3158 3006 1235 
3 1245 3006 1246 
3 1246 3006 3155 
3 1246 3155 3154 
3 1246 3154 1256 
3 1247 1256 3154 
3 1247 3011 3159 
3 3159 3164 3263 
3 1251 3160 3010 
3 1249 1251 3010 
3 1249 3010 3256 
3 1248 1249 3256 
3 3004 3014 3157 
3 1253 3157 3015 
3 3161 3166 3169 
3 3009 3153 3162 
3 1232 3013 1250 
3 1232 1250 1241 
3 2857 1285 1280 
3 1240 1278 2857 
3 1253 1255 3018 
3 1249 1252 1283 
3 1244 1284 1254 
3 1254 1289 1256 
3 1235 1269 1239 
3 1235 1245 1269 
3 1239 1261 1243 
3 1243 1261 1282 
3 1260 1282 1271 
3 1238 1266 1273 
3 1238 1273 1241 
3 1238 1260 1271 
3 1238 1271 1266 
3 1241 1273 1267 
3 3192 3193 2706 
3 1231 1241 1267 
3 1237 1307 3034 
3 3192 1272 1506 
3 3038 1237 3034 
3 1267 1307 1237 
3 1242 1263 1245 
3 1242 1245 1246 
3 1242 1246 1256 
3 1242 1256 1289 
3 1236 1244 1258 
3 1233 1258 1251 
3 1233 1251 1283 
3 1276 3005 3156 
3 849 1199 1187 
3 1187 1208 1188 
3 1175 1209 1222 
3 1175 1195 1179 
3 1209 2929 1220 
3 2120 2617 812 
3 1213 2929 1215 
3 2675 2617 2735 
3 2926 1203 2648 
3 1182 1203 2926 
3 3053 3285 800 
3 2482 2873 3086 
3 514 2572 2630 
3 2743 1182 1227 
3 309 2640 281 
3 2491 1217 1201 
3 1201 2633 2491 
3 3051 2791 2175 
3 3222 1555 3205 
3 3046 1202 1216 
3 446 66 116 
3 2663 2567 358 
3 2638 2913 2641 
3 2913 2638 2906 
3 1215 2929 2927 
3 1179 1195 1210 
3 1179 1210 1208 
3 1186 1192 1218 
3 1186 1218 1197 
3 1194 1197 1228 
3 843 1194 1228 
3 843 1198 1178 
3 1300 2679 3034 
3 874 873 2687 
3 89 92 99 
3 89 99 91 
3 87 89 91 
3 80 87 91 
3 80 91 105 
3 59 80 75 
3 59 75 79 
3 54 3037 872 
3 54 872 55 
3 54 55 79 
3 54 79 101 
3 75 80 105 
3 75 101 79 
3 90 95 98 
3 90 100 92 
3 85 94 96 
3 82 96 94 
3 47 81 48 
3 56 66 73 
3 56 73 60 
3 58 72 114 
3 58 114 82 
3 57 85 76 
3 71 76 98 
3 2658 309 817 
3 2678 817 64 
3 729 3274 3391 
3 707 3390 3274 
3 707 728 711 
3 707 711 388 
3 711 755 3395 
3 711 3395 3393 
3 702 3395 715 
3 715 3395 727 
3 710 3003 3002 
3 706 710 715 
3 706 715 727 
3 708 717 3386 
3 708 3386 713 
3 713 3392 735 
3 714 735 3392 
3 716 3279 721 
3 721 3279 743 
3 709 725 720 
3 720 725 3277 
3 712 724 3280 
3 719 3389 3192 
3 3002 3003 3021 
3 1280 1285 1287 
3 1280 1287 1308 
3 1280 1308 1281 
3 1240 1280 1281 
3 1240 1281 1290 
3 1240 1290 3156 
3 1276 3156 1290 
3 1276 1290 1315 
3 1255 3005 1276 
3 1255 1276 1316 
3 1255 1316 1317 
3 1255 1317 3018 
3 1259 3018 1288 
3 1252 1259 1288 
3 1252 1288 1286 
3 1252 1286 1283 
3 1233 1283 1279 
3 1233 1262 1236 
3 1233 1236 1258 
3 1236 1264 1244 
3 1244 1264 1284 
3 1254 1284 1289 
3 1242 1289 1277 
3 1245 1263 1269 
3 1239 1269 1309 
3 1239 1309 1261 
3 1261 1268 1282 
3 1267 1273 1274 
3 1267 1274 1307 
3 1268 1271 1282 
3 1275 1289 1284 
3 1279 1283 1286 
3 1288 3018 1317 
3 1187 1199 1204 
3 1175 1179 2914 
3 1175 2914 2924 
3 1175 2924 1209 
3 1209 2924 2928 
3 1209 2928 2929 
3 2927 2929 2928 
3 1868 2603 2590 
3 1172 1179 1208 
3 1181 1208 1187 
3 1181 1187 1204 
3 1191 1200 1192 
3 1191 1204 1199 
3 1191 1199 1200 
3 1183 1191 1192 
3 1183 1192 1186 
3 1186 1197 1214 
3 1194 1214 1197 
3 1176 1178 2909 
3 1176 2930 1194 
3 1174 1185 2916 
3 1174 2916 1178 
3 1177 2180 2674 
3 2674 1185 1177 
3 870 1177 1185 
3 2916 1185 2674 
3 1178 2916 2909 
3 843 1178 1176 
3 843 1176 1194 
3 2862 874 2687 
3 1177 874 2180 
3 92 100 99 
3 90 98 120 
3 76 85 102 
3 76 124 98 
3 61 86 103 
3 61 112 72 
3 81 103 86 
3 2758 1518 135 
3 817 69 64 
3 817 3252 70 
3 68 70 2707 
3 2166 2158 3085 
3 68 116 74 
3 74 116 66 
3 446 113 3072 
3 66 107 73 
3 60 73 83 
3 47 60 83 
3 47 83 78 
3 47 78 81 
3 72 112 114 
3 82 114 127 
3 82 127 96 
3 85 96 102 
3 817 2678 2658 
3 281 1354 3111 
3 729 3391 3394 
3 717 729 3394 
3 713 3386 3379 
3 713 3379 3392 
3 714 3281 3278 
3 3275 3278 3281 
3 712 3280 3275 
3 712 3384 724 
3 716 724 3384 
3 716 3380 3279 
3 743 3279 3273 
3 709 743 3273 
3 709 3273 3378 
3 709 3378 725 
3 725 3272 3277 
3 731 3277 3381 
3 731 3381 3276 
3 3276 3381 3383 
3 693 3276 3383 
3 693 784 3389 
3 693 3389 723 
3 693 723 3276 
3 3272 3381 3277 
3 696 3386 717 
3 3192 3389 3193 
3 1287 1272 2706 
3 2706 1337 1287 
3 3002 3021 3032 
3 1300 3033 2689 
3 2689 3021 2679 
3 2679 1300 2689 
3 1288 1317 1319 
3 1286 1288 1310 
3 1233 1279 1262 
3 1236 1297 1264 
3 1236 1262 1297 
3 1264 1275 1284 
3 1275 1277 1289 
3 1242 1277 1263 
3 1263 1318 1311 
3 1263 1311 1269 
3 1263 1277 1318 
3 1269 1311 1309 
3 1261 1320 1268 
3 1261 1309 1320 
3 1268 1312 1270 
3 1268 1270 1271 
3 1268 1320 1312 
3 1266 1299 1304 
3 1266 1304 1273 
3 1266 1271 1270 
3 1266 1270 1299 
3 1273 1304 1274 
3 1274 1294 1296 
3 1274 1296 1307 
3 1274 1304 1294 
3 1300 3034 1307 
3 1296 3033 1300 
3 1296 1300 1307 
3 1293 1320 1309 
3 1293 1309 1311 
3 1265 1279 1286 
3 1171 1181 1204 
3 1183 2898 1191 
3 1183 1186 2925 
3 1194 2930 1214 
3 1186 1214 2925 
3 1191 2898 2931 
3 1191 2931 1204 
3 1172 2914 1179 
3 1172 1208 1181 
3 1719 448 800 
3 2331 2539 2357 
3 3060 1554 1536 
3 2570 2906 2652 
3 2869 1991 2165 
3 1786 2477 1487 
3 2927 11 2699 
3 11 2927 2911 
3 2911 2927 2928 
3 2899 2928 2924 
3 2880 2924 2914 
3 877 2862 3037 
3 2180 874 2159 
3 2679 3021 3020 
3 2159 2862 877 
3 99 100 140 
3 100 120 138 
3 112 132 114 
3 78 109 81 
3 81 109 103 
3 61 103 111 
3 61 111 112 
3 114 132 127 
3 96 127 125 
3 96 125 102 
3 76 102 108 
3 76 108 124 
3 98 124 120 
3 90 120 100 
3 91 99 126 
3 91 126 105 
3 75 105 97 
3 75 97 101 
3 54 101 77 
3 54 77 3037 
3 3169 1207 2774 
3 1518 818 2763 
3 1999 1781 1794 
3 696 717 3394 
3 696 3379 3386 
3 714 3392 3385 
3 714 3385 3281 
3 3275 3281 3000 
3 712 3275 3000 
3 716 3384 3380 
3 702 715 3396 
3 702 3393 3395 
3 710 3002 636 
3 710 3396 715 
3 3002 3031 636 
3 3396 2717 702 
3 711 3393 388 
3 707 388 3390 
3 3274 3390 3391 
3 2627 1037 2143 
3 1794 1871 1999 
3 2670 2676 2716 
3 1287 1337 1308 
3 1308 1337 1345 
3 1281 1308 1306 
3 1281 1306 1315 
3 1281 1315 1290 
3 1315 1349 1338 
3 1315 1338 1316 
3 1276 1315 1316 
3 1288 1319 1310 
3 1265 1286 1310 
3 1265 1310 1341 
3 1265 1313 1279 
3 1262 1279 1313 
3 1262 1313 1342 
3 1262 1342 1297 
3 1264 1297 1314 
3 1264 1314 1275 
3 1275 1314 1298 
3 1275 1298 1277 
3 1277 1298 1343 
3 1277 1343 1318 
3 1291 1316 1338 
3 1291 1319 1317 
3 1291 1317 1316 
3 1306 1308 1345 
3 1306 1349 1315 
3 3002 3032 3031 
3 1172 1181 1173 
3 1172 1173 2920 
3 1172 2920 2881 
3 1172 2881 2914 
3 2880 2914 2881 
3 2880 2881 2904 
3 2880 2904 2902 
3 2880 2902 2899 
3 2880 2899 2924 
3 2899 2911 2928 
3 11 2911 2901 
3 2905 2901 2691 
3 753 2685 21 
3 3189 1234 3191 
3 3184 1234 2158 
3 2216 10 2168 
3 2168 2885 2216 
3 2216 2885 2249 
3 2249 2885 2918 
3 2907 2194 2542 
3 2194 2907 2201 
3 2542 2892 2907 
3 2199 2201 2907 
3 2199 2907 2891 
3 2199 2891 2895 
3 2179 2876 2893 
3 2179 2893 2897 
3 2179 2895 2876 
3 2877 2900 2882 
3 2877 2897 2893 
3 2877 2893 2886 
3 2877 2886 2900 
3 2886 2931 2898 
3 2886 2898 2900 
3 2886 2893 2887 
3 2884 2891 2912 
3 2884 2912 2920 
3 2890 2912 2891 
3 2890 2891 2907 
3 2890 2907 2892 
3 2890 2904 2912 
3 2878 2904 2890 
3 2878 2890 2892 
3 2878 2892 2921 
3 2878 2921 2889 
3 2878 2889 2902 
3 2878 2902 2904 
3 2898 2917 2900 
3 2896 2900 2917 
3 2896 2917 2925 
3 2896 2925 2910 
3 2894 2908 2896 
3 2894 2896 2910 
3 2206 2894 2910 
3 2206 2910 2930 
3 2206 2930 2879 
3 2190 2206 2879 
3 2186 2879 2909 
3 2186 2909 2903 
3 2903 2909 2916 
3 2883 2903 2916 
3 1176 2909 2879 
3 1176 2879 2930 
3 1214 2930 2910 
3 1214 2910 2925 
3 1183 2925 2917 
3 1183 2917 2898 
3 2882 2900 2896 
3 2882 2896 2908 
3 2876 2891 2884 
3 2876 2884 2887 
3 2876 2887 2893 
3 2876 2895 2891 
3 2542 2923 2892 
3 2885 2168 2647 
3 2921 2647 2638 
3 2885 2647 2923 
3 2923 2918 2885 
3 2638 2889 2921 
3 2641 2889 2638 
3 2691 2899 2902 
3 2691 2902 2889 
3 2691 2889 2641 
3 2691 2901 2911 
3 2691 2911 2899 
3 2881 2920 2912 
3 2881 2912 2904 
3 1173 2887 2884 
3 1173 2884 2920 
3 1171 1204 2931 
3 1171 2931 2886 
3 1171 2886 2887 
3 1171 2887 1173 
3 1171 1173 1181 
3 3188 1514 475 
3 2201 2171 2242 
3 266 2603 2621 
3 1547 2605 3067 
3 2581 2644 2692 
3 3027 2548 3031 
3 2129 2216 2249 
3 2842 2482 3065 
3 1079 1104 1082 
3 876 2202 2661 
3 876 881 2217 
3 878 3036 2203 
3 2203 3036 3035 
3 875 2217 881 
3 875 881 880 
3 875 880 883 
3 875 3036 878 
3 875 878 2217 
3 879 3300 880 
3 877 879 880 
3 877 880 881 
3 2661 881 876 
3 2202 2180 2159 
3 117 118 126 
3 117 126 140 
3 138 142 140 
3 108 131 133 
3 108 144 124 
3 125 127 3302 
3 78 137 109 
3 129 107 446 
3 127 132 3302 
3 124 144 145 
3 120 145 138 
3 100 138 140 
3 97 118 122 
3 97 122 104 
3 97 104 101 
3 77 101 104 
3 77 104 3303 
3 77 3303 879 
3 77 879 3037 
3 97 105 118 
3 120 124 145 
3 111 146 112 
3 78 83 115 
3 88 107 129 
3 3072 113 1645 
3 3190 3183 2915 
3 70 69 817 
3 128 129 3072 
3 70 2763 2707 
3 73 107 88 
3 73 88 83 
3 83 88 115 
3 103 109 136 
3 103 136 111 
3 112 146 132 
3 102 125 131 
3 102 131 108 
3 99 140 126 
3 105 126 118 
3 859 835 2642 
3 696 703 3379 
3 696 3394 704 
3 692 3394 3391 
3 673 3391 3390 
3 681 3390 388 
3 677 388 3393 
3 699 3393 702 
3 712 3000 3387 
3 712 3387 3384 
3 3279 3380 3282 
3 3273 3388 3378 
3 3273 3279 3282 
3 3273 3282 3388 
3 725 3378 3382 
3 725 3382 3272 
3 2719 3052 2852 
3 687 784 693 
3 687 693 3383 
3 687 3383 690 
3 686 690 3383 
3 686 3383 3381 
3 686 3381 3272 
3 695 3380 3384 
3 701 3000 3281 
3 701 3281 3385 
3 698 3385 3392 
3 698 3392 3379 
3 1319 1346 1340 
3 1291 1346 1319 
3 905 1291 1338 
3 1310 1319 1340 
3 1310 1340 1341 
3 1265 1341 1350 
3 1265 1350 1313 
3 1297 1348 1314 
3 1297 1342 1348 
3 1298 1314 1347 
3 1318 1343 1344 
3 1293 1326 1303 
3 1293 1303 1320 
3 1293 1311 1302 
3 1293 1302 1326 
3 1270 1295 1299 
3 1270 1312 1295 
3 1299 1323 1305 
3 1299 1305 1304 
3 1294 1322 1301 
3 1294 1301 1296 
3 1294 1304 1305 
3 1294 1305 1322 
3 1296 1301 3033 
3 1301 1327 3033 
3 1295 1323 1299 
3 1292 1295 1312 
3 1292 1312 1303 
3 1303 1312 1320 
3 1302 1311 1318 
3 1302 1318 1344 
3 3031 3032 1652 
3 1652 3105 3031 
3 1327 3032 3033 
3 2382 3062 768 
3 3191 2673 746 
3 872 2687 871 
3 635 2790 2769 
3 2267 2172 2235 
3 514 1382 3061 
3 2702 1152 2677 
3 1506 3189 719 
3 3189 2721 2915 
3 2576 2684 3193 
3 3021 2689 3032 
3 3032 2689 3033 
3 2752 2759 2753 
3 2704 2686 2161 
3 2686 2704 2720 
3 3193 2684 2706 
3 2704 2161 345 
3 2683 2696 408 
3 2683 408 1420 
3 2652 2696 2570 
3 2696 2652 408 
3 21 2685 868 
3 2905 2913 2690 
3 2660 2901 2905 
3 2905 2690 2660 
3 2690 2913 2570 
3 1426 1420 2682 
3 2637 10 2245 
3 2570 2696 2145 
3 2145 2690 2570 
3 2696 2683 3247 
3 2681 2683 2688 
3 2681 2688 2161 
3 2681 2100 2700 
3 2145 2700 1145 
3 2692 2644 2686 
3 2382 2396 1589 
3 2915 3183 1234 
3 2645 1229 1215 
3 1916 1734 1736 
3 871 2687 821 
3 1177 873 874 
3 2172 2236 2288 
3 2663 358 1847 
3 873 1177 870 
3 2241 2249 2918 
3 2195 2201 2242 
3 2204 2234 2671 
3 2188 2204 2200 
3 2176 2220 2214 
3 2176 2214 2182 
3 2176 2182 2246 
3 2183 2212 2218 
3 2183 2218 2215 
3 2183 2215 2300 
3 2203 6 2619 
3 2154 878 2203 
3 2203 2619 2154 
3 2154 2184 878 
3 878 2184 2217 
3 876 2217 2208 
3 876 2208 2192 
3 876 2192 2202 
3 2180 2202 2883 
3 2186 2219 2190 
3 2186 2190 2879 
3 2206 2888 2894 
3 2181 2210 2182 
3 2181 2182 2214 
3 2181 2214 2211 
3 2181 2211 2908 
3 2181 2908 2888 
3 2181 2888 2210 
3 2178 2198 2197 
3 2178 2197 2218 
3 2178 2218 2193 
3 2178 2193 2196 
3 2178 2196 2219 
3 2178 2219 2198 
3 2197 2215 2218 
3 2179 2200 2895 
3 2179 2897 2187 
3 2179 2187 2200 
3 2199 2895 2205 
3 2199 2205 2171 
3 2207 2882 2211 
3 2207 2211 2209 
3 2207 2897 2877 
3 2207 2877 2882 
3 2211 2882 2908 
3 2888 2908 2894 
3 2185 2219 2196 
3 2185 2196 2210 
3 2185 2210 2888 
3 2185 2888 2206 
3 2185 2206 2190 
3 2185 2190 2219 
3 2177 2208 2198 
3 2177 2198 2219 
3 2177 2219 2186 
3 2177 2186 2903 
3 2177 2903 2192 
3 2177 2192 2208 
3 2192 2903 2883 
3 2192 2883 2202 
3 2197 2184 2154 
3 2184 2197 2198 
3 2184 2198 2208 
3 2184 2208 2217 
3 2193 2212 2213 
3 2193 2218 2212 
3 2191 2213 2246 
3 2191 2210 2196 
3 2191 2196 2193 
3 2191 2193 2213 
3 2182 2210 2191 
3 2182 2191 2246 
3 2209 2214 2220 
3 2209 2220 2267 
3 2209 2211 2214 
3 2189 2897 2207 
3 2189 2207 2209 
3 2189 2209 2267 
3 2189 2267 2226 
3 2187 2189 2226 
3 2187 2226 2188 
3 2187 2188 2200 
3 2187 2897 2189 
3 2671 2200 2204 
3 2895 2200 2671 
3 2205 2234 2171 
3 2171 2201 2199 
3 2194 2195 2241 
3 2194 2241 2918 
3 2194 2201 2195 
3 1357 1102 2587 
3 1216 1202 2695 
3 482 1551 2695 
3 2154 2215 2197 
3 2356 1025 2336 
3 2336 1025 2325 
3 2611 2906 2638 
3 2638 2647 2611 
3 1051 2144 2705 
3 2906 2570 2913 
3 2242 2171 2234 
3 10 2637 2919 
3 2174 1777 808 
3 2611 2919 2906 
3 1830 1462 1899 
3 882 883 3300 
3 880 3300 883 
3 875 883 3036 
3 6 2203 3035 
3 138 145 139 
3 136 137 143 
3 113 446 116 
3 475 1514 1765 
3 3205 153 3226 
3 446 3072 129 
3 1555 381 3296 
3 1518 2763 110 
3 2175 1610 1543 
3 88 129 130 
3 88 130 115 
3 115 130 3070 
3 115 3070 137 
3 78 115 137 
3 109 137 136 
3 111 136 158 
3 111 158 146 
3 132 146 3310 
3 132 3310 3302 
3 125 3302 3073 
3 125 3073 131 
3 108 133 144 
3 2524 3111 3106 
3 3111 2524 816 
3 3111 816 281 
3 3072 106 128 
3 696 704 703 
3 695 3384 3387 
3 3378 3388 3382 
3 669 686 3272 
3 669 3272 3382 
3 700 3282 3380 
3 667 3000 701 
3 675 701 3385 
3 675 3385 698 
3 683 698 3379 
3 683 3379 703 
3 692 704 3394 
3 673 692 3391 
3 673 3390 681 
3 677 681 388 
3 677 3393 699 
3 699 702 2717 
3 682 699 2717 
3 2717 3396 2548 
3 2548 697 2717 
3 2548 3027 697 
3 2680 869 821 
3 902 1337 2684 
3 869 2680 1196 
3 2605 1547 266 
3 1313 1350 1351 
3 1313 1351 1342 
3 1314 1348 1347 
3 1298 1347 1339 
3 1298 1339 1343 
3 1302 1344 1324 
3 1303 1326 1335 
3 1292 1336 1295 
3 1334 1344 1343 
3 1334 1343 1339 
3 914 1348 1342 
3 914 1342 1351 
3 906 1341 1340 
3 1341 906 1332 
3 904 1340 1346 
3 900 1346 905 
3 905 1338 912 
3 905 1346 1291 
3 912 1349 1328 
3 912 1338 1349 
3 913 1349 1306 
3 913 1306 1345 
3 913 1328 1349 
3 911 913 1345 
3 902 911 1345 
3 902 1345 1337 
3 3027 3031 3105 
3 2869 805 2567 
3 2215 2154 2619 
3 2671 2205 2895 
3 2205 2671 2234 
3 345 2688 1426 
3 3398 948 2503 
3 1337 2706 2684 
3 66 446 107 
3 820 3373 511 
3 2674 2883 2916 
3 2706 1272 3192 
3 2700 2145 3247 
3 2883 2674 2180 
3 1285 2857 3271 
3 2761 1540 2852 
3 2714 1071 9 
3 1988 3199 2672 
3 2650 2155 3398 
3 2688 345 2161 
3 2161 2100 2681 
3 2854 2543 2532 
3 2722 2650 1051 
3 2106 2144 2708 
3 2708 2144 2650 
3 2593 970 2604 
3 2274 2712 2106 
3 2106 2715 2274 
3 2223 2274 2715 
3 2223 2715 2710 
3 2223 2710 2701 
3 2227 2703 2682 
3 2227 2682 2694 
3 2227 2694 2245 
3 2682 2703 2698 
3 2682 2698 1426 
3 2688 2683 1420 
3 345 2698 2710 
3 345 2718 2704 
3 70 68 69 
3 2704 2718 2713 
3 2704 2713 2720 
3 2720 2692 2686 
3 2155 2650 2722 
3 2711 2713 2106 
3 2708 993 2711 
3 2711 2720 2713 
3 2713 2718 2715 
3 2713 2715 2106 
3 2698 2703 2701 
3 2698 2701 2710 
3 2710 2718 345 
3 2710 2715 2718 
3 2709 3228 2761 
3 2545 2702 3197 
3 1066 1080 1109 
3 2716 2720 2711 
3 948 3398 2155 
3 2664 2156 1777 
3 2709 2697 3228 
3 3197 2702 2644 
3 3252 2763 70 
3 2245 10 1136 
3 2227 2245 2240 
3 2227 2240 2273 
3 2227 2273 2703 
3 2223 2701 2224 
3 2223 2224 2247 
3 2223 2247 2274 
3 1432 3 2788 
3 2620 2788 2237 
3 2237 2705 2712 
3 2238 2248 2260 
3 2238 2260 2265 
3 2238 2296 2277 
3 2238 2277 2248 
3 2256 2265 2260 
3 2256 2260 2270 
3 2256 2270 2284 
3 2256 2284 2349 
3 2271 2349 2284 
3 2233 2271 2289 
3 2233 2289 2272 
3 2233 2272 2353 
3 2250 2353 2272 
3 2250 2272 2275 
3 2232 2275 2253 
3 2232 2268 2330 
3 2232 2250 2275 
3 2268 2276 2306 
3 2212 2280 2276 
3 2212 2276 2213 
3 2213 2276 2221 
3 2213 2221 2246 
3 2176 2246 2253 
3 2176 2253 2236 
3 2176 2236 2220 
3 2220 2236 2172 
3 2172 2267 2220 
3 2226 2267 2235 
3 2226 2235 2286 
3 2188 2226 2286 
3 2188 2286 2244 
3 2188 2244 2204 
3 2204 2244 2239 
3 2204 2239 2234 
3 2234 2239 2283 
3 2234 2283 2242 
3 2242 2283 2258 
3 2195 2242 2258 
3 2195 2258 2261 
3 2195 2261 2241 
3 2241 2261 2255 
3 2241 2255 2249 
3 2255 2261 2279 
3 787 2279 2285 
3 2259 2269 2277 
3 2266 2269 2287 
3 2222 2287 2263 
3 2222 2263 2264 
3 2222 2264 2229 
3 2222 2229 2270 
3 2222 2270 2266 
3 2222 2266 2287 
3 2229 2230 2284 
3 2229 2284 2270 
3 2228 2264 2244 
3 2228 2244 2286 
3 2228 2286 2254 
3 2228 2254 2230 
3 2228 2230 2229 
3 2228 2229 2264 
3 2254 2288 2289 
3 2263 2287 2282 
3 2263 2282 2283 
3 2252 2282 2287 
3 2252 2287 2269 
3 2252 2269 2259 
3 2251 2257 2285 
3 2251 2285 2279 
3 2251 2252 2259 
3 2251 2259 2257 
3 2243 2279 2261 
3 2243 2261 2258 
3 2243 2258 2282 
3 2243 2282 2252 
3 2243 2252 2251 
3 2243 2251 2279 
3 2258 2283 2282 
3 2239 2244 2264 
3 2239 2264 2263 
3 2239 2263 2283 
3 2288 2235 2172 
3 2235 2288 2254 
3 2235 2254 2286 
3 2236 2253 2275 
3 2236 2275 2288 
3 649 2297 2280 
3 2280 2183 649 
3 2183 2280 2212 
3 2276 2280 2306 
3 2221 2276 2268 
3 2221 2268 2232 
3 2221 2232 2253 
3 2221 2253 2246 
3 2272 2289 2288 
3 2272 2288 2275 
3 2230 2254 2289 
3 2230 2289 2271 
3 2230 2271 2284 
3 2260 2266 2270 
3 2248 2266 2260 
3 2248 2277 2269 
3 2248 2269 2266 
3 2277 2296 2299 
3 2225 2278 2257 
3 2225 2257 2259 
3 2225 2259 2277 
3 2225 2277 2299 
3 2225 2299 2281 
3 2225 2281 2278 
3 2281 2299 2338 
3 2281 2338 2339 
3 2237 2712 1795 
3 1795 2231 2237 
3 1795 2247 2231 
3 2231 2247 2278 
3 2231 2278 2281 
3 2231 2281 2339 
3 2231 2339 2237 
3 2224 2701 2262 
3 2224 2262 2285 
3 2224 2285 2257 
3 2224 2257 2278 
3 2224 2278 2247 
3 2262 2701 2703 
3 2262 2703 2273 
3 2262 2273 2285 
3 2285 2273 787 
3 2240 2129 787 
3 787 2273 2240 
3 2129 2249 2255 
3 1136 2240 2245 
3 884 2992 3036 
3 882 884 883 
3 883 884 3036 
3 167 3300 3303 
3 123 167 3303 
3 121 151 122 
3 139 145 141 
3 141 145 144 
3 133 3073 3306 
3 133 3077 144 
3 3073 3302 3309 
3 129 128 130 
3 136 143 158 
3 146 158 3304 
3 146 3304 3310 
3 3302 3310 3309 
3 131 3073 133 
3 138 139 142 
3 140 142 3068 
3 117 140 3068 
3 117 3068 147 
3 117 147 121 
3 117 121 118 
3 118 121 122 
3 122 151 123 
3 104 122 123 
3 104 123 3303 
3 879 3303 3300 
3 653 692 673 
3 637 673 681 
3 659 681 677 
3 656 677 699 
3 682 2717 697 
3 667 691 3000 
3 695 700 3380 
3 669 3382 689 
3 3253 3194 1165 
3 2157 684 1037 
3 3194 784 687 
3 663 690 686 
3 663 686 669 
3 689 3382 3388 
3 694 3388 3282 
3 694 3282 700 
3 679 695 3387 
3 679 3387 691 
3 691 3387 3000 
3 3117 2488 2485 
3 784 3193 3389 
3 900 904 1346 
3 900 905 932 
3 905 912 932 
3 904 906 1340 
3 1332 1350 1341 
3 1324 1344 1334 
3 1302 1324 1326 
3 1292 1330 1336 
3 1292 1303 1335 
3 1292 1335 1330 
3 1295 1336 1323 
3 1323 1331 1333 
3 1323 1336 1331 
3 1305 1333 1322 
3 1305 1323 1333 
3 1322 1333 1329 
3 894 899 1327 
3 894 1327 1301 
3 894 1301 1322 
3 894 1322 1329 
3 1321 1335 1326 
3 1321 1326 1324 
3 897 1324 1334 
3 933 1334 1339 
3 901 1339 1347 
3 901 1347 907 
3 907 1347 1348 
3 907 1348 914 
3 1332 1351 1350 
3 787 2255 2279 
3 7 2530 1487 
3 1652 899 3105 
3 2144 2106 2712 
3 1718 3197 2693 
3 3185 2158 3183 
3 851 1221 3055 
3 3183 2158 1234 
3 2862 2159 874 
3 2630 2572 2482 
3 2247 1795 2274 
3 2169 2666 1732 
3 2623 2693 2697 
3 2159 2661 2202 
3 2584 2156 2664 
3 1926 2149 2153 
3 2919 2637 2652 
3 1777 2149 2151 
3 2149 2174 2170 
3 2149 2170 2153 
3 2152 2153 2170 
3 2152 2170 2722 
3 3 2152 2722 
3 2170 2174 2155 
3 2155 2722 2170 
3 2100 2161 2686 
3 1777 2174 2149 
3 808 948 2174 
3 514 2764 1382 
3 381 3108 3110 
3 2919 2168 10 
3 2716 2692 2720 
3 1926 1447 2151 
3 2156 2167 808 
3 3224 3201 2173 
3 2576 902 2684 
3 29 2166 2160 
3 1722 618 666 
3 3283 902 2576 
3 2664 2164 2584 
3 2160 3186 1514 
3 1145 2660 2690 
3 3182 467 3185 
3 3396 636 2548 
3 2620 1432 2788 
3 2620 2339 1796 
3 1796 1437 2620 
3 1404 1796 2338 
3 2338 1421 1404 
3 2301 1421 2338 
3 1421 2301 1439 
3 1439 2301 2312 
3 1416 1439 2312 
3 1416 2312 2356 
3 1416 2356 2336 
3 2541 2324 2295 
3 2541 2325 1025 
3 1418 2332 2320 
3 1420 1426 2688 
3 1418 2292 2332 
3 1418 2320 1563 
3 2319 1419 1563 
3 1563 1419 1418 
3 1409 2319 2316 
3 1409 2316 2317 
3 1409 1419 2319 
3 3212 2302 814 
3 2304 3397 2357 
3 2304 2354 3397 
3 2395 4 2586 
3 2290 2365 2337 
3 2290 2337 2298 
3 2290 2298 2371 
3 2300 6 2103 
3 649 2103 2297 
3 2297 2103 1046 
3 2297 2298 2318 
3 2280 2297 2318 
3 2280 2318 2306 
3 2306 2318 2335 
3 2306 2335 2333 
3 2268 2306 2333 
3 2268 2333 2330 
3 2232 2330 2250 
3 2250 2330 2345 
3 2250 2345 2305 
3 2250 2305 2353 
3 2233 2353 2309 
3 2233 2309 2352 
3 2233 2352 2271 
3 2271 2352 2349 
3 2256 2349 2307 
3 2256 2307 2265 
3 2265 2307 2291 
3 2265 2291 2329 
3 2238 2265 2329 
3 2238 2329 2296 
3 2296 2329 2312 
3 2296 2312 2301 
3 2296 2301 2299 
3 2299 2301 2338 
3 2307 2295 2324 
3 2324 2291 2307 
3 2291 2324 1025 
3 2291 2356 2329 
3 2295 2323 2340 
3 2295 2340 2332 
3 2295 2332 2541 
3 2295 2307 2323 
3 2340 2347 2344 
3 2293 2348 2355 
3 2293 2355 2351 
3 2293 2351 2319 
3 2293 2319 2310 
3 2310 2344 2313 
3 2313 2293 2310 
3 2293 2313 2348 
3 2321 2355 2341 
3 2321 2341 2350 
3 2321 2350 3212 
3 2321 2351 2355 
3 1903 1102 1357 
3 2302 2350 2334 
3 2302 2334 2322 
3 2311 2342 2334 
3 2311 2346 2315 
3 2311 2315 2342 
3 2294 2308 2314 
3 2294 2314 2303 
3 2294 2303 2335 
3 2294 2335 2346 
3 2294 2346 2311 
3 2294 2311 2308 
3 2314 2341 2326 
3 2314 2326 2345 
3 2326 2341 2355 
3 2326 2355 2348 
3 2308 2311 2334 
3 2308 2334 2350 
3 2308 2350 2341 
3 2308 2341 2314 
3 2313 2344 2347 
3 2307 2349 2323 
3 2323 2349 2352 
3 2323 2352 2347 
3 2323 2347 2340 
3 2309 2347 2352 
3 2309 2348 2313 
3 2309 2313 2347 
3 2305 2309 2353 
3 2305 2345 2326 
3 2305 2326 2348 
3 2305 2348 2309 
3 2303 2345 2330 
3 2303 2330 2333 
3 2303 2333 2335 
3 2303 2314 2345 
3 2318 2337 2346 
3 2318 2346 2335 
3 1046 2371 2298 
3 2298 2337 2318 
3 2315 2346 2337 
3 2315 2337 2365 
3 2315 2365 2375 
3 2315 2375 2342 
3 2342 2375 2343 
3 2322 2342 2343 
3 2322 2343 2327 
3 2322 2334 2342 
3 2843 2560 1402 
3 1402 2586 2843 
3 2873 2482 2572 
3 814 3397 3212 
3 2322 1402 2560 
3 1402 2322 2327 
3 1402 2327 2395 
3 3212 2350 2302 
3 2316 2319 2351 
3 2316 2351 2321 
3 2354 2304 2317 
3 2316 2321 2354 
3 2310 2320 2344 
3 2320 2332 2340 
3 2320 2340 2344 
3 1025 2324 2541 
3 1025 2356 2291 
3 2312 2329 2356 
3 2317 2304 2555 
3 2635 685 2651 
3 1710 2811 2483 
3 2816 2809 2783 
3 1744 1539 2797 
3 2809 2818 2810 
3 2783 1539 2656 
3 2809 2816 2818 
3 2810 2818 2820 
3 2821 2827 2832 
3 2992 3035 3036 
3 166 2993 884 
3 166 884 882 
3 167 882 3300 
3 147 3068 3071 
3 141 3077 164 
3 3077 3306 3358 
3 156 3304 3308 
3 156 3351 3309 
3 154 3308 3304 
3 148 3070 3069 
3 3069 3070 3074 
3 157 128 134 
3 143 148 155 
3 143 155 154 
3 3073 3301 3306 
3 139 141 3078 
3 139 3078 3307 
3 3068 3307 3071 
3 121 147 3305 
3 121 3305 151 
3 123 151 168 
3 123 168 167 
3 139 3307 142 
3 141 144 3077 
3 3073 3309 3301 
3 156 3309 3310 
3 156 3310 3304 
3 154 3304 158 
3 143 154 158 
3 3043 2655 2612 
3 3205 3226 3222 
3 134 106 3075 
3 106 134 128 
3 130 128 3074 
3 130 3074 3070 
3 137 3070 148 
3 137 148 143 
3 133 3306 3077 
3 142 3307 3068 
3 3175 1207 3169 
3 3106 2597 1920 
3 1547 206 266 
3 206 2590 2603 
3 3110 3106 1920 
3 3106 3110 3108 
3 3106 3108 2524 
3 381 3110 3112 
3 3067 3109 2618 
3 3067 2618 1759 
3 3112 3110 1782 
3 1759 1782 3067 
3 1823 3075 106 
3 1555 3107 3108 
3 1555 3108 381 
3 3112 3296 381 
3 3110 1920 1782 
3 703 661 641 
3 661 703 704 
3 661 704 664 
3 664 704 692 
3 653 664 692 
3 637 653 673 
3 637 681 659 
3 656 659 677 
3 656 699 682 
3 682 631 984 
3 697 632 631 
3 632 697 654 
3 654 697 3027 
3 675 698 678 
3 667 701 670 
3 680 689 3388 
3 680 3388 694 
3 674 700 695 
3 674 695 679 
3 670 701 675 
3 678 698 683 
3 2162 2511 2108 
3 2511 2162 2582 
3 2143 1037 1435 
3 900 932 943 
3 906 1325 1332 
3 901 933 1339 
3 897 1334 933 
3 897 910 1324 
3 885 894 1329 
3 893 1329 1333 
3 893 1333 1331 
3 888 1331 1336 
3 888 1336 1330 
3 891 1335 1321 
3 891 1330 1335 
3 910 1321 1324 
3 887 901 907 
3 889 907 914 
3 889 914 903 
3 903 1351 1332 
3 903 914 1351 
3 892 1325 906 
3 892 906 904 
3 890 900 943 
3 890 892 904 
3 890 904 900 
3 908 932 909 
3 909 1328 938 
3 909 932 912 
3 909 912 1328 
3 937 938 1328 
3 934 937 935 
3 931 935 3283 
3 902 3283 911 
3 911 3283 935 
3 911 935 937 
3 911 937 913 
3 913 937 1328 
3 1952 2531 1786 
3 3283 2576 3253 
3 2927 2699 1215 
3 3247 2145 2696 
3 3228 2697 2693 
3 2846 2853 2850 
3 2845 2858 2860 
3 3271 2857 1278 
3 2825 2849 2846 
3 2847 2851 2856 
3 2650 3398 2708 
3 1540 2503 948 
3 3199 1988 2746 
3 2843 2586 1405 
3 1491 3289 2631 
3 1775 2675 2872 
3 1760 2095 2510 
3 2274 1795 2712 
3 2778 2538 3195 
3 2811 1710 1743 
3 2761 2670 1540 
3 2661 877 881 
3 2700 2659 2669 
3 2690 2145 1145 
3 5 3131 2805 
3 877 2661 2159 
3 666 2146 1722 
3 2165 3235 2823 
3 2392 768 5 
3 2483 1798 1710 
3 2495 630 3131 
3 2147 2114 2449 
3 1743 1813 2656 
3 2115 2147 2140 
3 2134 2140 2135 
3 2121 2139 2153 
3 2121 2153 2152 
3 2135 2139 2134 
3 2140 2137 2400 
3 1926 2151 2149 
3 1777 2151 2664 
3 2153 2135 1926 
3 2135 2153 2139 
3 1435 684 618 
3 2146 2150 1722 
3 1435 2148 2509 
3 2538 2778 1447 
3 2137 2140 2147 
3 2137 2147 2136 
3 2137 2148 1722 
3 1447 2150 2538 
3 2136 2148 2137 
3 2449 2136 2147 
3 2136 1968 2509 
3 2215 2619 2300 
3 1482 299 2662 
3 801 1180 3371 
3 2148 2136 2509 
3 2371 1046 2328 
3 2694 408 2637 
3 2637 408 2652 
3 2658 2678 3251 
3 2136 2449 1968 
3 1723 3059 3099 
3 299 8 1755 
3 636 3396 710 
3 970 2602 2628 
3 2613 1366 1388 
3 1362 1432 652 
3 2613 2386 1366 
3 1421 1986 2386 
3 1986 1377 1353 
3 2489 1392 1434 
3 1377 1439 1416 
3 1377 1416 1412 
3 1369 1377 1412 
3 1369 1412 1441 
3 1398 1407 1429 
3 1398 1429 1434 
3 1398 1441 1407 
3 1375 1434 1422 
3 1375 1422 1423 
3 1375 1423 1438 
3 1371 1375 1438 
3 1389 1438 1427 
3 1384 1427 1428 
3 1384 1428 1424 
3 1384 1389 1427 
3 1352 1384 1424 
3 1424 1428 1436 
3 1436 1408 783 
3 1408 1436 1433 
3 1408 1433 1410 
3 2520 1433 2523 
3 2380 2385 2632 
3 2385 2392 2634 
3 783 630 2495 
3 5 2805 2392 
3 1447 1926 2400 
3 2692 2716 2676 
3 2150 2146 2538 
3 2614 4 1411 
3 1409 1414 1419 
3 1419 1425 1418 
3 2682 1420 2694 
3 3204 464 3044 
3 1399 3020 857 
3 2694 1420 408 
3 2292 1418 1422 
3 2292 1422 1429 
3 2292 1429 2325 
3 3020 1399 2679 
3 1426 2698 345 
3 1425 1423 1422 
3 1422 1418 1425 
3 1414 1431 1415 
3 1414 1415 1425 
3 1414 1425 1419 
3 1401 1406 2555 
3 1403 1401 1390 
3 1401 1403 1436 
3 1401 1436 1428 
3 1401 1428 1431 
3 1401 1431 1406 
3 1403 1433 1436 
3 1403 1390 2110 
3 1403 2110 2523 
3 2523 1433 1403 
3 1406 1431 1414 
3 1406 1414 1409 
3 1406 1409 2317 
3 1442 1440 2110 
3 2111 1390 2555 
3 2304 2357 2111 
3 2539 2331 2843 
3 1440 2539 1405 
3 1400 2614 2553 
3 2553 2380 2632 
3 1364 1760 1503 
3 2829 2841 2551 
3 2164 2664 2778 
3 2494 1918 2504 
3 1400 2553 2520 
3 2662 299 1481 
3 2711 993 2716 
3 812 2617 1775 
3 281 816 309 
3 1427 1431 1428 
3 1415 1423 1425 
3 1415 1431 1427 
3 1415 1427 1438 
3 1415 1438 1423 
3 1422 1434 1429 
3 1413 3244 3044 
3 2325 1407 2336 
3 1407 2325 1429 
3 1407 1441 1412 
3 1407 1412 2336 
3 1412 1416 2336 
3 2343 2375 2374 
3 2343 2374 2384 
3 2372 2370 2514 
3 2370 2372 2379 
3 2370 2379 2374 
3 2370 2374 2375 
3 2379 2393 2397 
3 2367 2393 2379 
3 2367 2379 2372 
3 2367 2372 2368 
3 2366 2367 2368 
3 2364 2366 2368 
3 2378 2376 2583 
3 2583 2394 2359 
3 6 2362 2328 
3 2328 2362 2360 
3 2328 2360 2371 
3 2579 2373 2514 
3 2365 2290 2514 
3 2363 2373 2579 
3 2579 2360 2363 
3 2373 2363 2368 
3 2368 2372 2373 
3 2358 2988 2985 
3 2358 2985 2361 
3 2358 2361 2363 
3 2358 2363 2360 
3 2358 2360 2362 
3 2358 2362 2988 
3 2359 2364 2361 
3 2359 2361 2985 
3 2359 2985 2369 
3 2359 2369 2378 
3 2359 2378 2583 
3 2359 2394 2364 
3 2361 2364 2368 
3 2361 2368 2363 
3 2514 2370 2365 
3 2365 2370 2375 
3 2374 2379 2397 
3 2374 2397 2384 
3 2327 2343 2384 
3 2327 2384 2388 
3 2327 2388 2395 
3 3251 475 119 
3 3147 2488 1480 
3 2919 2611 2168 
3 2635 2651 2812 
3 2812 1205 2635 
3 2803 2821 2832 
3 2803 2832 2814 
3 1918 1368 1392 
3 2656 2811 1743 
3 2810 2820 2813 
3 2813 2828 2815 
3 2815 2827 2821 
3 2814 2832 2829 
3 2558 2814 2559 
3 805 2823 11 
3 2643 2606 1798 
3 1798 2639 2643 
3 2816 2817 2831 
3 2824 2832 2827 
3 2667 1211 2642 
3 2746 2901 2660 
3 2813 2820 2828 
3 2815 2828 2827 
3 6 3035 2377 
3 6 2377 2362 
3 2362 2377 2988 
3 2985 2988 2994 
3 2369 2985 2994 
3 2369 2994 2990 
3 2369 2990 2989 
3 2369 2989 2378 
3 2378 2989 3326 
3 2990 2994 2991 
3 884 2993 2992 
3 2987 3321 2991 
3 2987 2991 2994 
3 2987 2994 2988 
3 2377 3035 2986 
3 2377 2986 2987 
3 2377 2987 2988 
3 2986 2992 3334 
3 2986 3334 3321 
3 2986 3321 2987 
3 2986 3035 2992 
3 2992 2993 3334 
3 168 159 1110 
3 159 168 3339 
3 159 166 1110 
3 1110 167 168 
3 163 3339 168 
3 163 3305 3370 
3 162 3071 3341 
3 162 3370 3305 
3 160 3341 3071 
3 160 3071 3307 
3 160 3307 3078 
3 160 3078 3362 
3 164 3358 3340 
3 164 3342 3078 
3 150 3359 3069 
3 3069 3359 3355 
3 154 155 165 
3 154 165 3308 
3 156 3308 3364 
3 156 3364 3351 
3 3301 3351 3343 
3 3301 3343 3366 
3 151 3305 163 
3 151 163 168 
3 164 3077 3358 
3 3301 3309 3351 
3 3301 3366 3306 
3 150 3069 3074 
3 150 3074 157 
3 157 3074 128 
3 3076 2640 2658 
3 134 152 157 
3 3354 153 3205 
3 153 3075 3226 
3 134 3075 153 
3 134 153 149 
3 134 149 152 
3 148 3069 3355 
3 148 3355 155 
3 3306 3366 3358 
3 141 164 3078 
3 147 3071 162 
3 147 162 3305 
3 2546 3299 2618 
3 2546 3109 2608 
3 2549 2610 2607 
3 2607 2610 2609 
3 2592 2607 2593 
3 2099 2101 2596 
3 2595 2593 2604 
3 2668 1523 2561 
3 2923 2542 2918 
3 2659 2677 2672 
3 2473 1430 1379 
3 1381 2587 2092 
3 1417 2099 1968 
3 2594 2599 2598 
3 2594 2598 2621 
3 2594 2616 2599 
3 2621 2163 2625 
3 2601 2598 2609 
3 2603 266 206 
3 2621 2598 2601 
3 2598 2599 2609 
3 2609 2600 2601 
3 2599 2616 2602 
3 2591 2593 2607 
3 2591 2607 2609 
3 2591 2609 2599 
3 2591 2599 2602 
3 2591 2602 970 
3 970 2593 2591 
3 2600 2610 2608 
3 2608 3109 2600 
3 2163 3289 2625 
3 2600 2609 2610 
3 413 776 770 
3 2601 2600 2605 
3 2629 2625 3289 
3 2621 2601 266 
3 266 2601 2605 
3 2603 2163 2621 
3 2590 788 1868 
3 2597 1354 2590 
3 3112 3374 3296 
3 1555 3296 3352 
3 617 637 659 
3 659 656 984 
3 652 1388 1362 
3 669 689 676 
3 690 663 657 
3 663 669 676 
3 657 688 690 
3 657 663 676 
3 687 690 688 
3 2670 993 2503 
3 687 688 1042 
3 2572 2667 2873 
3 655 676 689 
3 655 689 680 
3 665 694 700 
3 665 700 674 
3 658 679 691 
3 645 658 691 
3 645 691 667 
3 645 667 670 
3 662 670 675 
3 662 675 678 
3 641 678 683 
3 641 683 703 
3 3398 2503 993 
3 3027 3030 2933 
3 2933 654 3027 
3 684 1435 1037 
3 903 1332 1325 
3 898 903 1325 
3 889 903 895 
3 887 923 901 
3 887 907 889 
3 901 923 933 
3 897 960 910 
3 897 933 944 
3 897 944 960 
3 910 919 1321 
3 891 929 936 
3 891 936 1330 
3 891 1321 919 
3 891 919 929 
3 888 1330 936 
3 888 936 917 
3 893 921 896 
3 893 896 1329 
3 885 925 3029 
3 885 3029 899 
3 885 899 894 
3 885 1329 896 
3 885 896 925 
3 886 921 893 
3 886 893 1331 
3 886 1331 888 
3 886 888 917 
3 923 944 933 
3 908 943 932 
3 908 909 938 
3 934 938 937 
3 2630 2764 514 
3 2872 2926 1775 
3 2926 2842 1182 
3 2840 2850 2851 
3 2840 2851 2847 
3 2839 2859 2845 
3 2839 2847 2859 
3 2848 3118 3116 
3 2584 2164 2665 
3 2850 2853 2851 
3 2845 2859 2858 
3 2858 2863 2860 
3 2860 2863 3118 
3 2846 2849 2853 
3 2847 2856 2859 
3 2863 2875 2563 
3 2498 3116 2563 
3 2563 2875 2498 
3 3197 2644 2581 
3 2825 1825 2849 
3 2719 2852 1540 
3 2851 2853 2864 
3 2856 2867 2859 
3 2858 2859 2867 
3 2641 2905 2691 
3 3251 2678 3188 
3 1775 2648 812 
3 110 2763 3252 
3 2516 1916 420 
3 788 2590 1354 
3 1481 2141 2157 
3 3238 1443 2631 
3 3289 1491 2629 
3 2594 2621 2625 
3 2594 2625 2615 
3 2616 2594 2615 
3 1215 2699 532 
3 2602 2616 2628 
3 2628 2624 970 
3 2624 2604 970 
3 2013 2624 2544 
3 2131 2099 2013 
3 2823 2699 11 
3 618 1722 2148 
3 2328 1046 2103 
3 1734 1916 2626 
3 3177 851 3175 
3 3085 3186 2166 
3 2672 358 2567 
3 2157 2662 1481 
3 2400 1926 2135 
3 2569 3249 3113 
3 299 1755 1481 
3 2544 2131 2013 
3 2109 2640 3076 
3 2624 2628 2626 
3 3249 2569 815 
3 2616 2615 603 
3 9 1071 2697 
3 603 1490 1474 
3 2500 2491 2633 
3 2668 3195 1773 
3 2615 2654 603 
3 818 1645 2707 
3 1718 2830 2545 
3 2538 2146 1773 
3 2648 1775 2926 
3 684 2157 2141 
3 1410 2520 2632 
3 1225 2636 1382 
3 2093 2114 2122 
3 1417 2093 803 
3 2093 1417 2449 
3 2104 2122 2127 
3 2104 2127 2123 
3 2123 2132 2116 
3 2116 2126 397 
3 1456 2571 2126 
3 2649 3058 1217 
3 1397 1794 1468 
3 2216 2129 1136 
3 3399 2118 1363 
3 1363 1043 3399 
3 1871 1794 3214 
3 1370 2118 2130 
3 1356 2130 2125 
3 3 1356 2125 
3 3 2125 2152 
3 2121 2152 2125 
3 2121 2128 2139 
3 2128 2134 2139 
3 2117 2121 2125 
3 2117 2125 2130 
3 2117 2119 2128 
3 2117 2128 2121 
3 2113 2117 2130 
3 2113 2130 2118 
3 2113 2118 2133 
3 2113 2133 2132 
3 2113 2132 2119 
3 2113 2119 2117 
3 2119 2132 2123 
3 2119 2123 2127 
3 2119 2127 2128 
3 2127 2134 2128 
3 2115 2140 2134 
3 2115 2134 2127 
3 2115 2127 2122 
3 2114 2147 2115 
3 2114 2115 2122 
3 1968 2449 1417 
3 1356 3 1362 
3 1362 1388 1394 
3 1370 1356 1362 
3 1356 1370 2130 
3 1394 1370 1362 
3 1363 2118 1370 
3 1363 1370 1394 
3 1363 1394 1393 
3 3043 2629 1491 
3 1043 1363 1393 
3 2626 1916 2516 
3 2471 1364 1503 
3 2842 2926 2872 
3 859 3200 835 
3 2743 3064 1206 
3 4 1967 1411 
3 1359 2469 1368 
3 1359 1368 1918 
3 1918 2494 1359 
3 1355 2480 1387 
3 1355 1387 1386 
3 1355 1386 2475 
3 1391 2478 1424 
3 783 1424 1436 
3 2495 1391 783 
3 1408 1410 2634 
3 1352 2475 1386 
3 1352 1386 1384 
3 1352 1424 2478 
3 1352 2478 2475 
3 1384 1386 1389 
3 1371 1387 1372 
3 1371 1372 2489 
3 2489 1375 1371 
3 1371 1438 1389 
3 1371 1389 1387 
3 1434 1375 2489 
3 1369 1441 1376 
3 603 1736 1734 
3 1365 1366 1360 
3 1437 2613 652 
3 1432 1362 3 
3 1366 1373 1388 
3 1373 1394 1388 
3 1373 1378 1393 
3 1378 1396 1393 
3 1393 1394 1373 
3 1367 1378 1983 
3 1365 1358 1983 
3 1903 1357 1430 
3 1983 1430 1367 
3 1365 1378 1373 
3 1365 1373 1366 
3 1358 1365 1360 
3 1360 1353 1358 
3 1353 1360 1986 
3 1353 1377 1369 
3 1353 1369 1380 
3 1353 1380 1358 
3 1376 1441 1395 
3 1376 1395 1385 
3 1395 1441 1398 
3 1383 1395 1398 
3 1383 1398 1434 
3 1383 1434 1392 
3 1386 1387 1389 
3 1387 2480 2504 
3 2504 2480 2494 
3 1368 1383 1392 
3 1392 1372 1918 
3 2092 1361 2469 
3 1361 1385 1395 
3 1361 1395 1383 
3 1361 1383 1368 
3 1361 1368 2469 
3 2469 1381 2092 
3 1474 473 2142 
3 1903 1430 1983 
3 1369 1376 1380 
3 1376 1385 1102 
3 2735 1225 2675 
3 1367 1396 1378 
3 1367 1430 2473 
3 1367 2473 2499 
3 1367 2499 1396 
3 1396 2499 2471 
3 1043 1393 1396 
3 1043 1396 2471 
3 3399 2133 2118 
3 652 1432 1437 
3 2436 5 768 
3 2394 2425 2399 
3 2394 2405 2425 
3 2364 2399 2366 
3 2364 2394 2399 
3 2366 2390 2391 
3 2366 2391 2367 
3 2366 2399 2390 
3 2367 2391 2393 
3 1967 4 2395 
3 2395 2388 1967 
3 2509 2143 1435 
3 1967 1614 1659 
3 1659 2380 1411 
3 2138 2516 2627 
3 2396 2380 1659 
3 2396 2385 2380 
3 2385 2396 2382 
3 2381 2384 2397 
3 2381 2397 2383 
3 2381 2383 2389 
3 1659 1411 1967 
3 2381 2388 2384 
3 2396 2389 1589 
3 2383 2397 2393 
3 2383 2393 2387 
3 2387 2393 2391 
3 2387 2391 809 
3 2399 2425 2455 
3 2390 2399 2455 
3 2390 2455 2423 
3 2390 2423 809 
3 809 2398 2387 
3 2391 2390 809 
3 2398 2444 2452 
3 2398 2452 3062 
3 2452 2436 3062 
3 2398 3062 2575 
3 1217 3058 1201 
3 2383 2387 2575 
3 1589 2575 2382 
3 2575 2387 2398 
3 2449 2114 2093 
3 2382 2392 2385 
3 2749 2753 2748 
3 2807 2809 2802 
3 2793 2815 2821 
3 2797 2812 1744 
3 2802 2809 2810 
3 2808 2810 2813 
3 2804 2813 2815 
3 2632 2520 2553 
3 3286 2558 2557 
3 1543 1610 2790 
3 2562 1975 1618 
3 3286 2557 2562 
3 2818 2816 2831 
3 2818 2837 2820 
3 2824 2829 2832 
3 1405 2614 1440 
3 1813 1743 2817 
3 1517 2477 2540 
3 2820 2834 2828 
3 1825 2854 2870 
3 3326 2376 2378 
3 2059 3327 3324 
3 2059 3324 3335 
3 2059 3313 3327 
3 3319 3335 3337 
3 2045 3319 3316 
3 2045 3316 3312 
3 2045 3312 3318 
3 830 3320 3314 
3 830 3081 3320 
3 3314 3320 3318 
3 3331 3336 3332 
3 837 3329 3325 
3 837 3349 3328 
3 837 3328 3329 
3 3325 3329 3334 
3 3321 3334 3323 
3 3321 3323 3330 
3 2991 3321 3330 
3 2991 3330 3333 
3 2990 2991 3333 
3 2990 3333 3327 
3 3315 3337 3324 
3 3315 3324 3333 
3 3315 3333 3330 
3 3315 3322 3337 
3 3311 3322 3315 
3 3311 3315 3330 
3 3311 3330 3323 
3 3311 3323 3328 
3 3311 3328 3317 
3 3311 3317 3322 
3 3323 3334 3329 
3 3323 3329 3328 
3 166 3338 2993 
3 2993 3338 3325 
3 2993 3325 3334 
3 3317 3332 3322 
3 3317 3328 3349 
3 3317 3349 3331 
3 3317 3331 3332 
3 3312 3316 3332 
3 3312 3332 3336 
3 3312 3336 3314 
3 3312 3314 3318 
3 3316 3319 3337 
3 3316 3337 3322 
3 3316 3322 3332 
3 3324 3327 3333 
3 3324 3337 3335 
3 2989 2990 3327 
3 2989 3327 3313 
3 2989 3313 3326 
3 189 3358 3366 
3 172 3366 3343 
3 177 3343 3351 
3 177 3351 3364 
3 165 3365 3308 
3 150 157 161 
3 150 161 3353 
3 3352 3377 3354 
3 2707 1645 113 
3 149 3357 152 
3 149 153 3354 
3 149 3354 3360 
3 149 3360 3357 
3 152 3357 161 
3 152 161 157 
3 3355 3359 3369 
3 3355 3369 3356 
3 155 3355 3356 
3 155 3356 165 
3 3308 3365 3364 
3 164 3340 3342 
3 3078 3342 3362 
3 2515 2546 2608 
3 2515 2608 2547 
3 2515 2547 2526 
3 2526 2547 2536 
3 2536 2547 2549 
3 2536 2549 2537 
3 2528 2536 2537 
3 3028 3030 3029 
3 2534 2521 1865 
3 2533 1952 2108 
3 2533 2535 1971 
3 2108 2535 2533 
3 1865 2521 2496 
3 2670 2761 2676 
3 2108 2511 2588 
3 768 3062 2436 
3 2540 2477 1493 
3 2168 2611 2647 
3 2532 2545 2830 
3 2099 1417 2101 
3 635 1490 2612 
3 2623 2697 1071 
3 1046 2298 2297 
3 2918 2542 2194 
3 2829 2559 2814 
3 2596 2595 2604 
3 2592 2593 2595 
3 2521 2534 2596 
3 1493 2496 2540 
3 993 2708 3398 
3 1865 2533 1971 
3 2540 2496 2102 
3 630 783 1408 
3 2872 2630 2842 
3 2529 2595 2534 
3 2529 2534 1971 
3 1971 2528 2529 
3 2529 2528 2537 
3 2529 2537 2592 
3 2529 2592 2595 
3 2537 2549 2592 
3 2549 2607 2592 
3 2547 2608 2610 
3 2547 2610 2549 
3 3296 3374 3376 
3 3296 3376 3352 
3 3293 3376 3374 
3 3291 3297 3298 
3 3295 2519 1975 
3 2508 3295 2527 
3 2507 2527 3298 
3 2507 3298 3297 
3 1541 3297 3299 
3 2507 2508 2527 
3 3299 2546 1541 
3 3066 3299 3297 
3 3066 3297 3291 
3 3066 3291 3293 
3 3066 3293 3374 
3 3374 3112 2792 
3 2792 3066 3374 
3 643 661 664 
3 634 643 664 
3 634 664 653 
3 627 634 653 
3 627 653 637 
3 617 627 637 
3 984 617 659 
3 631 607 984 
3 631 682 697 
3 639 1149 2769 
3 2666 2169 1610 
3 1490 635 1457 
3 645 670 646 
3 658 660 679 
3 665 668 694 
3 668 680 694 
3 660 674 679 
3 646 670 662 
3 624 662 678 
3 624 678 641 
3 633 641 661 
3 633 661 643 
3 927 654 2933 
3 3045 946 3026 
3 3022 3104 867 
3 2141 2124 684 
3 2798 2124 2141 
3 2854 1825 2543 
3 895 903 898 
3 889 895 930 
3 887 889 930 
3 887 930 961 
3 887 961 923 
3 923 962 944 
3 910 960 940 
3 910 940 919 
3 898 1325 942 
3 939 974 943 
3 918 938 941 
3 2626 2628 1734 
3 931 973 935 
3 934 935 973 
3 973 999 941 
3 941 934 973 
3 934 941 938 
3 908 938 918 
3 908 918 939 
3 908 939 943 
3 890 943 974 
3 890 974 915 
3 890 915 892 
3 892 915 942 
3 892 942 1325 
3 768 2392 2382 
3 2673 30 766 
3 2151 2778 2664 
3 2835 2825 2826 
3 2846 2826 2825 
3 2846 2838 2826 
3 2838 2846 2850 
3 2840 2844 2850 
3 2839 2840 2847 
3 2855 2860 3118 
3 2848 2855 3118 
3 2550 2848 3128 
3 2006 2550 3135 
3 2006 2552 2007 
3 2848 3116 3128 
3 2144 1051 2650 
3 3037 879 877 
3 3037 2862 872 
3 2726 2863 2858 
3 2849 2868 2853 
3 2851 2864 2856 
3 2672 2669 2659 
3 1142 1742 1797 
3 2762 2751 2734 
3 1847 1152 2532 
3 2742 2751 2750 
3 2739 2765 2755 
3 2755 2772 2756 
3 2141 1481 1755 
3 2798 1755 1448 
3 685 3053 382 
3 2328 2103 6 
3 1443 3238 2922 
3 2649 839 2774 
3 2300 2619 6 
3 1543 2655 3051 
3 1539 1744 2656 
3 7 1487 1522 
3 2637 2245 2694 
3 3199 2746 2660 
3 2659 2100 2657 
3 2642 1211 3174 
3 2606 2643 1847 
3 783 1391 1424 
3 1868 2163 2603 
3 2325 2541 2292 
3 3228 2693 2581 
3 1071 2714 2958 
3 1522 2513 7 
3 2665 672 2622 
3 1574 2126 2116 
3 1786 2531 1493 
3 2132 2510 1527 
3 1527 2116 2132 
3 1136 2129 2240 
3 2107 2104 397 
3 2107 2096 2098 
3 2093 2122 2098 
3 803 2096 2102 
3 803 2101 1417 
3 2098 2122 2104 
3 2098 2104 2107 
3 3373 1216 2695 
3 2102 2101 803 
3 2142 420 1916 
3 397 2126 2107 
3 2107 2126 2571 
3 2107 2571 1517 
3 2574 2097 1574 
3 1527 1574 2116 
3 2919 2652 2906 
3 2571 2112 1517 
3 1456 2097 2513 
3 1361 2092 1385 
3 1390 2111 1442 
3 1442 2111 2357 
3 1400 2110 1440 
3 2596 2604 2013 
3 2521 2596 2101 
3 2540 2102 2096 
3 2540 2096 1517 
3 2648 1203 1184 
3 2513 1522 1456 
3 1786 2530 1952 
3 2292 2541 2332 
3 1999 1871 1770 
3 9 2697 2709 
3 2476 1364 2470 
3 2479 2498 2566 
3 948 2719 1540 
3 2651 2811 1744 
3 2490 3143 3121 
3 2501 3121 3143 
3 1896 1570 792 
3 2472 2469 1359 
3 2505 813 272 
3 813 2472 208 
3 3147 1359 2494 
3 1514 3188 2160 
3 386 1030 1044 
3 2492 2493 2502 
3 2492 3117 2485 
3 2421 2506 2478 
3 2401 2495 3131 
3 1391 2495 3127 
3 1391 3127 2421 
3 1391 2421 2478 
3 2475 2478 2506 
3 2475 2506 2493 
3 1355 2475 2493 
3 1355 2493 2492 
3 1355 2492 2480 
3 2480 2492 2485 
3 2480 2485 2494 
3 2494 2485 3147 
3 2651 2483 2811 
3 2169 1732 3056 
3 3175 851 1207 
3 3112 1782 1759 
3 813 2469 2472 
3 3253 931 3283 
3 2504 1372 1387 
3 1372 2504 1918 
3 1392 2489 1372 
3 1102 1380 1376 
3 2473 1379 2484 
3 2386 1404 1421 
3 899 3029 3105 
3 1385 2092 2587 
3 2530 7 2582 
3 2486 2471 2499 
3 2486 2499 2487 
3 2486 2487 3143 
3 2530 2582 2162 
3 2473 2484 2487 
3 2473 2487 2499 
3 2531 2533 1865 
3 1359 3147 2472 
3 1381 2505 1374 
3 2481 1379 1374 
3 2481 1374 2505 
3 252 3145 3137 
3 2481 252 3137 
3 3137 2484 2481 
3 2481 2484 1379 
3 2484 2501 2487 
3 2501 2484 3137 
3 2487 2501 3143 
3 2474 2486 3143 
3 2474 3143 2490 
3 2474 2490 3144 
3 2474 3144 2479 
3 2479 3144 1550 
3 2470 1364 2471 
3 2470 2471 2486 
3 2470 2486 2474 
3 2470 2474 2479 
3 2470 2479 2476 
3 3253 2576 784 
3 2677 2657 2702 
3 2483 685 2639 
3 2120 2645 532 
3 3131 5 3218 
3 2420 2401 3218 
3 3218 2401 3131 
3 2401 2420 2466 
3 2401 2466 3127 
3 2416 2431 3150 
3 2416 2446 2431 
3 2406 2437 2430 
3 2406 2430 2431 
3 2406 2431 2446 
3 2406 2446 2433 
3 2406 2433 2465 
3 2406 2465 2437 
3 2411 2465 2433 
3 2411 2433 2424 
3 2411 2424 2458 
3 2411 2463 2465 
3 2410 2434 2463 
3 2410 2463 2411 
3 2410 2411 2458 
3 2410 2458 2450 
3 2376 2448 2405 
3 2028 2051 2407 
3 2028 2407 2448 
3 2051 2054 2402 
3 2051 2402 2434 
3 2051 2434 2407 
3 2402 2443 2408 
3 2402 2408 2434 
3 2408 2443 2460 
3 2408 2460 2437 
3 2408 2437 2463 
3 2408 2463 2434 
3 2440 2453 2461 
3 2440 2461 2441 
3 2441 2461 3123 
3 2441 3123 3150 
3 2417 2453 2447 
3 2417 2447 3139 
3 2417 3114 2461 
3 2417 2461 2453 
3 2418 2442 2422 
3 2418 2464 2442 
3 2422 2442 2435 
3 2459 2467 3124 
3 2427 3138 2467 
3 2552 3138 3122 
3 2007 2552 3122 
3 2467 3138 3124 
3 2064 2467 2414 
3 2414 2467 2459 
3 2414 2459 2454 
3 2037 2052 2414 
3 2037 2414 2454 
3 2037 2454 2413 
3 2037 2413 2075 
3 2036 2037 2075 
3 2075 2413 2435 
3 2065 2077 2075 
3 2065 2075 2435 
3 2065 2435 2429 
3 2065 2429 2428 
3 2030 2428 2404 
3 2030 2404 2438 
3 2061 2438 2412 
3 2412 2438 2468 
3 2412 2468 2462 
3 2412 2462 2443 
3 2432 2462 2468 
3 2432 2468 2445 
3 2432 2445 2447 
3 2432 2447 2453 
3 2445 2451 2447 
3 2404 2428 2429 
3 2404 2429 2439 
3 2404 2439 2445 
3 2404 2445 2468 
3 2404 2468 2438 
3 2429 2435 2442 
3 2429 2442 2439 
3 2454 2459 3115 
3 2454 3115 3133 
3 2413 2422 2435 
3 2413 2454 3133 
3 2413 3133 2422 
3 2439 2442 2464 
3 2439 2464 2451 
3 2439 2451 2445 
3 2451 2464 3139 
3 2447 2451 3139 
3 2409 2462 2432 
3 2409 2432 2453 
3 2409 2453 2440 
3 2409 2440 2460 
3 2409 2460 2443 
3 2409 2443 2462 
3 2057 2061 2412 
3 2057 2412 2443 
3 2057 2443 2402 
3 2054 2057 2402 
3 2405 2448 2450 
3 2405 2450 2425 
3 2425 2450 2458 
3 2425 2458 2455 
3 2423 2455 2424 
3 2423 2424 2426 
3 2423 2426 2444 
3 2419 2466 2420 
3 2419 2420 2452 
3 2419 2452 2444 
3 2419 2444 2426 
3 2407 2434 2410 
3 2407 2410 2450 
3 2407 2450 2448 
3 2424 2455 2458 
3 2424 2433 2426 
3 2430 2460 2440 
3 2430 2440 2441 
3 2430 2441 2431 
3 2430 2437 2460 
3 2437 2465 2463 
3 2415 2433 2446 
3 2415 2466 2419 
3 2415 2419 2426 
3 2415 2426 2433 
3 2431 2441 3150 
3 2403 3127 2466 
3 2403 2466 2415 
3 2403 2415 2446 
3 2403 2446 2416 
3 2403 2416 2421 
3 2403 2421 3127 
3 2420 2436 2452 
3 2483 2651 685 
3 2812 2797 3047 
3 2798 2141 1755 
3 473 1474 1457 
3 2802 2796 2807 
3 2801 1539 2807 
3 2802 2810 2808 
3 2804 2808 2813 
3 2793 2821 2803 
3 2793 2804 2815 
3 2787 2803 2814 
3 2558 2767 2787 
3 2558 2787 2814 
3 2872 2675 2764 
3 2820 2837 2834 
3 2824 2827 2833 
3 3174 3243 2642 
3 2764 2630 2872 
3 2817 2819 2822 
3 2818 2831 2837 
3 2827 2828 2833 
3 2824 2841 2829 
3 2551 2559 2829 
3 2376 3326 3225 
3 3225 2448 2376 
3 2028 2448 3225 
3 2028 2457 2046 
3 2028 2046 2053 
3 2028 2053 2051 
3 2051 2053 2054 
3 2054 2058 2062 
3 2054 2062 2057 
3 2057 2062 2061 
3 2061 2062 2085 
3 2061 2085 2071 
3 2061 2071 2438 
3 2030 2438 2071 
3 2030 2047 2428 
3 2065 2428 2082 
3 2065 2082 2077 
3 2077 2082 2090 
3 2036 2075 2077 
3 2036 2088 2052 
3 2036 2052 2037 
3 2052 2064 2414 
3 2064 2427 2467 
3 2427 3122 3138 
3 2009 2427 2064 
3 1996 2009 2064 
3 1996 2064 2052 
3 1996 2052 2088 
3 1996 2088 2015 
3 2015 2088 2031 
3 2031 2032 2033 
3 2031 2088 2032 
3 2033 2090 2081 
3 2001 2033 2081 
3 2050 2081 2060 
3 2019 2060 2039 
3 2019 2039 2023 
3 2019 2050 2060 
3 2025 2087 2041 
3 2021 2041 2049 
3 1958 2021 2049 
3 1958 2049 2055 
3 1958 2055 2044 
3 2044 2055 2084 
3 1953 2044 2042 
3 2042 2044 2084 
3 2042 2084 2072 
3 2042 2072 1569 
3 3318 3320 1569 
3 2076 3320 3081 
3 2045 2072 2074 
3 2045 2074 3319 
3 2045 3318 2072 
3 2059 3335 2079 
3 2035 2457 3313 
3 2035 3313 2059 
3 2035 2059 2079 
3 2035 2079 2091 
3 2035 2091 2046 
3 2035 2046 2457 
3 2040 2089 2048 
3 2040 2048 2068 
3 2040 2083 2089 
3 2027 2055 2049 
3 2027 2049 2034 
3 2027 2034 2040 
3 2027 2040 2068 
3 2027 2068 2055 
3 2063 2080 2073 
3 2063 2073 2074 
3 2063 2074 2084 
3 2063 2068 2080 
3 2067 2089 2083 
3 2056 2066 2085 
3 2056 2085 2067 
3 2056 2067 2083 
3 2056 2083 2086 
3 2066 2071 2085 
3 2043 2060 2078 
3 2038 2066 2056 
3 2038 2056 2086 
3 2038 2039 2043 
3 2038 2043 2066 
3 2048 2089 2069 
3 2048 2069 2091 
3 2048 2091 2080 
3 2048 2080 2068 
3 2079 2080 2091 
3 2073 2080 2079 
3 2073 2079 3335 
3 2073 3335 3319 
3 2073 3319 2074 
3 2072 2084 2074 
3 1569 2072 3318 
3 2055 2063 2084 
3 2055 2068 2063 
3 2034 2083 2040 
3 2034 2049 2041 
3 2034 2041 2087 
3 2034 2087 2086 
3 2034 2086 2083 
3 2002 2086 2087 
3 2002 2087 2025 
3 2002 2025 2023 
3 2002 2023 2039 
3 2002 2039 2038 
3 2002 2038 2086 
3 2039 2060 2043 
3 2060 2081 2078 
3 2078 2081 2090 
3 2032 2088 2036 
3 2032 2036 2077 
3 2032 2077 2090 
3 2032 2090 2033 
3 2047 2078 2090 
3 2047 2090 2082 
3 2047 2082 2428 
3 2029 2043 2078 
3 2029 2078 2047 
3 2029 2047 2030 
3 2029 2030 2071 
3 2029 2071 2066 
3 2029 2066 2043 
3 2062 2067 2085 
3 2058 2089 2067 
3 2058 2067 2062 
3 2058 2069 2089 
3 2053 2069 2058 
3 2053 2058 2054 
3 2046 2069 2053 
3 2046 2091 2069 
3 2457 3326 3313 
3 830 3314 3336 
3 862 3331 3349 
3 834 3349 837 
3 837 3325 3348 
3 3325 3338 3348 
3 189 3340 3358 
3 172 3343 177 
3 172 189 3366 
3 177 3364 3345 
3 3345 3364 3365 
3 179 3356 3369 
3 3350 3369 3359 
3 3367 3377 3372 
3 3354 3377 3367 
3 3354 3367 3360 
3 3357 3360 222 
3 222 3368 3357 
3 161 3357 3368 
3 161 3368 3353 
3 150 3353 3350 
3 150 3350 3359 
3 165 3356 186 
3 165 186 176 
3 165 176 3365 
3 3376 3293 3371 
3 3291 3375 3293 
3 3291 3298 3292 
3 2527 3294 3298 
3 806 2527 3295 
3 3352 3376 3377 
3 2518 2507 1541 
3 2507 2518 2508 
3 2508 2518 2525 
3 2508 2525 2519 
3 2508 2519 3295 
3 2523 1400 2520 
3 796 2519 2512 
3 1402 2395 2586 
3 2380 2553 1411 
3 299 1482 473 
3 2503 1540 2670 
3 2162 1952 2530 
3 281 2640 0 
3 1411 2553 2614 
3 2535 2517 2522 
3 2255 787 2129 
3 2522 2525 2526 
3 2522 2526 2536 
3 2522 2536 2528 
3 2512 2585 796 
3 2512 2519 2525 
3 2512 2525 2522 
3 2512 2522 2517 
3 2522 2528 2535 
3 2131 2544 2138 
3 2108 2517 2535 
3 2843 2331 2560 
3 2521 2101 2102 
3 2588 2517 2108 
3 2509 2131 2138 
3 2108 1952 2162 
3 2585 2512 2517 
3 2517 2588 2585 
3 2544 2624 2626 
3 167 1110 882 
3 2138 2143 2509 
3 2131 2509 1968 
3 1400 2523 2110 
3 2131 1968 2099 
3 2624 2013 2604 
3 2518 2526 2525 
3 2515 2526 2518 
3 1541 2515 2518 
3 623 607 631 
3 1149 639 1523 
3 665 671 668 
3 655 680 668 
3 2668 1773 2580 
3 3174 1211 3061 
3 2589 1711 1122 
3 2157 2627 2662 
3 3284 3194 1042 
3 647 688 657 
3 644 657 676 
3 644 676 655 
3 628 655 668 
3 642 671 665 
3 642 665 674 
3 642 674 660 
3 613 658 645 
3 613 645 646 
3 621 646 662 
3 1327 1652 3032 
3 927 3022 654 
3 2947 920 977 
3 2947 916 920 
3 916 921 924 
3 940 947 963 
3 940 960 959 
3 959 960 965 
3 930 971 961 
3 895 972 930 
3 895 898 922 
3 898 942 928 
3 915 968 942 
3 923 961 962 
3 944 965 960 
3 944 962 965 
3 919 963 929 
3 919 940 963 
3 929 950 964 
3 929 964 936 
3 929 963 950 
3 917 964 952 
3 917 952 926 
3 917 936 964 
3 886 926 921 
3 886 917 926 
3 921 926 924 
3 896 916 925 
3 896 921 916 
3 1535 925 916 
3 925 3028 3029 
3 2584 2622 2156 
3 3043 1205 2655 
3 2833 2839 2845 
3 1202 2491 2500 
3 866 2727 2728 
3 2838 2850 2844 
3 2836 2845 2860 
3 2836 2860 2855 
3 2551 2855 2848 
3 3128 3134 3136 
3 3128 3136 3135 
3 2550 3128 3135 
3 3135 3136 3142 
3 2006 3135 2552 
3 2552 3135 3142 
3 2552 3142 3138 
3 3124 3138 3142 
3 3124 3142 3125 
3 3124 3125 3149 
3 2459 3124 3149 
3 2459 3149 3115 
3 3115 3149 3126 
3 3115 3126 3130 
3 3115 3130 3133 
3 2422 3133 3132 
3 2418 2422 3132 
3 2418 3132 3141 
3 2418 3141 2456 
3 2418 2456 2464 
3 2417 3139 3146 
3 2417 3146 3114 
3 3114 3117 3123 
3 2461 3114 3123 
3 2416 3150 2506 
3 2416 2506 2421 
3 2401 3127 2495 
3 2493 2506 3150 
3 2493 3150 2502 
3 2502 3123 3117 
3 2502 3150 3123 
3 2492 2502 3117 
3 3114 3146 2488 
3 3147 2485 2488 
3 2488 3117 3114 
3 2472 3147 1480 
3 272 3140 3145 
3 3140 3141 3145 
3 252 272 3145 
3 3137 3145 3148 
3 2501 3137 3120 
3 2501 3120 3121 
3 3121 3126 3151 
3 2490 3129 3144 
3 2490 3121 3151 
3 2490 3151 3129 
3 3129 3136 3134 
3 3129 3134 3144 
3 3120 3126 3121 
3 3120 3137 3148 
3 3120 3148 3130 
3 3120 3130 3126 
3 2472 1480 786 
3 3119 3146 3139 
3 2456 3141 3140 
3 2456 3140 3119 
3 2456 3119 3139 
3 2456 3139 2464 
3 3141 3148 3145 
3 3132 3148 3141 
3 3130 3148 3132 
3 3130 3132 3133 
3 3126 3149 3151 
3 3125 3151 3149 
3 3125 3142 3136 
3 3125 3136 3129 
3 3125 3129 3151 
3 1550 2498 2479 
3 3134 3128 3116 
3 1550 3116 2498 
3 64 3188 2678 
3 2849 2870 2868 
3 2856 2864 2866 
3 2870 2849 1825 
3 2853 2868 2864 
3 2856 2861 2867 
3 2858 2867 2865 
3 2726 2875 2863 
3 2726 2858 2865 
3 2901 2746 11 
3 2734 2751 2742 
3 2738 2739 2755 
3 2738 2755 2756 
3 2747 2760 2754 
3 2747 2754 2752 
3 2739 2742 2765 
3 2386 1360 1366 
3 2693 2623 1718 
3 2742 2750 2765 
3 2756 2757 2760 
3 2754 2760 2757 
3 2753 2749 2752 
3 2752 2754 2759 
3 2578 2748 2753 
3 866 2762 2734 
3 2750 2776 2765 
3 2755 2775 2772 
3 2754 2757 2771 
3 2587 1102 1385 
3 2905 2641 2913 
3 1731 2769 1448 
3 1448 2769 1149 
3 2755 2765 2775 
3 2756 2772 2757 
3 2754 2771 2759 
3 2640 309 2658 
3 2784 2830 1718 
3 2110 1390 1442 
3 1145 2669 3199 
3 2568 2729 2741 
3 2568 2741 2573 
3 2642 835 769 
3 2094 2095 2565 
3 2094 2568 2574 
3 1149 1523 2668 
3 2573 2574 2568 
3 2923 2921 2892 
3 3061 3053 1212 
3 2741 2748 1115 
3 2573 2097 2574 
3 1217 2491 1202 
3 1711 1115 2748 
3 2791 3051 2105 
3 2105 2797 2801 
3 2784 2646 2830 
3 2958 2714 672 
3 2802 2808 2806 
3 2799 2808 2804 
3 2795 2803 2787 
3 2793 2803 2795 
3 1618 1934 3286 
3 2539 1440 1442 
3 2826 2819 2835 
3 2831 2844 2837 
3 2828 2834 2833 
3 2824 2833 2836 
3 2555 1390 1401 
3 2830 2728 2854 
3 2819 2826 2822 
3 2822 2838 2844 
3 2009 2011 2427 
3 1996 2005 2009 
3 1996 2015 2005 
3 2015 2031 2026 
3 2004 2005 2015 
3 2004 2015 2026 
3 1943 2004 2026 
3 1978 1997 2005 
3 1978 2005 2004 
3 1914 1998 1997 
3 1914 1997 1978 
3 1998 2017 2011 
3 1915 1931 1998 
3 2000 2012 2024 
3 2000 2024 2007 
3 2000 2007 2017 
3 1962 1985 2012 
3 1962 2012 2000 
3 2010 1954 1904 
3 1954 2010 2012 
3 1954 2012 1985 
3 2010 2024 2012 
3 4 2614 1405 
3 1906 1974 2562 
3 2842 2630 2482 
3 2022 1904 1980 
3 1904 2022 2554 
3 1904 2554 2010 
3 2007 3122 2017 
3 1931 1962 2000 
3 1931 2000 2017 
3 1931 2017 1998 
3 1982 2026 1992 
3 1982 1992 2001 
3 1924 1982 2001 
3 1924 2001 2050 
3 1924 2050 1987 
3 1987 2050 2019 
3 1987 2019 2018 
3 2018 2019 2023 
3 2003 2018 2023 
3 2003 2023 2025 
3 2003 2025 2016 
3 2016 2025 2041 
3 2016 2041 2021 
3 1958 2020 2021 
3 1958 2044 1994 
3 1953 1994 2044 
3 1953 2042 2070 
3 1799 2076 3081 
3 2042 2076 2070 
3 2001 2081 2050 
3 1992 2033 2001 
3 1992 2026 2031 
3 1992 2031 2033 
3 1997 1998 2011 
3 1997 2011 2009 
3 1997 2009 2005 
3 2011 2017 3122 
3 2011 3122 2427 
3 833 3336 3331 
3 832 837 3348 
3 174 3339 178 
3 174 175 3339 
3 163 3370 178 
3 163 178 3339 
3 173 3370 3347 
3 173 178 3370 
3 162 3341 3347 
3 162 3347 3370 
3 182 3347 3341 
3 182 3341 3344 
3 160 3362 3344 
3 160 3344 3341 
3 170 3344 3362 
3 170 3362 3342 
3 199 3342 3340 
3 189 214 3340 
3 172 177 195 
3 172 190 189 
3 177 3345 188 
3 176 3345 3365 
3 179 186 3356 
3 171 3369 3350 
3 159 3339 175 
3 159 175 3338 
3 159 3338 166 
3 3372 3377 1180 
3 3377 3376 3371 
3 3292 3298 3294 
3 2516 2138 2544 
3 806 3294 2527 
3 3291 3292 3375 
3 1180 801 793 
3 2614 1400 1440 
3 2662 2627 420 
3 2150 2400 2137 
3 2563 3118 2863 
3 3118 2563 3116 
3 2386 2613 1404 
3 3238 2631 3289 
3 2577 2511 2582 
3 2587 1374 1357 
3 3199 2660 1145 
3 1711 2589 1115 
3 1374 2587 1381 
3 2665 2561 3056 
3 882 1110 166 
3 1115 2573 2741 
3 624 641 633 
3 621 662 624 
3 613 626 658 
3 628 644 655 
3 629 657 644 
3 626 660 658 
3 588 613 646 
3 614 624 633 
3 610 633 643 
3 610 643 616 
3 616 643 634 
3 612 616 634 
3 612 634 627 
3 612 627 615 
3 615 627 617 
3 607 615 617 
3 640 589 537 
3 589 640 593 
3 623 631 632 
3 632 654 3022 
3 1457 635 1731 
3 3235 2165 2735 
3 2169 3056 1523 
3 947 950 963 
3 959 965 980 
3 954 962 957 
3 954 965 962 
3 957 961 971 
3 957 962 961 
3 922 928 994 
3 922 958 972 
3 928 942 968 
3 966 974 997 
3 2596 2013 2099 
3 2174 948 2155 
3 2800 672 3056 
3 3287 991 1048 
3 973 967 1093 
3 2095 1760 1364 
3 941 999 1003 
3 918 941 1003 
3 918 1003 996 
3 918 996 939 
3 939 996 997 
3 939 997 974 
3 915 974 966 
3 915 966 968 
3 898 928 922 
3 895 922 972 
3 930 972 971 
3 940 959 947 
3 1165 386 992 
3 1934 1618 796 
3 2762 2666 1610 
3 2532 2543 1847 
3 2825 2835 2606 
3 2822 2826 2838 
3 2844 2831 2822 
3 2837 2844 2840 
3 2834 2840 2839 
3 2833 2845 2836 
3 2836 2855 2841 
3 2551 2841 2855 
3 2550 2551 2848 
3 2566 2476 2479 
3 2476 2565 2095 
3 2864 2868 2871 
3 2856 2866 2861 
3 2498 2875 2566 
3 2566 2875 2725 
3 2725 2875 2726 
3 2792 3299 3066 
3 2736 2865 2867 
3 2736 2867 2861 
3 2728 2870 2854 
3 2854 2532 2830 
3 2103 649 2300 
3 2731 2742 2739 
3 2738 2756 2744 
3 866 2734 2727 
3 2744 2756 2760 
3 1707 2577 1711 
3 1711 2748 1707 
3 2765 2776 2775 
3 2707 2763 818 
3 2510 2094 1527 
3 2216 1136 10 
3 808 1777 2156 
3 2102 2496 2521 
3 3051 2175 1543 
3 1404 2613 1437 
3 2770 2750 2751 
3 2750 2770 2776 
3 2757 2772 2773 
3 2561 2164 3195 
3 2794 2791 2105 
3 2784 2958 2800 
3 2796 2802 2806 
3 2799 2806 2808 
3 1781 1999 1528 
3 2589 2097 2573 
3 2565 2568 2094 
3 2789 2804 2793 
3 2555 2304 2111 
3 796 1618 1975 
3 2551 2564 2559 
3 2554 2559 2564 
3 2564 2556 2010 
3 2557 2558 2559 
3 2554 2022 2557 
3 2539 1442 2357 
3 1377 1986 1439 
3 1410 2632 2634 
3 2634 2632 2385 
3 2622 2584 2665 
3 2010 2554 2564 
3 2010 2556 2024 
3 2006 2024 2556 
3 2006 2007 2024 
3 1439 1986 1421 
3 2559 2554 2557 
3 2834 2837 2840 
3 2833 2834 2839 
3 2824 2836 2841 
3 1943 2026 1982 
3 1901 1957 1938 
3 1901 1938 1942 
3 1901 1942 1943 
3 1901 1943 1912 
3 1901 1912 1927 
3 1901 1927 1957 
3 1927 1966 1957 
3 1927 1961 1955 
3 1927 1955 1966 
3 1928 1955 1961 
3 1836 1853 1928 
3 1836 1928 1902 
3 1836 1902 1970 
3 1811 1836 1970 
3 1811 1970 1969 
3 1851 1969 1908 
3 1851 1908 1959 
3 1936 1959 1908 
3 1936 2008 1939 
3 1936 1939 1937 
3 1937 1939 2020 
3 1937 2020 1995 
3 1849 1995 1994 
3 1849 1994 1953 
3 1849 1953 2070 
3 1799 2070 2076 
3 1994 1995 2020 
3 1958 1994 2020 
3 2003 2008 2014 
3 2003 2014 2018 
3 2003 2016 2008 
3 1924 1987 1979 
3 1924 1979 1964 
3 1924 1964 1982 
3 1939 2008 2016 
3 1939 2016 2021 
3 1939 2021 2020 
3 1908 1969 2014 
3 1908 2014 2008 
3 1908 2008 1936 
3 1930 1970 1979 
3 1930 1979 1987 
3 1930 1987 2018 
3 1930 2018 2014 
3 1930 2014 1969 
3 1930 1969 1970 
3 1902 1928 1961 
3 1902 1961 1964 
3 1902 1964 1979 
3 1902 1979 1970 
3 1853 1874 1928 
3 1874 1966 1955 
3 1874 1955 1928 
3 1810 1828 1913 
3 1810 1913 1966 
3 1810 1966 1874 
3 1913 1957 1966 
3 1838 1965 1923 
3 1838 1923 1938 
3 1838 1938 1957 
3 1838 1957 1913 
3 1838 1913 1848 
3 1838 1848 1965 
3 1923 1950 1948 
3 1923 1948 1941 
3 1923 1941 1938 
3 1923 1965 1950 
3 1941 1978 1942 
3 1914 1948 1915 
3 1914 1915 1998 
3 1914 1978 1941 
3 1914 1941 1948 
3 1962 1993 1985 
3 1954 1985 1940 
3 1980 1906 2022 
3 1904 1954 1973 
3 1904 1973 1980 
3 1357 1379 1430 
3 2562 2022 1906 
3 2746 1988 11 
3 2672 3199 2669 
3 1760 2133 3399 
3 3174 1212 448 
3 1983 1358 1903 
3 1563 2310 2319 
3 1102 1903 1380 
3 1380 1903 1358 
3 1773 2146 666 
3 1818 3210 3209 
3 1742 1142 1528 
3 1956 1833 3063 
3 1833 1956 1880 
3 1880 1956 1909 
3 1880 1909 1886 
3 1886 1909 1976 
3 1886 1976 1945 
3 1866 1886 1872 
3 1872 1886 1945 
3 1872 1945 1929 
3 1872 1929 1990 
3 1845 1990 1929 
3 1845 1929 1977 
3 1845 1977 1965 
3 1845 1965 1848 
3 1845 1848 1852 
3 1845 1852 1990 
3 1932 1950 1977 
3 1932 1977 1984 
3 1932 1984 1933 
3 1921 1932 1933 
3 1921 1933 1944 
3 1921 1944 1993 
3 11 1988 805 
3 1917 1949 1973 
3 1917 1940 1944 
3 1917 1944 1922 
3 1917 1922 1919 
3 1917 1919 1949 
3 1919 1925 1949 
3 1919 1922 1963 
3 1919 1963 1951 
3 1919 1951 1925 
3 1935 1976 1963 
3 1935 1984 1945 
3 1935 1945 1976 
3 1925 1951 1946 
3 1925 1946 1910 
3 1925 1910 1981 
3 1972 1905 1947 
3 1947 1906 1972 
3 814 2331 3397 
3 3235 532 2699 
3 1972 1981 1905 
3 1949 1972 1980 
3 1949 1980 1973 
3 1949 1981 1972 
3 2543 2825 2606 
3 1949 1925 1981 
3 1922 1933 1935 
3 1922 1935 1963 
3 1922 1944 1933 
3 1933 1984 1935 
3 1929 1945 1984 
3 1929 1984 1977 
3 1909 1963 1976 
3 1909 1956 1951 
3 1909 1951 1963 
3 1946 1951 1956 
3 1478 1509 3206 
3 2173 1946 1956 
3 1946 2173 2497 
3 2534 2595 2596 
3 1983 1378 1365 
3 799 1910 1888 
3 799 1905 1981 
3 799 1981 1910 
3 1947 1974 1906 
3 1357 1374 1379 
3 2331 2357 3397 
3 1974 1975 2562 
3 2562 2557 2022 
3 1967 2388 1614 
3 1405 2539 2843 
3 1906 1980 1972 
3 1405 2586 4 
3 2317 2316 2354 
3 1973 1940 1917 
3 1940 1973 1954 
3 1940 1985 1993 
3 1940 1993 1944 
3 1911 1921 1993 
3 1911 1993 1962 
3 1911 1962 1931 
3 1911 1931 1915 
3 1907 1948 1950 
3 1907 1950 1932 
3 1907 1932 1921 
3 1907 1921 1911 
3 1907 1911 1915 
3 1907 1915 1948 
3 1950 1965 1977 
3 1828 1848 1913 
3 1938 1941 1942 
3 1912 1943 1982 
3 1912 1982 1964 
3 1912 1964 1961 
3 1912 1961 1927 
3 1942 1978 2004 
3 1942 2004 1943 
3 829 830 3336 
3 833 3331 862 
3 834 862 3349 
3 832 834 837 
3 174 178 193 
3 174 191 175 
3 173 193 178 
3 169 173 3347 
3 169 3347 182 
3 180 182 3344 
3 170 3342 199 
3 170 180 3344 
3 199 3340 214 
3 176 213 3345 
3 171 179 3369 
3 3346 3350 3353 
3 187 3353 3368 
3 177 188 195 
3 172 195 190 
3 189 190 214 
3 175 191 3348 
3 175 3348 3338 
3 801 3371 3375 
3 2922 1960 1443 
3 785 3372 793 
3 793 798 778 
3 795 798 811 
3 795 811 807 
3 1991 2869 2663 
3 790 1888 807 
3 790 807 811 
3 790 811 804 
3 3187 3209 3210 
3 790 799 1888 
3 1974 3295 1975 
3 2544 2626 2516 
3 2519 796 1975 
3 806 3295 1974 
3 791 801 3375 
3 791 3375 3292 
3 948 808 2719 
3 3238 3289 2163 
3 2567 805 1988 
3 801 791 794 
3 791 3292 810 
3 791 810 804 
3 2719 808 2167 
3 3294 810 3292 
3 803 2098 2096 
3 2098 803 2093 
3 2398 809 2444 
3 2444 809 2423 
3 806 1974 1947 
3 797 3294 806 
3 797 806 1947 
3 797 1947 1905 
3 797 810 3294 
3 789 1905 799 
3 789 799 790 
3 789 790 804 
3 789 804 810 
3 789 810 797 
3 789 797 1905 
3 807 1888 3201 
3 807 3201 3202 
3 794 791 804 
3 794 804 811 
3 794 811 798 
3 2823 805 2869 
3 794 793 801 
3 793 794 798 
3 793 3372 1180 
3 3371 1180 3377 
3 1865 2496 2531 
3 2644 2657 2686 
3 614 619 624 
3 588 646 621 
3 642 651 671 
3 628 668 648 
3 629 647 657 
3 647 650 688 
3 2581 2693 3197 
3 1042 650 3284 
3 602 629 644 
3 602 644 628 
3 648 668 671 
3 622 651 642 
3 622 642 660 
3 622 660 626 
3 606 626 613 
3 619 621 624 
3 610 614 633 
3 2548 636 3031 
3 2762 866 2666 
3 866 2646 2666 
3 3026 3024 3104 
3 3022 3026 3104 
3 920 924 945 
3 954 980 965 
3 954 957 989 
3 957 971 995 
3 956 995 971 
3 956 971 972 
3 956 972 958 
3 966 998 968 
3 966 997 1002 
3 997 996 3287 
3 968 998 1004 
3 928 1004 994 
3 928 968 1004 
3 922 994 958 
3 959 980 981 
3 947 981 951 
3 947 951 950 
3 947 959 981 
3 950 1000 969 
3 950 969 964 
3 950 951 1000 
3 952 1005 955 
3 952 964 969 
3 952 969 1005 
3 926 952 955 
3 924 955 945 
3 924 926 955 
3 916 924 920 
3 3026 927 3045 
3 1039 2933 3030 
3 2940 3028 1535 
3 1692 2767 1934 
3 1647 1034 1158 
3 2550 2564 2551 
3 2006 2556 2550 
3 2566 2729 2565 
3 603 2654 1490 
3 3202 3232 774 
3 1152 2702 2545 
3 2868 2870 2874 
3 2868 2874 2871 
3 1165 931 3253 
3 2555 1406 2317 
3 2670 2716 993 
3 2864 2871 2866 
3 2726 2865 2732 
3 2725 2726 2732 
3 3086 1221 3065 
3 1182 2743 1203 
3 1203 2743 1206 
3 2731 2734 2742 
3 2724 2739 2738 
3 2744 2760 2745 
3 2745 2760 2747 
3 2737 2747 2752 
3 2737 2752 2749 
3 2741 2749 2748 
3 2575 1589 2383 
3 2589 2513 2097 
3 2400 2135 2140 
3 2133 1760 2510 
3 2775 2776 2777 
3 2772 2782 2773 
3 859 2109 3200 
3 2772 2775 2782 
3 2757 2773 2771 
3 2758 3226 3075 
3 1645 818 1823 
3 666 2580 1773 
3 3047 3051 2655 
3 3113 3207 2569 
3 839 2649 3046 
3 2781 2786 2796 
3 2785 2799 2789 
3 2781 2796 2806 
3 2780 2806 2799 
3 2795 2768 2779 
3 2787 2768 2795 
3 3224 3063 3209 
3 2801 2796 2786 
3 2801 2794 2105 
3 2789 2793 2795 
3 2789 2799 2804 
3 618 684 2124 
3 2124 666 618 
3 1071 2958 2623 
3 2724 2731 2739 
3 2723 2738 2744 
3 2733 2737 2749 
3 2733 2749 2741 
3 2723 2744 2730 
3 2728 2646 866 
3 2730 2744 2745 
3 2729 2733 2741 
3 2565 2729 2568 
3 2550 2556 2564 
3 1853 1875 1874 
3 1810 1864 1828 
3 1810 1874 1875 
3 1810 1875 1864 
3 1828 1864 1873 
3 1828 1873 1878 
3 1828 1878 1848 
3 1848 1878 1852 
3 1852 1882 1990 
3 1826 1892 1882 
3 1826 1882 1852 
3 1826 1852 1878 
3 1826 1878 1900 
3 1826 1900 1887 
3 1826 1887 1892 
3 1887 1900 1893 
3 1887 1893 1889 
3 1812 1889 1894 
3 1812 1894 1835 
3 1812 1835 1870 
3 1812 1870 1892 
3 1812 1892 1887 
3 1812 1887 1889 
3 1837 1870 1867 
3 1837 1882 1892 
3 1837 1892 1870 
3 1814 1866 1872 
3 1814 1872 1990 
3 1814 1990 1882 
3 1814 1882 1837 
3 1833 1880 1832 
3 1952 2533 2531 
3 2528 1971 2535 
3 1934 796 2585 
3 2497 1910 1946 
3 3217 1700 500 
3 3107 2524 3108 
3 1570 1896 1807 
3 1824 500 824 
3 1715 1624 1824 
3 1539 2801 2797 
3 2817 1743 2819 
3 1813 2817 2816 
3 1827 1883 1876 
3 1800 1876 1885 
3 1741 1800 1885 
3 1741 1885 1894 
3 1721 1741 1894 
3 1721 1894 1889 
3 1721 1889 1855 
3 1855 1716 1752 
3 1716 1855 3211 
3 3211 1843 1758 
3 1843 1856 1897 
3 1834 1843 1897 
3 1859 1877 1863 
3 1859 1863 1891 
3 1859 1891 1881 
3 1774 1858 1829 
3 1774 1829 1884 
3 1774 1884 1989 
3 1738 1774 1989 
3 1738 1989 1879 
3 1709 1738 1879 
3 1709 1879 1895 
3 1895 1937 1995 
3 1766 1895 1995 
3 1766 1995 1849 
3 1766 1849 1772 
3 1713 1772 1849 
3 1713 1849 2070 
3 1713 2070 1799 
3 1851 1959 1989 
3 1851 1989 1884 
3 1844 1969 1851 
3 1844 1851 1884 
3 1879 1989 1959 
3 1879 1959 1936 
3 1879 1936 1937 
3 1879 1937 1895 
3 1829 1858 1881 
3 1829 1881 1840 
3 1829 1840 1844 
3 1829 1844 1884 
3 1840 1881 1891 
3 1819 1864 1875 
3 1819 1875 1842 
3 1819 1842 1863 
3 1819 1863 1822 
3 1816 1873 1864 
3 1816 1864 1819 
3 1816 1819 1822 
3 1816 1822 1897 
3 1809 1897 1856 
3 1809 1856 1893 
3 1809 1893 1900 
3 1809 1900 1873 
3 1809 1873 1816 
3 1809 1816 1897 
3 1822 1863 1877 
3 1822 1877 1834 
3 1822 1834 1897 
3 1855 1889 1893 
3 1855 1893 1856 
3 1821 1876 1883 
3 1821 1883 1862 
3 1821 1862 1854 
3 1821 1854 1835 
3 1821 1835 1885 
3 1821 1885 1876 
3 1807 1846 1570 
3 1831 1867 1854 
3 1831 1854 1862 
3 1820 1860 1832 
3 1820 1867 1831 
3 1820 1831 1860 
3 1830 3210 1818 
3 2625 2629 2615 
3 1860 1831 1846 
3 779 1805 1869 
3 779 1807 1805 
3 1861 1650 1462 
3 1805 1830 1869 
3 1869 1860 779 
3 1817 1570 1862 
3 3232 3202 3224 
3 1817 1862 1883 
3 1817 1883 1827 
3 1827 1850 1533 
3 2822 2831 2817 
3 3176 3182 3163 
3 1610 2169 639 
3 1861 1896 1890 
3 1839 1817 1827 
3 792 1890 1896 
3 1850 1857 1533 
3 1857 1850 1712 
3 1700 1890 2653 
3 500 1824 1699 
3 822 1857 1715 
3 792 1570 1817 
3 824 1715 1824 
3 1650 1898 1462 
3 1899 3210 1830 
3 1462 1830 1805 
3 1462 1805 1861 
3 1890 1650 1861 
3 1533 1839 1827 
3 358 2677 1152 
3 358 2672 2677 
3 1899 1462 1898 
3 2094 2510 2095 
3 1971 2534 1865 
3 135 3226 2758 
3 3286 2562 1618 
3 3213 1841 503 
3 3056 672 2665 
3 3209 3063 1818 
3 1833 1818 3063 
3 1818 1833 1869 
3 1818 1869 1830 
3 1869 1833 1832 
3 1832 1860 1869 
3 1808 1832 1880 
3 1808 1880 1886 
3 1808 1886 1866 
3 1808 1820 1832 
3 1806 1820 1808 
3 1806 1808 1866 
3 1806 1866 1814 
3 1806 1814 1837 
3 1806 1837 1867 
3 1806 1867 1820 
3 1854 1867 1870 
3 1835 1854 1870 
3 1835 1894 1885 
3 1873 1900 1878 
3 1842 1891 1863 
3 1842 1875 1853 
3 1815 1842 1853 
3 1815 1853 1836 
3 1815 1840 1891 
3 1815 1891 1842 
3 1811 1840 1815 
3 1811 1815 1836 
3 1811 1969 1844 
3 1811 1844 1840 
3 829 3336 833 
3 826 833 862 
3 233 862 834 
3 233 834 235 
3 235 834 832 
3 192 219 193 
3 180 212 182 
3 211 214 218 
3 207 231 213 
3 171 3346 185 
3 179 196 194 
3 188 213 215 
3 188 215 220 
3 195 220 201 
3 190 201 218 
3 199 211 209 
3 170 209 200 
3 169 182 212 
3 169 212 198 
3 169 198 192 
3 169 192 173 
3 173 192 193 
3 193 219 197 
3 174 193 197 
3 174 197 191 
3 191 197 216 
3 191 216 832 
3 191 832 3348 
3 170 199 209 
3 170 200 180 
3 199 214 211 
3 190 195 201 
3 190 218 214 
3 188 3345 213 
3 188 220 195 
3 179 194 186 
3 171 3350 3346 
3 171 196 179 
3 187 3368 3361 
3 187 3346 3353 
3 1451 3363 2635 
3 3363 1443 1719 
3 184 183 204 
3 184 3367 202 
3 184 3361 222 
3 184 3360 3367 
3 202 3367 3372 
3 186 194 207 
3 176 186 207 
3 176 207 213 
3 3243 1960 0 
3 3238 2163 1868 
3 3202 795 807 
3 592 614 610 
3 604 610 616 
3 596 604 616 
3 596 616 612 
3 596 612 597 
3 597 612 615 
3 591 597 615 
3 591 615 607 
3 591 607 593 
3 593 607 623 
3 589 593 623 
3 623 632 598 
3 598 589 623 
3 3022 598 632 
3 2545 2532 1152 
3 619 620 621 
3 588 606 613 
3 588 621 620 
3 608 647 629 
3 638 648 671 
3 638 671 651 
3 611 622 626 
3 594 619 614 
3 3104 3227 867 
3 920 945 977 
3 945 955 983 
3 951 981 985 
3 956 958 979 
3 956 975 995 
3 958 994 1035 
3 988 994 1004 
3 998 1002 427 
3 998 1028 1004 
3 991 996 1003 
3 3287 1048 1023 
3 3287 1002 997 
3 1032 978 991 
3 991 1003 1032 
3 1066 1087 1080 
3 2567 2663 2869 
3 1084 1107 3203 
3 1122 1711 2577 
3 1783 1770 1871 
3 650 1042 688 
3 973 931 967 
3 1032 999 395 
3 999 1032 1003 
3 1847 2643 2663 
3 966 1002 998 
3 957 995 989 
3 954 989 986 
3 954 986 980 
3 980 986 990 
3 980 990 981 
3 969 1000 987 
3 969 987 1005 
3 955 1005 983 
3 3284 3196 386 
3 946 949 3024 
3 3284 1165 3194 
3 2095 1364 2476 
3 2736 2740 2865 
3 2732 2865 2740 
3 2566 2725 2729 
3 2730 2736 2861 
3 2730 2861 2866 
3 2514 2373 2372 
3 2514 2290 2579 
3 2723 2866 2871 
3 2727 2874 2870 
3 2727 2870 2728 
3 2360 2579 2371 
3 2727 2734 2731 
3 2723 2724 2738 
3 2740 2745 2747 
3 2737 2740 2747 
3 1215 532 2645 
3 2751 2791 2770 
3 2771 2779 2759 
3 2759 2768 2753 
3 2578 2753 2768 
3 685 2635 3285 
3 2783 2807 1539 
3 2775 2777 2782 
3 817 309 3252 
3 2921 2923 2647 
3 3052 9 2709 
3 2167 2156 2622 
3 2779 2785 2789 
3 2786 2776 2794 
3 2794 2801 2786 
3 2780 2799 2785 
3 2780 2781 2806 
3 2779 2789 2795 
3 3063 3224 2173 
3 2724 2874 2731 
3 2165 2823 2869 
3 2764 2675 1225 
3 3187 774 3232 
3 2516 420 2627 
3 2730 2745 2736 
3 2727 2731 2874 
3 2736 2745 2740 
3 2732 2740 2737 
3 2732 2737 2733 
3 1650 1890 1700 
3 3223 774 3187 
3 1807 779 1846 
3 1839 792 1817 
3 3216 775 2984 
3 3105 3030 3027 
3 3207 3113 802 
3 3215 352 776 
3 413 770 802 
3 2469 813 1381 
3 3204 815 2569 
3 967 992 1093 
3 2653 792 1839 
3 1862 1846 1831 
3 1 3244 1413 
3 1759 2792 3112 
3 2792 1759 2618 
3 1841 3213 1898 
3 1624 1715 1787 
3 1787 1715 1857 
3 1898 3213 3220 
3 1898 3220 1899 
3 1899 3220 3221 
3 3221 3210 1899 
3 3210 3221 3187 
3 3218 2436 2420 
3 3225 2457 2028 
3 2436 3218 5 
3 3213 3219 780 
3 3219 3213 503 
3 3217 1699 464 
3 503 464 3204 
3 1448 8 1731 
3 506 3229 781 
3 3204 3219 503 
3 2569 3207 3219 
3 3219 3204 2569 
3 2457 3225 3326 
3 3249 3215 413 
3 780 3216 3220 
3 780 3219 3207 
3 780 3207 775 
3 780 3220 3213 
3 3212 2354 2321 
3 3221 3220 3216 
3 3221 3216 3223 
3 3224 3209 3232 
3 2825 2543 1825 
3 1722 2150 2137 
3 2354 3212 3397 
3 3187 3221 3223 
3 1839 822 2653 
3 1846 779 1860 
3 1712 1787 1857 
3 1807 1861 1805 
3 1699 3217 500 
3 1850 1827 1801 
3 1744 2812 2651 
3 206 1547 1920 
3 1538 1712 1850 
3 1710 2835 2819 
3 2835 1710 1798 
3 1508 1767 1800 
3 1508 1800 1763 
3 3205 3352 3354 
3 3352 3205 1555 
3 1221 3086 3058 
3 2714 2622 672 
3 1757 1453 1716 
3 2654 2615 2629 
3 2635 1205 1451 
3 2105 3051 3047 
3 1043 1503 3399 
3 1201 2873 2633 
3 2580 666 2124 
3 2497 2173 3201 
3 1773 3195 2538 
3 1569 2076 2042 
3 1734 2628 2616 
3 382 2636 2639 
3 2792 2618 3299 
3 448 1719 1960 
3 1501 1753 1797 
3 1360 2386 1986 
3 1729 1720 1142 
3 792 2653 1890 
3 1142 1797 1729 
3 1871 1714 1783 
3 1723 2 1714 
3 3086 3065 2482 
3 2662 420 1482 
3 1768 3099 1780 
3 1725 1737 1728 
3 1728 1737 1799 
3 1728 1799 3081 
3 1713 1747 1772 
3 1713 1799 1737 
3 1713 1737 1747 
3 1766 1772 1771 
3 1709 1803 1792 
3 1709 1792 1738 
3 1709 1895 1756 
3 1709 1756 1803 
3 1738 1792 1802 
3 1738 1802 1774 
3 1774 1802 1858 
3 1716 1789 1757 
3 1752 1721 1855 
3 1789 1716 3211 
3 1721 1752 1763 
3 1721 1763 1741 
3 1800 1801 1876 
3 1752 1453 1485 
3 1752 1485 1763 
3 1453 1752 1716 
3 1988 2672 2567 
3 1490 1457 1474 
3 1789 1758 1791 
3 1791 1785 1472 
3 1789 1472 1757 
3 1762 1739 1778 
3 1762 1761 1788 
3 1788 1739 1762 
3 1751 1764 1769 
3 1751 1769 1784 
3 1751 1784 1793 
3 1751 1793 1761 
3 1779 1804 1792 
3 1779 1792 1803 
3 1749 1771 1776 
3 1749 1776 1754 
3 1746 1803 1756 
3 1746 1756 1771 
3 1746 1771 1749 
3 1746 1749 1790 
3 0 2640 2109 
3 1735 1790 1749 
3 1735 1749 1754 
3 3375 3371 3293 
3 382 3053 3061 
3 2580 1149 2668 
3 1797 1753 1729 
3 1468 1720 1790 
3 1720 1729 1790 
3 1707 2511 2577 
3 1729 1753 1740 
3 1790 1735 1468 
3 1735 1780 1397 
3 2618 3109 2546 
3 1797 1510 1501 
3 3185 437 3085 
3 3047 1205 2812 
3 1740 1753 1779 
3 1740 1779 1803 
3 1740 1803 1746 
3 1740 1746 1790 
3 1740 1790 1729 
3 2762 2175 2751 
3 1745 1793 1784 
3 1733 1753 1501 
3 1733 1501 1745 
3 1733 1745 1784 
3 1733 1784 1804 
3 1733 1804 1779 
3 1733 1779 1753 
3 1726 1764 1751 
3 1726 1751 1761 
3 1726 1761 1762 
3 1726 1762 1730 
3 1726 1730 1748 
3 1726 1748 1764 
3 1758 1789 3211 
3 1758 1843 1834 
3 1750 1778 1791 
3 1750 1791 1758 
3 1750 1758 1834 
3 1750 1834 1877 
3 1730 1778 1750 
3 1730 1750 1877 
3 1730 1877 1859 
3 1730 1859 1748 
3 1730 1762 1778 
3 1748 1881 1764 
3 1748 1859 1881 
3 1764 1881 1858 
3 1764 1858 1769 
3 1769 1858 1802 
3 1769 1802 1804 
3 1769 1804 1784 
3 1792 1804 1802 
3 1756 1895 1766 
3 1756 1766 1771 
3 1771 1772 1776 
3 1747 1754 1776 
3 1747 1776 1772 
3 1717 1754 1747 
3 1717 1747 1737 
3 1717 1737 1725 
3 1717 1725 3098 
3 1717 3098 1727 
3 1717 1727 1754 
3 1727 3098 1768 
3 1727 1768 1780 
3 1727 1780 1735 
3 1727 1735 1754 
3 2636 382 1382 
3 1714 3214 3059 
3 3059 1723 1714 
3 3214 1714 1871 
3 770 270 771 
3 802 3113 413 
3 1780 3099 3059 
3 8 473 1457 
3 1797 1742 1510 
3 2797 2105 3047 
3 1482 420 2142 
3 1382 382 3061 
3 1732 2666 2646 
3 1501 1510 1505 
3 1505 1745 1501 
3 1745 1505 1724 
3 2667 2572 1211 
3 1724 1449 1793 
3 1724 1793 1745 
3 1910 2497 1888 
3 1449 1788 1761 
3 1449 1761 1793 
3 1472 1789 1791 
3 1785 1791 1778 
3 1785 1778 1739 
3 1474 1736 603 
3 1528 1999 1770 
3 1763 1485 1508 
3 1843 3211 1856 
3 1800 1741 1763 
3 1801 1800 1767 
3 1767 1538 1801 
3 1856 3211 1855 
3 2639 1798 2483 
3 2819 1743 1710 
3 1827 1876 1801 
3 1850 1801 1538 
3 829 833 3084 
3 826 3084 833 
3 233 828 826 
3 233 826 862 
3 233 235 827 
3 233 827 828 
3 216 261 235 
3 216 235 832 
3 198 212 237 
3 198 260 217 
3 215 231 225 
3 215 230 220 
3 185 265 196 
3 183 227 204 
3 194 229 210 
3 220 230 226 
3 201 220 226 
3 201 226 240 
3 218 240 236 
3 211 236 234 
3 209 234 221 
3 200 209 221 
3 200 221 228 
3 212 228 237 
3 192 198 217 
3 192 217 219 
3 197 219 263 
3 197 263 216 
3 209 211 234 
3 211 218 236 
3 201 240 218 
3 194 196 229 
3 194 210 207 
3 181 185 3346 
3 181 3346 187 
3 181 187 3361 
3 181 3361 204 
3 183 184 202 
3 204 3361 184 
3 202 3372 785 
3 202 205 183 
3 171 185 196 
3 207 210 231 
3 213 231 215 
3 180 200 228 
3 180 228 212 
3 1868 2922 3238 
3 778 785 793 
3 3057 1536 1486 
3 1122 2513 2589 
3 606 611 626 
3 602 609 629 
3 625 650 647 
3 647 608 625 
3 608 629 609 
3 3109 3067 2605 
3 3196 3284 650 
3 650 625 581 
3 1202 3046 1217 
3 601 602 628 
3 601 628 648 
3 573 601 648 
3 573 648 638 
3 578 651 622 
3 578 622 611 
3 583 606 588 
3 583 588 620 
3 605 620 619 
3 592 594 614 
3 592 610 604 
3 617 984 607 
3 953 2945 2942 
3 3025 1033 2966 
3 976 1031 1000 
3 985 990 1008 
3 986 1021 990 
3 986 989 1029 
3 982 1029 989 
3 982 989 995 
3 975 982 995 
3 988 1035 994 
3 988 1004 1028 
3 978 1048 991 
3 1023 1002 3287 
3 427 1028 998 
3 958 1035 979 
3 956 979 975 
3 981 990 985 
3 951 985 976 
3 951 976 1000 
3 987 1015 1005 
3 987 1000 1031 
3 987 1031 1015 
3 983 1005 1015 
3 983 1015 1033 
3 953 977 3025 
3 3025 983 1033 
3 1017 977 953 
3 977 949 2947 
3 916 2947 1535 
3 1017 3024 949 
3 949 977 1017 
3 2558 3286 2767 
3 2565 2476 2566 
3 3232 3209 3187 
3 2830 2646 2728 
3 2723 2871 2724 
3 2724 2871 2874 
3 2723 2730 2866 
3 2725 2732 2733 
3 2725 2733 2729 
3 1719 3285 3363 
3 816 110 3252 
3 2770 2791 2794 
3 2807 2783 2809 
3 2773 2782 2780 
3 2771 2785 2779 
3 2791 2751 2175 
3 2771 2773 2785 
3 2578 2768 2767 
3 2794 2776 2770 
3 2777 2776 2786 
3 2780 2782 2781 
3 2777 2786 2781 
3 1543 2790 2612 
3 2767 2768 2787 
3 3216 780 775 
3 3030 3105 3029 
3 1381 813 2505 
3 352 3215 3236 
3 3116 1550 3134 
3 3134 1550 3144 
3 3215 3249 1078 
3 1624 1787 1578 
3 3075 1823 2758 
3 1518 2758 818 
3 1787 1712 1492 
3 2112 1487 2477 
3 135 1518 3107 
3 1492 1712 1534 
3 1542 1519 1520 
3 1544 1573 1561 
3 1460 1475 1545 
3 1460 1545 1702 
3 1460 1561 1497 
3 1460 1497 1475 
3 1545 1558 1562 
3 1545 1562 1631 
3 1459 1566 1470 
3 1459 1470 1479 
3 1459 1479 1609 
3 1496 1620 1525 
3 1496 1525 1549 
3 1530 1498 1668 
3 1530 1690 1622 
3 1530 1622 1531 
3 2513 1122 7 
3 1455 1117 1113 
3 2790 639 2769 
3 1455 1681 1564 
3 492 1444 1463 
3 1486 1536 1469 
3 1437 1796 1404 
3 1783 2 1444 
3 1553 3049 3048 
3 1742 1516 1510 
3 3119 1480 3146 
3 2515 1541 2546 
3 1541 2507 3297 
3 3222 135 3107 
3 1522 2112 2571 
3 3399 1503 1760 
3 1548 1472 1155 
3 1472 1548 1757 
3 2510 2132 2133 
3 2571 1456 1522 
3 2126 1574 1456 
3 2807 2796 2801 
3 2477 1517 2112 
3 1574 1527 2574 
3 1517 2096 2107 
3 1610 2175 2762 
3 3107 1518 110 
3 106 1645 1823 
3 1538 1767 3246 
3 2574 1527 2094 
3 1520 1573 1542 
3 1520 1485 1557 
3 1548 1558 1475 
3 1 1824 1624 
3 1489 1572 1565 
3 1565 1466 1494 
3 1494 1489 1565 
3 1467 1494 1504 
3 1467 1504 1488 
3 1467 1488 1526 
3 1488 1537 1526 
3 1488 1788 1449 
3 1449 1537 1488 
3 1502 1537 1524 
3 1502 1524 1513 
3 1502 1526 1537 
3 1465 1526 1502 
3 1465 1560 1532 
3 1512 1532 1560 
3 1512 1560 1556 
3 1512 1556 1525 
3 1556 1560 1567 
3 1446 1450 1471 
3 1446 1471 1484 
3 1446 1484 1476 
3 1446 1476 1567 
3 1446 1567 1546 
3 1446 1546 1450 
3 1484 1515 1529 
3 1484 1529 1559 
3 1529 1531 1559 
3 1469 1515 1477 
3 1469 1477 1486 
3 106 3072 1645 
3 1486 777 3057 
3 1469 1553 1575 
3 1469 1575 1515 
3 492 1500 3057 
3 1839 1533 822 
3 1452 1528 1770 
3 2842 3065 1182 
3 1521 1509 1452 
3 1796 2339 2338 
3 1521 1452 1770 
3 2811 2656 1744 
3 2735 2120 3235 
3 1770 1783 1521 
3 1451 1491 2631 
3 1205 3047 2655 
3 1432 2620 1437 
3 2142 473 1482 
3 2612 1490 2654 
3 1511 1516 2998 
3 2656 1813 2783 
3 119 3076 3251 
3 1511 1513 1495 
3 1511 1495 1516 
3 1742 1528 1552 
3 1511 1546 1513 
3 925 1535 3028 
3 1452 1552 1528 
3 1452 1509 865 
3 3206 777 1478 
3 1571 1509 1478 
3 1478 1477 1571 
3 3049 3054 3048 
3 1498 1575 548 
3 1575 1553 548 
3 1478 1486 1477 
3 3057 3060 1536 
3 548 1507 1498 
3 3285 3053 685 
3 1509 1521 3206 
3 1536 1554 1553 
3 1515 1575 1529 
3 1471 1477 1515 
3 1471 1515 1484 
3 1471 1571 1477 
3 1450 1546 1511 
3 1450 1511 2998 
3 492 1463 1500 
3 1450 1571 1471 
3 1476 1484 1559 
3 1476 1559 1549 
3 1476 1549 1556 
3 1476 1556 1567 
3 1461 1532 1470 
3 1461 1470 1499 
3 1445 1513 1546 
3 1445 1546 1567 
3 1445 1567 1560 
3 1445 1560 1465 
3 1445 1465 1502 
3 1445 1502 1513 
3 1535 3288 2940 
3 1537 1449 1724 
3 1454 1458 1467 
3 1454 1467 1526 
3 1454 1526 1465 
3 1454 1465 1532 
3 1454 1532 1461 
3 1454 1461 1458 
3 1458 1489 1494 
3 1458 1494 1467 
3 1458 1461 1499 
3 1458 1499 1473 
3 1458 1473 1489 
3 1565 1558 1155 
3 1466 1504 1494 
3 3189 1506 2721 
3 3193 784 2576 
3 1558 1548 1155 
3 2112 1522 1487 
3 1466 1785 1739 
3 1508 1485 1520 
3 1508 1520 1519 
3 1508 1519 1767 
3 2496 1493 2531 
3 1493 2477 1786 
3 1757 1548 1483 
3 1483 1453 1757 
3 1453 1483 1557 
3 1453 1557 1485 
3 1456 1574 2097 
3 1155 1466 1565 
3 2339 2620 2237 
3 1788 1488 1504 
3 1504 1739 1788 
3 1739 1504 1466 
3 135 3222 3226 
3 1447 2778 2151 
3 382 2639 685 
3 2076 1569 3320 
3 110 816 2524 
3 1524 1495 1513 
3 3146 1480 2488 
3 1724 1524 1537 
3 1524 1724 1505 
3 1524 1505 1495 
3 1495 1505 1510 
3 1495 1510 1516 
3 1463 1444 2 
3 1718 2623 2784 
3 1547 3067 1782 
3 2649 2774 3055 
3 1552 1516 1742 
3 1444 1521 1783 
3 1491 1451 1205 
3 3111 2597 3106 
3 3056 2561 1523 
3 2237 2788 2705 
3 2705 2788 3 
3 3206 1521 1444 
3 2500 2633 769 
3 822 1533 1857 
3 448 1212 800 
3 0 2922 788 
3 1212 3174 3061 
3 1507 548 1564 
3 548 3048 1564 
3 1553 1469 1536 
3 1207 3055 2774 
3 1554 3049 1553 
3 1719 800 3285 
3 1783 1714 2 
3 1888 2497 3201 
3 1066 2959 1087 
3 2676 2761 3228 
3 1681 1507 1564 
3 1720 1468 1781 
3 1564 3054 1455 
3 1507 1668 1498 
3 1668 1507 1681 
3 1668 1627 1530 
3 3048 548 1553 
3 1498 1530 1531 
3 1498 1531 1529 
3 1498 1529 1575 
3 1464 1705 1496 
3 1464 1496 1549 
3 1464 1549 1559 
3 1464 1559 1531 
3 1464 1531 1622 
3 1464 1622 1705 
3 1525 1556 1549 
3 1525 1620 1609 
3 1479 1532 1512 
3 1479 1512 1525 
3 1479 1525 1609 
3 1470 1532 1479 
3 1470 1566 1499 
3 1499 1566 1643 
3 1473 1499 1643 
3 1473 1643 1694 
3 1473 1694 1572 
3 1473 1572 1489 
3 1572 1694 1665 
3 1562 1565 1572 
3 1562 1572 1665 
3 1562 1665 1631 
3 784 3194 3253 
3 1558 1565 1562 
3 1475 1483 1548 
3 1475 1558 1545 
3 1475 1497 1557 
3 1475 1557 1483 
3 1497 1561 1573 
3 1497 1573 1520 
3 1497 1520 1557 
3 1573 1544 1542 
3 1568 1534 3246 
3 3285 2635 3363 
3 1519 1542 1568 
3 2707 116 68 
3 1798 2606 2835 
3 3246 1534 1538 
3 1538 1534 1712 
3 2783 1813 2816 
3 1624 1696 1 
3 1463 2 2999 
3 1463 3248 1500 
3 2561 2665 2164 
3 1551 819 2695 
3 3080 3090 3101 
3 3080 3101 3089 
3 3080 3089 3082 
3 3089 3101 3102 
3 861 3089 3088 
3 3088 3089 3102 
3 3200 1551 835 
3 856 3088 855 
3 855 3088 3102 
3 855 3102 3079 
3 3079 3102 3092 
3 3079 3092 3091 
3 3093 3094 3100 
3 1728 3093 3100 
3 1728 3081 3093 
3 1725 3100 3103 
3 1725 3103 3098 
3 1725 1728 3100 
3 1768 3098 3097 
3 1768 3097 3083 
3 3099 1768 3083 
3 2999 3050 3248 
3 3086 2873 1201 
3 3083 3097 3090 
3 3097 3098 3103 
3 3096 3097 3103 
3 3087 3096 3103 
3 3087 3103 3100 
3 3087 3100 3094 
3 3087 3094 3091 
3 3087 3091 3092 
3 3087 3092 3096 
3 3092 3102 3101 
3 3092 3101 3096 
3 3090 3097 3096 
3 3090 3096 3101 
3 3248 3050 2949 
3 2949 3090 3080 
3 3080 860 2949 
3 3188 64 2160 
3 3085 2158 3185 
3 3248 1463 2999 
3 860 3248 2949 
3 826 828 3095 
3 283 828 827 
3 261 263 277 
3 262 277 263 
3 225 250 230 
3 2590 206 2597 
3 229 265 249 
3 229 249 242 
3 210 242 241 
3 226 230 238 
3 226 238 256 
3 226 256 240 
3 240 256 247 
3 236 240 247 
3 236 247 243 
3 234 236 243 
3 234 243 239 
3 221 234 239 
3 221 239 259 
3 228 259 255 
3 228 255 237 
3 237 255 269 
3 237 269 260 
3 217 260 278 
3 217 278 262 
3 235 261 827 
3 217 262 219 
3 221 259 228 
3 225 231 241 
3 210 229 242 
3 210 241 231 
3 205 251 227 
3 3140 208 786 
3 785 224 205 
3 205 202 785 
3 205 224 251 
3 227 183 205 
3 181 204 203 
3 181 203 223 
3 181 223 185 
3 185 223 265 
3 196 265 229 
3 215 225 230 
3 198 237 260 
3 219 262 263 
3 216 263 261 
3 1229 2645 1184 
3 778 224 785 
3 773 778 798 
3 773 798 795 
3 3024 3026 946 
3 594 605 619 
3 575 594 592 
3 586 592 604 
3 595 604 596 
3 595 596 599 
3 570 599 597 
3 570 597 591 
3 570 591 574 
3 574 591 593 
3 574 593 640 
3 580 537 584 
3 537 580 526 
3 584 589 598 
3 584 598 867 
3 598 3022 867 
3 867 858 584 
3 3057 777 492 
3 596 597 599 
3 583 620 587 
3 578 638 651 
3 600 609 602 
3 600 602 601 
3 572 611 606 
3 572 606 583 
3 946 3288 949 
3 3104 3024 3023 
3 2955 3290 858 
3 2955 2936 3290 
3 976 985 1006 
3 976 1011 1031 
3 982 1026 1029 
3 1009 1027 1035 
3 1014 1028 1040 
3 1084 823 3255 
3 1034 1135 1094 
3 2167 2766 3052 
3 603 1734 2616 
3 1782 1920 1547 
3 1044 1049 395 
3 1042 3194 687 
3 1165 3284 386 
3 978 1032 1049 
3 978 1049 1038 
3 978 1038 1064 
3 3196 782 3203 
3 427 1023 1040 
3 1044 1030 1024 
3 1040 1028 427 
3 988 1028 1014 
3 988 1014 1009 
3 988 1009 1035 
3 979 1035 1027 
3 979 1027 1022 
3 975 979 1022 
3 975 1022 1020 
3 975 1020 982 
3 986 1029 1021 
3 990 1021 1008 
3 985 1008 1006 
3 481 3245 3250 
3 2382 2575 3062 
3 2800 2646 2784 
3 2577 2582 1122 
3 2777 2781 2782 
3 2773 2780 2785 
3 2759 2779 2768 
3 2160 2166 3186 
3 2984 3223 3216 
3 2984 772 773 
3 1781 1528 1142 
3 3140 786 3119 
3 776 328 3254 
3 3254 770 776 
3 328 330 348 
3 328 348 313 
3 313 287 3254 
3 313 348 334 
3 310 313 334 
3 306 310 334 
3 306 369 316 
3 316 349 336 
3 285 336 331 
3 285 331 327 
3 326 327 351 
3 315 326 343 
3 315 343 335 
3 308 315 335 
3 308 335 342 
3 308 342 324 
3 324 342 338 
3 318 338 332 
3 323 332 347 
3 317 347 356 
3 329 356 339 
3 311 339 350 
3 322 337 341 
3 322 341 325 
3 331 336 349 
3 328 776 352 
3 1044 992 386 
3 352 3250 330 
3 330 328 352 
3 2642 769 2667 
3 330 398 348 
3 348 398 377 
3 334 348 377 
3 334 377 370 
3 306 334 370 
3 306 370 369 
3 349 369 372 
3 331 349 333 
3 331 333 353 
3 327 353 351 
3 343 351 380 
3 335 343 367 
3 335 367 363 
3 335 363 342 
3 338 342 365 
3 338 365 355 
3 332 355 346 
3 346 384 347 
3 354 356 366 
3 350 359 361 
3 2654 3043 2612 
3 1500 3248 860 
3 815 1078 3249 
3 2331 814 2560 
3 1030 386 3196 
3 3236 481 3250 
3 1037 2627 2157 
3 2524 3107 110 
3 3107 1555 3222 
3 3244 1696 1680 
3 3244 1680 3208 
3 3241 3229 1638 
3 2389 1614 2381 
3 1707 2588 2511 
3 2560 814 2302 
3 2381 1614 2388 
3 1691 3240 1621 
3 1634 3239 1691 
3 1634 1682 1675 
3 1675 1682 1695 
3 1617 1628 1647 
3 1617 1675 1695 
3 1617 1695 1689 
3 1617 1689 1628 
3 1150 1666 1608 
3 1608 1666 1615 
3 1608 1615 1630 
3 1608 1630 1655 
3 1159 1608 1655 
3 1159 1655 1683 
3 1582 1683 1687 
3 1167 1687 1706 
3 1167 1706 1626 
3 1601 1626 1706 
3 1601 1706 1632 
3 1601 1632 1607 
3 1151 1601 1607 
3 1151 1607 1579 
3 1579 1607 1661 
3 1579 1661 1603 
3 1579 1603 1637 
3 1153 1701 1677 
3 1147 1153 1677 
3 1147 1677 1577 
3 1147 1577 1585 
3 1585 1669 1644 
3 1585 1644 1686 
3 1616 1686 1644 
3 1616 1644 1627 
3 1616 1627 1635 
3 1635 1141 2962 
3 1141 1635 1113 
3 1113 1635 1681 
3 3231 3242 3233 
3 1113 1681 1455 
3 0 1960 2922 
3 1635 1668 1681 
3 1627 1668 1635 
3 1627 1644 1690 
3 1530 1627 1690 
3 1622 1690 1669 
3 1622 1669 1705 
3 1496 1705 1588 
3 1496 1588 1620 
3 1609 1620 1640 
3 1609 1640 1611 
3 1459 1611 1648 
3 1459 1648 1566 
3 1459 1609 1611 
3 1566 1648 1697 
3 1566 1697 1643 
3 1643 1697 1663 
3 1643 1663 1694 
3 1665 1694 1672 
3 1631 1665 1646 
3 1545 1631 1702 
3 1460 1702 1596 
3 1460 1596 1561 
3 1561 1596 1583 
3 1544 1561 1583 
3 1544 1583 1595 
3 1544 1595 1698 
3 1542 1544 1698 
3 1542 1698 1568 
3 1568 1698 1704 
3 1568 1704 1576 
3 1534 1568 1576 
3 1492 1534 1576 
3 1492 1576 1605 
3 1492 1605 1619 
3 1787 1492 1578 
3 1487 2530 1786 
3 1578 1696 1624 
3 1619 1578 1492 
3 1578 1619 1680 
3 1578 1680 1696 
3 1638 1590 1642 
3 1638 1703 3241 
3 1861 1807 1896 
3 1841 1898 1650 
3 1591 1695 1682 
3 1591 1682 1623 
3 1700 1841 1650 
3 1591 1633 1653 
3 1591 1653 1695 
3 1633 1658 1653 
3 1633 1679 1658 
3 1604 1693 1651 
3 1604 1651 1630 
3 1604 1630 1658 
3 1604 1658 1679 
3 1604 1679 1606 
3 1604 1606 1674 
3 1604 1674 1693 
3 1654 1674 1684 
3 1654 1667 1693 
3 1654 1693 1674 
3 1667 1676 1693 
3 1592 1706 1662 
3 1592 1662 1667 
3 1592 1660 1632 
3 1592 1632 1706 
3 1660 1708 1664 
3 1660 1670 1708 
3 1587 1673 1661 
3 1587 1661 1664 
3 1587 1664 1708 
3 1587 1708 1697 
3 1587 1697 1648 
3 1587 1648 1673 
3 1598 1603 1673 
3 1598 1673 1611 
3 1598 1611 1640 
3 1598 1640 1649 
3 1649 1671 1677 
3 1586 1629 1670 
3 1586 1670 1660 
3 1586 1660 1592 
3 1586 1592 1667 
3 1586 1667 1654 
3 1586 1654 1629 
3 1629 1654 1684 
3 1629 1646 1672 
3 1629 1672 1670 
3 1656 1684 1674 
3 1594 1656 1636 
3 1594 1636 1657 
3 1594 1657 1595 
3 1639 1641 1704 
3 1639 1704 1698 
3 1641 1688 1678 
3 1597 1704 1641 
3 1597 1641 1678 
3 1597 1678 1642 
3 1597 1642 1605 
3 1613 1688 1641 
3 1613 1641 1639 
3 1613 1639 1657 
3 1651 1676 1655 
3 1651 1693 1676 
3 1606 1636 1656 
3 1606 1656 1674 
3 1606 1679 1636 
3 1593 1657 1636 
3 1593 1636 1679 
3 1593 1679 1633 
3 1593 1613 1657 
3 1581 1613 1593 
3 1581 1593 1633 
3 1581 1633 1591 
3 1581 1591 1623 
3 1581 1623 1599 
3 1581 1688 1613 
3 1599 1688 1581 
3 1841 1700 3217 
3 1599 1623 1685 
3 1599 1685 1703 
3 1599 1703 1625 
3 1599 1625 1688 
3 1625 1703 1638 
3 1625 1638 1642 
3 1625 1642 1678 
3 1625 1678 1688 
3 1605 1642 1590 
3 1605 1590 1619 
3 1576 1704 1597 
3 1576 1597 1605 
3 1595 1657 1639 
3 1595 1639 1698 
3 1583 1596 1594 
3 1583 1594 1595 
3 1584 1684 1656 
3 1584 1656 1594 
3 1584 1594 1596 
3 1584 1596 1702 
3 1584 1702 1600 
3 1584 1600 1684 
3 1600 1631 1646 
3 1600 1646 1629 
3 1600 1629 1684 
3 1600 1702 1631 
3 1646 1665 1672 
3 1663 1697 1708 
3 1663 1708 1670 
3 1663 1670 1672 
3 1663 1672 1694 
3 1611 1673 1648 
3 1588 1705 1671 
3 1588 1671 1649 
3 1588 1649 1640 
3 1588 1640 1620 
3 1644 1669 1690 
3 1669 1671 1705 
3 1577 1669 1585 
3 1577 1677 1671 
3 1577 1671 1669 
3 1580 1637 1603 
3 1580 1603 1598 
3 1580 1598 1649 
3 1580 1649 1677 
3 1580 1677 1701 
3 1580 1701 1637 
3 1603 1661 1673 
3 1607 1632 1664 
3 1607 1664 1661 
3 1632 1660 1664 
3 1662 1687 1676 
3 1662 1676 1667 
3 1662 1706 1687 
3 1676 1687 1683 
3 1655 1676 1683 
3 1630 1651 1655 
3 1615 1666 1689 
3 1615 1689 1653 
3 1615 1653 1658 
3 1615 1658 1630 
3 1653 1689 1695 
3 1628 1689 1666 
3 1612 1675 1617 
3 1612 1617 1647 
3 1160 3237 1602 
3 1160 1602 1612 
3 825 507 1097 
3 1107 1058 1047 
3 1602 3237 3239 
3 1602 3239 1634 
3 1602 1634 1675 
3 1602 1675 1612 
3 1621 1685 1623 
3 1621 1623 1682 
3 1621 1682 1634 
3 1621 1634 1691 
3 1707 2578 1692 
3 1621 3240 1685 
3 639 2790 1610 
3 1659 2389 2396 
3 2389 1659 1614 
3 3234 1685 3240 
3 2588 1707 1692 
3 1692 2585 2588 
3 2585 1692 1934 
3 3234 3241 1703 
3 3234 1703 1685 
3 1590 1680 1619 
3 1720 1781 1142 
3 1 1699 1824 
3 1590 1638 3229 
3 1590 3229 3208 
3 1590 3208 1680 
3 1696 3244 1 
3 2400 2150 1447 
3 2622 2714 2766 
3 1063 1117 3042 
3 395 992 1044 
3 2657 2644 2702 
3 506 3044 3208 
3 3060 3057 1500 
3 541 3041 469 
3 3083 3050 3099 
3 2998 1552 865 
3 2109 859 0 
3 3055 3058 2649 
3 2695 819 3373 
3 1039 3028 2940 
3 2984 771 772 
3 2612 2790 635 
3 2622 2766 2167 
3 1523 639 2169 
3 3049 2997 2996 
3 1182 3065 1227 
3 1956 3063 2173 
3 3099 3050 1723 
3 2766 2714 9 
3 2617 2120 2735 
3 3054 2996 541 
3 2933 3045 927 
3 1455 3042 1117 
3 861 3082 3089 
3 861 3088 3001 
3 362 3001 856 
3 856 3001 3088 
3 3080 3082 860 
3 831 855 3079 
3 3079 3091 3095 
3 3084 3091 3094 
3 829 3084 3094 
3 829 3093 830 
3 283 836 831 
3 283 831 828 
3 828 831 3095 
3 826 3095 3084 
3 280 283 827 
3 275 303 277 
3 275 278 292 
3 269 288 278 
3 253 256 268 
3 238 250 245 
3 238 268 256 
3 248 267 250 
3 249 258 273 
3 272 252 2505 
3 203 244 232 
3 242 254 246 
3 247 256 253 
3 247 253 264 
3 243 247 264 
3 243 264 257 
3 239 243 257 
3 239 257 282 
3 239 282 259 
3 259 282 286 
3 255 259 286 
3 255 286 274 
3 255 274 269 
3 260 269 278 
3 262 278 275 
3 262 275 277 
3 277 303 280 
3 261 277 280 
3 261 280 827 
3 242 249 254 
3 249 265 258 
3 203 204 227 
3 203 227 244 
3 203 232 223 
3 2505 252 2481 
3 786 208 2472 
3 3140 272 208 
3 224 270 251 
3 2597 206 1920 
3 223 232 258 
3 223 258 265 
3 241 242 246 
3 241 246 248 
3 225 241 248 
3 225 248 250 
3 230 250 238 
3 29 2160 64 
3 769 482 2500 
3 224 778 772 
3 587 620 605 
3 572 577 611 
3 572 583 576 
3 573 579 601 
3 2606 1847 2543 
3 581 3196 650 
3 581 782 3196 
3 569 581 625 
3 569 625 582 
3 582 625 608 
3 582 608 609 
3 567 582 609 
3 567 609 600 
3 579 600 601 
3 571 573 638 
3 571 638 578 
3 577 578 611 
3 563 605 594 
3 563 594 575 
3 575 592 586 
3 586 604 595 
3 858 3227 2955 
3 3090 2949 3083 
3 3044 506 3204 
3 1013 3023 2942 
3 3023 1017 2942 
3 1535 2947 3288 
3 1007 2944 1033 
3 1007 1033 1015 
3 1007 1015 1010 
3 1010 1015 1031 
3 1010 1031 1011 
3 1010 1011 1016 
3 1006 2939 1011 
3 1006 1008 1018 
3 1012 1021 1019 
3 1019 1021 1029 
3 1019 1029 1026 
3 1049 1024 1047 
3 982 1020 1026 
3 1008 1012 1018 
3 1008 1021 1012 
3 976 1006 1011 
3 1033 2944 2966 
3 2966 953 3025 
3 3045 2940 946 
3 1045 1013 2942 
3 2942 2945 1045 
3 946 2940 3288 
3 1736 2142 1916 
3 2761 2852 2709 
3 2676 3228 2581 
3 773 774 3223 
3 773 3223 2984 
3 270 772 771 
3 2573 1115 2589 
3 3119 786 1480 
3 2667 2633 2873 
3 287 251 270 
3 271 251 287 
3 271 313 310 
3 297 310 307 
3 291 307 316 
3 291 316 336 
3 289 291 336 
3 285 289 336 
3 276 285 314 
3 302 314 326 
3 284 302 315 
3 284 315 301 
3 301 315 308 
3 308 324 312 
3 318 319 324 
3 294 318 323 
3 317 321 323 
3 295 329 311 
3 293 311 340 
3 287 313 271 
3 285 327 314 
3 314 327 326 
3 302 326 315 
3 318 324 338 
3 318 332 323 
3 317 323 347 
3 317 356 329 
3 311 329 339 
3 311 350 340 
3 320 340 337 
3 320 337 322 
3 304 322 325 
3 300 304 325 
3 300 325 344 
3 300 344 856 
3 2695 2500 482 
3 306 316 307 
3 306 307 310 
3 316 369 349 
3 327 331 353 
3 326 351 343 
3 332 338 355 
3 332 346 347 
3 347 384 356 
3 339 356 354 
3 339 354 350 
3 340 350 361 
3 337 340 361 
3 337 361 357 
3 337 357 341 
3 341 368 364 
3 344 325 341 
3 344 362 856 
3 330 376 398 
3 333 349 372 
3 351 353 360 
3 351 360 380 
3 343 380 367 
3 342 363 365 
3 346 355 396 
3 356 384 366 
3 354 366 389 
3 354 389 359 
3 350 354 359 
3 359 373 361 
3 357 361 373 
3 341 357 368 
3 1066 2978 2959 
3 2712 2705 2144 
3 3052 2719 2167 
3 364 344 341 
3 344 364 362 
3 362 364 3041 
3 3224 3202 3201 
3 3250 376 330 
3 377 398 394 
3 370 377 375 
3 370 375 378 
3 369 370 378 
3 369 378 372 
3 333 372 371 
3 333 371 391 
3 333 391 353 
3 353 391 360 
3 360 399 380 
3 367 380 393 
3 367 393 374 
3 363 367 374 
3 363 402 365 
3 355 365 385 
3 346 396 384 
3 384 396 406 
3 366 384 406 
3 357 373 407 
3 357 407 368 
3 375 377 394 
3 397 2123 2116 
3 3250 3245 3242 
3 3246 1519 1568 
3 1519 3246 1767 
3 1078 815 781 
3 1413 1699 1 
3 3208 3229 506 
3 865 1552 1452 
3 2998 1571 1450 
3 2578 1707 2748 
3 3230 3234 3240 
3 2636 2643 2639 
3 1991 2643 2636 
3 3174 448 3243 
3 3240 1691 481 
3 3245 3233 3242 
3 3231 3233 507 
3 507 825 3231 
3 3237 1169 507 
3 1691 3239 3245 
3 2645 2120 812 
3 1225 1991 2636 
3 3233 3245 3239 
3 3233 3239 3237 
3 507 3233 3237 
3 2699 2823 3235 
3 1225 1382 2764 
3 1013 3227 3023 
3 2605 2600 3109 
3 2383 1589 2389 
3 3247 2681 2700 
3 2681 3247 2683 
3 1162 1628 1666 
3 1150 1608 1159 
3 1128 1159 1683 
3 1128 1683 1582 
3 1167 1626 1170 
3 1167 1582 1687 
3 1156 1626 1601 
3 1151 1156 1601 
3 1148 1579 1637 
3 1148 1637 1168 
3 1148 1151 1579 
3 1154 1168 1637 
3 1154 1637 1701 
3 1153 1154 1701 
3 1144 1153 1147 
3 1143 1585 1686 
3 1143 1686 1146 
3 1143 1144 1147 
3 1143 1147 1585 
3 1111 1616 2962 
3 2962 1112 1111 
3 1111 1146 1686 
3 1111 1686 1616 
3 1466 1155 1785 
3 9 3052 2766 
3 771 2984 775 
3 1785 1155 1472 
3 2371 2579 2290 
3 1794 1397 3214 
3 2778 3195 2164 
3 3208 3044 3244 
3 3363 2631 1443 
3 1388 652 2613 
3 2709 2852 3052 
3 2996 3054 3049 
3 1554 861 2997 
3 1552 2998 1516 
3 3050 2999 1723 
3 860 3082 3060 
3 3060 1500 860 
3 2995 2997 3001 
3 362 2995 3001 
3 362 3041 2995 
3 2997 3049 1554 
3 861 1554 3082 
3 861 3001 2997 
3 856 855 836 
3 831 836 855 
3 831 3079 3095 
3 3084 3095 3091 
3 829 3094 3093 
3 830 3093 3081 
3 274 286 295 
3 274 293 288 
3 253 268 312 
3 253 319 264 
3 245 267 284 
3 245 301 268 
3 254 273 289 
3 244 251 271 
3 246 276 279 
3 257 264 294 
3 257 294 321 
3 257 321 282 
3 282 321 296 
3 282 296 286 
3 286 296 295 
3 275 292 305 
3 275 305 303 
3 280 303 298 
3 280 298 283 
3 283 298 836 
3 245 250 267 
3 246 254 276 
3 246 279 248 
3 270 770 287 
3 2675 1775 2617 
3 208 272 813 
3 3368 222 3361 
3 227 251 244 
3 232 244 297 
3 232 297 290 
3 232 290 258 
3 258 290 273 
3 249 273 254 
3 248 279 267 
3 238 245 268 
3 269 274 288 
3 278 288 292 
3 769 2633 2667 
3 772 270 224 
3 771 802 770 
3 772 778 773 
3 773 795 774 
3 774 795 3202 
3 563 585 605 
3 555 575 586 
3 586 595 590 
3 552 595 599 
3 552 599 557 
3 557 599 570 
3 550 557 570 
3 550 570 574 
3 550 574 568 
3 640 568 574 
3 537 568 640 
3 537 589 584 
3 584 529 580 
3 529 584 858 
3 1486 1478 777 
3 556 529 858 
3 576 583 587 
3 553 579 573 
3 553 573 571 
3 566 571 578 
3 566 578 577 
3 560 577 572 
3 585 587 605 
3 1024 3203 1107 
3 3290 556 858 
3 1007 1010 2943 
3 1019 1026 1050 
3 1041 1048 1062 
3 2143 2138 2627 
3 1084 3203 782 
3 2394 2583 2405 
3 2106 2708 2711 
3 1047 1024 1107 
3 2933 1039 3045 
3 1060 1091 1096 
3 1049 1044 1024 
3 1053 1038 1047 
3 1064 1048 978 
3 1048 1064 1062 
3 1023 1048 1041 
3 1023 1041 1040 
3 1040 1041 1065 
3 1014 1040 1065 
3 1014 1065 1036 
3 1009 1014 1036 
3 1009 1036 2941 
3 1009 2941 1027 
3 1027 2941 1061 
3 1022 1027 1061 
3 1020 1022 1061 
3 1020 1061 1059 
3 1020 1059 1026 
3 1006 1018 2939 
3 1011 2939 1016 
3 1184 812 2648 
3 2958 2784 2623 
3 3243 448 1960 
3 2646 2800 1732 
3 222 3360 184 
3 1205 3043 1491 
3 769 835 482 
3 244 271 297 
3 290 297 307 
3 290 307 291 
3 273 290 291 
3 273 291 289 
3 254 289 276 
3 276 314 279 
3 267 279 302 
3 267 302 284 
3 245 284 301 
3 268 301 312 
3 253 312 319 
3 264 319 294 
3 274 295 293 
3 288 293 320 
3 288 320 292 
3 271 310 297 
3 276 289 285 
3 279 314 302 
3 301 308 312 
3 312 324 319 
3 294 319 318 
3 294 323 321 
3 296 321 317 
3 296 317 329 
3 295 296 329 
3 293 295 311 
3 293 340 320 
3 292 320 305 
3 305 320 322 
3 303 305 304 
3 298 303 304 
3 298 304 300 
3 300 856 836 
3 836 298 300 
3 304 305 322 
3 376 415 398 
3 372 378 383 
3 360 391 390 
3 380 399 393 
3 363 374 402 
3 365 402 385 
3 385 403 396 
3 355 385 396 
3 366 406 405 
3 366 405 389 
3 389 431 409 
3 359 389 409 
3 359 409 373 
3 373 409 400 
3 373 400 407 
3 8 299 473 
3 1152 1847 358 
3 2659 2700 2100 
3 2100 2686 2657 
3 1072 1076 1108 
3 2123 397 2104 
3 3242 434 376 
3 434 415 376 
3 376 3250 3242 
3 394 398 415 
3 776 413 3215 
3 375 394 414 
3 375 414 411 
3 375 411 378 
3 378 411 383 
3 371 372 383 
3 371 392 391 
3 390 391 392 
3 360 390 399 
3 393 399 401 
3 374 393 401 
3 374 412 402 
3 385 402 421 
3 396 403 404 
3 396 404 406 
3 389 405 431 
3 364 410 3041 
3 1354 0 788 
3 1060 1058 1091 
3 3250 352 3236 
3 1078 3230 3215 
3 781 815 506 
3 2654 2629 3043 
3 1078 3234 3230 
3 481 3230 3240 
3 2721 1506 1272 
3 1138 1097 1169 
3 1150 1157 1162 
3 1150 1162 1666 
3 1150 1159 1161 
3 1150 1161 1157 
3 1128 1161 1159 
3 1128 1582 1131 
3 1131 1582 1133 
3 1133 1582 1167 
3 1133 1167 1170 
3 1125 1170 1156 
3 1116 1125 1156 
3 1116 1156 1151 
3 1116 1151 1148 
3 1144 1166 1153 
3 1120 1144 1143 
3 1153 1166 1154 
3 1156 1170 1626 
3 1162 1163 1628 
3 1160 1169 3237 
3 1846 1862 1570 
3 2767 1692 2578 
3 1139 1169 1160 
3 1139 1160 1158 
3 1158 1160 1612 
3 1158 1612 1647 
3 1163 1126 1034 
3 1163 1647 1628 
3 2405 2583 2376 
3 865 1571 2998 
3 469 3042 541 
3 2967 1063 454 
3 379 417 444 
3 379 863 410 
3 8 1457 1731 
3 417 426 442 
3 425 445 426 
3 424 430 451 
3 424 441 425 
3 424 425 431 
3 423 451 430 
3 416 450 421 
3 418 422 452 
3 1165 967 931 
3 415 434 438 
3 392 429 422 
3 401 462 436 
3 412 436 440 
3 412 440 416 
3 421 450 433 
3 404 433 423 
3 404 423 430 
3 1049 1032 395 
3 410 469 3041 
3 3059 3214 1397 
3 1206 3064 844 
3 2655 1543 2612 
3 379 368 407 
3 379 410 368 
3 400 409 426 
3 400 417 407 
3 404 430 406 
3 390 418 399 
3 394 415 414 
3 371 383 387 
3 371 387 392 
3 399 418 401 
3 374 401 412 
3 402 412 416 
3 402 416 421 
3 385 421 403 
3 405 406 430 
3 405 430 424 
3 405 424 431 
3 409 431 425 
3 409 425 426 
3 407 417 379 
3 364 368 410 
3 2657 2677 2659 
3 3046 1216 1001 
3 2995 3041 541 
3 2997 2995 2996 
3 3060 3082 1554 
3 859 3243 0 
3 3030 3028 1039 
3 559 563 575 
3 555 559 575 
3 555 586 590 
3 552 590 595 
3 560 572 576 
3 553 571 558 
3 569 3198 581 
3 581 3198 782 
3 565 569 582 
3 565 582 567 
3 561 567 600 
3 561 600 579 
3 539 561 579 
3 539 579 553 
3 558 571 566 
3 538 566 577 
3 538 577 560 
3 562 576 587 
3 562 587 585 
3 3245 481 1691 
3 2310 1563 2320 
3 3023 3227 3104 
3 2767 3286 1934 
3 1455 541 3042 
3 2932 556 3290 
3 3083 2949 3050 
3 2942 1017 953 
3 1017 3023 3024 
3 1112 2962 1141 
3 1045 2936 1013 
3 3026 3022 927 
3 2962 1616 1635 
3 1016 2963 2943 
3 1016 2939 1055 
3 1052 1055 2939 
3 1059 1061 2950 
3 1036 1090 2941 
3 1036 1065 1054 
3 1041 2934 1065 
3 1053 1064 1038 
3 999 1093 395 
3 1061 2941 1088 
3 1061 1088 2950 
3 1026 1059 1050 
3 1019 1050 2937 
3 1012 2937 2948 
3 1012 2948 1018 
3 1012 1019 2937 
3 1018 1052 2939 
3 1018 2948 1052 
3 1010 1016 2943 
3 1007 2943 2965 
3 1007 2965 2944 
3 2944 2957 2945 
3 2944 2965 2957 
3 984 656 682 
3 434 3242 3231 
3 3231 476 434 
3 992 967 1165 
3 413 3113 3249 
3 414 415 438 
3 414 438 419 
3 411 414 419 
3 411 419 460 
3 411 460 428 
3 383 411 428 
3 383 428 387 
3 387 429 392 
3 390 392 422 
3 390 422 418 
3 401 418 462 
3 401 436 412 
3 403 421 433 
3 403 433 404 
3 400 426 417 
3 476 3231 825 
3 1001 3176 839 
3 461 438 434 
3 434 476 461 
3 419 438 439 
3 419 458 460 
3 428 460 483 
3 428 483 435 
3 387 428 435 
3 387 435 429 
3 422 429 449 
3 422 449 452 
3 418 452 462 
3 416 440 443 
3 416 443 450 
3 423 433 447 
3 424 451 441 
3 425 441 445 
3 426 445 442 
3 417 442 444 
3 432 436 462 
3 3203 1024 1030 
3 467 3182 3176 
3 481 3236 3230 
3 2597 3111 1354 
3 439 472 458 
3 435 483 494 
3 435 494 453 
3 429 453 449 
3 449 459 452 
3 452 459 474 
3 432 455 440 
3 440 455 443 
3 451 468 479 
3 441 479 471 
3 812 1184 2645 
3 825 823 505 
3 823 825 2983 
3 781 3241 1078 
3 1101 1135 1126 
3 1157 1164 1162 
3 1162 1164 1163 
3 3203 1030 3196 
3 1034 1647 1163 
3 1133 1170 1140 
3 1125 1140 1170 
3 1114 1148 1168 
3 1114 1168 1137 
3 1114 1127 1116 
3 1114 1116 1148 
3 1124 1137 1168 
3 1124 1168 1154 
3 1124 1154 1166 
3 1124 1166 1132 
3 1118 1132 1166 
3 1118 1166 1144 
3 1118 1144 1120 
3 1120 1143 1146 
3 1119 1120 1146 
3 1119 1146 1123 
3 2981 1113 1117 
3 1117 2967 2981 
3 1448 1149 2798 
3 1397 1780 3059 
3 1113 2981 1141 
3 7 1122 2582 
3 1141 2981 2972 
3 1112 1141 2972 
3 1112 2972 2982 
3 1112 2982 1123 
3 1111 1112 1123 
3 1111 1123 1146 
3 1116 1127 1125 
3 1128 1131 1129 
3 1128 1129 1161 
3 1063 469 513 
3 454 854 2967 
3 1215 1229 1213 
3 489 863 379 
3 442 445 470 
3 442 463 444 
3 441 451 479 
3 441 471 445 
3 447 450 457 
3 443 457 450 
3 432 462 474 
3 432 440 436 
3 452 474 462 
3 429 435 453 
3 458 483 460 
3 438 461 439 
3 419 439 458 
3 433 450 447 
3 423 447 468 
3 423 468 451 
3 379 444 489 
3 854 454 2932 
3 509 555 590 
3 551 590 552 
3 549 552 557 
3 545 549 557 
3 545 557 550 
3 530 545 550 
3 530 550 568 
3 526 530 568 
3 526 568 537 
3 534 526 580 
3 529 556 533 
3 529 533 534 
3 580 529 534 
3 823 782 3198 
3 546 565 567 
3 546 567 561 
3 540 560 576 
3 540 576 562 
3 542 562 585 
3 554 585 563 
3 554 563 559 
3 3255 1096 1091 
3 858 867 3227 
3 1091 1058 1107 
3 2692 2676 2581 
3 2148 1435 618 
3 2545 3197 1718 
3 541 2996 2995 
3 1053 1056 1064 
3 1041 1062 2934 
3 1065 2934 1086 
3 1054 1065 1086 
3 1054 1073 1090 
3 1036 1054 1090 
3 1088 2941 1090 
3 1059 2950 2938 
3 1050 1059 2938 
3 1050 2938 2961 
3 1050 2961 2937 
3 1052 2948 2946 
3 1052 2954 1055 
3 1016 1055 2963 
3 2943 2963 2951 
3 2943 2951 2965 
3 2945 2957 2964 
3 2936 2955 1013 
3 2935 2948 2937 
3 1070 2950 1088 
3 1081 1088 1090 
3 1057 2934 1062 
3 1056 1057 1062 
3 1056 1062 1064 
3 1023 427 1002 
3 672 2800 2958 
3 2940 3045 1039 
3 3290 2952 2932 
3 818 2758 1823 
3 458 477 483 
3 449 453 465 
3 449 465 459 
3 432 474 491 
3 432 491 455 
3 443 455 456 
3 443 456 457 
3 447 457 466 
3 447 466 490 
3 447 490 468 
3 468 490 508 
3 468 508 479 
3 471 479 487 
3 445 471 470 
3 442 470 463 
3 444 463 527 
3 863 469 410 
3 464 1413 3044 
3 820 437 467 
3 464 503 3217 
3 1157 2976 1164 
3 1157 1161 2973 
3 1157 2973 2976 
3 1158 1034 1094 
3 3241 781 3229 
3 1047 1038 1049 
3 2983 3255 823 
3 2634 2392 2805 
3 1169 1139 1138 
3 630 1408 2634 
3 983 3025 945 
3 1094 1139 1158 
3 1126 1135 1034 
3 1097 1138 2983 
3 1126 1163 1164 
3 1126 1164 2977 
3 1103 2973 1129 
3 1129 2973 1161 
3 1129 1131 2971 
3 1124 2970 1137 
3 1118 1120 1121 
3 1119 1121 1120 
3 2972 2981 2979 
3 2967 2979 2981 
3 1125 1127 2980 
3 1125 2980 1140 
3 1133 1140 2968 
3 1131 2968 2971 
3 1131 1133 2968 
3 1571 865 1509 
3 1063 3042 469 
3 8 1448 1755 
3 3182 3185 3183 
3 547 559 555 
3 509 590 551 
3 549 551 552 
3 542 585 554 
3 538 544 566 
3 539 553 543 
3 505 823 3198 
3 505 3198 564 
3 564 3198 569 
3 564 569 565 
3 519 564 565 
3 519 565 546 
3 496 546 561 
3 496 561 539 
3 543 553 558 
3 544 558 566 
3 535 544 538 
3 518 538 560 
3 518 560 540 
3 536 540 562 
3 541 1455 3054 
3 949 3288 2947 
3 630 2805 3131 
3 1051 3 2722 
3 1117 1063 2967 
3 1053 1095 1056 
3 1095 1053 1058 
3 1057 1089 2934 
3 1086 2934 1089 
3 1054 1086 1073 
3 1073 1082 1090 
3 1081 1090 1082 
3 1070 1085 2950 
3 1070 1088 1081 
3 2935 2946 2948 
3 2935 2937 2961 
3 1052 2946 2954 
3 1055 1087 2963 
3 1055 2954 1087 
3 2951 2956 2957 
3 2951 2957 2965 
3 2951 2963 2959 
3 2945 2964 1045 
3 2960 2952 2936 
3 2936 1045 2960 
3 953 2966 2945 
3 2952 2953 854 
3 2953 2952 2960 
3 2960 1045 2964 
3 1076 2960 2964 
3 1076 2964 2956 
3 2956 2964 2957 
3 1087 2959 2963 
3 1077 2954 2946 
3 1092 2935 2961 
3 1069 2961 2938 
3 1085 2938 2950 
3 1058 1060 1095 
3 119 864 3076 
3 461 476 499 
3 497 472 439 
3 439 461 497 
3 472 478 477 
3 458 472 477 
3 477 494 483 
3 453 494 523 
3 453 523 465 
3 459 465 495 
3 459 495 498 
3 459 498 474 
3 474 498 491 
3 455 491 504 
3 455 504 456 
3 456 484 457 
3 457 484 466 
3 479 508 487 
3 471 487 493 
3 470 471 493 
3 463 470 485 
3 3230 3236 3215 
3 1444 492 3206 
3 3217 503 1841 
3 2142 1736 1474 
3 2800 3056 1732 
3 770 3254 287 
3 3254 328 313 
3 1164 2976 2977 
3 1103 1129 2971 
3 1079 2968 2969 
3 1079 2971 2968 
3 1134 1137 2974 
3 1106 1132 1109 
3 1106 2970 1132 
3 1109 1118 1121 
3 1109 1132 1118 
3 1066 1109 1121 
3 1108 1130 2982 
3 1072 2972 2979 
3 3234 1078 3241 
3 1072 1108 2982 
3 1072 2982 2972 
3 1735 1397 1468 
3 2769 1731 635 
3 2124 2798 2580 
3 2580 2798 1149 
3 1123 2982 1130 
3 1119 1123 1130 
3 1119 1130 2978 
3 1119 2978 1121 
3 1124 1132 2970 
3 1137 2970 2974 
3 1114 1137 1134 
3 1114 1134 1127 
3 1127 1134 2975 
3 1127 2975 2980 
3 1140 2980 2969 
3 1140 2969 2968 
3 3200 2109 864 
3 1715 824 822 
3 2631 3363 1451 
3 1781 1468 1794 
3 863 489 533 
3 3255 2983 1096 
3 3183 3190 3182 
3 1091 1084 3255 
3 1765 119 475 
3 527 489 444 
3 487 508 520 
3 486 490 502 
3 486 508 490 
3 477 528 494 
3 461 499 497 
3 494 528 523 
3 456 504 512 
3 456 512 484 
3 466 484 502 
3 466 502 490 
3 470 493 485 
3 485 517 463 
3 507 1169 1097 
3 3204 506 815 
3 1413 464 1699 
3 819 1765 3373 
3 536 562 542 
3 518 535 538 
3 531 543 558 
3 531 558 544 
3 522 542 554 
3 522 554 547 
3 547 554 559 
3 509 547 555 
3 509 551 520 
3 488 551 549 
3 515 549 545 
3 515 545 521 
3 521 545 530 
3 521 530 517 
3 489 527 534 
3 489 534 533 
3 533 513 863 
3 511 3186 437 
3 513 533 556 
3 526 517 530 
3 526 534 527 
3 526 527 517 
3 513 556 2932 
3 854 2932 2952 
3 395 1093 992 
3 1093 999 973 
3 1139 1094 1098 
3 1138 1139 1098 
3 1107 1084 1091 
3 1098 1094 1135 
3 1056 1095 1083 
3 1056 1083 1057 
3 1057 1083 1105 
3 1057 1105 1089 
3 1073 1086 1075 
3 1081 1082 1104 
3 1070 1081 1104 
3 1070 1104 1099 
3 1070 1099 1085 
3 1069 2938 1085 
3 1069 1092 2961 
3 1077 1080 2954 
3 1074 2956 2951 
3 1074 2951 2959 
3 1080 1087 2954 
3 1067 1077 2946 
3 1067 2946 2935 
3 1067 2935 1092 
3 1068 1082 1073 
3 1068 1073 1075 
3 1075 1086 1089 
3 1083 1095 1101 
3 1060 1101 1095 
3 802 771 775 
3 2653 822 824 
3 2642 3243 859 
3 505 476 825 
3 476 501 499 
3 497 499 524 
3 472 497 478 
3 478 497 524 
3 477 478 480 
3 477 480 528 
3 523 528 531 
3 523 531 525 
3 465 523 525 
3 465 525 495 
3 495 516 498 
3 498 516 510 
3 491 498 510 
3 491 510 504 
3 486 520 508 
3 487 520 488 
3 487 488 493 
3 485 493 515 
3 2653 500 1700 
3 1105 2977 2976 
3 1100 1105 2976 
3 1100 2976 2973 
3 1100 2973 1103 
3 1075 1100 1103 
3 1068 1075 1103 
3 1068 1103 2971 
3 1068 2971 1079 
3 1079 2969 1104 
3 1099 1104 2969 
3 1099 2969 2980 
3 1099 2980 2975 
3 1092 1134 2974 
3 1067 2974 2970 
3 1067 2970 1106 
3 1080 1106 1109 
3 1066 1121 2978 
3 1098 1096 1138 
3 1135 1101 1060 
3 2634 2805 630 
3 2520 1410 1433 
3 782 823 1084 
3 2560 2302 2322 
3 1060 1096 1098 
3 1060 1098 1135 
3 1101 1126 2977 
3 1083 1101 2977 
3 1083 2977 1105 
3 2952 3290 2936 
3 825 1097 2983 
3 1096 2983 1138 
3 454 1063 513 
3 513 2932 454 
3 511 1514 3186 
3 488 515 493 
3 486 502 547 
3 486 509 520 
3 495 525 535 
3 495 535 516 
3 504 510 536 
3 504 536 512 
3 484 512 522 
3 484 522 502 
3 485 515 521 
3 485 521 517 
3 1991 1225 2165 
3 1960 1719 1443 
3 463 517 527 
3 3206 492 777 
3 3061 1211 514 
3 2572 514 1211 
3 863 513 469 
3 3373 1765 511 
3 496 524 546 
3 519 546 524 
3 824 500 2653 
3 505 501 476 
3 2966 2944 2945 
3 501 505 564 
3 501 564 519 
3 499 501 519 
3 499 519 524 
3 478 524 496 
3 478 496 480 
3 480 496 539 
3 480 539 543 
3 480 543 528 
3 528 543 531 
3 525 531 544 
3 525 544 535 
3 516 535 518 
3 510 516 518 
3 510 518 540 
3 510 540 536 
3 512 536 542 
3 512 542 522 
3 502 522 547 
3 486 547 509 
3 488 520 551 
3 488 549 515 
3 1047 1058 1053 
3 1564 3048 3054 
3 991 3287 996 
3 945 3025 977 
3 1089 1105 1100 
3 1075 1089 1100 
3 1068 1079 1082 
3 1085 1099 2975 
3 1069 1134 1092 
3 1069 1085 2975 
3 1069 2975 1134 
3 1067 1106 1077 
3 1067 1092 2974 
3 1077 1106 1080 
3 1074 1130 1108 
3 1074 1108 2956 
3 1074 2959 2978 
3 1074 2978 1130 
3 1076 1072 2953 
3 1076 2956 1108 
3 1013 2955 3227 
3 854 2953 2979 
3 854 2979 2967 
3 2979 2953 1072 
3 2953 2960 1076 
3 1723 2999 2 
3 1551 482 835 
3 2300 649 2183 
3 2669 1145 2700 
3 2705 3 1051 
3 1503 1043 2471 
3 2561 3195 2668 
