OFF
14317 28630 0
-0.229677 -0.012841 0.157495
-0.217457 -0.013046 0.162426
-0.217705 0.000000 0.162786
-0.228794 -0.025782 0.156570
-0.216617 -0.026192 0.161437
-0.199566 -0.013329 0.168634
-0.199799 0.000000 0.169044
-0.229974 0.000000 0.157820
-0.229677 0.012841 0.157495
-0.217457 0.013046 0.162426
-0.236875 -0.012707 0.154197
-0.237207 0.000000 0.154500
-0.236875 0.012707 0.154197
-0.235964 -0.025535 0.153314
-0.239722 -0.012658 0.152897
-0.238846 -0.025429 0.152000
-0.234551 -0.038581 0.151852
-0.237490 -0.038433 0.150531
-0.227325 -0.038941 0.155101
-0.215098 -0.039535 0.159939
-0.198725 -0.026757 0.167582
-0.177739 -0.013640 0.175239
-0.177979 0.000000 0.175684
-0.199566 0.013329 0.168634
-0.228794 0.025782 0.156570
-0.235964 0.025535 0.153314
-0.216617 0.026192 0.161437
-0.240040 0.000000 0.153201
-0.239722 0.012658 0.152897
-0.238846 0.025429 0.152000
-0.238083 -0.038390 0.150093
-0.239404 -0.025400 0.151583
-0.240223 -0.012644 0.152501
-0.240506 0.000000 0.152819
-0.232941 -0.049805 0.150262
-0.235950 -0.049600 0.148934
-0.236557 -0.049558 0.148482
-0.225545 -0.050306 0.153526
-0.197157 -0.040375 0.166035
-0.213128 -0.051126 0.158371
-0.176892 -0.027371 0.174102
-0.153737 -0.013901 0.181328
-0.153971 0.000000 0.181822
-0.177739 0.013640 0.175239
-0.198725 0.026757 0.167582
-0.227325 0.038941 0.155101
-0.234558 0.038581 0.151852
-0.237490 0.038433 0.150531
-0.215098 0.039535 0.159939
-0.240223 0.012644 0.152501
-0.238083 0.038390 0.150093
-0.239404 0.025400 0.151583
-0.240386 -0.012615 0.151922
-0.239588 -0.025358 0.150990
-0.238288 -0.038341 0.149478
-0.240661 0.000000 0.152240
-0.236762 -0.049536 0.147847
-0.231436 -0.057144 0.148984
-0.234530 -0.056854 0.147656
-0.235116 -0.056833 0.147204
-0.223730 -0.057871 0.152297
-0.195080 -0.052298 0.164439
-0.175317 -0.041293 0.172491
-0.210959 -0.059037 0.157184
-0.152918 -0.027901 0.180106
-0.128344 -0.014155 0.186922
-0.128598 0.000000 0.187459
-0.153737 0.013901 0.181328
-0.176892 0.027371 0.174102
-0.197157 0.040375 0.166035
-0.225545 0.050306 0.153526
-0.232941 0.049805 0.150262
-0.235950 0.049600 0.148934
-0.236557 0.049558 0.148482
-0.213128 0.051126 0.158371
-0.240386 0.012615 0.151922
-0.239588 0.025358 0.150990
-0.238288 0.038341 0.149478
-0.236762 0.049536 0.147847
-0.240386 -0.012594 0.151371
-0.239595 -0.025316 0.150432
-0.238295 -0.038298 0.148913
-0.240661 0.000000 0.151689
-0.236769 -0.049529 0.147246
-0.235300 -0.056925 0.146533
-0.230158 -0.061869 0.148009
-0.233336 -0.061495 0.146681
-0.233894 -0.061467 0.146236
-0.222126 -0.062823 0.151378
-0.151364 -0.042099 0.178417
-0.173183 -0.053563 0.170845
-0.192679 -0.060640 0.163245
-0.208981 -0.064320 0.156316
-0.127475 -0.028409 0.185615
-0.102322 -0.014417 0.192043
-0.102682 0.000000 0.192622
-0.128344 0.014155 0.186922
-0.152918 0.027901 0.180106
-0.175317 0.041293 0.172491
-0.195080 0.052298 0.164439
-0.223730 0.057871 0.152297
-0.231436 0.057144 0.148984
-0.234530 0.056854 0.147656
-0.235116 0.056833 0.147204
-0.210959 0.059037 0.157184
-0.240386 0.012594 0.151371
-0.239595 0.025316 0.150432
-0.238295 0.038298 0.148913
-0.236769 0.049529 0.147246
-0.235300 0.056925 0.146533
-0.240386 -0.012580 0.151067
-0.239595 -0.025294 0.150128
-0.240654 0.000000 0.151385
-0.238302 -0.038270 0.148595
-0.236769 -0.049529 0.146921
-0.235286 -0.057038 0.145890
-0.234078 -0.061573 0.145523
-0.229254 -0.065239 0.147317
-0.232482 -0.064808 0.145982
-0.233047 -0.064709 0.145537
-0.220989 -0.066326 0.150721
-0.149238 -0.054665 0.176715
-0.125907 -0.042876 0.183849
-0.170669 -0.062328 0.169616
-0.190461 -0.066334 0.162383
-0.207590 -0.068029 0.155708
-0.101270 -0.028939 0.190644
-0.082332 -0.014614 0.195744
-0.082799 0.000000 0.196359
-0.102322 0.014417 0.192043
-0.127475 0.028409 0.185615
-0.151364 0.042099 0.178417
-0.173183 0.053563 0.170845
-0.192679 0.060640 0.163245
-0.222126 0.062823 0.151378
-0.230158 0.061869 0.148009
-0.233336 0.061495 0.146681
-0.233894 0.061467 0.146236
-0.208981 0.064320 0.156316
-0.240386 0.012580 0.151067
-0.239595 0.025294 0.150128
-0.238302 0.038270 0.148595
-0.236769 0.049529 0.146921
-0.235286 0.057038 0.145890
-0.234078 0.061573 0.145523
-0.240096 -0.012545 0.150990
-0.239312 -0.025224 0.150050
-0.238012 -0.038185 0.148518
-0.240364 0.000000 0.151308
-0.236480 -0.049459 0.146836
-0.234982 -0.057052 0.145445
-0.235279 -0.057094 0.145537
-0.234071 -0.061714 0.144837
-0.233287 -0.064589 0.144802
-0.228674 -0.067386 0.146561
-0.231952 -0.066934 0.145226
-0.232531 -0.066729 0.144802
-0.232842 -0.066334 0.144103
-0.220276 -0.068551 0.149973
-0.123774 -0.055703 0.182076
-0.146695 -0.063748 0.175444
-0.099546 -0.043674 0.188801
-0.168324 -0.068410 0.168733
-0.188914 -0.070289 0.161783
-0.206707 -0.070353 0.154952
-0.081075 -0.029349 0.194282
-0.077487 -0.014664 0.196641
-0.077974 0.000000 0.197263
-0.082332 0.014614 0.195744
-0.101270 0.028939 0.190644
-0.125907 0.042876 0.183849
-0.149238 0.054665 0.176715
-0.170669 0.062328 0.169616
-0.190461 0.066334 0.162383
-0.220989 0.066326 0.150721
-0.229254 0.065239 0.147317
-0.232482 0.064815 0.145982
-0.233047 0.064709 0.145537
-0.207590 0.068029 0.155708
-0.240096 0.012545 0.150990
-0.239312 0.025224 0.150050
-0.238012 0.038185 0.148518
-0.236480 0.049459 0.146836
-0.234982 0.057052 0.145445
-0.235272 0.057094 0.145537
-0.234071 0.061714 0.144837
-0.233287 0.064589 0.144802
-0.239234 -0.012432 0.151110
-0.238450 -0.025033 0.150177
-0.237151 -0.037966 0.148645
-0.235618 -0.049240 0.146957
-0.239496 0.000000 0.151428
-0.239234 0.012432 0.151110
-0.234120 -0.056847 0.145565
-0.234071 -0.061792 0.144463
-0.233781 -0.061756 0.144350
-0.233357 -0.064476 0.144089
-0.228399 -0.068453 0.145403
-0.231712 -0.067972 0.144096
-0.232312 -0.067711 0.143714
-0.232997 -0.065931 0.143418
-0.232658 -0.067195 0.143149
-0.219916 -0.069639 0.148758
-0.121245 -0.065062 0.180763
-0.097321 -0.056784 0.186957
-0.144322 -0.070105 0.174532
-0.079189 -0.044295 0.192375
-0.166699 -0.072606 0.168126
-0.187932 -0.072740 0.160985
-0.206255 -0.071476 0.153639
-0.076187 -0.029448 0.195158
-0.075502 0.000000 0.197729
-0.075000 -0.014692 0.197100
-0.077487 0.014664 0.196634
-0.081075 0.029349 0.194282
-0.099546 0.043674 0.188801
-0.123774 0.055703 0.182076
-0.146695 0.063748 0.175444
-0.168324 0.068410 0.168733
-0.188914 0.070289 0.161783
-0.220276 0.068551 0.149973
-0.228674 0.067386 0.146561
-0.231952 0.066934 0.145226
-0.232531 0.066729 0.144802
-0.232842 0.066334 0.144103
-0.206707 0.070353 0.154952
-0.238450 0.025033 0.150177
-0.237151 0.037966 0.148645
-0.235618 0.049240 0.146957
-0.234120 0.056847 0.145565
-0.234071 0.061792 0.144463
-0.233781 0.061756 0.144350
-0.233357 0.064476 0.144089
-0.236296 -0.037740 0.148659
-0.237589 -0.024835 0.150192
-0.238366 -0.012319 0.151117
-0.234756 -0.049028 0.146971
-0.233252 -0.056671 0.145558
-0.238634 0.000000 0.151428
-0.238366 0.012319 0.151117
-0.237589 0.024835 0.150192
-0.232920 -0.061552 0.144470
-0.233400 -0.064419 0.143693
-0.232270 -0.064101 0.143693
-0.233124 -0.064327 0.143573
-0.228201 -0.069244 0.143340
-0.219640 -0.070437 0.146561
-0.231577 -0.068735 0.142083
-0.232220 -0.068424 0.141807
-0.232842 -0.066658 0.142605
-0.233082 -0.065705 0.143036
-0.232580 -0.067831 0.141511
-0.205902 -0.072274 0.151223
-0.118886 -0.071638 0.179816
-0.094778 -0.066418 0.185594
-0.076865 -0.057624 0.190482
-0.142690 -0.074471 0.173904
-0.074266 -0.044444 0.193237
-0.165675 -0.075177 0.167264
-0.187409 -0.073906 0.159523
-0.186964 -0.074704 0.156817
-0.073680 -0.029497 0.195610
-0.072634 -0.027039 0.192728
-0.074004 -0.013477 0.194967
-0.074386 0.000000 0.194953
-0.074004 0.013477 0.194967
-0.075000 0.014692 0.197093
-0.076187 0.029448 0.195158
-0.079189 0.044295 0.192375
-0.097321 0.056784 0.186957
-0.121245 0.065062 0.180763
-0.144322 0.070105 0.174532
-0.166699 0.072606 0.168126
-0.187932 0.072740 0.160985
-0.228399 0.068453 0.145403
-0.219916 0.069639 0.148758
-0.231712 0.067972 0.144096
-0.232312 0.067711 0.143714
-0.232997 0.065931 0.143418
-0.232658 0.067195 0.143149
-0.206255 0.071476 0.153639
-0.236296 0.037740 0.148659
-0.234756 0.049028 0.146971
-0.233252 0.056671 0.145558
-0.232912 0.061552 0.144470
-0.233400 0.064419 0.143693
-0.232270 0.064101 0.143693
-0.233124 0.064327 0.143573
-0.234474 -0.048950 0.146547
-0.236013 -0.037634 0.148249
-0.237306 -0.024744 0.149761
-0.238083 -0.012262 0.150686
-0.238344 0.000000 0.150997
-0.232044 -0.061403 0.144456
-0.232955 -0.056699 0.145092
-0.238083 0.012262 0.150686
-0.236013 0.037634 0.148242
-0.237306 0.024744 0.149761
-0.231394 -0.063967 0.143679
-0.231408 -0.064907 0.143149
-0.231980 -0.065288 0.143043
-0.232835 -0.065535 0.142923
-0.219188 -0.071787 0.142874
-0.205301 -0.073609 0.147175
-0.227876 -0.070579 0.139879
-0.231358 -0.070014 0.138706
-0.232446 -0.068891 0.138763
-0.232065 -0.069611 0.138593
-0.232941 -0.066362 0.142302
-0.232863 -0.066877 0.141136
-0.232764 -0.067224 0.141270
-0.232630 -0.068163 0.139024
-0.186216 -0.076039 0.152261
-0.117276 -0.076138 0.179173
-0.092440 -0.073235 0.184619
-0.074294 -0.067471 0.189083
-0.071921 -0.057822 0.191337
-0.141652 -0.077127 0.172979
-0.071737 -0.044521 0.193682
-0.165096 -0.076385 0.165625
-0.164573 -0.077176 0.162560
-0.163683 -0.078511 0.157411
-0.070543 -0.043222 0.190496
-0.068961 -0.039252 0.180600
-0.071511 -0.019615 0.183729
-0.073023 -0.009804 0.188215
-0.073037 0.000000 0.186265
-0.073023 0.009804 0.188215
-0.072634 0.027039 0.192728
-0.071511 0.019615 0.183729
-0.073680 0.029497 0.195610
-0.074266 0.044444 0.193237
-0.076865 0.057624 0.190482
-0.094778 0.066418 0.185594
-0.118886 0.071638 0.179816
-0.142690 0.074471 0.173904
-0.165675 0.075177 0.167264
-0.187409 0.073906 0.159523
-0.228201 0.069244 0.143340
-0.219640 0.070437 0.146561
-0.205902 0.072274 0.151223
-0.231577 0.068735 0.142083
-0.232220 0.068424 0.141807
-0.233082 0.065705 0.143036
-0.232842 0.066658 0.142605
-0.232580 0.067831 0.141511
-0.186964 0.074704 0.156817
-0.234474 0.048950 0.146547
-0.232044 0.061403 0.144456
-0.232955 0.056699 0.145092
-0.231980 0.065288 0.143043
-0.231408 0.064907 0.143149
-0.231394 0.063967 0.143679
-0.232835 0.065535 0.142923
-0.234481 -0.048943 0.145579
-0.236027 -0.037557 0.147289
-0.237313 -0.024673 0.148786
-0.238083 -0.012227 0.149697
-0.238337 0.000000 0.150001
-0.231726 -0.061537 0.143940
-0.232927 -0.056904 0.144018
-0.238083 0.012227 0.149697
-0.236027 0.037557 0.147289
-0.237313 0.024673 0.148786
-0.231069 -0.064137 0.143170
-0.231083 -0.065309 0.142676
-0.231853 -0.065896 0.142358
-0.232701 -0.066150 0.142231
-0.218828 -0.073157 0.139469
-0.204708 -0.074986 0.143481
-0.185453 -0.077416 0.148129
-0.227735 -0.071914 0.136651
-0.231344 -0.071250 0.135563
-0.232623 -0.068573 0.137089
-0.232460 -0.069328 0.136397
-0.232192 -0.070522 0.135266
-0.232630 -0.066644 0.141136
-0.232736 -0.067746 0.139173
-0.232503 -0.067471 0.139300
-0.232722 -0.068128 0.137470
-0.116237 -0.078864 0.178163
-0.090844 -0.077875 0.183955
-0.071970 -0.074464 0.188080
-0.069343 -0.067725 0.189924
-0.069378 -0.057928 0.191775
-0.141044 -0.078356 0.171149
-0.140444 -0.079154 0.167695
-0.139448 -0.080489 0.161903
-0.162779 -0.079910 0.152742
-0.068114 -0.058232 0.188864
-0.066319 -0.059079 0.179788
-0.066616 -0.035021 0.169708
-0.070148 0.000000 0.172986
-0.070543 0.043222 0.190496
-0.068961 0.039252 0.180600
-0.066616 0.035021 0.169708
-0.071737 0.044521 0.193682
-0.071921 0.057822 0.191337
-0.074294 0.067471 0.189083
-0.092440 0.073235 0.184619
-0.117276 0.076138 0.179173
-0.141652 0.077127 0.172979
-0.165096 0.076385 0.165625
-0.164573 0.077176 0.162560
-0.219188 0.071787 0.142874
-0.227876 0.070579 0.139879
-0.205301 0.073609 0.147175
-0.186216 0.076039 0.152261
-0.231358 0.070014 0.138706
-0.232446 0.068891 0.138763
-0.232065 0.069611 0.138593
-0.232764 0.067224 0.141270
-0.232941 0.066362 0.142302
-0.232630 0.068170 0.139024
-0.163683 0.078511 0.157411
-0.234481 0.048943 0.145579
-0.231726 0.061537 0.143940
-0.232927 0.056904 0.144018
-0.231083 0.065309 0.142676
-0.231853 0.065896 0.142358
-0.231069 0.064137 0.143170
-0.232701 0.066150 0.142231
-0.234495 -0.048936 0.143947
-0.236056 -0.037430 0.145692
-0.237327 -0.024560 0.147147
-0.238083 -0.012163 0.148037
-0.238337 0.000000 0.148334
-0.231669 -0.061954 0.142782
-0.232884 -0.057243 0.142224
-0.238083 0.012163 0.148037
-0.236056 0.037430 0.145685
-0.237327 0.024560 0.147147
-0.230998 -0.064617 0.142033
-0.231012 -0.065797 0.141588
-0.231782 -0.066376 0.141292
-0.218849 -0.074040 0.138141
-0.204376 -0.075905 0.142139
-0.184965 -0.078349 0.146667
-0.228095 -0.072719 0.135309
-0.231832 -0.071892 0.134263
-0.232920 -0.067513 0.136672
-0.232814 -0.068085 0.135902
-0.232884 -0.068601 0.135132
-0.233372 -0.068785 0.134715
-0.232708 -0.070833 0.134299
-0.231655 -0.067188 0.139490
-0.231641 -0.067555 0.137936
-0.232482 -0.067838 0.137703
-0.232990 -0.067181 0.137096
-0.089813 -0.080672 0.182867
-0.115609 -0.080121 0.176129
-0.070395 -0.079217 0.187409
-0.067026 -0.074760 0.188921
-0.066800 -0.067852 0.190355
-0.114959 -0.080913 0.172272
-0.113871 -0.082248 0.165788
-0.138431 -0.081937 0.156634
-0.162228 -0.080891 0.151096
-0.065733 -0.068283 0.188412
-0.063261 -0.063890 0.167893
-0.064518 -0.069456 0.182232
-0.062929 -0.072500 0.175825
-0.063134 -0.032923 0.163513
-0.060443 -0.059432 0.162221
-0.064751 0.000000 0.164446
-0.063134 0.032923 0.163513
-0.069378 0.057928 0.191775
-0.068114 0.058232 0.188864
-0.066319 0.059079 0.179788
-0.063261 0.063890 0.167893
-0.060443 0.059432 0.162221
-0.069343 0.067725 0.189924
-0.071970 0.074464 0.188080
-0.090844 0.077875 0.183955
-0.116237 0.078864 0.178163
-0.141044 0.078356 0.171149
-0.140444 0.079154 0.167695
-0.139448 0.080489 0.161903
-0.204708 0.074986 0.143481
-0.218828 0.073157 0.139469
-0.227735 0.071914 0.136651
-0.185453 0.077416 0.148129
-0.231344 0.071250 0.135563
-0.232460 0.069328 0.136397
-0.232623 0.068573 0.137089
-0.232192 0.070522 0.135266
-0.232863 0.066877 0.141136
-0.232736 0.067746 0.139173
-0.232722 0.068128 0.137470
-0.162779 0.079910 0.152742
-0.234495 0.048936 0.143947
-0.231669 0.061954 0.142782
-0.232884 0.057243 0.142224
-0.230998 0.064617 0.142033
-0.231012 0.065797 0.141588
-0.231782 0.066376 0.141292
-0.232630 0.066644 0.141136
-0.234784 -0.049000 0.142422
-0.236359 -0.037387 0.144181
-0.237631 -0.024525 0.145614
-0.238380 -0.012142 0.146483
-0.238620 0.000000 0.146773
-0.231570 -0.062639 0.140840
-0.233131 -0.057624 0.140550
-0.238380 0.012142 0.146483
-0.236359 0.037387 0.144181
-0.237631 0.024525 0.145614
-0.230878 -0.065429 0.140119
-0.230885 -0.066609 0.139766
-0.203564 -0.078214 0.141624
-0.219082 -0.076102 0.137343
-0.183757 -0.080793 0.146243
-0.229409 -0.074308 0.134285
-0.233633 -0.072712 0.133338
-0.233697 -0.064320 0.137428
-0.233647 -0.064624 0.136736
-0.233767 -0.064885 0.136043
-0.234247 -0.064942 0.135662
-0.235342 -0.068615 0.134073
-0.234650 -0.070932 0.133571
-0.231104 -0.066920 0.138551
-0.232736 -0.066948 0.137350
-0.231881 -0.066687 0.137583
-0.233725 -0.064144 0.137809
-0.069371 -0.082064 0.186258
-0.089170 -0.081951 0.180621
-0.065451 -0.079542 0.188243
-0.064490 -0.074916 0.189352
-0.088478 -0.082742 0.176341
-0.112755 -0.083745 0.159890
-0.087319 -0.084077 0.169143
-0.137767 -0.083067 0.154769
-0.160949 -0.083434 0.150651
-0.063649 -0.074916 0.188384
-0.063120 -0.074796 0.185149
-0.058853 -0.073129 0.162065
-0.059920 -0.076816 0.165682
-0.062512 -0.075368 0.180777
-0.060746 -0.078539 0.173197
-0.056395 -0.063671 0.159318
-0.059870 -0.032118 0.160822
-0.061255 0.000000 0.161416
-0.059870 0.032118 0.160822
-0.066800 0.067852 0.190355
-0.065733 0.068283 0.188412
-0.064518 0.069456 0.182232
-0.062929 0.072500 0.175825
-0.058853 0.073129 0.162065
-0.059920 0.076816 0.165682
-0.056395 0.063671 0.159318
-0.067026 0.074760 0.188921
-0.070395 0.079217 0.187409
-0.089813 0.080672 0.182867
-0.115609 0.080121 0.176129
-0.114959 0.080913 0.172272
-0.113871 0.082248 0.165788
-0.138431 0.081937 0.156634
-0.204376 0.075905 0.142139
-0.218849 0.074040 0.138141
-0.228095 0.072719 0.135309
-0.184965 0.078349 0.146667
-0.231832 0.071892 0.134263
-0.232920 0.067513 0.136672
-0.232814 0.068078 0.135902
-0.232884 0.068601 0.135132
-0.233372 0.068785 0.134715
-0.232708 0.070833 0.134299
-0.232503 0.067471 0.139300
-0.232482 0.067838 0.137703
-0.232990 0.067181 0.137096
-0.162228 0.080891 0.151096
-0.234784 0.049000 0.142422
-0.231570 0.062639 0.140840
-0.233131 0.057624 0.140550
-0.230878 0.065429 0.140119
-0.230885 0.066609 0.139766
-0.231655 0.067195 0.139490
-0.237228 -0.037564 0.143524
-0.235653 -0.049212 0.141758
-0.238500 -0.024673 0.144950
-0.239248 -0.012227 0.145812
-0.239489 0.000000 0.146102
-0.231761 -0.063339 0.139031
-0.233979 -0.057935 0.139836
-0.239248 0.012227 0.145812
-0.237228 0.037564 0.143524
-0.238500 0.024673 0.144950
-0.231055 -0.066228 0.138339
-0.201529 -0.083773 0.140409
-0.219379 -0.080983 0.135528
-0.180826 -0.086712 0.145219
-0.232135 -0.078002 0.132017
-0.237560 -0.074464 0.131318
-0.235116 -0.058316 0.139017
-0.235102 -0.058422 0.138346
-0.235258 -0.058507 0.137682
-0.235752 -0.058493 0.137308
-0.236197 -0.064744 0.135033
-0.239877 -0.068078 0.132639
-0.239022 -0.070967 0.132003
-0.233449 -0.063995 0.138042
-0.232595 -0.063755 0.138275
-0.235123 -0.058260 0.139384
-0.064433 -0.082403 0.187077
-0.068714 -0.083364 0.183849
-0.062915 -0.079705 0.188674
-0.067993 -0.084162 0.179237
-0.086133 -0.085596 0.162602
-0.112013 -0.085024 0.157792
-0.066779 -0.085497 0.171488
-0.136439 -0.085758 0.154296
-0.157898 -0.089516 0.149598
-0.062117 -0.079691 0.188024
-0.061693 -0.079528 0.185749
-0.061340 -0.079161 0.181066
-0.056317 -0.077896 0.160695
-0.057412 -0.084911 0.164114
-0.059143 -0.084183 0.172618
-0.060217 -0.083335 0.180558
-0.054658 -0.060944 0.158901
-0.058203 -0.031772 0.160420
-0.049275 -0.084896 0.156217
-0.050596 -0.085504 0.156648
-0.059517 0.000000 0.160886
-0.058203 0.031772 0.160420
-0.054658 0.060944 0.158901
-0.064490 0.074916 0.189352
-0.063649 0.074916 0.188384
-0.063120 0.074796 0.185149
-0.062512 0.075368 0.180777
-0.060753 0.078539 0.173197
-0.056317 0.077896 0.160695
-0.057412 0.084911 0.164114
-0.059143 0.084183 0.172618
-0.049275 0.084896 0.156217
-0.050596 0.085504 0.156648
-0.065451 0.079542 0.188243
-0.069371 0.082064 0.186258
-0.089170 0.081951 0.180621
-0.088478 0.082742 0.176341
-0.112755 0.083745 0.159890
-0.087319 0.084084 0.169143
-0.137767 0.083067 0.154769
-0.203564 0.078214 0.141624
-0.219082 0.076102 0.137343
-0.229409 0.074308 0.134285
-0.183757 0.080793 0.146243
-0.233633 0.072712 0.133338
-0.233697 0.064320 0.137428
-0.233647 0.064624 0.136736
-0.233767 0.064885 0.136043
-0.234247 0.064942 0.135662
-0.234650 0.070932 0.133571
-0.235342 0.068615 0.134073
-0.231641 0.067555 0.137936
-0.232736 0.066948 0.137350
-0.231881 0.066687 0.137583
-0.233725 0.064144 0.137809
-0.160949 0.083434 0.150651
-0.235653 0.049212 0.141758
-0.231761 0.063339 0.139031
-0.233979 0.057935 0.139836
-0.231055 0.066228 0.138339
-0.231104 0.066920 0.138551
-0.239361 -0.024857 0.144717
-0.238090 -0.037769 0.143298
-0.236515 -0.049423 0.141525
-0.240110 -0.012333 0.145586
-0.240357 0.000000 0.145883
-0.234841 -0.058161 0.139603
-0.240110 0.012333 0.145586
-0.238090 0.037769 0.143298
-0.239361 0.024857 0.144717
-0.199438 -0.089403 0.139194
-0.219527 -0.085942 0.133748
-0.177859 -0.092702 0.144173
-0.237490 -0.082283 0.128563
-0.242759 -0.075996 0.128874
-0.236804 -0.049480 0.140938
-0.236804 -0.049466 0.140267
-0.236988 -0.049445 0.139596
-0.237694 -0.058331 0.136665
-0.237518 -0.049409 0.139208
-0.240732 -0.064250 0.133578
-0.245683 -0.067485 0.130717
-0.244673 -0.070868 0.129969
-0.236797 -0.049494 0.141306
-0.063769 -0.083710 0.184626
-0.061898 -0.082580 0.187501
-0.063042 -0.084501 0.179936
-0.065557 -0.087015 0.164446
-0.085363 -0.086924 0.160271
-0.110671 -0.087828 0.157290
-0.061820 -0.085836 0.172053
-0.133387 -0.091911 0.153229
-0.154811 -0.095661 0.148539
-0.061509 -0.081923 0.187091
-0.060852 -0.082827 0.185283
-0.053132 -0.086994 0.159127
-0.055738 -0.088435 0.161740
-0.058034 -0.087531 0.165124
-0.060499 -0.084677 0.180296
-0.059270 -0.086012 0.172343
-0.061234 -0.083886 0.185029
-0.052920 -0.060577 0.160370
-0.047594 -0.084543 0.157615
-0.057306 -0.031553 0.161303
-0.044479 -0.101178 0.153702
-0.042868 -0.100888 0.155030
-0.045609 -0.102273 0.154239
-0.050525 -0.096255 0.158166
-0.058634 0.000000 0.161762
-0.057306 0.031553 0.161303
-0.052920 0.060577 0.160370
-0.047594 0.084543 0.157615
-0.062915 0.079705 0.188674
-0.062110 0.079691 0.188024
-0.061693 0.079528 0.185749
-0.061340 0.079161 0.181066
-0.060217 0.083335 0.180558
-0.053132 0.086994 0.159127
-0.058034 0.087531 0.165124
-0.055738 0.088435 0.161740
-0.060499 0.084677 0.180296
-0.059270 0.086012 0.172343
-0.044479 0.101178 0.153702
-0.045609 0.102273 0.154239
-0.050525 0.096255 0.158166
-0.042868 0.100888 0.155030
-0.064433 0.082403 0.187077
-0.068714 0.083364 0.183849
-0.067993 0.084162 0.179237
-0.086133 0.085596 0.162602
-0.112013 0.085024 0.157792
-0.066779 0.085497 0.171488
-0.136439 0.085758 0.154296
-0.201529 0.083773 0.140409
-0.219379 0.080983 0.135528
-0.232135 0.078002 0.132017
-0.180826 0.086712 0.145219
-0.237560 0.074464 0.131318
-0.235116 0.058316 0.139017
-0.235102 0.058422 0.138346
-0.235258 0.058507 0.137682
-0.235752 0.058500 0.137308
-0.236197 0.064744 0.135033
-0.239022 0.070967 0.132003
-0.239877 0.068078 0.132639
-0.233449 0.063995 0.138042
-0.232595 0.063755 0.138275
-0.235123 0.058260 0.139384
-0.157898 0.089516 0.149598
-0.236515 0.049423 0.141525
-0.234841 0.058161 0.139603
-0.239644 -0.024906 0.144498
-0.238380 -0.037825 0.143072
-0.240400 -0.012361 0.145374
-0.240647 0.000000 0.145671
-0.240400 0.012361 0.145374
-0.239644 0.024906 0.144498
-0.238380 0.037825 0.143072
-0.198428 -0.091925 0.138671
-0.219308 -0.088216 0.133027
-0.236027 -0.085151 0.128062
-0.176539 -0.095372 0.143707
-0.245457 -0.083632 0.125053
-0.246361 -0.081315 0.125547
-0.248389 -0.076138 0.126649
-0.238380 -0.037797 0.142704
-0.238394 -0.037747 0.142026
-0.238599 -0.037691 0.141341
-0.239185 -0.037641 0.140924
-0.239467 -0.049289 0.138544
-0.242180 -0.057935 0.135182
-0.246510 -0.063741 0.131629
-0.251454 -0.067132 0.128613
-0.250444 -0.070579 0.127843
-0.060584 -0.087355 0.164891
-0.064794 -0.088350 0.161945
-0.084119 -0.089693 0.159777
-0.107761 -0.093902 0.156224
-0.130329 -0.098063 0.152155
-0.153448 -0.098381 0.148065
-0.054269 -0.092744 0.161140
-0.057271 -0.088873 0.162560
-0.056176 -0.091529 0.162072
-0.059821 -0.088697 0.162348
-0.043992 -0.083795 0.160624
-0.049445 -0.059849 0.163316
-0.039118 -0.100224 0.158110
-0.053019 -0.031122 0.164834
-0.042671 -0.107323 0.152706
-0.041103 -0.107055 0.153992
-0.037288 -0.106419 0.157107
-0.043744 -0.107267 0.153165
-0.046068 -0.106963 0.155263
-0.047170 -0.105105 0.156506
-0.049699 -0.101517 0.158618
-0.052376 -0.098155 0.160504
-0.054333 0.000000 0.165300
-0.053019 0.031122 0.164834
-0.049445 0.059849 0.163316
-0.043992 0.083795 0.160624
-0.039118 0.100224 0.158110
-0.061898 0.082580 0.187501
-0.061509 0.081923 0.187091
-0.060852 0.082827 0.185283
-0.061234 0.083886 0.185029
-0.054269 0.092744 0.161140
-0.057278 0.088866 0.162560
-0.059828 0.088690 0.162348
-0.060584 0.087355 0.164891
-0.056176 0.091529 0.162072
-0.061820 0.085836 0.172053
-0.063042 0.084501 0.179936
-0.042671 0.107323 0.152706
-0.043744 0.107267 0.153165
-0.046068 0.106963 0.155263
-0.047170 0.105105 0.156506
-0.049699 0.101517 0.158618
-0.041103 0.107055 0.153992
-0.052376 0.098155 0.160504
-0.037288 0.106419 0.157114
-0.063769 0.083710 0.184626
-0.065557 0.087015 0.164446
-0.085363 0.086924 0.160271
-0.110671 0.087828 0.157290
-0.133387 0.091911 0.153229
-0.199438 0.089403 0.139194
-0.219527 0.085942 0.133748
-0.237490 0.082283 0.128563
-0.177859 0.092702 0.144173
-0.242766 0.075996 0.128874
-0.236804 0.049480 0.140938
-0.236804 0.049466 0.140267
-0.236988 0.049445 0.139596
-0.237694 0.058331 0.136665
-0.237518 0.049409 0.139208
-0.240732 0.064250 0.133578
-0.244673 0.070868 0.129969
-0.245683 0.067485 0.130717
-0.236797 0.049494 0.141306
-0.154811 0.095661 0.148539
-0.239651 -0.024878 0.144124
-0.240400 -0.012347 0.145007
-0.240647 0.000000 0.145311
-0.240400 0.012347 0.145007
-0.239651 0.024878 0.144124
-0.238380 0.037797 0.142704
-0.197969 -0.092892 0.138184
-0.218906 -0.089135 0.132533
-0.235632 -0.086034 0.127567
-0.244935 -0.084522 0.124615
-0.176037 -0.096368 0.143220
-0.249787 -0.083088 0.123371
-0.249137 -0.083992 0.122990
-0.250691 -0.080835 0.123845
-0.252719 -0.075820 0.124890
-0.239658 -0.024835 0.143446
-0.239877 -0.024786 0.142747
-0.241156 -0.037550 0.140239
-0.240513 -0.024751 0.142309
-0.243889 -0.049000 0.137032
-0.247880 -0.057525 0.133211
-0.252196 -0.063487 0.129517
-0.255692 -0.067238 0.126677
-0.254760 -0.070473 0.126006
-0.063663 -0.091042 0.161458
-0.081492 -0.095520 0.158731
-0.104872 -0.099935 0.155164
-0.128980 -0.100789 0.151682
-0.152939 -0.099391 0.147571
-0.053923 -0.097003 0.161084
-0.058719 -0.091367 0.161861
-0.056430 -0.096869 0.160872
-0.030769 -0.098310 0.165159
-0.035805 -0.081894 0.167568
-0.041399 -0.058196 0.170160
-0.028854 -0.104498 0.164227
-0.044995 -0.030182 0.171665
-0.042515 -0.108277 0.152763
-0.040968 -0.107959 0.154034
-0.043540 -0.108255 0.153123
-0.037154 -0.107281 0.157163
-0.045779 -0.107945 0.154896
-0.048519 -0.106631 0.157425
-0.048145 -0.107592 0.156725
-0.049091 -0.105494 0.158576
-0.051324 -0.101630 0.160102
-0.049996 -0.103947 0.159459
-0.051705 -0.102379 0.160109
-0.046294 0.000000 0.172145
-0.044995 0.030182 0.171665
-0.041399 0.058196 0.170160
-0.035805 0.081894 0.167568
-0.030769 0.098310 0.165159
-0.028854 0.104498 0.164227
-0.053923 0.097003 0.161084
-0.063663 0.091042 0.161458
-0.064801 0.088350 0.161945
-0.058719 0.091367 0.161861
-0.056430 0.096869 0.160872
-0.042515 0.108277 0.152763
-0.043540 0.108255 0.153123
-0.045779 0.107945 0.154896
-0.048145 0.107592 0.156725
-0.048519 0.106631 0.157425
-0.049091 0.105494 0.158576
-0.049996 0.103947 0.159459
-0.051324 0.101630 0.160102
-0.040968 0.107959 0.154034
-0.051705 0.102379 0.160109
-0.037154 0.107281 0.157163
-0.084119 0.089693 0.159777
-0.107761 0.093902 0.156224
-0.130329 0.098063 0.152155
-0.198428 0.091925 0.138671
-0.219308 0.088216 0.133027
-0.236027 0.085151 0.128062
-0.245457 0.083632 0.125053
-0.246361 0.081315 0.125547
-0.176539 0.095372 0.143707
-0.248389 0.076138 0.126649
-0.238394 0.037747 0.142026
-0.238599 0.037691 0.141341
-0.239185 0.037641 0.140924
-0.239467 0.049289 0.138544
-0.242180 0.057935 0.135182
-0.246510 0.063741 0.131629
-0.250444 0.070579 0.127843
-0.251454 0.067139 0.128613
-0.153448 0.098381 0.148065
-0.240400 -0.012319 0.144343
-0.240647 0.000000 0.144661
-0.240400 0.012319 0.144343
-0.239658 0.024835 0.143446
-0.218503 -0.090017 0.131403
-0.197496 -0.093839 0.137053
-0.235152 -0.086881 0.126486
-0.244059 -0.085426 0.123668
-0.247908 -0.084960 0.122206
-0.175536 -0.097342 0.142090
-0.249378 -0.084826 0.121358
-0.250564 -0.083858 0.122036
-0.251186 -0.082968 0.122383
-0.252076 -0.080793 0.122828
-0.254039 -0.075975 0.123823
-0.256010 -0.070911 0.124819
-0.240626 -0.012291 0.143658
-0.242526 -0.024680 0.141595
-0.245528 -0.037345 0.138713
-0.241290 -0.012269 0.143213
-0.249491 -0.048696 0.135047
-0.253467 -0.057306 0.131113
-0.256830 -0.064038 0.127306
-0.257705 -0.057186 0.129474
-0.256914 -0.068000 0.125250
-0.257225 -0.066552 0.125363
-0.061304 -0.096608 0.160455
-0.078900 -0.101270 0.157707
-0.103594 -0.102598 0.154698
-0.128478 -0.101792 0.151188
-0.152417 -0.100387 0.146448
-0.054177 -0.102280 0.159890
-0.058987 -0.102082 0.159466
-0.013435 -0.100373 0.177492
-0.015363 -0.094270 0.178403
-0.020392 -0.078080 0.180763
-0.025973 -0.055053 0.183320
-0.028713 -0.105331 0.164297
-0.029561 -0.028424 0.184824
-0.042678 -0.108983 0.153391
-0.041117 -0.108503 0.154691
-0.043667 -0.109117 0.153695
-0.037373 -0.107705 0.157792
-0.045687 -0.108891 0.155412
-0.049169 -0.108460 0.157735
-0.047820 -0.108580 0.157199
-0.049572 -0.107450 0.157283
-0.049981 -0.106504 0.158089
-0.050370 -0.105600 0.159205
-0.050737 -0.104738 0.159678
-0.053188 -0.104653 0.159459
-0.030861 0.000000 0.185304
-0.029561 0.028424 0.184817
-0.025973 0.055053 0.183320
-0.020392 0.078080 0.180763
-0.015363 0.094270 0.178403
-0.013435 0.100373 0.177499
-0.028713 0.105331 0.164297
-0.054177 0.102280 0.159890
-0.061304 0.096608 0.160455
-0.081492 0.095520 0.158731
-0.058987 0.102082 0.159466
-0.042678 0.108983 0.153391
-0.043667 0.109117 0.153695
-0.045680 0.108891 0.155412
-0.049169 0.108460 0.157728
-0.049572 0.107450 0.157283
-0.047820 0.108580 0.157199
-0.049981 0.106504 0.158089
-0.050370 0.105600 0.159205
-0.050737 0.104738 0.159678
-0.041117 0.108503 0.154691
-0.053188 0.104653 0.159459
-0.037373 0.107705 0.157792
-0.104872 0.099935 0.155164
-0.128980 0.100789 0.151682
-0.197969 0.092892 0.138184
-0.218906 0.089135 0.132533
-0.235632 0.086034 0.127567
-0.244935 0.084522 0.124615
-0.249137 0.083992 0.122990
-0.249787 0.083088 0.123371
-0.250691 0.080835 0.123845
-0.176037 0.096368 0.143220
-0.252719 0.075820 0.124890
-0.239877 0.024786 0.142747
-0.241156 0.037550 0.140239
-0.240513 0.024751 0.142309
-0.243889 0.049000 0.137032
-0.247880 0.057525 0.133211
-0.252196 0.063487 0.129517
-0.254760 0.070473 0.126006
-0.255692 0.067238 0.126677
-0.152939 0.099391 0.147571
-0.240866 0.000000 0.143983
-0.240626 0.012291 0.143658
-0.234714 -0.087736 0.125709
-0.218100 -0.090915 0.130590
-0.197030 -0.094807 0.136248
-0.243352 -0.086323 0.122976
-0.246955 -0.085928 0.121613
-0.248459 -0.085793 0.120843
-0.175027 -0.098352 0.141277
-0.250550 -0.083950 0.121111
-0.249561 -0.084868 0.120617
-0.251101 -0.083095 0.121387
-0.251935 -0.081054 0.121817
-0.253764 -0.076569 0.122750
-0.256512 -0.069265 0.123873
-0.255615 -0.071892 0.123626
-0.241544 0.000000 0.143545
-0.246870 -0.024539 0.140063
-0.243338 -0.012234 0.142478
-0.251037 -0.037112 0.136721
-0.254986 -0.048498 0.132971
-0.258101 -0.062950 0.127037
-0.257444 -0.065889 0.125385
-0.259175 -0.048385 0.131346
-0.259344 -0.057066 0.128867
-0.256851 -0.067993 0.123809
-0.257041 -0.067365 0.123774
-0.077762 -0.103798 0.157255
-0.103120 -0.103579 0.154204
-0.127956 -0.102802 0.150057
-0.151894 -0.101411 0.145636
-0.057970 -0.104484 0.159028
-0.013294 -0.101192 0.177570
0.006421 -0.095689 0.193110
0.004507 -0.089671 0.193985
-0.000466 -0.073736 0.196281
-0.005997 -0.051458 0.198774
-0.029024 -0.105677 0.164884
-0.009571 -0.026425 0.200251
-0.043165 -0.109470 0.154677
-0.041632 -0.108792 0.156125
-0.044027 -0.109809 0.154733
-0.038030 -0.107888 0.159162
-0.045637 -0.109696 0.156189
-0.048738 -0.109506 0.158477
-0.047417 -0.109689 0.158166
-0.051599 -0.108397 0.157509
-0.051168 -0.109442 0.158251
-0.052009 -0.107387 0.157057
-0.052425 -0.106426 0.157863
-0.052821 -0.105522 0.158986
-0.057589 -0.105374 0.158555
-0.010864 0.000000 0.200731
-0.009571 0.026425 0.200251
-0.005997 0.051458 0.198774
-0.000466 0.073736 0.196281
0.004507 0.089671 0.193985
0.006421 0.095689 0.193110
-0.013294 0.101192 0.177570
-0.029024 0.105677 0.164884
-0.057970 0.104484 0.159028
-0.078900 0.101270 0.157707
-0.077762 0.103798 0.157255
-0.043165 0.109470 0.154677
-0.044027 0.109809 0.154733
-0.045637 0.109696 0.156189
-0.048738 0.109506 0.158477
-0.051168 0.109442 0.158251
-0.051599 0.108397 0.157502
-0.052009 0.107387 0.157057
-0.047417 0.109689 0.158166
-0.052425 0.106426 0.157863
-0.052821 0.105522 0.158986
-0.041632 0.108792 0.156125
-0.057589 0.105374 0.158555
-0.038030 0.107888 0.159162
-0.103594 0.102598 0.154691
-0.128478 0.101792 0.151188
-0.218503 0.090017 0.131403
-0.235152 0.086881 0.126486
-0.197496 0.093839 0.137053
-0.244059 0.085426 0.123668
-0.247908 0.084960 0.122206
-0.249378 0.084826 0.121358
-0.250564 0.083858 0.122036
-0.251186 0.082968 0.122383
-0.252076 0.080793 0.122828
-0.175536 0.097342 0.142090
-0.254039 0.075975 0.123823
-0.256010 0.070911 0.124819
-0.242526 0.024680 0.141595
-0.245521 0.037345 0.138713
-0.241290 0.012269 0.143213
-0.249491 0.048696 0.135047
-0.253467 0.057306 0.131113
-0.256830 0.064038 0.127306
-0.257705 0.057186 0.129474
-0.256914 0.068000 0.125250
-0.257225 0.066552 0.125363
-0.152417 0.100387 0.146448
-0.243359 -0.087206 0.123287
-0.234459 -0.088626 0.126119
-0.217698 -0.091875 0.131042
-0.196549 -0.095845 0.136693
-0.247153 -0.086825 0.121817
-0.248777 -0.085801 0.120228
-0.248622 -0.086691 0.120970
-0.248827 -0.086684 0.120271
-0.174504 -0.099426 0.141730
-0.250437 -0.084119 0.119564
-0.250953 -0.083314 0.119713
-0.249533 -0.084974 0.119458
-0.251694 -0.081492 0.120101
-0.253298 -0.077557 0.120942
-0.254972 -0.073397 0.121754
-0.255897 -0.070889 0.122043
-0.256349 -0.069540 0.122072
-0.243607 0.000000 0.142803
-0.243338 0.012234 0.142478
-0.252337 -0.024376 0.138071
-0.247703 -0.012163 0.140924
-0.256469 -0.036949 0.134659
-0.258419 -0.062710 0.126825
-0.257677 -0.065585 0.125194
-0.260623 -0.036857 0.133041
-0.260856 -0.048314 0.130703
-0.259726 -0.056911 0.128598
-0.256575 -0.068869 0.122079
-0.257105 -0.067231 0.123301
-0.077331 -0.104731 0.156775
-0.102619 -0.104575 0.153074
-0.127426 -0.103841 0.149238
-0.151357 -0.102499 0.146081
0.006555 -0.096502 0.193180
0.006202 -0.096834 0.193752
-0.013633 -0.101524 0.178149
0.028275 -0.092885 0.207328
0.028148 -0.092073 0.207251
0.026241 -0.086083 0.208063
0.021261 -0.070240 0.210182
0.015730 -0.048470 0.212499
-0.029822 -0.105812 0.166127
0.012135 -0.024729 0.213912
-0.043992 -0.109774 0.156697
-0.042621 -0.108934 0.158498
-0.044543 -0.110290 0.156061
-0.039195 -0.108015 0.161430
-0.046075 -0.110558 0.157559
-0.045496 -0.110226 0.156612
-0.048237 -0.110537 0.158548
-0.050667 -0.110473 0.158322
-0.047163 -0.110777 0.158357
-0.055901 -0.109322 0.157820
-0.055406 -0.110346 0.157891
-0.056339 -0.108277 0.157071
-0.056762 -0.107252 0.156626
-0.057186 -0.106285 0.157432
-0.076879 -0.105691 0.155645
0.010821 0.000000 0.214385
0.012135 0.024729 0.213912
0.015730 0.048470 0.212499
0.021261 0.070240 0.210182
0.026241 0.086083 0.208063
0.006555 0.096502 0.193180
0.028275 0.092885 0.207328
0.028148 0.092073 0.207251
-0.013633 0.101524 0.178142
0.006202 0.096834 0.193752
-0.029822 0.105812 0.166127
-0.077331 0.104731 0.156775
-0.103120 0.103579 0.154204
-0.043992 0.109774 0.156697
-0.044543 0.110290 0.156061
-0.046075 0.110558 0.157559
-0.045496 0.110226 0.156612
-0.055901 0.109322 0.157820
-0.056339 0.108277 0.157071
-0.055406 0.110346 0.157891
-0.050667 0.110473 0.158322
-0.048237 0.110537 0.158548
-0.056762 0.107252 0.156626
-0.047163 0.110777 0.158357
-0.057186 0.106285 0.157432
-0.042621 0.108934 0.158491
-0.076879 0.105691 0.155652
-0.039195 0.108015 0.161430
-0.127956 0.102802 0.150057
-0.218100 0.090915 0.130590
-0.234714 0.087736 0.125709
-0.243352 0.086323 0.122976
-0.197030 0.094807 0.136248
-0.246955 0.085928 0.121613
-0.248459 0.085793 0.120843
-0.249561 0.084868 0.120617
-0.250550 0.083950 0.121111
-0.251101 0.083095 0.121387
-0.251935 0.081054 0.121817
-0.253764 0.076569 0.122750
-0.175027 0.098352 0.141277
-0.256512 0.069265 0.123873
-0.255615 0.071892 0.123626
-0.246870 0.024539 0.140063
-0.251037 0.037112 0.136721
-0.254986 0.048498 0.132971
-0.258101 0.062950 0.127037
-0.257437 0.065889 0.125385
-0.259175 0.048385 0.131346
-0.259344 0.057066 0.128867
-0.256851 0.067993 0.123809
-0.257041 0.067365 0.123774
-0.151894 0.101411 0.145636
-0.243529 -0.088033 0.123852
-0.234247 -0.089495 0.126825
-0.217309 -0.092815 0.131798
-0.196104 -0.096855 0.137456
-0.247640 -0.087637 0.122213
-0.248805 -0.085850 0.119352
-0.249081 -0.087489 0.120419
-0.249046 -0.087496 0.121266
-0.249053 -0.087475 0.119070
-0.248827 -0.086705 0.119218
-0.174031 -0.100471 0.142492
-0.250310 -0.084275 0.118088
-0.250804 -0.083526 0.118102
-0.251468 -0.081909 0.118462
-0.249420 -0.085073 0.118363
-0.252853 -0.078518 0.119204
-0.254350 -0.074831 0.119974
-0.255325 -0.072345 0.120398
-0.255890 -0.070833 0.120595
-0.256173 -0.070091 0.120687
-0.247986 0.000000 0.141235
-0.247703 0.012163 0.140924
-0.257727 -0.024263 0.136008
-0.253185 -0.012079 0.138918
-0.257494 -0.066524 0.123145
-0.258052 -0.065217 0.124678
-0.258871 -0.062413 0.126246
-0.261873 -0.024200 0.134376
-0.262339 -0.036822 0.132370
-0.261308 -0.048251 0.130371
-0.260206 -0.056706 0.127970
-0.256561 -0.068841 0.121690
-0.256575 -0.068537 0.120991
-0.256950 -0.067711 0.121521
-0.102110 -0.105621 0.152254
-0.126889 -0.104950 0.149683
-0.150863 -0.103565 0.146836
0.027887 -0.093217 0.207879
0.026961 -0.093344 0.209031
0.005333 -0.096954 0.194939
-0.014480 -0.101637 0.179343
0.038298 -0.067916 0.220043
0.043292 -0.083766 0.218086
0.045320 -0.090568 0.217422
0.044910 -0.090900 0.217959
0.045207 -0.089756 0.217337
0.032746 -0.046443 0.222190
0.029137 -0.023571 0.223539
-0.031136 -0.105988 0.168147
0.027809 0.000000 0.224005
-0.045044 -0.110820 0.157269
-0.044571 -0.110247 0.158378
-0.043370 -0.109280 0.160533
-0.040135 -0.108361 0.163400
-0.045870 -0.111441 0.157629
-0.053965 -0.113172 0.157149
-0.049197 -0.113341 0.157573
-0.046746 -0.113426 0.157792
-0.045715 -0.113567 0.157608
-0.075474 -0.108842 0.156019
-0.074993 -0.109866 0.156097
-0.073708 -0.112536 0.155397
-0.075947 -0.107768 0.155277
-0.076413 -0.106694 0.154832
0.029137 0.023571 0.223539
0.032746 0.046443 0.222190
0.038298 0.067916 0.220043
0.043292 0.083766 0.218086
0.045320 0.090568 0.217422
0.027887 0.093217 0.207879
0.044910 0.090900 0.217959
0.045207 0.089756 0.217337
0.026961 0.093344 0.209031
0.005333 0.096954 0.194939
-0.014480 0.101637 0.179343
-0.031136 0.105988 0.168147
-0.102619 0.104575 0.153074
-0.044571 0.110247 0.158378
-0.045044 0.110820 0.157269
-0.045870 0.111441 0.157629
-0.075474 0.108842 0.156019
-0.074993 0.109866 0.156097
-0.075947 0.107768 0.155277
-0.053965 0.113172 0.157149
-0.073708 0.112536 0.155397
-0.049197 0.113341 0.157573
-0.046746 0.113426 0.157792
-0.076413 0.106694 0.154832
-0.045715 0.113567 0.157608
-0.043370 0.109280 0.160533
-0.102110 0.105621 0.152254
-0.040135 0.108361 0.163400
-0.127426 0.103841 0.149238
-0.243359 0.087206 0.123287
-0.234459 0.088626 0.126119
-0.217698 0.091875 0.131042
-0.247153 0.086825 0.121817
-0.196549 0.095845 0.136693
-0.248777 0.085801 0.120228
-0.248622 0.086691 0.120970
-0.248827 0.086684 0.120271
-0.249533 0.084974 0.119458
-0.250437 0.084119 0.119564
-0.250946 0.083314 0.119713
-0.251694 0.081492 0.120101
-0.253305 0.077557 0.120942
-0.254972 0.073397 0.121754
-0.174504 0.099426 0.141730
-0.255897 0.070889 0.122043
-0.256349 0.069540 0.122072
-0.252337 0.024376 0.138071
-0.256462 0.036949 0.134659
-0.258419 0.062710 0.126825
-0.257677 0.065585 0.125194
-0.257197 0.067033 0.123583
-0.260623 0.036857 0.133041
-0.260856 0.048314 0.130703
-0.259726 0.056911 0.128598
-0.256575 0.068869 0.122079
-0.256681 0.068551 0.121874
-0.151357 0.102499 0.146081
-0.243338 -0.088795 0.123894
-0.247548 -0.088358 0.122220
-0.233937 -0.090307 0.126910
-0.216956 -0.093676 0.131904
-0.195744 -0.097759 0.137576
-0.248947 -0.088195 0.121245
-0.248714 -0.085899 0.118526
-0.248933 -0.088153 0.120348
-0.248756 -0.086726 0.118194
-0.249003 -0.087468 0.117728
-0.248911 -0.088096 0.118907
-0.173642 -0.101397 0.142605
-0.249363 -0.085130 0.117805
-0.250253 -0.084345 0.117374
-0.250741 -0.083625 0.117332
-0.251355 -0.082120 0.117657
-0.252627 -0.079013 0.118328
-0.248657 -0.085935 0.118060
-0.254025 -0.075573 0.119056
-0.255021 -0.073093 0.119543
-0.255657 -0.071504 0.119833
-0.255968 -0.070727 0.119967
-0.256286 -0.069731 0.120836
-0.256123 -0.070218 0.120136
-0.253503 0.000000 0.139215
-0.253185 0.012079 0.138918
-0.258602 -0.012022 0.136834
-0.257727 -0.066341 0.122566
-0.258433 -0.064928 0.124148
-0.259309 -0.062173 0.125660
-0.262756 -0.011987 0.135196
-0.263596 -0.024171 0.133705
-0.262848 -0.036787 0.132003
-0.261802 -0.048124 0.129700
-0.260651 -0.056529 0.127341
-0.256314 -0.069427 0.120504
-0.255742 -0.069660 0.118900
-0.256907 -0.067965 0.120645
-0.101595 -0.106730 0.152692
-0.126380 -0.106045 0.150432
-0.150446 -0.104505 0.146942
-0.015843 -0.101828 0.181285
0.003941 -0.097145 0.196853
0.025464 -0.093549 0.210888
0.043963 -0.091035 0.219047
0.042473 -0.091239 0.220742
0.049127 -0.082975 0.221512
0.044154 -0.067125 0.223426
0.038623 -0.045743 0.225538
0.051034 -0.088958 0.220784
0.051147 -0.089777 0.220869
0.050737 -0.090109 0.221413
0.049890 -0.090222 0.222395
0.035021 -0.023168 0.226873
0.033707 0.000000 0.227346
-0.032210 -0.106391 0.169906
-0.044783 -0.111823 0.157389
-0.044331 -0.111236 0.158661
-0.043208 -0.110198 0.160978
-0.040107 -0.109209 0.163881
-0.044557 -0.113899 0.156902
-0.045821 -0.119910 0.155857
-0.050681 -0.119642 0.155461
-0.070784 -0.118568 0.153815
-0.043328 -0.120045 0.156054
-0.042466 -0.119797 0.155941
-0.101093 -0.107832 0.153434
-0.100634 -0.108835 0.153519
-0.099497 -0.111356 0.152862
-0.096940 -0.116979 0.151407
0.035021 0.023168 0.226873
0.038623 0.045743 0.225538
0.044161 0.067125 0.223426
0.049127 0.082975 0.221512
0.051034 0.088958 0.220784
0.051147 0.089777 0.220869
0.050737 0.090109 0.221413
0.043963 0.091035 0.219047
0.049890 0.090222 0.222395
-0.015843 0.101828 0.181285
0.003941 0.097145 0.196853
0.025464 0.093549 0.210888
0.042473 0.091239 0.220742
-0.032210 0.106391 0.169906
-0.044783 0.111823 0.157389
-0.044331 0.111236 0.158661
-0.044557 0.113899 0.156902
-0.101093 0.107832 0.153434
-0.100634 0.108835 0.153519
-0.099497 0.111356 0.152862
-0.101595 0.106730 0.152692
-0.050681 0.119642 0.155461
-0.070784 0.118568 0.153815
-0.096940 0.116979 0.151407
-0.045821 0.119910 0.155857
-0.043328 0.120045 0.156054
-0.042466 0.119797 0.155941
-0.043208 0.110198 0.160978
-0.126889 0.104950 0.149683
-0.040107 0.109209 0.163881
-0.243529 0.088033 0.123852
-0.234247 0.089495 0.126825
-0.217309 0.092815 0.131798
-0.247640 0.087637 0.122213
-0.196104 0.096855 0.137456
-0.248805 0.085850 0.119352
-0.249046 0.087496 0.121266
-0.249081 0.087489 0.120419
-0.248827 0.086705 0.119218
-0.249053 0.087475 0.119070
-0.249420 0.085073 0.118363
-0.250310 0.084275 0.118088
-0.250804 0.083526 0.118102
-0.251468 0.081909 0.118462
-0.252853 0.078518 0.119204
-0.254350 0.074831 0.119974
-0.255325 0.072345 0.120398
-0.174031 0.100471 0.142492
-0.255890 0.070833 0.120595
-0.256173 0.070091 0.120687
-0.257727 0.024263 0.136008
-0.258052 0.065217 0.124678
-0.258871 0.062413 0.126246
-0.257444 0.066665 0.123075
-0.261873 0.024200 0.134376
-0.262339 0.036822 0.132370
-0.261308 0.048251 0.130371
-0.260206 0.056706 0.127970
-0.256250 0.069795 0.120497
-0.256766 0.068290 0.121245
-0.150863 0.103565 0.146836
-0.246100 -0.090957 0.121471
-0.241961 -0.091458 0.123124
-0.247499 -0.090724 0.120518
-0.232694 -0.092984 0.126154
-0.215882 -0.096290 0.131226
-0.194798 -0.100281 0.136983
-0.248714 -0.086740 0.117572
-0.247541 -0.090576 0.119649
-0.248968 -0.087460 0.116901
-0.248897 -0.088033 0.117480
-0.248883 -0.087997 0.116605
-0.247605 -0.090349 0.118250
-0.172675 -0.103869 0.142026
-0.249724 -0.084621 0.116958
-0.249060 -0.085462 0.117360
-0.248763 -0.085998 0.117572
-0.250296 -0.083470 0.117000
-0.251066 -0.081690 0.117382
-0.253439 -0.075905 0.118596
-0.252295 -0.078977 0.117975
-0.254414 -0.073531 0.119084
-0.255099 -0.071921 0.119416
-0.255389 -0.071130 0.119564
-0.255452 -0.070727 0.119508
-0.255459 -0.070261 0.119211
-0.258942 0.000000 0.137117
-0.258602 0.012022 0.136834
-0.258687 -0.064829 0.123915
-0.257910 -0.066284 0.122305
-0.259591 -0.062095 0.125406
-0.263109 0.000000 0.135471
-0.264472 -0.011973 0.134518
-0.264140 -0.024143 0.133324
-0.263406 -0.036702 0.131283
-0.262247 -0.048011 0.129043
-0.260933 -0.056473 0.127066
-0.253481 -0.070685 0.117968
-0.256971 -0.068064 0.120256
-0.255572 -0.069675 0.118476
-0.125950 -0.107019 0.150524
-0.149408 -0.106970 0.146349
-0.016960 -0.102266 0.182966
0.002797 -0.097604 0.198520
0.024242 -0.094037 0.212506
0.041265 -0.091720 0.222218
0.048696 -0.090392 0.223779
0.047764 -0.090816 0.224952
0.049374 -0.082940 0.221660
0.044444 -0.067082 0.223596
0.038962 -0.045701 0.225729
0.051267 -0.088930 0.220919
0.051387 -0.089742 0.221010
0.050992 -0.090074 0.221568
0.050243 -0.090180 0.222494
0.049296 -0.090307 0.223702
0.035388 -0.023147 0.227078
0.034081 0.000000 0.227558
0.035388 0.023147 0.227078
-0.032309 -0.107203 0.170365
-0.043589 -0.113963 0.156662
-0.043109 -0.113306 0.157856
-0.041943 -0.112268 0.160123
-0.038920 -0.111166 0.163090
-0.031221 -0.109054 0.169659
-0.041823 -0.118943 0.155468
-0.041286 -0.117883 0.155341
-0.047523 -0.125978 0.153681
-0.042586 -0.126345 0.154048
-0.067986 -0.124487 0.152148
-0.094503 -0.122503 0.149860
-0.040050 -0.126529 0.154239
-0.038701 -0.126811 0.154020
-0.039019 -0.123866 0.154048
-0.124869 -0.109477 0.149902
-0.122446 -0.115022 0.148503
-0.120115 -0.120468 0.147006
0.038962 0.045701 0.225729
0.044444 0.067082 0.223596
0.049374 0.082940 0.221660
0.051267 0.088930 0.220919
0.051387 0.089742 0.221010
0.050992 0.090074 0.221568
0.050243 0.090180 0.222494
0.048696 0.090392 0.223779
0.049296 0.090307 0.223702
0.002797 0.097604 0.198520
-0.016960 0.102266 0.182966
0.024242 0.094037 0.212506
0.041265 0.091720 0.222218
0.047764 0.090816 0.224952
-0.032309 0.107203 0.170365
-0.043589 0.113963 0.156662
-0.043109 0.113306 0.157856
-0.041943 0.112268 0.160123
-0.041816 0.118943 0.155468
-0.041286 0.117883 0.155341
-0.126380 0.106045 0.150432
-0.125950 0.107019 0.150524
-0.124869 0.109477 0.149902
-0.122446 0.115022 0.148503
-0.047523 0.125978 0.153681
-0.067986 0.124487 0.152148
-0.094503 0.122503 0.149860
-0.120115 0.120468 0.147006
-0.042586 0.126345 0.154048
-0.040050 0.126529 0.154239
-0.038701 0.126811 0.154020
-0.039019 0.123866 0.154048
-0.038920 0.111166 0.163090
-0.031221 0.109054 0.169659
-0.243338 0.088795 0.123894
-0.247548 0.088358 0.122220
-0.233937 0.090307 0.126910
-0.216956 0.093676 0.131904
-0.248947 0.088195 0.121245
-0.195744 0.097759 0.137576
-0.248714 0.085899 0.118526
-0.248933 0.088153 0.120348
-0.248756 0.086726 0.118194
-0.249003 0.087468 0.117728
-0.248911 0.088096 0.118907
-0.249363 0.085130 0.117805
-0.250253 0.084345 0.117374
-0.250741 0.083625 0.117332
-0.248657 0.085935 0.118060
-0.251355 0.082120 0.117657
-0.252627 0.079013 0.118328
-0.254025 0.075573 0.119056
-0.255021 0.073100 0.119543
-0.255657 0.071504 0.119833
-0.173642 0.101397 0.142605
-0.255961 0.070727 0.119974
-0.256060 0.070416 0.119868
-0.258433 0.064928 0.124148
-0.259309 0.062173 0.125660
-0.257712 0.066376 0.122552
-0.262756 0.011987 0.135196
-0.263596 0.024171 0.133705
-0.262848 0.036787 0.132003
-0.261802 0.048124 0.129700
-0.260651 0.056529 0.127341
-0.256222 0.069625 0.119818
-0.256858 0.068114 0.120574
-0.150446 0.104505 0.146942
-0.238570 -0.097992 0.121238
-0.242491 -0.097399 0.119621
-0.243875 -0.097024 0.118710
-0.244038 -0.096636 0.117897
-0.229663 -0.099461 0.124311
-0.213325 -0.102470 0.129616
-0.192580 -0.106136 0.135598
-0.248572 -0.086669 0.117120
-0.244306 -0.096014 0.116598
-0.248593 -0.087453 0.116386
-0.247668 -0.090116 0.116866
-0.248558 -0.087969 0.116103
-0.247711 -0.089975 0.116025
-0.244567 -0.095400 0.115298
-0.170443 -0.109569 0.140698
-0.248205 -0.086422 0.116612
-0.248177 -0.085384 0.116379
-0.249031 -0.082919 0.116739
-0.250317 -0.080185 0.117339
-0.252916 -0.074033 0.118632
-0.252040 -0.076109 0.118194
-0.251560 -0.078349 0.117812
-0.253693 -0.072443 0.118985
-0.253891 -0.071666 0.119119
-0.253771 -0.071292 0.118978
-0.253616 -0.070939 0.118498
-0.259012 -0.064921 0.123887
-0.258200 -0.066397 0.122227
-0.259945 -0.062173 0.125385
-0.264811 0.000000 0.134800
-0.264472 0.011973 0.134518
-0.264967 -0.011959 0.134157
-0.264720 -0.024094 0.132589
-0.265475 -0.011930 0.133458
-0.263893 -0.036631 0.130590
-0.262530 -0.047968 0.128754
-0.261336 -0.056529 0.127037
-0.252125 -0.071236 0.117827
-0.253432 -0.070635 0.117664
-0.257197 -0.068212 0.120094
-0.255714 -0.069851 0.118229
-0.147034 -0.112592 0.144979
-0.017080 -0.103120 0.183404
0.002698 -0.098536 0.198951
0.024129 -0.095004 0.212923
0.041159 -0.092687 0.222607
0.047707 -0.091720 0.225298
0.048597 -0.090660 0.224683
0.048590 -0.091423 0.224931
0.049664 -0.082897 0.221830
0.044783 -0.067033 0.223786
0.039351 -0.045659 0.225948
0.051535 -0.088894 0.221081
0.051288 -0.090032 0.221738
0.051663 -0.089707 0.221173
0.050525 -0.090138 0.222769
0.049459 -0.090286 0.224231
0.035812 -0.023119 0.227318
0.034519 0.000000 0.227806
0.035812 0.023119 0.227318
0.039351 0.045659 0.225948
-0.040749 -0.117014 0.156294
-0.039393 -0.116096 0.158279
-0.036370 -0.114846 0.161260
-0.028734 -0.112543 0.167949
-0.015999 -0.104992 0.182726
-0.036349 -0.120518 0.154945
-0.037818 -0.122496 0.153639
-0.067061 -0.126818 0.151188
-0.046485 -0.128436 0.152685
-0.041526 -0.128824 0.153045
-0.093683 -0.124699 0.148920
-0.119317 -0.122623 0.146059
-0.038976 -0.129022 0.153229
-0.037083 -0.127574 0.153229
-0.037988 -0.128916 0.153151
-0.037536 -0.125957 0.153398
-0.037196 -0.125151 0.153158
-0.144732 -0.118116 0.143495
-0.143926 -0.120278 0.142542
0.044783 0.067040 0.223786
0.049664 0.082905 0.221830
0.051535 0.088894 0.221081
0.051663 0.089707 0.221173
0.051288 0.090039 0.221738
0.050525 0.090138 0.222769
0.048597 0.090660 0.224683
0.049466 0.090286 0.224231
-0.017080 0.103120 0.183404
0.002698 0.098536 0.198951
0.024129 0.095004 0.212923
0.041159 0.092687 0.222607
0.047707 0.091720 0.225298
0.048590 0.091423 0.224931
-0.040757 0.117021 0.156294
-0.039393 0.116096 0.158279
-0.036370 0.114846 0.161260
-0.036349 0.120518 0.154945
-0.037818 0.122496 0.153639
-0.149408 0.106970 0.146349
-0.147034 0.112592 0.144979
-0.144732 0.118116 0.143495
-0.067061 0.126818 0.151188
-0.046485 0.128436 0.152685
-0.093683 0.124699 0.148920
-0.119317 0.122623 0.146059
-0.143926 0.120278 0.142542
-0.041526 0.128824 0.153045
-0.038976 0.129022 0.153229
-0.037988 0.128916 0.153151
-0.037083 0.127574 0.153229
-0.037536 0.125957 0.153398
-0.037196 0.125151 0.153151
-0.028734 0.112543 0.167949
-0.015999 0.104992 0.182726
-0.241961 0.091458 0.123124
-0.246100 0.090957 0.121471
-0.247499 0.090724 0.120518
-0.232694 0.092984 0.126154
-0.215882 0.096290 0.131226
-0.194798 0.100281 0.136983
-0.248706 0.086740 0.117572
-0.247541 0.090576 0.119649
-0.248968 0.087460 0.116901
-0.248897 0.088033 0.117480
-0.248883 0.087997 0.116605
-0.247605 0.090349 0.118250
-0.248763 0.085998 0.117572
-0.249060 0.085462 0.117360
-0.249724 0.084621 0.116958
-0.250296 0.083470 0.117000
-0.251066 0.081690 0.117382
-0.252295 0.078977 0.117975
-0.253439 0.075905 0.118596
-0.254414 0.073531 0.119084
-0.255099 0.071921 0.119416
-0.255389 0.071130 0.119564
-0.172675 0.103869 0.142026
-0.255431 0.070776 0.119444
-0.256038 0.070226 0.119423
-0.258687 0.064829 0.123915
-0.259591 0.062095 0.125406
-0.257910 0.066284 0.122305
-0.264140 0.024143 0.133324
-0.263406 0.036709 0.131283
-0.262247 0.048011 0.129043
-0.260933 0.056473 0.127066
-0.255685 0.069830 0.118717
-0.256971 0.068064 0.120256
-0.238846 -0.103820 0.117593
-0.235123 -0.104491 0.119162
-0.240216 -0.103304 0.116718
-0.240506 -0.102689 0.115969
-0.240965 -0.101686 0.114768
-0.226577 -0.105889 0.122298
-0.210740 -0.108587 0.127857
-0.190383 -0.111900 0.134087
-0.241417 -0.100698 0.113567
-0.247492 -0.087439 0.115955
-0.244723 -0.095033 0.114521
-0.247315 -0.089855 0.115531
-0.247598 -0.087927 0.115778
-0.241692 -0.100097 0.112847
-0.168267 -0.115171 0.139250
-0.245450 -0.087863 0.115305
-0.247682 -0.082452 0.116379
-0.249886 -0.076639 0.117593
-0.252415 -0.073009 0.118660
-0.251511 -0.074209 0.118328
-0.252224 -0.072458 0.118688
-0.251935 -0.072189 0.118519
-0.251737 -0.071688 0.118095
-0.259606 -0.065210 0.123958
-0.258744 -0.066729 0.122206
-0.260609 -0.062413 0.125483
-0.262127 -0.056706 0.127129
-0.265270 0.000000 0.134454
-0.264967 0.011959 0.134157
-0.265708 0.000000 0.133790
-0.265228 -0.024044 0.131883
-0.265913 -0.011909 0.132780
-0.266090 0.000000 0.133140
-0.264197 -0.036603 0.130301
-0.262968 -0.048011 0.128719
-0.251511 -0.071469 0.117523
-0.253446 -0.070791 0.117396
-0.257656 -0.068622 0.119896
-0.256024 -0.070296 0.117869
0.003277 -0.100450 0.198033
0.023140 -0.096876 0.211319
0.041562 -0.094482 0.221985
0.048279 -0.092638 0.225312
0.048639 -0.090583 0.225376
0.049028 -0.092122 0.225058
0.048837 -0.091409 0.225863
0.048604 -0.091119 0.225446
0.049748 -0.082890 0.222176
0.051606 -0.088880 0.221413
0.044910 -0.067019 0.224147
0.039520 -0.045637 0.226336
0.050617 -0.089855 0.223073
0.051437 -0.089735 0.221922
0.051641 -0.089495 0.221455
0.049332 -0.090032 0.224888
0.036010 -0.023105 0.227721
0.034724 0.000000 0.228215
0.036010 0.023105 0.227721
0.039520 0.045637 0.226336
0.044910 0.067026 0.224147
-0.034788 -0.119748 0.156641
-0.031765 -0.118434 0.159628
-0.013520 -0.108453 0.181045
-0.024369 -0.116054 0.166282
0.004182 -0.103862 0.195667
-0.028960 -0.121966 0.154811
-0.028960 -0.123096 0.154218
-0.036596 -0.125031 0.153066
-0.035784 -0.125879 0.153363
-0.035664 -0.125794 0.153716
-0.033177 -0.125766 0.153949
-0.067089 -0.128422 0.149069
-0.046556 -0.129976 0.150587
-0.041618 -0.130350 0.150954
-0.039082 -0.130541 0.151138
-0.093655 -0.126331 0.146780
-0.119253 -0.124155 0.143933
-0.038108 -0.130428 0.151075
-0.036963 -0.128450 0.152770
-0.036095 -0.127906 0.152339
-0.036349 -0.126974 0.152840
-0.037083 -0.129933 0.150728
-0.036617 -0.125385 0.152932
-0.167455 -0.117346 0.138297
-0.143757 -0.121697 0.140437
-0.167045 -0.118745 0.136206
0.049748 0.082890 0.222176
0.051606 0.088887 0.221413
0.051641 0.089495 0.221455
0.051437 0.089742 0.221922
0.050617 0.089855 0.223073
0.048639 0.090583 0.225376
0.049332 0.090032 0.224888
0.003744 0.100358 0.198344
0.025019 0.096502 0.212562
0.041851 0.093811 0.222515
0.048279 0.092638 0.225312
0.049028 0.092122 0.225058
0.048604 0.091119 0.225446
-0.034788 0.119748 0.156641
-0.031765 0.118434 0.159628
-0.028967 0.121973 0.154811
-0.028967 0.123096 0.154218
-0.035664 0.125794 0.153716
-0.035784 0.125879 0.153363
-0.036596 0.125031 0.153066
-0.036617 0.125385 0.152932
-0.033177 0.125766 0.153949
-0.170443 0.109569 0.140698
-0.168267 0.115171 0.139250
-0.167455 0.117346 0.138297
-0.067089 0.128422 0.149069
-0.046556 0.129976 0.150587
-0.041618 0.130350 0.150954
-0.093655 0.126331 0.146780
-0.119253 0.124155 0.143933
-0.143757 0.121697 0.140437
-0.167045 0.118745 0.136206
-0.039082 0.130541 0.151138
-0.038108 0.130428 0.151075
-0.036963 0.128450 0.152770
-0.037083 0.129933 0.150728
-0.036095 0.127906 0.152339
-0.036349 0.126974 0.152840
-0.013520 0.108453 0.181045
-0.024369 0.116054 0.166282
-0.238570 0.097992 0.121238
-0.242491 0.097399 0.119621
-0.243875 0.097024 0.118710
-0.244038 0.096636 0.117897
-0.229663 0.099461 0.124311
-0.213325 0.102470 0.129616
-0.192580 0.106136 0.135598
-0.248593 0.087453 0.116386
-0.248572 0.086669 0.117120
-0.244306 0.096014 0.116598
-0.247668 0.090116 0.116866
-0.248558 0.087969 0.116103
-0.247711 0.089975 0.116025
-0.244567 0.095400 0.115298
-0.248177 0.085384 0.116379
-0.249031 0.082919 0.116739
-0.248212 0.086422 0.116612
-0.250317 0.080185 0.117339
-0.252916 0.074033 0.118632
-0.252040 0.076109 0.118194
-0.251560 0.078349 0.117812
-0.253693 0.072443 0.118985
-0.253884 0.071659 0.119119
-0.253771 0.071292 0.118978
-0.255389 0.070459 0.118943
-0.259005 0.064921 0.123887
-0.259945 0.062173 0.125385
-0.258200 0.066397 0.122227
-0.264720 0.024094 0.132589
-0.265475 0.011930 0.133458
-0.263893 0.036631 0.130590
-0.262530 0.047968 0.128754
-0.261336 0.056529 0.127037
-0.253481 0.070685 0.117968
-0.255572 0.069675 0.118476
-0.257197 0.068212 0.120094
-0.237257 -0.106348 0.116294
-0.238648 -0.105783 0.115446
-0.233562 -0.107048 0.117841
-0.238980 -0.105077 0.114740
-0.239524 -0.103933 0.113603
-0.240061 -0.102795 0.112472
-0.225136 -0.108418 0.121012
-0.209568 -0.110975 0.126720
-0.189472 -0.114146 0.133098
-0.240386 -0.102117 0.111787
-0.244348 -0.094785 0.114048
-0.246072 -0.089678 0.115178
-0.241375 -0.099737 0.112409
-0.241601 -0.094369 0.113256
-0.246969 -0.082558 0.115764
-0.244320 -0.088336 0.114394
-0.248848 -0.077656 0.116576
-0.250790 -0.073694 0.118095
-0.250296 -0.073701 0.117339
-0.251172 -0.073665 0.118328
-0.249907 -0.074266 0.116767
-0.250769 -0.072726 0.117749
-0.261294 -0.062646 0.125568
-0.260220 -0.065486 0.124007
-0.259309 -0.067061 0.122171
-0.262947 -0.056883 0.127207
-0.263844 -0.048124 0.128796
-0.265546 -0.024023 0.131586
-0.266196 -0.011902 0.132490
-0.266351 0.000000 0.132851
-0.265913 0.011909 0.132780
-0.266196 0.011902 0.132490
-0.264614 -0.036631 0.130280
-0.251327 -0.071815 0.117219
-0.253510 -0.071165 0.116972
-0.258136 -0.069032 0.119691
-0.256342 -0.070748 0.117495
0.019276 -0.100062 0.206890
0.028770 -0.100041 0.211369
0.040269 -0.099087 0.217465
0.046429 -0.094884 0.223914
0.049226 -0.093118 0.225475
0.048336 -0.090455 0.226668
0.049883 -0.092454 0.225199
0.049642 -0.091550 0.226124
0.049028 -0.090526 0.227311
0.051239 -0.088937 0.222077
0.049388 -0.082940 0.222840
0.044564 -0.067068 0.224825
0.039181 -0.045680 0.227022
0.050398 -0.089050 0.223278
0.049042 -0.089240 0.225213
0.034399 0.000000 0.228907
0.035685 -0.023133 0.228413
0.035685 0.023133 0.228413
0.039181 0.045680 0.227022
0.044564 0.067068 0.224825
0.049388 0.082940 0.222840
-0.027371 -0.121323 0.156422
-0.024390 -0.120108 0.159438
-0.017616 -0.117940 0.165724
-0.009712 -0.112084 0.178983
0.011867 -0.106772 0.196493
-0.022229 -0.123315 0.154557
-0.022059 -0.122298 0.155171
-0.027166 -0.125738 0.154239
-0.035459 -0.126762 0.152685
-0.034682 -0.127468 0.153187
-0.034011 -0.127984 0.153730
-0.034731 -0.126529 0.153921
-0.033234 -0.128358 0.153956
-0.031051 -0.128238 0.154048
-0.067146 -0.132187 0.143926
-0.046725 -0.133578 0.145501
-0.041823 -0.133917 0.145883
-0.039308 -0.134087 0.146074
-0.038369 -0.133946 0.146038
-0.093599 -0.130152 0.141624
-0.119091 -0.127744 0.138862
-0.143354 -0.125010 0.135478
-0.037373 -0.133395 0.145805
-0.036222 -0.129375 0.150333
-0.035819 -0.126790 0.152593
-0.035586 -0.127588 0.152078
-0.035720 -0.129043 0.150100
-0.036525 -0.132766 0.145530
-0.188674 -0.115623 0.130908
-0.166106 -0.122008 0.131304
-0.186802 -0.119084 0.125794
0.051246 0.088937 0.222077
0.050398 0.089050 0.223278
0.048336 0.090455 0.226668
0.049035 0.089240 0.225213
0.006060 0.103488 0.196903
0.026799 0.098571 0.211856
0.043059 0.094757 0.222515
0.049226 0.093125 0.225475
0.049883 0.092454 0.225199
0.049642 0.091550 0.226124
0.048837 0.091409 0.225863
-0.027371 0.121323 0.156422
-0.024390 0.120108 0.159438
-0.022059 0.122298 0.155171
-0.022229 0.123315 0.154557
-0.027173 0.125731 0.154239
-0.034682 0.127468 0.153187
-0.035459 0.126762 0.152685
-0.035819 0.126790 0.152593
-0.034011 0.127984 0.153730
-0.034731 0.126529 0.153921
-0.031051 0.128238 0.154048
-0.033234 0.128358 0.153956
-0.190383 0.111900 0.134087
-0.189472 0.114146 0.133098
-0.188674 0.115623 0.130908
-0.067146 0.132187 0.143926
-0.046725 0.133578 0.145501
-0.041823 0.133917 0.145883
-0.039308 0.134087 0.146074
-0.093599 0.130152 0.141624
-0.143354 0.125010 0.135478
-0.119091 0.127744 0.138862
-0.166106 0.122008 0.131304
-0.186802 0.119084 0.125794
-0.038369 0.133946 0.146038
-0.037373 0.133395 0.145805
-0.036222 0.129375 0.150333
-0.036525 0.132766 0.145530
-0.035586 0.127588 0.152078
-0.035720 0.129043 0.150100
-0.009712 0.112084 0.178983
-0.017616 0.117940 0.165724
-0.235123 0.104491 0.119162
-0.238846 0.103820 0.117593
-0.240216 0.103311 0.116718
-0.240506 0.102689 0.115969
-0.240965 0.101686 0.114768
-0.226577 0.105889 0.122298
-0.210740 0.108587 0.127857
-0.247492 0.087439 0.115955
-0.241417 0.100698 0.113567
-0.244723 0.095033 0.114514
-0.247315 0.089855 0.115531
-0.247598 0.087927 0.115778
-0.241692 0.100097 0.112847
-0.245450 0.087863 0.115305
-0.247682 0.082452 0.116379
-0.249886 0.076639 0.117593
-0.251511 0.074209 0.118328
-0.252415 0.073009 0.118660
-0.252224 0.072458 0.118688
-0.253616 0.070939 0.118498
-0.251935 0.072189 0.118519
-0.260609 0.062413 0.125483
-0.259598 0.065203 0.123958
-0.258744 0.066729 0.122206
-0.262127 0.056706 0.127129
-0.265228 0.024044 0.131883
-0.264197 0.036603 0.130301
-0.262968 0.048011 0.128719
-0.252125 0.071236 0.117827
-0.253432 0.070635 0.117664
-0.255714 0.069851 0.118229
-0.257656 0.068622 0.119896
-0.235575 -0.108121 0.113475
-0.237052 -0.107521 0.112684
-0.237440 -0.106765 0.112070
-0.231698 -0.108884 0.114980
-0.238069 -0.105543 0.111081
-0.238690 -0.104335 0.110099
-0.239065 -0.103608 0.109506
-0.223278 -0.110247 0.118229
-0.208176 -0.112642 0.124226
-0.240103 -0.101715 0.111371
-0.243020 -0.094538 0.113687
-0.240061 -0.099468 0.112056
-0.238669 -0.099257 0.111632
-0.240972 -0.094369 0.112557
-0.248586 -0.077466 0.115962
-0.246474 -0.082933 0.115157
-0.243896 -0.088612 0.113807
-0.249681 -0.074344 0.116223
-0.251136 -0.072175 0.116753
-0.250967 -0.072429 0.116266
-0.261725 -0.062724 0.125505
-0.260623 -0.065578 0.123937
-0.259683 -0.067174 0.122051
-0.263434 -0.056939 0.127136
-0.264762 -0.048244 0.128867
-0.265454 -0.036709 0.130386
-0.265949 -0.024044 0.131572
-0.266620 -0.011909 0.132462
-0.266796 0.000000 0.132808
-0.266620 0.011909 0.132462
-0.265546 0.024023 0.131586
-0.265949 0.024044 0.131572
-0.253573 -0.071561 0.116527
-0.258433 -0.069180 0.119494
-0.256512 -0.070939 0.117226
0.035014 -0.103735 0.209885
0.055060 -0.101637 0.219584
0.054198 -0.098119 0.223447
0.054149 -0.094969 0.226209
0.054778 -0.093443 0.226471
0.048117 -0.089410 0.227014
0.055350 -0.092638 0.226117
0.055138 -0.091656 0.227064
0.054594 -0.090590 0.228300
0.048590 -0.089474 0.227813
0.054198 -0.089523 0.228816
0.048548 -0.083053 0.224041
0.043716 -0.067188 0.226026
0.038341 -0.045786 0.228222
0.047184 -0.083244 0.225976
0.034837 -0.023190 0.229614
0.033552 0.000000 0.230108
0.043716 0.067188 0.226026
0.038341 0.045786 0.228222
0.034837 0.023190 0.229614
0.048548 0.083053 0.224041
-0.020484 -0.121733 0.156803
-0.017539 -0.120659 0.159862
-0.004648 -0.114443 0.177132
-0.011372 -0.118787 0.165717
0.013286 -0.110459 0.191068
0.034929 -0.106850 0.204955
-0.019079 -0.122446 0.155327
-0.019495 -0.123223 0.154691
-0.021000 -0.125709 0.154543
-0.025167 -0.128408 0.154338
-0.035113 -0.127673 0.152155
-0.034343 -0.128330 0.152720
-0.033488 -0.129043 0.153335
-0.032761 -0.129305 0.153561
-0.030366 -0.129397 0.153681
-0.067068 -0.135627 0.138614
-0.046831 -0.136870 0.140232
-0.092765 -0.133762 0.136220
-0.041978 -0.137166 0.140628
-0.039492 -0.137315 0.140825
-0.038588 -0.137145 0.140840
-0.037613 -0.136531 0.140755
-0.116456 -0.131431 0.133324
-0.140670 -0.129488 0.129340
-0.165018 -0.126063 0.126041
-0.036780 -0.135846 0.140635
-0.036031 -0.132399 0.145367
-0.035247 -0.129128 0.150177
-0.035558 -0.132483 0.145424
-0.036299 -0.135436 0.140571
-0.204913 -0.116569 0.118406
-0.184527 -0.123294 0.120405
-0.200886 -0.121153 0.112487
0.048117 0.089410 0.227014
0.049028 0.090526 0.227311
0.047184 0.083244 0.225976
0.012178 0.106829 0.196613
0.030726 0.100358 0.212110
0.049805 0.095456 0.224436
0.054778 0.093443 0.226471
0.055350 0.092638 0.226117
0.055138 0.091656 0.227064
0.054594 0.090590 0.228300
-0.020484 0.121733 0.156803
-0.017539 0.120659 0.159862
-0.019079 0.122446 0.155327
-0.019495 0.123223 0.154691
-0.021000 0.125709 0.154543
-0.025167 0.128408 0.154338
-0.035113 0.127673 0.152155
-0.034343 0.128330 0.152720
-0.033488 0.129043 0.153335
-0.032761 0.129305 0.153561
-0.030366 0.129397 0.153681
-0.209568 0.110975 0.126720
-0.208176 0.112642 0.124226
-0.204913 0.116569 0.118406
-0.046831 0.136870 0.140232
-0.067068 0.135627 0.138614
-0.092765 0.133762 0.136220
-0.041978 0.137166 0.140628
-0.039492 0.137315 0.140825
-0.038588 0.137145 0.140840
-0.116456 0.131431 0.133324
-0.140670 0.129488 0.129340
-0.165018 0.126063 0.126041
-0.184527 0.123301 0.120405
-0.200886 0.121153 0.112487
-0.037613 0.136531 0.140755
-0.036780 0.135846 0.140635
-0.036031 0.132399 0.145367
-0.036299 0.135436 0.140571
-0.035247 0.129128 0.150177
-0.035558 0.132483 0.145424
-0.004648 0.114443 0.177132
-0.011372 0.118787 0.165717
0.013286 0.110459 0.191068
-0.233562 0.107048 0.117841
-0.237257 0.106348 0.116294
-0.238648 0.105783 0.115446
-0.238980 0.105077 0.114740
-0.239524 0.103933 0.113603
-0.240061 0.102795 0.112472
-0.225136 0.108418 0.121012
-0.240386 0.102117 0.111787
-0.244348 0.094785 0.114048
-0.246072 0.089678 0.115178
-0.241375 0.099737 0.112409
-0.241601 0.094369 0.113256
-0.246969 0.082558 0.115764
-0.244320 0.088336 0.114394
-0.248848 0.077656 0.116576
-0.250296 0.073701 0.117339
-0.250790 0.073694 0.118095
-0.251172 0.073665 0.118328
-0.249907 0.074266 0.116767
-0.250769 0.072726 0.117749
-0.251737 0.071688 0.118102
-0.261294 0.062646 0.125568
-0.260220 0.065486 0.124007
-0.259309 0.067061 0.122171
-0.262947 0.056883 0.127207
-0.263844 0.048124 0.128796
-0.264614 0.036631 0.130280
-0.251511 0.071469 0.117523
-0.253446 0.070791 0.117396
-0.256024 0.070296 0.117869
-0.258136 0.069032 0.119691
-0.231648 -0.112289 0.106885
-0.233322 -0.111575 0.106235
-0.233838 -0.110707 0.105833
-0.234664 -0.109308 0.105190
-0.227346 -0.113221 0.108298
-0.235484 -0.107924 0.104547
-0.235978 -0.107090 0.104166
-0.238811 -0.103170 0.109145
-0.218927 -0.114584 0.111724
-0.238796 -0.101425 0.111039
-0.238132 -0.099080 0.110961
-0.237447 -0.101178 0.110714
-0.240654 -0.094439 0.111914
-0.249688 -0.073849 0.115905
-0.249236 -0.074711 0.115750
-0.247520 -0.078568 0.115481
-0.248480 -0.075417 0.115489
-0.245754 -0.083286 0.114810
-0.243282 -0.088838 0.113518
-0.253566 -0.071758 0.116202
-0.250868 -0.072458 0.115926
-0.262622 -0.062724 0.125109
-0.261527 -0.065564 0.123506
-0.260573 -0.067139 0.121620
-0.259295 -0.069117 0.119098
-0.264317 -0.056939 0.126755
-0.265292 -0.048279 0.128789
-0.266824 -0.036808 0.130428
-0.266323 -0.036780 0.130484
-0.266740 -0.024094 0.131706
-0.267481 -0.011937 0.132568
-0.267721 0.000000 0.132886
-0.267481 0.011937 0.132568
-0.266740 0.024094 0.131706
-0.265454 0.036709 0.130386
-0.255897 -0.072189 0.114584
0.056847 -0.104265 0.216045
0.070995 -0.098035 0.227601
0.073446 -0.100994 0.224917
0.069237 -0.095379 0.229133
0.069166 -0.093874 0.228964
0.046273 -0.083413 0.227784
0.046796 -0.083470 0.228597
0.069618 -0.092906 0.228590
0.069441 -0.091833 0.229515
0.069011 -0.090731 0.230737
0.068693 -0.089657 0.231253
0.052553 -0.083505 0.229621
0.067379 -0.083611 0.232072
0.042360 -0.067372 0.227961
0.036978 -0.045948 0.230158
0.033460 -0.023281 0.231556
0.032174 0.000000 0.232051
0.033467 0.023281 0.231556
0.036978 0.045948 0.230158
0.042360 0.067372 0.227961
-0.017482 -0.121909 0.156966
-0.014480 -0.120913 0.160052
-0.000148 -0.115806 0.175740
-0.008519 -0.119176 0.165703
0.016013 -0.112268 0.188370
0.036992 -0.108715 0.202031
-0.018528 -0.122488 0.154677
-0.018344 -0.121464 0.155397
-0.018951 -0.124968 0.154599
-0.017906 -0.125505 0.154684
-0.015702 -0.128492 0.154896
-0.024532 -0.129623 0.153964
-0.034477 -0.129806 0.150686
-0.033622 -0.130541 0.151251
-0.032895 -0.130802 0.151456
-0.030507 -0.130887 0.151569
-0.024680 -0.131099 0.151844
-0.066687 -0.136284 0.135987
-0.046725 -0.137449 0.137611
-0.041936 -0.137732 0.138000
-0.090420 -0.134758 0.133373
-0.108955 -0.133267 0.129792
-0.039478 -0.137873 0.138198
-0.038574 -0.137696 0.138268
-0.037606 -0.137068 0.138325
-0.036787 -0.136354 0.138367
-0.121372 -0.132914 0.126077
-0.144781 -0.132589 0.125081
-0.126755 -0.134800 0.123047
-0.164199 -0.129820 0.122863
-0.182507 -0.127037 0.117403
-0.036306 -0.135937 0.138396
-0.034781 -0.133225 0.145798
-0.035826 -0.135528 0.140606
-0.035840 -0.136036 0.138410
-0.197213 -0.124770 0.109682
-0.214943 -0.119310 0.102195
-0.208233 -0.122580 0.100387
0.046273 0.083413 0.227784
0.048590 0.089474 0.227813
0.046796 0.083470 0.228597
0.054198 0.089530 0.228816
0.034463 0.104222 0.209179
0.034929 0.106850 0.204955
0.038072 0.101037 0.214632
0.053654 0.098607 0.222741
0.069237 0.095379 0.229126
0.069166 0.093874 0.228957
0.069618 0.092906 0.228590
0.069441 0.091840 0.229515
0.069011 0.090731 0.230737
0.068693 0.089657 0.231253
-0.017482 0.121909 0.156966
-0.014480 0.120913 0.160052
-0.018344 0.121464 0.155397
-0.018528 0.122488 0.154677
-0.018951 0.124968 0.154599
-0.017906 0.125505 0.154684
-0.015702 0.128492 0.154896
-0.024532 0.129623 0.153964
-0.034477 0.129806 0.150686
-0.033622 0.130541 0.151251
-0.032895 0.130802 0.151456
-0.030507 0.130887 0.151569
-0.024680 0.131099 0.151844
-0.223278 0.110247 0.118229
-0.218927 0.114584 0.111724
-0.066687 0.136284 0.135987
-0.090420 0.134758 0.133373
-0.046725 0.137449 0.137611
-0.041936 0.137732 0.138000
-0.108955 0.133267 0.129792
-0.039478 0.137873 0.138198
-0.038574 0.137696 0.138268
-0.037606 0.137068 0.138325
-0.121372 0.132914 0.126077
-0.144781 0.132589 0.125081
-0.126755 0.134800 0.123047
-0.164199 0.129820 0.122863
-0.182507 0.127037 0.117403
-0.197213 0.124770 0.109682
-0.214943 0.119310 0.102195
-0.208233 0.122580 0.100387
-0.036787 0.136354 0.138367
-0.036306 0.135944 0.138396
-0.035826 0.135528 0.140606
-0.035840 0.136036 0.138410
-0.034781 0.133225 0.145798
-0.000148 0.115806 0.175740
-0.008519 0.119176 0.165703
0.016013 0.112268 0.188370
-0.231698 0.108884 0.114980
-0.235575 0.108121 0.113475
-0.237052 0.107521 0.112684
-0.237440 0.106765 0.112070
-0.238069 0.105543 0.111081
-0.238690 0.104335 0.110099
-0.239065 0.103608 0.109506
-0.240103 0.101715 0.111371
-0.243020 0.094538 0.113687
-0.240061 0.099468 0.112056
-0.238669 0.099257 0.111632
-0.240972 0.094369 0.112557
-0.246474 0.082933 0.115157
-0.248586 0.077466 0.115962
-0.243896 0.088612 0.113807
-0.249681 0.074344 0.116223
-0.251327 0.071815 0.117219
-0.251136 0.072175 0.116753
-0.250967 0.072429 0.116266
-0.261725 0.062724 0.125505
-0.260623 0.065578 0.123937
-0.259683 0.067174 0.122051
-0.263434 0.056939 0.127136
-0.264762 0.048244 0.128867
-0.253510 0.071165 0.116972
-0.256342 0.070748 0.117495
-0.258433 0.069180 0.119494
-0.228526 -0.115799 0.098981
-0.230278 -0.115008 0.098706
-0.230822 -0.114055 0.098642
-0.231705 -0.112522 0.098536
-0.232573 -0.111003 0.098437
-0.224041 -0.116859 0.099737
-0.233103 -0.110092 0.098374
-0.235801 -0.106574 0.103947
-0.232969 -0.109520 0.098352
-0.237539 -0.102845 0.108870
-0.237087 -0.100083 0.109075
-0.237038 -0.100902 0.110332
-0.236275 -0.102485 0.108630
-0.240181 -0.094496 0.111646
-0.249130 -0.073807 0.113574
-0.244793 -0.079938 0.114570
-0.245627 -0.077006 0.114323
-0.247174 -0.075318 0.112176
-0.243296 -0.084310 0.114168
-0.241191 -0.089438 0.113101
-0.251525 -0.073644 0.112762
-0.264734 -0.062717 0.124163
-0.263646 -0.065542 0.122503
-0.262685 -0.067047 0.120638
-0.261470 -0.068876 0.118286
-0.258419 -0.071935 0.113016
-0.266153 -0.048279 0.128415
-0.266323 -0.056939 0.125872
-0.267559 -0.024143 0.131834
-0.268039 -0.024157 0.131777
-0.267672 -0.036808 0.130054
-0.268393 -0.011959 0.132660
-0.268710 0.000000 0.132942
-0.268393 0.011959 0.132660
-0.267559 0.024143 0.131834
-0.266323 0.036780 0.130484
-0.251935 -0.077148 0.102365
-0.248445 -0.078433 0.102915
0.058747 -0.106030 0.213269
0.075594 -0.103396 0.221597
0.089594 -0.098402 0.230377
0.088393 -0.095951 0.231881
0.091289 -0.101086 0.227594
0.088350 -0.094369 0.231726
0.042127 -0.067563 0.230638
0.041491 -0.067534 0.229783
0.048272 -0.067563 0.231705
0.088661 -0.093217 0.231366
0.088534 -0.092059 0.232249
0.088230 -0.090922 0.233421
0.088011 -0.089827 0.233923
0.087114 -0.083759 0.234756
0.063939 -0.067612 0.234198
0.084776 -0.067697 0.236910
0.036151 -0.046082 0.231994
0.032662 -0.023359 0.233400
0.031376 0.000000 0.233901
0.032662 0.023359 0.233400
0.036151 0.046082 0.231994
0.041491 0.067534 0.229783
-0.016712 -0.120956 0.157029
-0.013626 -0.119995 0.160109
0.001950 -0.116435 0.175055
-0.007657 -0.118300 0.165689
0.017369 -0.113115 0.187014
0.038171 -0.109633 0.200477
-0.018280 -0.118618 0.154861
-0.016762 -0.122157 0.154663
-0.016776 -0.124848 0.154719
-0.018160 -0.118427 0.155489
-0.013753 -0.130039 0.154500
0.003652 -0.129135 0.155821
-0.010998 -0.125490 0.155087
-0.013936 -0.131487 0.152346
-0.033919 -0.134023 0.146201
-0.033191 -0.134306 0.146356
-0.030825 -0.134376 0.146448
-0.025033 -0.134553 0.146688
-0.014360 -0.134871 0.147126
-0.084345 -0.134313 0.130068
-0.063000 -0.135846 0.134843
-0.045680 -0.136877 0.136404
-0.041484 -0.137131 0.136792
-0.098713 -0.133825 0.124798
-0.106271 -0.134426 0.120687
-0.039330 -0.137258 0.136990
-0.038433 -0.137082 0.137110
-0.037479 -0.136453 0.137279
-0.036667 -0.135747 0.137435
-0.110869 -0.136319 0.117431
-0.163641 -0.132709 0.121161
-0.145127 -0.135351 0.123174
-0.128252 -0.137209 0.120885
-0.113369 -0.138346 0.115171
-0.181003 -0.129835 0.115955
-0.194409 -0.127278 0.108686
-0.036186 -0.135330 0.137534
-0.035720 -0.135422 0.137534
-0.035049 -0.136326 0.140790
-0.035056 -0.136849 0.138417
-0.034929 -0.136227 0.137414
-0.204475 -0.124728 0.099949
-0.220283 -0.117996 0.090385
-0.215515 -0.120016 0.090215
-0.211814 -0.121881 0.090357
0.042127 0.067563 0.230638
0.048272 0.067563 0.231705
0.052553 0.083505 0.229621
0.067379 0.083611 0.232072
0.054919 0.101757 0.219407
0.056847 0.104265 0.216045
0.036992 0.108715 0.202031
0.070995 0.098035 0.227601
0.088393 0.095951 0.231881
0.088350 0.094369 0.231726
0.088661 0.093217 0.231366
0.088230 0.090922 0.233421
0.088534 0.092059 0.232249
0.088011 0.089827 0.233923
0.087114 0.083759 0.234756
-0.016712 0.120956 0.157029
-0.013626 0.119995 0.160109
-0.018160 0.118427 0.155489
-0.018280 0.118618 0.154861
-0.016762 0.122157 0.154663
-0.016776 0.124848 0.154719
-0.013753 0.130039 0.154500
0.003652 0.129135 0.155821
-0.010998 0.125490 0.155087
-0.013936 0.131487 0.152346
-0.033919 0.134023 0.146201
-0.033191 0.134306 0.146356
-0.030825 0.134376 0.146448
-0.025033 0.134553 0.146688
-0.014353 0.134871 0.147126
-0.227346 0.113221 0.108298
-0.224041 0.116859 0.099737
-0.063000 0.135846 0.134843
-0.084345 0.134313 0.130068
-0.098713 0.133825 0.124798
-0.045680 0.136877 0.136404
-0.041484 0.137131 0.136792
-0.106271 0.134426 0.120687
-0.039330 0.137258 0.136990
-0.038433 0.137082 0.137110
-0.037479 0.136453 0.137279
-0.110869 0.136319 0.117431
-0.163641 0.132709 0.121161
-0.145127 0.135351 0.123174
-0.128252 0.137209 0.120885
-0.113369 0.138346 0.115171
-0.181003 0.129835 0.115955
-0.194409 0.127278 0.108686
-0.204475 0.124728 0.099949
-0.220283 0.117996 0.090385
-0.215515 0.120016 0.090215
-0.211814 0.121881 0.090357
-0.036667 0.135747 0.137435
-0.036186 0.135330 0.137534
-0.035720 0.135422 0.137534
-0.035049 0.136326 0.140790
-0.035056 0.136849 0.138417
-0.034929 0.136227 0.137414
0.001950 0.116435 0.175062
-0.007657 0.118300 0.165689
0.017369 0.113115 0.187014
-0.231648 0.112289 0.106885
-0.233322 0.111575 0.106235
-0.233838 0.110707 0.105833
-0.234664 0.109308 0.105190
-0.235484 0.107924 0.104547
-0.235978 0.107090 0.104166
-0.238811 0.103170 0.109145
-0.238796 0.101425 0.111039
-0.238132 0.099080 0.110961
-0.237447 0.101178 0.110714
-0.240654 0.094439 0.111914
-0.245754 0.083286 0.114810
-0.247520 0.078568 0.115481
-0.249236 0.074711 0.115750
-0.249688 0.073849 0.115905
-0.248480 0.075417 0.115489
-0.243282 0.088838 0.113518
-0.253573 0.071561 0.116527
-0.253573 0.071758 0.116202
-0.250868 0.072458 0.115926
-0.262622 0.062724 0.125109
-0.261527 0.065564 0.123506
-0.260573 0.067139 0.121620
-0.259295 0.069117 0.119098
-0.264317 0.056939 0.126755
-0.265292 0.048279 0.128789
-0.266824 0.036808 0.130428
-0.256512 0.070939 0.117226
-0.229275 -0.115616 0.092207
-0.225333 -0.116590 0.091239
-0.230744 -0.114867 0.092716
-0.231069 -0.113956 0.093104
-0.231592 -0.112487 0.093733
-0.232107 -0.111024 0.094362
-0.232418 -0.110149 0.094736
-0.232213 -0.109590 0.094962
-0.234615 -0.106165 0.103813
-0.231867 -0.109032 0.098388
-0.236020 -0.101948 0.108376
-0.233584 -0.104215 0.103537
-0.236812 -0.099680 0.108545
-0.233442 -0.105677 0.103707
-0.233329 -0.104929 0.103594
-0.238542 -0.094637 0.111385
-0.245450 -0.079097 0.102972
-0.243246 -0.079436 0.102845
-0.238422 -0.083081 0.112430
-0.238881 -0.080517 0.111441
-0.244525 -0.076738 0.111166
-0.242116 -0.079754 0.102859
-0.237553 -0.086705 0.112663
-0.236310 -0.090844 0.112126
-0.266916 -0.062710 0.123181
-0.265828 -0.065507 0.121471
-0.264861 -0.066948 0.119621
-0.263724 -0.068622 0.117452
-0.260891 -0.071342 0.112352
-0.254866 -0.075912 0.101722
-0.268061 -0.048279 0.127574
-0.268400 -0.056939 0.124961
-0.268951 -0.011966 0.132575
-0.268894 -0.024157 0.131403
-0.269586 -0.036808 0.129213
-0.269325 0.000000 0.132837
-0.268951 0.011966 0.132575
-0.268039 0.024157 0.131777
-0.249017 -0.080136 0.091416
-0.245641 -0.081993 0.092087
-0.241876 -0.083851 0.092723
0.077254 -0.105112 0.218630
0.059941 -0.106949 0.211715
0.092822 -0.103382 0.223928
0.108927 -0.098783 0.232199
0.108312 -0.096551 0.233682
0.108298 -0.094877 0.233548
0.109704 -0.101185 0.229331
0.043497 -0.046047 0.234014
0.036914 -0.046082 0.232891
0.060103 -0.046047 0.236543
0.108460 -0.093535 0.233195
0.108100 -0.090003 0.235639
0.108213 -0.091112 0.235159
0.108390 -0.092285 0.234036
0.107634 -0.083915 0.236487
0.106433 -0.067782 0.238676
0.082163 -0.046068 0.239291
0.105091 -0.046097 0.241099
0.033509 -0.023359 0.234318
0.032252 0.000000 0.234827
0.033509 0.023359 0.234318
0.036914 0.046082 0.232891
-0.016522 -0.117947 0.157086
-0.013378 -0.117035 0.160151
0.002621 -0.115602 0.174808
-0.007381 -0.115354 0.165689
0.017864 -0.112331 0.186512
0.038722 -0.108941 0.199834
-0.017758 -0.116364 0.155122
-0.016854 -0.118674 0.154733
-0.011987 -0.118653 0.155009
-0.010850 -0.121994 0.155023
-0.017708 -0.115425 0.155588
0.003440 -0.130710 0.155355
0.003214 -0.132109 0.153151
0.025591 -0.131494 0.156457
0.025704 -0.129693 0.156944
0.004132 -0.125342 0.155934
0.002967 -0.121210 0.155821
0.002684 -0.135386 0.147825
-0.034180 -0.137195 0.140995
-0.033453 -0.137491 0.141073
-0.031094 -0.137548 0.141157
-0.025344 -0.137682 0.141362
-0.014735 -0.137936 0.141730
0.002197 -0.138346 0.142323
-0.077734 -0.133140 0.117558
-0.061276 -0.134970 0.129234
-0.087842 -0.133677 0.114860
-0.052983 -0.136029 0.133960
-0.042974 -0.136700 0.135401
-0.040425 -0.136870 0.135796
-0.093493 -0.135005 0.111653
-0.097851 -0.136976 0.108912
-0.039111 -0.136962 0.135994
-0.038270 -0.136792 0.136171
-0.037345 -0.136156 0.136375
-0.036540 -0.135443 0.136552
-0.100825 -0.138805 0.106906
-0.163365 -0.134143 0.120306
-0.180240 -0.131226 0.115234
-0.145297 -0.136729 0.122227
-0.128994 -0.138417 0.119811
-0.114613 -0.139363 0.114041
-0.102315 -0.139723 0.105903
-0.193004 -0.128521 0.108185
-0.202596 -0.125801 0.099730
-0.034809 -0.135923 0.136517
-0.035600 -0.135111 0.136658
-0.036066 -0.135019 0.136658
-0.034053 -0.137110 0.137287
-0.034180 -0.137732 0.138424
-0.033933 -0.136799 0.136361
-0.209956 -0.122813 0.090427
-0.224323 -0.115361 0.079571
-0.220198 -0.117106 0.079380
-0.216907 -0.118724 0.079931
-0.215261 -0.119536 0.080206
0.043497 0.046047 0.234014
0.063939 0.067612 0.234198
0.060103 0.046047 0.236543
0.084776 0.067697 0.236910
0.073446 0.100994 0.224917
0.058747 0.106030 0.213269
0.075587 0.103396 0.221597
0.038171 0.109633 0.200477
0.089594 0.098402 0.230377
0.108312 0.096551 0.233682
0.108298 0.094877 0.233548
0.108460 0.093535 0.233195
0.108100 0.090003 0.235639
0.108213 0.091112 0.235159
0.108383 0.092285 0.234036
0.107634 0.083915 0.236487
0.106433 0.067782 0.238676
-0.016522 0.117947 0.157086
-0.013378 0.117035 0.160151
-0.017708 0.115425 0.155588
-0.017758 0.116364 0.155122
-0.016854 0.118674 0.154733
-0.011987 0.118653 0.155009
-0.010850 0.121994 0.155023
0.003440 0.130710 0.155355
0.003214 0.132109 0.153151
0.025591 0.131494 0.156457
0.025704 0.129693 0.156944
0.004132 0.125342 0.155934
0.002967 0.121210 0.155821
0.002684 0.135386 0.147825
-0.034180 0.137195 0.140995
-0.031094 0.137548 0.141157
-0.033453 0.137491 0.141073
-0.025344 0.137682 0.141362
-0.014735 0.137936 0.141730
0.002197 0.138346 0.142323
-0.228526 0.115799 0.098981
-0.225333 0.116590 0.091239
-0.052983 0.136029 0.133960
-0.061276 0.134970 0.129234
-0.077734 0.133140 0.117558
-0.087835 0.133677 0.114860
-0.093493 0.135005 0.111653
-0.042974 0.136700 0.135401
-0.040425 0.136870 0.135796
-0.097851 0.136976 0.108912
-0.039111 0.136962 0.135994
-0.038270 0.136792 0.136171
-0.037345 0.136156 0.136375
-0.100825 0.138805 0.106906
-0.163365 0.134143 0.120306
-0.180240 0.131226 0.115234
-0.145297 0.136729 0.122227
-0.128994 0.138417 0.119811
-0.114613 0.139363 0.114041
-0.102315 0.139723 0.105903
-0.193004 0.128521 0.108185
-0.202596 0.125801 0.099730
-0.209956 0.122813 0.090420
-0.224323 0.115361 0.079571
-0.220198 0.117106 0.079380
-0.216907 0.118724 0.079931
-0.215261 0.119536 0.080206
-0.036540 0.135443 0.136552
-0.034809 0.135923 0.136517
-0.035600 0.135111 0.136658
-0.036066 0.135019 0.136658
-0.034180 0.137732 0.138424
-0.034053 0.137110 0.137287
-0.033933 0.136799 0.136361
0.002621 0.115602 0.174808
-0.007381 0.115354 0.165689
0.017864 0.112331 0.186512
-0.230278 0.115008 0.098706
-0.230822 0.114055 0.098642
-0.231705 0.112522 0.098536
-0.232573 0.111003 0.098437
-0.233103 0.110092 0.098374
-0.232969 0.109520 0.098352
-0.235801 0.106574 0.103947
-0.237539 0.102845 0.108870
-0.237087 0.100083 0.109075
-0.237038 0.100902 0.110332
-0.236275 0.102485 0.108630
-0.239361 0.094566 0.111519
-0.243296 0.084310 0.114168
-0.244793 0.079938 0.114570
-0.245627 0.077006 0.114323
-0.249130 0.073807 0.113574
-0.247174 0.075318 0.112176
-0.241191 0.089438 0.113101
-0.251525 0.073644 0.112762
-0.255897 0.072189 0.114584
-0.264734 0.062717 0.124163
-0.263646 0.065542 0.122503
-0.262685 0.067047 0.120638
-0.261470 0.068869 0.118286
-0.258419 0.071935 0.113016
-0.266153 0.048279 0.128415
-0.266323 0.056939 0.125872
-0.267672 0.036808 0.130054
-0.233379 -0.112571 0.088160
-0.232665 -0.112889 0.084706
-0.228455 -0.114132 0.081506
-0.233365 -0.111759 0.088951
-0.233350 -0.110445 0.090215
-0.233329 -0.109138 0.091473
-0.233315 -0.108354 0.092228
-0.232912 -0.107860 0.092659
-0.231161 -0.109110 0.095131
-0.231726 -0.107429 0.092935
-0.230800 -0.108446 0.098437
-0.231140 -0.106723 0.098564
-0.233520 -0.103813 0.103594
-0.231182 -0.106214 0.098741
-0.235667 -0.099363 0.108503
-0.230786 -0.107570 0.098480
-0.234735 -0.094962 0.110777
-0.239234 -0.084663 0.092963
-0.236804 -0.085829 0.092024
-0.236889 -0.085292 0.093634
-0.232270 -0.086161 0.110262
-0.232362 -0.083964 0.108573
-0.238217 -0.079790 0.108566
-0.240216 -0.080383 0.102838
-0.232008 -0.089036 0.111116
-0.231599 -0.092186 0.111088
-0.268039 -0.062703 0.122679
-0.266945 -0.065493 0.120942
-0.265949 -0.066899 0.119098
-0.264811 -0.068523 0.116979
-0.262049 -0.071101 0.111943
-0.256194 -0.075375 0.101369
-0.250522 -0.079316 0.091105
-0.270038 -0.048279 0.126705
-0.269494 -0.056939 0.124480
-0.269841 -0.011966 0.132187
-0.270243 0.000000 0.132434
-0.270844 -0.024157 0.130548
-0.271578 -0.036808 0.128344
-0.268894 0.024157 0.131403
-0.269841 0.011966 0.132187
-0.246722 -0.081810 0.087298
-0.248290 -0.080870 0.087030
-0.243140 -0.083943 0.087905
-0.239248 -0.086055 0.088534
0.094008 -0.105070 0.220594
0.078264 -0.106009 0.216984
0.060570 -0.106327 0.211001
0.110198 -0.103368 0.225326
0.127447 -0.099066 0.232835
0.127270 -0.097003 0.234311
0.127263 -0.095266 0.234184
0.127037 -0.103346 0.225672
0.127475 -0.101248 0.229910
0.040368 -0.023324 0.235469
0.057589 -0.023317 0.238019
0.080453 -0.023317 0.240788
0.127306 -0.093768 0.233845
0.127200 -0.090116 0.236204
0.127073 -0.084013 0.237059
0.127235 -0.091239 0.235731
0.127285 -0.092440 0.234650
0.126734 -0.067852 0.239284
0.126366 -0.046132 0.241728
0.104215 -0.023317 0.242611
0.126126 -0.023331 0.243261
0.039217 0.000000 0.235985
0.040368 0.023324 0.235469
-0.016098 -0.114966 0.157149
-0.012997 -0.114090 0.160151
0.002847 -0.112571 0.174723
-0.007056 -0.112416 0.165604
0.018033 -0.109244 0.186343
0.038906 -0.105953 0.199615
-0.016748 -0.115700 0.155044
-0.001787 -0.118618 0.155581
-0.010729 -0.116131 0.155369
-0.016154 -0.114549 0.155701
0.025302 -0.132844 0.154197
0.024638 -0.136008 0.148722
0.051225 -0.132279 0.157728
0.051316 -0.130435 0.158237
0.025845 -0.125173 0.157100
0.050871 -0.133585 0.155397
0.022624 -0.119614 0.157064
0.003030 -0.117148 0.156111
0.024002 -0.138855 0.143086
-0.031101 -0.138085 0.138516
-0.033453 -0.138035 0.138438
-0.025372 -0.138212 0.138706
-0.014798 -0.138438 0.139060
0.002084 -0.138805 0.139610
0.023825 -0.139286 0.140324
-0.060026 -0.133564 0.118787
-0.068848 -0.131657 0.102958
-0.077656 -0.132695 0.101284
-0.044776 -0.135662 0.129008
-0.083060 -0.134482 0.099461
-0.042876 -0.136404 0.133437
-0.040905 -0.136672 0.134624
-0.039605 -0.136757 0.134793
-0.087531 -0.136559 0.097590
-0.090738 -0.138346 0.096071
-0.038941 -0.136799 0.134885
-0.038122 -0.136623 0.135083
-0.037211 -0.135980 0.135266
-0.036420 -0.135252 0.135422
-0.092341 -0.139257 0.095308
-0.192361 -0.128987 0.107825
-0.179887 -0.131728 0.114761
-0.163224 -0.134666 0.119776
-0.145381 -0.137223 0.121648
-0.129340 -0.138841 0.119190
-0.115185 -0.139716 0.113419
-0.103007 -0.140041 0.105352
-0.093104 -0.139582 0.094877
-0.201741 -0.126211 0.099497
-0.209094 -0.123188 0.090321
-0.035487 -0.134906 0.135514
-0.034696 -0.135718 0.135394
-0.035953 -0.134821 0.135514
-0.033326 -0.137414 0.137258
-0.033820 -0.136587 0.135259
-0.033206 -0.137103 0.136326
-0.214477 -0.119875 0.080206
-0.223426 -0.113878 0.068121
-0.220255 -0.115220 0.068707
-0.227219 -0.112366 0.068036
-0.230659 -0.111194 0.069244
-0.218687 -0.115919 0.069004
-0.217924 -0.116230 0.069046
0.057589 0.023317 0.238019
0.080453 0.023317 0.240788
0.082163 0.046068 0.239291
0.105091 0.046097 0.241099
0.091289 0.101086 0.227594
0.077254 0.105112 0.218630
0.059941 0.106949 0.211715
0.092822 0.103382 0.223928
0.038722 0.108941 0.199834
0.108927 0.098783 0.232199
0.127270 0.097003 0.234311
0.127263 0.095266 0.234184
0.127306 0.093768 0.233845
0.127073 0.084013 0.237059
0.127200 0.090116 0.236204
0.127228 0.091239 0.235731
0.127285 0.092440 0.234650
0.126734 0.067852 0.239284
0.126366 0.046132 0.241728
-0.016098 0.114966 0.157149
-0.012997 0.114090 0.160151
-0.016154 0.114549 0.155701
-0.016748 0.115700 0.155044
-0.001787 0.118618 0.155581
-0.010729 0.116131 0.155369
0.025302 0.132844 0.154197
0.024638 0.136008 0.148722
0.051225 0.132279 0.157728
0.050871 0.133585 0.155397
0.051316 0.130435 0.158237
0.025845 0.125173 0.157100
0.022624 0.119614 0.157064
0.003030 0.117148 0.156111
0.024002 0.138855 0.143086
-0.031101 0.138085 0.138516
-0.025372 0.138212 0.138706
-0.033453 0.138035 0.138438
-0.014798 0.138438 0.139060
0.002084 0.138805 0.139610
0.023825 0.139286 0.140324
-0.229275 0.115616 0.092207
-0.228455 0.114132 0.081506
-0.232665 0.112889 0.084706
-0.060026 0.133564 0.118787
-0.044776 0.135662 0.129008
-0.042876 0.136404 0.133437
-0.068848 0.131657 0.102958
-0.077656 0.132695 0.101284
-0.083060 0.134482 0.099461
-0.087531 0.136559 0.097590
-0.040905 0.136672 0.134624
-0.039605 0.136757 0.134793
-0.090738 0.138346 0.096071
-0.038122 0.136623 0.135083
-0.038934 0.136799 0.134885
-0.037211 0.135980 0.135266
-0.092341 0.139257 0.095308
-0.192361 0.128987 0.107825
-0.179887 0.131728 0.114761
-0.163224 0.134666 0.119776
-0.145381 0.137223 0.121648
-0.129340 0.138841 0.119190
-0.115185 0.139716 0.113419
-0.103007 0.140041 0.105352
-0.093104 0.139582 0.094877
-0.201741 0.126211 0.099497
-0.209094 0.123188 0.090321
-0.214477 0.119875 0.080206
-0.223426 0.113871 0.068121
-0.227219 0.112366 0.068036
-0.230659 0.111194 0.069244
-0.220255 0.115220 0.068707
-0.218687 0.115919 0.069004
-0.217924 0.116230 0.069046
-0.036420 0.135252 0.135422
-0.034696 0.135718 0.135394
-0.035487 0.134906 0.135514
-0.035953 0.134828 0.135514
-0.033326 0.137414 0.137258
-0.033820 0.136587 0.135259
-0.033206 0.137103 0.136326
0.002847 0.112571 0.174723
-0.007056 0.112416 0.165604
0.018033 0.109244 0.186343
-0.231069 0.113956 0.093104
-0.230744 0.114867 0.092716
-0.231592 0.112487 0.093740
-0.232107 0.111024 0.094362
-0.232425 0.110149 0.094736
-0.232213 0.109590 0.094962
-0.234615 0.106165 0.103813
-0.231867 0.109032 0.098388
-0.236020 0.101948 0.108376
-0.233584 0.104215 0.103537
-0.236239 0.099525 0.108524
-0.233442 0.105677 0.103707
-0.233329 0.104929 0.103594
-0.234735 0.094962 0.110777
-0.236310 0.090844 0.112126
-0.237553 0.086705 0.112663
-0.238422 0.083081 0.112430
-0.238881 0.080524 0.111441
-0.244525 0.076738 0.111166
-0.245450 0.079097 0.102972
-0.243246 0.079436 0.102845
-0.242116 0.079754 0.102859
-0.248445 0.078433 0.102915
-0.251935 0.077148 0.102365
-0.266916 0.062710 0.123181
-0.265828 0.065507 0.121471
-0.264861 0.066948 0.119621
-0.263724 0.068622 0.117452
-0.260891 0.071342 0.112352
-0.254866 0.075912 0.101722
-0.268061 0.048279 0.127574
-0.268400 0.056939 0.124961
-0.269586 0.036808 0.129213
-0.236854 -0.109541 0.084946
-0.236522 -0.108821 0.085892
-0.236840 -0.109654 0.082043
-0.233718 -0.110141 0.071525
-0.235992 -0.107662 0.087404
-0.235469 -0.106511 0.088901
-0.235152 -0.105819 0.089813
-0.232785 -0.105020 0.090696
-0.234452 -0.105388 0.090335
-0.230193 -0.108517 0.095294
-0.230673 -0.106885 0.093203
-0.231302 -0.104575 0.091084
-0.230214 -0.107606 0.095492
-0.230589 -0.106723 0.095718
-0.230645 -0.106186 0.095944
-0.230850 -0.105204 0.099419
-0.230370 -0.105119 0.096615
-0.232856 -0.103085 0.103947
-0.231316 -0.101383 0.104773
-0.233004 -0.098621 0.108397
-0.231055 -0.095230 0.110099
-0.236741 -0.086902 0.088887
-0.235349 -0.087588 0.089078
-0.235159 -0.088753 0.090074
-0.235074 -0.088499 0.090590
-0.235752 -0.085087 0.094581
-0.234170 -0.088011 0.091621
-0.230193 -0.087347 0.109294
-0.230165 -0.085341 0.107443
-0.232107 -0.082784 0.105988
-0.235710 -0.081661 0.102626
-0.230144 -0.089876 0.110318
-0.230009 -0.092596 0.110452
-0.269770 -0.056812 0.123633
-0.268308 -0.062477 0.121817
-0.267185 -0.065210 0.120073
-0.266153 -0.066595 0.118222
-0.264974 -0.068184 0.116089
-0.262233 -0.070656 0.111159
-0.256547 -0.074704 0.100881
-0.251052 -0.078419 0.090936
-0.248869 -0.079888 0.086980
-0.271098 -0.048279 0.126239
-0.271366 -0.048244 0.125413
-0.271755 -0.011966 0.131346
-0.272122 0.000000 0.131615
-0.271755 0.011966 0.131346
-0.272857 -0.024157 0.129665
-0.272638 -0.036808 0.127871
-0.270844 0.024157 0.130548
-0.246524 -0.082205 0.086493
-0.248035 -0.081202 0.086274
-0.248622 -0.080227 0.086231
-0.242816 -0.084564 0.087044
-0.238768 -0.086895 0.087658
0.110488 -0.105035 0.221639
0.094658 -0.105946 0.218814
0.078772 -0.105395 0.216243
0.060782 -0.103473 0.210761
0.126451 -0.104992 0.221731
0.143615 -0.099144 0.232065
0.143573 -0.097130 0.233534
0.143524 -0.095365 0.233421
0.143495 -0.093811 0.233082
0.142648 -0.103304 0.224825
0.143397 -0.101248 0.229126
0.141673 -0.104943 0.220834
0.056671 0.000000 0.238542
0.079825 0.000000 0.241311
0.103890 0.000000 0.243140
0.143545 -0.083992 0.236275
0.143495 -0.067873 0.238514
0.143559 -0.090088 0.235413
0.143552 -0.091225 0.234940
0.143517 -0.092447 0.233873
0.143453 -0.046188 0.240979
0.143418 -0.023373 0.242505
0.126034 0.000000 0.243790
-0.014621 -0.114097 0.157220
-0.011725 -0.113207 0.160102
0.003073 -0.109583 0.174497
-0.006060 -0.111575 0.165315
0.018174 -0.106235 0.185997
0.039026 -0.103028 0.199234
-0.009861 -0.115114 0.156047
0.050038 -0.136658 0.149761
0.049247 -0.139434 0.143969
0.074690 -0.134115 0.156563
0.075064 -0.132815 0.158972
0.075163 -0.131028 0.159501
0.051345 -0.125745 0.158406
0.075212 -0.126486 0.159678
0.051281 -0.121069 0.158618
0.073835 -0.137181 0.150757
0.025817 -0.117982 0.157976
0.004817 -0.116435 0.156852
0.048986 -0.139829 0.141150
-0.030981 -0.137463 0.137336
-0.025259 -0.137576 0.137520
-0.014699 -0.137788 0.137866
0.002147 -0.138134 0.138417
0.023854 -0.138572 0.139123
0.048971 -0.139081 0.139942
-0.054163 -0.131812 0.104399
-0.043660 -0.134249 0.119162
-0.069491 -0.130760 0.085363
-0.061318 -0.129616 0.086316
-0.075008 -0.132667 0.084593
-0.040707 -0.135831 0.128966
-0.079733 -0.134857 0.083554
-0.040262 -0.136510 0.133373
-0.038920 -0.136566 0.133338
-0.083201 -0.136743 0.082622
-0.084939 -0.137724 0.082163
-0.038023 -0.136382 0.133465
-0.037098 -0.135718 0.133614
-0.036321 -0.134970 0.133755
-0.085765 -0.138106 0.081873
-0.191845 -0.129149 0.107238
-0.201070 -0.126380 0.099023
-0.179569 -0.131883 0.114076
-0.163104 -0.134793 0.119034
-0.145459 -0.137329 0.120885
-0.129616 -0.138911 0.118420
-0.115644 -0.139752 0.112684
-0.103587 -0.140063 0.104703
-0.093768 -0.139610 0.094347
-0.208381 -0.123357 0.089954
-0.213749 -0.120052 0.079938
-0.034597 -0.135401 0.133705
-0.035402 -0.134609 0.133825
-0.035869 -0.134532 0.133832
-0.033700 -0.136262 0.133571
-0.033093 -0.136884 0.135224
-0.030868 -0.137138 0.136404
-0.217175 -0.116407 0.068883
-0.225220 -0.110431 0.057179
-0.221992 -0.111589 0.057709
-0.220403 -0.112211 0.057970
-0.228971 -0.109054 0.056713
-0.235335 -0.106567 0.057850
-0.232143 -0.107782 0.056642
-0.219633 -0.112508 0.058041
-0.218856 -0.112691 0.057984
0.104215 0.023317 0.242611
0.126126 0.023331 0.243261
0.109704 0.101185 0.229331
0.094008 0.105070 0.220594
0.078264 0.106009 0.216984
0.060570 0.106327 0.211001
0.110198 0.103368 0.225326
0.038906 0.105953 0.199615
0.127447 0.099066 0.232835
0.143573 0.097130 0.233534
0.143524 0.095365 0.233421
0.143495 0.093811 0.233082
0.143545 0.083992 0.236275
0.143559 0.090088 0.235413
0.143495 0.067873 0.238514
0.143552 0.091225 0.234940
0.143517 0.092447 0.233873
0.143453 0.046188 0.240979
0.143418 0.023373 0.242505
-0.014621 0.114097 0.157220
-0.011725 0.113207 0.160102
-0.009861 0.115114 0.156047
0.050045 0.136658 0.149768
0.049247 0.139434 0.143969
0.075064 0.132815 0.158972
0.074690 0.134115 0.156563
0.073835 0.137181 0.150757
0.075163 0.131028 0.159501
0.051345 0.125745 0.158406
0.075212 0.126486 0.159678
0.051281 0.121062 0.158618
0.025817 0.117982 0.157976
0.004817 0.116435 0.156852
0.048986 0.139829 0.141150
-0.030981 0.137463 0.137336
-0.025259 0.137576 0.137520
0.002147 0.138134 0.138417
-0.014699 0.137788 0.137866
0.023854 0.138572 0.139123
0.048971 0.139081 0.139942
-0.233379 0.112571 0.088160
-0.236847 0.109541 0.084946
-0.236840 0.109654 0.082043
-0.233718 0.110141 0.071525
-0.043660 0.134249 0.119162
-0.054163 0.131812 0.104399
-0.040707 0.135831 0.128966
-0.040262 0.136510 0.133373
-0.069491 0.130760 0.085363
-0.061318 0.129616 0.086316
-0.075008 0.132667 0.084593
-0.079733 0.134857 0.083554
-0.083201 0.136743 0.082622
-0.038920 0.136566 0.133338
-0.084939 0.137724 0.082156
-0.038023 0.136382 0.133465
-0.037098 0.135718 0.133614
-0.085765 0.138106 0.081873
-0.201070 0.126380 0.099023
-0.191845 0.129149 0.107238
-0.179569 0.131883 0.114076
-0.163104 0.134793 0.119034
-0.145459 0.137329 0.120885
-0.129616 0.138911 0.118420
-0.115644 0.139752 0.112684
-0.103587 0.140063 0.104703
-0.093768 0.139610 0.094347
-0.208381 0.123357 0.089954
-0.213749 0.120052 0.079938
-0.217168 0.116407 0.068883
-0.221992 0.111589 0.057709
-0.225220 0.110431 0.057179
-0.228971 0.109054 0.056713
-0.232143 0.107782 0.056642
-0.235335 0.106567 0.057850
-0.220403 0.112211 0.057970
-0.219633 0.112508 0.058041
-0.218856 0.112691 0.057984
-0.036321 0.134970 0.133755
-0.034597 0.135401 0.133705
-0.035402 0.134609 0.133825
-0.035861 0.134539 0.133832
-0.033700 0.136262 0.133571
-0.033093 0.136884 0.135224
-0.030868 0.137138 0.136404
0.003073 0.109583 0.174497
-0.006060 0.111575 0.165315
0.018174 0.106235 0.185997
-0.233365 0.111759 0.088951
-0.233350 0.110445 0.090215
-0.233329 0.109138 0.091473
-0.233315 0.108354 0.092228
-0.232912 0.107860 0.092659
-0.231161 0.109110 0.095131
-0.231726 0.107429 0.092935
-0.230800 0.108446 0.098437
-0.231140 0.106723 0.098564
-0.233188 0.103452 0.103770
-0.231182 0.106214 0.098741
-0.231316 0.101383 0.104773
-0.233004 0.098621 0.108397
-0.230786 0.107570 0.098480
-0.231055 0.095230 0.110099
-0.231599 0.092186 0.111088
-0.232008 0.089036 0.111116
-0.232270 0.086168 0.110262
-0.232362 0.083964 0.108573
-0.238217 0.079790 0.108566
-0.240216 0.080383 0.102838
-0.239234 0.084663 0.092963
-0.241876 0.083851 0.092723
-0.236804 0.085829 0.092024
-0.236889 0.085292 0.093634
-0.245641 0.081993 0.092087
-0.249017 0.080136 0.091416
-0.268039 0.062703 0.122679
-0.266945 0.065493 0.120942
-0.265949 0.066899 0.119098
-0.264811 0.068523 0.116979
-0.262049 0.071101 0.111943
-0.256201 0.075375 0.101369
-0.250522 0.079316 0.091105
-0.270038 0.048279 0.126705
-0.269494 0.056939 0.124473
-0.271578 0.036808 0.128344
-0.241050 -0.104102 0.083660
-0.241608 -0.104752 0.082693
-0.240153 -0.103050 0.085214
-0.241495 -0.105218 0.079189
-0.236345 -0.108990 0.074647
-0.238139 -0.106737 0.069208
-0.239263 -0.102011 0.086754
-0.238726 -0.101390 0.087687
-0.237553 -0.100719 0.088146
-0.232178 -0.101284 0.089424
-0.233993 -0.101580 0.088930
-0.230666 -0.106045 0.093592
-0.231168 -0.103883 0.091713
-0.231019 -0.105211 0.093973
-0.231055 -0.104695 0.094220
-0.229727 -0.102619 0.098176
-0.230080 -0.102845 0.101001
-0.230695 -0.103650 0.094764
-0.229826 -0.099638 0.105529
-0.229338 -0.100464 0.102520
-0.230440 -0.097830 0.108220
-0.229819 -0.095188 0.109619
-0.236246 -0.087814 0.088068
-0.235349 -0.088237 0.088456
-0.234820 -0.089191 0.089226
-0.234707 -0.091557 0.090229
-0.234629 -0.091275 0.090681
-0.233760 -0.090703 0.091416
-0.233082 -0.084557 0.096742
-0.232079 -0.086874 0.094015
-0.231733 -0.089382 0.093133
-0.230066 -0.090074 0.109407
-0.230094 -0.087941 0.108361
-0.230080 -0.086083 0.106878
-0.230052 -0.084056 0.105042
-0.231337 -0.082982 0.102400
-0.229776 -0.094750 0.108785
-0.229939 -0.092447 0.109357
-0.269381 -0.056423 0.121641
-0.267912 -0.061785 0.119776
-0.270978 -0.048152 0.123463
-0.266754 -0.064391 0.118010
-0.265680 -0.065705 0.116145
-0.264444 -0.067209 0.114019
-0.261823 -0.069470 0.109350
-0.251490 -0.076328 0.090689
-0.256554 -0.073058 0.099857
-0.249455 -0.077635 0.087008
-0.249265 -0.077840 0.086288
-0.272906 -0.036808 0.127052
-0.272518 -0.036808 0.125116
-0.273718 -0.011966 0.130484
-0.274043 0.000000 0.130767
-0.273718 0.011966 0.130484
-0.272857 0.024157 0.129665
-0.273930 -0.024157 0.129199
-0.274199 -0.024157 0.128372
-0.246983 -0.082615 0.086147
-0.248311 -0.081478 0.085956
-0.248933 -0.080531 0.085921
-0.249738 -0.077783 0.085984
-0.243027 -0.085426 0.086726
-0.238641 -0.088245 0.087397
0.126056 -0.105840 0.219718
0.110636 -0.105889 0.219725
0.094948 -0.105317 0.218058
0.078942 -0.102583 0.215995
0.060873 -0.100641 0.210380
0.140769 -0.105790 0.218800
0.158753 -0.098981 0.230045
0.158809 -0.096968 0.231507
0.158753 -0.095188 0.231387
0.158696 -0.093627 0.231048
0.158746 -0.092250 0.231839
0.156379 -0.105091 0.218623
0.157481 -0.103198 0.222889
0.158378 -0.101100 0.227127
0.151795 -0.105889 0.217422
0.159056 -0.085214 0.234177
0.155348 -0.067492 0.237334
0.158851 -0.089883 0.233379
0.158823 -0.091021 0.232905
0.155270 -0.023416 0.241269
0.155313 -0.046139 0.239764
0.143411 0.000000 0.243027
-0.008646 -0.114620 0.157531
-0.006385 -0.113666 0.160299
0.003765 -0.108870 0.173826
-0.001935 -0.112070 0.165060
0.039372 -0.102506 0.198089
0.018612 -0.105656 0.184965
0.061149 -0.100097 0.209221
0.073001 -0.139942 0.144788
0.072691 -0.140331 0.141906
0.090957 -0.137393 0.151498
0.091564 -0.134228 0.157488
0.091826 -0.132886 0.159975
0.092016 -0.126818 0.160723
0.091918 -0.131148 0.160526
0.075177 -0.121952 0.159890
0.092052 -0.122488 0.160949
0.051083 -0.119253 0.159261
0.075008 -0.120200 0.160526
0.090342 -0.140239 0.145346
0.050624 -0.118582 0.160780
0.025591 -0.117318 0.159459
0.005298 -0.115849 0.158329
0.072592 -0.139540 0.140684
-0.025160 -0.137230 0.136587
0.002197 -0.137675 0.137463
-0.014621 -0.137400 0.136926
0.023854 -0.138021 0.138162
0.048922 -0.138424 0.138968
0.072408 -0.138763 0.139695
-0.040735 -0.132384 0.105416
-0.048618 -0.129722 0.087863
-0.039648 -0.134419 0.119253
-0.069646 -0.129785 0.069837
-0.063918 -0.127934 0.069971
-0.054220 -0.126903 0.069682
-0.074619 -0.132060 0.069427
-0.038616 -0.135916 0.128945
-0.078285 -0.134080 0.068989
-0.080129 -0.135160 0.068777
-0.080997 -0.135591 0.068629
-0.037649 -0.135726 0.129001
-0.036709 -0.135040 0.129121
-0.035946 -0.134277 0.129241
-0.081781 -0.135683 0.068375
-0.086500 -0.138162 0.081485
-0.191153 -0.129164 0.106172
-0.179117 -0.131848 0.112868
-0.200194 -0.126444 0.098119
-0.162927 -0.134708 0.117742
-0.145565 -0.137188 0.119571
-0.129997 -0.138749 0.117141
-0.116251 -0.139575 0.111484
-0.104385 -0.139886 0.103636
-0.094722 -0.139441 0.093479
-0.207392 -0.123470 0.089184
-0.212697 -0.120207 0.079323
-0.035035 -0.133896 0.129298
-0.034216 -0.134680 0.129178
-0.035501 -0.133832 0.129312
-0.033312 -0.135521 0.129050
-0.032973 -0.136538 0.133536
-0.030762 -0.136898 0.135295
-0.216052 -0.116619 0.068474
-0.225588 -0.106899 0.047311
-0.222247 -0.108044 0.047947
-0.220594 -0.108651 0.048251
-0.219788 -0.108955 0.048364
-0.229557 -0.105444 0.046556
-0.240160 -0.104498 0.065097
-0.238281 -0.104215 0.055427
-0.233096 -0.103890 0.045878
-0.236105 -0.102527 0.045743
-0.219004 -0.109153 0.048420
-0.217691 -0.112946 0.057787
0.127475 0.101248 0.229910
0.127037 0.103346 0.225672
0.110488 0.105035 0.221639
0.094658 0.105946 0.218814
0.078772 0.105395 0.216243
0.060782 0.103473 0.210761
0.126451 0.104992 0.221731
0.039026 0.103028 0.199234
0.143623 0.099144 0.232065
0.158809 0.096968 0.231507
0.158753 0.095188 0.231387
0.158696 0.093627 0.231048
0.158746 0.092250 0.231839
0.159056 0.085214 0.234177
0.155348 0.067492 0.237334
0.158851 0.089883 0.233379
0.158823 0.091021 0.232905
0.155270 0.023416 0.241269
0.155313 0.046139 0.239764
-0.008646 0.114620 0.157531
-0.006385 0.113666 0.160299
0.073001 0.139942 0.144788
0.072691 0.140331 0.141906
0.090957 0.137393 0.151491
0.091564 0.134228 0.157488
0.091826 0.132886 0.159975
0.090342 0.140239 0.145346
0.092016 0.126811 0.160723
0.091918 0.131148 0.160526
0.075177 0.121952 0.159890
0.092052 0.122488 0.160949
0.051083 0.119253 0.159261
0.075008 0.120200 0.160526
0.050624 0.118582 0.160780
0.025591 0.117318 0.159459
0.005298 0.115849 0.158329
0.072592 0.139540 0.140684
-0.025160 0.137230 0.136587
0.002197 0.137668 0.137470
0.023854 0.138021 0.138162
-0.014621 0.137400 0.136926
0.048922 0.138424 0.138968
0.072408 0.138763 0.139695
-0.236522 0.108821 0.085892
-0.241608 0.104752 0.082693
-0.241050 0.104102 0.083660
-0.241495 0.105218 0.079189
-0.236345 0.108990 0.074647
-0.238139 0.106737 0.069208
-0.040735 0.132384 0.105416
-0.039648 0.134419 0.119253
-0.048618 0.129722 0.087863
-0.038616 0.135916 0.128945
-0.063918 0.127934 0.069971
-0.069646 0.129785 0.069837
-0.054220 0.126903 0.069682
-0.074619 0.132060 0.069427
-0.078285 0.134080 0.068989
-0.080129 0.135160 0.068777
-0.080997 0.135591 0.068629
-0.037649 0.135726 0.129001
-0.036709 0.135040 0.129121
-0.086500 0.138162 0.081485
-0.081781 0.135683 0.068375
-0.191153 0.129164 0.106172
-0.200194 0.126444 0.098119
-0.179117 0.131848 0.112868
-0.162927 0.134708 0.117742
-0.145565 0.137188 0.119571
-0.129997 0.138749 0.117141
-0.116251 0.139575 0.111484
-0.104385 0.139886 0.103636
-0.094722 0.139441 0.093479
-0.207392 0.123470 0.089184
-0.212697 0.120207 0.079323
-0.216052 0.116619 0.068474
-0.220594 0.108658 0.048251
-0.222247 0.108044 0.047947
-0.225588 0.106899 0.047311
-0.229557 0.105444 0.046556
-0.233096 0.103890 0.045878
-0.240160 0.104498 0.065097
-0.238281 0.104215 0.055427
-0.236105 0.102527 0.045743
-0.219788 0.108955 0.048364
-0.219004 0.109153 0.048420
-0.217691 0.112946 0.057787
-0.035946 0.134277 0.129241
-0.034216 0.134680 0.129178
-0.035035 0.133896 0.129298
-0.035501 0.133832 0.129312
-0.033312 0.135521 0.129050
-0.032973 0.136538 0.133536
-0.030762 0.136898 0.135295
0.003765 0.108870 0.173826
-0.001935 0.112070 0.165060
0.039372 0.102506 0.198089
0.018612 0.105656 0.184965
-0.235992 0.107662 0.087404
-0.235469 0.106511 0.088901
-0.235152 0.105819 0.089813
-0.232785 0.105020 0.090696
-0.234452 0.105388 0.090335
-0.230673 0.106885 0.093203
-0.230193 0.108517 0.095294
-0.231302 0.104575 0.091084
-0.230214 0.107606 0.095499
-0.230589 0.106723 0.095718
-0.230645 0.106186 0.095944
-0.230370 0.105119 0.096615
-0.230850 0.105204 0.099419
-0.230080 0.102845 0.101001
-0.229338 0.100464 0.102520
-0.229826 0.099638 0.105529
-0.230440 0.097830 0.108220
-0.230009 0.092596 0.110452
-0.229819 0.095188 0.109619
-0.230144 0.089876 0.110325
-0.230193 0.087347 0.109294
-0.230165 0.085341 0.107443
-0.232107 0.082784 0.105988
-0.235710 0.081661 0.102626
-0.235752 0.085087 0.094581
-0.243140 0.083943 0.087905
-0.239248 0.086055 0.088534
-0.236741 0.086902 0.088887
-0.235349 0.087588 0.089078
-0.235159 0.088753 0.090074
-0.235074 0.088499 0.090590
-0.234170 0.088011 0.091621
-0.246722 0.081810 0.087298
-0.248290 0.080870 0.087030
-0.268308 0.062477 0.121817
-0.269770 0.056812 0.123633
-0.267185 0.065210 0.120073
-0.266153 0.066595 0.118222
-0.264974 0.068184 0.116089
-0.262233 0.070656 0.111159
-0.251052 0.078419 0.090936
-0.256547 0.074704 0.100881
-0.248869 0.079888 0.086980
-0.271098 0.048279 0.126239
-0.271366 0.048244 0.125413
-0.272638 0.036808 0.127878
-0.247477 -0.096530 0.082000
-0.246460 -0.095520 0.083568
-0.248106 -0.097159 0.081026
-0.245443 -0.094524 0.085122
-0.248615 -0.097130 0.079239
-0.243889 -0.101983 0.072677
-0.244836 -0.093917 0.086062
-0.238422 -0.095018 0.087623
-0.244412 -0.092730 0.086528
-0.235003 -0.096784 0.088181
-0.233372 -0.096735 0.088711
-0.231938 -0.100768 0.090251
-0.231528 -0.103184 0.092306
-0.231549 -0.102711 0.092617
-0.229112 -0.100111 0.099716
-0.229854 -0.101220 0.096021
-0.231104 -0.101644 0.093104
-0.228929 -0.099002 0.100316
-0.229105 -0.099384 0.103014
-0.229338 -0.098797 0.105670
-0.229586 -0.097349 0.107973
-0.236006 -0.089396 0.087849
-0.234841 -0.089509 0.088372
-0.234360 -0.092016 0.089382
-0.233562 -0.095859 0.090441
-0.233520 -0.095513 0.090851
-0.232792 -0.094708 0.091430
-0.231104 -0.092829 0.092765
-0.230504 -0.084141 0.098861
-0.230059 -0.085857 0.096403
-0.229790 -0.088153 0.094884
-0.229480 -0.091042 0.094171
-0.229903 -0.090491 0.107493
-0.229875 -0.089248 0.106292
-0.229910 -0.087630 0.105684
-0.229967 -0.085108 0.104710
-0.229819 -0.084642 0.102379
-0.229868 -0.083703 0.102343
-0.229635 -0.084268 0.099680
-0.229571 -0.096537 0.107224
-0.229699 -0.093839 0.107048
-0.229776 -0.092115 0.106928
-0.270271 -0.048046 0.121577
-0.268682 -0.056021 0.119720
-0.267206 -0.061071 0.117812
-0.271804 -0.036808 0.123244
-0.266019 -0.063543 0.116018
-0.264896 -0.064815 0.114146
-0.263632 -0.066242 0.112020
-0.261117 -0.068304 0.107613
-0.251624 -0.074308 0.090477
-0.249752 -0.075467 0.087065
-0.256264 -0.071455 0.098875
-0.249604 -0.075509 0.086366
-0.273803 -0.024157 0.126430
-0.273097 -0.024157 0.124565
-0.274771 -0.011966 0.130018
-0.275089 0.000000 0.130308
-0.274771 0.011966 0.130018
-0.273930 0.024157 0.129199
-0.275046 -0.011966 0.129199
-0.274651 -0.011966 0.127256
-0.248629 -0.082071 0.085935
-0.243508 -0.087044 0.086691
-0.250147 -0.075029 0.086076
-0.251073 -0.077346 0.085801
-0.238613 -0.090731 0.087475
0.125815 -0.105197 0.218927
0.140070 -0.105162 0.218023
0.110699 -0.105246 0.218948
0.095040 -0.102492 0.217804
0.078970 -0.099758 0.215593
0.079048 -0.099122 0.214385
0.150714 -0.105296 0.216631
0.174589 -0.096530 0.228349
0.174172 -0.098543 0.226923
0.173339 -0.100712 0.224069
0.174660 -0.094743 0.228215
0.174610 -0.093168 0.227876
0.174653 -0.091797 0.228674
0.174716 -0.090568 0.229748
0.171983 -0.102965 0.219958
0.169807 -0.104759 0.216440
0.159515 -0.105804 0.216405
0.156181 -0.106271 0.216017
0.154995 -0.105748 0.215176
0.175020 -0.087927 0.230384
0.164629 -0.080891 0.233810
0.160921 -0.066341 0.236713
0.174737 -0.089445 0.230221
0.155242 0.000000 0.241791
0.160829 -0.023416 0.240492
0.160921 -0.045856 0.239015
0.006195 -0.114747 0.161041
0.005842 -0.109626 0.172512
0.020004 -0.107154 0.181787
0.007763 -0.113143 0.165046
0.040827 -0.104582 0.193272
0.062823 -0.102555 0.203189
0.080503 -0.101708 0.207759
0.090060 -0.140656 0.142408
0.089813 -0.139829 0.141171
0.102202 -0.137421 0.152000
0.104992 -0.133847 0.158760
0.104321 -0.132667 0.160815
0.104399 -0.130993 0.161387
0.104561 -0.126903 0.161606
0.104695 -0.122820 0.161839
0.091953 -0.120779 0.161578
0.104681 -0.121153 0.162468
0.074577 -0.119543 0.162065
0.091628 -0.120115 0.163075
0.104512 -0.140790 0.145381
0.103481 -0.140889 0.142761
0.049762 -0.117325 0.163633
0.073743 -0.118321 0.164997
0.025189 -0.116082 0.162200
0.089332 -0.138939 0.140140
-0.025068 -0.136926 0.135450
0.002197 -0.137075 0.136213
0.023783 -0.137188 0.136820
-0.014565 -0.136983 0.135747
0.048767 -0.137322 0.137520
0.071998 -0.137393 0.138134
0.088322 -0.137329 0.138509
-0.037218 -0.130280 0.089276
-0.037423 -0.132526 0.105670
-0.042918 -0.128090 0.074640
-0.037585 -0.134504 0.119303
-0.072323 -0.128365 0.057808
-0.067280 -0.126041 0.057991
-0.061509 -0.124276 0.057942
-0.041385 -0.126388 0.066489
-0.053711 -0.123301 0.057956
-0.076060 -0.130470 0.057582
-0.077932 -0.131579 0.057504
-0.078829 -0.132024 0.057441
-0.079627 -0.132144 0.057271
-0.036667 -0.134299 0.119359
-0.035756 -0.133614 0.119472
-0.035000 -0.132844 0.119592
-0.087581 -0.138014 0.080891
-0.082954 -0.135549 0.067979
-0.162630 -0.134553 0.115573
-0.178347 -0.131784 0.110834
-0.189980 -0.129192 0.104378
-0.198718 -0.126550 0.096601
-0.145749 -0.136955 0.117367
-0.130626 -0.138466 0.114980
-0.117276 -0.139278 0.109463
-0.105727 -0.139582 0.101842
-0.096332 -0.139158 0.092045
-0.205732 -0.123654 0.087898
-0.210931 -0.120475 0.078285
-0.034096 -0.132455 0.119656
-0.034562 -0.132392 0.119663
-0.033283 -0.133232 0.119550
-0.032372 -0.134073 0.119437
-0.032584 -0.135789 0.129015
-0.030656 -0.136503 0.133578
-0.214201 -0.117000 0.067789
-0.220142 -0.105967 0.041265
-0.221865 -0.105331 0.040898
-0.225319 -0.104145 0.040128
-0.219308 -0.106278 0.041413
-0.218524 -0.106483 0.041541
-0.229543 -0.102555 0.039188
-0.245302 -0.099963 0.068290
-0.241975 -0.102605 0.062314
-0.240174 -0.102930 0.054869
-0.238486 -0.101623 0.046591
-0.233591 -0.100733 0.038305
-0.238118 -0.097971 0.037041
-0.240478 -0.097625 0.039916
-0.217380 -0.106772 0.041625
-0.217839 -0.109435 0.048399
-0.215918 -0.109986 0.048293
-0.215783 -0.113433 0.057441
0.142648 0.103304 0.224825
0.141673 0.104943 0.220834
0.143397 0.101248 0.229126
0.126056 0.105840 0.219718
0.110636 0.105889 0.219725
0.094948 0.105317 0.218058
0.078942 0.102583 0.215995
0.060873 0.100641 0.210380
0.140769 0.105790 0.218800
0.061149 0.100097 0.209221
0.158753 0.098981 0.230045
0.174589 0.096530 0.228349
0.174660 0.094743 0.228215
0.174610 0.093168 0.227876
0.174653 0.091797 0.228674
0.174716 0.090568 0.229748
0.175020 0.087927 0.230384
0.164629 0.080891 0.233810
0.160921 0.066341 0.236713
0.174737 0.089445 0.230221
0.160921 0.045856 0.239015
0.160829 0.023416 0.240492
0.006195 0.114747 0.161041
0.090060 0.140656 0.142408
0.089813 0.139822 0.141171
0.102202 0.137421 0.152000
0.104992 0.133847 0.158760
0.104321 0.132667 0.160815
0.104512 0.140790 0.145381
0.103481 0.140889 0.142761
0.104695 0.122820 0.161839
0.104561 0.126903 0.161606
0.104399 0.130993 0.161387
0.091953 0.120779 0.161578
0.104681 0.121153 0.162468
0.074577 0.119543 0.162065
0.091628 0.120115 0.163075
0.049762 0.117325 0.163633
0.073743 0.118321 0.164997
0.025189 0.116082 0.162200
0.089332 0.138939 0.140140
-0.025068 0.136926 0.135450
0.048767 0.137322 0.137520
0.023783 0.137188 0.136820
0.002197 0.137075 0.136213
-0.014565 0.136983 0.135747
0.071998 0.137393 0.138134
0.088322 0.137329 0.138509
-0.240153 0.103050 0.085214
-0.248106 0.097159 0.081026
-0.247477 0.096530 0.082000
-0.246460 0.095520 0.083561
-0.248615 0.097130 0.079239
-0.243889 0.101983 0.072677
-0.037218 0.130280 0.089276
-0.037423 0.132526 0.105670
-0.037585 0.134504 0.119303
-0.042918 0.128090 0.074640
-0.072323 0.128365 0.057808
-0.067280 0.126041 0.057991
-0.061509 0.124276 0.057942
-0.041385 0.126388 0.066489
-0.053711 0.123301 0.057956
-0.076060 0.130470 0.057582
-0.077932 0.131579 0.057504
-0.078829 0.132024 0.057441
-0.079627 0.132144 0.057271
-0.036667 0.134299 0.119359
-0.035756 0.133614 0.119472
-0.087581 0.138014 0.080891
-0.082954 0.135549 0.067979
-0.189980 0.129192 0.104378
-0.178347 0.131784 0.110834
-0.198718 0.126550 0.096601
-0.162630 0.134553 0.115573
-0.145749 0.136955 0.117367
-0.130626 0.138466 0.114980
-0.117276 0.139278 0.109463
-0.105727 0.139582 0.101842
-0.096332 0.139158 0.092045
-0.205732 0.123654 0.087898
-0.210931 0.120475 0.078285
-0.214201 0.117000 0.067789
-0.219308 0.106278 0.041413
-0.220142 0.105967 0.041265
-0.221865 0.105331 0.040898
-0.225319 0.104145 0.040128
-0.229543 0.102555 0.039188
-0.233591 0.100733 0.038305
-0.241975 0.102605 0.062314
-0.245302 0.099963 0.068290
-0.240174 0.102930 0.054869
-0.238486 0.101623 0.046584
-0.238118 0.097971 0.037041
-0.240478 0.097625 0.039916
-0.218524 0.106483 0.041541
-0.217839 0.109435 0.048399
-0.217380 0.106772 0.041625
-0.215918 0.109986 0.048293
-0.215783 0.113433 0.057441
-0.035000 0.132844 0.119592
-0.033283 0.133232 0.119550
-0.034096 0.132455 0.119656
-0.034562 0.132392 0.119663
-0.032584 0.135789 0.129015
-0.032372 0.134073 0.119437
-0.030656 0.136503 0.133578
0.020004 0.107154 0.181787
0.005842 0.109626 0.172512
0.007763 0.113143 0.165046
0.062823 0.102555 0.203189
0.040827 0.104582 0.193272
-0.239263 0.102011 0.086754
-0.238726 0.101390 0.087687
-0.237553 0.100719 0.088146
-0.233993 0.101580 0.088930
-0.232178 0.101284 0.089424
-0.230666 0.106045 0.093592
-0.231168 0.103883 0.091713
-0.231019 0.105211 0.093973
-0.231055 0.104695 0.094220
-0.230695 0.103650 0.094764
-0.229727 0.102619 0.098176
-0.229112 0.100111 0.099716
-0.228929 0.099002 0.100316
-0.229105 0.099384 0.103014
-0.229338 0.098797 0.105670
-0.229586 0.097356 0.107973
-0.229776 0.094750 0.108785
-0.229939 0.092447 0.109357
-0.230066 0.090074 0.109407
-0.230094 0.087941 0.108361
-0.230080 0.086083 0.106878
-0.230052 0.084056 0.105042
-0.231337 0.082982 0.102400
-0.233082 0.084557 0.096742
-0.232079 0.086874 0.094015
-0.242816 0.084564 0.087044
-0.246524 0.082205 0.086493
-0.238768 0.086895 0.087658
-0.236246 0.087814 0.088068
-0.235349 0.088237 0.088456
-0.234820 0.089191 0.089226
-0.234707 0.091557 0.090229
-0.234629 0.091275 0.090681
-0.233760 0.090703 0.091416
-0.231733 0.089382 0.093133
-0.248035 0.081202 0.086274
-0.248622 0.080227 0.086231
-0.269381 0.056423 0.121641
-0.270978 0.048152 0.123463
-0.267912 0.061785 0.119776
-0.266754 0.064391 0.118010
-0.265680 0.065705 0.116145
-0.264451 0.067209 0.114019
-0.261823 0.069470 0.109350
-0.251490 0.076328 0.090689
-0.249455 0.077635 0.087008
-0.256554 0.073058 0.099857
-0.249265 0.077840 0.086288
-0.272906 0.036808 0.127052
-0.272518 0.036808 0.125116
-0.274199 0.024157 0.128372
-0.254160 -0.087475 0.080870
-0.254795 -0.088103 0.079903
-0.253135 -0.086465 0.082438
-0.252125 -0.085462 0.083999
-0.255021 -0.088435 0.078334
-0.249243 -0.096156 0.075234
-0.251518 -0.084861 0.084932
-0.243974 -0.089961 0.086676
-0.235703 -0.092200 0.087976
-0.250847 -0.084247 0.085462
-0.234417 -0.092334 0.088506
-0.233202 -0.096346 0.089601
-0.232305 -0.100217 0.091028
-0.232305 -0.099800 0.091402
-0.230073 -0.099151 0.094241
-0.229056 -0.098783 0.097300
-0.228809 -0.097745 0.097900
-0.231754 -0.098769 0.091903
-0.228992 -0.098112 0.100599
-0.229162 -0.098282 0.102965
-0.229352 -0.097929 0.105310
-0.230454 -0.096375 0.093083
-0.229218 -0.094044 0.094326
-0.229388 -0.085737 0.097392
-0.229155 -0.087884 0.095725
-0.228964 -0.090484 0.094920
-0.228830 -0.093203 0.095018
-0.229487 -0.091536 0.102675
-0.229797 -0.087446 0.103968
-0.229727 -0.086599 0.102463
-0.229614 -0.085292 0.100104
-0.229402 -0.086429 0.098028
-0.229395 -0.096113 0.104561
-0.229543 -0.094715 0.105571
-0.269593 -0.048004 0.120963
-0.271126 -0.036808 0.122630
-0.268018 -0.055830 0.119105
-0.266549 -0.060753 0.117191
-0.272412 -0.024157 0.123951
-0.265334 -0.063218 0.115368
-0.264190 -0.064518 0.113475
-0.262904 -0.065931 0.111356
-0.260439 -0.067909 0.107041
-0.255721 -0.070925 0.098557
-0.251228 -0.073637 0.090406
-0.249448 -0.074746 0.087086
-0.249272 -0.074732 0.086401
-0.273944 -0.011966 0.125392
-0.273259 -0.011966 0.124777
-0.275357 0.000000 0.129488
-0.275046 0.011966 0.129199
-0.274962 0.000000 0.127546
-0.274255 0.000000 0.125681
-0.249653 -0.083222 0.085793
-0.253474 -0.076420 0.085419
-0.252090 -0.071271 0.085885
-0.249604 -0.074103 0.086125
0.110721 -0.102421 0.218687
0.125709 -0.102372 0.218665
0.139731 -0.102357 0.217768
0.150185 -0.102527 0.216370
0.095004 -0.099645 0.217380
0.110657 -0.099574 0.218234
0.094884 -0.098939 0.216094
0.154479 -0.103036 0.214837
0.190100 -0.097660 0.222903
0.190828 -0.095647 0.224309
0.182896 -0.102930 0.216928
0.188723 -0.100281 0.219817
0.191019 -0.093853 0.224161
0.190976 -0.092278 0.223815
0.191012 -0.090900 0.224620
0.191068 -0.089686 0.225701
0.191082 -0.088577 0.226181
0.181907 -0.106292 0.210945
0.168952 -0.108227 0.208981
0.166494 -0.105550 0.215395
0.160024 -0.108651 0.209914
0.156068 -0.109167 0.209560
0.154945 -0.108651 0.208769
0.154529 -0.105967 0.208402
0.191153 -0.087114 0.226393
0.175889 -0.085525 0.230532
0.166289 -0.078779 0.233718
0.162878 -0.065104 0.236430
0.160759 0.000000 0.241021
0.162786 -0.023409 0.240047
0.162927 -0.045531 0.238606
0.044260 -0.109477 0.181864
0.023006 -0.110360 0.175013
0.010242 -0.111046 0.170400
0.024390 -0.113892 0.167080
0.067110 -0.108743 0.188151
0.095866 -0.101531 0.209250
0.084649 -0.108524 0.191103
0.103064 -0.140013 0.141511
0.102223 -0.139024 0.140437
0.108369 -0.137414 0.152289
0.115368 -0.132349 0.161557
0.115828 -0.132886 0.160688
0.110664 -0.134765 0.157241
0.115432 -0.130746 0.162150
0.115658 -0.126924 0.162383
0.115870 -0.123096 0.162630
0.104484 -0.120468 0.163909
0.115934 -0.121485 0.163259
0.115849 -0.120779 0.164644
0.090971 -0.118921 0.165915
0.104053 -0.119303 0.166586
0.115347 -0.141094 0.143072
0.116018 -0.141532 0.144414
0.110551 -0.140041 0.147536
0.114775 -0.140190 0.141807
0.071568 -0.115171 0.172597
0.047855 -0.114584 0.169948
0.088979 -0.115594 0.173967
0.100486 -0.137209 0.138735
-0.014544 -0.136255 0.133840
-0.024991 -0.136418 0.133670
0.048456 -0.135252 0.134864
0.023606 -0.135648 0.134461
0.002126 -0.135987 0.134108
0.071243 -0.134814 0.135231
0.086500 -0.134341 0.135450
0.097371 -0.133875 0.135598
-0.033855 -0.128598 0.076124
-0.034378 -0.130421 0.089629
-0.035720 -0.132603 0.105797
-0.036568 -0.127694 0.070211
-0.075488 -0.127391 0.049501
-0.071751 -0.125427 0.049692
-0.066722 -0.123308 0.049861
-0.060979 -0.121803 0.049847
-0.032655 -0.126755 0.066849
-0.032761 -0.123767 0.058740
-0.042593 -0.123343 0.058316
-0.053231 -0.121026 0.049883
-0.077360 -0.128394 0.049459
-0.078257 -0.128782 0.049438
-0.079062 -0.128909 0.049325
-0.080842 -0.131996 0.056854
-0.034894 -0.132392 0.105882
-0.034025 -0.131706 0.106009
-0.033283 -0.130936 0.106129
-0.089445 -0.137781 0.079987
-0.085017 -0.135323 0.067414
-0.162334 -0.134398 0.113377
-0.145939 -0.136721 0.115128
-0.177577 -0.131721 0.108771
-0.188794 -0.129220 0.102562
-0.197213 -0.126663 0.095054
-0.131261 -0.138184 0.112790
-0.118314 -0.138975 0.107415
-0.107090 -0.139278 0.100026
-0.097971 -0.138876 0.090597
-0.204051 -0.123838 0.086585
-0.209151 -0.120751 0.077240
-0.032386 -0.130548 0.106207
-0.032845 -0.130484 0.106200
-0.031574 -0.131325 0.106122
-0.031645 -0.134334 0.119409
-0.030281 -0.135704 0.129029
-0.030677 -0.132166 0.106038
-0.212329 -0.117396 0.067089
-0.219958 -0.104872 0.038411
-0.219110 -0.105183 0.038574
-0.221710 -0.104229 0.038023
-0.225206 -0.103028 0.037225
-0.218326 -0.105374 0.038694
-0.217182 -0.105663 0.038786
-0.229515 -0.101411 0.036236
-0.249844 -0.094941 0.071059
-0.246248 -0.098706 0.065980
-0.243148 -0.101390 0.060845
-0.240230 -0.100994 0.047707
-0.241368 -0.102047 0.054580
-0.241876 -0.097491 0.041950
-0.233704 -0.099511 0.035268
-0.238034 -0.096869 0.034385
-0.243133 -0.093076 0.034830
-0.243960 -0.093118 0.036773
-0.244843 -0.093090 0.038736
-0.215282 -0.106242 0.038878
-0.215473 -0.107351 0.041661
-0.213544 -0.107952 0.041675
-0.213989 -0.110558 0.048166
-0.213862 -0.113949 0.057087
0.157481 0.103198 0.222889
0.156379 0.105091 0.218623
0.151795 0.105889 0.217422
0.158378 0.101100 0.227127
0.125815 0.105197 0.218927
0.140070 0.105162 0.218023
0.110699 0.105246 0.218948
0.095040 0.102499 0.217804
0.078970 0.099758 0.215593
0.079048 0.099122 0.214385
0.150714 0.105296 0.216631
0.080503 0.101708 0.207759
0.174172 0.098543 0.226923
0.173339 0.100712 0.224069
0.190100 0.097660 0.222903
0.190828 0.095647 0.224309
0.191019 0.093853 0.224161
0.190976 0.092278 0.223815
0.191012 0.090900 0.224620
0.191068 0.089686 0.225701
0.191082 0.088577 0.226181
0.191153 0.087114 0.226393
0.175889 0.085525 0.230532
0.166289 0.078779 0.233718
0.162878 0.065104 0.236430
0.162927 0.045531 0.238606
0.162786 0.023409 0.240047
0.103064 0.140013 0.141511
0.102223 0.139024 0.140437
0.108369 0.137414 0.152289
0.115368 0.132349 0.161557
0.115828 0.132886 0.160688
0.110664 0.134765 0.157241
0.115347 0.141087 0.143072
0.116018 0.141532 0.144414
0.110551 0.140041 0.147536
0.114775 0.140183 0.141807
0.115651 0.126917 0.162383
0.115870 0.123096 0.162630
0.115432 0.130746 0.162150
0.104484 0.120468 0.163909
0.115934 0.121485 0.163259
0.115849 0.120779 0.164644
0.090964 0.118921 0.165915
0.104053 0.119303 0.166586
0.047855 0.114584 0.169948
0.071568 0.115171 0.172597
0.088979 0.115594 0.173967
0.024390 0.113892 0.167080
0.100486 0.137209 0.138735
-0.024991 0.136418 0.133670
-0.014544 0.136255 0.133840
0.048456 0.135252 0.134864
0.023606 0.135648 0.134461
0.071243 0.134814 0.135231
0.002126 0.135987 0.134108
0.086500 0.134341 0.135450
0.097371 0.133875 0.135598
-0.245443 0.094524 0.085122
-0.254795 0.088103 0.079903
-0.254160 0.087475 0.080870
-0.253135 0.086465 0.082438
-0.255021 0.088435 0.078334
-0.249243 0.096156 0.075234
-0.033855 0.128598 0.076124
-0.034378 0.130421 0.089629
-0.035720 0.132603 0.105797
-0.036568 0.127694 0.070211
-0.071751 0.125427 0.049692
-0.075488 0.127391 0.049501
-0.066722 0.123308 0.049861
-0.060979 0.121803 0.049847
-0.032655 0.126755 0.066849
-0.042593 0.123343 0.058316
-0.032761 0.123767 0.058740
-0.053231 0.121026 0.049883
-0.077360 0.128394 0.049459
-0.078257 0.128782 0.049438
-0.080842 0.131996 0.056854
-0.079062 0.128909 0.049325
-0.034894 0.132392 0.105882
-0.034025 0.131706 0.106009
-0.089445 0.137781 0.079987
-0.085017 0.135323 0.067414
-0.162334 0.134398 0.113377
-0.177577 0.131721 0.108771
-0.188794 0.129220 0.102562
-0.197213 0.126663 0.095054
-0.145939 0.136721 0.115128
-0.131261 0.138184 0.112790
-0.118314 0.138975 0.107415
-0.107090 0.139278 0.100026
-0.097971 0.138876 0.090597
-0.204051 0.123838 0.086585
-0.209151 0.120751 0.077240
-0.212329 0.117396 0.067089
-0.219958 0.104872 0.038411
-0.219110 0.105183 0.038574
-0.218326 0.105374 0.038694
-0.221710 0.104229 0.038023
-0.225206 0.103028 0.037225
-0.229515 0.101411 0.036236
-0.233704 0.099511 0.035268
-0.243148 0.101390 0.060845
-0.246248 0.098706 0.065973
-0.249844 0.094941 0.071059
-0.241368 0.102047 0.054580
-0.240230 0.100994 0.047700
-0.241876 0.097491 0.041950
-0.238034 0.096869 0.034385
-0.243133 0.093076 0.034830
-0.244843 0.093090 0.038736
-0.243960 0.093111 0.036773
-0.217182 0.105663 0.038786
-0.215282 0.106242 0.038878
-0.215473 0.107351 0.041661
-0.213989 0.110558 0.048166
-0.213544 0.107952 0.041675
-0.213862 0.113949 0.057087
-0.033283 0.130936 0.106129
-0.031574 0.131325 0.106122
-0.032386 0.130548 0.106207
-0.032845 0.130484 0.106200
-0.031645 0.134334 0.119402
-0.030281 0.135704 0.129029
-0.030677 0.132166 0.106038
0.044260 0.109477 0.181857
0.023006 0.110360 0.175013
0.010242 0.111046 0.170400
0.067110 0.108743 0.188151
-0.244836 0.093924 0.086055
-0.244412 0.092730 0.086528
-0.238422 0.095018 0.087623
-0.235003 0.096784 0.088181
-0.233372 0.096735 0.088711
-0.231938 0.100768 0.090251
-0.231528 0.103184 0.092306
-0.231549 0.102711 0.092617
-0.231104 0.101644 0.093104
-0.229854 0.101220 0.096021
-0.229056 0.098783 0.097300
-0.228809 0.097745 0.097900
-0.228992 0.098112 0.100599
-0.229162 0.098282 0.102965
-0.229352 0.097929 0.105310
-0.229571 0.096537 0.107224
-0.229699 0.093839 0.107048
-0.229776 0.092115 0.106928
-0.229903 0.090491 0.107493
-0.229875 0.089248 0.106292
-0.229910 0.087630 0.105684
-0.229967 0.085108 0.104710
-0.229868 0.083703 0.102343
-0.229819 0.084642 0.102379
-0.230504 0.084141 0.098861
-0.229635 0.084268 0.099680
-0.230059 0.085857 0.096403
-0.229790 0.088153 0.094884
-0.243027 0.085426 0.086726
-0.246983 0.082615 0.086147
-0.238641 0.088245 0.087397
-0.236006 0.089396 0.087849
-0.234841 0.089509 0.088372
-0.234360 0.092016 0.089382
-0.233562 0.095859 0.090441
-0.233520 0.095513 0.090851
-0.232792 0.094708 0.091430
-0.231104 0.092829 0.092765
-0.229480 0.091042 0.094171
-0.248311 0.081478 0.085956
-0.248933 0.080531 0.085921
-0.249738 0.077783 0.085984
-0.268682 0.056021 0.119720
-0.270271 0.048046 0.121577
-0.271804 0.036808 0.123244
-0.267206 0.061071 0.117812
-0.266019 0.063543 0.116018
-0.264896 0.064815 0.114146
-0.263632 0.066242 0.112020
-0.261117 0.068304 0.107613
-0.251624 0.074308 0.090477
-0.249752 0.075467 0.087065
-0.249604 0.075509 0.086366
-0.256264 0.071455 0.098875
-0.273803 0.024157 0.126430
-0.273097 0.024157 0.124565
-0.274651 0.011966 0.127256
-0.260086 -0.078900 0.079288
-0.259457 -0.078271 0.080263
-0.260100 -0.079571 0.077656
-0.258433 -0.077261 0.081831
-0.257423 -0.076258 0.083385
-0.259252 -0.080708 0.074103
-0.254831 -0.088555 0.074972
-0.256815 -0.075657 0.084324
-0.255770 -0.075650 0.084911
-0.229084 -0.096693 0.095435
-0.228780 -0.095718 0.096071
-0.228865 -0.095216 0.096862
-0.228907 -0.096876 0.098571
-0.229133 -0.096240 0.101192
-0.229282 -0.095824 0.102859
-0.229204 -0.088400 0.096700
-0.229028 -0.090611 0.095845
-0.228922 -0.092970 0.096099
-0.229571 -0.087566 0.101037
-0.229303 -0.089537 0.098875
-0.229126 -0.092447 0.098494
-0.229119 -0.094934 0.100062
-0.229423 -0.087884 0.099348
-0.268477 -0.047968 0.120998
-0.270003 -0.036808 0.122651
-0.271289 -0.024157 0.123972
-0.266930 -0.055696 0.119169
-0.265475 -0.060556 0.117269
-0.272136 -0.011966 0.124798
-0.264232 -0.063105 0.115404
-0.263053 -0.064511 0.113468
-0.261774 -0.065945 0.111349
-0.259309 -0.067916 0.107055
-0.254590 -0.070925 0.098564
-0.250105 -0.073644 0.090406
-0.248353 -0.074746 0.087100
-0.248219 -0.074082 0.086168
-0.248127 -0.074725 0.086422
-0.273577 0.000000 0.125067
-0.273944 0.011966 0.125392
-0.254251 -0.058133 0.085688
-0.256180 -0.068099 0.085299
-0.250310 -0.069745 0.086048
-0.248530 -0.069717 0.086111
0.125540 -0.099553 0.218206
0.139257 -0.099574 0.217359
0.149464 -0.099786 0.216002
0.153794 -0.100330 0.214448
0.110452 -0.098868 0.216864
0.125109 -0.098896 0.216822
0.154013 -0.103262 0.208028
0.206763 -0.096156 0.218199
0.205895 -0.098360 0.215487
0.207470 -0.094136 0.219612
0.186957 -0.103396 0.214696
0.186251 -0.105402 0.212379
0.192248 -0.102266 0.214639
0.207625 -0.092341 0.219471
0.207569 -0.090766 0.219132
0.207632 -0.089389 0.219930
0.207724 -0.088174 0.221003
0.207752 -0.087086 0.221477
0.166480 -0.115962 0.192813
0.175119 -0.115828 0.192297
0.184294 -0.108580 0.211757
0.182203 -0.110064 0.206029
0.183567 -0.109576 0.210874
0.157509 -0.116421 0.193251
0.153610 -0.116816 0.192997
0.152261 -0.113412 0.192290
0.152586 -0.116153 0.192523
0.151873 -0.110650 0.192064
0.207759 -0.085638 0.221710
0.191365 -0.084812 0.226682
0.176821 -0.083229 0.230638
0.167151 -0.077678 0.233675
0.163902 -0.064455 0.236289
0.162666 0.000000 0.240591
0.163803 -0.023401 0.239814
0.163973 -0.045369 0.238387
0.110897 -0.101517 0.209907
0.099115 -0.108602 0.192128
0.113624 -0.139095 0.140698
0.111243 -0.137103 0.138939
0.111208 -0.137393 0.152424
0.125547 -0.132533 0.161394
0.125455 -0.131996 0.162235
0.117177 -0.133486 0.159657
0.113115 -0.135238 0.156422
0.125512 -0.130463 0.162849
0.125780 -0.126903 0.163097
0.126077 -0.123343 0.163351
0.115623 -0.119642 0.167172
0.126218 -0.121062 0.165315
0.126204 -0.121789 0.163980
0.102548 -0.115934 0.174617
0.114761 -0.116251 0.175091
0.125469 -0.140338 0.142076
0.126183 -0.141277 0.143361
0.126465 -0.141751 0.144618
0.117480 -0.141242 0.145720
0.113080 -0.139526 0.148595
0.124028 -0.139165 0.140931
0.106984 -0.133465 0.135726
-0.014275 -0.135125 0.129107
-0.024652 -0.135499 0.129058
0.023627 -0.133762 0.129291
0.048322 -0.132872 0.129411
0.070678 -0.131954 0.129531
0.002289 -0.134532 0.129185
0.085024 -0.131099 0.129644
0.094792 -0.130322 0.129736
0.103431 -0.129637 0.129820
-0.031426 -0.128026 0.071356
-0.031553 -0.128733 0.076505
-0.032923 -0.130491 0.089806
-0.031355 -0.127871 0.070197
-0.077402 -0.126995 0.045807
-0.075530 -0.126317 0.045863
-0.071794 -0.124925 0.046061
-0.066764 -0.123449 0.046238
-0.061022 -0.122517 0.046245
-0.053266 -0.122093 0.046294
-0.030154 -0.123880 0.058853
-0.030324 -0.126854 0.066955
-0.032400 -0.121450 0.050525
-0.029787 -0.121549 0.050617
-0.042183 -0.121083 0.050186
-0.042169 -0.122135 0.046577
-0.078299 -0.127242 0.045779
-0.080220 -0.128775 0.048880
-0.079097 -0.127348 0.045680
-0.082982 -0.131664 0.056063
-0.032146 -0.130287 0.089919
-0.031306 -0.129594 0.090060
-0.030578 -0.128817 0.090180
-0.091352 -0.137548 0.079104
-0.087114 -0.135097 0.066884
-0.162143 -0.134299 0.111999
-0.146052 -0.136580 0.113730
-0.131664 -0.138007 0.111420
-0.177089 -0.131685 0.107486
-0.188052 -0.129234 0.101418
-0.196274 -0.126734 0.094086
-0.118957 -0.138784 0.106129
-0.107938 -0.139088 0.098882
-0.099002 -0.138699 0.089693
-0.202998 -0.123951 0.085765
-0.208028 -0.120920 0.076583
-0.029702 -0.128429 0.090272
-0.030154 -0.128365 0.090258
-0.028904 -0.129206 0.090215
-0.029363 -0.134235 0.119416
-0.029956 -0.132434 0.106016
-0.028021 -0.130046 0.090152
-0.211164 -0.117650 0.066651
-0.219930 -0.104293 0.037825
-0.219075 -0.104590 0.037981
-0.218284 -0.104780 0.038065
-0.221653 -0.103664 0.037444
-0.225051 -0.102492 0.036688
-0.217147 -0.105063 0.038136
-0.215240 -0.105649 0.038228
-0.229247 -0.100895 0.035741
-0.254499 -0.088562 0.071483
-0.250260 -0.094185 0.068785
-0.246503 -0.098042 0.065020
-0.250218 -0.093796 0.067789
-0.243522 -0.100733 0.060245
-0.241318 -0.100464 0.048378
-0.242745 -0.097236 0.043186
-0.241742 -0.101531 0.054474
-0.245401 -0.092963 0.039987
-0.233372 -0.099009 0.034788
-0.237659 -0.096396 0.033891
-0.242759 -0.093012 0.033644
-0.247845 -0.087362 0.034173
-0.247612 -0.087326 0.033050
-0.248565 -0.087743 0.037641
-0.248205 -0.087538 0.035904
-0.213318 -0.106271 0.038320
-0.213361 -0.106864 0.038948
-0.212153 -0.107245 0.038998
-0.212336 -0.108333 0.041682
-0.212774 -0.110918 0.048088
-0.212654 -0.114267 0.056861
0.171983 0.102965 0.219958
0.169807 0.104759 0.216440
0.159515 0.105804 0.216405
0.156181 0.106271 0.216017
0.154995 0.105748 0.215176
0.110721 0.102421 0.218687
0.125709 0.102372 0.218665
0.139731 0.102357 0.217768
0.150185 0.102527 0.216370
0.095004 0.099645 0.217380
0.110657 0.099574 0.218234
0.094884 0.098939 0.216094
0.154479 0.103036 0.214837
0.095866 0.101531 0.209250
0.084649 0.108524 0.191103
0.182896 0.102930 0.216928
0.188723 0.100281 0.219817
0.206763 0.096149 0.218199
0.205895 0.098360 0.215487
0.207470 0.094136 0.219605
0.207625 0.092348 0.219471
0.207569 0.090766 0.219132
0.207632 0.089389 0.219930
0.207724 0.088174 0.221003
0.207752 0.087086 0.221477
0.207759 0.085638 0.221710
0.191365 0.084812 0.226682
0.176821 0.083229 0.230638
0.167151 0.077678 0.233675
0.163902 0.064455 0.236289
0.163973 0.045369 0.238387
0.163803 0.023401 0.239814
0.113624 0.139095 0.140698
0.111243 0.137103 0.138939
0.111208 0.137393 0.152424
0.125455 0.131996 0.162235
0.125547 0.132533 0.161394
0.117177 0.133486 0.159657
0.113115 0.135238 0.156422
0.126183 0.141277 0.143361
0.125469 0.140338 0.142076
0.126465 0.141751 0.144618
0.117480 0.141242 0.145720
0.113080 0.139526 0.148595
0.124028 0.139165 0.140931
0.125780 0.126903 0.163097
0.125512 0.130463 0.162849
0.126077 0.123343 0.163351
0.115623 0.119642 0.167172
0.126218 0.121062 0.165315
0.126204 0.121789 0.163980
0.102548 0.115934 0.174617
0.114761 0.116251 0.175091
0.099115 0.108602 0.192128
0.106984 0.133465 0.135726
-0.014275 0.135125 0.129107
-0.024652 0.135499 0.129058
0.070678 0.131954 0.129531
0.048322 0.132872 0.129411
0.023627 0.133762 0.129291
0.002289 0.134532 0.129185
0.085024 0.131099 0.129644
0.094792 0.130322 0.129736
0.103431 0.129637 0.129820
-0.252125 0.085462 0.083999
-0.260093 0.078900 0.079288
-0.260100 0.079571 0.077656
-0.259457 0.078271 0.080263
-0.258433 0.077261 0.081831
-0.259252 0.080708 0.074103
-0.254831 0.088555 0.074972
-0.031426 0.128026 0.071356
-0.031553 0.128733 0.076505
-0.032923 0.130491 0.089813
-0.031355 0.127871 0.070197
-0.075530 0.126317 0.045863
-0.071794 0.124925 0.046061
-0.066764 0.123449 0.046238
-0.077402 0.126995 0.045807
-0.061029 0.122517 0.046245
-0.053266 0.122093 0.046294
-0.030324 0.126854 0.066955
-0.030147 0.123880 0.058853
-0.042183 0.121083 0.050186
-0.032400 0.121450 0.050525
-0.042169 0.122135 0.046577
-0.078299 0.127242 0.045779
-0.080220 0.128775 0.048880
-0.082982 0.131664 0.056063
-0.079097 0.127348 0.045680
-0.032146 0.130287 0.089919
-0.031306 0.129594 0.090053
-0.091352 0.137548 0.079104
-0.087114 0.135097 0.066884
-0.162143 0.134299 0.111999
-0.177089 0.131685 0.107486
-0.146052 0.136580 0.113730
-0.188052 0.129234 0.101418
-0.196274 0.126734 0.094086
-0.131664 0.138007 0.111420
-0.118957 0.138784 0.106129
-0.107938 0.139088 0.098882
-0.099002 0.138699 0.089693
-0.202998 0.123951 0.085765
-0.208028 0.120920 0.076583
-0.211164 0.117650 0.066651
-0.219075 0.104590 0.037981
-0.219930 0.104293 0.037825
-0.218284 0.104780 0.038065
-0.217147 0.105063 0.038136
-0.221653 0.103664 0.037444
-0.225051 0.102492 0.036688
-0.229247 0.100895 0.035741
-0.233372 0.099009 0.034788
-0.243522 0.100733 0.060245
-0.246503 0.098042 0.065020
-0.250218 0.093796 0.067789
-0.250260 0.094192 0.068785
-0.254499 0.088562 0.071483
-0.241318 0.100464 0.048378
-0.241742 0.101531 0.054474
-0.242745 0.097236 0.043186
-0.245401 0.092963 0.039987
-0.237659 0.096396 0.033891
-0.242759 0.093012 0.033644
-0.247612 0.087326 0.033050
-0.247845 0.087362 0.034173
-0.248565 0.087743 0.037641
-0.248205 0.087538 0.035904
-0.215240 0.105649 0.038228
-0.213361 0.106864 0.038948
-0.213318 0.106271 0.038320
-0.212153 0.107245 0.038998
-0.212336 0.108333 0.041682
-0.212654 0.114267 0.056861
-0.212774 0.110918 0.048088
-0.030578 0.128817 0.090180
-0.028904 0.129206 0.090215
-0.029702 0.128429 0.090272
-0.030154 0.128365 0.090258
-0.029363 0.134235 0.119416
-0.029956 0.132434 0.106016
-0.028021 0.130046 0.090152
-0.251518 0.084861 0.084932
-0.243974 0.089961 0.086676
-0.238613 0.090731 0.087475
-0.235703 0.092200 0.087976
-0.250847 0.084247 0.085462
-0.234417 0.092334 0.088506
-0.233202 0.096346 0.089601
-0.232305 0.100217 0.091028
-0.232305 0.099800 0.091402
-0.231754 0.098769 0.091903
-0.230066 0.099151 0.094241
-0.229084 0.096693 0.095435
-0.228780 0.095718 0.096071
-0.228865 0.095216 0.096862
-0.228907 0.096876 0.098571
-0.229133 0.096240 0.101192
-0.229282 0.095831 0.102859
-0.229395 0.096113 0.104561
-0.229543 0.094715 0.105571
-0.229487 0.091536 0.102675
-0.229797 0.087446 0.103968
-0.229727 0.086599 0.102463
-0.229614 0.085292 0.100104
-0.229388 0.085737 0.097392
-0.229402 0.086429 0.098028
-0.229155 0.087884 0.095725
-0.228964 0.090484 0.094920
-0.248629 0.082071 0.085935
-0.243508 0.087044 0.086691
-0.230454 0.096375 0.093083
-0.229218 0.094044 0.094326
-0.228830 0.093203 0.095018
-0.251073 0.077346 0.085801
-0.250147 0.075029 0.086076
-0.268018 0.055830 0.119105
-0.269593 0.048004 0.120963
-0.271126 0.036808 0.122630
-0.272412 0.024157 0.123951
-0.266549 0.060753 0.117191
-0.265334 0.063218 0.115368
-0.264190 0.064518 0.113475
-0.262904 0.065931 0.111356
-0.260439 0.067916 0.107041
-0.255721 0.070925 0.098557
-0.251228 0.073637 0.090406
-0.249448 0.074746 0.087086
-0.249272 0.074732 0.086401
-0.273259 0.011966 0.124777
-0.264161 -0.069039 0.079005
-0.263526 -0.068438 0.079980
-0.264642 -0.069018 0.076187
-0.261986 -0.074188 0.070748
-0.262509 -0.067471 0.081548
-0.261491 -0.066510 0.083102
-0.260594 -0.076116 0.067125
-0.258193 -0.081866 0.070409
-0.260884 -0.065938 0.084042
-0.259500 -0.066284 0.084670
-0.229042 -0.094171 0.098515
-0.229155 -0.090872 0.097787
-0.266457 -0.047912 0.121055
-0.267969 -0.036808 0.122686
-0.269254 -0.024157 0.124007
-0.270102 -0.011966 0.124834
-0.264960 -0.055456 0.119282
-0.263526 -0.060202 0.117417
-0.272454 0.000000 0.125088
-0.270420 0.000000 0.125123
-0.262233 -0.062894 0.115474
-0.260990 -0.064497 0.113454
-0.259711 -0.065973 0.111349
-0.257267 -0.067923 0.107083
-0.252542 -0.070932 0.098586
-0.248050 -0.073658 0.090413
-0.246284 -0.074753 0.087114
-0.246128 -0.074054 0.086217
-0.246368 -0.069675 0.086189
-0.246051 -0.074725 0.086457
-0.272136 0.011966 0.124798
-0.258539 -0.056784 0.085172
-0.255622 -0.044776 0.085567
-0.251271 -0.058571 0.085942
-0.252118 -0.044882 0.085850
-0.248947 -0.058550 0.086055
-0.246623 -0.058521 0.086168
0.138191 -0.099002 0.216101
0.147825 -0.099278 0.214900
0.152120 -0.099829 0.213452
0.126515 -0.101934 0.209278
0.152572 -0.102689 0.207201
0.223631 -0.096226 0.210422
0.224366 -0.094015 0.212979
0.222903 -0.098621 0.207159
0.205238 -0.100726 0.211736
0.224874 -0.091995 0.214413
0.191725 -0.104703 0.211446
0.185686 -0.108135 0.211800
0.190983 -0.107627 0.210620
0.204503 -0.103375 0.208628
0.224910 -0.090208 0.214293
0.224818 -0.088633 0.213968
0.224931 -0.087249 0.214752
0.225086 -0.086034 0.215812
0.225150 -0.084974 0.216278
0.162715 -0.123852 0.176701
0.171707 -0.124862 0.174554
0.178043 -0.116414 0.192325
0.174116 -0.123767 0.179060
0.185269 -0.112084 0.211623
0.184061 -0.112359 0.211574
0.182260 -0.111265 0.205125
0.183560 -0.110615 0.209709
0.183447 -0.112889 0.210768
0.154430 -0.124290 0.176602
0.150841 -0.124523 0.176454
0.149662 -0.121125 0.176355
0.149930 -0.123746 0.176341
0.149139 -0.119190 0.174080
0.148327 -0.117283 0.175754
0.150693 -0.109915 0.191598
0.225157 -0.083540 0.216518
0.207759 -0.083328 0.222063
0.191598 -0.082615 0.226944
0.177301 -0.082029 0.230695
0.167307 -0.077197 0.233047
0.164121 -0.064165 0.235625
0.163662 0.000000 0.240364
0.164022 -0.023387 0.239114
0.164206 -0.045270 0.237694
0.112755 -0.108764 0.192657
0.121069 -0.137004 0.139123
0.115757 -0.133091 0.135846
0.112479 -0.137385 0.152487
0.135062 -0.131664 0.162878
0.134850 -0.132286 0.161910
0.134023 -0.133034 0.160653
0.125702 -0.133070 0.160483
0.118589 -0.133988 0.158760
0.114217 -0.135457 0.156040
0.135104 -0.130188 0.163506
0.135429 -0.126889 0.163775
0.135796 -0.123576 0.164036
0.126183 -0.119953 0.167709
0.125695 -0.116767 0.175006
0.135987 -0.122086 0.164665
0.136100 -0.121330 0.165950
0.124374 -0.109781 0.191061
0.136495 -0.141454 0.143637
0.135648 -0.140486 0.142337
0.133946 -0.139229 0.141164
0.136432 -0.141864 0.144979
0.126614 -0.141539 0.145685
0.135415 -0.141468 0.146293
0.118928 -0.140712 0.146759
0.114203 -0.139293 0.149076
0.130421 -0.136905 0.139300
0.111321 -0.129015 0.129898
-0.023776 -0.133995 0.119430
-0.013470 -0.133536 0.119444
0.024164 -0.131890 0.119508
0.002974 -0.132815 0.119472
0.048682 -0.130816 0.119550
0.070861 -0.129714 0.119621
0.094665 -0.127843 0.119868
0.085045 -0.128726 0.119734
0.103170 -0.127059 0.119988
0.110940 -0.126345 0.120094
-0.030260 -0.127998 0.070897
-0.029999 -0.128118 0.071652
-0.030366 -0.128796 0.076696
-0.029865 -0.127920 0.070233
-0.077713 -0.126529 0.044493
-0.075841 -0.126190 0.044585
-0.072097 -0.125420 0.044811
-0.061325 -0.124261 0.045037
-0.067068 -0.124636 0.045009
-0.053527 -0.124148 0.045094
-0.042332 -0.124155 0.045376
-0.028812 -0.123937 0.058910
-0.029123 -0.126903 0.067012
-0.032330 -0.122340 0.046888
-0.029695 -0.122397 0.046972
-0.028445 -0.121598 0.050667
-0.028346 -0.122425 0.047015
-0.032393 -0.124212 0.045680
-0.078603 -0.126635 0.044444
-0.082198 -0.128415 0.047898
-0.080079 -0.127313 0.045411
-0.079408 -0.126705 0.044345
-0.085158 -0.131339 0.055293
-0.029624 -0.128591 0.076816
-0.028805 -0.127899 0.076957
-0.028099 -0.127129 0.077084
-0.092546 -0.137400 0.078546
-0.088421 -0.134970 0.066588
-0.162044 -0.133818 0.111279
-0.146116 -0.136065 0.112988
-0.131876 -0.137477 0.110699
-0.176835 -0.131240 0.106807
-0.187664 -0.128832 0.100825
-0.195780 -0.126359 0.093585
-0.119303 -0.138240 0.105458
-0.108383 -0.138544 0.098289
-0.099539 -0.138169 0.089212
-0.202448 -0.123619 0.085334
-0.207441 -0.120624 0.076237
-0.027237 -0.126741 0.077176
-0.027682 -0.126677 0.077155
-0.026453 -0.127525 0.077141
-0.027308 -0.130315 0.090159
-0.027696 -0.132328 0.106052
-0.025584 -0.128365 0.077098
-0.210549 -0.117403 0.066425
-0.219937 -0.103156 0.037613
-0.219082 -0.103417 0.037769
-0.218284 -0.103629 0.037853
-0.217133 -0.103947 0.037910
-0.221554 -0.102583 0.037267
-0.224634 -0.101460 0.036603
-0.228512 -0.099899 0.035763
-0.215232 -0.104540 0.038009
-0.213304 -0.105162 0.038108
-0.232524 -0.097999 0.034887
-0.257571 -0.082587 0.068361
-0.254322 -0.088577 0.069498
-0.253926 -0.088577 0.068587
-0.245874 -0.097823 0.064709
-0.249427 -0.093669 0.067471
-0.252938 -0.088584 0.068297
-0.242943 -0.100514 0.060054
-0.242943 -0.097003 0.043829
-0.245450 -0.092829 0.040665
-0.241629 -0.100097 0.048717
-0.241163 -0.101354 0.054453
-0.248798 -0.087835 0.038772
-0.248671 -0.087856 0.039393
-0.236804 -0.095358 0.034032
-0.242363 -0.092610 0.033142
-0.241459 -0.091579 0.033269
-0.252309 -0.079210 0.032633
-0.247188 -0.087037 0.032535
-0.252443 -0.079436 0.033898
-0.252478 -0.080348 0.036059
-0.252443 -0.082050 0.039535
-0.252464 -0.081400 0.038235
-0.212110 -0.106659 0.038376
-0.212103 -0.105550 0.038171
-0.211517 -0.107104 0.039019
-0.211701 -0.108185 0.041682
-0.212139 -0.110749 0.048046
-0.212026 -0.114076 0.056748
0.181907 0.106292 0.210945
0.168952 0.108227 0.208981
0.166494 0.105550 0.215395
0.160024 0.108651 0.209914
0.156068 0.109167 0.209560
0.154945 0.108651 0.208769
0.154529 0.105967 0.208402
0.125540 0.099553 0.218206
0.139257 0.099574 0.217359
0.149464 0.099786 0.216002
0.153794 0.100330 0.214448
0.110452 0.098868 0.216864
0.125109 0.098896 0.216822
0.154013 0.103262 0.208028
0.110897 0.101517 0.209907
0.186957 0.103396 0.214696
0.186251 0.105402 0.212379
0.192248 0.102266 0.214639
0.224366 0.094015 0.212979
0.223631 0.096226 0.210422
0.205238 0.100726 0.211736
0.222903 0.098621 0.207159
0.224874 0.091995 0.214413
0.224910 0.090208 0.214293
0.224818 0.088633 0.213968
0.224931 0.087249 0.214752
0.225086 0.086034 0.215812
0.225150 0.084974 0.216278
0.225157 0.083540 0.216518
0.207759 0.083328 0.222063
0.191598 0.082615 0.226944
0.177301 0.082029 0.230695
0.167307 0.077197 0.233047
0.164121 0.064165 0.235625
0.164206 0.045270 0.237694
0.164022 0.023387 0.239114
0.121069 0.137004 0.139123
0.115757 0.133091 0.135846
0.112479 0.137385 0.152480
0.134850 0.132286 0.161910
0.134023 0.133034 0.160653
0.125702 0.133070 0.160483
0.135062 0.131664 0.162878
0.118589 0.133988 0.158760
0.114217 0.135457 0.156040
0.136495 0.141454 0.143637
0.135648 0.140486 0.142337
0.133946 0.139229 0.141157
0.136432 0.141864 0.144979
0.126614 0.141539 0.145685
0.135415 0.141468 0.146293
0.118928 0.140712 0.146759
0.114203 0.139293 0.149076
0.130421 0.136905 0.139300
0.135104 0.130188 0.163506
0.135422 0.126889 0.163775
0.135796 0.123576 0.164036
0.125695 0.116767 0.175006
0.126183 0.119953 0.167709
0.135987 0.122079 0.164665
0.136100 0.121330 0.165950
0.112755 0.108764 0.192657
0.124374 0.109781 0.191061
0.111321 0.129015 0.129898
-0.023776 0.133995 0.119423
-0.013470 0.133536 0.119444
0.048682 0.130809 0.119550
0.070861 0.129714 0.119621
0.024164 0.131890 0.119508
0.002974 0.132815 0.119472
0.085045 0.128733 0.119734
0.094665 0.127843 0.119868
0.103170 0.127059 0.119988
0.110940 0.126345 0.120094
-0.257423 0.076258 0.083385
-0.264161 0.069039 0.079005
-0.264642 0.069018 0.076187
-0.261986 0.074188 0.070748
-0.263526 0.068438 0.079980
-0.262509 0.067471 0.081548
-0.258193 0.081866 0.070409
-0.260594 0.076116 0.067125
-0.030260 0.127998 0.070897
-0.029999 0.128118 0.071652
-0.030366 0.128796 0.076696
-0.029865 0.127920 0.070233
-0.075841 0.126190 0.044585
-0.072097 0.125420 0.044811
-0.061325 0.124261 0.045037
-0.067068 0.124636 0.045009
-0.077713 0.126529 0.044493
-0.053527 0.124148 0.045094
-0.042332 0.124155 0.045376
-0.029787 0.121549 0.050617
-0.028805 0.123937 0.058910
-0.029123 0.126903 0.067012
-0.032330 0.122340 0.046888
-0.032393 0.124212 0.045680
-0.078603 0.126635 0.044444
-0.082198 0.128415 0.047898
-0.080079 0.127313 0.045411
-0.085158 0.131339 0.055293
-0.079408 0.126705 0.044345
-0.029624 0.128591 0.076816
-0.028805 0.127899 0.076957
-0.088421 0.134970 0.066588
-0.092546 0.137400 0.078546
-0.146116 0.136065 0.112988
-0.162044 0.133818 0.111279
-0.176835 0.131240 0.106807
-0.131876 0.137477 0.110699
-0.187664 0.128832 0.100825
-0.195780 0.126359 0.093585
-0.119303 0.138240 0.105458
-0.108383 0.138544 0.098289
-0.099539 0.138169 0.089212
-0.202448 0.123619 0.085334
-0.207441 0.120624 0.076237
-0.210549 0.117403 0.066425
-0.218284 0.103629 0.037846
-0.219082 0.103417 0.037769
-0.219937 0.103156 0.037613
-0.217133 0.103947 0.037910
-0.215232 0.104540 0.038009
-0.221554 0.102583 0.037267
-0.224634 0.101460 0.036603
-0.228512 0.099899 0.035763
-0.232524 0.097992 0.034887
-0.236804 0.095358 0.034032
-0.242943 0.100514 0.060054
-0.245874 0.097823 0.064709
-0.249427 0.093669 0.067471
-0.252938 0.088584 0.068297
-0.253926 0.088577 0.068587
-0.254322 0.088577 0.069498
-0.257571 0.082587 0.068361
-0.241163 0.101354 0.054453
-0.241629 0.100097 0.048717
-0.242943 0.097003 0.043829
-0.245450 0.092829 0.040665
-0.248798 0.087835 0.038772
-0.248671 0.087856 0.039393
-0.242363 0.092610 0.033142
-0.241459 0.091579 0.033269
-0.252443 0.079436 0.033898
-0.252478 0.080348 0.036059
-0.252309 0.079210 0.032633
-0.247188 0.087037 0.032535
-0.252443 0.082050 0.039527
-0.252464 0.081400 0.038235
-0.213304 0.105162 0.038108
-0.212110 0.106659 0.038376
-0.212103 0.105550 0.038171
-0.211701 0.108185 0.041682
-0.211517 0.107104 0.039019
-0.212139 0.110749 0.048046
-0.212026 0.114076 0.056748
-0.028099 0.127129 0.077084
-0.026453 0.127525 0.077141
-0.027237 0.126741 0.077176
-0.027682 0.126677 0.077155
-0.027308 0.130315 0.090152
-0.027696 0.132328 0.106052
-0.025584 0.128365 0.077098
-0.255770 0.075650 0.084911
-0.256815 0.075657 0.084324
-0.249653 0.083222 0.085793
-0.253467 0.076427 0.085426
-0.228922 0.092970 0.096099
-0.229042 0.094171 0.098515
-0.229119 0.094934 0.100062
-0.229571 0.087566 0.101037
-0.229303 0.089537 0.098875
-0.229126 0.092447 0.098494
-0.229423 0.087884 0.099348
-0.229204 0.088400 0.096700
-0.229028 0.090611 0.095845
-0.252090 0.071271 0.085885
-0.249604 0.074103 0.086125
-0.266930 0.055696 0.119169
-0.268477 0.047968 0.120998
-0.270003 0.036808 0.122651
-0.271289 0.024157 0.123972
-0.265475 0.060556 0.117269
-0.264232 0.063105 0.115404
-0.263053 0.064511 0.113468
-0.261774 0.065945 0.111349
-0.259309 0.067916 0.107055
-0.254590 0.070925 0.098564
-0.250105 0.073644 0.090406
-0.248353 0.074746 0.087100
-0.248219 0.074082 0.086168
-0.248127 0.074725 0.086422
-0.267171 -0.058020 0.078864
-0.266535 -0.057497 0.079839
-0.267630 -0.057200 0.077635
-0.266556 -0.059722 0.072556
-0.263731 -0.067351 0.064659
-0.262487 -0.070572 0.063042
-0.265511 -0.056656 0.081407
-0.264501 -0.055823 0.082961
-0.261378 -0.072585 0.060909
-0.259768 -0.077338 0.065189
-0.263886 -0.055321 0.083900
-0.262346 -0.055519 0.084529
-0.264493 -0.047848 0.121111
-0.265984 -0.036808 0.122729
-0.267276 -0.024157 0.124050
-0.268124 -0.011966 0.124876
-0.268435 0.000000 0.125166
-0.263038 -0.055223 0.119395
-0.261626 -0.059856 0.117551
-0.270102 0.011966 0.124834
-0.260284 -0.062689 0.115545
-0.258984 -0.064483 0.113447
-0.257705 -0.066002 0.111342
-0.255283 -0.067930 0.107111
-0.250557 -0.070939 0.098607
-0.246036 -0.073665 0.090420
-0.244249 -0.074760 0.087136
-0.244151 -0.074033 0.086267
-0.244454 -0.069639 0.086253
-0.244009 -0.074718 0.086500
-0.260354 -0.044437 0.085066
-0.256222 -0.032987 0.085539
-0.252485 -0.032987 0.085829
-0.249349 -0.044875 0.086005
-0.249611 -0.032987 0.085991
-0.246842 -0.044867 0.086154
-0.244723 -0.058500 0.086253
0.138706 -0.100726 0.211906
0.145311 -0.100210 0.212824
0.148744 -0.101383 0.210118
0.142973 -0.104865 0.202709
0.136940 -0.108976 0.193745
0.150149 -0.104095 0.204206
0.242222 -0.095781 0.202094
0.242646 -0.093443 0.204976
0.243112 -0.091247 0.207427
0.241516 -0.098331 0.199855
0.221971 -0.101291 0.204552
0.243402 -0.089233 0.208875
0.203422 -0.106426 0.207851
0.190263 -0.111575 0.210535
0.202264 -0.110367 0.207908
0.220622 -0.104342 0.203945
0.243317 -0.087446 0.208783
0.243190 -0.085864 0.208466
0.243345 -0.084480 0.209243
0.243578 -0.083272 0.210281
0.243663 -0.082233 0.210747
0.161331 -0.126995 0.170471
0.169475 -0.126458 0.170895
0.173452 -0.127278 0.175507
0.173480 -0.127362 0.174278
0.173812 -0.125879 0.172463
0.173084 -0.125907 0.171382
0.178424 -0.117163 0.192509
0.174808 -0.123894 0.180275
0.174165 -0.127073 0.176835
0.184972 -0.117735 0.210507
0.189825 -0.117127 0.209553
0.183757 -0.117883 0.210429
0.183093 -0.111886 0.204439
0.184351 -0.111201 0.208840
0.183496 -0.113440 0.209702
0.183164 -0.117933 0.209610
0.153250 -0.127412 0.170167
0.149796 -0.127588 0.170033
0.148963 -0.126938 0.170118
0.148737 -0.124869 0.170443
0.148680 -0.124339 0.169645
0.148249 -0.121613 0.168642
0.147317 -0.120553 0.168769
0.144181 -0.116725 0.176828
0.143912 -0.120468 0.168606
0.147974 -0.108799 0.194084
0.243684 -0.080863 0.210987
0.225171 -0.081223 0.216885
0.207759 -0.081117 0.222395
0.191718 -0.081471 0.227085
0.177301 -0.081513 0.230108
0.163662 -0.063988 0.233781
0.166826 -0.076964 0.231217
0.176772 -0.081259 0.228300
0.163747 -0.045171 0.235844
0.163867 0.000000 0.239665
0.163407 0.000000 0.237807
0.163570 -0.023338 0.237257
0.124120 -0.132731 0.135959
0.118830 -0.128415 0.129976
0.112932 -0.137265 0.152431
0.142153 -0.131339 0.163301
0.142944 -0.132801 0.161048
0.140409 -0.134150 0.158880
0.133119 -0.133691 0.159523
0.138735 -0.134814 0.157714
0.125851 -0.133522 0.159699
0.119225 -0.134249 0.158301
0.114613 -0.135415 0.155842
0.142175 -0.130004 0.163944
0.142478 -0.127150 0.164227
0.144668 -0.123859 0.164432
0.143411 -0.122277 0.165195
0.135450 -0.117671 0.173967
0.132787 -0.112430 0.185721
0.136241 -0.120249 0.168218
0.143637 -0.121528 0.166445
0.143637 -0.140154 0.139886
0.144124 -0.141496 0.143856
0.140331 -0.138622 0.137265
0.136623 -0.136248 0.135598
0.144788 -0.141256 0.146596
0.141659 -0.140267 0.148652
0.126670 -0.141094 0.146483
0.134221 -0.140818 0.147338
0.139653 -0.139618 0.149662
0.119571 -0.140444 0.147267
0.114599 -0.139095 0.149174
0.130110 -0.131932 0.132625
0.118335 -0.125667 0.120193
-0.022179 -0.132081 0.106115
-0.011987 -0.131622 0.106228
0.025231 -0.129933 0.106645
0.004280 -0.130880 0.106412
0.049473 -0.128839 0.106920
0.071433 -0.127730 0.107217
0.085532 -0.126748 0.107514
0.095139 -0.125879 0.107803
0.103636 -0.125109 0.108065
0.111392 -0.124410 0.108298
-0.029448 -0.128033 0.070988
-0.029264 -0.128160 0.071808
-0.029095 -0.127949 0.070247
-0.077946 -0.126126 0.043497
-0.076067 -0.125943 0.043603
-0.072330 -0.125483 0.043850
-0.067301 -0.125031 0.044076
-0.061552 -0.124855 0.044119
-0.053732 -0.124827 0.044182
-0.042459 -0.124834 0.044458
-0.032443 -0.124855 0.044762
-0.027823 -0.123760 0.058853
-0.028205 -0.126712 0.067068
-0.028275 -0.127744 0.070339
-0.029730 -0.124233 0.045757
-0.028367 -0.124240 0.045800
-0.027435 -0.121372 0.050511
-0.027336 -0.123689 0.045616
-0.027322 -0.122036 0.046824
-0.029766 -0.124862 0.044839
-0.078836 -0.126183 0.043434
-0.084402 -0.126953 0.044437
-0.081499 -0.127172 0.044903
-0.080453 -0.126748 0.044189
-0.079641 -0.126225 0.043335
-0.086486 -0.131198 0.054947
-0.086140 -0.127129 0.045079
-0.028551 -0.127949 0.071928
-0.027746 -0.127263 0.072055
-0.027032 -0.126493 0.072168
-0.093168 -0.136884 0.078257
-0.089106 -0.134482 0.066454
-0.162009 -0.132519 0.111031
-0.146137 -0.134730 0.112741
-0.131939 -0.136121 0.110466
-0.119416 -0.136877 0.105232
-0.176750 -0.129976 0.106581
-0.187529 -0.127595 0.100620
-0.195617 -0.125158 0.093415
-0.108531 -0.137181 0.098084
-0.099716 -0.136813 0.089057
-0.202264 -0.122453 0.085193
-0.207244 -0.119494 0.076124
-0.026184 -0.126119 0.072253
-0.026615 -0.126048 0.072232
-0.025422 -0.126910 0.072217
-0.025090 -0.130209 0.090244
-0.024892 -0.128634 0.077112
-0.024574 -0.127772 0.072182
-0.210337 -0.116315 0.066348
-0.218355 -0.097703 0.037797
-0.219188 -0.097441 0.037712
-0.220064 -0.097180 0.037557
-0.217175 -0.098098 0.037868
-0.215247 -0.098748 0.037981
-0.221576 -0.096650 0.037239
-0.227834 -0.094072 0.035960
-0.224309 -0.095584 0.036681
-0.213318 -0.099405 0.038094
-0.212103 -0.099822 0.038164
-0.231726 -0.092193 0.035198
-0.258970 -0.077995 0.064370
-0.256907 -0.082968 0.067442
-0.255728 -0.083088 0.067160
-0.243790 -0.097823 0.064751
-0.246884 -0.093669 0.067520
-0.249907 -0.088577 0.068361
-0.252288 -0.083088 0.067224
-0.241205 -0.100514 0.060089
-0.244807 -0.092786 0.040905
-0.247944 -0.087870 0.039612
-0.242342 -0.096926 0.044055
-0.241043 -0.099970 0.048844
-0.239616 -0.101354 0.054481
-0.251235 -0.082488 0.040417
-0.252125 -0.082375 0.040184
-0.235978 -0.089629 0.034413
-0.246241 -0.086076 0.032619
-0.240605 -0.086041 0.033644
-0.256116 -0.070826 0.032365
-0.255664 -0.070741 0.031800
-0.251871 -0.079041 0.032090
-0.257119 -0.069908 0.034738
-0.256335 -0.073856 0.038616
-0.256074 -0.075728 0.041004
-0.255389 -0.077529 0.042967
-0.255869 -0.076908 0.042346
-0.211651 -0.106603 0.038560
-0.211482 -0.100111 0.038404
-0.211482 -0.105833 0.038404
-0.211312 -0.106143 0.039026
-0.211496 -0.107210 0.041689
-0.211927 -0.109753 0.048032
-0.211814 -0.113030 0.056706
0.166480 0.115962 0.192813
0.175119 0.115828 0.192297
0.184294 0.108580 0.211757
0.182203 0.110064 0.206029
0.183567 0.109576 0.210874
0.157509 0.116421 0.193251
0.153610 0.116816 0.192997
0.152261 0.113412 0.192297
0.151873 0.110650 0.192064
0.152586 0.116153 0.192523
0.138191 0.099002 0.216101
0.147825 0.099278 0.214900
0.152120 0.099822 0.213452
0.126515 0.101934 0.209278
0.152572 0.102689 0.207201
0.191725 0.104703 0.211446
0.185686 0.108135 0.211800
0.190983 0.107627 0.210620
0.204503 0.103375 0.208628
0.243105 0.091247 0.207427
0.242646 0.093443 0.204976
0.242222 0.095781 0.202094
0.241516 0.098331 0.199855
0.221971 0.101291 0.204552
0.243402 0.089233 0.208875
0.243317 0.087446 0.208783
0.243190 0.085864 0.208466
0.243345 0.084480 0.209243
0.243578 0.083272 0.210281
0.243663 0.082233 0.210747
0.243684 0.080863 0.210987
0.225171 0.081223 0.216885
0.207759 0.081117 0.222395
0.191718 0.081471 0.227085
0.177301 0.081513 0.230108
0.163662 0.063988 0.233781
0.166826 0.076964 0.231217
0.176772 0.081259 0.228300
0.163747 0.045171 0.235844
0.163570 0.023338 0.237257
0.124120 0.132731 0.135959
0.118830 0.128415 0.129976
0.112932 0.137265 0.152431
0.142153 0.131339 0.163301
0.142944 0.132801 0.161048
0.140409 0.134150 0.158880
0.138735 0.134814 0.157714
0.133119 0.133691 0.159523
0.125851 0.133522 0.159699
0.119225 0.134249 0.158301
0.114613 0.135415 0.155842
0.144124 0.141496 0.143856
0.143637 0.140154 0.139886
0.140331 0.138622 0.137265
0.136623 0.136248 0.135598
0.144788 0.141256 0.146596
0.141659 0.140267 0.148652
0.126670 0.141094 0.146483
0.134221 0.140818 0.147338
0.139653 0.139618 0.149662
0.119571 0.140444 0.147267
0.114599 0.139095 0.149174
0.130110 0.131932 0.132625
0.142175 0.130004 0.163944
0.142478 0.127150 0.164227
0.143411 0.122277 0.165195
0.144668 0.123859 0.164432
0.135450 0.117671 0.173967
0.132787 0.112430 0.185721
0.136241 0.120249 0.168218
0.143637 0.121528 0.166445
0.136940 0.108976 0.193745
0.118335 0.125667 0.120200
-0.022179 0.132081 0.106115
-0.011987 0.131622 0.106228
0.049473 0.128839 0.106920
0.025231 0.129933 0.106645
0.071433 0.127730 0.107217
0.004280 0.130880 0.106412
0.085532 0.126748 0.107514
0.095139 0.125879 0.107803
0.103636 0.125109 0.108065
0.111392 0.124410 0.108298
-0.261491 0.066510 0.083102
-0.267171 0.058020 0.078864
-0.267630 0.057200 0.077635
-0.266556 0.059722 0.072556
-0.263731 0.067351 0.064659
-0.262480 0.070572 0.063042
-0.266535 0.057497 0.079839
-0.265511 0.056656 0.081407
-0.259768 0.077338 0.065189
-0.261378 0.072585 0.060909
-0.029448 0.128033 0.070988
-0.029264 0.128160 0.071808
-0.029095 0.127949 0.070247
-0.076067 0.125943 0.043603
-0.072330 0.125483 0.043850
-0.067301 0.125031 0.044076
-0.061552 0.124848 0.044119
-0.053732 0.124827 0.044182
-0.077939 0.126126 0.043497
-0.042459 0.124834 0.044458
-0.032443 0.124855 0.044762
-0.028205 0.126712 0.067068
-0.027823 0.123760 0.058853
-0.028445 0.121598 0.050667
-0.028346 0.122425 0.047015
-0.029695 0.122397 0.046972
-0.028275 0.127744 0.070339
-0.029730 0.124233 0.045757
-0.029766 0.124862 0.044839
-0.078836 0.126183 0.043434
-0.081499 0.127172 0.044903
-0.084402 0.126953 0.044437
-0.080453 0.126748 0.044189
-0.086140 0.127129 0.045079
-0.086486 0.131198 0.054947
-0.079641 0.126232 0.043335
-0.028551 0.127949 0.071928
-0.027746 0.127263 0.072055
-0.093168 0.136884 0.078257
-0.089106 0.134482 0.066454
-0.146137 0.134730 0.112741
-0.131939 0.136121 0.110459
-0.162009 0.132519 0.111031
-0.176750 0.129976 0.106581
-0.119416 0.136877 0.105232
-0.187529 0.127595 0.100627
-0.195617 0.125158 0.093415
-0.108531 0.137181 0.098091
-0.099716 0.136813 0.089057
-0.202264 0.122453 0.085193
-0.207244 0.119494 0.076124
-0.210337 0.116315 0.066348
-0.217175 0.098098 0.037868
-0.218355 0.097703 0.037797
-0.219188 0.097441 0.037712
-0.220064 0.097180 0.037557
-0.215247 0.098748 0.037981
-0.213318 0.099405 0.038094
-0.221576 0.096650 0.037239
-0.227834 0.094072 0.035960
-0.224309 0.095584 0.036681
-0.231726 0.092193 0.035198
-0.235978 0.089629 0.034413
-0.241205 0.100514 0.060089
-0.243790 0.097823 0.064751
-0.246884 0.093669 0.067520
-0.249907 0.088577 0.068361
-0.255728 0.083088 0.067160
-0.256907 0.082968 0.067450
-0.252288 0.083088 0.067224
-0.258970 0.077995 0.064370
-0.241043 0.099970 0.048844
-0.239616 0.101354 0.054481
-0.242342 0.096926 0.044055
-0.244815 0.092786 0.040905
-0.247944 0.087870 0.039612
-0.251235 0.082488 0.040417
-0.252125 0.082375 0.040184
-0.240605 0.086041 0.033644
-0.246241 0.086076 0.032619
-0.256116 0.070826 0.032365
-0.257119 0.069908 0.034738
-0.256335 0.073856 0.038616
-0.256074 0.075728 0.041004
-0.251871 0.079041 0.032090
-0.255664 0.070741 0.031800
-0.255869 0.076908 0.042346
-0.255389 0.077529 0.042967
-0.212103 0.099822 0.038164
-0.211651 0.106603 0.038560
-0.211482 0.105833 0.038404
-0.211482 0.100111 0.038404
-0.211312 0.106151 0.039026
-0.211496 0.107210 0.041689
-0.211927 0.109753 0.048032
-0.211814 0.113030 0.056706
-0.027032 0.126493 0.072168
-0.025422 0.126910 0.072217
-0.026184 0.126119 0.072253
-0.026615 0.126048 0.072232
-0.025090 0.130209 0.090244
-0.024892 0.128634 0.077112
-0.024574 0.127772 0.072182
-0.260884 0.065938 0.084042
-0.259500 0.066284 0.084670
-0.256180 0.068099 0.085299
-0.229155 0.090872 0.097787
-0.254251 0.058133 0.085688
-0.250310 0.069745 0.086048
-0.248530 0.069717 0.086111
-0.264953 0.055456 0.119289
-0.266457 0.047912 0.121055
-0.267969 0.036808 0.122693
-0.269254 0.024157 0.124007
-0.263526 0.060202 0.117417
-0.262233 0.062894 0.115474
-0.260990 0.064497 0.113454
-0.259711 0.065980 0.111349
-0.257267 0.067923 0.107083
-0.252549 0.070932 0.098586
-0.248050 0.073658 0.090413
-0.246284 0.074753 0.087114
-0.246128 0.074054 0.086217
-0.246368 0.069675 0.086189
-0.246051 0.074725 0.086457
-0.269374 -0.046414 0.078801
-0.268739 -0.045998 0.079775
-0.269664 -0.046386 0.077579
-0.268138 -0.054036 0.075311
-0.267418 -0.054347 0.070466
-0.265659 -0.057787 0.063014
-0.264847 -0.062378 0.064222
-0.262141 -0.066899 0.053697
-0.262925 -0.063614 0.053683
-0.261386 -0.069441 0.053577
-0.267721 -0.045327 0.081336
-0.266711 -0.044663 0.082890
-0.260750 -0.071327 0.053443
-0.260700 -0.073934 0.059793
-0.264458 -0.044168 0.084451
-0.266097 -0.044253 0.083830
-0.263547 -0.047820 0.121139
-0.265030 -0.036808 0.122750
-0.266323 -0.024157 0.124064
-0.267163 -0.011966 0.124890
-0.267481 0.000000 0.125180
-0.268124 0.011966 0.124876
-0.267163 0.011966 0.124890
-0.262113 -0.055110 0.119451
-0.260714 -0.059687 0.117622
-0.259344 -0.062590 0.115573
-0.258016 -0.064476 0.113440
-0.256738 -0.066023 0.111342
-0.254322 -0.067937 0.107118
-0.249589 -0.070939 0.098614
-0.245069 -0.073673 0.090427
-0.243268 -0.074767 0.087143
-0.243395 -0.069618 0.086288
-0.243112 -0.074019 0.086295
-0.243006 -0.074718 0.086514
-0.261428 -0.032987 0.085031
-0.256399 -0.021996 0.085546
-0.252613 -0.021996 0.085836
-0.249801 -0.021996 0.085991
-0.246997 -0.032987 0.086147
-0.247124 -0.021996 0.086140
-0.244920 -0.044867 0.086253
-0.243684 -0.058486 0.086288
0.260870 -0.092610 0.197150
0.260976 -0.090385 0.199686
0.261273 -0.088202 0.201925
0.240209 -0.101157 0.199361
0.255848 -0.099447 0.193964
0.261251 -0.095718 0.193788
0.261477 -0.086175 0.203281
0.219103 -0.108072 0.204093
0.201324 -0.115686 0.207279
0.217669 -0.112790 0.203733
0.238620 -0.104307 0.199438
0.261294 -0.084388 0.203182
0.261124 -0.082813 0.202878
0.261357 -0.081421 0.203634
0.261689 -0.080220 0.204637
0.261816 -0.079196 0.205089
0.161154 -0.127857 0.169030
0.173635 -0.126621 0.169984
0.174554 -0.129404 0.177061
0.174490 -0.129086 0.177937
0.175380 -0.129319 0.176814
0.174497 -0.127157 0.173953
0.179830 -0.124593 0.172894
0.178672 -0.124940 0.171594
0.179449 -0.117509 0.192446
0.176009 -0.123894 0.180812
0.175394 -0.126889 0.177485
0.175098 -0.128648 0.178891
0.183976 -0.123944 0.206749
0.188801 -0.123160 0.206022
0.200046 -0.121344 0.204319
0.182712 -0.123993 0.206664
0.183327 -0.113920 0.201402
0.184704 -0.113214 0.206276
0.184308 -0.113800 0.208861
0.183249 -0.117968 0.208536
0.182154 -0.123619 0.205902
0.153052 -0.128238 0.168698
0.148857 -0.127355 0.168910
0.149634 -0.128358 0.168627
0.148525 -0.124791 0.168140
0.147910 -0.122602 0.166685
0.146971 -0.121598 0.166664
0.261852 -0.077868 0.205322
0.243706 -0.078652 0.211348
0.225178 -0.078998 0.217224
0.207759 -0.079966 0.222564
0.191570 -0.080976 0.226534
0.190990 -0.080736 0.224733
0.163012 -0.063897 0.231803
0.163104 -0.045086 0.233866
0.166183 -0.076865 0.229247
0.176129 -0.081167 0.226322
0.190348 -0.080644 0.222755
0.162920 -0.023295 0.235279
0.162765 0.000000 0.235830
0.124749 -0.128740 0.128337
0.113313 -0.136919 0.152247
0.144696 -0.131021 0.163316
0.145113 -0.132773 0.160540
0.145212 -0.137103 0.153914
0.143142 -0.137195 0.153865
0.141030 -0.137202 0.153773
0.140041 -0.137209 0.153723
0.137936 -0.135146 0.157149
0.132695 -0.134030 0.158936
0.125921 -0.133769 0.159261
0.119458 -0.134242 0.158039
0.114945 -0.135111 0.155567
0.144661 -0.129969 0.163973
0.144830 -0.127963 0.164276
0.145092 -0.127108 0.164163
0.146017 -0.126105 0.163810
0.146427 -0.123527 0.164785
0.145622 -0.126493 0.163782
0.145840 -0.126776 0.163542
0.145367 -0.127334 0.163888
0.146610 -0.122298 0.165470
0.145614 -0.139935 0.138805
0.141899 -0.137484 0.125611
0.146886 -0.141277 0.143983
0.140176 -0.136658 0.125123
0.137004 -0.134454 0.124148
0.146921 -0.140578 0.147105
0.126691 -0.140840 0.146921
0.133670 -0.140486 0.147875
0.138713 -0.139307 0.150142
0.119797 -0.140218 0.147416
0.114931 -0.138699 0.149069
0.131784 -0.130230 0.122411
0.118773 -0.123739 0.108517
0.125293 -0.124495 0.108672
0.125307 -0.126479 0.120800
-0.019672 -0.129962 0.090455
-0.009677 -0.129503 0.090844
0.026841 -0.127814 0.092242
0.006287 -0.128761 0.091451
0.050631 -0.126712 0.093161
0.072041 -0.125625 0.094051
0.085462 -0.124685 0.094771
0.094369 -0.123873 0.095365
0.102244 -0.123160 0.095894
0.109428 -0.122503 0.096375
0.116280 -0.121881 0.096834
-0.029031 -0.128047 0.071038
-0.078313 -0.125194 0.041795
-0.076441 -0.125010 0.041901
-0.072705 -0.124593 0.042155
-0.067669 -0.124170 0.042388
-0.061919 -0.123944 0.042438
-0.042657 -0.123894 0.042784
-0.054050 -0.123873 0.042508
-0.032513 -0.123951 0.043080
-0.029801 -0.123965 0.043158
-0.027421 -0.127080 0.070473
-0.027301 -0.126063 0.067118
-0.026898 -0.123138 0.058613
-0.027491 -0.127157 0.071257
-0.028311 -0.127836 0.071137
-0.028388 -0.124862 0.044882
-0.027350 -0.124268 0.044705
-0.026488 -0.120624 0.049967
-0.026361 -0.120829 0.046188
-0.026375 -0.122036 0.044995
-0.026389 -0.122503 0.044126
-0.028409 -0.123972 0.043200
-0.079210 -0.125257 0.041738
-0.082742 -0.125660 0.041922
-0.085596 -0.123753 0.038475
-0.086789 -0.123816 0.038433
-0.082085 -0.126769 0.043985
-0.080574 -0.126303 0.043278
-0.081859 -0.126437 0.043349
-0.080016 -0.125293 0.041639
-0.087164 -0.130739 0.054848
-0.086797 -0.126705 0.044973
-0.026771 -0.126409 0.071363
-0.093380 -0.135549 0.078158
-0.089332 -0.133176 0.066404
-0.162009 -0.125363 0.111031
-0.146137 -0.127454 0.112741
-0.131939 -0.128775 0.110459
-0.119416 -0.129488 0.105232
-0.108538 -0.129771 0.098084
-0.176750 -0.122955 0.106581
-0.187529 -0.120708 0.100627
-0.195617 -0.118399 0.093415
-0.099716 -0.129425 0.089057
-0.202264 -0.115842 0.085193
-0.207244 -0.113045 0.076116
-0.025916 -0.126048 0.071433
-0.026347 -0.125971 0.071426
-0.025174 -0.126847 0.071391
-0.022709 -0.128542 0.077254
-0.023889 -0.128047 0.072196
-0.024348 -0.127715 0.071342
-0.210337 -0.110036 0.066348
-0.218538 -0.082784 0.037663
-0.217267 -0.083293 0.037769
-0.219464 -0.082424 0.037564
-0.220382 -0.082099 0.037408
-0.215296 -0.084084 0.037917
-0.213339 -0.084868 0.038058
-0.221851 -0.081541 0.037126
-0.224422 -0.080496 0.036638
-0.227756 -0.079055 0.036017
-0.212117 -0.085363 0.038150
-0.211482 -0.085688 0.038411
-0.231514 -0.077310 0.035339
-0.257663 -0.078214 0.064116
-0.258595 -0.074951 0.059221
-0.259938 -0.074697 0.059348
-0.253905 -0.078214 0.064186
-0.239693 -0.097823 0.064829
-0.241579 -0.093669 0.067619
-0.243409 -0.088584 0.068481
-0.244822 -0.083088 0.067372
-0.245768 -0.078214 0.064342
-0.238097 -0.100514 0.060146
-0.248417 -0.082488 0.040467
-0.245606 -0.087870 0.039662
-0.242858 -0.092786 0.040940
-0.240661 -0.096926 0.044090
-0.239510 -0.099970 0.048872
-0.237094 -0.101354 0.054530
-0.251023 -0.077734 0.043257
-0.254315 -0.077734 0.043193
-0.235710 -0.075078 0.034632
-0.250896 -0.078278 0.032125
-0.245373 -0.080997 0.032958
-0.240343 -0.072154 0.033898
-0.258299 -0.064327 0.032238
-0.257861 -0.064271 0.031666
-0.254696 -0.070197 0.031779
-0.258680 -0.063805 0.033467
-0.259902 -0.067880 0.043879
-0.259224 -0.065175 0.037712
-0.259323 -0.070381 0.044952
-0.258906 -0.072373 0.046443
-0.256815 -0.074690 0.047834
-0.258030 -0.074442 0.047686
-0.258602 -0.073694 0.047283
-0.211312 -0.100415 0.039033
-0.211312 -0.085970 0.039054
-0.211496 -0.101425 0.041696
-0.211927 -0.103827 0.048039
-0.211814 -0.106928 0.056713
0.171707 0.124862 0.174554
0.162715 0.123852 0.176701
0.174116 0.123767 0.179060
0.178043 0.116414 0.192325
0.185269 0.112084 0.211623
0.184061 0.112359 0.211574
0.182260 0.111265 0.205125
0.183560 0.110615 0.209709
0.183447 0.112889 0.210768
0.154430 0.124290 0.176602
0.150841 0.124523 0.176454
0.149662 0.121125 0.176355
0.149139 0.119190 0.174080
0.148327 0.117283 0.175754
0.150693 0.109915 0.191598
0.149930 0.123746 0.176341
0.145311 0.100210 0.212824
0.138706 0.100726 0.211906
0.148744 0.101383 0.210118
0.142973 0.104865 0.202709
0.150149 0.104095 0.204206
0.203422 0.106426 0.207851
0.190263 0.111575 0.210535
0.202264 0.110367 0.207908
0.220622 0.104342 0.203945
0.260976 0.090385 0.199686
0.261273 0.088202 0.201925
0.260870 0.092610 0.197150
0.240209 0.101157 0.199361
0.255848 0.099447 0.193964
0.261251 0.095718 0.193788
0.261477 0.086175 0.203281
0.261294 0.084388 0.203182
0.261124 0.082813 0.202878
0.261357 0.081421 0.203634
0.261689 0.080220 0.204637
0.261816 0.079196 0.205089
0.261852 0.077868 0.205322
0.243706 0.078652 0.211348
0.225178 0.078998 0.217224
0.207759 0.079966 0.222564
0.191570 0.080976 0.226534
0.190990 0.080736 0.224733
0.163104 0.045086 0.233866
0.163012 0.063897 0.231803
0.166183 0.076865 0.229247
0.176129 0.081167 0.226322
0.190348 0.080644 0.222755
0.162920 0.023295 0.235279
0.124749 0.128740 0.128337
0.113313 0.136919 0.152247
0.145212 0.137103 0.153914
0.145113 0.132773 0.160540
0.144696 0.131021 0.163316
0.143142 0.137195 0.153858
0.141030 0.137202 0.153773
0.140041 0.137216 0.153723
0.137936 0.135146 0.157149
0.132695 0.134030 0.158936
0.125921 0.133769 0.159261
0.119458 0.134242 0.158039
0.114945 0.135111 0.155567
0.146886 0.141277 0.143983
0.141899 0.137484 0.125611
0.145614 0.139935 0.138805
0.140176 0.136658 0.125123
0.137004 0.134454 0.124148
0.146921 0.140578 0.147105
0.126691 0.140840 0.146921
0.133670 0.140486 0.147875
0.138713 0.139307 0.150142
0.119797 0.140218 0.147416
0.114931 0.138699 0.149069
0.131784 0.130230 0.122411
0.144661 0.129969 0.163973
0.144830 0.127963 0.164276
0.145092 0.127108 0.164163
0.146427 0.123527 0.164785
0.146017 0.126105 0.163810
0.145622 0.126493 0.163782
0.145367 0.127334 0.163888
0.146610 0.122298 0.165463
0.143912 0.120468 0.168606
0.144181 0.116725 0.176828
0.146971 0.121598 0.166664
0.147974 0.108799 0.194084
0.118773 0.123739 0.108517
0.125307 0.126479 0.120800
0.125293 0.124495 0.108672
-0.019672 0.129962 0.090455
-0.009677 0.129503 0.090844
0.050631 0.126712 0.093161
0.026841 0.127814 0.092242
0.006287 0.128761 0.091451
0.072041 0.125625 0.094051
0.085462 0.124685 0.094764
0.094369 0.123873 0.095365
0.102244 0.123160 0.095894
0.109428 0.122503 0.096375
0.116280 0.121881 0.096834
-0.264501 0.055823 0.082961
-0.269374 0.046414 0.078801
-0.269664 0.046386 0.077579
-0.268138 0.054036 0.075311
-0.267418 0.054347 0.070466
-0.265659 0.057794 0.063014
-0.264847 0.062378 0.064222
-0.262141 0.066899 0.053697
-0.262925 0.063614 0.053683
-0.261386 0.069441 0.053577
-0.268739 0.045998 0.079775
-0.267721 0.045327 0.081336
-0.260700 0.073934 0.059793
-0.260750 0.071327 0.053443
-0.029031 0.128047 0.071038
-0.076441 0.125010 0.041901
-0.072705 0.124593 0.042155
-0.067669 0.124170 0.042388
-0.061919 0.123944 0.042438
-0.042657 0.123894 0.042784
-0.054050 0.123873 0.042508
-0.078313 0.125194 0.041795
-0.032513 0.123951 0.043080
-0.029801 0.123965 0.043158
-0.027421 0.127080 0.070473
-0.027301 0.126063 0.067118
-0.027435 0.121372 0.050511
-0.026898 0.123138 0.058613
-0.027322 0.122036 0.046824
-0.027336 0.123689 0.045616
-0.028367 0.124240 0.045800
-0.028311 0.127836 0.071137
-0.027491 0.127157 0.071257
-0.028388 0.124862 0.044882
-0.028409 0.123972 0.043200
-0.079210 0.125257 0.041738
-0.082085 0.126769 0.043985
-0.082742 0.125660 0.041922
-0.085596 0.123753 0.038475
-0.086789 0.123816 0.038433
-0.081859 0.126437 0.043349
-0.080574 0.126303 0.043278
-0.087164 0.130739 0.054848
-0.086797 0.126705 0.044973
-0.080016 0.125293 0.041639
-0.093380 0.135549 0.078158
-0.089332 0.133176 0.066404
-0.146137 0.127454 0.112748
-0.131939 0.128775 0.110459
-0.119416 0.129488 0.105232
-0.162009 0.125363 0.111031
-0.176750 0.122955 0.106581
-0.108538 0.129771 0.098084
-0.187529 0.120708 0.100627
-0.195617 0.118399 0.093415
-0.099716 0.129425 0.089057
-0.202264 0.115842 0.085193
-0.207244 0.113045 0.076124
-0.210337 0.110036 0.066348
-0.215296 0.084084 0.037917
-0.217267 0.083293 0.037769
-0.218538 0.082784 0.037663
-0.219464 0.082424 0.037557
-0.220382 0.082099 0.037408
-0.213339 0.084868 0.038058
-0.212117 0.085363 0.038150
-0.221851 0.081541 0.037126
-0.224429 0.080496 0.036638
-0.227756 0.079055 0.036017
-0.231514 0.077310 0.035339
-0.235710 0.075078 0.034632
-0.238097 0.100514 0.060146
-0.239693 0.097823 0.064829
-0.241579 0.093662 0.067619
-0.243409 0.088584 0.068481
-0.244822 0.083088 0.067372
-0.253905 0.078214 0.064186
-0.257663 0.078214 0.064116
-0.245768 0.078214 0.064342
-0.258595 0.074951 0.059228
-0.259938 0.074697 0.059348
-0.240661 0.096926 0.044090
-0.239510 0.099970 0.048872
-0.237094 0.101354 0.054530
-0.242858 0.092786 0.040940
-0.245606 0.087870 0.039662
-0.248417 0.082488 0.040467
-0.254315 0.077734 0.043193
-0.251023 0.077734 0.043257
-0.250896 0.078278 0.032125
-0.245373 0.080997 0.032958
-0.240343 0.072154 0.033898
-0.258299 0.064327 0.032238
-0.257861 0.064271 0.031673
-0.258680 0.063805 0.033467
-0.259902 0.067880 0.043879
-0.259224 0.065175 0.037712
-0.259323 0.070374 0.044945
-0.258906 0.072373 0.046443
-0.254696 0.070197 0.031779
-0.256815 0.074690 0.047834
-0.258030 0.074442 0.047686
-0.258602 0.073694 0.047283
-0.211482 0.085688 0.038411
-0.211312 0.100422 0.039033
-0.211312 0.085970 0.039054
-0.211496 0.101425 0.041696
-0.211927 0.103827 0.048039
-0.211814 0.106928 0.056713
-0.026771 0.126409 0.071363
-0.025174 0.126847 0.071391
-0.025916 0.126048 0.071433
-0.026347 0.125971 0.071426
-0.022709 0.128542 0.077254
-0.023889 0.128040 0.072196
-0.024348 0.127715 0.071342
-0.262346 0.055519 0.084529
-0.263886 0.055321 0.083900
-0.258539 0.056784 0.085172
-0.255622 0.044776 0.085567
-0.251271 0.058571 0.085942
-0.252118 0.044882 0.085850
-0.248947 0.058550 0.086055
-0.246623 0.058521 0.086168
-0.263038 0.055223 0.119395
-0.264493 0.047848 0.121111
-0.265984 0.036808 0.122729
-0.267276 0.024157 0.124050
-0.261626 0.059856 0.117551
-0.260284 0.062689 0.115545
-0.258984 0.064483 0.113447
-0.257705 0.066009 0.111342
-0.255283 0.067930 0.107111
-0.250557 0.070939 0.098607
-0.246036 0.073665 0.090420
-0.244249 0.074760 0.087136
-0.244454 0.069639 0.086253
-0.244151 0.074033 0.086267
-0.244009 0.074718 0.086500
-0.271048 -0.034809 0.078744
-0.271282 -0.035000 0.077536
-0.270413 -0.034498 0.079712
-0.269643 -0.045708 0.075283
-0.268534 -0.050695 0.072945
-0.266005 -0.055731 0.062321
-0.267721 -0.052115 0.069265
-0.263928 -0.059093 0.053598
-0.263582 -0.060654 0.053619
-0.260722 -0.065041 0.044309
-0.261499 -0.062562 0.045312
-0.269396 -0.033997 0.081280
-0.268385 -0.033495 0.082834
-0.260319 -0.072634 0.053414
-0.265984 -0.033043 0.084402
-0.267771 -0.033191 0.083773
-0.263144 -0.047806 0.121153
-0.264628 -0.036808 0.122757
-0.265913 -0.024157 0.124078
-0.266761 -0.011966 0.124897
-0.267072 0.000000 0.125187
-0.266761 0.011966 0.124897
-0.266323 0.024157 0.124064
-0.265913 0.024157 0.124078
-0.261718 -0.055060 0.119479
-0.260326 -0.059616 0.117650
-0.258949 -0.062547 0.115587
-0.257607 -0.064469 0.113440
-0.256328 -0.066023 0.111342
-0.253919 -0.067937 0.107125
-0.249187 -0.070939 0.098621
-0.244659 -0.073673 0.090427
-0.242851 -0.074767 0.087143
-0.242816 -0.069611 0.086302
-0.242590 -0.074012 0.086309
-0.242561 -0.074718 0.086521
-0.262000 -0.021996 0.085017
-0.256505 -0.010998 0.085546
-0.252733 -0.010998 0.085829
-0.249985 -0.010998 0.085984
-0.247251 -0.010998 0.086133
-0.245005 -0.032987 0.086253
-0.245033 -0.021996 0.086253
-0.243910 -0.044860 0.086295
-0.243133 -0.058479 0.086302
0.276523 -0.089516 0.192933
0.276664 -0.087425 0.195080
0.277144 -0.085250 0.196867
0.254287 -0.101792 0.194113
0.261216 -0.101764 0.187649
0.259591 -0.103269 0.188264
0.265906 -0.099589 0.186887
0.276558 -0.092278 0.190016
0.277512 -0.083173 0.197884
0.237059 -0.107803 0.198958
0.216193 -0.117657 0.201409
0.235710 -0.111272 0.197023
0.252782 -0.103933 0.193724
0.277293 -0.081372 0.197722
0.277067 -0.079804 0.197454
0.277420 -0.078405 0.198153
0.277907 -0.077197 0.199085
0.278105 -0.076180 0.199509
0.160999 -0.128895 0.167278
0.193357 -0.123456 0.171552
0.174208 -0.127850 0.168168
0.192982 -0.125681 0.169722
0.175670 -0.131332 0.182613
0.175804 -0.131947 0.182147
0.176673 -0.131954 0.182020
0.180791 -0.128019 0.177146
0.180332 -0.125794 0.174398
0.194190 -0.121810 0.172929
0.194875 -0.121274 0.174144
0.177683 -0.122828 0.183447
0.180197 -0.118476 0.191160
0.177217 -0.125356 0.180190
0.176270 -0.128358 0.179364
0.176199 -0.130590 0.183115
0.181455 -0.129538 0.198654
0.186336 -0.128577 0.198266
0.197899 -0.126303 0.197383
0.214569 -0.121839 0.195659
0.180282 -0.129510 0.198605
0.183411 -0.118547 0.200046
0.181568 -0.119366 0.193463
0.184697 -0.114803 0.207307
0.184506 -0.118243 0.205464
0.184075 -0.118060 0.207724
0.182302 -0.123167 0.204941
0.179858 -0.128824 0.198174
0.152918 -0.129213 0.166960
0.148751 -0.128012 0.167540
0.149521 -0.129199 0.167095
0.148263 -0.125611 0.166558
0.147472 -0.123230 0.165548
0.278183 -0.074831 0.199728
0.261908 -0.075742 0.205668
0.243727 -0.076526 0.211687
0.225185 -0.077840 0.217408
0.207562 -0.079472 0.222028
0.206975 -0.079224 0.220233
0.206325 -0.079133 0.218256
0.162666 -0.063840 0.230730
0.162758 -0.045044 0.232792
0.165830 -0.076816 0.228173
0.175776 -0.081117 0.225249
0.189995 -0.080588 0.221681
0.205972 -0.079076 0.217182
0.162574 -0.023267 0.234205
0.162419 0.000000 0.234756
0.162574 0.023267 0.234205
0.114189 -0.135740 0.151604
0.145028 -0.130633 0.163083
0.146095 -0.136849 0.153886
0.146455 -0.136418 0.153780
0.145459 -0.132363 0.160342
0.139632 -0.137103 0.153632
0.137597 -0.135153 0.156860
0.132512 -0.134066 0.158611
0.125943 -0.133776 0.158979
0.119663 -0.133960 0.157721
0.115708 -0.134009 0.154790
0.144979 -0.129460 0.163768
0.145403 -0.129107 0.163443
0.146617 -0.126176 0.164234
0.146349 -0.128245 0.163132
0.147091 -0.124219 0.165039
0.145805 -0.128500 0.163174
0.146059 -0.128337 0.162970
0.142754 -0.137555 0.125893
0.143276 -0.137152 0.126112
0.146059 -0.139512 0.138975
0.139024 -0.134708 0.108941
0.138219 -0.134687 0.108785
0.147296 -0.140832 0.144082
0.136721 -0.134023 0.108715
0.134228 -0.132038 0.108693
0.147310 -0.140126 0.147112
0.126691 -0.140599 0.147070
0.133444 -0.140232 0.148037
0.138332 -0.139074 0.150248
0.119988 -0.139794 0.147352
0.115708 -0.137449 0.148560
0.130428 -0.128062 0.108708
0.122375 -0.122566 0.096579
0.127327 -0.125851 0.094913
-0.017390 -0.128316 0.077586
-0.007565 -0.127899 0.078193
0.028311 -0.126380 0.080411
0.008116 -0.127235 0.079161
0.051684 -0.125392 0.081859
0.072613 -0.124431 0.083222
0.085490 -0.123661 0.084232
0.093846 -0.123018 0.085017
0.101241 -0.122460 0.085709
0.107987 -0.121945 0.086344
0.114415 -0.121457 0.086945
0.119734 -0.122383 0.088824
-0.079048 -0.123124 0.038383
-0.077169 -0.122835 0.038475
-0.073432 -0.122234 0.038687
-0.068396 -0.121598 0.038878
-0.062632 -0.121196 0.038941
-0.054672 -0.121019 0.039026
-0.043038 -0.121069 0.039301
-0.032655 -0.121196 0.039577
-0.029886 -0.121231 0.039655
-0.028459 -0.121245 0.039690
-0.026559 -0.125342 0.067167
-0.026686 -0.126345 0.070593
-0.026142 -0.122446 0.058380
-0.027371 -0.123421 0.043052
-0.025732 -0.119804 0.049452
-0.025619 -0.120369 0.044401
-0.025605 -0.119585 0.045574
-0.025634 -0.120730 0.043561
-0.026410 -0.121761 0.042551
-0.079938 -0.123237 0.038334
-0.083717 -0.123562 0.038355
-0.081866 -0.123364 0.038228
-0.081075 -0.125399 0.041654
-0.084720 -0.120772 0.034173
-0.086662 -0.120857 0.034074
-0.087432 -0.123421 0.038341
-0.087877 -0.120892 0.033983
-0.080743 -0.123287 0.038249
-0.087390 -0.129474 0.054813
-0.087015 -0.125483 0.044938
-0.026262 -0.125907 0.070671
-0.093380 -0.128231 0.078158
-0.089332 -0.125985 0.066404
-0.162009 -0.107323 0.111031
-0.146137 -0.109117 0.112741
-0.131939 -0.110240 0.110466
-0.119416 -0.110855 0.105232
-0.108531 -0.111095 0.098091
-0.176750 -0.105261 0.106581
-0.187529 -0.103332 0.100620
-0.195617 -0.101361 0.093415
-0.099716 -0.110798 0.089057
-0.202264 -0.099172 0.085193
-0.207244 -0.096777 0.076124
-0.025831 -0.125992 0.070671
-0.025090 -0.126797 0.070593
-0.021727 -0.127984 0.072316
-0.023670 -0.127998 0.071334
-0.024270 -0.127673 0.070501
-0.210337 -0.094199 0.066348
-0.215360 -0.065006 0.037825
-0.217394 -0.064186 0.037634
-0.218771 -0.063628 0.037493
-0.219803 -0.063233 0.037366
-0.220784 -0.062879 0.037218
-0.213375 -0.065818 0.038016
-0.212125 -0.066326 0.038129
-0.222254 -0.062343 0.036963
-0.224754 -0.061403 0.036540
-0.227975 -0.060160 0.035996
-0.211489 -0.066644 0.038411
-0.211312 -0.066892 0.039082
-0.231606 -0.058726 0.035402
-0.254682 -0.074951 0.059298
-0.258369 -0.073658 0.053471
-0.259669 -0.073404 0.053443
-0.246192 -0.074951 0.059461
-0.235759 -0.097823 0.064907
-0.236423 -0.093669 0.067718
-0.237052 -0.088577 0.068608
-0.237518 -0.083088 0.067513
-0.237800 -0.078214 0.064497
-0.237885 -0.074951 0.059623
-0.235166 -0.100514 0.060202
-0.242300 -0.082488 0.040587
-0.243882 -0.077734 0.043391
-0.240612 -0.087870 0.039753
-0.238959 -0.092786 0.041011
-0.237652 -0.096926 0.044147
-0.236988 -0.099970 0.048922
-0.234763 -0.101354 0.054573
-0.253149 -0.074690 0.047905
-0.245189 -0.074690 0.048060
-0.235717 -0.057024 0.034760
-0.250027 -0.074047 0.032400
-0.245154 -0.068347 0.033199
-0.240372 -0.054975 0.034074
-0.259598 -0.058655 0.032196
-0.259175 -0.058585 0.031623
-0.256936 -0.063854 0.031616
-0.253884 -0.066913 0.031998
-0.259916 -0.058451 0.033418
-0.259429 -0.062498 0.035487
-0.260135 -0.062908 0.039485
-0.254470 -0.073658 0.053549
-0.211496 -0.086839 0.041724
-0.211496 -0.067563 0.041767
-0.211927 -0.088894 0.048060
-0.211814 -0.091543 0.056713
0.169475 0.126458 0.170895
0.173452 0.127285 0.175507
0.173480 0.127362 0.174278
0.173812 0.125879 0.172463
0.173084 0.125907 0.171382
0.161331 0.126995 0.170471
0.174808 0.123894 0.180275
0.174165 0.127073 0.176835
0.178424 0.117163 0.192509
0.184972 0.117735 0.210507
0.189825 0.117127 0.209553
0.183757 0.117883 0.210429
0.183093 0.111886 0.204439
0.184351 0.111201 0.208840
0.183496 0.113440 0.209702
0.183164 0.117933 0.209603
0.153250 0.127412 0.170167
0.148963 0.126938 0.170118
0.149796 0.127588 0.170033
0.148737 0.124869 0.170443
0.148680 0.124339 0.169645
0.148249 0.121613 0.168642
0.147317 0.120553 0.168769
0.219103 0.108072 0.204093
0.201324 0.115686 0.207279
0.217669 0.112790 0.203733
0.238620 0.104307 0.199438
0.276664 0.087425 0.195080
0.277144 0.085250 0.196867
0.276523 0.089516 0.192933
0.254287 0.101792 0.194113
0.259591 0.103269 0.188264
0.261216 0.101764 0.187649
0.265906 0.099589 0.186887
0.276558 0.092278 0.190016
0.277512 0.083173 0.197884
0.277293 0.081372 0.197722
0.277067 0.079804 0.197454
0.277420 0.078405 0.198153
0.277907 0.077197 0.199085
0.278105 0.076180 0.199509
0.278183 0.074831 0.199728
0.261908 0.075742 0.205668
0.243727 0.076526 0.211687
0.225185 0.077840 0.217408
0.207562 0.079472 0.222028
0.206975 0.079224 0.220233
0.206325 0.079133 0.218256
0.162758 0.045044 0.232792
0.162666 0.063847 0.230730
0.165830 0.076816 0.228173
0.175776 0.081117 0.225249
0.189995 0.080588 0.221681
0.205972 0.079076 0.217182
0.114189 0.135740 0.151604
0.146095 0.136849 0.153886
0.146455 0.136418 0.153780
0.145459 0.132363 0.160342
0.145028 0.130633 0.163083
0.139632 0.137103 0.153632
0.137597 0.135153 0.156860
0.132512 0.134066 0.158611
0.125943 0.133776 0.158979
0.119656 0.133960 0.157721
0.115708 0.134009 0.154790
0.147296 0.140832 0.144082
0.146059 0.139512 0.138975
0.142754 0.137555 0.125893
0.139024 0.134708 0.108941
0.138219 0.134687 0.108785
0.143276 0.137152 0.126112
0.136721 0.134023 0.108715
0.134228 0.132038 0.108693
0.147310 0.140126 0.147112
0.126691 0.140599 0.147070
0.133444 0.140232 0.148037
0.138332 0.139074 0.150248
0.119988 0.139794 0.147352
0.115708 0.137449 0.148560
0.130428 0.128062 0.108708
0.144979 0.129460 0.163768
0.145403 0.129107 0.163443
0.146617 0.126176 0.164234
0.147091 0.124219 0.165039
0.147472 0.123230 0.165548
0.146349 0.128245 0.163132
0.145840 0.126776 0.163542
0.145805 0.128500 0.163174
0.147910 0.122602 0.166685
0.122375 0.122566 0.096579
0.127327 0.125851 0.094913
-0.017390 0.128316 0.077586
-0.007565 0.127899 0.078193
0.051684 0.125392 0.081859
0.028311 0.126380 0.080411
0.008116 0.127235 0.079161
0.072613 0.124431 0.083222
0.085490 0.123661 0.084232
0.093846 0.123018 0.085017
0.101241 0.122460 0.085709
0.107987 0.121945 0.086344
0.114415 0.121457 0.086945
0.119734 0.122383 0.088824
-0.266711 0.044663 0.082890
-0.271048 0.034809 0.078744
-0.271282 0.035000 0.077536
-0.269643 0.045708 0.075283
-0.268534 0.050695 0.072945
-0.266005 0.055731 0.062321
-0.267721 0.052115 0.069265
-0.263582 0.060662 0.053619
-0.263928 0.059100 0.053598
-0.260722 0.065048 0.044309
-0.261499 0.062562 0.045312
-0.270413 0.034498 0.079712
-0.269396 0.033997 0.081280
-0.260319 0.072634 0.053414
-0.077169 0.122835 0.038475
-0.073432 0.122234 0.038687
-0.068396 0.121598 0.038878
-0.062632 0.121189 0.038941
-0.054672 0.121019 0.039033
-0.043038 0.121069 0.039301
-0.032655 0.121196 0.039577
-0.079048 0.123124 0.038383
-0.029886 0.121231 0.039655
-0.028459 0.121245 0.039690
-0.026686 0.126345 0.070593
-0.026559 0.125342 0.067167
-0.026488 0.120624 0.049967
-0.026142 0.122446 0.058380
-0.026361 0.120829 0.046188
-0.026375 0.122036 0.044995
-0.026389 0.122503 0.044126
-0.027350 0.124268 0.044705
-0.027371 0.123421 0.043052
-0.079938 0.123237 0.038334
-0.081075 0.125399 0.041654
-0.083717 0.123562 0.038355
-0.081866 0.123364 0.038228
-0.084720 0.120772 0.034173
-0.086662 0.120857 0.034074
-0.087877 0.120892 0.033983
-0.087432 0.123421 0.038341
-0.087390 0.129474 0.054820
-0.087015 0.125483 0.044938
-0.080743 0.123287 0.038249
-0.093380 0.128231 0.078158
-0.089332 0.125985 0.066404
-0.146137 0.109117 0.112741
-0.131939 0.110240 0.110459
-0.119416 0.110855 0.105232
-0.108531 0.111095 0.098084
-0.162009 0.107323 0.111031
-0.176750 0.105261 0.106581
-0.187529 0.103332 0.100627
-0.195617 0.101361 0.093415
-0.099716 0.110798 0.089057
-0.202264 0.099172 0.085193
-0.207244 0.096777 0.076124
-0.210337 0.094199 0.066348
-0.213375 0.065818 0.038016
-0.215360 0.065006 0.037825
-0.217394 0.064186 0.037634
-0.218771 0.063628 0.037493
-0.219803 0.063233 0.037366
-0.220784 0.062879 0.037218
-0.212125 0.066326 0.038129
-0.211489 0.066644 0.038411
-0.222254 0.062343 0.036963
-0.224754 0.061403 0.036540
-0.227975 0.060160 0.035996
-0.231606 0.058726 0.035402
-0.235717 0.057024 0.034760
-0.235166 0.100514 0.060202
-0.235759 0.097823 0.064907
-0.236423 0.093669 0.067718
-0.237052 0.088577 0.068608
-0.237518 0.083088 0.067513
-0.237800 0.078214 0.064497
-0.254682 0.074951 0.059298
-0.246192 0.074951 0.059461
-0.237885 0.074951 0.059623
-0.258369 0.073658 0.053471
-0.259669 0.073404 0.053443
-0.238959 0.092786 0.041011
-0.237652 0.096926 0.044147
-0.236988 0.099970 0.048922
-0.234763 0.101354 0.054573
-0.240612 0.087870 0.039753
-0.242300 0.082488 0.040587
-0.243882 0.077734 0.043391
-0.253149 0.074690 0.047905
-0.245189 0.074690 0.048060
-0.250027 0.074047 0.032400
-0.245154 0.068347 0.033199
-0.240372 0.054975 0.034074
-0.259175 0.058585 0.031623
-0.259598 0.058655 0.032196
-0.256936 0.063854 0.031616
-0.259916 0.058451 0.033418
-0.259429 0.062498 0.035487
-0.260135 0.062908 0.039485
-0.253884 0.066913 0.031998
-0.254470 0.073658 0.053549
-0.211312 0.066892 0.039082
-0.211496 0.086839 0.041724
-0.211496 0.067563 0.041767
-0.211927 0.088894 0.048060
-0.211814 0.091543 0.056713
-0.026262 0.125907 0.070671
-0.025090 0.126797 0.070593
-0.025831 0.125992 0.070671
-0.021720 0.127984 0.072316
-0.023670 0.127998 0.071334
-0.024270 0.127673 0.070501
-0.260354 0.044437 0.085066
-0.264458 0.044168 0.084451
-0.266097 0.044253 0.083830
-0.256222 0.032987 0.085539
-0.252485 0.032987 0.085829
-0.249349 0.044875 0.086005
-0.249611 0.032987 0.085991
-0.246842 0.044867 0.086154
-0.244723 0.058500 0.086253
-0.262113 0.055110 0.119451
-0.263547 0.047820 0.121139
-0.265030 0.036808 0.122743
-0.260714 0.059687 0.117622
-0.259344 0.062583 0.115573
-0.258016 0.064476 0.113440
-0.256738 0.066023 0.111342
-0.254322 0.067937 0.107118
-0.249597 0.070939 0.098614
-0.245069 0.073673 0.090427
-0.243268 0.074767 0.087143
-0.243395 0.069618 0.086288
-0.243112 0.074019 0.086295
-0.243006 0.074718 0.086514
-0.271091 -0.035127 0.075269
-0.272242 -0.023416 0.075269
-0.272426 -0.023331 0.077501
-0.272193 -0.023204 0.078695
-0.271557 -0.022999 0.079669
-0.269487 -0.044945 0.072945
-0.268633 -0.049353 0.071589
-0.266959 -0.051550 0.068841
-0.265299 -0.055060 0.062138
-0.263286 -0.058373 0.053746
-0.267813 -0.049014 0.071087
-0.261965 -0.061121 0.045962
-0.261407 -0.060351 0.046457
-0.260693 -0.061580 0.040636
-0.270540 -0.022667 0.081238
-0.269530 -0.022328 0.082792
-0.266980 -0.022031 0.084367
-0.268915 -0.022130 0.083731
-0.262819 -0.047799 0.121161
-0.264303 -0.036808 0.122764
-0.265588 -0.024157 0.124078
-0.266436 -0.011966 0.124904
-0.266747 0.000000 0.125194
-0.266436 0.011966 0.124904
-0.265588 0.024157 0.124078
-0.264628 0.036808 0.122757
-0.261407 -0.055018 0.119494
-0.260015 -0.059560 0.117671
-0.258631 -0.062512 0.115602
-0.257282 -0.064469 0.113440
-0.255996 -0.066030 0.111342
-0.253587 -0.067937 0.107132
-0.248862 -0.070939 0.098621
-0.244327 -0.073673 0.090427
-0.242519 -0.074767 0.087143
-0.242349 -0.069597 0.086316
-0.242173 -0.073997 0.086316
-0.242208 -0.074711 0.086528
-0.262297 -0.010998 0.085002
-0.256540 0.000000 0.085546
-0.262381 0.000000 0.084995
-0.252796 0.000000 0.085829
-0.250077 0.000000 0.085977
-0.245069 -0.010998 0.086253
-0.247308 0.000000 0.086133
-0.243981 -0.032987 0.086302
-0.243981 -0.021996 0.086302
-0.243402 -0.044860 0.086309
-0.242688 -0.058472 0.086316
0.289301 -0.084918 0.191471
0.288559 -0.086846 0.189903
0.290028 -0.082813 0.192700
0.258129 -0.104378 0.188801
0.253806 -0.107577 0.183305
0.255410 -0.106504 0.182069
0.261223 -0.105133 0.180840
0.276593 -0.096481 0.185912
0.276614 -0.100606 0.182239
0.289131 -0.089078 0.187798
0.289555 -0.092857 0.185269
0.290395 -0.080757 0.193321
0.247824 -0.107062 0.193625
0.234777 -0.114323 0.192770
0.251603 -0.107316 0.190044
0.290099 -0.078998 0.193088
0.289753 -0.077444 0.192891
0.289986 -0.075996 0.193618
0.290367 -0.074732 0.194565
0.290466 -0.073715 0.195017
0.160872 -0.131283 0.163422
0.173812 -0.130576 0.164319
0.215395 -0.119409 0.173635
0.215254 -0.122764 0.171672
0.192580 -0.129269 0.165823
0.214978 -0.127595 0.167660
0.177605 -0.132731 0.189387
0.177344 -0.131939 0.189408
0.181829 -0.130732 0.182203
0.178615 -0.132787 0.189366
0.194819 -0.122397 0.175493
0.194614 -0.124685 0.177994
0.215635 -0.117304 0.174907
0.215600 -0.116640 0.175910
0.214908 -0.117608 0.177054
0.179738 -0.121097 0.187699
0.178488 -0.126508 0.182980
0.177316 -0.130159 0.183355
0.177775 -0.131007 0.189401
0.183623 -0.131671 0.189324
0.195843 -0.128945 0.189239
0.213424 -0.123929 0.188822
0.234481 -0.115983 0.187784
0.181702 -0.124311 0.193696
0.183411 -0.123301 0.201310
0.183164 -0.122990 0.204235
0.180141 -0.128026 0.197616
0.152007 -0.131198 0.163619
0.149287 -0.129962 0.165717
0.148553 -0.128704 0.166247
0.147875 -0.126176 0.165519
0.290452 -0.072359 0.195278
0.278317 -0.072641 0.200060
0.261965 -0.073701 0.205993
0.243741 -0.075417 0.211863
0.224994 -0.077338 0.216871
0.243543 -0.074937 0.211326
0.224401 -0.077091 0.215077
0.223751 -0.076999 0.213099
0.223405 -0.076950 0.212026
0.164990 -0.023868 0.233146
0.165152 -0.046217 0.231733
0.165082 -0.065521 0.229663
0.168338 -0.075410 0.227693
0.175649 -0.078829 0.225397
0.189839 -0.078313 0.221844
0.205824 -0.076879 0.217344
0.164848 0.000000 0.233682
0.164990 0.023868 0.233146
0.116124 -0.133140 0.150192
0.145508 -0.130075 0.162751
0.146978 -0.135810 0.153632
0.147868 -0.139490 0.147126
0.145946 -0.131791 0.160059
0.139278 -0.136757 0.153413
0.137301 -0.134871 0.156542
0.132356 -0.133797 0.158265
0.125964 -0.133508 0.158640
0.120115 -0.132907 0.156852
0.117403 -0.131579 0.153074
0.145961 -0.129545 0.162433
0.146568 -0.129319 0.162390
0.146964 -0.128803 0.163704
0.146229 -0.129234 0.162249
0.147331 -0.126395 0.164806
0.139610 -0.134334 0.109174
0.144018 -0.136580 0.126423
0.140437 -0.133797 0.109520
0.146695 -0.138897 0.139215
0.135175 -0.131996 0.091642
0.135733 -0.131629 0.091854
0.134461 -0.131982 0.091649
0.147875 -0.140197 0.144216
0.133211 -0.131360 0.092009
0.130979 -0.129524 0.093005
0.126691 -0.140176 0.147013
0.133260 -0.139801 0.147967
0.138014 -0.138671 0.150135
0.120426 -0.138501 0.146907
0.117410 -0.134694 0.147430
0.122693 -0.124233 0.084430
-0.016437 -0.127829 0.072627
-0.006682 -0.127539 0.073192
0.028946 -0.126493 0.075262
0.008893 -0.127087 0.074103
0.052157 -0.125815 0.076611
0.073079 -0.125201 0.077847
0.086267 -0.124798 0.078659
0.095075 -0.124516 0.079231
0.102859 -0.124268 0.079740
0.109972 -0.124050 0.080206
0.116746 -0.123831 0.080644
-0.079959 -0.120391 0.034456
-0.078087 -0.119931 0.034526
-0.074344 -0.119006 0.034675
-0.069300 -0.118017 0.034823
-0.063529 -0.117367 0.034894
-0.055456 -0.117071 0.035007
-0.043518 -0.117156 0.035268
-0.032838 -0.117367 0.035530
-0.029985 -0.117424 0.035600
-0.028522 -0.117452 0.035635
-0.027399 -0.120772 0.039598
-0.026121 -0.124918 0.067231
-0.025704 -0.122036 0.058366
-0.025294 -0.119388 0.049360
-0.025174 -0.119790 0.044288
-0.025189 -0.120136 0.043469
-0.025160 -0.119091 0.045461
-0.025648 -0.120087 0.042077
-0.026439 -0.119317 0.039273
-0.080856 -0.120567 0.034413
-0.082799 -0.120680 0.034265
-0.081654 -0.120638 0.034350
-0.085673 -0.117897 0.030910
-0.083738 -0.117834 0.031037
-0.087637 -0.117954 0.030783
-0.087644 -0.122234 0.038313
-0.088520 -0.120518 0.033919
-0.088866 -0.117996 0.030698
-0.087390 -0.122488 0.054813
-0.087015 -0.118710 0.044938
-0.025690 -0.125003 0.067266
-0.093380 -0.109781 0.078158
-0.089332 -0.107853 0.066404
-0.162009 -0.083498 0.111031
-0.146137 -0.084889 0.112741
-0.131939 -0.085765 0.110459
-0.119416 -0.086239 0.105232
-0.108538 -0.086429 0.098084
-0.176750 -0.081894 0.106581
-0.187529 -0.080390 0.100627
-0.195617 -0.078857 0.093415
-0.099716 -0.086203 0.089057
-0.202264 -0.077155 0.085193
-0.207244 -0.075290 0.076116
-0.024948 -0.125801 0.067245
-0.024136 -0.126670 0.067209
-0.021501 -0.127970 0.071433
-0.023592 -0.127963 0.070487
-0.023458 -0.126967 0.067209
-0.210337 -0.073291 0.066348
-0.215416 -0.045962 0.037740
-0.213403 -0.046513 0.037973
-0.217507 -0.045397 0.037507
-0.218997 -0.045016 0.037331
-0.220135 -0.044733 0.037182
-0.221173 -0.044479 0.037034
-0.212139 -0.046859 0.038115
-0.211489 -0.047078 0.038411
-0.222635 -0.044119 0.036815
-0.225065 -0.043504 0.036448
-0.228173 -0.042713 0.035982
-0.211312 -0.047255 0.039104
-0.211496 -0.047728 0.041802
-0.231690 -0.041816 0.035459
-0.246022 -0.073658 0.053711
-0.234142 -0.097823 0.064935
-0.234318 -0.093669 0.067760
-0.234459 -0.088584 0.068657
-0.234544 -0.083088 0.067570
-0.234558 -0.078214 0.064561
-0.234502 -0.074951 0.059687
-0.237751 -0.073658 0.053866
-0.234389 -0.073658 0.053930
-0.233951 -0.100514 0.060231
-0.237398 -0.074690 0.048209
-0.236896 -0.077734 0.043525
-0.236317 -0.082488 0.040700
-0.235731 -0.087870 0.039845
-0.235201 -0.092786 0.041088
-0.234813 -0.096926 0.044196
-0.234650 -0.099970 0.048964
-0.233781 -0.101354 0.054594
-0.235724 -0.040785 0.034880
-0.249893 -0.063473 0.032598
-0.245274 -0.052623 0.033382
-0.240393 -0.039598 0.034230
-0.260771 -0.052757 0.032167
-0.260340 -0.052644 0.031588
-0.258292 -0.058210 0.031546
-0.256236 -0.061311 0.031772
-0.253884 -0.058627 0.032132
-0.261061 -0.052729 0.033410
-0.260481 -0.058006 0.035459
-0.260213 -0.061099 0.037536
-0.260700 -0.060266 0.038863
-0.211934 -0.069159 0.048088
-0.211934 -0.048858 0.048110
-0.211814 -0.071221 0.056720
0.173635 0.126621 0.169984
0.161154 0.127857 0.169030
0.174490 0.129093 0.177937
0.174554 0.129404 0.177061
0.174497 0.127157 0.173953
0.175380 0.129319 0.176814
0.179830 0.124593 0.172894
0.178672 0.124940 0.171594
0.176009 0.123894 0.180812
0.175394 0.126889 0.177485
0.175098 0.128648 0.178891
0.179449 0.117509 0.192446
0.188801 0.123160 0.206022
0.183976 0.123944 0.206749
0.200046 0.121344 0.204319
0.182712 0.123993 0.206664
0.184019 0.113384 0.203302
0.185191 0.112423 0.208063
0.184308 0.113800 0.208861
0.183249 0.117968 0.208536
0.182154 0.123619 0.205902
0.153052 0.128238 0.168698
0.148857 0.127355 0.168910
0.149634 0.128358 0.168627
0.148525 0.124791 0.168140
0.237059 0.107803 0.198951
0.216193 0.117657 0.201409
0.235710 0.111272 0.197023
0.252782 0.103933 0.193724
0.289301 0.084918 0.191471
0.288559 0.086846 0.189903
0.290028 0.082813 0.192700
0.258129 0.104378 0.188801
0.253806 0.107577 0.183305
0.255410 0.106504 0.182069
0.261223 0.105133 0.180840
0.276593 0.096481 0.185912
0.276614 0.100606 0.182239
0.289131 0.089078 0.187798
0.289555 0.092857 0.185269
0.290395 0.080757 0.193321
0.290099 0.078998 0.193088
0.289753 0.077444 0.192891
0.289986 0.075996 0.193618
0.290367 0.074732 0.194565
0.290466 0.073715 0.195017
0.290452 0.072366 0.195278
0.278317 0.072641 0.200060
0.261965 0.073701 0.205993
0.243741 0.075417 0.211863
0.224994 0.077338 0.216871
0.243543 0.074937 0.211326
0.223751 0.076999 0.213099
0.224401 0.077091 0.215077
0.223405 0.076950 0.212026
0.165152 0.046217 0.231733
0.165082 0.065521 0.229663
0.168338 0.075410 0.227693
0.175649 0.078829 0.225397
0.189839 0.078313 0.221844
0.205824 0.076879 0.217344
0.116124 0.133140 0.150192
0.146978 0.135810 0.153632
0.147868 0.139490 0.147126
0.145946 0.131791 0.160059
0.145508 0.130075 0.162751
0.139271 0.136757 0.153413
0.137301 0.134871 0.156542
0.132356 0.133797 0.158265
0.125964 0.133508 0.158640
0.120115 0.132907 0.156852
0.117403 0.131579 0.153074
0.144018 0.136580 0.126423
0.146695 0.138897 0.139215
0.147875 0.140197 0.144216
0.139610 0.134334 0.109174
0.135175 0.131996 0.091642
0.135733 0.131629 0.091854
0.134461 0.131982 0.091649
0.140437 0.133797 0.109520
0.133211 0.131360 0.092009
0.130979 0.129524 0.093005
0.126691 0.140176 0.147013
0.133260 0.139801 0.147974
0.138014 0.138671 0.150135
0.120426 0.138501 0.146907
0.117410 0.134694 0.147430
0.145961 0.129545 0.162433
0.147331 0.126395 0.164806
0.146964 0.128803 0.163704
0.147875 0.126176 0.165519
0.148263 0.125611 0.166558
0.146568 0.129319 0.162390
0.146229 0.129234 0.162249
0.146059 0.128337 0.162970
0.122693 0.124233 0.084430
-0.016437 0.127829 0.072627
-0.006682 0.127539 0.073192
0.052157 0.125815 0.076611
0.028946 0.126493 0.075262
0.008893 0.127087 0.074103
0.073079 0.125201 0.077847
0.086267 0.124798 0.078659
0.095075 0.124516 0.079231
0.102859 0.124268 0.079740
0.109972 0.124050 0.080206
0.116746 0.123831 0.080644
-0.268385 0.033495 0.082834
-0.271091 0.035127 0.075269
-0.272242 0.023416 0.075269
-0.272426 0.023331 0.077501
-0.272193 0.023204 0.078695
-0.269487 0.044945 0.072945
-0.268633 0.049353 0.071589
-0.263286 0.058373 0.053746
-0.265299 0.055060 0.062138
-0.266959 0.051550 0.068841
-0.267813 0.049014 0.071087
-0.261965 0.061121 0.045962
-0.261407 0.060351 0.046457
-0.260693 0.061580 0.040636
-0.271557 0.022999 0.079669
-0.270540 0.022667 0.081238
-0.078087 0.119931 0.034526
-0.074344 0.119006 0.034675
-0.069300 0.118017 0.034823
-0.063529 0.117367 0.034894
-0.055456 0.117071 0.035007
-0.043518 0.117156 0.035268
-0.032838 0.117367 0.035530
-0.029985 0.117424 0.035600
-0.079959 0.120391 0.034456
-0.028522 0.117452 0.035635
-0.027399 0.120772 0.039598
-0.026121 0.124918 0.067231
-0.025732 0.119804 0.049452
-0.025704 0.122036 0.058366
-0.025605 0.119585 0.045574
-0.025619 0.120369 0.044401
-0.025634 0.120730 0.043561
-0.026410 0.121761 0.042551
-0.080856 0.120567 0.034413
-0.082799 0.120680 0.034265
-0.081654 0.120645 0.034350
-0.085673 0.117897 0.030910
-0.083738 0.117834 0.031037
-0.087637 0.117954 0.030783
-0.087644 0.122234 0.038313
-0.088520 0.120518 0.033919
-0.088866 0.117996 0.030698
-0.087390 0.122488 0.054813
-0.087015 0.118710 0.044938
-0.093380 0.109774 0.078158
-0.089332 0.107853 0.066404
-0.146137 0.084889 0.112748
-0.131939 0.085765 0.110459
-0.119416 0.086239 0.105232
-0.108538 0.086429 0.098084
-0.162009 0.083498 0.111031
-0.176750 0.081894 0.106581
-0.187529 0.080390 0.100627
-0.195617 0.078857 0.093415
-0.099716 0.086203 0.089057
-0.202264 0.077155 0.085193
-0.207244 0.075290 0.076124
-0.210337 0.073291 0.066348
-0.215416 0.045962 0.037740
-0.213403 0.046513 0.037973
-0.212139 0.046859 0.038115
-0.217507 0.045397 0.037507
-0.218997 0.045016 0.037331
-0.220135 0.044733 0.037182
-0.221173 0.044479 0.037034
-0.211489 0.047078 0.038411
-0.211312 0.047255 0.039104
-0.222635 0.044119 0.036815
-0.225065 0.043504 0.036448
-0.228173 0.042713 0.035982
-0.231690 0.041816 0.035459
-0.235724 0.040785 0.034880
-0.234142 0.097823 0.064935
-0.234318 0.093662 0.067760
-0.233951 0.100514 0.060231
-0.234459 0.088584 0.068657
-0.234544 0.083088 0.067570
-0.234558 0.078214 0.064561
-0.234502 0.074951 0.059687
-0.246022 0.073658 0.053711
-0.234389 0.073658 0.053930
-0.237751 0.073658 0.053866
-0.235731 0.087870 0.039845
-0.235201 0.092786 0.041088
-0.234813 0.096926 0.044196
-0.234650 0.099970 0.048964
-0.233781 0.101354 0.054594
-0.236317 0.082488 0.040700
-0.236896 0.077734 0.043525
-0.237398 0.074690 0.048209
-0.249893 0.063473 0.032598
-0.245274 0.052623 0.033382
-0.240393 0.039598 0.034230
-0.260771 0.052757 0.032167
-0.260340 0.052644 0.031588
-0.258292 0.058210 0.031546
-0.256236 0.061311 0.031772
-0.261061 0.052729 0.033410
-0.260481 0.058006 0.035459
-0.260213 0.061099 0.037536
-0.260700 0.060266 0.038863
-0.253884 0.058627 0.032132
-0.211496 0.047728 0.041802
-0.211934 0.069159 0.048088
-0.211934 0.048858 0.048110
-0.211814 0.071221 0.056720
-0.025690 0.125003 0.067266
-0.024136 0.126670 0.067209
-0.024948 0.125801 0.067245
-0.021501 0.127970 0.071433
-0.023592 0.127963 0.070487
-0.023458 0.126967 0.067209
-0.265984 0.033043 0.084402
-0.261428 0.032987 0.085031
-0.267778 0.033191 0.083773
-0.256399 0.021996 0.085546
-0.252613 0.021996 0.085836
-0.249801 0.021996 0.085991
-0.246997 0.032987 0.086147
-0.247124 0.021996 0.086140
-0.244920 0.044867 0.086253
-0.243684 0.058486 0.086288
-0.261718 0.055060 0.119479
-0.263144 0.047806 0.121153
-0.260326 0.059616 0.117650
-0.258949 0.062547 0.115587
-0.257607 0.064469 0.113440
-0.256328 0.066023 0.111342
-0.253919 0.067937 0.107125
-0.249187 0.070939 0.098621
-0.244659 0.073673 0.090427
-0.242851 0.074767 0.087143
-0.242816 0.069611 0.086302
-0.242590 0.074012 0.086309
-0.242561 0.074718 0.086521
-0.272857 -0.011711 0.075269
-0.272539 -0.011740 0.073037
-0.271917 -0.023472 0.073001
-0.273033 -0.011669 0.077473
-0.270759 -0.035212 0.072966
-0.272800 -0.011605 0.078659
-0.272164 -0.011499 0.079634
-0.269367 -0.044656 0.071603
-0.259118 -0.059885 0.046994
-0.260976 -0.057928 0.054163
-0.264606 -0.051154 0.069074
-0.265433 -0.048689 0.071292
-0.262961 -0.054629 0.062449
-0.266111 -0.044281 0.071320
-0.268498 -0.044528 0.071108
-0.260185 -0.060859 0.041406
-0.257903 -0.060414 0.042035
-0.260149 -0.059786 0.039725
-0.271140 -0.011330 0.081195
-0.270130 -0.011167 0.082756
-0.267510 -0.011012 0.084331
-0.269523 -0.011069 0.083689
-0.262523 -0.047749 0.121005
-0.261124 -0.054884 0.119359
-0.263992 -0.036787 0.122602
-0.265278 -0.024150 0.123922
-0.266125 -0.011959 0.124749
-0.266436 0.000000 0.125031
-0.266125 0.011959 0.124749
-0.265278 0.024150 0.123922
-0.264303 0.036808 0.122764
-0.259768 -0.059334 0.117579
-0.258412 -0.062237 0.115559
-0.257084 -0.064172 0.113440
-0.255812 -0.065733 0.111356
-0.253397 -0.067661 0.107139
-0.248664 -0.070678 0.098628
-0.244122 -0.073411 0.090427
-0.242307 -0.074506 0.087150
-0.242166 -0.069533 0.086535
-0.242010 -0.073927 0.086535
-0.242130 -0.074457 0.086691
-0.256505 0.010998 0.085546
-0.252733 0.010998 0.085829
-0.267658 0.000000 0.084317
-0.262297 0.010998 0.085002
-0.267510 0.011012 0.084331
-0.249985 0.010998 0.085984
-0.247251 0.010998 0.086133
-0.243981 -0.010998 0.086302
-0.245083 0.000000 0.086253
-0.245069 0.010998 0.086253
-0.243494 -0.032987 0.086309
-0.243494 -0.021996 0.086309
-0.242999 -0.044860 0.086316
-0.242519 -0.058451 0.086542
0.296322 -0.084967 0.188504
0.298476 -0.083229 0.189196
0.299211 -0.081329 0.189860
0.252443 -0.108411 0.185135
0.237532 -0.112049 0.178891
0.238634 -0.111406 0.177888
0.236176 -0.113546 0.180628
0.276622 -0.103149 0.180600
0.260559 -0.107274 0.179046
0.290134 -0.099200 0.181928
0.289880 -0.096714 0.183065
0.298900 -0.086090 0.187113
0.301111 -0.089135 0.185488
0.302855 -0.092539 0.184054
0.298518 -0.077861 0.189952
0.299048 -0.079472 0.190213
0.247350 -0.110318 0.187402
0.297904 -0.076350 0.189889
0.297508 -0.074767 0.190828
0.297205 -0.073348 0.191994
0.296837 -0.072323 0.192615
0.296442 -0.071052 0.193039
0.191662 -0.135040 0.158251
0.172971 -0.135775 0.156556
0.153815 -0.136432 0.155186
0.160759 -0.136192 0.155652
0.238980 -0.114817 0.175846
0.238959 -0.119494 0.173727
0.238825 -0.125759 0.169524
0.214328 -0.134115 0.160243
0.238464 -0.133133 0.162058
0.194854 -0.127638 0.182677
0.214018 -0.119734 0.179209
0.213382 -0.122538 0.183235
0.238994 -0.112225 0.177047
0.178891 -0.129390 0.185269
0.180805 -0.127624 0.190772
0.178827 -0.130506 0.189345
0.235053 -0.115291 0.183666
0.181095 -0.127631 0.197206
0.181667 -0.127539 0.195426
0.148765 -0.130506 0.164757
0.149669 -0.132236 0.161938
0.148186 -0.129234 0.165279
0.290494 -0.070105 0.195667
0.278444 -0.070529 0.200371
0.261986 -0.072634 0.206163
0.261802 -0.072175 0.205626
0.242950 -0.074697 0.209532
0.242307 -0.074605 0.207554
0.241954 -0.074555 0.206481
0.223271 -0.074838 0.212188
0.175578 -0.023811 0.230582
0.175500 0.000000 0.231104
0.175684 -0.046125 0.229183
0.175663 -0.065451 0.227078
0.189790 -0.065027 0.223567
0.205796 -0.063946 0.219075
0.175578 0.023811 0.230582
0.119402 -0.132469 0.147161
0.118957 -0.130654 0.148885
0.148397 -0.138883 0.147140
0.147472 -0.135231 0.153490
0.148433 -0.139589 0.144357
0.146406 -0.131247 0.159791
0.138445 -0.135584 0.152713
0.136601 -0.133776 0.155715
0.131975 -0.132745 0.157368
0.126006 -0.132469 0.157728
0.121125 -0.130576 0.154931
0.119352 -0.130110 0.151407
0.147062 -0.131007 0.159784
0.147832 -0.131657 0.160441
0.147253 -0.129983 0.163068
0.147656 -0.129347 0.164488
0.146681 -0.130929 0.159636
0.136531 -0.131106 0.092158
0.141221 -0.133289 0.109838
0.144724 -0.136036 0.126720
0.137294 -0.130612 0.092440
0.147296 -0.138318 0.139441
0.131480 -0.129107 0.075770
0.131982 -0.128733 0.075890
0.132695 -0.128210 0.076046
0.128690 -0.129326 0.079330
0.129672 -0.129262 0.075226
0.126578 -0.127581 0.081089
0.126691 -0.138862 0.146575
0.132829 -0.138509 0.147493
0.137265 -0.137421 0.149570
0.121401 -0.135641 0.145925
0.120327 -0.126903 0.076985
-0.016225 -0.127899 0.071659
-0.006477 -0.127765 0.072083
0.029123 -0.127278 0.073637
0.052312 -0.126960 0.074640
0.009084 -0.127553 0.072761
0.073418 -0.126720 0.075523
0.087206 -0.126684 0.076018
0.096777 -0.126748 0.076293
0.105239 -0.126804 0.076540
0.112967 -0.126854 0.076766
-0.080891 -0.117452 0.031192
-0.079020 -0.116809 0.031242
-0.075283 -0.115524 0.031355
-0.070233 -0.114154 0.031475
-0.064440 -0.113235 0.031567
-0.056254 -0.112811 0.031694
-0.044013 -0.112932 0.031948
-0.033029 -0.113235 0.032196
-0.030105 -0.113313 0.032259
-0.028600 -0.113355 0.032294
-0.027449 -0.117071 0.035614
-0.025273 -0.122121 0.058514
-0.024864 -0.119536 0.049614
-0.024736 -0.119437 0.045750
-0.024751 -0.120327 0.044578
-0.024765 -0.120723 0.043744
-0.025210 -0.119515 0.042014
-0.024779 -0.120059 0.042268
-0.025683 -0.117855 0.038969
-0.026481 -0.115884 0.035494
-0.081788 -0.117699 0.031157
-0.082587 -0.117798 0.031115
-0.086429 -0.115545 0.028643
-0.084494 -0.115467 0.028720
-0.083350 -0.115425 0.028770
-0.088393 -0.115616 0.028565
-0.087644 -0.115637 0.038313
-0.088732 -0.119366 0.033898
-0.089502 -0.117636 0.030656
-0.089615 -0.115665 0.028522
-0.087390 -0.104858 0.054813
-0.087015 -0.101630 0.044938
-0.024546 -0.122898 0.058761
-0.093380 -0.085405 0.078158
-0.089332 -0.083908 0.066404
-0.162009 -0.058980 0.111031
-0.146137 -0.059962 0.112741
-0.131939 -0.060584 0.110466
-0.119416 -0.060916 0.105232
-0.108531 -0.061050 0.098091
-0.176750 -0.057843 0.106581
-0.187529 -0.056784 0.100620
-0.195617 -0.055703 0.093415
-0.099716 -0.060888 0.089057
-0.202264 -0.054495 0.085193
-0.207244 -0.053181 0.076124
-0.023733 -0.123739 0.058995
-0.023062 -0.124028 0.059079
-0.021431 -0.127963 0.070565
-0.021297 -0.126974 0.067280
-0.210337 -0.051769 0.066348
-0.215480 -0.028325 0.037677
-0.213431 -0.028558 0.037938
-0.212153 -0.028699 0.038101
-0.217627 -0.028085 0.037401
-0.219216 -0.027915 0.037196
-0.220445 -0.027788 0.037041
-0.221533 -0.027675 0.036893
-0.211496 -0.028798 0.038411
-0.211319 -0.028897 0.039125
-0.222995 -0.027519 0.036695
-0.225355 -0.027258 0.036370
-0.228356 -0.026926 0.035960
-0.211503 -0.029194 0.041837
-0.211934 -0.029879 0.048131
-0.231761 -0.026545 0.035501
-0.233273 -0.097561 0.064546
-0.233357 -0.093486 0.067329
-0.233407 -0.088513 0.068241
-0.233414 -0.083180 0.067202
-0.233372 -0.078455 0.064292
-0.233294 -0.075290 0.059588
-0.233188 -0.074033 0.054029
-0.233068 -0.075022 0.048548
-0.234226 -0.074690 0.048272
-0.233160 -0.100189 0.059969
-0.234043 -0.077734 0.043582
-0.233880 -0.082488 0.040749
-0.233746 -0.087870 0.039888
-0.233661 -0.092786 0.041117
-0.233633 -0.096926 0.044218
-0.233675 -0.099977 0.048986
-0.233040 -0.101022 0.054509
-0.235731 -0.026107 0.034964
-0.250126 -0.049989 0.032746
-0.245387 -0.038327 0.033552
-0.240421 -0.025591 0.034336
-0.261951 -0.045334 0.032153
-0.261499 -0.045192 0.031553
-0.259450 -0.052249 0.031496
-0.258136 -0.052644 0.031659
-0.257536 -0.057518 0.031659
-0.256455 -0.054891 0.031842
-0.254294 -0.047559 0.032224
-0.262226 -0.045369 0.033403
-0.261541 -0.052673 0.035459
-0.261068 -0.057532 0.037536
-0.261435 -0.057250 0.038871
-0.211814 -0.050306 0.056727
-0.211814 -0.030762 0.056734
0.193357 0.123456 0.171552
0.160999 0.128895 0.167278
0.174208 0.127850 0.168168
0.192982 0.125681 0.169722
0.175670 0.131332 0.182613
0.175811 0.131947 0.182147
0.176673 0.131954 0.182020
0.180791 0.128019 0.177146
0.180332 0.125794 0.174398
0.194190 0.121810 0.172929
0.194875 0.121274 0.174144
0.177683 0.122828 0.183447
0.177217 0.125356 0.180190
0.176270 0.128358 0.179364
0.176199 0.130590 0.183115
0.180197 0.118476 0.191160
0.181455 0.129538 0.198654
0.186336 0.128577 0.198266
0.197899 0.126303 0.197383
0.214569 0.121839 0.195659
0.180282 0.129510 0.198605
0.184436 0.117876 0.203761
0.181208 0.120518 0.192191
0.185340 0.115397 0.207201
0.184909 0.114450 0.208105
0.184075 0.118060 0.207724
0.182302 0.123167 0.204941
0.179858 0.128824 0.198174
0.152918 0.129213 0.166960
0.148751 0.128012 0.167540
0.149521 0.129199 0.167095
0.247824 0.107062 0.193625
0.234777 0.114323 0.192770
0.251603 0.107316 0.190044
0.296322 0.084967 0.188504
0.298476 0.083229 0.189196
0.299211 0.081329 0.189860
0.252443 0.108411 0.185135
0.237532 0.112049 0.178891
0.236176 0.113546 0.180628
0.238634 0.111406 0.177888
0.276629 0.103149 0.180600
0.260559 0.107274 0.179046
0.290134 0.099200 0.181928
0.289880 0.096714 0.183065
0.298900 0.086090 0.187113
0.302855 0.092539 0.184054
0.301111 0.089135 0.185488
0.298518 0.077861 0.189952
0.299048 0.079465 0.190213
0.297904 0.076350 0.189889
0.297508 0.074767 0.190828
0.297205 0.073348 0.191994
0.296837 0.072323 0.192615
0.296442 0.071052 0.193039
0.290494 0.070112 0.195667
0.278444 0.070529 0.200371
0.261986 0.072634 0.206163
0.261802 0.072175 0.205626
0.242950 0.074697 0.209532
0.242307 0.074605 0.207554
0.241954 0.074555 0.206481
0.223271 0.074838 0.212188
0.175684 0.046125 0.229183
0.175663 0.065451 0.227078
0.189790 0.065027 0.223567
0.205796 0.063946 0.219075
0.118957 0.130654 0.148885
0.119402 0.132469 0.147161
0.147472 0.135231 0.153490
0.148397 0.138883 0.147140
0.148433 0.139589 0.144357
0.146406 0.131247 0.159791
0.138445 0.135584 0.152713
0.136601 0.133776 0.155715
0.131975 0.132745 0.157368
0.126006 0.132469 0.157728
0.121125 0.130576 0.154931
0.119352 0.130110 0.151407
0.144724 0.136036 0.126720
0.141221 0.133289 0.109838
0.147296 0.138318 0.139441
0.136531 0.131106 0.092158
0.131982 0.128733 0.075890
0.131480 0.129107 0.075770
0.132695 0.128210 0.076046
0.128690 0.129326 0.079330
0.129672 0.129262 0.075226
0.137294 0.130612 0.092440
0.126578 0.127581 0.081089
0.126691 0.138862 0.146575
0.132829 0.138509 0.147493
0.137265 0.137421 0.149570
0.121401 0.135641 0.145925
0.147253 0.129983 0.163068
0.147656 0.129347 0.164488
0.148186 0.129234 0.165279
0.148553 0.128704 0.166247
0.147832 0.131657 0.160441
0.147062 0.131007 0.159784
0.146681 0.130929 0.159636
0.120327 0.126903 0.076985
-0.016225 0.127899 0.071659
-0.006477 0.127765 0.072083
0.052312 0.126960 0.074640
0.029123 0.127278 0.073637
0.009084 0.127553 0.072761
0.073418 0.126720 0.075523
0.087206 0.126684 0.076018
0.096777 0.126748 0.076293
0.105239 0.126804 0.076540
0.112967 0.126854 0.076766
-0.269530 0.022328 0.082792
-0.272857 0.011711 0.075269
-0.273033 0.011669 0.077473
-0.272539 0.011740 0.073037
-0.271917 0.023472 0.073001
-0.270759 0.035212 0.072966
-0.272800 0.011605 0.078652
-0.269367 0.044656 0.071603
-0.259118 0.059892 0.046994
-0.260976 0.057928 0.054163
-0.262961 0.054629 0.062449
-0.264606 0.051154 0.069074
-0.265433 0.048689 0.071292
-0.266111 0.044281 0.071320
-0.268498 0.044528 0.071108
-0.260185 0.060859 0.041406
-0.257903 0.060414 0.042035
-0.260149 0.059786 0.039725
-0.272164 0.011499 0.079627
-0.271140 0.011330 0.081195
-0.079020 0.116809 0.031242
-0.075283 0.115524 0.031355
-0.070233 0.114154 0.031475
-0.064440 0.113235 0.031567
-0.056254 0.112811 0.031694
-0.044013 0.112932 0.031948
-0.033029 0.113235 0.032196
-0.030105 0.113313 0.032259
-0.028600 0.113355 0.032294
-0.080898 0.117452 0.031185
-0.027449 0.117071 0.035614
-0.026439 0.119317 0.039273
-0.025273 0.122121 0.058514
-0.025294 0.119388 0.049360
-0.024864 0.119536 0.049614
-0.025160 0.119091 0.045461
-0.025174 0.119790 0.044288
-0.025189 0.120136 0.043469
-0.025648 0.120087 0.042077
-0.081788 0.117699 0.031157
-0.082587 0.117798 0.031115
-0.084494 0.115467 0.028720
-0.086429 0.115545 0.028643
-0.083350 0.115425 0.028770
-0.088393 0.115616 0.028565
-0.087644 0.115637 0.038313
-0.088732 0.119366 0.033898
-0.089502 0.117636 0.030656
-0.089615 0.115665 0.028522
-0.087390 0.104858 0.054813
-0.087015 0.101630 0.044938
-0.093380 0.085405 0.078158
-0.089332 0.083908 0.066404
-0.146137 0.059962 0.112741
-0.131939 0.060584 0.110459
-0.119416 0.060916 0.105232
-0.108531 0.061050 0.098084
-0.162009 0.058980 0.111031
-0.176750 0.057843 0.106581
-0.187529 0.056784 0.100627
-0.195617 0.055703 0.093415
-0.099716 0.060888 0.089057
-0.202264 0.054495 0.085193
-0.207244 0.053181 0.076124
-0.210337 0.051769 0.066348
-0.213431 0.028558 0.037938
-0.215480 0.028325 0.037677
-0.212153 0.028699 0.038101
-0.211496 0.028798 0.038411
-0.217627 0.028085 0.037401
-0.219216 0.027915 0.037196
-0.220445 0.027788 0.037041
-0.221533 0.027675 0.036893
-0.211319 0.028897 0.039125
-0.211503 0.029194 0.041837
-0.222995 0.027519 0.036695
-0.225355 0.027258 0.036370
-0.228356 0.026926 0.035960
-0.231761 0.026545 0.035501
-0.235731 0.026107 0.034964
-0.233273 0.097561 0.064546
-0.233357 0.093486 0.067329
-0.233160 0.100189 0.059969
-0.233407 0.088513 0.068241
-0.233414 0.083180 0.067202
-0.233372 0.078455 0.064292
-0.233294 0.075290 0.059588
-0.233188 0.074033 0.054029
-0.233068 0.075022 0.048548
-0.234226 0.074690 0.048272
-0.233880 0.082488 0.040749
-0.233746 0.087870 0.039888
-0.233661 0.092786 0.041117
-0.233633 0.096926 0.044218
-0.233675 0.099970 0.048986
-0.233040 0.101022 0.054509
-0.234043 0.077734 0.043582
-0.250126 0.049996 0.032746
-0.245387 0.038327 0.033552
-0.240421 0.025591 0.034336
-0.261951 0.045334 0.032153
-0.261499 0.045192 0.031553
-0.259450 0.052249 0.031496
-0.257536 0.057518 0.031659
-0.258136 0.052651 0.031659
-0.256455 0.054898 0.031842
-0.262226 0.045369 0.033403
-0.261541 0.052680 0.035459
-0.261068 0.057532 0.037536
-0.261435 0.057250 0.038871
-0.254294 0.047559 0.032224
-0.211934 0.029879 0.048131
-0.211814 0.050306 0.056727
-0.211814 0.030769 0.056734
-0.024546 0.122898 0.058761
-0.023733 0.123739 0.058995
-0.023062 0.124028 0.059079
-0.021431 0.127963 0.070565
-0.021297 0.126974 0.067280
-0.266980 0.022031 0.084367
-0.262000 0.021996 0.085017
-0.268915 0.022130 0.083731
-0.245005 0.032987 0.086253
-0.245033 0.021996 0.086253
-0.243910 0.044860 0.086295
-0.243133 0.058479 0.086302
-0.261407 0.055018 0.119494
-0.262819 0.047799 0.121161
-0.260015 0.059560 0.117671
-0.258631 0.062512 0.115602
-0.257282 0.064469 0.113440
-0.255996 0.066030 0.111342
-0.253587 0.067937 0.107132
-0.248862 0.070946 0.098628
-0.244327 0.073673 0.090427
-0.242519 0.074767 0.087143
-0.242349 0.069597 0.086316
-0.242173 0.073997 0.086316
-0.242208 0.074711 0.086528
-0.273026 0.000000 0.075276
-0.272715 0.000000 0.073058
-0.272539 0.000000 0.071787
-0.272355 -0.011754 0.071758
-0.273203 0.000000 0.077459
-0.271734 -0.023500 0.071702
-0.272963 0.000000 0.078638
-0.270568 -0.035254 0.071645
-0.272334 0.000000 0.079613
-0.258355 -0.057667 0.054629
-0.256498 -0.059630 0.047460
-0.260340 -0.054368 0.062915
-0.261986 -0.050900 0.069540
-0.262819 -0.048427 0.071758
-0.263490 -0.044020 0.071787
-0.267298 -0.034971 0.071377
-0.264677 -0.034710 0.071843
-0.269692 -0.035198 0.071165
-0.257826 -0.059418 0.040389
-0.255155 -0.059157 0.040855
-0.255269 -0.060153 0.042501
-0.260820 -0.057024 0.039739
-0.258461 -0.056741 0.040403
-0.271310 0.000000 0.081181
-0.270300 0.000000 0.082742
-0.269692 0.000000 0.083674
-0.260835 -0.054544 0.118928
-0.259556 -0.058761 0.117247
-0.262184 -0.047608 0.120518
-0.263639 -0.036737 0.122107
-0.264917 -0.024122 0.123442
-0.265751 -0.011951 0.124254
-0.266054 0.000000 0.124530
-0.265751 0.011951 0.124254
-0.263992 0.036787 0.122602
-0.264917 0.024122 0.123442
-0.258313 -0.061467 0.115404
-0.257077 -0.063282 0.113440
-0.255819 -0.064857 0.111392
-0.253390 -0.066835 0.107161
-0.248636 -0.069872 0.098635
-0.244087 -0.072620 0.090434
-0.242265 -0.073722 0.087157
-0.242413 -0.069364 0.087171
-0.269523 0.011069 0.083689
-0.243494 -0.010998 0.086309
-0.243981 0.000000 0.086302
-0.243981 0.010998 0.086302
-0.243981 0.021996 0.086302
-0.243098 -0.032987 0.086316
-0.243098 -0.021996 0.086316
-0.242865 -0.044875 0.086556
-0.243169 -0.044945 0.087249
-0.242794 -0.058401 0.087206
0.306310 -0.079366 0.187685
0.305886 -0.075262 0.188575
0.276629 -0.106624 0.179406
0.290247 -0.102993 0.180699
0.260566 -0.110339 0.177866
0.304487 -0.098783 0.182020
0.304042 -0.094750 0.183235
0.315626 -0.084713 0.184739
0.313472 -0.083003 0.185333
0.310300 -0.080362 0.186385
0.304311 -0.072528 0.188497
0.305116 -0.073807 0.188765
0.303392 -0.071236 0.188561
0.302276 -0.069738 0.189754
0.301181 -0.068375 0.191195
0.300306 -0.067471 0.191994
0.299486 -0.066439 0.192559
0.296032 -0.068898 0.193611
0.191167 -0.140204 0.150573
0.214067 -0.139858 0.152600
0.172420 -0.140437 0.148850
0.150954 -0.136651 0.154804
0.154514 -0.140691 0.147677
0.160766 -0.140592 0.148009
0.260587 -0.116280 0.175613
0.260601 -0.123915 0.171213
0.260580 -0.132060 0.163598
0.238196 -0.139349 0.154359
0.179816 -0.129368 0.189867
0.148051 -0.130590 0.163965
0.148772 -0.132271 0.161267
0.290558 -0.067923 0.196020
0.278507 -0.069420 0.200533
0.278331 -0.068947 0.199989
0.261209 -0.071942 0.203825
0.260566 -0.071850 0.201847
0.260213 -0.071794 0.200773
0.241848 -0.072486 0.206650
0.223292 -0.062328 0.213919
0.189783 -0.045835 0.225694
0.189747 -0.023663 0.227078
0.189719 0.000000 0.227580
0.189747 0.023663 0.227078
0.205810 -0.045178 0.221201
0.189783 0.045835 0.225694
0.122531 -0.129806 0.148581
0.122305 -0.132363 0.145968
0.148758 -0.139229 0.144435
0.148708 -0.138523 0.147147
0.147769 -0.134892 0.153405
0.147649 -0.137979 0.139575
0.136616 -0.133006 0.151166
0.135054 -0.131360 0.153886
0.131141 -0.130428 0.155390
0.126098 -0.130181 0.155722
0.122121 -0.128902 0.152127
0.148179 -0.134998 0.153511
0.150064 -0.136531 0.154416
0.149040 -0.135761 0.153914
0.133373 -0.127708 0.076194
0.137739 -0.130315 0.092610
0.141680 -0.132992 0.110028
0.145141 -0.135718 0.126896
0.133776 -0.127419 0.076300
0.128669 -0.125349 0.063021
0.128245 -0.125724 0.063070
0.129291 -0.124819 0.062872
0.129884 -0.124318 0.062752
0.122354 -0.128351 0.071405
0.126211 -0.125907 0.063028
0.122206 -0.128549 0.075000
0.126691 -0.135973 0.145622
0.131876 -0.135648 0.146441
0.135627 -0.134666 0.148320
0.114542 -0.128408 0.074838
-0.016147 -0.127949 0.070748
-0.006392 -0.127920 0.071094
0.052404 -0.127772 0.073171
0.029208 -0.127829 0.072352
0.009168 -0.127885 0.071645
0.073616 -0.127779 0.073877
0.087715 -0.127913 0.074266
0.097681 -0.128097 0.074478
0.106497 -0.128259 0.074668
-0.081654 -0.114994 0.028819
-0.079782 -0.114196 0.028862
-0.076039 -0.112614 0.028953
-0.065182 -0.109774 0.029165
-0.070988 -0.110911 0.029066
-0.056904 -0.109259 0.029307
-0.044422 -0.109407 0.029561
-0.033199 -0.109774 0.029794
-0.030204 -0.109873 0.029857
-0.028671 -0.109922 0.029886
-0.027512 -0.113066 0.032344
-0.024143 -0.120426 0.050144
-0.024016 -0.120723 0.046365
-0.024030 -0.122001 0.045178
-0.024044 -0.122496 0.044309
-0.024058 -0.121740 0.042741
-0.024087 -0.119268 0.039464
-0.024814 -0.117777 0.039160
-0.025238 -0.117318 0.038962
-0.025725 -0.114669 0.035402
-0.026538 -0.112147 0.032436
-0.082551 -0.115298 0.028798
-0.083745 -0.114182 0.027541
-0.084896 -0.114231 0.027512
-0.086832 -0.114309 0.027463
-0.082947 -0.114048 0.027562
-0.088788 -0.114394 0.027414
-0.088732 -0.112917 0.033898
-0.087644 -0.098995 0.038313
-0.089714 -0.116513 0.030642
-0.090258 -0.115319 0.028494
-0.090010 -0.114443 0.027378
-0.087390 -0.081577 0.054813
-0.087015 -0.079062 0.044938
-0.023338 -0.121365 0.050645
-0.093380 -0.060330 0.078158
-0.089332 -0.059270 0.066404
-0.162009 -0.036066 0.111031
-0.146137 -0.036667 0.112741
-0.131939 -0.037048 0.110459
-0.119416 -0.037253 0.105232
-0.108538 -0.037338 0.098084
-0.176750 -0.035374 0.106581
-0.187529 -0.034724 0.100627
-0.195617 -0.034060 0.093415
-0.099716 -0.037232 0.089057
-0.202264 -0.033326 0.085193
-0.207244 -0.032520 0.076116
-0.022667 -0.121690 0.050822
-0.020901 -0.124050 0.059143
-0.016006 -0.127002 0.067442
-0.210337 -0.031659 0.066348
-0.215543 -0.013470 0.037649
-0.213467 -0.013541 0.037924
-0.212167 -0.013590 0.038094
-0.211496 -0.013626 0.038418
-0.217747 -0.013385 0.037359
-0.219428 -0.013329 0.037140
-0.220742 -0.013286 0.036963
-0.221872 -0.013244 0.036822
-0.211319 -0.013668 0.039146
-0.211503 -0.013809 0.041865
-0.223320 -0.013195 0.036631
-0.225616 -0.013110 0.036328
-0.228526 -0.012997 0.035946
-0.211934 -0.014127 0.048152
-0.211814 -0.014551 0.056741
-0.231832 -0.012870 0.035508
-0.231592 -0.096777 0.063360
-0.231641 -0.092942 0.066016
-0.231662 -0.088315 0.066976
-0.231641 -0.083448 0.066072
-0.231592 -0.079168 0.063445
-0.231514 -0.076300 0.059256
-0.231415 -0.075142 0.054290
-0.231323 -0.076018 0.049339
-0.231245 -0.078659 0.045157
-0.232955 -0.077967 0.043985
-0.231507 -0.099235 0.059171
-0.232877 -0.082565 0.041194
-0.232828 -0.087792 0.040312
-0.232821 -0.092624 0.041477
-0.232856 -0.096714 0.044472
-0.232934 -0.099687 0.049077
-0.231415 -0.100019 0.054234
-0.235738 -0.012728 0.035000
-0.250366 -0.037048 0.032895
-0.245493 -0.025047 0.033665
-0.240442 -0.012559 0.034378
-0.263286 -0.035063 0.032118
-0.262777 -0.034979 0.031517
-0.260524 -0.044825 0.031461
-0.259055 -0.044825 0.031645
-0.257119 -0.045786 0.031878
-0.254703 -0.035939 0.032330
-0.263568 -0.035113 0.033382
-0.262692 -0.045433 0.035459
-0.262035 -0.052623 0.037550
-0.262346 -0.052588 0.038892
-0.210337 -0.014975 0.066348
0.215395 0.119409 0.173635
0.215254 0.122764 0.171672
0.173812 0.130576 0.164319
0.160872 0.131283 0.163422
0.192580 0.129269 0.165823
0.214978 0.127595 0.167660
0.177344 0.131939 0.189408
0.177605 0.132731 0.189387
0.181829 0.130732 0.182203
0.178615 0.132787 0.189366
0.194819 0.122404 0.175493
0.194614 0.124685 0.177994
0.215635 0.117304 0.174907
0.215600 0.116640 0.175910
0.214908 0.117608 0.177054
0.179738 0.121097 0.187699
0.178227 0.126296 0.182691
0.177316 0.130159 0.183355
0.177775 0.131007 0.189401
0.183623 0.131671 0.189324
0.195843 0.128945 0.189239
0.213424 0.123929 0.188822
0.234481 0.115983 0.187784
0.181970 0.123174 0.194960
0.184097 0.121697 0.203832
0.184987 0.117459 0.207251
0.179187 0.128281 0.186314
0.183164 0.122990 0.204235
0.180141 0.128026 0.197616
0.152007 0.131198 0.163619
0.149287 0.129962 0.165717
0.247350 0.110318 0.187402
0.306310 0.079366 0.187685
0.305886 0.075262 0.188575
0.235053 0.115291 0.183666
0.214018 0.119734 0.179209
0.238994 0.112225 0.177047
0.290247 0.102993 0.180699
0.276629 0.106624 0.179406
0.260566 0.110339 0.177866
0.304487 0.098783 0.182020
0.304042 0.094750 0.183235
0.313472 0.083003 0.185333
0.315626 0.084713 0.184739
0.310300 0.080362 0.186385
0.304311 0.072528 0.188497
0.305116 0.073807 0.188765
0.303392 0.071236 0.188561
0.302276 0.069738 0.189754
0.301181 0.068375 0.191195
0.300306 0.067471 0.191994
0.299486 0.066439 0.192559
0.296032 0.068905 0.193618
0.290558 0.067930 0.196020
0.278507 0.069427 0.200533
0.278331 0.068947 0.199989
0.261209 0.071942 0.203825
0.260566 0.071850 0.201847
0.260213 0.071794 0.200773
0.241848 0.072486 0.206650
0.223292 0.062328 0.213919
0.205810 0.045178 0.221201
0.122531 0.129806 0.148581
0.122305 0.132363 0.145968
0.148758 0.139229 0.144435
0.148708 0.138523 0.147147
0.147762 0.134892 0.153413
0.147649 0.137979 0.139575
0.136616 0.132999 0.151166
0.135054 0.131360 0.153886
0.131141 0.130428 0.155390
0.126098 0.130181 0.155722
0.122121 0.128902 0.152127
0.137739 0.130315 0.092610
0.141680 0.132992 0.110028
0.145141 0.135718 0.126896
0.133373 0.127708 0.076194
0.128669 0.125349 0.063021
0.129291 0.124819 0.062872
0.128245 0.125724 0.063070
0.129884 0.124318 0.062752
0.126211 0.125907 0.063028
0.122354 0.128351 0.071405
0.122199 0.128549 0.075000
0.133776 0.127419 0.076300
0.126691 0.135973 0.145622
0.131876 0.135648 0.146441
0.135627 0.134666 0.148320
0.148765 0.130506 0.164757
0.148051 0.130590 0.163965
0.148772 0.132271 0.161267
0.150064 0.136531 0.154416
0.149047 0.135761 0.153914
0.148179 0.134998 0.153511
0.114542 0.128408 0.074838
-0.016147 0.127949 0.070748
-0.006392 0.127920 0.071094
0.052404 0.127772 0.073171
0.029208 0.127829 0.072352
0.009168 0.127885 0.071645
0.073616 0.127779 0.073877
0.087715 0.127913 0.074266
0.097681 0.128097 0.074478
0.106497 0.128259 0.074668
-0.270130 0.011167 0.082756
-0.272355 0.011754 0.071758
-0.271734 0.023500 0.071702
-0.270568 0.035254 0.071645
-0.256498 0.059630 0.047460
-0.258355 0.057667 0.054629
-0.260340 0.054368 0.062915
-0.261986 0.050900 0.069540
-0.262819 0.048427 0.071758
-0.263490 0.044020 0.071787
-0.267298 0.034971 0.071377
-0.264677 0.034710 0.071843
-0.269692 0.035198 0.071165
-0.257826 0.059418 0.040389
-0.255155 0.059157 0.040855
-0.255269 0.060153 0.042501
-0.260820 0.057024 0.039739
-0.258461 0.056741 0.040403
-0.079782 0.114196 0.028862
-0.081654 0.114994 0.028819
-0.076039 0.112614 0.028953
-0.065182 0.109774 0.029165
-0.070988 0.110911 0.029066
-0.056904 0.109259 0.029307
-0.044422 0.109407 0.029561
-0.033199 0.109774 0.029794
-0.030204 0.109873 0.029857
-0.028671 0.109922 0.029886
-0.027512 0.113066 0.032344
-0.026481 0.115884 0.035494
-0.025683 0.117855 0.038969
-0.024143 0.120426 0.050144
-0.024736 0.119437 0.045750
-0.024016 0.120723 0.046365
-0.024751 0.120327 0.044578
-0.024765 0.120723 0.043744
-0.024779 0.120059 0.042268
-0.025210 0.119515 0.042014
-0.082551 0.115298 0.028798
-0.083745 0.114182 0.027541
-0.084896 0.114231 0.027512
-0.086832 0.114309 0.027463
-0.082947 0.114048 0.027562
-0.088788 0.114394 0.027414
-0.088732 0.112917 0.033898
-0.087644 0.098995 0.038313
-0.089714 0.116513 0.030649
-0.090258 0.115319 0.028494
-0.090010 0.114443 0.027378
-0.087390 0.081577 0.054813
-0.087015 0.079062 0.044938
-0.093380 0.060330 0.078158
-0.089332 0.059270 0.066404
-0.146137 0.036667 0.112748
-0.131939 0.037048 0.110459
-0.119416 0.037253 0.105232
-0.108538 0.037338 0.098084
-0.162009 0.036066 0.111031
-0.176750 0.035374 0.106581
-0.187529 0.034724 0.100627
-0.195617 0.034060 0.093415
-0.099716 0.037232 0.089057
-0.202264 0.033326 0.085193
-0.207244 0.032520 0.076124
-0.210337 0.031659 0.066348
-0.215543 0.013470 0.037649
-0.213467 0.013541 0.037924
-0.212167 0.013590 0.038094
-0.211496 0.013626 0.038418
-0.211319 0.013668 0.039146
-0.217747 0.013385 0.037359
-0.219428 0.013329 0.037140
-0.220742 0.013286 0.036963
-0.221872 0.013244 0.036822
-0.211503 0.013809 0.041865
-0.211934 0.014134 0.048152
-0.223320 0.013195 0.036631
-0.225616 0.013110 0.036328
-0.228526 0.012997 0.035946
-0.231832 0.012870 0.035508
-0.235738 0.012728 0.035000
-0.231592 0.096777 0.063360
-0.231641 0.092942 0.066016
-0.231507 0.099235 0.059171
-0.231662 0.088315 0.066976
-0.231641 0.083448 0.066072
-0.231592 0.079168 0.063445
-0.231514 0.076300 0.059256
-0.231415 0.075142 0.054290
-0.231323 0.076018 0.049339
-0.231245 0.078659 0.045157
-0.232955 0.077967 0.043985
-0.232877 0.082565 0.041194
-0.232828 0.087792 0.040312
-0.232821 0.092624 0.041477
-0.232856 0.096714 0.044472
-0.232934 0.099687 0.049077
-0.231415 0.100019 0.054234
-0.250366 0.037048 0.032895
-0.245493 0.025047 0.033665
-0.240442 0.012559 0.034378
-0.263286 0.035063 0.032118
-0.262777 0.034979 0.031517
-0.260524 0.044825 0.031461
-0.259055 0.044825 0.031645
-0.257119 0.045793 0.031878
-0.263568 0.035113 0.033382
-0.262692 0.045433 0.035459
-0.262035 0.052623 0.037550
-0.262346 0.052588 0.038892
-0.254703 0.035939 0.032330
-0.211814 0.014551 0.056741
-0.210337 0.014975 0.066348
-0.023338 0.121365 0.050645
-0.022667 0.121690 0.050822
-0.020901 0.124050 0.059143
-0.016006 0.127002 0.067442
-0.243981 0.032987 0.086302
-0.243402 0.044860 0.086309
-0.242688 0.058472 0.086316
-0.259768 0.059334 0.117579
-0.261124 0.054884 0.119359
-0.262523 0.047749 0.121005
-0.258412 0.062237 0.115559
-0.257084 0.064172 0.113440
-0.255812 0.065733 0.111356
-0.253397 0.067661 0.107139
-0.248664 0.070678 0.098628
-0.244122 0.073411 0.090427
-0.242307 0.074506 0.087150
-0.242166 0.069533 0.086535
-0.242010 0.073927 0.086535
-0.242130 0.074457 0.086691
-0.271663 0.000000 0.071327
-0.271486 -0.011718 0.071292
-0.270858 -0.023451 0.071229
-0.256794 -0.057511 0.054912
-0.258786 -0.054213 0.063190
-0.254937 -0.059475 0.047735
-0.260432 -0.050744 0.069823
-0.261258 -0.048279 0.072041
-0.261936 -0.043864 0.072062
-0.263116 -0.034555 0.072119
-0.268470 -0.023246 0.071447
-0.265843 -0.023020 0.071914
-0.264282 -0.022886 0.072189
-0.255763 -0.056487 0.040870
-0.253566 -0.059002 0.041138
-0.254160 -0.056332 0.041152
-0.253700 -0.059998 0.042777
-0.261718 -0.052489 0.039768
-0.259365 -0.052249 0.040432
-0.256695 -0.051988 0.040898
-0.261534 -0.047432 0.119381
-0.260291 -0.054368 0.117947
-0.259457 -0.057652 0.116915
-0.258525 -0.059270 0.115496
-0.262932 -0.036603 0.120899
-0.264183 -0.024051 0.122199
-0.264988 -0.011916 0.122997
-0.265285 0.000000 0.123265
-0.264988 0.011916 0.122997
-0.263632 0.036737 0.122107
-0.264183 0.024051 0.122199
-0.262184 0.047608 0.120518
-0.257338 -0.060711 0.113574
-0.256074 -0.062039 0.111491
-0.253609 -0.063720 0.107210
-0.248827 -0.066228 0.098670
-0.244249 -0.068467 0.090462
-0.243494 0.000000 0.086309
-0.243098 -0.010998 0.086316
-0.243494 0.010998 0.086309
-0.243494 0.021996 0.086309
-0.243494 0.032987 0.086309
-0.242985 -0.033015 0.086556
-0.242992 -0.022010 0.086563
-0.243317 -0.033093 0.087277
-0.245295 -0.033453 0.090667
-0.245090 -0.045235 0.090611
-0.244659 -0.058126 0.090533
0.316170 -0.061587 0.187770
0.312949 -0.060111 0.188568
0.311240 -0.059065 0.189055
0.276643 -0.113525 0.177033
0.290127 -0.110798 0.178220
0.304028 -0.107676 0.179399
0.319893 -0.089156 0.183955
0.318310 -0.104349 0.180529
0.322181 -0.064003 0.186675
0.319653 -0.063035 0.187021
0.326801 -0.064087 0.186788
0.309269 -0.057568 0.188879
0.310265 -0.058267 0.189175
0.308090 -0.056840 0.188999
0.306564 -0.055957 0.190362
0.305059 -0.055138 0.191972
0.303957 -0.054622 0.192841
0.302919 -0.054050 0.193413
0.298540 -0.064667 0.193314
0.295693 -0.066807 0.194141
0.192015 -0.141984 0.146377
0.172887 -0.141560 0.145155
0.214971 -0.142330 0.147910
0.160992 -0.141475 0.144520
0.151979 -0.140762 0.147500
0.154635 -0.141546 0.144251
0.151181 -0.140486 0.147387
0.276784 -0.122171 0.172491
0.277180 -0.130880 0.164785
0.264861 -0.139088 0.154204
0.261774 -0.141398 0.148998
0.238344 -0.142167 0.149478
0.290586 -0.066786 0.196203
0.290395 -0.066291 0.195674
0.277745 -0.068707 0.198188
0.277102 -0.068615 0.196210
0.276756 -0.068566 0.195144
0.260213 -0.069773 0.200915
0.241926 -0.060287 0.208402
0.223370 -0.044119 0.216038
0.205824 0.000000 0.223045
0.205824 -0.023359 0.222557
0.205824 0.023359 0.222557
0.126458 -0.129778 0.148786
0.126635 -0.132582 0.145805
0.148164 -0.138134 0.139575
0.149238 -0.139384 0.144428
0.149160 -0.138664 0.147183
0.145713 -0.135923 0.126981
0.133889 -0.130541 0.149634
0.133642 -0.132427 0.147875
0.133260 -0.129955 0.152070
0.130421 -0.128782 0.152530
0.126246 -0.128620 0.152713
0.150114 -0.139554 0.147274
0.130251 -0.124021 0.062773
0.134285 -0.127652 0.076399
0.138304 -0.130562 0.092737
0.142288 -0.133232 0.110191
0.130753 -0.124233 0.062957
0.125893 -0.123350 0.054382
0.126260 -0.122962 0.054177
0.126818 -0.122312 0.053746
0.127369 -0.121690 0.053372
0.120751 -0.125872 0.062901
0.123986 -0.123513 0.054417
0.114690 -0.128203 0.071221
0.130894 -0.132349 0.146413
0.106638 -0.128040 0.071031
-0.006258 -0.127052 0.067739
0.009303 -0.127129 0.068227
0.029342 -0.127228 0.068848
0.052531 -0.127348 0.069562
0.073743 -0.127489 0.070197
0.087849 -0.127673 0.070579
0.097823 -0.127871 0.070819
-0.082057 -0.113709 0.027583
-0.080178 -0.112833 0.027618
-0.076434 -0.111088 0.027696
-0.065571 -0.107966 0.027908
-0.057243 -0.107394 0.028063
-0.071384 -0.109216 0.027802
-0.044641 -0.107556 0.028311
-0.033283 -0.107966 0.028537
-0.030260 -0.108079 0.028600
-0.028706 -0.108135 0.028628
-0.027569 -0.109718 0.029992
-0.023218 -0.122036 0.046958
-0.023232 -0.123689 0.045750
-0.023260 -0.123421 0.043186
-0.023246 -0.124276 0.044839
-0.023281 -0.120779 0.039732
-0.024129 -0.115799 0.035692
-0.023324 -0.117092 0.035741
-0.024857 -0.114535 0.035607
-0.025287 -0.114189 0.035473
-0.025789 -0.111187 0.032556
-0.026594 -0.109011 0.030253
-0.083908 -0.113313 0.027046
-0.083109 -0.113172 0.027060
-0.085059 -0.113362 0.027018
-0.086994 -0.113447 0.026983
-0.088951 -0.113532 0.026940
-0.089714 -0.110226 0.030642
-0.088732 -0.096671 0.033898
-0.087644 -0.077014 0.038313
-0.090470 -0.114217 0.028487
-0.090646 -0.114111 0.027364
-0.090173 -0.113588 0.026912
-0.087390 -0.057624 0.054813
-0.087015 -0.055844 0.044938
-0.022547 -0.122481 0.047163
-0.093380 -0.036893 0.078158
-0.089332 -0.036243 0.066404
-0.162009 -0.017058 0.111031
-0.146137 -0.017341 0.112741
-0.131939 -0.017525 0.110466
-0.119416 -0.017616 0.105232
-0.108531 -0.017659 0.098091
-0.176750 -0.016726 0.106581
-0.187529 -0.016423 0.100620
-0.195617 -0.016112 0.093415
-0.099716 -0.017609 0.089057
-0.202264 -0.015759 0.085193
-0.207244 -0.015377 0.076124
-0.020512 -0.121711 0.050879
-0.015625 -0.124099 0.059291
-0.215579 0.000000 0.037649
-0.213488 0.000000 0.037924
-0.212174 0.000000 0.038094
-0.211503 0.000000 0.038418
-0.217811 0.000000 0.037352
-0.219534 0.000000 0.037126
-0.220890 0.000000 0.036949
-0.222035 0.000000 0.036801
-0.211319 0.000000 0.039153
-0.211503 0.000000 0.041880
-0.211934 0.000000 0.048159
-0.223476 0.000000 0.036610
-0.225736 0.000000 0.036314
-0.228604 0.000000 0.035939
-0.211814 0.000000 0.056741
-0.210337 0.000000 0.066348
-0.231860 0.000000 0.035508
-0.230023 -0.095937 0.062124
-0.230073 -0.092370 0.064631
-0.230087 -0.088110 0.065627
-0.230073 -0.083738 0.064864
-0.230031 -0.079938 0.062547
-0.229882 -0.076328 0.054544
-0.229960 -0.077374 0.058896
-0.229797 -0.077084 0.050158
-0.229720 -0.079401 0.046379
-0.231189 -0.082792 0.042494
-0.229670 -0.083046 0.043864
-0.229953 -0.098211 0.058345
-0.231175 -0.087566 0.041555
-0.231189 -0.092151 0.042529
-0.231245 -0.096057 0.045199
-0.231323 -0.098819 0.049339
-0.229868 -0.098953 0.053958
-0.235745 0.000000 0.035000
-0.250607 -0.024489 0.032987
-0.245599 -0.012368 0.033700
-0.240456 0.000000 0.034378
-0.264437 -0.023373 0.032104
-0.263872 -0.023366 0.031482
-0.261619 -0.034802 0.031440
-0.262586 -0.023380 0.031419
-0.259916 -0.034781 0.031659
-0.257748 -0.035176 0.031934
-0.255113 -0.024009 0.032400
-0.264720 -0.023409 0.033375
-0.264020 -0.035198 0.035438
-0.263158 -0.045496 0.037550
-0.263462 -0.045539 0.038906
-0.262834 -0.045482 0.039782
-0.207244 0.000000 0.076116
0.238980 0.114817 0.175846
0.238959 0.119494 0.173727
0.238825 0.125759 0.169524
0.191662 0.135040 0.158251
0.172971 0.135775 0.156556
0.153815 0.136432 0.155186
0.160759 0.136192 0.155652
0.214328 0.134115 0.160243
0.238464 0.133133 0.162058
0.194854 0.127638 0.182677
0.213382 0.122538 0.183235
0.178827 0.130506 0.189345
0.181963 0.126423 0.196472
0.179943 0.128874 0.190334
0.181095 0.127631 0.197206
0.149669 0.132236 0.161938
0.316170 0.061587 0.187770
0.312949 0.060111 0.188568
0.311240 0.059058 0.189055
0.290127 0.110798 0.178220
0.304028 0.107676 0.179399
0.276643 0.113525 0.177033
0.260587 0.116280 0.175613
0.319893 0.089156 0.183955
0.318310 0.104349 0.180529
0.322181 0.064003 0.186675
0.326801 0.064087 0.186788
0.319653 0.063035 0.187021
0.309269 0.057568 0.188879
0.310265 0.058267 0.189175
0.308090 0.056840 0.188999
0.306564 0.055957 0.190362
0.305059 0.055138 0.191972
0.303957 0.054622 0.192841
0.302919 0.054050 0.193413
0.298540 0.064667 0.193314
0.295693 0.066807 0.194141
0.290586 0.066786 0.196203
0.290395 0.066291 0.195674
0.277752 0.068707 0.198188
0.277102 0.068615 0.196210
0.276749 0.068566 0.195144
0.260213 0.069773 0.200915
0.241926 0.060280 0.208402
0.223370 0.044119 0.216038
0.126458 0.129778 0.148786
0.126635 0.132582 0.145805
0.149160 0.138664 0.147183
0.149238 0.139384 0.144428
0.148164 0.138134 0.139575
0.145713 0.135916 0.126981
0.133642 0.132427 0.147875
0.133889 0.130541 0.149634
0.133260 0.129955 0.152070
0.130421 0.128782 0.152530
0.126246 0.128620 0.152713
0.138304 0.130562 0.092737
0.134285 0.127652 0.076399
0.142288 0.133232 0.110191
0.130251 0.124021 0.062773
0.125893 0.123350 0.054382
0.126260 0.122962 0.054177
0.126818 0.122312 0.053746
0.127369 0.121690 0.053372
0.120751 0.125872 0.062901
0.123986 0.123513 0.054417
0.114690 0.128203 0.071221
0.130753 0.124233 0.062957
0.130894 0.132349 0.146413
0.150954 0.136651 0.154804
0.150114 0.139554 0.147274
0.151181 0.140486 0.147387
0.106638 0.128040 0.071031
-0.006258 0.127052 0.067739
0.009303 0.127129 0.068227
0.073743 0.127489 0.070197
0.052531 0.127348 0.069562
0.029342 0.127228 0.068848
0.087849 0.127673 0.070579
0.097823 0.127871 0.070819
-0.271486 0.011718 0.071292
-0.270858 0.023451 0.071229
-0.254944 0.059475 0.047735
-0.256794 0.057511 0.054912
-0.258786 0.054213 0.063190
-0.260432 0.050744 0.069823
-0.261258 0.048272 0.072041
-0.261936 0.043864 0.072062
-0.263116 0.034555 0.072119
-0.265843 0.023020 0.071914
-0.268470 0.023246 0.071447
-0.264282 0.022886 0.072189
-0.255763 0.056487 0.040870
-0.253566 0.059002 0.041138
-0.254160 0.056332 0.041152
-0.253700 0.059998 0.042777
-0.261718 0.052489 0.039768
-0.259365 0.052249 0.040432
-0.256695 0.051988 0.040898
-0.080178 0.112833 0.027618
-0.082050 0.113709 0.027583
-0.076434 0.111088 0.027696
-0.065578 0.107966 0.027908
-0.071384 0.109216 0.027802
-0.057250 0.107394 0.028063
-0.044641 0.107556 0.028311
-0.033283 0.107966 0.028537
-0.030260 0.108079 0.028600
-0.028706 0.108135 0.028628
-0.027569 0.109718 0.029992
-0.026538 0.112147 0.032436
-0.025725 0.114669 0.035402
-0.025238 0.117318 0.038969
-0.023218 0.122036 0.046958
-0.024030 0.122001 0.045178
-0.024044 0.122496 0.044309
-0.024058 0.121740 0.042741
-0.024087 0.119268 0.039464
-0.024814 0.117777 0.039160
-0.083109 0.113172 0.027060
-0.083908 0.113313 0.027046
-0.085059 0.113362 0.027018
-0.086994 0.113447 0.026983
-0.088951 0.113532 0.026940
-0.089714 0.110226 0.030642
-0.088732 0.096671 0.033898
-0.087644 0.077014 0.038313
-0.090470 0.114217 0.028487
-0.090646 0.114111 0.027364
-0.090173 0.113588 0.026912
-0.087390 0.057624 0.054813
-0.087015 0.055844 0.044938
-0.093380 0.036893 0.078158
-0.089332 0.036243 0.066404
-0.146137 0.017341 0.112741
-0.131939 0.017525 0.110459
-0.119416 0.017616 0.105232
-0.108531 0.017659 0.098084
-0.162009 0.017058 0.111031
-0.176750 0.016726 0.106581
-0.187529 0.016423 0.100627
-0.195617 0.016112 0.093415
-0.099716 0.017609 0.089057
-0.202264 0.015759 0.085193
-0.207244 0.015384 0.076124
-0.230023 0.095937 0.062124
-0.230073 0.092370 0.064631
-0.229953 0.098211 0.058345
-0.230087 0.088110 0.065627
-0.230073 0.083738 0.064864
-0.230031 0.079938 0.062547
-0.229960 0.077374 0.058896
-0.229882 0.076328 0.054544
-0.229797 0.077084 0.050158
-0.229720 0.079401 0.046379
-0.231189 0.082792 0.042494
-0.229670 0.083046 0.043864
-0.231175 0.087566 0.041555
-0.231189 0.092151 0.042529
-0.231238 0.096057 0.045199
-0.231323 0.098819 0.049339
-0.229868 0.098953 0.053958
-0.250607 0.024496 0.032987
-0.245599 0.012368 0.033700
-0.263872 0.023366 0.031482
-0.264437 0.023373 0.032104
-0.262586 0.023380 0.031419
-0.261619 0.034802 0.031440
-0.259916 0.034781 0.031659
-0.257748 0.035176 0.031941
-0.264720 0.023409 0.033375
-0.264020 0.035198 0.035438
-0.263158 0.045496 0.037550
-0.263462 0.045539 0.038906
-0.262834 0.045482 0.039782
-0.255113 0.024009 0.032400
-0.022547 0.122481 0.047163
-0.020512 0.121711 0.050879
-0.015625 0.124099 0.059291
-0.242999 0.044860 0.086316
-0.242519 0.058451 0.086542
-0.260835 0.054544 0.118928
-0.259556 0.058761 0.117247
-0.258313 0.061467 0.115404
-0.257077 0.063282 0.113440
-0.255819 0.064857 0.111392
-0.253390 0.066835 0.107161
-0.248636 0.069872 0.098642
-0.244087 0.072620 0.090434
-0.242265 0.073722 0.087157
-0.242413 0.069364 0.087171
-0.269268 0.000000 0.071546
-0.269092 -0.011605 0.071511
-0.255940 -0.057426 0.055060
-0.257924 -0.054128 0.063346
-0.259570 -0.050660 0.069971
-0.254082 -0.059390 0.047891
-0.260404 -0.048187 0.072189
-0.261075 -0.043780 0.072217
-0.262261 -0.034470 0.072274
-0.263427 -0.022808 0.072337
-0.266471 -0.011471 0.071977
-0.264903 -0.011393 0.072253
-0.255106 -0.051839 0.041173
-0.252690 -0.058917 0.041286
-0.253277 -0.056247 0.041300
-0.254230 -0.051747 0.041329
-0.252846 -0.059913 0.042932
-0.260510 -0.045256 0.040453
-0.257882 -0.044995 0.040912
-0.256314 -0.044839 0.041194
-0.261576 -0.036363 0.118575
-0.260312 -0.047283 0.117254
-0.259245 -0.054735 0.116167
-0.257939 -0.055343 0.113970
-0.262735 -0.023910 0.119783
-0.263498 -0.011860 0.120525
-0.263773 0.000000 0.120786
-0.263498 0.011860 0.120525
-0.262932 0.036603 0.120899
-0.262735 0.023910 0.119783
-0.261534 0.047432 0.119381
-0.256604 -0.055929 0.111710
-0.254103 -0.056586 0.107330
-0.249279 -0.057419 0.098755
-0.243098 0.000000 0.086316
-0.243098 0.010998 0.086316
-0.242992 -0.011005 0.086570
-0.243098 0.021996 0.086316
-0.243098 0.032987 0.086316
-0.243338 -0.022052 0.087291
-0.245380 -0.022250 0.090717
-0.250119 -0.034336 0.098953
-0.250352 -0.022737 0.099052
-0.249780 -0.045955 0.098861
0.323142 -0.039414 0.188462
0.319758 -0.039026 0.189041
0.316714 -0.038659 0.189719
0.315111 -0.038390 0.190157
0.290233 -0.120405 0.173544
0.303781 -0.118476 0.174561
0.317858 -0.116371 0.175507
0.332932 -0.100994 0.181575
0.334182 -0.084451 0.184902
0.332890 -0.114083 0.176383
0.325769 -0.039725 0.188299
0.330262 -0.039923 0.188497
0.336577 -0.062879 0.187409
0.314150 -0.038192 0.190256
0.313062 -0.038016 0.189924
0.311727 -0.037825 0.190037
0.310032 -0.037606 0.191478
0.308400 -0.037401 0.193166
0.307235 -0.037267 0.194035
0.306119 -0.037119 0.194565
0.301633 -0.053061 0.194155
0.297720 -0.062943 0.193992
0.295516 -0.065712 0.194416
0.173755 -0.140988 0.141730
0.191810 -0.141934 0.143086
0.214131 -0.143418 0.143411
0.161366 -0.140550 0.140472
0.238832 -0.143644 0.146264
0.151357 -0.141256 0.144166
0.152120 -0.141574 0.144138
0.154055 -0.140409 0.139554
0.150248 -0.140289 0.144301
0.291024 -0.129601 0.165760
0.280676 -0.137188 0.156372
0.284914 -0.139914 0.144357
0.288319 -0.138968 0.146681
0.260404 -0.142923 0.146024
0.281389 -0.141503 0.142224
0.295248 -0.065239 0.193922
0.289809 -0.066051 0.193872
0.289166 -0.065959 0.191895
0.288813 -0.065903 0.190828
0.277024 -0.066637 0.195151
0.260609 -0.057928 0.202553
0.242074 -0.042593 0.210528
0.223419 -0.022829 0.217373
0.223433 0.000000 0.217839
0.223419 0.022829 0.217373
0.130378 -0.129743 0.148991
0.149245 -0.139052 0.139406
0.146886 -0.136926 0.127016
0.143502 -0.134327 0.110417
0.127701 -0.121372 0.053323
0.128217 -0.121606 0.053598
0.139413 -0.131678 0.092899
0.135281 -0.128740 0.076519
0.131770 -0.125264 0.063296
0.129277 -0.122644 0.054205
0.124841 -0.123470 0.050547
0.125201 -0.123047 0.050285
0.125773 -0.122072 0.049770
0.126345 -0.121104 0.049310
0.118808 -0.123477 0.054326
0.113398 -0.125724 0.062724
0.122983 -0.123562 0.050603
0.105677 -0.125561 0.062540
-0.005891 -0.124191 0.059560
0.009642 -0.124339 0.059990
0.073877 -0.124975 0.061763
0.052807 -0.124749 0.061191
0.029653 -0.124530 0.060548
0.087651 -0.125187 0.062117
0.097222 -0.125385 0.062343
-0.082212 -0.112826 0.027074
-0.080340 -0.111921 0.027117
-0.076597 -0.110113 0.027187
-0.071546 -0.108185 0.027286
-0.065733 -0.106885 0.027399
-0.057384 -0.106299 0.027562
-0.044726 -0.106461 0.027802
-0.033319 -0.106885 0.028021
-0.030281 -0.107005 0.028085
-0.028720 -0.107062 0.028113
-0.027597 -0.107966 0.028763
-0.022568 -0.124254 0.045948
-0.022575 -0.124869 0.045030
-0.022589 -0.123986 0.043342
-0.022617 -0.121288 0.039831
-0.022653 -0.117530 0.035770
-0.022702 -0.113468 0.032422
-0.023373 -0.113101 0.032471
-0.024185 -0.112027 0.032633
-0.024913 -0.110996 0.032768
-0.025344 -0.110763 0.032704
-0.025838 -0.108255 0.030550
-0.026615 -0.107373 0.029116
-0.083964 -0.112056 0.026877
-0.083166 -0.111914 0.026891
-0.085115 -0.112105 0.026855
-0.087051 -0.112190 0.026820
-0.089007 -0.112282 0.026785
-0.090470 -0.108051 0.028487
-0.089714 -0.094362 0.030649
-0.088732 -0.075205 0.033898
-0.087644 -0.054403 0.038313
-0.090865 -0.113023 0.027357
-0.090809 -0.112522 0.026898
-0.090604 -0.113454 0.027025
-0.090229 -0.112331 0.026757
-0.087390 -0.035240 0.054813
-0.087015 -0.034152 0.044938
-0.020414 -0.124254 0.046005
-0.020392 -0.122488 0.047220
-0.093380 -0.017447 0.078158
-0.089332 -0.017143 0.066404
-0.162009 0.000000 0.111031
-0.146137 0.000000 0.112741
-0.131939 0.000000 0.110459
-0.119416 0.000000 0.105232
-0.108538 0.000000 0.098084
-0.176750 0.000000 0.106581
-0.187529 0.000000 0.100627
-0.195617 0.000000 0.093415
-0.099716 0.000000 0.089057
-0.202264 0.000000 0.085193
-0.015250 -0.121761 0.051020
-0.229501 -0.095407 0.061467
-0.229543 -0.092038 0.063854
-0.229557 -0.088026 0.064836
-0.229550 -0.083957 0.064144
-0.229508 -0.080425 0.062004
-0.229367 -0.077063 0.054615
-0.229289 -0.077762 0.050554
-0.229444 -0.078045 0.058627
-0.229218 -0.079903 0.047029
-0.229176 -0.083279 0.044641
-0.229656 -0.087347 0.042876
-0.229155 -0.087284 0.043660
-0.229430 -0.097547 0.057942
-0.229670 -0.091642 0.043660
-0.229713 -0.095358 0.045984
-0.229783 -0.097893 0.049628
-0.229352 -0.098246 0.053881
-0.250854 -0.012185 0.033008
-0.245655 0.000000 0.033700
-0.264501 -0.011697 0.031454
-0.263264 -0.011740 0.031376
-0.265051 -0.011690 0.032118
-0.260700 -0.023465 0.031666
-0.261393 -0.011817 0.031623
-0.258348 -0.023670 0.031977
-0.255523 -0.012022 0.032393
-0.265348 -0.011704 0.033418
-0.265172 -0.023465 0.035416
-0.264479 -0.035282 0.037528
-0.265638 -0.023522 0.037486
-0.264783 -0.035339 0.038885
-0.264154 -0.035289 0.039768
-0.261845 -0.035063 0.040439
0.260601 0.123915 0.171213
0.260580 0.132060 0.163598
0.214067 0.139858 0.152600
0.191167 0.140204 0.150573
0.172420 0.140437 0.148850
0.154514 0.140691 0.147677
0.160766 0.140592 0.148009
0.238196 0.139349 0.154359
0.319758 0.039026 0.189041
0.323142 0.039414 0.188462
0.316714 0.038659 0.189719
0.315111 0.038390 0.190157
0.290233 0.120405 0.173544
0.303781 0.118476 0.174561
0.317858 0.116371 0.175507
0.276784 0.122171 0.172491
0.332932 0.100994 0.181575
0.334182 0.084451 0.184902
0.332890 0.114083 0.176383
0.325769 0.039725 0.188299
0.330262 0.039923 0.188497
0.336577 0.062879 0.187409
0.313062 0.038016 0.189924
0.314150 0.038192 0.190256
0.311727 0.037825 0.190037
0.310032 0.037606 0.191478
0.308400 0.037401 0.193166
0.307235 0.037267 0.194035
0.306119 0.037119 0.194565
0.301633 0.053061 0.194155
0.297720 0.062943 0.193992
0.295516 0.065719 0.194416
0.295248 0.065239 0.193922
0.289809 0.066051 0.193872
0.289166 0.065959 0.191895
0.277024 0.066637 0.195151
0.288813 0.065903 0.190828
0.260609 0.057928 0.202553
0.242074 0.042593 0.210528
0.130371 0.129743 0.148984
0.150248 0.140289 0.144301
0.149245 0.139052 0.139406
0.146886 0.136919 0.127016
0.143502 0.134327 0.110417
0.139413 0.131678 0.092899
0.135288 0.128740 0.076519
0.131770 0.125272 0.063296
0.128217 0.121606 0.053598
0.127701 0.121372 0.053323
0.124834 0.123463 0.050547
0.125201 0.123047 0.050285
0.125773 0.122072 0.049770
0.126345 0.121104 0.049310
0.118808 0.123477 0.054326
0.113398 0.125724 0.062724
0.122983 0.123562 0.050603
0.129277 0.122644 0.054205
0.151979 0.140762 0.147500
0.151357 0.141256 0.144166
0.105677 0.125561 0.062540
-0.005891 0.124191 0.059560
0.009642 0.124339 0.059990
0.052807 0.124749 0.061191
0.073884 0.124975 0.061763
0.087651 0.125187 0.062117
0.029653 0.124530 0.060548
0.097222 0.125385 0.062343
-0.269092 0.011605 0.071511
-0.254082 0.059390 0.047891
-0.255940 0.057426 0.055060
-0.257924 0.054128 0.063346
-0.259570 0.050660 0.069971
-0.260404 0.048187 0.072189
-0.261075 0.043780 0.072217
-0.262261 0.034470 0.072274
-0.263427 0.022815 0.072337
-0.266471 0.011478 0.071977
-0.264903 0.011401 0.072253
-0.255106 0.051839 0.041173
-0.253277 0.056247 0.041300
-0.252690 0.058917 0.041286
-0.254230 0.051747 0.041329
-0.252846 0.059913 0.042932
-0.260510 0.045256 0.040453
-0.257882 0.044995 0.040912
-0.256314 0.044839 0.041194
-0.080340 0.111921 0.027117
-0.082212 0.112826 0.027074
-0.076597 0.110113 0.027187
-0.057384 0.106299 0.027562
-0.065733 0.106885 0.027399
-0.071546 0.108185 0.027286
-0.044726 0.106461 0.027802
-0.033319 0.106885 0.028021
-0.030281 0.107005 0.028085
-0.028720 0.107062 0.028113
-0.027597 0.107966 0.028763
-0.026594 0.109011 0.030253
-0.025789 0.111187 0.032556
-0.025287 0.114189 0.035473
-0.024857 0.114535 0.035607
-0.023232 0.123689 0.045750
-0.023246 0.124276 0.044839
-0.023260 0.123421 0.043186
-0.023281 0.120779 0.039732
-0.023324 0.117092 0.035741
-0.024129 0.115799 0.035692
-0.083166 0.111914 0.026891
-0.083964 0.112056 0.026877
-0.085115 0.112105 0.026855
-0.087051 0.112190 0.026820
-0.089007 0.112282 0.026785
-0.090470 0.108051 0.028487
-0.089714 0.094362 0.030642
-0.088732 0.075205 0.033898
-0.087644 0.054396 0.038313
-0.090865 0.113023 0.027357
-0.090604 0.113454 0.027025
-0.090809 0.112522 0.026898
-0.090229 0.112331 0.026757
-0.087390 0.035240 0.054813
-0.087015 0.034152 0.044938
-0.093380 0.017447 0.078158
-0.089332 0.017143 0.066404
-0.229501 0.095407 0.061467
-0.229543 0.092038 0.063854
-0.229430 0.097547 0.057942
-0.229557 0.088026 0.064836
-0.229550 0.083957 0.064144
-0.229508 0.080425 0.062004
-0.229444 0.078045 0.058627
-0.229367 0.077063 0.054615
-0.229289 0.077762 0.050554
-0.229218 0.079903 0.047029
-0.229176 0.083279 0.044641
-0.229649 0.087347 0.042876
-0.229155 0.087284 0.043660
-0.229670 0.091642 0.043660
-0.229713 0.095358 0.045984
-0.229783 0.097893 0.049628
-0.229352 0.098246 0.053881
-0.250854 0.012185 0.033008
-0.264501 0.011697 0.031461
-0.265051 0.011690 0.032118
-0.263264 0.011740 0.031376
-0.260700 0.023465 0.031666
-0.261393 0.011817 0.031623
-0.258348 0.023670 0.031977
-0.265348 0.011704 0.033418
-0.265172 0.023465 0.035416
-0.265638 0.023522 0.037486
-0.264479 0.035282 0.037528
-0.264783 0.035339 0.038885
-0.264154 0.035289 0.039768
-0.261845 0.035063 0.040439
-0.255523 0.012022 0.032393
-0.020392 0.122488 0.047220
-0.020414 0.124254 0.046005
-0.022568 0.124254 0.045948
-0.015250 0.121761 0.051020
-0.242865 0.044875 0.086556
-0.242794 0.058401 0.087206
-0.243169 0.044945 0.087249
-0.259457 0.057652 0.116915
-0.260291 0.054368 0.117947
-0.258525 0.059270 0.115496
-0.257338 0.060711 0.113574
-0.256074 0.062039 0.111491
-0.253609 0.063720 0.107210
-0.248827 0.066228 0.098670
-0.244249 0.068467 0.090462
-0.266641 0.000000 0.072013
-0.255424 -0.057377 0.055152
-0.257409 -0.054078 0.063437
-0.259062 -0.050603 0.070063
-0.259888 -0.048138 0.072281
-0.253566 -0.059334 0.047982
-0.260559 -0.043730 0.072309
-0.261746 -0.034421 0.072366
-0.262911 -0.022766 0.072429
-0.264041 -0.011358 0.072408
-0.265080 0.000000 0.072288
-0.255452 -0.044754 0.041343
-0.253707 -0.051698 0.041420
-0.252747 -0.056190 0.041392
-0.252168 -0.058867 0.041378
-0.254929 -0.044705 0.041435
-0.252323 -0.059863 0.043024
-0.259231 -0.034802 0.040898
-0.257670 -0.034647 0.041173
-0.256808 -0.034562 0.041329
-0.260870 -0.023733 0.116661
-0.259874 -0.036066 0.115665
-0.258807 -0.047149 0.114655
-0.257331 -0.047015 0.112091
-0.261541 -0.011775 0.117290
-0.261788 0.000000 0.117523
-0.261541 0.011775 0.117290
-0.261576 0.036363 0.118575
-0.260870 0.023733 0.116661
-0.260312 0.047283 0.117254
-0.254703 -0.046683 0.107507
-0.242999 0.000000 0.086570
-0.242992 0.011005 0.086570
-0.242992 0.022010 0.086563
-0.243359 -0.011019 0.087305
-0.242985 0.033015 0.086556
-0.245450 -0.011111 0.090759
-0.250529 -0.011323 0.099144
-0.255247 -0.035268 0.107754
-0.255699 -0.023253 0.108008
-0.256031 -0.011549 0.108213
0.325678 -0.018923 0.188992
0.322118 -0.018909 0.189592
0.318946 -0.018902 0.190305
0.317343 -0.018902 0.190729
0.304869 -0.128231 0.166685
0.319109 -0.126790 0.167533
0.334126 -0.125279 0.168295
0.348111 -0.111886 0.177188
0.347546 -0.097922 0.182507
0.347822 -0.081245 0.185884
0.349404 -0.123831 0.168995
0.328468 -0.018980 0.188871
0.332890 -0.019121 0.189090
0.339247 -0.039965 0.188984
0.349086 -0.061170 0.188236
0.315365 -0.018895 0.190425
0.316432 -0.018895 0.190800
0.314037 -0.018895 0.190510
0.312356 -0.018895 0.191937
0.310738 -0.018895 0.193625
0.309587 -0.018888 0.194473
0.308450 -0.018888 0.194988
0.304643 -0.036872 0.195250
0.306889 -0.018888 0.195681
0.300489 -0.052101 0.194826
0.297289 -0.062046 0.194346
0.219668 -0.145727 0.140176
0.200067 -0.144788 0.132674
0.195575 -0.142683 0.135415
0.174391 -0.140571 0.134793
0.188130 -0.141602 0.138106
0.161825 -0.139519 0.131155
0.259514 -0.145148 0.143298
0.239573 -0.145819 0.143573
0.150418 -0.140020 0.139229
0.151216 -0.140352 0.139208
0.152664 -0.138706 0.128274
0.294612 -0.136121 0.156612
0.290134 -0.138650 0.149704
0.301054 -0.139300 0.133649
0.306281 -0.137732 0.134871
0.312568 -0.136806 0.137562
0.303096 -0.137717 0.147847
0.279228 -0.143785 0.139745
0.298003 -0.141560 0.131572
0.296922 -0.061650 0.193887
0.294633 -0.065006 0.192135
0.296265 -0.061438 0.192114
0.293984 -0.064914 0.190164
0.278260 -0.055350 0.196415
0.289350 -0.064073 0.190708
0.293638 -0.064864 0.189090
0.261110 -0.040827 0.204560
0.242159 -0.022017 0.211849
0.242187 0.000000 0.212301
0.242159 0.022017 0.211849
0.148186 -0.137993 0.127059
0.144852 -0.135499 0.110678
0.140649 -0.132865 0.093090
0.128231 -0.122241 0.050229
0.127186 -0.121055 0.049536
0.126684 -0.120723 0.049233
0.136382 -0.129898 0.076639
0.132879 -0.126366 0.063628
0.130449 -0.123746 0.054813
0.129382 -0.123463 0.050914
0.124473 -0.124537 0.049282
0.124848 -0.124078 0.049028
0.125469 -0.122785 0.048519
0.126077 -0.121493 0.048074
0.126430 -0.121048 0.047997
0.111823 -0.123350 0.054170
0.117925 -0.123541 0.050525
0.122637 -0.124558 0.049339
0.104484 -0.123209 0.054008
-0.005531 -0.121860 0.051267
0.009974 -0.122015 0.051670
0.073983 -0.122686 0.053308
0.087362 -0.122891 0.053626
0.053068 -0.122453 0.052779
0.029949 -0.122220 0.052178
0.096452 -0.123061 0.053831
-0.082269 -0.111568 0.026905
-0.080397 -0.110664 0.026947
-0.076653 -0.108856 0.027018
-0.071596 -0.106913 0.027117
-0.065783 -0.105621 0.027230
-0.044754 -0.105190 0.027632
-0.057433 -0.105027 0.027392
-0.033326 -0.105621 0.027851
-0.030288 -0.105734 0.027915
-0.028727 -0.105790 0.027943
-0.027604 -0.106906 0.028261
-0.020421 -0.124869 0.045079
-0.020435 -0.123993 0.043391
-0.020456 -0.121302 0.039881
-0.020491 -0.117551 0.035812
-0.020541 -0.113504 0.032464
-0.022752 -0.110064 0.030006
-0.020583 -0.110106 0.030048
-0.023423 -0.109753 0.030112
-0.024235 -0.108863 0.030458
-0.024970 -0.108022 0.030762
-0.025400 -0.107874 0.030762
-0.025867 -0.106723 0.029504
-0.026629 -0.106362 0.028650
-0.085115 -0.106052 0.026855
-0.083964 -0.106009 0.026877
-0.083159 -0.105875 0.026891
-0.087051 -0.106136 0.026820
-0.089007 -0.106214 0.026785
-0.090229 -0.106271 0.026757
-0.090865 -0.106920 0.027357
-0.090470 -0.092504 0.028487
-0.089714 -0.073411 0.030642
-0.088732 -0.053125 0.033898
-0.087644 -0.033269 0.038313
-0.090809 -0.106447 0.026898
-0.087390 -0.016663 0.054813
-0.087015 -0.016154 0.044938
-0.015144 -0.124268 0.046132
-0.015151 -0.124876 0.045207
-0.015130 -0.122524 0.047354
-0.093380 0.000000 0.078158
-0.089332 0.000000 0.066404
-0.229494 -0.095068 0.061156
-0.229536 -0.091847 0.063437
-0.229550 -0.088011 0.064370
-0.229536 -0.084119 0.063706
-0.229501 -0.080750 0.061657
-0.229437 -0.078469 0.058436
-0.229367 -0.077536 0.054601
-0.229289 -0.078200 0.050709
-0.229225 -0.080249 0.047340
-0.229183 -0.083470 0.045058
-0.229162 -0.087298 0.044126
-0.229162 -0.091352 0.044352
-0.229176 -0.091190 0.044790
-0.229423 -0.097116 0.057780
-0.229204 -0.094884 0.046492
-0.229275 -0.097265 0.049868
-0.229352 -0.097780 0.053895
-0.250974 0.000000 0.033001
-0.264698 0.000000 0.031447
-0.263533 0.000000 0.031348
-0.261710 0.000000 0.031588
-0.265228 0.000000 0.032139
-0.258920 -0.011902 0.031948
-0.259203 0.000000 0.031913
-0.255721 0.000000 0.032372
-0.265525 0.000000 0.033446
-0.265793 -0.011733 0.035409
-0.266238 -0.011761 0.037408
-0.265934 -0.023564 0.038828
-0.265313 -0.023514 0.039711
-0.263003 -0.023317 0.040375
0.277180 0.130880 0.164785
0.264861 0.139088 0.154204
0.214971 0.142330 0.147910
0.192022 0.141984 0.146377
0.172887 0.141560 0.145155
0.160992 0.141475 0.144520
0.154635 0.141546 0.144251
0.238344 0.142167 0.149478
0.261774 0.141398 0.148998
0.325678 0.018923 0.188992
0.322118 0.018909 0.189599
0.318946 0.018902 0.190305
0.317343 0.018902 0.190729
0.291024 0.129601 0.165760
0.304869 0.128231 0.166685
0.319109 0.126790 0.167533
0.334126 0.125279 0.168295
0.347546 0.097922 0.182507
0.348111 0.111886 0.177188
0.347822 0.081245 0.185884
0.349404 0.123831 0.168995
0.328468 0.018980 0.188871
0.332890 0.019121 0.189090
0.339247 0.039965 0.188984
0.349086 0.061170 0.188236
0.315365 0.018895 0.190425
0.314037 0.018895 0.190510
0.316432 0.018895 0.190800
0.312356 0.018895 0.191937
0.310738 0.018895 0.193625
0.309580 0.018888 0.194473
0.308450 0.018888 0.194988
0.304643 0.036872 0.195250
0.306889 0.018888 0.195681
0.300489 0.052101 0.194826
0.297289 0.062046 0.194346
0.296922 0.061650 0.193887
0.296265 0.061438 0.192114
0.294633 0.065006 0.192135
0.293984 0.064914 0.190164
0.278260 0.055343 0.196415
0.289350 0.064073 0.190708
0.293638 0.064857 0.189090
0.261110 0.040827 0.204560
0.150418 0.140020 0.139229
0.148186 0.137993 0.127059
0.144852 0.135499 0.110678
0.140649 0.132865 0.093090
0.136382 0.129898 0.076639
0.132879 0.126366 0.063628
0.130449 0.123746 0.054813
0.128231 0.122241 0.050229
0.127186 0.121055 0.049536
0.126684 0.120723 0.049233
0.124848 0.124078 0.049028
0.124473 0.124537 0.049282
0.125469 0.122785 0.048519
0.126077 0.121493 0.048074
0.126430 0.121048 0.047997
0.111823 0.123350 0.054170
0.117925 0.123541 0.050525
0.122637 0.124558 0.049339
0.129382 0.123463 0.050914
0.152120 0.141574 0.144138
0.151216 0.140352 0.139208
0.104484 0.123209 0.054008
-0.005531 0.121860 0.051267
0.009974 0.122015 0.051663
0.053068 0.122453 0.052779
0.073983 0.122686 0.053308
0.087362 0.122891 0.053626
0.096452 0.123061 0.053831
0.029949 0.122220 0.052178
-0.253566 0.059334 0.047982
-0.255424 0.057377 0.055152
-0.257409 0.054078 0.063437
-0.259062 0.050603 0.070063
-0.259888 0.048138 0.072281
-0.260559 0.043730 0.072309
-0.261746 0.034421 0.072366
-0.262911 0.022766 0.072429
-0.264041 0.011358 0.072408
-0.255452 0.044754 0.041343
-0.253707 0.051698 0.041420
-0.252747 0.056190 0.041392
-0.252168 0.058860 0.041378
-0.254929 0.044705 0.041435
-0.252323 0.059863 0.043024
-0.259231 0.034802 0.040898
-0.257670 0.034647 0.041173
-0.256808 0.034562 0.041329
-0.082269 0.111568 0.026905
-0.080397 0.110664 0.026947
-0.076653 0.108856 0.027018
-0.044754 0.105190 0.027632
-0.057433 0.105027 0.027392
-0.065783 0.105621 0.027230
-0.071596 0.106913 0.027117
-0.033326 0.105621 0.027851
-0.030288 0.105734 0.027915
-0.028727 0.105790 0.027943
-0.027604 0.106906 0.028261
-0.026622 0.107373 0.029116
-0.025838 0.108255 0.030550
-0.025351 0.110763 0.032704
-0.024913 0.110996 0.032768
-0.024185 0.112027 0.032633
-0.022575 0.124869 0.045030
-0.022589 0.123986 0.043342
-0.022617 0.121288 0.039831
-0.022653 0.117530 0.035770
-0.022702 0.113461 0.032422
-0.023373 0.113101 0.032471
-0.083159 0.105875 0.026891
-0.083964 0.106009 0.026877
-0.085115 0.106052 0.026855
-0.087051 0.106136 0.026820
-0.089007 0.106214 0.026785
-0.090229 0.106271 0.026757
-0.090865 0.106920 0.027357
-0.090470 0.092504 0.028487
-0.089714 0.073411 0.030642
-0.088732 0.053125 0.033898
-0.087644 0.033269 0.038313
-0.090809 0.106447 0.026898
-0.087390 0.016663 0.054813
-0.087015 0.016154 0.044938
-0.229494 0.095068 0.061156
-0.229536 0.091847 0.063437
-0.229550 0.088011 0.064370
-0.229423 0.097116 0.057780
-0.229536 0.084119 0.063706
-0.229501 0.080750 0.061657
-0.229437 0.078469 0.058436
-0.229367 0.077536 0.054601
-0.229289 0.078200 0.050709
-0.229225 0.080249 0.047340
-0.229183 0.083470 0.045058
-0.229162 0.087298 0.044126
-0.229162 0.091352 0.044352
-0.229176 0.091190 0.044790
-0.229204 0.094884 0.046492
-0.229275 0.097265 0.049868
-0.229352 0.097780 0.053895
-0.258920 0.011902 0.031948
-0.265793 0.011733 0.035409
-0.265934 0.023564 0.038828
-0.266238 0.011761 0.037408
-0.265313 0.023514 0.039711
-0.263003 0.023317 0.040375
-0.015130 0.122524 0.047354
-0.015144 0.124268 0.046132
-0.020421 0.124869 0.045079
-0.015151 0.124876 0.045207
-0.243317 0.033093 0.087277
-0.245295 0.033453 0.090667
-0.245090 0.045235 0.090611
-0.244659 0.058126 0.090533
-0.259245 0.054735 0.116167
-0.257939 0.055343 0.113970
-0.256611 0.055929 0.111710
-0.254103 0.056586 0.107330
-0.249279 0.057419 0.098755
-0.255240 -0.056988 0.055173
-0.253404 -0.058903 0.048032
-0.258807 -0.050412 0.069901
-0.257197 -0.053782 0.063360
-0.259613 -0.048039 0.072083
-0.252549 -0.059263 0.044345
-0.260277 -0.043695 0.072104
-0.261456 -0.034399 0.072161
-0.262622 -0.022752 0.072239
-0.263533 -0.011330 0.072500
-0.264218 0.000000 0.072436
-0.252902 -0.055943 0.043087
-0.253842 -0.051585 0.043102
-0.252344 -0.058542 0.043073
-0.255042 -0.044712 0.043116
-0.256293 -0.034512 0.041420
-0.260383 -0.023084 0.040841
-0.258821 -0.022949 0.041124
-0.257967 -0.022879 0.041272
-0.258864 -0.023550 0.113306
-0.259372 -0.011690 0.113723
-0.258129 -0.035777 0.112691
-0.259570 0.000000 0.113885
-0.259372 0.011690 0.113723
-0.259874 0.036066 0.115665
-0.258864 0.023550 0.113306
-0.258807 0.047149 0.114655
-0.243366 0.000000 0.087312
-0.243359 0.011019 0.087305
-0.243338 0.022052 0.087291
-0.245478 0.000000 0.090780
-0.250607 0.000000 0.099186
-0.256166 0.000000 0.108298
0.326709 0.000000 0.189027
0.322986 0.000000 0.189691
0.319681 0.000000 0.190454
0.318049 0.000000 0.190885
0.308301 -0.135005 0.157100
0.322167 -0.133917 0.157714
0.336619 -0.132921 0.158343
0.364393 -0.122573 0.169673
0.362768 -0.110099 0.177937
0.361800 -0.095435 0.183312
0.361504 -0.078631 0.186689
0.351488 -0.131982 0.158964
0.329598 0.000000 0.188893
0.333991 0.000000 0.189112
0.341337 -0.019396 0.189514
0.350704 -0.039916 0.189613
0.361899 -0.059750 0.188970
0.316135 0.000000 0.190545
0.314856 0.000000 0.190602
0.317173 0.000000 0.190941
0.313232 0.000000 0.192008
0.311657 0.000000 0.193668
0.310526 0.000000 0.194501
0.309396 0.000000 0.195017
0.307821 0.000000 0.195737
0.303300 -0.036631 0.195857
0.306366 0.000000 0.196394
0.305455 -0.018888 0.196316
0.299889 -0.051599 0.195179
0.221540 -0.147755 0.138254
0.202490 -0.146879 0.130449
0.182557 -0.142853 0.119946
0.185269 -0.145035 0.117827
0.176129 -0.140437 0.123781
0.160045 -0.137908 0.116831
0.240266 -0.147847 0.141631
0.258991 -0.147204 0.141207
0.278034 -0.145883 0.137626
0.149111 -0.138396 0.127193
0.149846 -0.136510 0.112536
0.318649 -0.136199 0.119091
0.315111 -0.138290 0.117410
0.324406 -0.134864 0.119833
0.331456 -0.134080 0.120066
0.325268 -0.135747 0.135337
0.315089 -0.136856 0.147133
0.296421 -0.143644 0.129566
0.313168 -0.140260 0.115686
0.299451 -0.051366 0.194713
0.298773 -0.051211 0.192940
0.295622 -0.061347 0.190136
0.298130 -0.051119 0.190962
0.295269 -0.061290 0.189062
0.279708 -0.039026 0.198005
0.291377 -0.053294 0.191591
0.294245 -0.063077 0.188928
0.261435 -0.021070 0.205789
0.261541 0.000000 0.206205
0.261435 0.021070 0.205789
0.145876 -0.135966 0.110933
0.141574 -0.133345 0.093295
0.137188 -0.130350 0.076752
0.127927 -0.122828 0.048971
0.129043 -0.124184 0.049628
0.126924 -0.121478 0.048300
0.133677 -0.126797 0.063791
0.131276 -0.124148 0.055053
0.130216 -0.123894 0.051175
0.129863 -0.124643 0.049890
0.124586 -0.124530 0.048095
0.124205 -0.124996 0.048329
0.125215 -0.123160 0.047615
0.125837 -0.121782 0.047191
0.126197 -0.121323 0.047128
0.126677 -0.121775 0.047417
0.111109 -0.123470 0.050377
0.117622 -0.124551 0.049261
0.122368 -0.125010 0.048385
0.103940 -0.123393 0.050222
0.010080 -0.122679 0.047975
-0.005418 -0.122587 0.047594
0.030048 -0.122806 0.048470
0.087220 -0.123209 0.049861
0.074012 -0.123089 0.049558
0.053153 -0.122948 0.049042
0.096099 -0.123301 0.050052
-0.082269 -0.105543 0.026905
-0.080397 -0.104688 0.026947
-0.076653 -0.102979 0.027018
-0.071596 -0.101143 0.027117
-0.065783 -0.099913 0.027230
-0.044754 -0.099511 0.027632
-0.033326 -0.099913 0.027851
-0.057433 -0.099355 0.027392
-0.030288 -0.100019 0.027915
-0.028727 -0.100076 0.027943
-0.027611 -0.105642 0.028092
-0.015165 -0.124007 0.043518
-0.015180 -0.121337 0.040001
-0.015215 -0.117615 0.035932
-0.015257 -0.113588 0.032577
-0.015300 -0.110219 0.030154
-0.022773 -0.108284 0.028741
-0.020604 -0.108333 0.028784
-0.015321 -0.108453 0.028890
-0.023444 -0.108008 0.028883
-0.024263 -0.107210 0.029314
-0.024998 -0.106461 0.029716
-0.025429 -0.106362 0.029744
-0.025881 -0.105755 0.029073
-0.026629 -0.105126 0.028494
-0.085115 -0.090794 0.026855
-0.087051 -0.090865 0.026820
-0.083964 -0.090752 0.026877
-0.083166 -0.090639 0.026891
-0.089007 -0.090936 0.026785
-0.090229 -0.090978 0.026757
-0.090809 -0.091134 0.026898
-0.090865 -0.091536 0.027357
-0.090470 -0.071970 0.028487
-0.089714 -0.051853 0.030649
-0.088732 -0.032485 0.033898
-0.087644 -0.015738 0.038313
-0.087390 0.000000 0.054813
-0.087015 0.000000 0.044938
-0.005432 -0.124283 0.046372
-0.005432 -0.124883 0.045440
-0.005439 -0.124035 0.043744
-0.229748 -0.094884 0.060986
-0.229790 -0.091741 0.063211
-0.229805 -0.088004 0.064123
-0.229797 -0.084204 0.063473
-0.229762 -0.080913 0.061474
-0.229699 -0.078688 0.058331
-0.229628 -0.077776 0.054587
-0.229550 -0.078426 0.050794
-0.229487 -0.080425 0.047502
-0.229444 -0.083568 0.045277
-0.229430 -0.087312 0.044359
-0.229444 -0.091105 0.045009
-0.229218 -0.094566 0.046838
-0.229480 -0.094397 0.047008
-0.229684 -0.096890 0.057695
-0.229282 -0.096848 0.050059
-0.229614 -0.097540 0.053895
-0.265963 0.000000 0.035409
-0.266535 -0.011782 0.038729
-0.266408 0.000000 0.037366
-0.265913 -0.011754 0.039605
-0.263596 -0.011641 0.040269
0.280676 0.137188 0.156372
0.284914 0.139914 0.144357
0.288319 0.138968 0.146681
0.238832 0.143644 0.146264
0.214131 0.143418 0.143411
0.191810 0.141934 0.143086
0.173755 0.140988 0.141730
0.161366 0.140550 0.140472
0.154055 0.140409 0.139554
0.260404 0.142923 0.146024
0.281389 0.141503 0.142224
0.294612 0.136121 0.156612
0.308301 0.135005 0.157100
0.322167 0.133917 0.157714
0.336619 0.132921 0.158343
0.364393 0.122573 0.169673
0.362768 0.110099 0.177937
0.361800 0.095435 0.183312
0.361504 0.078631 0.186689
0.351488 0.131982 0.158964
0.341337 0.019396 0.189514
0.350704 0.039916 0.189613
0.361899 0.059750 0.188970
0.303300 0.036631 0.195857
0.305455 0.018888 0.196316
0.299889 0.051599 0.195172
0.299451 0.051366 0.194713
0.298773 0.051211 0.192940
0.295622 0.061347 0.190136
0.298130 0.051119 0.190962
0.295269 0.061290 0.189062
0.279708 0.039026 0.198005
0.291377 0.053294 0.191591
0.294245 0.063077 0.188928
0.149111 0.138396 0.127193
0.145876 0.135966 0.110933
0.141574 0.133345 0.093295
0.137188 0.130350 0.076752
0.133677 0.126797 0.063791
0.131276 0.124148 0.055053
0.130216 0.123894 0.051182
0.129043 0.124184 0.049628
0.127927 0.122828 0.048971
0.126924 0.121478 0.048300
0.124586 0.124530 0.048095
0.125215 0.123160 0.047615
0.124205 0.124996 0.048329
0.125837 0.121782 0.047191
0.126197 0.121323 0.047128
0.126677 0.121775 0.047417
0.111109 0.123470 0.050377
0.117622 0.124551 0.049261
0.122368 0.125010 0.048385
0.129863 0.124643 0.049890
0.152664 0.138706 0.128274
0.103940 0.123393 0.050222
0.010080 0.122679 0.047975
-0.005418 0.122587 0.047594
0.030048 0.122806 0.048470
0.053153 0.122948 0.049042
0.087220 0.123209 0.049861
0.074012 0.123089 0.049558
0.096099 0.123301 0.050052
-0.252549 0.059263 0.044345
-0.253404 0.058903 0.048032
-0.255240 0.056988 0.055173
-0.257197 0.053782 0.063360
-0.258807 0.050412 0.069901
-0.259613 0.048039 0.072083
-0.260277 0.043695 0.072104
-0.261456 0.034399 0.072161
-0.262622 0.022752 0.072239
-0.263533 0.011330 0.072500
-0.253842 0.051585 0.043102
-0.252902 0.055943 0.043087
-0.252344 0.058542 0.043073
-0.255042 0.044712 0.043116
-0.256293 0.034512 0.041420
-0.260383 0.023084 0.040841
-0.258821 0.022949 0.041124
-0.257967 0.022879 0.041272
-0.082269 0.105543 0.026905
-0.080397 0.104688 0.026947
-0.076653 0.102979 0.027018
-0.033326 0.099913 0.027851
-0.044754 0.099511 0.027632
-0.057433 0.099355 0.027392
-0.065783 0.099913 0.027230
-0.071596 0.101143 0.027117
-0.030288 0.100019 0.027915
-0.028727 0.100076 0.027943
-0.027611 0.105642 0.028092
-0.026629 0.106362 0.028650
-0.025867 0.106723 0.029504
-0.025400 0.107874 0.030762
-0.024970 0.108022 0.030762
-0.024235 0.108863 0.030458
-0.023423 0.109753 0.030112
-0.020435 0.123993 0.043391
-0.020456 0.121302 0.039881
-0.020491 0.117551 0.035812
-0.020541 0.113504 0.032464
-0.020583 0.110106 0.030048
-0.022752 0.110064 0.030006
-0.083166 0.090639 0.026891
-0.083964 0.090752 0.026877
-0.085115 0.090794 0.026855
-0.087051 0.090865 0.026820
-0.089007 0.090936 0.026785
-0.090229 0.090978 0.026757
-0.090809 0.091134 0.026898
-0.090865 0.091536 0.027357
-0.090470 0.071970 0.028487
-0.089714 0.051853 0.030642
-0.088732 0.032485 0.033898
-0.087644 0.015738 0.038313
-0.229748 0.094884 0.060986
-0.229790 0.091741 0.063211
-0.229805 0.088004 0.064123
-0.229797 0.084204 0.063473
-0.229684 0.096890 0.057695
-0.229762 0.080913 0.061474
-0.229699 0.078688 0.058331
-0.229628 0.077776 0.054587
-0.229550 0.078426 0.050794
-0.229487 0.080425 0.047502
-0.229444 0.083568 0.045277
-0.229430 0.087312 0.044359
-0.229444 0.091105 0.045009
-0.229218 0.094566 0.046838
-0.229480 0.094397 0.047008
-0.229275 0.096848 0.050059
-0.229614 0.097540 0.053895
-0.266535 0.011782 0.038729
-0.265913 0.011754 0.039605
-0.263596 0.011641 0.040269
-0.005432 0.124283 0.046372
-0.005432 0.124883 0.045440
-0.015165 0.124007 0.043518
-0.005439 0.124035 0.043744
-0.245380 0.022250 0.090717
-0.250119 0.034336 0.098953
-0.249780 0.045955 0.098861
-0.250352 0.022737 0.099052
-0.257331 0.047015 0.112091
-0.254703 0.046683 0.107507
-0.253580 -0.057660 0.048046
-0.255367 -0.055908 0.055088
-0.257232 -0.052969 0.063021
-0.258744 -0.049918 0.069293
-0.259471 -0.047820 0.071377
-0.260093 -0.043653 0.071384
-0.261258 -0.034421 0.071433
-0.262431 -0.022759 0.071539
-0.263243 -0.011323 0.072337
-0.263702 0.000000 0.072528
-0.254089 -0.055251 0.048039
-0.254937 -0.051316 0.048039
-0.256399 -0.034555 0.043095
-0.256053 -0.044818 0.048025
-0.257451 -0.022836 0.041364
-0.260976 -0.011506 0.040735
-0.259415 -0.011436 0.041018
-0.258553 -0.011393 0.041173
-0.256031 0.011549 0.108213
-0.258129 0.035777 0.112691
-0.255247 0.035268 0.107754
-0.255699 0.023253 0.108008
-0.245450 0.011111 0.090759
-0.250529 0.011323 0.099144
0.327154 -0.136065 0.147168
0.340327 -0.135323 0.147564
0.375998 -0.121662 0.170188
0.374006 -0.108849 0.178502
0.366604 -0.131071 0.159572
0.372805 -0.093712 0.183892
0.372212 -0.076816 0.187254
0.354454 -0.134588 0.148136
0.342242 0.000000 0.189521
0.352074 -0.019700 0.190065
0.362627 -0.039831 0.190249
0.372036 -0.058733 0.189500
0.302601 -0.036504 0.196182
0.304699 -0.018881 0.196648
0.305603 0.000000 0.196740
0.222480 -0.148779 0.137287
0.203705 -0.147938 0.129333
0.186632 -0.146137 0.116767
0.173593 -0.143178 0.099560
0.172025 -0.142047 0.099998
0.168917 -0.139801 0.100867
0.163160 -0.137258 0.100627
0.153688 -0.135231 0.097731
0.258730 -0.148242 0.140161
0.240619 -0.148871 0.140649
0.277441 -0.146942 0.136566
0.295629 -0.144696 0.128549
0.144993 -0.133875 0.094510
0.332487 -0.132286 0.101764
0.328588 -0.134157 0.100450
0.326356 -0.135959 0.099094
0.338604 -0.131191 0.102322
0.338879 -0.133642 0.120249
0.345823 -0.130626 0.102901
0.335065 -0.135203 0.135146
0.312193 -0.141249 0.114817
0.325233 -0.136870 0.098416
0.302114 -0.036427 0.195709
0.301429 -0.036335 0.193929
0.300779 -0.036250 0.191951
0.297777 -0.051062 0.189889
0.300426 -0.036208 0.190877
0.295509 -0.060252 0.189048
0.280634 -0.020152 0.198993
0.293751 -0.037663 0.192756
0.296484 -0.052538 0.189698
0.280966 0.000000 0.199340
0.280634 0.020152 0.198993
0.139858 -0.130767 0.077317
0.136171 -0.127122 0.064101
0.129601 -0.125017 0.048908
0.128782 -0.124551 0.048668
0.127673 -0.123160 0.048046
0.133868 -0.124396 0.055314
0.132865 -0.124028 0.051415
0.132554 -0.124678 0.050116
0.132314 -0.125017 0.049127
0.123767 -0.124374 0.046612
0.124155 -0.123915 0.046414
0.124777 -0.122609 0.046005
0.125399 -0.121309 0.045644
0.125759 -0.120857 0.045602
0.126239 -0.121288 0.045863
0.127235 -0.122623 0.046400
0.110855 -0.124537 0.049120
0.117382 -0.125003 0.048307
0.121945 -0.124403 0.046640
0.103749 -0.124516 0.048964
0.010080 -0.124311 0.046746
0.030048 -0.124346 0.047241
0.087164 -0.124466 0.048611
0.095965 -0.124487 0.048802
0.074004 -0.124431 0.048307
0.053160 -0.124389 0.047806
-0.082269 -0.090357 0.026905
-0.080397 -0.089622 0.026947
-0.076653 -0.088160 0.027018
-0.071596 -0.086592 0.027117
-0.065783 -0.085539 0.027230
-0.044754 -0.085193 0.027632
-0.033326 -0.085532 0.027851
-0.030288 -0.085624 0.027915
-0.057433 -0.085059 0.027392
-0.028727 -0.085673 0.027943
-0.027611 -0.099942 0.028092
-0.005453 -0.121408 0.040220
-0.005474 -0.117735 0.036144
-0.005510 -0.113758 0.032775
-0.005545 -0.110424 0.030345
-0.005566 -0.108679 0.029081
-0.022780 -0.107217 0.028226
-0.020618 -0.107267 0.028268
-0.015328 -0.107394 0.028374
-0.005573 -0.107627 0.028558
-0.023458 -0.106956 0.028374
-0.024270 -0.106193 0.028854
-0.025005 -0.105494 0.029285
-0.025436 -0.105409 0.029328
-0.025881 -0.104533 0.028932
-0.026629 -0.099447 0.028494
-0.085115 -0.070635 0.026855
-0.087051 -0.070692 0.026820
-0.089007 -0.070741 0.026785
-0.083964 -0.070607 0.026877
-0.083159 -0.070515 0.026891
-0.090809 -0.070897 0.026898
-0.090229 -0.070776 0.026757
-0.090865 -0.071214 0.027357
-0.090470 -0.050836 0.028487
-0.089714 -0.031708 0.030642
-0.088732 -0.015363 0.033898
-0.087644 0.000000 0.038313
0.010073 -0.124897 0.045814
0.010073 -0.124092 0.044119
0.010073 -0.121521 0.040580
-0.230532 -0.094828 0.060916
-0.230574 -0.091706 0.063120
-0.230589 -0.087997 0.064024
-0.230582 -0.084232 0.063381
-0.230539 -0.080969 0.061396
-0.230483 -0.078765 0.058281
-0.230412 -0.077861 0.054573
-0.230341 -0.078504 0.050808
-0.230278 -0.080482 0.047545
-0.230228 -0.083604 0.045334
-0.230214 -0.087312 0.044430
-0.230228 -0.091077 0.045072
-0.230264 -0.094340 0.047057
-0.229543 -0.096622 0.050158
-0.230327 -0.096551 0.050172
-0.230468 -0.096813 0.057652
-0.230398 -0.097455 0.053888
-0.266697 0.000000 0.038673
-0.266069 0.000000 0.039542
-0.263759 0.000000 0.040206
-0.261131 0.000000 0.040672
0.290134 0.138650 0.149704
0.306281 0.137732 0.134871
0.301054 0.139300 0.133649
0.312568 0.136806 0.137562
0.303096 0.137717 0.147847
0.259514 0.145148 0.143298
0.239573 0.145819 0.143573
0.219668 0.145727 0.140176
0.200067 0.144781 0.132674
0.195575 0.142683 0.135415
0.188130 0.141602 0.138106
0.174391 0.140571 0.134793
0.161825 0.139519 0.131162
0.279228 0.143785 0.139745
0.298003 0.141560 0.131572
0.315089 0.136856 0.147133
0.327154 0.136065 0.147168
0.340327 0.135323 0.147564
0.374006 0.108849 0.178502
0.375998 0.121662 0.170188
0.366604 0.131071 0.159572
0.372805 0.093712 0.183892
0.372212 0.076816 0.187254
0.354454 0.134588 0.148136
0.352074 0.019700 0.190065
0.362627 0.039831 0.190249
0.372036 0.058733 0.189500
0.302601 0.036504 0.196182
0.304699 0.018881 0.196648
0.302114 0.036427 0.195709
0.301429 0.036335 0.193929
0.300779 0.036250 0.191951
0.297777 0.051062 0.189889
0.300426 0.036208 0.190877
0.295509 0.060252 0.189048
0.293751 0.037663 0.192756
0.296484 0.052538 0.189698
0.149846 0.136510 0.112536
0.144993 0.133875 0.094510
0.139858 0.130767 0.077317
0.136171 0.127122 0.064101
0.133868 0.124396 0.055314
0.132865 0.124028 0.051415
0.132554 0.124678 0.050116
0.129601 0.125017 0.048908
0.128782 0.124551 0.048668
0.127673 0.123160 0.048053
0.123767 0.124374 0.046612
0.124155 0.123915 0.046414
0.124784 0.122609 0.046005
0.125399 0.121316 0.045644
0.126239 0.121288 0.045863
0.125759 0.120864 0.045602
0.127235 0.122630 0.046400
0.110855 0.124537 0.049120
0.117382 0.125003 0.048307
0.121945 0.124403 0.046640
0.132314 0.125017 0.049127
0.160045 0.137908 0.116831
0.103749 0.124516 0.048964
0.010080 0.124311 0.046746
0.030048 0.124346 0.047241
0.053160 0.124389 0.047806
0.095965 0.124487 0.048802
0.087164 0.124466 0.048611
0.074004 0.124431 0.048307
-0.253580 0.057660 0.048039
-0.255367 0.055908 0.055088
-0.258744 0.049918 0.069293
-0.259471 0.047820 0.071377
-0.257232 0.052969 0.063021
-0.260093 0.043653 0.071384
-0.261258 0.034421 0.071433
-0.262431 0.022759 0.071539
-0.263243 0.011323 0.072337
-0.254089 0.055251 0.048039
-0.254937 0.051316 0.048039
-0.256053 0.044818 0.048025
-0.256399 0.034555 0.043095
-0.257451 0.022836 0.041364
-0.260976 0.011506 0.040735
-0.259415 0.011436 0.041018
-0.258553 0.011393 0.041173
-0.082269 0.090357 0.026912
-0.080397 0.089622 0.026947
-0.076653 0.088160 0.027018
-0.033326 0.085539 0.027851
-0.030288 0.085631 0.027915
-0.044754 0.085193 0.027632
-0.057433 0.085059 0.027392
-0.065783 0.085539 0.027230
-0.071596 0.086592 0.027117
-0.028727 0.085673 0.027943
-0.027611 0.099942 0.028092
-0.026637 0.105126 0.028494
-0.025881 0.105755 0.029073
-0.025429 0.106362 0.029737
-0.024998 0.106461 0.029716
-0.024263 0.107210 0.029314
-0.023444 0.108008 0.028883
-0.022773 0.108284 0.028741
-0.015180 0.121337 0.040001
-0.015215 0.117615 0.035932
-0.015257 0.113588 0.032570
-0.015300 0.110219 0.030154
-0.020611 0.108333 0.028784
-0.015321 0.108453 0.028890
-0.083159 0.070515 0.026891
-0.083964 0.070607 0.026877
-0.085115 0.070635 0.026855
-0.087051 0.070692 0.026820
-0.089007 0.070741 0.026785
-0.090229 0.070776 0.026757
-0.090809 0.070897 0.026898
-0.090865 0.071214 0.027357
-0.090470 0.050836 0.028487
-0.089714 0.031708 0.030642
-0.088732 0.015363 0.033898
-0.230532 0.094828 0.060916
-0.230574 0.091706 0.063120
-0.230589 0.087997 0.064024
-0.230582 0.084232 0.063381
-0.230539 0.080969 0.061396
-0.230468 0.096813 0.057652
-0.230483 0.078765 0.058281
-0.230412 0.077861 0.054573
-0.230341 0.078504 0.050808
-0.230278 0.080482 0.047545
-0.230228 0.083604 0.045334
-0.230214 0.087312 0.044430
-0.230228 0.091077 0.045072
-0.230264 0.094340 0.047057
-0.229543 0.096622 0.050158
-0.230327 0.096551 0.050172
-0.230398 0.097455 0.053888
0.010073 0.124897 0.045814
0.010073 0.124092 0.044119
-0.005453 0.121408 0.040220
0.010073 0.121521 0.040580
-0.255791 -0.053866 0.054982
-0.257494 -0.051500 0.062653
-0.258504 -0.049755 0.067287
-0.259062 -0.048032 0.068679
-0.259690 -0.043794 0.068664
-0.260863 -0.034512 0.068693
-0.262042 -0.022822 0.068806
-0.263067 -0.011323 0.071737
-0.262692 -0.011358 0.069053
-0.263420 0.000000 0.072394
-0.256476 -0.050624 0.054933
-0.257388 -0.034745 0.047982
-0.258553 -0.022985 0.047919
-0.257550 -0.022858 0.043038
-0.257458 -0.044762 0.054898
-0.258037 -0.011365 0.041265
-0.259570 0.000000 0.040954
-0.258708 0.000000 0.041110
0.346360 -0.134602 0.135704
0.378520 -0.130371 0.160031
0.381126 -0.121266 0.170414
0.378965 -0.108298 0.178756
0.369358 -0.133811 0.148687
0.377665 -0.092956 0.184146
0.376945 -0.075996 0.187501
0.359088 -0.133924 0.136700
0.352696 0.000000 0.190051
0.363340 -0.019912 0.190644
0.372134 -0.039718 0.190750
0.376521 -0.058210 0.189740
0.304198 -0.018867 0.196175
0.305095 0.000000 0.196274
0.222882 -0.149167 0.136601
0.204305 -0.148334 0.128620
0.187395 -0.146554 0.116131
0.174518 -0.143601 0.099257
0.164898 -0.139102 0.081909
0.165950 -0.139512 0.081944
0.163132 -0.138014 0.081683
0.159628 -0.135853 0.081238
0.154168 -0.133493 0.080340
0.146547 -0.131805 0.078779
0.277109 -0.147345 0.135839
0.258617 -0.148638 0.139434
0.240767 -0.149259 0.139950
0.295107 -0.145099 0.127885
0.311501 -0.141645 0.114302
0.340892 -0.127631 0.084889
0.336464 -0.129354 0.083879
0.334055 -0.131000 0.082883
0.332847 -0.131826 0.082382
0.348196 -0.126564 0.085426
0.353035 -0.130357 0.104286
0.346918 -0.133317 0.120878
0.356729 -0.125985 0.086691
0.324406 -0.137251 0.098056
0.331957 -0.132173 0.082135
0.303498 -0.018824 0.194395
0.302848 -0.018782 0.192417
0.300009 -0.037168 0.190524
0.297353 -0.052447 0.189528
0.302495 -0.018754 0.191344
0.302036 -0.019248 0.191019
0.295319 -0.019467 0.193484
0.299147 -0.037182 0.190708
0.295905 0.000000 0.193738
0.295319 0.019467 0.193484
0.142401 -0.127949 0.064871
0.140345 -0.125010 0.055971
0.129178 -0.124424 0.047128
0.131939 -0.124431 0.047340
0.128351 -0.123972 0.046923
0.139497 -0.124353 0.052009
0.139278 -0.124763 0.050688
0.139109 -0.125024 0.049678
0.138841 -0.124438 0.047855
0.122919 -0.122178 0.043031
0.123315 -0.121726 0.042918
0.123937 -0.120560 0.042642
0.124551 -0.119402 0.042416
0.126395 -0.120603 0.042967
0.125392 -0.119352 0.042607
0.124904 -0.118978 0.042409
0.127511 -0.121860 0.043299
0.110657 -0.125003 0.048166
0.117007 -0.124396 0.046563
0.121118 -0.122234 0.043024
0.103601 -0.124996 0.048011
0.030048 -0.124925 0.046301
0.087114 -0.124982 0.047658
0.095866 -0.124989 0.047848
0.073997 -0.124968 0.047361
0.053167 -0.124947 0.046859
-0.082269 -0.070296 0.026905
-0.080397 -0.069724 0.026947
-0.076653 -0.068587 0.027018
-0.071596 -0.067365 0.027117
-0.065783 -0.066552 0.027230
-0.044754 -0.066277 0.027632
-0.033326 -0.066545 0.027851
-0.030288 -0.066616 0.027915
-0.028727 -0.066651 0.027943
-0.057433 -0.066171 0.027392
-0.027611 -0.085553 0.028092
0.010066 -0.117918 0.036483
0.010044 -0.114019 0.033100
0.010016 -0.110749 0.030656
0.010009 -0.109040 0.029384
0.010002 -0.108001 0.028862
-0.022780 -0.105946 0.028056
-0.020618 -0.105995 0.028099
-0.015335 -0.106122 0.028205
-0.005573 -0.106355 0.028388
0.010002 -0.106730 0.028685
-0.023458 -0.105691 0.028212
-0.024270 -0.104950 0.028699
-0.025012 -0.104272 0.029144
-0.025443 -0.104194 0.029186
-0.025881 -0.098889 0.028932
-0.026629 -0.085137 0.028494
-0.085115 -0.049897 0.026855
-0.087051 -0.049932 0.026820
-0.089007 -0.049967 0.026785
-0.083964 -0.049868 0.026877
-0.083166 -0.049812 0.026891
-0.090809 -0.050080 0.026898
-0.090865 -0.050299 0.027357
-0.090229 -0.049996 0.026757
-0.090470 -0.031087 0.028487
-0.089714 -0.014996 0.030649
-0.088732 0.000000 0.033898
0.030055 -0.124155 0.044592
0.030069 -0.121662 0.041039
0.030084 -0.118159 0.036921
-0.231351 -0.094778 0.060852
-0.231401 -0.091684 0.063042
-0.231415 -0.087997 0.063946
-0.231408 -0.084254 0.063303
-0.231366 -0.081012 0.061333
-0.231309 -0.078822 0.058239
-0.231238 -0.077925 0.054552
-0.231161 -0.078560 0.050815
-0.231097 -0.080531 0.047573
-0.231062 -0.083625 0.045376
-0.231041 -0.087312 0.044479
-0.231055 -0.091056 0.045115
-0.231090 -0.094298 0.047092
-0.231154 -0.096488 0.050186
-0.231224 -0.097392 0.053873
-0.231295 -0.096749 0.057610
0.324406 0.134864 0.119833
0.318649 0.136206 0.119091
0.315111 0.138290 0.117410
0.325268 0.135747 0.135337
0.331456 0.134080 0.120066
0.240266 0.147847 0.141631
0.258991 0.147204 0.141207
0.278034 0.145883 0.137626
0.221540 0.147755 0.138254
0.202490 0.146879 0.130449
0.185269 0.145035 0.117827
0.182557 0.142853 0.119946
0.176129 0.140437 0.123781
0.296421 0.143644 0.129566
0.313168 0.140260 0.115686
0.335065 0.135203 0.135146
0.346360 0.134602 0.135704
0.378965 0.108298 0.178756
0.378520 0.130371 0.160031
0.381126 0.121266 0.170414
0.369358 0.133811 0.148687
0.377665 0.092956 0.184146
0.376945 0.075996 0.187501
0.359088 0.133924 0.136700
0.363340 0.019912 0.190644
0.372134 0.039718 0.190750
0.376521 0.058210 0.189740
0.304198 0.018867 0.196175
0.303498 0.018824 0.194395
0.302848 0.018782 0.192417
0.297353 0.052447 0.189528
0.300009 0.037168 0.190524
0.302495 0.018754 0.191344
0.302036 0.019248 0.191019
0.299147 0.037182 0.190708
0.153688 0.135231 0.097731
0.146547 0.131805 0.078779
0.142401 0.127949 0.064871
0.140345 0.125010 0.055971
0.139497 0.124353 0.052009
0.139278 0.124763 0.050688
0.139109 0.125024 0.049678
0.131939 0.124431 0.047340
0.129178 0.124424 0.047128
0.128351 0.123972 0.046923
0.122919 0.122171 0.043031
0.123315 0.121726 0.042918
0.123937 0.120560 0.042642
0.124551 0.119409 0.042416
0.126395 0.120603 0.042967
0.125392 0.119359 0.042607
0.124904 0.118985 0.042409
0.127511 0.121860 0.043299
0.110657 0.125003 0.048166
0.117007 0.124396 0.046563
0.121118 0.122234 0.043024
0.138841 0.124438 0.047855
0.163160 0.137258 0.100627
0.103601 0.124996 0.048011
0.030048 0.124925 0.046301
0.053167 0.124947 0.046859
0.095866 0.124989 0.047848
0.087114 0.124982 0.047658
0.073997 0.124968 0.047361
-0.255791 0.053866 0.054982
-0.258504 0.049755 0.067287
-0.259062 0.048032 0.068679
-0.259690 0.043794 0.068664
-0.257494 0.051500 0.062653
-0.260863 0.034512 0.068693
-0.262042 0.022822 0.068806
-0.263067 0.011323 0.071737
-0.262692 0.011358 0.069053
-0.256476 0.050624 0.054933
-0.257388 0.034738 0.047982
-0.257458 0.044762 0.054898
-0.258546 0.022985 0.047919
-0.257550 0.022858 0.043038
-0.258044 0.011365 0.041265
-0.082269 0.070296 0.026905
-0.080397 0.069724 0.026947
-0.076653 0.068587 0.027018
-0.033326 0.066545 0.027851
-0.030288 0.066616 0.027915
-0.044754 0.066284 0.027632
-0.057433 0.066171 0.027392
-0.065783 0.066545 0.027230
-0.071596 0.067365 0.027117
-0.027611 0.085560 0.028092
-0.028727 0.066651 0.027943
-0.026629 0.099447 0.028494
-0.025881 0.104533 0.028932
-0.025436 0.105409 0.029328
-0.024270 0.106193 0.028854
-0.025005 0.105494 0.029285
-0.023458 0.106956 0.028374
-0.022780 0.107217 0.028226
-0.020618 0.107267 0.028268
-0.005474 0.117735 0.036144
-0.005510 0.113758 0.032775
-0.005545 0.110424 0.030345
-0.005566 0.108679 0.029081
-0.015328 0.107394 0.028374
-0.005573 0.107627 0.028558
-0.083166 0.049812 0.026891
-0.083964 0.049868 0.026877
-0.085115 0.049897 0.026855
-0.087051 0.049932 0.026820
-0.089007 0.049974 0.026785
-0.090809 0.050080 0.026898
-0.090865 0.050299 0.027357
-0.090229 0.049996 0.026757
-0.090470 0.031087 0.028487
-0.089714 0.014996 0.030642
-0.231351 0.094778 0.060852
-0.231401 0.091684 0.063042
-0.231415 0.087997 0.063946
-0.231408 0.084254 0.063303
-0.231366 0.081012 0.061333
-0.231309 0.078822 0.058239
-0.231295 0.096749 0.057610
-0.231238 0.077925 0.054552
-0.231161 0.078560 0.050815
-0.231097 0.080531 0.047573
-0.231062 0.083625 0.045376
-0.231041 0.087312 0.044479
-0.231055 0.091056 0.045115
-0.231090 0.094298 0.047092
-0.231154 0.096488 0.050186
-0.231224 0.097392 0.053873
0.030055 0.124155 0.044592
0.030069 0.121662 0.041039
0.010066 0.117918 0.036483
0.030084 0.118159 0.036921
-0.257960 -0.049247 0.062505
-0.258744 -0.044288 0.062477
-0.259966 -0.034724 0.062463
-0.261145 -0.022971 0.062505
-0.261781 -0.011436 0.062646
-0.263257 0.000000 0.071857
-0.262883 0.000000 0.069215
-0.261965 0.000000 0.062738
-0.258751 -0.034866 0.054848
-0.259916 -0.023069 0.054813
-0.259153 -0.011436 0.047848
-0.258150 -0.011372 0.042939
-0.258193 0.000000 0.041202
0.355811 -0.132865 0.122481
0.381310 -0.133190 0.149118
0.383782 -0.130061 0.160236
0.382581 -0.120892 0.170294
0.380420 -0.107938 0.178474
0.373194 -0.133133 0.137845
0.379127 -0.092525 0.183736
0.378393 -0.075516 0.186993
0.366194 -0.132243 0.124869
0.363686 0.000000 0.190616
0.372353 -0.020025 0.191111
0.372495 0.000000 0.191075
0.376337 -0.039563 0.190969
0.377919 -0.057801 0.189161
0.304388 0.000000 0.194501
0.240859 -0.149386 0.138833
0.223144 -0.149295 0.135521
0.204877 -0.148468 0.127610
0.188320 -0.146688 0.115305
0.175719 -0.143743 0.098790
0.167342 -0.139653 0.081831
0.160850 -0.133967 0.068029
0.161981 -0.134306 0.068163
0.163436 -0.134419 0.068163
0.158957 -0.133063 0.067633
0.155193 -0.131261 0.066849
0.149641 -0.129312 0.065867
0.258546 -0.148772 0.138325
0.276727 -0.147479 0.134744
0.294365 -0.145247 0.126910
0.310413 -0.141835 0.113617
0.323064 -0.137470 0.097674
0.345639 -0.122418 0.069569
0.340596 -0.124106 0.068629
0.338102 -0.125674 0.067902
0.336852 -0.126458 0.067541
0.335934 -0.126776 0.067358
0.354546 -0.121252 0.070600
0.360148 -0.130188 0.106511
0.364838 -0.125731 0.089862
0.364873 -0.120497 0.073009
0.330502 -0.132377 0.081887
0.334443 -0.126946 0.067167
0.303738 0.000000 0.192516
0.301047 -0.019241 0.191280
0.302891 0.000000 0.191139
0.303385 0.000000 0.191450
0.301803 0.000000 0.191457
0.301047 0.019241 0.191273
0.147889 -0.126027 0.056812
0.147211 -0.124968 0.052764
0.128351 -0.122284 0.043441
0.131198 -0.122291 0.043624
0.138318 -0.122319 0.044069
0.147098 -0.125038 0.051394
0.147006 -0.125137 0.050349
0.146865 -0.124502 0.048477
0.146596 -0.122368 0.044620
0.121860 -0.119034 0.038885
0.122262 -0.118596 0.038871
0.122884 -0.117608 0.038772
0.123484 -0.116633 0.038694
0.125328 -0.117678 0.038991
0.126458 -0.118830 0.039097
0.124325 -0.116548 0.038863
0.123838 -0.116237 0.038743
0.127320 -0.119218 0.039160
0.110353 -0.124382 0.046421
0.116280 -0.122227 0.042939
0.120087 -0.119133 0.038835
0.103360 -0.124360 0.046273
0.087044 -0.124325 0.045927
0.095704 -0.124346 0.046111
0.073997 -0.124283 0.045630
0.053181 -0.124219 0.045143
-0.082269 -0.049657 0.026905
-0.080397 -0.049254 0.026947
-0.076653 -0.048449 0.027018
-0.071596 -0.047587 0.027117
-0.065783 -0.047008 0.027230
-0.044754 -0.046817 0.027632
-0.033326 -0.047008 0.027851
-0.030288 -0.047057 0.027915
-0.028727 -0.047078 0.027943
-0.027611 -0.066560 0.028092
-0.057433 -0.046746 0.027392
0.030076 -0.114358 0.033516
0.030069 -0.111173 0.031058
0.030062 -0.109506 0.029773
0.030062 -0.108474 0.029250
0.030062 -0.107210 0.029073
-0.022780 -0.100224 0.028056
-0.020618 -0.100274 0.028099
-0.015335 -0.100394 0.028205
-0.005573 -0.100613 0.028388
0.010002 -0.100966 0.028685
0.030062 -0.101425 0.029073
-0.023458 -0.099984 0.028212
-0.024270 -0.099285 0.028699
-0.025012 -0.098642 0.029144
-0.025443 -0.098564 0.029186
-0.025881 -0.084656 0.028932
-0.026629 -0.066235 0.028494
-0.085115 -0.030507 0.026855
-0.087051 -0.030536 0.026820
-0.089007 -0.030557 0.026785
-0.083964 -0.030500 0.026877
-0.083159 -0.030458 0.026891
-0.090809 -0.030620 0.026898
-0.090865 -0.030762 0.027357
-0.090229 -0.030571 0.026757
-0.090470 -0.014699 0.028487
-0.089714 0.000000 0.030642
0.053217 -0.121825 0.041569
0.053245 -0.118441 0.037423
0.053266 -0.114754 0.033997
-0.231676 -0.096565 0.057532
-0.231740 -0.094630 0.060711
-0.231782 -0.091600 0.062851
-0.231796 -0.087990 0.063734
-0.231789 -0.084324 0.063113
-0.231754 -0.081153 0.061177
-0.231690 -0.079005 0.058147
-0.231620 -0.078130 0.054537
-0.231549 -0.078751 0.050879
-0.231486 -0.080680 0.047700
-0.231443 -0.083710 0.045553
-0.231429 -0.087319 0.044670
-0.231443 -0.090985 0.045298
-0.231479 -0.094164 0.047227
-0.231542 -0.096311 0.050264
-0.231606 -0.097187 0.053873
0.338604 0.131191 0.102322
0.332487 0.132286 0.101764
0.328588 0.134157 0.100450
0.326356 0.135959 0.099094
0.338879 0.133642 0.120249
0.345823 0.130626 0.102901
0.258730 0.148242 0.140161
0.240619 0.148871 0.140649
0.222480 0.148779 0.137287
0.277434 0.146942 0.136566
0.295629 0.144696 0.128549
0.203705 0.147931 0.129333
0.186632 0.146137 0.116767
0.173593 0.143178 0.099553
0.172025 0.142047 0.099998
0.168917 0.139801 0.100867
0.312193 0.141249 0.114817
0.325233 0.136870 0.098416
0.346918 0.133317 0.120878
0.355811 0.132872 0.122481
0.380420 0.107938 0.178474
0.382581 0.120892 0.170294
0.383782 0.130061 0.160236
0.381310 0.133190 0.149118
0.373194 0.133133 0.137845
0.379127 0.092525 0.183736
0.378393 0.075516 0.186993
0.366194 0.132243 0.124869
0.372353 0.020025 0.191111
0.376337 0.039563 0.190969
0.377919 0.057794 0.189161
0.154168 0.133501 0.080340
0.149641 0.129312 0.065867
0.147889 0.126027 0.056812
0.147211 0.124968 0.052764
0.147098 0.125038 0.051394
0.147006 0.125137 0.050349
0.146865 0.124502 0.048477
0.131198 0.122291 0.043624
0.138318 0.122319 0.044069
0.128351 0.122284 0.043441
0.121860 0.119034 0.038885
0.122262 0.118596 0.038871
0.122884 0.117608 0.038772
0.123484 0.116633 0.038694
0.126458 0.118830 0.039097
0.125328 0.117678 0.038991
0.124325 0.116548 0.038863
0.123838 0.116237 0.038743
0.127320 0.119218 0.039160
0.110353 0.124382 0.046421
0.116280 0.122227 0.042939
0.120087 0.119133 0.038835
0.146596 0.122368 0.044620
0.159628 0.135860 0.081238
0.103360 0.124360 0.046273
0.053181 0.124219 0.045143
0.095704 0.124346 0.046111
0.087044 0.124325 0.045927
0.073997 0.124283 0.045630
-0.257960 0.049247 0.062505
-0.258744 0.044288 0.062477
-0.259966 0.034731 0.062463
-0.261145 0.022971 0.062505
-0.261781 0.011436 0.062646
-0.258751 0.034866 0.054848
-0.259916 0.023069 0.054813
-0.259153 0.011436 0.047848
-0.258150 0.011372 0.042939
-0.082269 0.049657 0.026912
-0.080397 0.049254 0.026947
-0.076653 0.048449 0.027018
-0.033326 0.047008 0.027851
-0.030288 0.047057 0.027915
-0.044754 0.046817 0.027632
-0.057433 0.046746 0.027392
-0.065783 0.047008 0.027230
-0.071596 0.047587 0.027117
-0.026629 0.085137 0.028494
-0.027611 0.066560 0.028092
-0.028727 0.047078 0.027943
-0.025881 0.098889 0.028932
-0.025443 0.104187 0.029186
-0.025012 0.104272 0.029144
-0.024270 0.104950 0.028699
-0.023458 0.105691 0.028212
-0.022780 0.105946 0.028056
-0.020618 0.105995 0.028099
-0.015335 0.106122 0.028205
0.010044 0.114019 0.033100
0.010016 0.110749 0.030656
0.010009 0.109040 0.029384
0.010002 0.108001 0.028862
-0.005573 0.106355 0.028388
0.010002 0.106730 0.028685
-0.083159 0.030458 0.026891
-0.083964 0.030500 0.026877
-0.085115 0.030514 0.026855
-0.087051 0.030536 0.026820
-0.089007 0.030557 0.026785
-0.090809 0.030627 0.026898
-0.090865 0.030762 0.027357
-0.090229 0.030578 0.026757
-0.090470 0.014699 0.028487
-0.231676 0.096565 0.057532
-0.231740 0.094630 0.060711
-0.231782 0.091600 0.062858
-0.231796 0.087990 0.063734
-0.231789 0.084324 0.063113
-0.231754 0.081153 0.061177
-0.231690 0.079005 0.058147
-0.231606 0.097187 0.053873
-0.231620 0.078130 0.054537
-0.231549 0.078751 0.050879
-0.231486 0.080680 0.047700
-0.231443 0.083710 0.045553
-0.231429 0.087319 0.044670
-0.231443 0.090985 0.045298
-0.231479 0.094164 0.047227
-0.231542 0.096311 0.050264
0.053217 0.121825 0.041569
0.053245 0.118441 0.037423
0.030076 0.114358 0.033516
0.053266 0.114754 0.033997
-0.260538 -0.011478 0.054806
-0.260714 0.000000 0.054813
-0.259316 0.000000 0.047806
-0.258306 0.000000 0.042883
0.367056 -0.129898 0.109619
0.386586 -0.132914 0.149302
0.384764 -0.132476 0.138798
0.385237 -0.129658 0.160257
0.383182 -0.120080 0.169750
0.381140 -0.107260 0.177450
0.385725 -0.128676 0.160186
0.378689 -0.131367 0.127857
0.379940 -0.091790 0.182316
0.379262 -0.074725 0.185276
0.375045 -0.129368 0.113730
0.376387 0.000000 0.191273
0.376337 -0.020004 0.191322
0.377672 -0.039273 0.190369
0.378809 -0.057094 0.187268
0.241050 -0.149386 0.136714
0.223645 -0.149295 0.133472
0.189959 -0.146688 0.113836
0.205916 -0.148468 0.125759
0.177859 -0.143743 0.097929
0.169828 -0.139618 0.081471
0.166049 -0.134299 0.067887
0.159572 -0.129495 0.058599
0.160730 -0.129750 0.058712
0.162200 -0.129827 0.058726
0.157594 -0.128824 0.058274
0.153667 -0.127482 0.057624
0.258405 -0.148772 0.136220
0.276021 -0.147479 0.132688
0.292974 -0.145282 0.125095
0.308358 -0.141977 0.112395
0.320500 -0.137696 0.097053
0.327733 -0.132596 0.081513
0.348493 -0.116852 0.056918
0.342877 -0.118653 0.055618
0.340342 -0.120285 0.055018
0.339063 -0.121111 0.054714
0.338124 -0.121429 0.054566
0.336598 -0.121556 0.054424
0.358989 -0.115524 0.059298
0.372198 -0.125625 0.094171
0.374204 -0.120037 0.078073
0.370969 -0.114486 0.063445
0.331604 -0.127087 0.066863
0.333681 -0.121613 0.054205
0.153130 -0.125978 0.053478
0.153088 -0.125667 0.052037
0.130272 -0.119239 0.039301
0.137668 -0.119275 0.039669
0.146257 -0.119345 0.040114
0.153052 -0.125476 0.050942
0.153003 -0.124657 0.049021
0.152911 -0.122460 0.045086
0.152791 -0.119451 0.040502
0.120779 -0.115594 0.035452
0.121196 -0.115178 0.035537
0.121810 -0.114358 0.035607
0.122404 -0.113560 0.035692
0.126267 -0.115856 0.035586
0.125392 -0.115503 0.035607
0.124247 -0.114457 0.035734
0.123237 -0.113440 0.035840
0.122750 -0.113200 0.035798
0.129319 -0.115884 0.035699
0.109753 -0.122185 0.042798
0.115361 -0.119126 0.038736
0.119034 -0.115736 0.035353
0.102901 -0.122149 0.042657
0.086910 -0.122051 0.042325
0.095400 -0.122107 0.042501
0.073997 -0.121966 0.042042
-0.082269 -0.030366 0.026905
-0.080397 -0.030119 0.026947
-0.076653 -0.029624 0.027018
-0.071596 -0.029102 0.027117
-0.065783 -0.028749 0.027230
-0.044754 -0.028628 0.027632
-0.033326 -0.028741 0.027851
-0.057433 -0.028586 0.027392
-0.030288 -0.028777 0.027915
-0.028727 -0.028791 0.027943
-0.027611 -0.047015 0.028092
0.053273 -0.111660 0.031517
0.053273 -0.110043 0.030225
0.053280 -0.109032 0.029695
0.053280 -0.107768 0.029518
0.053280 -0.101948 0.029518
-0.022780 -0.085801 0.028056
-0.020618 -0.085843 0.028099
-0.015335 -0.085949 0.028205
-0.005573 -0.086133 0.028388
0.010002 -0.086436 0.028692
0.030062 -0.086825 0.029073
0.053280 -0.087277 0.029518
-0.023458 -0.085596 0.028212
-0.024270 -0.084995 0.028699
-0.025012 -0.084444 0.029144
-0.025443 -0.084381 0.029186
-0.025881 -0.065860 0.028932
-0.026629 -0.046782 0.028494
-0.087051 -0.014438 0.026820
-0.085115 -0.014431 0.026855
-0.089007 -0.014452 0.026785
-0.083964 -0.014424 0.026877
-0.083166 -0.014410 0.026891
-0.090865 -0.014544 0.027357
-0.090809 -0.014480 0.026898
-0.090229 -0.014459 0.026757
-0.090470 0.000000 0.028487
0.073983 -0.118688 0.037875
0.073962 -0.115100 0.034428
0.073941 -0.112084 0.031934
-0.232072 -0.095965 0.057299
-0.232008 -0.096551 0.053888
-0.232128 -0.094164 0.060266
-0.232164 -0.091338 0.062265
-0.232185 -0.087969 0.063084
-0.232171 -0.084550 0.062505
-0.232135 -0.081591 0.060704
-0.232086 -0.079585 0.057871
-0.232015 -0.078765 0.054509
-0.231952 -0.079352 0.051090
-0.231895 -0.081153 0.048131
-0.231853 -0.083978 0.046125
-0.231839 -0.087347 0.045305
-0.231853 -0.090766 0.045892
-0.231888 -0.093726 0.047693
-0.231945 -0.095732 0.050518
0.348196 0.126564 0.085426
0.340892 0.127631 0.084889
0.336464 0.129354 0.083879
0.334055 0.131000 0.082883
0.332847 0.131826 0.082382
0.353035 0.130357 0.104286
0.356729 0.125985 0.086691
0.277109 0.147345 0.135839
0.258617 0.148638 0.139434
0.240767 0.149259 0.139950
0.222882 0.149167 0.136601
0.204305 0.148334 0.128620
0.295107 0.145099 0.127885
0.311501 0.141645 0.114302
0.187395 0.146554 0.116131
0.174518 0.143601 0.099257
0.165950 0.139512 0.081944
0.164898 0.139102 0.081909
0.163132 0.138021 0.081683
0.324406 0.137251 0.098056
0.331957 0.132173 0.082135
0.360148 0.130188 0.106511
0.367056 0.129898 0.109619
0.383182 0.120080 0.169750
0.385725 0.128676 0.160186
0.385237 0.129658 0.160257
0.381140 0.107260 0.177450
0.386593 0.132914 0.149302
0.384764 0.132476 0.138798
0.378689 0.131367 0.127857
0.379940 0.091790 0.182309
0.379262 0.074725 0.185276
0.375045 0.129368 0.113730
0.376344 0.020004 0.191322
0.377672 0.039273 0.190369
0.378809 0.057094 0.187268
0.155193 0.131261 0.066849
0.153667 0.127482 0.057624
0.153130 0.125971 0.053478
0.153088 0.125667 0.052037
0.153052 0.125476 0.050942
0.153003 0.124657 0.049021
0.152911 0.122460 0.045086
0.130272 0.119239 0.039301
0.137668 0.119275 0.039669
0.146257 0.119345 0.040114
0.120779 0.115594 0.035452
0.121196 0.115178 0.035537
0.121810 0.114358 0.035607
0.122404 0.113560 0.035692
0.126267 0.115856 0.035586
0.125392 0.115503 0.035607
0.124247 0.114457 0.035734
0.123237 0.113447 0.035840
0.122750 0.113200 0.035798
0.129319 0.115884 0.035699
0.109753 0.122185 0.042798
0.115361 0.119126 0.038736
0.119034 0.115736 0.035353
0.152791 0.119451 0.040502
0.158957 0.133063 0.067633
0.102901 0.122149 0.042657
0.073997 0.121966 0.042042
0.095400 0.122107 0.042501
0.086910 0.122051 0.042325
-0.260538 0.011478 0.054806
-0.082269 0.030366 0.026905
-0.080397 0.030119 0.026947
-0.076653 0.029624 0.027018
-0.033326 0.028749 0.027851
-0.030288 0.028777 0.027915
-0.044754 0.028628 0.027632
-0.057433 0.028586 0.027392
-0.065783 0.028749 0.027230
-0.071596 0.029102 0.027117
-0.025881 0.084656 0.028932
-0.026629 0.066235 0.028494
-0.027611 0.047015 0.028092
-0.028727 0.028791 0.027943
-0.025443 0.098564 0.029186
-0.025012 0.098642 0.029144
-0.024270 0.099285 0.028699
-0.022780 0.100224 0.028056
-0.023458 0.099984 0.028212
-0.020618 0.100274 0.028099
-0.015335 0.100394 0.028205
-0.005573 0.100613 0.028388
0.030069 0.111173 0.031058
0.030062 0.109506 0.029773
0.030062 0.108474 0.029250
0.030062 0.107210 0.029073
0.010002 0.100966 0.028685
0.030062 0.101425 0.029073
-0.083166 0.014410 0.026891
-0.083964 0.014424 0.026877
-0.085115 0.014431 0.026855
-0.087051 0.014445 0.026820
-0.089007 0.014452 0.026785
-0.090229 0.014459 0.026757
-0.090809 0.014487 0.026898
-0.090865 0.014551 0.027357
-0.232072 0.095965 0.057299
-0.232128 0.094164 0.060266
-0.232008 0.096551 0.053888
-0.232164 0.091338 0.062265
-0.232185 0.087969 0.063084
-0.232171 0.084550 0.062505
-0.232135 0.081591 0.060704
-0.232086 0.079585 0.057878
-0.231945 0.095732 0.050518
-0.232015 0.078765 0.054509
-0.231952 0.079352 0.051090
-0.231895 0.081153 0.048131
-0.231853 0.083978 0.046125
-0.231839 0.087347 0.045305
-0.231853 0.090766 0.045892
-0.231888 0.093726 0.047693
0.073983 0.118688 0.037875
0.073962 0.115100 0.034428
0.053273 0.111660 0.031517
0.073941 0.112084 0.031934
0.378470 -0.125476 0.098840
0.389871 -0.132187 0.139215
0.388013 -0.132497 0.149443
0.389292 -0.130590 0.130435
0.388409 -0.131466 0.149718
0.385739 -0.127016 0.159975
0.383415 -0.118724 0.168776
0.381600 -0.106158 0.175634
0.388303 -0.129707 0.149973
0.385393 -0.128478 0.118957
0.380575 -0.090639 0.179795
0.380024 -0.073482 0.182239
0.384926 -0.125130 0.104392
0.377609 -0.019856 0.190722
0.377623 0.000000 0.190687
0.377609 0.019856 0.190722
0.378555 -0.038758 0.188398
0.379643 -0.055978 0.183927
0.241466 -0.149386 0.132999
0.224768 -0.149295 0.129877
0.207908 -0.148468 0.122517
0.192869 -0.146688 0.111250
0.181624 -0.143743 0.096410
0.174193 -0.139533 0.080785
0.170626 -0.133960 0.067167
0.164700 -0.129658 0.058408
0.161818 -0.127659 0.054424
0.160342 -0.127602 0.054410
0.159169 -0.127419 0.054304
0.163965 -0.127581 0.054283
0.157142 -0.126938 0.054029
0.258080 -0.148772 0.132526
0.274686 -0.147479 0.129079
0.290508 -0.145346 0.121902
0.304748 -0.142224 0.110247
0.316001 -0.138099 0.095951
0.322859 -0.132978 0.080842
0.326617 -0.127348 0.066334
0.349920 -0.111653 0.048420
0.343902 -0.113680 0.046704
0.341345 -0.115411 0.046132
0.340066 -0.116280 0.045842
0.339112 -0.116612 0.045708
0.337559 -0.116725 0.045602
0.334571 -0.116767 0.045454
0.361610 -0.109859 0.052136
0.382165 -0.119783 0.084423
0.381056 -0.113553 0.070014
0.374790 -0.108263 0.057794
0.328553 -0.121711 0.053824
0.329337 -0.116866 0.045192
0.157149 -0.126303 0.052531
0.157156 -0.125830 0.051387
0.136997 -0.115941 0.035982
0.145904 -0.116039 0.036314
0.152657 -0.116174 0.036603
0.157163 -0.124819 0.049416
0.157184 -0.122559 0.045433
0.157206 -0.119550 0.040785
0.157213 -0.116294 0.036815
0.119903 -0.112698 0.032965
0.120320 -0.112289 0.033135
0.120935 -0.111618 0.033347
0.121521 -0.110961 0.033559
0.125413 -0.113023 0.032994
0.128549 -0.113052 0.033078
0.124516 -0.112698 0.033078
0.123364 -0.111731 0.033396
0.122347 -0.110820 0.033686
0.121860 -0.110629 0.033707
0.136446 -0.113129 0.033283
0.108997 -0.119063 0.038602
0.114429 -0.115722 0.035247
0.118180 -0.112875 0.032838
0.102322 -0.118992 0.038468
0.086733 -0.118830 0.038143
0.095011 -0.118914 0.038313
-0.082269 -0.014360 0.026905
-0.080397 -0.014247 0.026947
-0.076653 -0.014014 0.027018
-0.071596 -0.013760 0.027117
-0.065783 -0.013597 0.027230
-0.057433 -0.013520 0.027392
-0.044754 -0.013541 0.027632
-0.033326 -0.013597 0.027851
-0.030288 -0.013611 0.027915
-0.028727 -0.013618 0.027943
-0.027611 -0.028749 0.028092
0.073927 -0.110509 0.030627
0.073927 -0.109520 0.030098
0.073920 -0.108255 0.029921
0.073920 -0.102414 0.029921
0.073920 -0.087679 0.029921
-0.022780 -0.066750 0.028056
-0.020618 -0.066786 0.028099
-0.015335 -0.066863 0.028205
-0.005573 -0.067012 0.028388
0.010002 -0.067245 0.028685
0.030062 -0.067548 0.029073
0.053280 -0.067902 0.029518
0.073920 -0.068212 0.029921
-0.023458 -0.066588 0.028212
-0.024270 -0.066122 0.028699
-0.025012 -0.065698 0.029144
-0.025443 -0.065648 0.029186
-0.025881 -0.046520 0.028932
-0.026629 -0.028607 0.028494
-0.087051 0.000000 0.026820
-0.085115 0.000000 0.026855
-0.089007 0.000000 0.026785
-0.083964 0.000000 0.026877
-0.083159 0.000000 0.026891
-0.082269 0.000000 0.026905
-0.090865 0.000000 0.027357
-0.090809 0.000000 0.026898
-0.090229 0.000000 0.026757
0.086549 -0.115305 0.034682
0.086394 -0.112338 0.032181
0.086309 -0.110784 0.030868
-0.232863 -0.095160 0.053916
-0.232920 -0.094672 0.056798
-0.232969 -0.093147 0.059298
-0.232997 -0.090766 0.060986
-0.233011 -0.087920 0.061686
-0.233004 -0.085038 0.061191
-0.232976 -0.082537 0.059673
-0.232927 -0.080842 0.057285
-0.232877 -0.080150 0.054446
-0.232821 -0.080644 0.051564
-0.232771 -0.082163 0.049063
-0.232736 -0.084550 0.047368
-0.232722 -0.087397 0.046676
-0.232764 -0.092779 0.048689
-0.232736 -0.090279 0.047170
-0.232807 -0.094468 0.051076
0.354546 0.121252 0.070600
0.345639 0.122418 0.069569
0.340596 0.124106 0.068629
0.338102 0.125674 0.067902
0.336852 0.126458 0.067541
0.335934 0.126776 0.067358
0.364838 0.125731 0.089862
0.364873 0.120497 0.073009
0.258546 0.148772 0.138325
0.276727 0.147479 0.134744
0.294365 0.145247 0.126910
0.240859 0.149386 0.138833
0.223144 0.149295 0.135521
0.204877 0.148468 0.127610
0.188320 0.146688 0.115305
0.310413 0.141835 0.113617
0.323064 0.137470 0.097674
0.175719 0.143743 0.098797
0.167342 0.139653 0.081831
0.161981 0.134313 0.068163
0.163436 0.134419 0.068163
0.160850 0.133967 0.068029
0.330509 0.132377 0.081894
0.334443 0.126946 0.067167
0.372198 0.125625 0.094171
0.378470 0.125476 0.098833
0.388013 0.132497 0.149443
0.388409 0.131466 0.149718
0.383415 0.118724 0.168776
0.385739 0.127016 0.159975
0.388303 0.129707 0.149973
0.381600 0.106158 0.175634
0.389871 0.132187 0.139215
0.389292 0.130590 0.130435
0.385393 0.128478 0.118957
0.380575 0.090639 0.179795
0.380024 0.073482 0.182239
0.384926 0.125130 0.104392
0.378555 0.038758 0.188398
0.379643 0.055978 0.183927
0.157594 0.128824 0.058274
0.157142 0.126938 0.054029
0.157149 0.126303 0.052531
0.157156 0.125830 0.051387
0.157163 0.124819 0.049416
0.157184 0.122559 0.045433
0.157206 0.119550 0.040785
0.136997 0.115941 0.035982
0.145904 0.116039 0.036314
0.152657 0.116174 0.036603
0.119903 0.112698 0.032965
0.120320 0.112289 0.033135
0.120935 0.111618 0.033347
0.121521 0.110961 0.033559
0.128549 0.113052 0.033078
0.125413 0.113023 0.032994
0.124516 0.112698 0.033078
0.123364 0.111731 0.033396
0.122347 0.110820 0.033686
0.121860 0.110629 0.033707
0.136446 0.113129 0.033283
0.108997 0.119063 0.038602
0.114422 0.115722 0.035247
0.118180 0.112875 0.032831
0.157213 0.116294 0.036815
0.159572 0.129495 0.058599
0.102322 0.118992 0.038468
0.086733 0.118830 0.038143
0.095011 0.118914 0.038313
-0.082269 0.014360 0.026912
-0.080397 0.014247 0.026947
-0.076653 0.014014 0.027018
-0.033326 0.013597 0.027851
-0.028727 0.013618 0.027943
-0.030288 0.013611 0.027915
-0.057433 0.013520 0.027392
-0.065783 0.013597 0.027230
-0.044754 0.013541 0.027632
-0.071596 0.013760 0.027117
-0.025881 0.065860 0.028932
-0.025443 0.084381 0.029186
-0.026629 0.046782 0.028494
-0.027611 0.028749 0.028092
-0.025012 0.084444 0.029144
-0.024270 0.084995 0.028699
-0.023458 0.085596 0.028212
-0.022780 0.085801 0.028056
-0.020618 0.085843 0.028099
-0.015335 0.085949 0.028205
-0.005573 0.086133 0.028388
0.010002 0.086436 0.028685
0.053280 0.110043 0.030225
0.053280 0.109032 0.029695
0.053280 0.107768 0.029526
0.053280 0.101948 0.029518
0.030062 0.086825 0.029073
0.053280 0.087277 0.029518
-0.232969 0.093147 0.059298
-0.232920 0.094672 0.056798
-0.232997 0.090766 0.060986
-0.232863 0.095160 0.053916
-0.233011 0.087920 0.061686
-0.233004 0.085038 0.061191
-0.232976 0.082537 0.059673
-0.232877 0.080150 0.054446
-0.232927 0.080842 0.057285
-0.232807 0.094468 0.051076
-0.232821 0.080644 0.051564
-0.232771 0.082163 0.049063
-0.232736 0.084550 0.047368
-0.232722 0.087397 0.046676
-0.232764 0.092779 0.048689
-0.232736 0.090279 0.047170
0.086549 0.115305 0.034682
0.086394 0.112338 0.032181
0.073927 0.110509 0.030627
0.086309 0.110784 0.030868
0.388388 -0.119635 0.090660
0.391354 -0.131939 0.138636
0.393968 -0.130251 0.131565
0.390500 -0.131134 0.141461
0.394399 -0.127638 0.123484
0.390358 -0.129439 0.141843
0.385788 -0.124572 0.159586
0.388232 -0.127115 0.150022
0.383747 -0.116732 0.167342
0.382271 -0.104533 0.172957
0.390274 -0.126917 0.141948
0.392852 -0.124417 0.111385
0.381508 -0.088944 0.176101
0.381140 -0.071652 0.177782
0.393819 -0.119416 0.097568
0.378463 -0.019587 0.188780
0.378463 0.000000 0.188780
0.378463 0.019587 0.188780
0.379417 -0.037945 0.184937
0.380872 -0.054347 0.179011
0.225905 -0.149295 0.126402
0.241890 -0.149386 0.129404
0.209878 -0.148468 0.119373
0.195702 -0.146688 0.108750
0.185262 -0.143743 0.094941
0.178424 -0.139455 0.080114
0.175069 -0.133628 0.066461
0.168938 -0.129185 0.057554
0.167158 -0.127369 0.053930
0.161861 -0.126790 0.052878
0.160377 -0.126748 0.052863
0.159198 -0.126628 0.052779
0.164234 -0.126797 0.052878
0.257748 -0.148772 0.128945
0.273386 -0.147479 0.125582
0.288114 -0.145403 0.118815
0.301252 -0.142457 0.108171
0.311642 -0.138487 0.094884
0.318141 -0.133345 0.080192
0.321779 -0.127595 0.065818
0.323587 -0.121803 0.053450
0.344241 -0.109894 0.043730
0.350393 -0.107542 0.045574
0.341705 -0.111604 0.043172
0.340426 -0.112458 0.042890
0.339473 -0.112804 0.042763
0.337912 -0.112960 0.042664
0.334903 -0.113158 0.042537
0.329612 -0.113624 0.042310
0.362500 -0.104745 0.049720
0.389143 -0.112826 0.077805
0.385266 -0.106793 0.065345
0.376104 -0.102117 0.055872
0.324258 -0.116972 0.044931
0.324491 -0.114104 0.042092
0.159219 -0.126013 0.051613
0.159254 -0.124897 0.049621
0.145607 -0.113249 0.033538
0.152544 -0.113412 0.033742
0.157213 -0.113567 0.033884
0.159332 -0.122602 0.045609
0.159424 -0.119600 0.040926
0.159501 -0.116357 0.036921
0.159558 -0.113645 0.033961
0.119437 -0.111180 0.031666
0.119868 -0.110784 0.031878
0.120475 -0.110177 0.032160
0.121062 -0.109605 0.032443
0.124961 -0.111540 0.031638
0.128146 -0.111575 0.031701
0.136163 -0.111653 0.031878
0.124057 -0.111229 0.031758
0.122905 -0.110311 0.032174
0.121888 -0.109442 0.032563
0.121401 -0.109287 0.032612
0.145459 -0.111787 0.032083
0.108234 -0.115630 0.035120
0.113666 -0.112854 0.032711
0.117728 -0.111378 0.031517
0.101729 -0.115531 0.034993
0.094609 -0.115425 0.034844
-0.080397 0.000000 0.026947
-0.076653 0.000000 0.027018
-0.071596 0.000000 0.027117
-0.065783 0.000000 0.027230
-0.057433 0.000000 0.027392
-0.044754 0.000000 0.027632
-0.033326 0.000000 0.027851
-0.030288 0.000000 0.027915
-0.028727 0.000000 0.027943
-0.027611 -0.013597 0.028092
0.086274 -0.109802 0.030331
0.086267 -0.108545 0.030154
0.086267 -0.102682 0.030154
0.086267 -0.087905 0.030154
0.086267 -0.068389 0.030154
-0.022780 -0.047156 0.028056
-0.020618 -0.047177 0.028099
-0.015335 -0.047234 0.028205
-0.005573 -0.047333 0.028388
0.010002 -0.047502 0.028692
0.030062 -0.047714 0.029073
0.053280 -0.047961 0.029518
0.073920 -0.048180 0.029921
0.086267 -0.048307 0.030154
-0.023458 -0.047036 0.028212
-0.024270 -0.046704 0.028699
-0.025012 -0.046400 0.029144
-0.025443 -0.046372 0.029186
-0.025881 -0.028445 0.028932
-0.026629 -0.013527 0.028494
0.094277 -0.112487 0.032330
0.094100 -0.110954 0.031016
0.094030 -0.109972 0.030479
-0.233767 -0.092836 0.051804
-0.233845 -0.093231 0.053965
-0.233852 -0.092984 0.056155
-0.233915 -0.091741 0.057963
-0.233915 -0.090017 0.059341
-0.233915 -0.085666 0.059489
-0.233958 -0.087856 0.059736
-0.233923 -0.083851 0.058239
-0.233859 -0.082481 0.056522
-0.233852 -0.082078 0.054354
-0.233774 -0.082325 0.052171
-0.233774 -0.083576 0.050356
-0.233711 -0.085299 0.048986
-0.233739 -0.087460 0.048583
-0.233711 -0.089650 0.048830
-0.233767 -0.091466 0.050080
0.358989 0.115524 0.059298
0.348493 0.116852 0.056918
0.342877 0.118653 0.055618
0.340342 0.120285 0.055018
0.339063 0.121111 0.054714
0.338124 0.121429 0.054566
0.336598 0.121556 0.054424
0.374204 0.120037 0.078073
0.370969 0.114486 0.063445
0.241050 0.149386 0.136714
0.258405 0.148772 0.136220
0.276021 0.147479 0.132688
0.292974 0.145282 0.125095
0.308358 0.141977 0.112395
0.223645 0.149295 0.133472
0.205916 0.148468 0.125759
0.189959 0.146688 0.113836
0.177859 0.143743 0.097929
0.320500 0.137696 0.097053
0.327733 0.132596 0.081513
0.169828 0.139618 0.081471
0.166049 0.134299 0.067887
0.160730 0.129750 0.058712
0.162200 0.129827 0.058726
0.331604 0.127087 0.066863
0.333681 0.121613 0.054205
0.382165 0.119783 0.084423
0.388388 0.119635 0.090660
0.391354 0.131939 0.138636
0.390500 0.131134 0.141461
0.390358 0.129439 0.141843
0.383747 0.116725 0.167342
0.385788 0.124572 0.159586
0.388232 0.127115 0.150022
0.390274 0.126917 0.141948
0.382271 0.104533 0.172957
0.393968 0.130251 0.131565
0.394399 0.127638 0.123484
0.392852 0.124417 0.111385
0.381508 0.088944 0.176101
0.381140 0.071652 0.177782
0.393819 0.119416 0.097568
0.379417 0.037945 0.184937
0.380872 0.054347 0.179011
0.159169 0.127419 0.054311
0.159198 0.126628 0.052779
0.159219 0.126013 0.051613
0.159254 0.124897 0.049621
0.159332 0.122609 0.045609
0.159424 0.119600 0.040926
0.159501 0.116357 0.036921
0.145607 0.113249 0.033538
0.152544 0.113412 0.033742
0.157213 0.113567 0.033884
0.119437 0.111180 0.031666
0.119868 0.110784 0.031878
0.120475 0.110177 0.032160
0.121062 0.109605 0.032443
0.124961 0.111540 0.031630
0.128146 0.111575 0.031701
0.136163 0.111653 0.031878
0.124057 0.111229 0.031758
0.122905 0.110311 0.032174
0.121888 0.109442 0.032563
0.121401 0.109287 0.032612
0.145459 0.111787 0.032083
0.108234 0.115630 0.035120
0.113666 0.112854 0.032711
0.117728 0.111378 0.031517
0.159558 0.113645 0.033961
0.160342 0.127602 0.054410
0.101729 0.115531 0.034993
0.094609 0.115425 0.034844
-0.027611 0.013597 0.028092
-0.025443 0.065648 0.029186
-0.025881 0.046520 0.028932
-0.025012 0.065698 0.029144
-0.026629 0.028607 0.028494
-0.024270 0.066122 0.028699
-0.023458 0.066588 0.028212
-0.022780 0.066750 0.028056
-0.020618 0.066786 0.028099
-0.015335 0.066863 0.028205
-0.005573 0.067012 0.028388
0.010002 0.067245 0.028685
0.030062 0.067548 0.029073
0.073927 0.109520 0.030098
0.073920 0.108255 0.029921
0.073920 0.102414 0.029921
0.073920 0.087679 0.029921
0.053280 0.067902 0.029518
0.073920 0.068212 0.029921
-0.233852 0.092984 0.056155
-0.233915 0.091741 0.057963
-0.233915 0.090017 0.059341
-0.233767 0.092836 0.051804
-0.233845 0.093231 0.053965
-0.233958 0.087856 0.059736
-0.233915 0.085666 0.059489
-0.233923 0.083851 0.058239
-0.233859 0.082481 0.056522
-0.233852 0.082078 0.054354
-0.233774 0.082325 0.052171
-0.233774 0.083576 0.050356
-0.233711 0.085299 0.048986
-0.233739 0.087460 0.048583
-0.233711 0.089650 0.048830
-0.233767 0.091466 0.050080
0.094277 0.112487 0.032330
0.094100 0.110954 0.031016
0.086274 0.109802 0.030331
0.094030 0.109972 0.030479
0.399710 -0.112119 0.093973
0.395147 -0.112395 0.085617
0.395310 -0.129799 0.131805
0.392753 -0.130287 0.136065
0.391630 -0.130230 0.137626
0.391404 -0.130442 0.138035
0.391234 -0.130386 0.138516
0.398382 -0.127270 0.125476
0.399612 -0.123710 0.117410
0.391164 -0.128853 0.138671
0.385838 -0.122326 0.159205
0.388183 -0.124728 0.149980
0.384065 -0.114895 0.166021
0.382892 -0.103050 0.170492
0.391100 -0.126557 0.138678
0.390217 -0.124600 0.141920
0.399428 -0.118943 0.105932
0.382362 -0.087383 0.172696
0.382165 -0.069964 0.173678
0.403489 -0.111830 0.103389
0.379318 -0.019156 0.185354
0.379304 0.000000 0.185410
0.379318 0.019156 0.185354
0.380681 -0.036737 0.179844
0.381995 -0.052849 0.174497
0.210846 -0.148468 0.117841
0.226463 -0.149295 0.124699
0.242102 -0.149386 0.127645
0.197086 -0.146688 0.107521
0.187042 -0.143743 0.094213
0.180501 -0.139420 0.079811
0.177252 -0.133508 0.066199
0.173247 -0.127179 0.053803
0.176086 -0.127595 0.054749
0.168105 -0.126811 0.052927
0.164029 -0.126169 0.051797
0.161889 -0.126105 0.051705
0.160405 -0.126084 0.051691
0.167201 -0.126345 0.052122
0.257585 -0.148772 0.127193
0.272744 -0.147479 0.123866
0.286941 -0.145431 0.117304
0.299536 -0.142577 0.107154
0.309502 -0.138678 0.094362
0.315831 -0.133529 0.079881
0.319412 -0.127715 0.065564
0.321157 -0.121846 0.053266
0.321772 -0.117021 0.044811
0.341747 -0.107118 0.043172
0.344255 -0.105783 0.043723
0.350061 -0.103671 0.045454
0.340490 -0.107810 0.042890
0.339543 -0.108107 0.042763
0.337989 -0.108284 0.042671
0.334973 -0.108609 0.042537
0.329661 -0.109357 0.042310
0.324512 -0.110127 0.042092
0.361242 -0.100641 0.049247
0.374663 -0.096361 0.054792
0.394420 -0.104123 0.073955
0.399053 -0.104794 0.083010
0.386728 -0.100267 0.063748
0.386791 -0.095174 0.063706
0.321983 -0.114344 0.041986
0.321983 -0.110502 0.041986
0.160455 -0.124932 0.049692
0.160554 -0.122623 0.045673
0.152487 -0.111971 0.032245
0.157213 -0.112140 0.032358
0.159586 -0.112225 0.032407
0.160674 -0.119621 0.040983
0.160773 -0.116386 0.036963
0.160850 -0.113673 0.033990
0.160893 -0.112253 0.032436
0.119253 -0.110212 0.031136
0.119684 -0.109817 0.031362
0.120292 -0.109244 0.031680
0.120871 -0.108700 0.031984
0.124777 -0.110579 0.031079
0.127984 -0.110615 0.031143
0.136043 -0.110699 0.031306
0.145395 -0.110841 0.031489
0.123873 -0.110276 0.031221
0.122715 -0.109379 0.031673
0.121697 -0.108538 0.032097
0.121210 -0.108390 0.032167
0.152466 -0.111031 0.031630
0.107606 -0.112741 0.032598
0.113264 -0.111356 0.031390
0.117544 -0.110410 0.030981
0.101241 -0.112621 0.032471
-0.027611 0.000000 0.028092
0.094008 -0.108715 0.030302
0.094008 -0.102845 0.030302
0.094008 -0.088040 0.030302
0.094008 -0.068495 0.030302
0.094008 -0.048378 0.030302
-0.022780 -0.028833 0.028056
-0.020618 -0.028847 0.028099
-0.015335 -0.028883 0.028205
-0.005573 -0.028946 0.028388
0.010002 -0.029045 0.028685
0.030062 -0.029179 0.029073
0.053280 -0.029328 0.029518
0.073920 -0.029462 0.029921
0.086267 -0.029540 0.030154
0.094008 -0.029582 0.030302
-0.023458 -0.028763 0.028212
-0.024270 -0.028565 0.028699
-0.025012 -0.028374 0.029144
-0.025443 -0.028353 0.029186
-0.025881 -0.013456 0.028932
-0.026629 0.000000 0.028494
0.100987 -0.111095 0.031150
0.100881 -0.110120 0.030613
0.100853 -0.108863 0.030430
-0.234445 -0.091134 0.052567
-0.234601 -0.090971 0.054029
-0.234502 -0.091232 0.055484
-0.234650 -0.090081 0.056409
-0.234544 -0.089240 0.057624
-0.234544 -0.086323 0.057723
-0.234671 -0.087778 0.057462
-0.234650 -0.085398 0.056572
-0.234509 -0.084183 0.055731
-0.234608 -0.084345 0.054262
-0.234452 -0.084077 0.052814
-0.234558 -0.085235 0.051889
-0.234410 -0.086076 0.050674
-0.234544 -0.087545 0.050836
-0.234410 -0.088993 0.050568
-0.234558 -0.089919 0.051719
0.361610 0.109859 0.052136
0.349920 0.111653 0.048420
0.343902 0.113680 0.046704
0.341345 0.115411 0.046132
0.340066 0.116280 0.045842
0.339112 0.116612 0.045708
0.337559 0.116725 0.045602
0.334571 0.116767 0.045454
0.381056 0.113553 0.070014
0.374790 0.108263 0.057794
0.241466 0.149386 0.132999
0.224768 0.149295 0.129877
0.258080 0.148772 0.132526
0.274686 0.147479 0.129079
0.290508 0.145346 0.121902
0.304748 0.142224 0.110247
0.316001 0.138099 0.095951
0.207908 0.148468 0.122517
0.192869 0.146688 0.111250
0.181624 0.143743 0.096410
0.174193 0.139533 0.080785
0.322859 0.132978 0.080842
0.326617 0.127348 0.066334
0.170626 0.133960 0.067167
0.164700 0.129658 0.058408
0.163965 0.127581 0.054283
0.161818 0.127659 0.054424
0.328553 0.121711 0.053824
0.329337 0.116866 0.045192
0.389143 0.112826 0.077805
0.399710 0.112119 0.093973
0.395147 0.112395 0.085617
0.395310 0.129799 0.131805
0.391404 0.130442 0.138035
0.391630 0.130230 0.137626
0.392753 0.130287 0.136065
0.391234 0.130386 0.138516
0.391164 0.128853 0.138671
0.384065 0.114895 0.166021
0.385838 0.122326 0.159205
0.388183 0.124728 0.149980
0.391100 0.126557 0.138678
0.390217 0.124600 0.141920
0.382892 0.103050 0.170492
0.398382 0.127270 0.125476
0.399612 0.123710 0.117410
0.399428 0.118943 0.105932
0.382362 0.087383 0.172696
0.382165 0.069964 0.173678
0.403482 0.111830 0.103389
0.380681 0.036737 0.179844
0.381995 0.052849 0.174497
0.160377 0.126748 0.052863
0.160405 0.126084 0.051691
0.160455 0.124932 0.049692
0.160554 0.122623 0.045673
0.160674 0.119621 0.040983
0.160773 0.116386 0.036963
0.160850 0.113673 0.033990
0.152487 0.111971 0.032245
0.157213 0.112140 0.032358
0.159586 0.112225 0.032407
0.119253 0.110212 0.031136
0.119684 0.109817 0.031362
0.120292 0.109244 0.031680
0.120871 0.108700 0.031984
0.127984 0.110615 0.031143
0.124777 0.110579 0.031079
0.136043 0.110699 0.031306
0.145395 0.110841 0.031489
0.123873 0.110276 0.031221
0.122715 0.109379 0.031673
0.121697 0.108538 0.032097
0.121210 0.108390 0.032167
0.152466 0.111031 0.031630
0.107606 0.112741 0.032598
0.113264 0.111356 0.031390
0.117544 0.110410 0.030981
0.160893 0.112253 0.032436
0.161861 0.126790 0.052878
0.101241 0.112621 0.032471
-0.026629 0.013527 0.028494
-0.025012 0.046400 0.029144
-0.025443 0.046372 0.029186
-0.025881 0.028445 0.028932
-0.024270 0.046704 0.028699
-0.023458 0.047036 0.028212
-0.022780 0.047156 0.028056
-0.020618 0.047177 0.028099
-0.015335 0.047234 0.028205
-0.005573 0.047333 0.028388
0.010002 0.047502 0.028685
0.030062 0.047714 0.029073
0.053280 0.047961 0.029518
0.086267 0.108538 0.030154
0.086267 0.102682 0.030154
0.086267 0.087905 0.030154
0.086267 0.068389 0.030154
0.073920 0.048180 0.029921
0.086267 0.048307 0.030154
-0.234502 0.091232 0.055484
-0.234650 0.090081 0.056409
-0.234544 0.089240 0.057624
-0.234445 0.091134 0.052567
-0.234601 0.090971 0.054029
-0.234544 0.086323 0.057723
-0.234671 0.087778 0.057462
-0.234650 0.085398 0.056572
-0.234509 0.084183 0.055731
-0.234608 0.084345 0.054262
-0.234452 0.084077 0.052814
-0.234558 0.085235 0.051889
-0.234410 0.086076 0.050674
-0.234544 0.087538 0.050836
-0.234410 0.088993 0.050568
-0.234558 0.089919 0.051719
0.100987 0.111095 0.031150
0.100881 0.110127 0.030613
0.094008 0.108715 0.030302
0.100853 0.108863 0.030430
0.403468 -0.101178 0.091684
0.405616 -0.101390 0.102562
0.399470 -0.126854 0.126034
0.395868 -0.128690 0.131692
0.391693 -0.128648 0.137435
0.392922 -0.128478 0.135733
0.391390 -0.128577 0.137986
0.402599 -0.123400 0.120073
0.403871 -0.118476 0.113030
0.405834 -0.118272 0.116174
0.388162 -0.123597 0.149959
0.385859 -0.121252 0.159028
0.384213 -0.114019 0.165392
0.383189 -0.102336 0.169327
0.390196 -0.123499 0.141906
0.391051 -0.124438 0.138622
0.391354 -0.126282 0.137894
0.406131 -0.111597 0.111159
0.382772 -0.086641 0.171078
0.382659 -0.069166 0.171728
0.407085 -0.101333 0.110685
0.380568 -0.018521 0.180318
0.380526 0.000000 0.180466
0.380568 0.018521 0.180318
0.381847 -0.035635 0.175161
0.382532 -0.052129 0.172350
0.211192 -0.147995 0.117283
0.226668 -0.148821 0.124085
0.242173 -0.148913 0.127009
0.197588 -0.146222 0.107083
0.187685 -0.143291 0.093959
0.181250 -0.138975 0.079719
0.178050 -0.133077 0.066171
0.168627 -0.125413 0.050518
0.175776 -0.123273 0.046845
0.173586 -0.123195 0.046704
0.176892 -0.127186 0.054742
0.161938 -0.124947 0.049706
0.164425 -0.125067 0.049904
0.257522 -0.148299 0.126557
0.272511 -0.147006 0.123251
0.286518 -0.144979 0.116760
0.298921 -0.142160 0.106786
0.308739 -0.138304 0.094171
0.314998 -0.133169 0.079761
0.318565 -0.127355 0.065472
0.320281 -0.121478 0.053202
0.320959 -0.117897 0.046958
0.320882 -0.115891 0.044762
0.340589 -0.100464 0.042890
0.341818 -0.100210 0.043165
0.344269 -0.099857 0.043716
0.357435 -0.098020 0.047912
0.349093 -0.099193 0.045108
0.339656 -0.100634 0.042770
0.338109 -0.100733 0.042671
0.335086 -0.100945 0.042544
0.329732 -0.101439 0.042318
0.324540 -0.101941 0.042099
0.321998 -0.102188 0.041986
0.376154 -0.093535 0.055788
0.362464 -0.093514 0.049642
0.361207 -0.095230 0.049219
0.398474 -0.095287 0.077939
0.393897 -0.097886 0.070939
0.400410 -0.097844 0.082128
0.386827 -0.092730 0.063685
0.393756 -0.093881 0.070480
0.320882 -0.111886 0.044762
0.320882 -0.102915 0.044762
0.162044 -0.122637 0.045687
0.162171 -0.119628 0.041004
0.157213 -0.111201 0.031729
0.159600 -0.111293 0.031779
0.160914 -0.111321 0.031800
0.162277 -0.116393 0.036992
0.162362 -0.113680 0.034018
0.162411 -0.112268 0.032464
0.162426 -0.111335 0.031828
0.119190 -0.108948 0.030959
0.117488 -0.109145 0.030797
0.119621 -0.108559 0.031192
0.120228 -0.108001 0.031517
0.120807 -0.107479 0.031835
0.124721 -0.109322 0.030896
0.127927 -0.109357 0.030959
0.136008 -0.109442 0.031115
0.145374 -0.109576 0.031291
0.152452 -0.109767 0.031426
0.123809 -0.109018 0.031044
0.122651 -0.108135 0.031510
0.121634 -0.107309 0.031948
0.121146 -0.107168 0.032012
0.157213 -0.109944 0.031524
0.107274 -0.111229 0.031277
0.113101 -0.110389 0.030846
0.100853 -0.102986 0.030430
0.100853 -0.088160 0.030430
0.100853 -0.068587 0.030430
0.100853 -0.048449 0.030430
0.100853 -0.029624 0.030430
-0.022780 -0.013640 0.028056
-0.020618 -0.013647 0.028099
-0.015335 -0.013661 0.028205
-0.005573 -0.013689 0.028388
0.010002 -0.013739 0.028685
0.030062 -0.013802 0.029073
0.053280 -0.013873 0.029526
0.073920 -0.013936 0.029921
0.086267 -0.013972 0.030154
0.094008 -0.013993 0.030302
-0.023458 -0.013604 0.028212
-0.024270 -0.013505 0.028699
-0.025012 -0.013421 0.029144
-0.025443 -0.013414 0.029186
-0.025881 0.000000 0.028932
-0.025881 0.013456 0.028932
0.107139 -0.110262 0.030733
0.107097 -0.108997 0.030557
0.107097 -0.103113 0.030557
-0.235187 -0.087658 0.054135
0.362500 0.104745 0.049720
0.350393 0.107542 0.045574
0.344241 0.109894 0.043730
0.341705 0.111604 0.043172
0.340426 0.112458 0.042890
0.339473 0.112804 0.042763
0.337912 0.112960 0.042664
0.334903 0.113158 0.042537
0.329612 0.113624 0.042310
0.385273 0.106793 0.065345
0.376104 0.102117 0.055872
0.209878 0.148468 0.119373
0.225905 0.149295 0.126402
0.241890 0.149386 0.129404
0.257748 0.148772 0.128945
0.273386 0.147479 0.125582
0.288114 0.145403 0.118815
0.301252 0.142457 0.108171
0.311642 0.138487 0.094884
0.318141 0.133345 0.080192
0.195702 0.146688 0.108750
0.185262 0.143743 0.094941
0.178424 0.139455 0.080114
0.175069 0.133628 0.066461
0.321779 0.127595 0.065818
0.323587 0.121803 0.053450
0.168938 0.129185 0.057554
0.167158 0.127369 0.053930
0.164234 0.126797 0.052878
0.324258 0.116972 0.044931
0.324491 0.114104 0.042092
0.399053 0.104794 0.083010
0.394420 0.104123 0.073955
0.403468 0.101178 0.091684
0.405616 0.101390 0.102562
0.399470 0.126854 0.126034
0.395868 0.128690 0.131692
0.391390 0.128577 0.137986
0.391693 0.128641 0.137435
0.392922 0.128478 0.135733
0.384213 0.114019 0.165392
0.385859 0.121252 0.159028
0.388162 0.123597 0.149959
0.390196 0.123499 0.141906
0.391051 0.124438 0.138622
0.391354 0.126282 0.137894
0.383189 0.102336 0.169327
0.402599 0.123400 0.120073
0.403871 0.118476 0.113030
0.405834 0.118272 0.116174
0.406131 0.111597 0.111159
0.382772 0.086641 0.171078
0.382659 0.069166 0.171728
0.407085 0.101333 0.110685
0.381847 0.035635 0.175161
0.382532 0.052129 0.172350
0.161889 0.126112 0.051705
0.161938 0.124947 0.049706
0.162171 0.119628 0.041004
0.162044 0.122637 0.045687
0.162277 0.116393 0.036992
0.162362 0.113680 0.034018
0.162411 0.112268 0.032464
0.157213 0.111201 0.031729
0.159600 0.111293 0.031779
0.160914 0.111321 0.031800
0.119190 0.108948 0.030959
0.117488 0.109145 0.030797
0.119621 0.108559 0.031192
0.120228 0.108001 0.031517
0.120807 0.107479 0.031835
0.127927 0.109357 0.030959
0.136008 0.109442 0.031115
0.124721 0.109315 0.030896
0.145374 0.109576 0.031291
0.152452 0.109767 0.031426
0.123809 0.109018 0.031044
0.122651 0.108135 0.031503
0.121634 0.107309 0.031948
0.121146 0.107168 0.032012
0.157213 0.109944 0.031524
0.107274 0.111229 0.031277
0.113101 0.110389 0.030846
0.162426 0.111335 0.031828
0.164029 0.126169 0.051797
-0.024270 0.028565 0.028699
-0.025012 0.028374 0.029144
-0.025443 0.028353 0.029186
-0.023458 0.028763 0.028212
-0.022780 0.028833 0.028056
-0.020618 0.028847 0.028099
-0.005573 0.028946 0.028388
-0.015335 0.028883 0.028205
0.010002 0.029045 0.028685
0.030062 0.029179 0.029073
0.053280 0.029328 0.029518
0.073920 0.029462 0.029921
0.094008 0.102845 0.030302
0.094008 0.088040 0.030302
0.094008 0.068495 0.030302
0.094008 0.048378 0.030302
0.086267 0.029540 0.030154
0.094008 0.029582 0.030302
-0.235187 0.087658 0.054135
0.107139 0.110262 0.030733
0.107097 0.108997 0.030557
0.100853 0.102986 0.030430
0.107097 0.103113 0.030557
0.406392 -0.085956 0.102259
0.404973 -0.084762 0.093422
0.402317 -0.091882 0.085998
0.407438 -0.085956 0.110509
0.403348 -0.123061 0.120899
0.399809 -0.125879 0.126239
0.395988 -0.126889 0.131473
0.391672 -0.126345 0.137315
0.392929 -0.125964 0.135584
0.406251 -0.118038 0.117198
0.407297 -0.111491 0.114591
0.387907 -0.123061 0.149846
0.385633 -0.120758 0.158816
0.384036 -0.113631 0.165004
0.383069 -0.102054 0.168726
0.389935 -0.122983 0.141828
0.391029 -0.123428 0.138586
0.391312 -0.124290 0.137809
0.382694 -0.086373 0.170323
0.382603 -0.068905 0.170859
0.407735 -0.101305 0.114274
0.381720 -0.017941 0.175691
0.381656 0.000000 0.175924
0.381720 0.017941 0.175691
0.382405 -0.035106 0.172936
0.382497 -0.051966 0.171410
0.211305 -0.146575 0.117099
0.226732 -0.147387 0.123880
0.242201 -0.147479 0.126797
0.197757 -0.144816 0.106935
0.187897 -0.141913 0.093867
0.181497 -0.137640 0.079691
0.178311 -0.131798 0.066164
0.169178 -0.122955 0.046266
0.175889 -0.119790 0.041343
0.176595 -0.122877 0.046838
0.173692 -0.119769 0.041300
0.177160 -0.125957 0.054735
0.164644 -0.122715 0.045828
0.257508 -0.146872 0.126352
0.272440 -0.145593 0.123047
0.286376 -0.143587 0.116583
0.298716 -0.140811 0.106666
0.308478 -0.136997 0.094114
0.314722 -0.131904 0.079726
0.318275 -0.126140 0.065444
0.319984 -0.120313 0.053181
0.319984 -0.115679 0.053181
0.339791 -0.091564 0.042770
0.340709 -0.091529 0.042897
0.341938 -0.091720 0.043172
0.344368 -0.094630 0.043730
0.348938 -0.094630 0.045030
0.338251 -0.091579 0.042678
0.335220 -0.091621 0.042551
0.329824 -0.091720 0.042318
0.324576 -0.091819 0.042099
0.322012 -0.091868 0.041986
0.320889 -0.092066 0.044762
0.372721 -0.092659 0.055915
0.381889 -0.091882 0.063692
0.361214 -0.092659 0.050102
0.350902 -0.093083 0.045659
0.397132 -0.093676 0.075015
0.398043 -0.089622 0.076830
0.400374 -0.086337 0.081711
0.391121 -0.090357 0.071808
0.393714 -0.091896 0.070310
0.396059 -0.091847 0.072634
0.396341 -0.092652 0.073270
0.319984 -0.104879 0.053181
0.319984 -0.092603 0.053181
0.164764 -0.119649 0.041046
0.159607 -0.110028 0.031567
0.160914 -0.110064 0.031588
0.162433 -0.110071 0.031616
0.164870 -0.116393 0.037013
0.164947 -0.113680 0.034060
0.164990 -0.112268 0.032513
0.165011 -0.111335 0.031878
0.165018 -0.110078 0.031673
0.117488 -0.103255 0.030797
0.119190 -0.103071 0.030959
0.113052 -0.103233 0.030670
0.113052 -0.109131 0.030670
0.119621 -0.102697 0.031192
0.120228 -0.102174 0.031517
0.120807 -0.101672 0.031835
0.124721 -0.103417 0.030896
0.127927 -0.103452 0.030959
0.136008 -0.103530 0.031115
0.145374 -0.103664 0.031291
0.152452 -0.103841 0.031426
0.157213 -0.104010 0.031524
0.123809 -0.103134 0.031044
0.122651 -0.102301 0.031503
0.121634 -0.101517 0.031948
0.121146 -0.101383 0.032012
0.159607 -0.104088 0.031567
0.107097 -0.088273 0.030557
0.107097 -0.068679 0.030557
0.107097 -0.048512 0.030557
0.107097 -0.029667 0.030557
0.100853 -0.014014 0.030430
-0.023458 0.000000 0.028212
-0.022780 0.000000 0.028056
-0.020618 0.000000 0.028099
-0.015335 0.000000 0.028205
-0.005573 0.000000 0.028388
0.010002 0.000000 0.028685
0.030062 0.000000 0.029073
0.053280 0.000000 0.029518
0.073920 0.000000 0.029921
0.086267 0.000000 0.030154
0.094008 0.000000 0.030302
-0.024270 0.000000 0.028699
-0.025012 0.000000 0.029144
-0.025443 0.000000 0.029186
-0.025443 0.013414 0.029186
0.113052 -0.088379 0.030670
0.344255 0.105783 0.043723
0.350061 0.103671 0.045454
0.361242 0.100648 0.049247
0.374663 0.096368 0.054792
0.341747 0.107118 0.043172
0.340490 0.107810 0.042890
0.339543 0.108107 0.042763
0.337989 0.108284 0.042671
0.334973 0.108609 0.042537
0.329661 0.109357 0.042310
0.324512 0.110127 0.042092
0.386728 0.100267 0.063748
0.386791 0.095174 0.063706
0.210846 0.148468 0.117841
0.197086 0.146688 0.107521
0.226463 0.149295 0.124699
0.242102 0.149386 0.127645
0.257585 0.148772 0.127193
0.272744 0.147479 0.123866
0.286941 0.145431 0.117304
0.299536 0.142577 0.107154
0.309502 0.138678 0.094362
0.315831 0.133529 0.079881
0.319412 0.127715 0.065564
0.187042 0.143743 0.094213
0.180501 0.139420 0.079811
0.177252 0.133508 0.066199
0.173247 0.127179 0.053803
0.176086 0.127595 0.054749
0.321157 0.121846 0.053266
0.321772 0.117021 0.044811
0.168105 0.126811 0.052927
0.167208 0.126345 0.052122
0.321983 0.114344 0.041986
0.321983 0.110502 0.041986
0.398474 0.095287 0.077939
0.400410 0.097844 0.082128
0.393897 0.097886 0.070939
0.406392 0.085956 0.102259
0.404973 0.084762 0.093422
0.402317 0.091882 0.085998
0.407438 0.085956 0.110509
0.403348 0.123061 0.120899
0.399809 0.125879 0.126239
0.395988 0.126889 0.131473
0.391672 0.126345 0.137315
0.392929 0.125964 0.135584
0.387907 0.123061 0.149846
0.385633 0.120758 0.158816
0.384036 0.113631 0.165004
0.389935 0.122983 0.141828
0.391029 0.123428 0.138586
0.391312 0.124290 0.137809
0.383069 0.102054 0.168726
0.406251 0.118038 0.117198
0.407297 0.111491 0.114591
0.382694 0.086373 0.170323
0.382603 0.068905 0.170859
0.407735 0.101305 0.114274
0.382405 0.035106 0.172936
0.382497 0.051966 0.171410
0.164425 0.125067 0.049904
0.164644 0.122715 0.045828
0.164764 0.119649 0.041046
0.164870 0.116393 0.037013
0.164947 0.113680 0.034060
0.164990 0.112268 0.032513
0.165011 0.111335 0.031878
0.159607 0.110028 0.031567
0.160914 0.110064 0.031588
0.162433 0.110071 0.031616
0.119190 0.103071 0.030959
0.117488 0.103255 0.030797
0.113052 0.103233 0.030670
0.113052 0.109131 0.030670
0.119621 0.102697 0.031192
0.120228 0.102174 0.031517
0.120807 0.101672 0.031835
0.127927 0.103452 0.030959
0.136008 0.103530 0.031115
0.145374 0.103664 0.031291
0.124721 0.103417 0.030896
0.152452 0.103841 0.031426
0.157213 0.104010 0.031524
0.123809 0.103134 0.031044
0.122651 0.102301 0.031503
0.121634 0.101517 0.031948
0.121146 0.101383 0.032012
0.159607 0.104088 0.031567
0.165018 0.110078 0.031673
-0.024270 0.013505 0.028699
-0.025012 0.013421 0.029144
-0.023458 0.013604 0.028212
-0.022780 0.013640 0.028056
-0.020618 0.013647 0.028099
-0.015335 0.013661 0.028205
-0.005573 0.013689 0.028388
0.010002 0.013739 0.028685
0.030062 0.013802 0.029073
0.053280 0.013873 0.029518
0.073920 0.013936 0.029921
0.100853 0.088160 0.030430
0.100853 0.068587 0.030430
0.100853 0.048449 0.030430
0.100853 0.029624 0.030430
0.086267 0.013972 0.030154
0.094008 0.013993 0.030302
0.107097 0.088273 0.030557
0.113052 0.088379 0.030670
0.406470 -0.068311 0.102230
0.407473 -0.068311 0.110495
0.405142 -0.068318 0.093500
0.403398 -0.081202 0.088019
0.407897 -0.085956 0.114154
0.403398 -0.122284 0.121422
0.399732 -0.124254 0.126310
0.395981 -0.124339 0.131389
0.391623 -0.124240 0.137237
0.392866 -0.123682 0.135542
0.407473 -0.111371 0.115722
0.406046 -0.117495 0.117961
0.387180 -0.122481 0.149528
0.384941 -0.120221 0.158350
0.383380 -0.113249 0.164389
0.382447 -0.101828 0.167985
0.389172 -0.122404 0.141609
0.390768 -0.122941 0.138509
0.391291 -0.123343 0.137767
0.382087 -0.086224 0.169510
0.381910 -0.052101 0.170535
0.382009 -0.068848 0.170012
0.407770 -0.101277 0.115439
0.382264 -0.017659 0.173494
0.382200 0.000000 0.173763
0.382264 0.017659 0.173494
0.382362 -0.035056 0.171841
0.382235 -0.017567 0.172548
0.381755 -0.039725 0.170859
0.226732 -0.139427 0.123880
0.242201 -0.139519 0.126797
0.211305 -0.138657 0.117099
0.197757 -0.136997 0.106935
0.187904 -0.134249 0.093867
0.181497 -0.130209 0.079691
0.178311 -0.124685 0.066164
0.169291 -0.119713 0.041173
0.176715 -0.119409 0.041343
0.175988 -0.116393 0.037119
0.176863 -0.121697 0.046838
0.173791 -0.116393 0.037098
0.177160 -0.119162 0.054735
0.257508 -0.138939 0.126352
0.272440 -0.137732 0.123047
0.286376 -0.135839 0.116583
0.298716 -0.133204 0.106666
0.308478 -0.129764 0.094107
0.314722 -0.125441 0.079726
0.318275 -0.120617 0.065444
0.318275 -0.107309 0.065444
0.338406 -0.082085 0.042685
0.339932 -0.082092 0.042777
0.340836 -0.082099 0.042897
0.341747 -0.082106 0.043109
0.344622 -0.092638 0.043787
0.343633 -0.089608 0.043554
0.345950 -0.092857 0.044083
0.346607 -0.092673 0.044232
0.335362 -0.082071 0.042558
0.329916 -0.082057 0.042325
0.324618 -0.082036 0.042099
0.322019 -0.082029 0.041986
0.320889 -0.082403 0.044762
0.319984 -0.083554 0.053181
0.367056 -0.091600 0.063734
0.362401 -0.092391 0.056325
0.370679 -0.089834 0.071363
0.349348 -0.090611 0.045906
0.357456 -0.092469 0.051486
0.400141 -0.082905 0.081110
0.402077 -0.077557 0.085094
0.398262 -0.087694 0.077233
0.396631 -0.090632 0.073821
0.396956 -0.090936 0.074534
0.391778 -0.087044 0.076992
0.372579 -0.086825 0.076879
0.318374 -0.093097 0.065119
0.318649 -0.084875 0.064165
0.169397 -0.116393 0.037055
0.160914 -0.104123 0.031588
0.162433 -0.104130 0.031623
0.165018 -0.104130 0.031673
0.169468 -0.113680 0.034124
0.169524 -0.111335 0.031969
0.169510 -0.112268 0.032591
0.169532 -0.110078 0.031758
0.117488 -0.088400 0.030797
0.119190 -0.088237 0.030959
0.119621 -0.087920 0.031192
0.120228 -0.087475 0.031517
0.120807 -0.087044 0.031835
0.124721 -0.088534 0.030896
0.127927 -0.088562 0.030959
0.136008 -0.088633 0.031115
0.145374 -0.088746 0.031291
0.152452 -0.088894 0.031426
0.157213 -0.089043 0.031524
0.159607 -0.089106 0.031567
0.123809 -0.088294 0.031044
0.122651 -0.087581 0.031510
0.121634 -0.086910 0.031948
0.121146 -0.086789 0.032012
0.160914 -0.089135 0.031588
0.113052 -0.068756 0.030670
0.113052 -0.048569 0.030670
0.107097 -0.014028 0.030557
0.113052 -0.029702 0.030670
0.100853 0.000000 0.030430
0.100853 0.014014 0.030430
0.344269 0.099857 0.043716
0.341818 0.100210 0.043165
0.357435 0.098020 0.047912
0.349093 0.099193 0.045108
0.376154 0.093535 0.055788
0.362464 0.093514 0.049642
0.361207 0.095237 0.049219
0.340589 0.100464 0.042890
0.339656 0.100634 0.042770
0.338109 0.100733 0.042671
0.335086 0.100945 0.042544
0.329732 0.101439 0.042318
0.324540 0.101941 0.042099
0.321998 0.102188 0.041986
0.386827 0.092730 0.063685
0.393756 0.093881 0.070480
0.197588 0.146222 0.107083
0.211192 0.147995 0.117283
0.226668 0.148821 0.124085
0.242173 0.148913 0.127009
0.257522 0.148299 0.126557
0.286518 0.144979 0.116760
0.272511 0.147006 0.123251
0.298921 0.142160 0.106786
0.308739 0.138304 0.094171
0.314998 0.133169 0.079761
0.318565 0.127355 0.065472
0.187685 0.143291 0.093959
0.181250 0.138975 0.079719
0.178050 0.133077 0.066171
0.173586 0.123195 0.046704
0.168627 0.125413 0.050518
0.175776 0.123273 0.046845
0.176892 0.127186 0.054742
0.320959 0.117897 0.046958
0.320281 0.121478 0.053202
0.320882 0.115891 0.044762
0.320882 0.111886 0.044762
0.320882 0.102915 0.044762
0.397132 0.093676 0.075015
0.398043 0.089622 0.076830
0.400374 0.086337 0.081711
0.406470 0.068311 0.102230
0.405142 0.068318 0.093500
0.403398 0.081202 0.088019
0.407473 0.068311 0.110495
0.407897 0.085956 0.114154
0.403398 0.122284 0.121415
0.399732 0.124254 0.126310
0.395981 0.124339 0.131389
0.391623 0.124240 0.137237
0.392866 0.123682 0.135542
0.387180 0.122481 0.149528
0.384941 0.120221 0.158350
0.383380 0.113249 0.164389
0.389172 0.122404 0.141609
0.390768 0.122941 0.138509
0.391291 0.123343 0.137767
0.382447 0.101828 0.167985
0.407473 0.111371 0.115722
0.406046 0.117495 0.117961
0.382087 0.086224 0.169510
0.381910 0.052101 0.170527
0.382009 0.068848 0.170012
0.407770 0.101277 0.115439
0.382362 0.035056 0.171841
0.382235 0.017567 0.172548
0.381755 0.039725 0.170859
0.169178 0.122955 0.046266
0.169291 0.119713 0.041173
0.169397 0.116393 0.037055
0.169468 0.113680 0.034124
0.169510 0.112268 0.032591
0.169524 0.111335 0.031969
0.160914 0.104123 0.031588
0.162433 0.104130 0.031623
0.165018 0.104130 0.031673
0.119190 0.088237 0.030959
0.117488 0.088400 0.030797
0.119621 0.087920 0.031192
0.120228 0.087475 0.031517
0.120807 0.087044 0.031835
0.124721 0.088534 0.030896
0.127927 0.088562 0.030959
0.136008 0.088633 0.031115
0.145374 0.088746 0.031291
0.152452 0.088894 0.031426
0.157213 0.089043 0.031524
0.159607 0.089106 0.031567
0.123809 0.088294 0.031044
0.122651 0.087581 0.031503
0.121634 0.086910 0.031948
0.121146 0.086789 0.032012
0.160914 0.089135 0.031588
0.169532 0.110078 0.031758
0.107097 0.068679 0.030557
0.107097 0.048512 0.030557
0.107097 0.029667 0.030557
0.113052 0.068756 0.030670
0.407918 -0.068311 0.114146
0.407487 -0.051267 0.110488
0.406498 -0.051267 0.102216
0.405086 -0.052411 0.093274
0.403362 -0.055837 0.087588
0.403722 -0.068340 0.088449
0.407876 -0.085956 0.115340
0.403002 -0.120970 0.121895
0.399576 -0.121888 0.126472
0.395939 -0.122022 0.131374
0.391594 -0.123237 0.137202
0.392838 -0.122602 0.135521
0.407141 -0.111095 0.116576
0.405368 -0.116576 0.118780
0.384460 -0.119727 0.157905
0.386657 -0.121930 0.149238
0.382927 -0.112903 0.163817
0.382016 -0.101651 0.167342
0.388621 -0.121860 0.141440
0.390005 -0.122383 0.138290
0.391036 -0.122884 0.137661
0.381663 -0.086147 0.168839
0.381585 -0.068883 0.169341
0.381487 -0.052355 0.169856
0.381388 -0.040107 0.170231
0.407388 -0.101206 0.116315
0.407480 -0.085956 0.116216
0.382158 0.000000 0.172837
0.381684 -0.030783 0.171163
0.381515 -0.035466 0.170789
0.381635 -0.017532 0.171700
0.381303 -0.035657 0.170323
0.242201 -0.119437 0.126797
0.226732 -0.119366 0.123880
0.211305 -0.118702 0.117099
0.197757 -0.117283 0.106935
0.187897 -0.114931 0.093867
0.181497 -0.111469 0.079691
0.178311 -0.106744 0.066164
0.176807 -0.116018 0.037126
0.176984 -0.118257 0.041343
0.173861 -0.113680 0.034194
0.176058 -0.113680 0.034223
0.176863 -0.115121 0.046838
0.177160 -0.102011 0.054735
0.257508 -0.118950 0.126352
0.272440 -0.117911 0.123047
0.286376 -0.116287 0.116583
0.298716 -0.114033 0.106666
0.308478 -0.111611 0.094114
0.314722 -0.109463 0.079726
0.315097 -0.093161 0.078455
0.335468 -0.071864 0.042558
0.338526 -0.071871 0.042692
0.340045 -0.071878 0.042784
0.340928 -0.071885 0.042897
0.341818 -0.071892 0.043109
0.343329 -0.082120 0.043476
0.343351 -0.071900 0.043462
0.345258 -0.089678 0.043928
0.345011 -0.082142 0.043857
0.346338 -0.089650 0.044168
0.329986 -0.071843 0.042325
0.322033 -0.071808 0.041993
0.324646 -0.071822 0.042099
0.320896 -0.072465 0.044762
0.319984 -0.074442 0.053181
0.318374 -0.077028 0.065119
0.352215 -0.088937 0.063769
0.353014 -0.087362 0.071398
0.351128 -0.089643 0.056063
0.353402 -0.084649 0.077042
0.346953 -0.082078 0.045644
0.349863 -0.089742 0.050200
0.393382 -0.082424 0.080793
0.394455 -0.075890 0.083229
0.401455 -0.076131 0.083710
0.402536 -0.068368 0.085857
0.373455 -0.082262 0.080637
0.358735 -0.081379 0.079966
0.316213 -0.085751 0.074626
0.162433 -0.089149 0.031616
0.169532 -0.104130 0.031758
0.165018 -0.089149 0.031673
0.173897 -0.112268 0.032669
0.173911 -0.111335 0.032047
0.173918 -0.110078 0.031842
0.117488 -0.068770 0.030797
0.119190 -0.068643 0.030959
0.119621 -0.068403 0.031192
0.120228 -0.068050 0.031517
0.120807 -0.067718 0.031835
0.124721 -0.068876 0.030896
0.127927 -0.068898 0.030959
0.136008 -0.068954 0.031115
0.145374 -0.069039 0.031291
0.152452 -0.069159 0.031426
0.157213 -0.069272 0.031524
0.159607 -0.069321 0.031567
0.160914 -0.069343 0.031588
0.123809 -0.068693 0.031044
0.122651 -0.068135 0.031503
0.121634 -0.067612 0.031948
0.121146 -0.067527 0.032012
0.117488 -0.048576 0.030797
0.107097 0.000000 0.030557
0.113052 -0.014049 0.030670
0.117488 -0.029709 0.030797
0.107097 0.014028 0.030557
0.340709 0.091529 0.042897
0.341938 0.091720 0.043172
0.344368 0.094630 0.043730
0.348938 0.094630 0.045030
0.381889 0.091882 0.063692
0.372721 0.092659 0.055915
0.350902 0.093083 0.045659
0.361214 0.092659 0.050102
0.339791 0.091564 0.042770
0.338251 0.091579 0.042678
0.335220 0.091621 0.042551
0.329824 0.091720 0.042318
0.324576 0.091819 0.042099
0.322012 0.091868 0.041986
0.320889 0.092066 0.044762
0.393714 0.091896 0.070310
0.391121 0.090357 0.071808
0.396059 0.091847 0.072634
0.396341 0.092652 0.073270
0.211305 0.146575 0.117099
0.197757 0.144816 0.106935
0.226732 0.147387 0.123880
0.242201 0.147479 0.126797
0.257508 0.146872 0.126352
0.272440 0.145593 0.123047
0.286376 0.143587 0.116583
0.298716 0.140811 0.106666
0.308478 0.136997 0.094114
0.314722 0.131904 0.079726
0.318275 0.126140 0.065444
0.187904 0.141913 0.093867
0.181497 0.137640 0.079691
0.178311 0.131798 0.066164
0.173692 0.119769 0.041300
0.175889 0.119790 0.041343
0.176595 0.122877 0.046838
0.177160 0.125957 0.054735
0.319984 0.120313 0.053181
0.319984 0.115679 0.053181
0.319984 0.104879 0.053181
0.319984 0.092603 0.053181
0.402077 0.077557 0.085094
0.400141 0.082905 0.081110
0.398262 0.087694 0.077233
0.396631 0.090632 0.073821
0.396956 0.090936 0.074534
0.406498 0.051267 0.102216
0.405086 0.052411 0.093274
0.407487 0.051267 0.110488
0.403369 0.055830 0.087588
0.403722 0.068340 0.088449
0.407918 0.068311 0.114146
0.407876 0.085956 0.115340
0.403002 0.120970 0.121895
0.399576 0.121888 0.126472
0.395939 0.122022 0.131374
0.391594 0.123237 0.137195
0.392838 0.122602 0.135521
0.384460 0.119727 0.157905
0.386657 0.121930 0.149238
0.382927 0.112903 0.163817
0.388621 0.121860 0.141440
0.390005 0.122383 0.138290
0.391036 0.122884 0.137661
0.382016 0.101651 0.167342
0.407141 0.111095 0.116576
0.405368 0.116576 0.118780
0.381663 0.086147 0.168839
0.381585 0.068883 0.169341
0.381388 0.040107 0.170231
0.381487 0.052355 0.169856
0.407388 0.101206 0.116315
0.407480 0.085956 0.116216
0.381684 0.030783 0.171163
0.381515 0.035466 0.170789
0.381635 0.017532 0.171700
0.381303 0.035657 0.170323
0.173791 0.116393 0.037098
0.173861 0.113680 0.034194
0.173897 0.112268 0.032669
0.173911 0.111335 0.032047
0.162433 0.089149 0.031616
0.165018 0.089149 0.031673
0.169532 0.104130 0.031758
0.119190 0.068643 0.030959
0.117488 0.068770 0.030797
0.119621 0.068403 0.031192
0.120228 0.068050 0.031517
0.120807 0.067718 0.031835
0.127927 0.068898 0.030959
0.124721 0.068876 0.030896
0.136008 0.068954 0.031115
0.145374 0.069039 0.031291
0.152452 0.069159 0.031426
0.157213 0.069272 0.031524
0.159607 0.069321 0.031567
0.160914 0.069343 0.031588
0.123809 0.068693 0.031044
0.122651 0.068135 0.031503
0.121634 0.067612 0.031948
0.121146 0.067527 0.032012
0.173918 0.110078 0.031842
0.113052 0.048569 0.030670
0.113052 0.029702 0.030670
0.407890 -0.068311 0.115326
0.407925 -0.051267 0.114139
0.407487 -0.034399 0.110488
0.404394 -0.035734 0.091077
0.406498 -0.034399 0.102216
0.402055 -0.046443 0.084748
0.401893 -0.059341 0.084395
0.400452 -0.052291 0.081280
0.407487 -0.068311 0.116202
0.402430 -0.119034 0.122594
0.399421 -0.119727 0.126642
0.395917 -0.120920 0.131367
0.391340 -0.122757 0.137082
0.392583 -0.122086 0.135408
0.406371 -0.110622 0.117516
0.404379 -0.115234 0.119995
0.384870 -0.119338 0.157757
0.387038 -0.121507 0.149196
0.383365 -0.112642 0.163577
0.382468 -0.101517 0.167045
0.389440 -0.121846 0.138148
0.388974 -0.121436 0.141511
0.389765 -0.121415 0.138290
0.390281 -0.122340 0.137400
0.389708 -0.121810 0.137237
0.381946 -0.052560 0.169524
0.382045 -0.068912 0.169016
0.382122 -0.086090 0.168521
0.381861 -0.040410 0.169920
0.381833 -0.035840 0.170061
0.406619 -0.101086 0.117254
0.406717 -0.085956 0.117156
0.406724 -0.068311 0.117141
0.381557 0.000000 0.172011
0.381204 -0.017532 0.171050
0.381310 -0.030825 0.170556
0.381790 -0.030875 0.170238
0.242201 -0.092921 0.126797
0.226732 -0.092864 0.123880
0.211305 -0.092348 0.117099
0.197757 -0.091247 0.106935
0.187904 -0.089417 0.093867
0.181497 -0.086726 0.079691
0.178311 -0.083046 0.066164
0.177082 -0.114902 0.037133
0.176984 -0.111872 0.041343
0.176878 -0.113320 0.034237
0.176094 -0.112268 0.032711
0.176863 -0.098557 0.046838
0.177160 -0.079366 0.054735
0.257508 -0.092539 0.126352
0.272440 -0.091734 0.123047
0.286376 -0.090653 0.116583
0.298716 -0.089438 0.106666
0.309714 -0.087616 0.092398
0.315097 -0.079493 0.078455
0.335503 -0.060548 0.042565
0.338562 -0.060584 0.042692
0.340080 -0.060605 0.042784
0.340963 -0.060612 0.042897
0.341839 -0.060619 0.043102
0.343344 -0.060626 0.043455
0.344975 -0.071907 0.043843
0.344940 -0.060640 0.043829
0.346204 -0.082156 0.044133
0.346148 -0.071914 0.044112
0.330008 -0.060478 0.042332
0.320896 -0.060767 0.044762
0.322033 -0.060372 0.041993
0.324661 -0.060407 0.042099
0.319984 -0.061982 0.053181
0.318275 -0.063621 0.065444
0.314722 -0.065309 0.079726
0.347271 -0.080948 0.063748
0.347356 -0.081449 0.055936
0.347115 -0.079959 0.071539
0.353706 -0.076385 0.081633
0.346995 -0.078101 0.077649
0.346896 -0.071730 0.045616
0.347299 -0.081838 0.049741
0.374035 -0.075813 0.083018
0.394808 -0.068431 0.083908
0.374218 -0.068438 0.083653
0.401907 -0.068403 0.084494
0.401201 -0.060746 0.082897
0.162433 -0.069357 0.031623
0.173918 -0.104130 0.031842
0.169532 -0.089149 0.031758
0.165018 -0.069350 0.031673
0.176108 -0.111335 0.032090
0.176108 -0.110078 0.031885
0.176108 -0.104130 0.031885
0.119190 -0.048491 0.030959
0.119621 -0.048314 0.031192
0.120228 -0.048067 0.031517
0.120807 -0.047834 0.031835
0.124721 -0.048654 0.030896
0.127927 -0.048668 0.030959
0.136008 -0.048703 0.031115
0.145374 -0.048767 0.031291
0.152452 -0.048851 0.031426
0.157213 -0.048929 0.031524
0.159607 -0.048971 0.031567
0.160914 -0.048986 0.031588
0.123809 -0.048519 0.031044
0.122651 -0.048131 0.031510
0.121634 -0.047764 0.031948
0.121146 -0.047693 0.032012
0.113052 0.000000 0.030670
0.113052 0.014049 0.030670
0.117488 -0.014049 0.030797
0.119190 -0.014028 0.030959
0.119190 -0.029653 0.030959
0.339932 0.082092 0.042777
0.340829 0.082099 0.042897
0.341747 0.082106 0.043109
0.344622 0.092638 0.043787
0.343633 0.089608 0.043554
0.345950 0.092857 0.044083
0.346607 0.092673 0.044232
0.367056 0.091600 0.063734
0.370679 0.089834 0.071363
0.362401 0.092391 0.056325
0.349348 0.090611 0.045906
0.357456 0.092469 0.051486
0.338406 0.082085 0.042685
0.335362 0.082071 0.042558
0.329916 0.082057 0.042325
0.324618 0.082036 0.042099
0.322019 0.082029 0.041986
0.320889 0.082403 0.044762
0.319984 0.083554 0.053181
0.391778 0.087044 0.076992
0.372579 0.086825 0.076879
0.226732 0.139427 0.123880
0.211305 0.138657 0.117099
0.197757 0.136997 0.106935
0.242201 0.139519 0.126797
0.257508 0.138939 0.126352
0.272440 0.137732 0.123047
0.286376 0.135839 0.116583
0.298716 0.133204 0.106666
0.308478 0.129764 0.094107
0.314722 0.125441 0.079726
0.318275 0.120617 0.065444
0.187904 0.134249 0.093867
0.181497 0.130209 0.079691
0.178311 0.124685 0.066164
0.176715 0.119409 0.041343
0.175988 0.116393 0.037119
0.176863 0.121697 0.046838
0.177160 0.119162 0.054735
0.318275 0.107309 0.065444
0.318374 0.093097 0.065119
0.318649 0.084875 0.064165
0.394455 0.075890 0.083229
0.393382 0.082424 0.080793
0.401455 0.076131 0.083710
0.402536 0.068368 0.085857
0.407925 0.051267 0.114139
0.407487 0.034399 0.110488
0.406498 0.034399 0.102216
0.404394 0.035734 0.091077
0.402055 0.046443 0.084748
0.400452 0.052291 0.081280
0.401893 0.059341 0.084395
0.407890 0.068311 0.115326
0.407487 0.068311 0.116202
0.402430 0.119041 0.122594
0.399421 0.119727 0.126642
0.395917 0.120920 0.131367
0.391340 0.122757 0.137082
0.392583 0.122086 0.135408
0.384870 0.119338 0.157757
0.387046 0.121507 0.149196
0.383365 0.112642 0.163577
0.389440 0.121846 0.138141
0.388974 0.121436 0.141511
0.389765 0.121415 0.138290
0.390281 0.122340 0.137400
0.382468 0.101517 0.167045
0.406371 0.110622 0.117516
0.404379 0.115234 0.119995
0.381946 0.052560 0.169524
0.382045 0.068912 0.169016
0.382122 0.086090 0.168521
0.381861 0.040410 0.169920
0.381833 0.035840 0.170061
0.406619 0.101086 0.117254
0.406717 0.085956 0.117156
0.406724 0.068311 0.117141
0.381204 0.017532 0.171050
0.381310 0.030825 0.170556
0.381790 0.030875 0.170238
0.176058 0.113680 0.034223
0.176108 0.111335 0.032090
0.176094 0.112268 0.032711
0.162433 0.069357 0.031623
0.165018 0.069350 0.031673
0.169532 0.089149 0.031758
0.173918 0.104130 0.031842
0.119190 0.048491 0.030959
0.117488 0.048576 0.030797
0.119621 0.048314 0.031192
0.120228 0.048067 0.031517
0.120807 0.047834 0.031835
0.124721 0.048654 0.030896
0.127927 0.048668 0.030959
0.136008 0.048703 0.031115
0.145374 0.048767 0.031291
0.152452 0.048851 0.031426
0.157213 0.048929 0.031524
0.159607 0.048971 0.031567
0.160914 0.048986 0.031588
0.123809 0.048519 0.031044
0.122651 0.048131 0.031503
0.121634 0.047764 0.031948
0.121146 0.047693 0.032012
0.176108 0.110078 0.031885
0.117488 0.029709 0.030797
0.407897 -0.051267 0.115326
0.407925 -0.034399 0.114139
0.407487 -0.017263 0.110488
0.404436 -0.017334 0.091875
0.400473 -0.032669 0.081315
0.406498 -0.017263 0.102216
0.398524 -0.049014 0.077091
0.399513 -0.042925 0.079224
0.399795 -0.054665 0.079846
0.398135 -0.051641 0.076251
0.407494 -0.051267 0.116202
0.401900 -0.117261 0.123244
0.399343 -0.118695 0.126720
0.395663 -0.120412 0.131261
0.390606 -0.122206 0.136778
0.391856 -0.121535 0.135069
0.405248 -0.109937 0.118900
0.403461 -0.113998 0.121104
0.385569 -0.119070 0.157757
0.387724 -0.121210 0.149273
0.384079 -0.112451 0.163513
0.383196 -0.101425 0.166932
0.389631 -0.121132 0.141666
0.390387 -0.121104 0.138530
0.390005 -0.121380 0.137442
0.390591 -0.121069 0.137760
0.390040 -0.121683 0.136594
0.382680 -0.052708 0.169397
0.382596 -0.040636 0.169786
0.382772 -0.068940 0.168889
0.382850 -0.086048 0.168394
0.382567 -0.035989 0.169934
0.382525 -0.030910 0.170097
0.405495 -0.100916 0.118639
0.406732 -0.051267 0.117134
0.405608 -0.051267 0.118519
0.405601 -0.068311 0.118526
0.405587 -0.085956 0.118540
0.381119 0.000000 0.171368
0.381663 -0.017532 0.170697
0.242201 -0.065634 0.126797
0.226732 -0.065599 0.123880
0.211305 -0.065232 0.117099
0.197757 -0.064455 0.106935
0.187897 -0.063162 0.093867
0.181497 -0.061262 0.079691
0.178311 -0.058663 0.066164
0.177082 -0.108700 0.037133
0.177153 -0.112232 0.034244
0.176984 -0.095774 0.041343
0.176913 -0.111907 0.032725
0.176863 -0.076682 0.046838
0.177160 -0.056063 0.054735
0.257508 -0.065366 0.126352
0.272440 -0.064794 0.123047
0.286376 -0.064624 0.116583
0.298716 -0.065549 0.106666
0.308478 -0.066220 0.094114
0.338562 -0.049657 0.042692
0.335503 -0.049536 0.042565
0.340080 -0.049713 0.042784
0.340963 -0.049741 0.042897
0.342107 -0.049325 0.043165
0.343633 -0.051648 0.043525
0.346112 -0.060647 0.044105
0.345131 -0.051627 0.043872
0.330008 -0.049317 0.042332
0.320896 -0.049049 0.044762
0.319984 -0.049268 0.053181
0.322033 -0.049007 0.041993
0.324661 -0.049113 0.042099
0.318275 -0.049621 0.065444
0.314722 -0.050052 0.079726
0.308718 -0.049614 0.093867
0.347349 -0.070614 0.055880
0.347271 -0.070444 0.063706
0.347264 -0.071165 0.049699
0.347115 -0.070204 0.071589
0.353741 -0.068693 0.082184
0.346988 -0.069449 0.077960
0.346875 -0.060520 0.045602
0.394229 -0.061015 0.082396
0.373907 -0.061099 0.082177
0.162433 -0.048986 0.031616
0.173918 -0.089149 0.031842
0.176108 -0.089149 0.031885
0.169532 -0.069357 0.031758
0.165018 -0.048986 0.031673
0.176708 -0.111208 0.032259
0.176927 -0.104307 0.032104
0.176927 -0.110262 0.032104
0.176927 -0.089297 0.032104
0.119621 -0.029547 0.031192
0.120228 -0.029398 0.031517
0.120807 -0.029250 0.031835
0.124721 -0.029752 0.030896
0.127927 -0.029766 0.030959
0.152452 -0.029872 0.031426
0.145374 -0.029822 0.031291
0.136008 -0.029787 0.031115
0.157213 -0.029921 0.031524
0.159607 -0.029942 0.031567
0.160914 -0.029956 0.031588
0.123809 -0.029674 0.031044
0.122651 -0.029434 0.031503
0.121634 -0.029208 0.031948
0.121146 -0.029165 0.032012
0.117488 0.000000 0.030797
0.117488 0.014049 0.030797
0.119190 0.000000 0.030959
0.119621 -0.013972 0.031192
0.119621 0.000000 0.031192
0.340045 0.071878 0.042784
0.338526 0.071871 0.042692
0.341818 0.071892 0.043109
0.340928 0.071885 0.042897
0.343351 0.071900 0.043462
0.343329 0.082120 0.043476
0.345258 0.089678 0.043928
0.345011 0.082142 0.043857
0.346338 0.089650 0.044168
0.353014 0.087362 0.071398
0.352215 0.088937 0.063769
0.353402 0.084649 0.077042
0.351128 0.089643 0.056063
0.346953 0.082078 0.045644
0.349863 0.089742 0.050200
0.335468 0.071864 0.042558
0.329986 0.071843 0.042325
0.324646 0.071822 0.042099
0.322033 0.071808 0.041993
0.320896 0.072465 0.044762
0.319984 0.074442 0.053181
0.318374 0.077028 0.065119
0.373455 0.082262 0.080637
0.358735 0.081379 0.079966
0.242201 0.119437 0.126797
0.226732 0.119366 0.123880
0.211305 0.118710 0.117099
0.197757 0.117283 0.106935
0.257508 0.118950 0.126352
0.272440 0.117911 0.123047
0.286376 0.116287 0.116583
0.298716 0.114033 0.106666
0.308478 0.111611 0.094114
0.314722 0.109456 0.079726
0.187904 0.114931 0.093867
0.181497 0.111469 0.079691
0.178311 0.106744 0.066164
0.176984 0.118257 0.041343
0.176807 0.116018 0.037126
0.176863 0.115121 0.046838
0.177160 0.102011 0.054735
0.315097 0.093161 0.078455
0.316213 0.085751 0.074626
0.394808 0.068431 0.083908
0.374035 0.075813 0.083018
0.374218 0.068438 0.083653
0.401907 0.068403 0.084494
0.401201 0.060746 0.082897
0.407487 0.017263 0.110488
0.407925 0.034399 0.114139
0.407897 0.051267 0.115326
0.400473 0.032669 0.081315
0.404436 0.017334 0.091875
0.406498 0.017263 0.102216
0.398524 0.049014 0.077091
0.399513 0.042925 0.079224
0.399795 0.054665 0.079846
0.398135 0.051641 0.076251
0.407494 0.051267 0.116202
0.401900 0.117261 0.123244
0.399343 0.118695 0.126720
0.395663 0.120405 0.131261
0.390606 0.122206 0.136778
0.391856 0.121535 0.135069
0.385569 0.119070 0.157757
0.387724 0.121210 0.149273
0.384079 0.112451 0.163513
0.389708 0.121810 0.137237
0.390005 0.121380 0.137442
0.389631 0.121132 0.141666
0.390387 0.121104 0.138530
0.390591 0.121069 0.137760
0.390040 0.121683 0.136594
0.383196 0.101425 0.166932
0.405248 0.109937 0.118893
0.403461 0.113998 0.121104
0.382596 0.040636 0.169786
0.382680 0.052708 0.169397
0.382772 0.068940 0.168889
0.382850 0.086048 0.168394
0.382567 0.035989 0.169934
0.382525 0.030910 0.170097
0.405495 0.100916 0.118639
0.406732 0.051267 0.117134
0.405608 0.051267 0.118519
0.405601 0.068311 0.118526
0.405587 0.085956 0.118540
0.381670 0.017532 0.170697
0.176878 0.113320 0.034237
0.176913 0.111907 0.032725
0.176708 0.111208 0.032259
0.162433 0.048986 0.031616
0.165018 0.048986 0.031673
0.169532 0.069357 0.031758
0.173918 0.089149 0.031842
0.176108 0.104130 0.031885
0.119190 0.029653 0.030959
0.119621 0.029547 0.031192
0.120228 0.029398 0.031517
0.120807 0.029250 0.031835
0.127927 0.029766 0.030959
0.124721 0.029752 0.030896
0.152452 0.029872 0.031426
0.145374 0.029822 0.031291
0.136008 0.029787 0.031115
0.157213 0.029921 0.031524
0.159607 0.029942 0.031567
0.160914 0.029956 0.031588
0.123809 0.029674 0.031044
0.122651 0.029434 0.031503
0.121634 0.029208 0.031948
0.121146 0.029165 0.032012
0.176927 0.110262 0.032104
0.176927 0.104307 0.032104
0.119190 0.014028 0.030959
0.407897 -0.034399 0.115326
0.407925 -0.017263 0.114139
0.407487 0.000000 0.110488
0.400791 -0.017546 0.082007
0.400791 0.000000 0.082007
0.404436 0.000000 0.091875
0.406498 0.000000 0.102216
0.395147 -0.017970 0.072564
0.395070 -0.033100 0.072394
0.394582 -0.047785 0.071334
0.394830 -0.042558 0.071871
0.393071 -0.055138 0.079521
0.391686 -0.052305 0.076081
0.394483 -0.050243 0.071123
0.407494 -0.034399 0.116202
0.401646 -0.116421 0.123548
0.399061 -0.118222 0.126656
0.394921 -0.119861 0.130944
0.398277 -0.117714 0.126395
0.391291 -0.121012 0.134885
0.394328 -0.119352 0.130781
0.404210 -0.109301 0.120165
0.403030 -0.113412 0.121634
0.385958 -0.118914 0.157750
0.388098 -0.121040 0.149316
0.384474 -0.112345 0.163478
0.383591 -0.101369 0.166876
0.389998 -0.120970 0.141751
0.390733 -0.120935 0.138664
0.390916 -0.120899 0.137936
0.390295 -0.121266 0.136856
0.390839 -0.120963 0.137258
0.383083 -0.052793 0.169327
0.382998 -0.040764 0.169715
0.382970 -0.036073 0.169864
0.383175 -0.068947 0.168818
0.383252 -0.086020 0.168331
0.382927 -0.030931 0.170026
0.382412 -0.017532 0.170527
0.404457 -0.100761 0.119903
0.406732 -0.034399 0.117134
0.405608 -0.034399 0.118519
0.404570 -0.034399 0.119790
0.404570 -0.051267 0.119790
0.404570 -0.068311 0.119797
0.404556 -0.085956 0.119804
0.381585 0.000000 0.171001
0.242201 -0.040135 0.126797
0.226732 -0.040114 0.123880
0.211305 -0.039895 0.117099
0.197757 -0.039414 0.106935
0.187904 -0.038623 0.093867
0.181497 -0.037458 0.079691
0.178311 -0.035869 0.066164
0.177153 -0.106172 0.034237
0.177082 -0.093055 0.037133
0.177188 -0.110834 0.032725
0.176984 -0.074513 0.041343
0.176863 -0.054163 0.046838
0.177160 -0.034279 0.054735
0.257508 -0.039972 0.126352
0.272440 -0.039626 0.123047
0.288206 -0.038976 0.115651
0.299677 -0.047347 0.105698
0.338562 -0.040516 0.042692
0.340080 -0.040658 0.042784
0.335503 -0.040241 0.042565
0.340963 -0.040735 0.042897
0.342079 -0.040735 0.043158
0.344361 -0.046224 0.043695
0.344566 -0.048286 0.043737
0.346176 -0.051670 0.044112
0.345788 -0.048159 0.044027
0.330008 -0.039732 0.042332
0.319984 -0.039407 0.053181
0.320896 -0.039040 0.044762
0.318275 -0.039958 0.065444
0.322033 -0.038998 0.041993
0.324661 -0.039238 0.042099
0.314722 -0.040566 0.079726
0.309439 -0.040693 0.093140
0.302559 -0.039817 0.102788
0.347264 -0.060217 0.063663
0.347123 -0.060697 0.071384
0.347349 -0.059906 0.055830
0.347250 -0.060139 0.049664
0.347010 -0.060951 0.077211
0.353685 -0.061064 0.080898
0.348973 -0.050624 0.045708
0.358671 -0.056600 0.078977
0.373286 -0.055300 0.079373
0.162433 -0.029956 0.031623
0.173918 -0.069357 0.031842
0.176108 -0.069357 0.031885
0.176927 -0.069470 0.032104
0.169532 -0.048986 0.031758
0.165018 -0.029956 0.031673
0.177188 -0.104851 0.032725
0.177188 -0.089756 0.032725
0.177188 -0.069830 0.032725
0.120228 -0.013901 0.031517
0.120807 -0.013837 0.031835
0.124721 -0.014071 0.030896
0.127927 -0.014078 0.030959
0.145374 -0.014106 0.031291
0.152452 -0.014127 0.031426
0.136008 -0.014092 0.031115
0.157213 -0.014148 0.031524
0.159607 -0.014162 0.031567
0.160914 -0.014169 0.031588
0.123809 -0.014035 0.031044
0.122651 -0.013922 0.031510
0.121634 -0.013816 0.031948
0.121146 -0.013795 0.032012
0.120228 0.000000 0.031517
0.119621 0.013972 0.031192
0.120228 0.013901 0.031517
0.340080 0.060605 0.042784
0.338562 0.060584 0.042692
0.335503 0.060548 0.042565
0.340963 0.060612 0.042897
0.341839 0.060619 0.043102
0.343344 0.060626 0.043455
0.344975 0.071907 0.043843
0.344940 0.060640 0.043829
0.346204 0.082156 0.044133
0.346148 0.071914 0.044112
0.347115 0.079959 0.071539
0.347264 0.080948 0.063748
0.347356 0.081449 0.055936
0.346995 0.078101 0.077649
0.353706 0.076385 0.081633
0.346896 0.071730 0.045616
0.347299 0.081838 0.049741
0.330008 0.060478 0.042332
0.322033 0.060372 0.041993
0.324661 0.060407 0.042099
0.320896 0.060767 0.044762
0.319984 0.061982 0.053181
0.318275 0.063621 0.065444
0.315097 0.079493 0.078455
0.314722 0.065309 0.079726
0.242201 0.092921 0.126797
0.226732 0.092864 0.123880
0.211305 0.092348 0.117099
0.197757 0.091247 0.106935
0.257508 0.092539 0.126352
0.272440 0.091734 0.123047
0.286376 0.090653 0.116583
0.298716 0.089438 0.106666
0.309714 0.087616 0.092398
0.187904 0.089417 0.093867
0.181497 0.086726 0.079691
0.178311 0.083046 0.066164
0.177082 0.114902 0.037133
0.176984 0.111872 0.041343
0.176863 0.098557 0.046838
0.177160 0.079366 0.054735
0.394229 0.061015 0.082396
0.353741 0.068693 0.082184
0.373907 0.061099 0.082177
0.407925 0.017263 0.114139
0.407897 0.034399 0.115326
0.400791 0.017546 0.082007
0.395147 0.017970 0.072564
0.395070 0.033100 0.072394
0.394582 0.047785 0.071334
0.394830 0.042558 0.071871
0.393071 0.055138 0.079521
0.394483 0.050243 0.071123
0.391686 0.052305 0.076081
0.407494 0.034399 0.116202
0.401646 0.116421 0.123548
0.399061 0.118222 0.126656
0.394921 0.119861 0.130944
0.398277 0.117714 0.126395
0.391291 0.121012 0.134885
0.394328 0.119352 0.130781
0.385958 0.118914 0.157750
0.388098 0.121040 0.149316
0.384474 0.112345 0.163478
0.390295 0.121259 0.136856
0.389998 0.120970 0.141751
0.390733 0.120935 0.138664
0.390916 0.120899 0.137936
0.390839 0.120963 0.137258
0.383591 0.101369 0.166876
0.404210 0.109301 0.120165
0.403030 0.113412 0.121634
0.382998 0.040764 0.169715
0.382970 0.036073 0.169864
0.383083 0.052793 0.169327
0.383175 0.068947 0.168818
0.383252 0.086020 0.168331
0.382927 0.030931 0.170026
0.382412 0.017532 0.170527
0.404457 0.100761 0.119903
0.406732 0.034399 0.117134
0.405608 0.034399 0.118519
0.404570 0.068311 0.119797
0.404570 0.051267 0.119790
0.404570 0.034399 0.119790
0.404556 0.085956 0.119804
0.177153 0.112232 0.034244
0.177188 0.110834 0.032725
0.162433 0.029956 0.031623
0.165018 0.029956 0.031673
0.169532 0.048986 0.031758
0.173918 0.069357 0.031842
0.176108 0.089149 0.031885
0.176927 0.089297 0.032104
0.120807 0.013837 0.031835
0.124721 0.014071 0.030896
0.127927 0.014078 0.030959
0.145374 0.014106 0.031291
0.136008 0.014092 0.031115
0.152452 0.014127 0.031426
0.157213 0.014148 0.031524
0.159607 0.014162 0.031567
0.160914 0.014169 0.031588
0.123809 0.014035 0.031044
0.122651 0.013922 0.031503
0.121634 0.013816 0.031948
0.121146 0.013795 0.032012
0.177188 0.104851 0.032725
0.177188 0.089763 0.032725
0.407897 -0.017263 0.115326
0.407925 0.000000 0.114139
0.395147 0.000000 0.072564
0.387109 -0.018655 0.063501
0.387109 0.000000 0.063501
0.387109 -0.033968 0.063501
0.387116 -0.049028 0.063501
0.387109 -0.046866 0.063501
0.387116 -0.042614 0.063501
0.388550 -0.051041 0.071080
0.372537 -0.052531 0.075996
0.407494 -0.017263 0.116202
0.401286 -0.116025 0.123583
0.400431 -0.115609 0.123421
0.397648 -0.117247 0.126289
0.399732 -0.115220 0.123400
0.391510 -0.120610 0.135196
0.394526 -0.118964 0.131127
0.397817 -0.116880 0.126677
0.403715 -0.109004 0.120772
0.402592 -0.113136 0.121768
0.386219 -0.118815 0.157764
0.388352 -0.120935 0.149351
0.390238 -0.120864 0.141821
0.384743 -0.112275 0.163471
0.383867 -0.101333 0.166854
0.390973 -0.120829 0.138749
0.391142 -0.120793 0.138049
0.391135 -0.120800 0.137477
0.392018 -0.120327 0.135662
0.383351 -0.052856 0.169298
0.383302 -0.039535 0.169546
0.383224 -0.036109 0.169546
0.383182 -0.030938 0.169701
0.383443 -0.068968 0.168797
0.383528 -0.086012 0.168310
0.382822 -0.017532 0.170443
0.382334 0.000000 0.170810
0.403963 -0.100683 0.120511
0.404062 -0.085956 0.120412
0.406732 -0.017263 0.117134
0.405608 -0.017263 0.118519
0.404570 -0.017263 0.119790
0.404083 -0.017263 0.120398
0.404083 -0.034399 0.120398
0.404083 -0.051267 0.120398
0.404076 -0.068311 0.120398
0.226732 -0.018973 0.123880
0.242201 -0.018987 0.126797
0.211305 -0.018867 0.117099
0.197757 -0.018641 0.106935
0.187897 -0.018266 0.093867
0.181497 -0.017715 0.079691
0.178311 -0.016967 0.066164
0.177153 -0.090893 0.034244
0.177082 -0.072401 0.037133
0.176984 -0.052630 0.041343
0.176863 -0.033121 0.046838
0.177160 -0.016211 0.054735
0.257508 -0.018902 0.126352
0.286376 -0.018478 0.116583
0.272440 -0.018740 0.123047
0.299677 -0.032605 0.105698
0.340963 -0.030599 0.042897
0.340080 -0.030493 0.042784
0.338562 -0.030302 0.042692
0.335503 -0.029935 0.042565
0.342079 -0.030719 0.043158
0.344297 -0.030931 0.043681
0.344297 -0.040615 0.043681
0.348493 -0.046457 0.044853
0.346409 -0.048307 0.044168
0.330008 -0.029264 0.042332
0.318275 -0.030288 0.065444
0.319984 -0.029208 0.053181
0.320896 -0.028445 0.044762
0.314722 -0.031362 0.079726
0.322033 -0.028289 0.041993
0.324661 -0.028607 0.042099
0.308718 -0.032217 0.093867
0.353402 -0.054636 0.076272
0.353042 -0.053654 0.071130
0.352251 -0.052659 0.063614
0.351354 -0.051924 0.055894
0.350683 -0.051740 0.050130
0.359738 -0.048696 0.049219
0.349969 -0.048081 0.045312
0.162433 -0.014169 0.031616
0.173918 -0.048986 0.031842
0.176108 -0.048986 0.031885
0.176927 -0.049070 0.032104
0.177188 -0.049325 0.032725
0.169532 -0.029956 0.031758
0.165018 -0.014169 0.031673
0.177153 -0.070713 0.034237
0.177153 -0.049946 0.034244
0.120807 0.000000 0.031835
0.123809 0.000000 0.031044
0.124721 0.000000 0.030896
0.127927 0.000000 0.030959
0.145374 0.000000 0.031291
0.136008 0.000000 0.031115
0.152452 0.000000 0.031426
0.157213 0.000000 0.031524
0.159607 0.000000 0.031567
0.160914 0.000000 0.031588
0.122651 0.000000 0.031503
0.121634 0.000000 0.031948
0.121146 0.000000 0.032012
0.340080 0.049713 0.042784
0.338562 0.049657 0.042692
0.335503 0.049536 0.042565
0.340963 0.049741 0.042897
0.342107 0.049325 0.043165
0.343633 0.051648 0.043525
0.346112 0.060647 0.044105
0.345131 0.051627 0.043872
0.347115 0.070204 0.071589
0.347271 0.070444 0.063706
0.347349 0.070614 0.055880
0.347264 0.071165 0.049699
0.346988 0.069449 0.077960
0.346875 0.060520 0.045602
0.330008 0.049325 0.042332
0.324661 0.049113 0.042099
0.322033 0.049007 0.041993
0.320896 0.049049 0.044762
0.319984 0.049268 0.053181
0.318275 0.049621 0.065444
0.314722 0.050052 0.079726
0.308478 0.066220 0.094114
0.308718 0.049614 0.093867
0.242201 0.065634 0.126797
0.226732 0.065599 0.123880
0.211305 0.065232 0.117099
0.197757 0.064455 0.106935
0.257508 0.065366 0.126352
0.272440 0.064794 0.123047
0.286376 0.064624 0.116583
0.298716 0.065549 0.106666
0.187904 0.063162 0.093867
0.181497 0.061255 0.079691
0.178311 0.058655 0.066164
0.177082 0.108700 0.037133
0.176984 0.095774 0.041343
0.176863 0.076682 0.046838
0.177160 0.056063 0.054735
0.353685 0.061064 0.080898
0.373286 0.055300 0.079373
0.358671 0.056600 0.078977
0.407897 0.017263 0.115326
0.387109 0.018655 0.063501
0.387109 0.033968 0.063501
0.387109 0.049028 0.063501
0.387109 0.046866 0.063501
0.387109 0.042614 0.063501
0.388550 0.051041 0.071080
0.372537 0.052531 0.075996
0.407494 0.017263 0.116202
0.401286 0.116025 0.123583
0.400431 0.115609 0.123421
0.397648 0.117247 0.126289
0.399732 0.115220 0.123400
0.391510 0.120610 0.135196
0.394526 0.118964 0.131127
0.397817 0.116880 0.126677
0.386219 0.118815 0.157764
0.388359 0.120935 0.149351
0.390245 0.120857 0.141821
0.384743 0.112275 0.163471
0.390980 0.120829 0.138756
0.391149 0.120786 0.138049
0.391135 0.120800 0.137477
0.392018 0.120327 0.135662
0.383867 0.101326 0.166854
0.403715 0.109004 0.120772
0.402592 0.113136 0.121768
0.383302 0.039535 0.169546
0.383358 0.052856 0.169298
0.383182 0.030938 0.169701
0.383224 0.036109 0.169546
0.383450 0.068968 0.168797
0.383528 0.086012 0.168310
0.382822 0.017532 0.170443
0.403963 0.100683 0.120511
0.404062 0.085956 0.120412
0.406732 0.017263 0.117134
0.405608 0.017263 0.118519
0.404570 0.017263 0.119790
0.404076 0.068311 0.120398
0.404083 0.051267 0.120398
0.404083 0.034399 0.120398
0.404083 0.017263 0.120398
0.177153 0.106172 0.034237
0.162433 0.014169 0.031616
0.165018 0.014169 0.031673
0.169532 0.029956 0.031758
0.173918 0.048986 0.031842
0.176108 0.069357 0.031885
0.176927 0.069470 0.032104
0.177188 0.069830 0.032725
0.177153 0.090893 0.034244
0.177153 0.070713 0.034237
0.407897 0.000000 0.115326
0.379459 -0.019199 0.056607
0.379480 0.000000 0.056614
0.379424 -0.034689 0.056600
0.382129 -0.049861 0.063522
0.379403 -0.048187 0.056593
0.379403 -0.046287 0.056593
0.379410 -0.042748 0.056593
0.370792 -0.051309 0.071059
0.407494 0.000000 0.116202
0.401674 -0.112840 0.121697
0.399852 -0.114923 0.123859
0.400918 -0.112557 0.121761
0.398277 -0.116633 0.127200
0.395013 -0.118695 0.131629
0.400275 -0.114712 0.124431
0.403249 -0.108856 0.120935
0.386544 -0.118695 0.157813
0.388670 -0.120807 0.149429
0.390549 -0.120730 0.141920
0.391277 -0.120701 0.138869
0.385075 -0.112183 0.163499
0.384199 -0.101270 0.166869
0.383860 -0.085998 0.168317
0.391446 -0.120666 0.138177
0.391354 -0.120694 0.137604
0.392294 -0.120172 0.135916
0.395275 -0.118540 0.131897
0.383690 -0.052955 0.169298
0.383683 -0.041258 0.169404
0.383867 -0.037352 0.168705
0.383599 -0.036956 0.168670
0.383507 -0.036116 0.168677
0.383464 -0.030931 0.168832
0.383076 -0.017525 0.170111
0.383782 -0.069011 0.168797
0.382751 0.000000 0.170711
0.403496 -0.100641 0.120680
0.403595 -0.085949 0.120581
0.403609 -0.068332 0.120567
0.406732 0.000000 0.117134
0.405608 0.000000 0.118519
0.404570 0.000000 0.119790
0.404083 0.000000 0.120398
0.403624 0.000000 0.120546
0.403617 -0.017263 0.120553
0.403539 -0.034519 0.120581
0.403609 -0.051345 0.120560
0.226732 0.000000 0.123880
0.211305 0.000000 0.117099
0.242201 0.000000 0.126797
0.197757 0.000000 0.106935
0.187904 0.000000 0.093867
0.181497 0.000000 0.079691
0.178311 0.000000 0.066164
0.177082 -0.051140 0.037133
0.176984 -0.032188 0.041343
0.176863 -0.015667 0.046838
0.177160 0.000000 0.054735
0.257508 0.000000 0.126352
0.272440 0.000000 0.123047
0.286376 0.000000 0.116583
0.298716 -0.018125 0.106666
0.308478 -0.017631 0.094114
0.340963 -0.016331 0.042897
0.342079 -0.016430 0.043158
0.340080 -0.016260 0.042784
0.338562 -0.016140 0.042692
0.335503 -0.015900 0.042565
0.344297 -0.016620 0.043681
0.349496 -0.017058 0.045207
0.349468 -0.031510 0.045199
0.349446 -0.040735 0.045192
0.359342 -0.045863 0.048435
0.330008 -0.015462 0.042332
0.314722 -0.016981 0.079726
0.318275 -0.016239 0.065444
0.319984 -0.015483 0.053181
0.320896 -0.014946 0.044762
0.322033 -0.014833 0.041993
0.324661 -0.015038 0.042099
0.367190 -0.050137 0.063565
0.363369 -0.049268 0.056183
0.360988 -0.048957 0.051606
0.359328 -0.047975 0.048427
0.367367 -0.048498 0.051408
0.162433 0.000000 0.031623
0.173918 -0.029956 0.031842
0.176108 -0.029956 0.031885
0.176927 -0.030013 0.032104
0.177188 -0.030161 0.032725
0.177153 -0.030543 0.034237
0.169532 -0.014169 0.031758
0.165018 0.000000 0.031673
0.177082 -0.031270 0.037133
0.340963 0.040735 0.042897
0.340080 0.040658 0.042784
0.338562 0.040516 0.042692
0.335503 0.040241 0.042565
0.342079 0.040735 0.043158
0.344361 0.046224 0.043695
0.344566 0.048286 0.043737
0.346176 0.051670 0.044112
0.345788 0.048159 0.044027
0.347010 0.060951 0.077211
0.347123 0.060697 0.071384
0.347271 0.060217 0.063663
0.347349 0.059906 0.055830
0.347250 0.060139 0.049664
0.348973 0.050624 0.045708
0.330008 0.039732 0.042332
0.319984 0.039407 0.053181
0.320896 0.039047 0.044762
0.322033 0.038998 0.041993
0.324661 0.039238 0.042099
0.318275 0.039958 0.065444
0.314722 0.040566 0.079726
0.309439 0.040693 0.093140
0.302559 0.039817 0.102788
0.299677 0.047347 0.105698
0.242201 0.040135 0.126797
0.226732 0.040114 0.123880
0.211305 0.039895 0.117099
0.197757 0.039414 0.106935
0.257508 0.039972 0.126352
0.272440 0.039626 0.123047
0.288206 0.038976 0.115651
0.187904 0.038623 0.093867
0.181497 0.037458 0.079691
0.178311 0.035869 0.066164
0.177082 0.093055 0.037133
0.176984 0.074513 0.041343
0.176863 0.054163 0.046838
0.177160 0.034279 0.054735
0.353402 0.054636 0.076272
0.379459 0.019199 0.056607
0.379424 0.034689 0.056600
0.379403 0.048187 0.056593
0.382129 0.049861 0.063522
0.379403 0.046287 0.056593
0.379410 0.042748 0.056593
0.370792 0.051309 0.071059
0.401674 0.112840 0.121697
0.399852 0.114923 0.123859
0.400918 0.112557 0.121761
0.395013 0.118695 0.131629
0.398277 0.116633 0.127200
0.400275 0.114712 0.124431
0.386565 0.118688 0.157813
0.388691 0.120800 0.149436
0.390570 0.120723 0.141927
0.391298 0.120694 0.138876
0.385089 0.112169 0.163499
0.391467 0.120652 0.138184
0.391354 0.120694 0.137604
0.392294 0.120172 0.135916
0.395275 0.118540 0.131897
0.384220 0.101270 0.166869
0.383881 0.085998 0.168317
0.403249 0.108856 0.120935
0.383712 0.052962 0.169305
0.383704 0.041265 0.169404
0.383888 0.037359 0.168705
0.383606 0.036956 0.168670
0.383500 0.036116 0.168677
0.383464 0.030931 0.168832
0.383076 0.017525 0.170111
0.383803 0.069011 0.168804
0.403496 0.100641 0.120680
0.403595 0.085949 0.120581
0.403609 0.068332 0.120567
0.403609 0.051345 0.120560
0.403539 0.034519 0.120581
0.403617 0.017263 0.120553
0.169532 0.014169 0.031758
0.173918 0.029956 0.031842
0.176108 0.048986 0.031885
0.176927 0.049070 0.032104
0.177188 0.049325 0.032725
0.177153 0.049946 0.034244
0.177082 0.072401 0.037133
0.177082 0.051140 0.037133
0.375045 0.000000 0.053690
0.374967 -0.019213 0.053662
0.374840 -0.034675 0.053619
0.374776 -0.042635 0.053598
0.375391 -0.049000 0.056487
0.374734 -0.047912 0.053584
0.374748 -0.046061 0.053591
0.402296 -0.108693 0.120899
0.400982 -0.112338 0.122284
0.401519 -0.108531 0.120991
0.398531 -0.116492 0.127489
0.400509 -0.114591 0.124742
0.401370 -0.112190 0.122898
0.387286 -0.118427 0.157933
0.389398 -0.120518 0.149612
0.391262 -0.120447 0.142167
0.391983 -0.120412 0.139137
0.392152 -0.120376 0.138452
0.385824 -0.111957 0.163577
0.384962 -0.101135 0.166925
0.384623 -0.085984 0.168359
0.384545 -0.069124 0.168839
0.391651 -0.120567 0.137739
0.392499 -0.120073 0.136065
0.395472 -0.118441 0.132060
0.384453 -0.053188 0.169334
0.384439 -0.041583 0.169454
0.384609 -0.037705 0.168818
0.384962 -0.037310 0.164467
0.384700 -0.036914 0.164403
0.384609 -0.036073 0.164403
0.384573 -0.030896 0.164538
0.383358 -0.017525 0.169228
0.384481 -0.017503 0.164884
0.383005 0.000000 0.170372
0.402543 -0.100585 0.120645
0.402635 -0.085935 0.120546
0.402649 -0.068382 0.120532
0.402656 -0.051571 0.120525
0.402684 -0.017270 0.120482
0.402564 -0.030317 0.120504
0.402698 0.000000 0.120468
0.402557 -0.039195 0.120511
0.402260 -0.034936 0.120475
0.242201 0.018987 0.126797
0.226732 0.018973 0.123880
0.211305 0.018867 0.117099
0.197757 0.018641 0.106935
0.257508 0.018902 0.126352
0.187904 0.018266 0.093867
0.181497 0.017715 0.079691
0.178311 0.016967 0.066164
0.177160 0.016211 0.054735
0.176984 -0.015222 0.041343
0.176863 0.000000 0.046838
0.176863 0.015667 0.046838
0.272440 0.018740 0.123047
0.286376 0.018478 0.116583
0.298716 0.000000 0.106666
0.298716 0.018125 0.106666
0.308478 0.000000 0.094107
0.340080 0.000000 0.042784
0.340963 0.000000 0.042897
0.342079 0.000000 0.043158
0.344297 0.000000 0.043681
0.338562 0.000000 0.042692
0.335503 0.000000 0.042565
0.349517 0.000000 0.045214
0.359561 -0.017906 0.048505
0.359434 -0.032739 0.048463
0.359639 0.000000 0.048533
0.359371 -0.041420 0.048442
0.369330 -0.045998 0.051776
0.369309 -0.047933 0.051769
0.369373 -0.042212 0.051790
0.330008 0.000000 0.042332
0.314722 0.000000 0.079726
0.318275 0.000000 0.065444
0.319984 0.000000 0.053181
0.320896 0.000000 0.044762
0.322033 0.000000 0.041993
0.324661 0.000000 0.042099
0.371294 -0.048710 0.053089
0.173918 -0.014169 0.031842
0.176108 -0.014169 0.031885
0.176927 -0.014191 0.032104
0.177188 -0.014268 0.032725
0.177153 -0.014445 0.034244
0.177082 -0.014791 0.037133
0.169532 0.000000 0.031758
0.342079 0.030719 0.043158
0.340963 0.030599 0.042897
0.340080 0.030493 0.042784
0.338562 0.030302 0.042692
0.335503 0.029935 0.042565
0.344297 0.030931 0.043681
0.344297 0.040622 0.043681
0.348493 0.046457 0.044853
0.346409 0.048307 0.044168
0.353042 0.053654 0.071130
0.352251 0.052659 0.063614
0.351354 0.051924 0.055894
0.350683 0.051740 0.050130
0.349969 0.048081 0.045312
0.359738 0.048696 0.049219
0.330008 0.029264 0.042332
0.319984 0.029215 0.053181
0.318275 0.030288 0.065444
0.320896 0.028445 0.044762
0.324661 0.028614 0.042099
0.322033 0.028289 0.041993
0.314722 0.031362 0.079726
0.308718 0.032217 0.093867
0.299677 0.032605 0.105698
0.176984 0.052630 0.041343
0.176863 0.033121 0.046838
0.374967 0.019213 0.053662
0.374840 0.034675 0.053619
0.374776 0.042635 0.053598
0.375391 0.049000 0.056487
0.374734 0.047919 0.053584
0.367190 0.050137 0.063565
0.374748 0.046061 0.053591
0.402296 0.108693 0.120899
0.400982 0.112338 0.122284
0.401519 0.108531 0.120991
0.398531 0.116492 0.127489
0.400509 0.114591 0.124742
0.401370 0.112190 0.122898
0.387321 0.118413 0.157940
0.389426 0.120504 0.149627
0.391298 0.120433 0.142182
0.392018 0.120398 0.139151
0.392181 0.120362 0.138459
0.385859 0.111943 0.163577
0.391672 0.120560 0.137746
0.392506 0.120066 0.136065
0.395479 0.118441 0.132060
0.384990 0.101128 0.166925
0.384658 0.085977 0.168359
0.384580 0.069131 0.168839
0.384474 0.041597 0.169461
0.384489 0.053195 0.169334
0.384644 0.037726 0.168825
0.384700 0.036921 0.164410
0.384983 0.037324 0.164474
0.384609 0.036073 0.164403
0.384573 0.030896 0.164538
0.383358 0.017525 0.169228
0.384481 0.017503 0.164884
0.402543 0.100585 0.120645
0.402635 0.085935 0.120546
0.402649 0.068382 0.120532
0.402656 0.051571 0.120525
0.402557 0.039195 0.120511
0.402260 0.034936 0.120475
0.402564 0.030317 0.120504
0.402684 0.017270 0.120482
0.173918 0.014169 0.031842
0.176108 0.029956 0.031885
0.176927 0.030013 0.032104
0.177188 0.030161 0.032725
0.177153 0.030543 0.034237
0.177082 0.031270 0.037133
0.176984 0.032188 0.041343
0.369471 -0.033997 0.051825
0.369662 -0.018754 0.051889
0.369775 0.000000 0.051924
0.369662 0.018754 0.051889
0.401561 -0.108411 0.121542
0.401752 -0.100528 0.120737
0.398722 -0.116393 0.127659
0.401589 -0.112105 0.123237
0.400692 -0.114514 0.124932
0.401942 -0.108326 0.122185
0.388804 -0.117869 0.158188
0.390881 -0.119924 0.150001
0.392718 -0.119854 0.142669
0.393424 -0.119826 0.139695
0.393593 -0.119790 0.139017
0.392350 -0.120285 0.138021
0.387363 -0.111505 0.163739
0.386516 -0.100853 0.167031
0.386014 -0.053676 0.169404
0.386106 -0.069350 0.168917
0.386184 -0.085942 0.168444
0.392788 -0.119946 0.136206
0.395755 -0.118321 0.132215
0.385993 -0.042254 0.169567
0.386127 -0.038440 0.169058
0.385682 -0.037670 0.164658
0.387413 -0.036822 0.153886
0.387674 -0.037218 0.153964
0.388388 -0.037578 0.154197
0.387328 -0.035975 0.153872
0.387300 -0.030811 0.153964
0.387243 -0.017454 0.154197
0.387201 0.000000 0.154352
0.384418 0.000000 0.165117
0.383295 0.000000 0.169482
0.401851 -0.085921 0.120638
0.401865 -0.068445 0.120624
0.401865 -0.051846 0.120617
0.401844 -0.039591 0.120610
0.401858 -0.030373 0.120595
0.401921 -0.017270 0.120546
0.401942 0.000000 0.120518
0.401773 -0.035134 0.120603
0.176984 0.000000 0.041343
0.176984 0.015222 0.041343
0.308478 0.017631 0.094114
0.314722 0.016981 0.079726
0.340963 0.016331 0.042897
0.340080 0.016260 0.042784
0.338562 0.016140 0.042692
0.342079 0.016430 0.043158
0.344297 0.016620 0.043681
0.335503 0.015900 0.042565
0.330008 0.015462 0.042332
0.349496 0.017058 0.045207
0.359561 0.017906 0.048505
0.324661 0.015038 0.042099
0.318275 0.016239 0.065444
0.319984 0.015490 0.053181
0.320896 0.014946 0.044762
0.322033 0.014833 0.041993
0.173918 0.000000 0.031842
0.176108 0.000000 0.031885
0.176927 0.000000 0.032104
0.177188 0.000000 0.032725
0.177153 0.000000 0.034237
0.177082 0.000000 0.037133
0.349468 0.031510 0.045199
0.349446 0.040735 0.045192
0.359342 0.045863 0.048435
0.363369 0.049268 0.056183
0.360988 0.048957 0.051606
0.359328 0.047975 0.048427
0.367367 0.048498 0.051408
0.369471 0.033997 0.051825
0.369373 0.042212 0.051790
0.369330 0.045998 0.051776
0.371294 0.048710 0.053089
0.369309 0.047933 0.051769
0.401561 0.108411 0.121542
0.401752 0.100528 0.120744
0.398729 0.116393 0.127659
0.400692 0.114514 0.124932
0.401589 0.112105 0.123237
0.401942 0.108326 0.122185
0.388826 0.117855 0.158195
0.390902 0.119917 0.150008
0.392739 0.119847 0.142676
0.393445 0.119818 0.139702
0.393608 0.119783 0.139024
0.392386 0.120271 0.138028
0.387385 0.111498 0.163739
0.392809 0.119939 0.136213
0.395769 0.118314 0.132229
0.386537 0.100846 0.167031
0.386035 0.053683 0.169404
0.386134 0.069357 0.168917
0.386205 0.085942 0.168444
0.386014 0.042261 0.169567
0.386148 0.038454 0.169065
0.385725 0.037691 0.164665
0.387420 0.036822 0.153886
0.387695 0.037232 0.153971
0.387328 0.035975 0.153872
0.387300 0.030811 0.153964
0.387243 0.017454 0.154197
0.401851 0.085921 0.120638
0.401865 0.068445 0.120624
0.401865 0.051846 0.120617
0.401844 0.039591 0.120610
0.401773 0.035134 0.120603
0.401858 0.030373 0.120595
0.401921 0.017270 0.120546
0.176108 0.014169 0.031885
0.176927 0.014191 0.032104
0.177188 0.014268 0.032725
0.177153 0.014445 0.034244
0.177082 0.014791 0.037133
0.359434 0.032739 0.048463
0.401794 -0.100486 0.121295
0.401886 -0.085907 0.121196
0.398990 -0.116287 0.127829
0.400954 -0.114408 0.125116
0.401759 -0.112042 0.123435
0.402147 -0.108284 0.122531
0.402169 -0.100457 0.121945
0.390323 -0.117304 0.158442
0.392371 -0.119338 0.150389
0.394173 -0.119268 0.143178
0.394872 -0.119232 0.140246
0.395034 -0.119197 0.139582
0.393791 -0.119698 0.138593
0.393480 -0.119663 0.136503
0.388910 -0.111046 0.163902
0.388070 -0.100570 0.167144
0.387582 -0.054156 0.169475
0.387547 -0.042925 0.169673
0.387674 -0.069583 0.168995
0.387752 -0.085899 0.168529
0.396419 -0.118060 0.132540
0.387653 -0.039174 0.169298
0.387166 -0.038404 0.165039
0.389850 -0.038305 0.154670
0.390132 -0.036723 0.143382
0.391093 -0.037479 0.143721
0.390387 -0.037126 0.143467
0.392541 -0.038214 0.144244
0.390005 -0.017405 0.143517
0.390033 -0.030726 0.143404
0.390040 -0.035883 0.143361
0.389984 0.000000 0.143594
0.390005 0.017405 0.143517
0.401900 -0.068495 0.121182
0.401900 -0.052065 0.121175
0.401907 -0.039909 0.121175
0.401907 -0.035332 0.121175
0.401921 -0.030423 0.121153
0.401957 -0.017270 0.121104
0.401985 0.000000 0.121069
0.359371 0.041420 0.048442
0.401794 0.100486 0.121295
0.401886 0.085907 0.121196
0.399011 0.116280 0.127843
0.400968 0.114401 0.125123
0.401766 0.112042 0.123435
0.402147 0.108284 0.122531
0.402169 0.100457 0.121945
0.390330 0.117304 0.158442
0.392378 0.119331 0.150389
0.394180 0.119260 0.143178
0.394879 0.119232 0.140246
0.395041 0.119197 0.139582
0.393812 0.119691 0.138600
0.393509 0.119649 0.136510
0.388917 0.111046 0.163902
0.396454 0.118046 0.132554
0.388077 0.100570 0.167144
0.387554 0.042925 0.169673
0.387589 0.054163 0.169475
0.387681 0.069583 0.168995
0.387752 0.085899 0.168529
0.387660 0.039174 0.169305
0.387194 0.038411 0.165046
0.388423 0.037592 0.154204
0.389871 0.038320 0.154677
0.390139 0.036730 0.143382
0.390408 0.037133 0.143474
0.391128 0.037500 0.143736
0.390033 0.030726 0.143404
0.390040 0.035883 0.143361
0.401900 0.068495 0.121182
0.401900 0.052065 0.121175
0.401907 0.039909 0.121175
0.401907 0.035332 0.121168
0.401921 0.030423 0.121153
0.401957 0.017270 0.121104
0.402253 -0.085899 0.121846
0.402267 -0.068530 0.121825
0.399640 -0.116032 0.128189
0.402020 -0.111950 0.123626
0.401582 -0.114168 0.125490
0.402317 -0.108241 0.122736
0.402373 -0.100436 0.122291
0.402458 -0.085899 0.122199
0.391086 -0.117028 0.158569
0.393113 -0.119041 0.150580
0.394907 -0.118971 0.143432
0.395599 -0.118943 0.140522
0.395755 -0.118907 0.139865
0.395232 -0.119105 0.139165
0.394900 -0.119091 0.137096
0.389687 -0.110820 0.163987
0.388854 -0.100429 0.167194
0.388366 -0.054403 0.169510
0.388331 -0.043257 0.169729
0.388416 -0.039542 0.169426
0.388458 -0.069696 0.169037
0.388536 -0.085878 0.168571
0.397789 -0.117509 0.133197
0.388656 -0.039139 0.165435
0.391312 -0.039047 0.155143
0.393996 -0.038948 0.144767
0.391135 -0.035840 0.139137
0.391220 -0.036688 0.139165
0.391474 -0.037083 0.139257
0.392181 -0.037444 0.139526
0.393622 -0.038178 0.140070
0.395063 -0.038913 0.140621
0.391128 -0.030691 0.139158
0.391114 -0.017383 0.139201
0.391114 0.000000 0.139229
0.391114 0.017383 0.139201
0.391128 0.030691 0.139158
0.402267 -0.052214 0.121817
0.402274 -0.040135 0.121817
0.402274 -0.035487 0.121817
0.402289 -0.030465 0.121796
0.402324 -0.017270 0.121754
0.402345 0.000000 0.121719
0.402253 0.085899 0.121846
0.402267 0.068530 0.121825
0.399661 0.116018 0.128203
0.402034 0.111943 0.123633
0.401610 0.114161 0.125505
0.402317 0.108241 0.122736
0.402373 0.100436 0.122291
0.402458 0.085899 0.122199
0.391086 0.117028 0.158569
0.393113 0.119041 0.150580
0.394907 0.118971 0.143432
0.395599 0.118943 0.140522
0.395755 0.118907 0.139865
0.395239 0.119105 0.139165
0.394921 0.119077 0.137103
0.389687 0.110820 0.163987
0.397810 0.117495 0.133204
0.388854 0.100429 0.167201
0.388366 0.054403 0.169510
0.388331 0.043257 0.169729
0.388416 0.039542 0.169426
0.388458 0.069696 0.169037
0.388529 0.085878 0.168571
0.388663 0.039139 0.165435
0.391319 0.039047 0.155143
0.392562 0.038228 0.144251
0.393996 0.038955 0.144767
0.391135 0.035840 0.139137
0.391227 0.036688 0.139165
0.391496 0.037098 0.139264
0.392209 0.037458 0.139540
0.393643 0.038185 0.140084
0.402267 0.052214 0.121817
0.402274 0.040135 0.121817
0.402274 0.035487 0.121817
0.402289 0.030465 0.121796
0.402324 0.017277 0.121754
0.402465 -0.068551 0.122178
0.402472 -0.052298 0.122178
0.400954 -0.115510 0.128916
0.402642 -0.111731 0.124014
0.402571 -0.108164 0.122926
0.402868 -0.113680 0.126260
0.402536 -0.100415 0.122496
0.402621 -0.085892 0.122404
0.402635 -0.068573 0.122383
0.391404 -0.116725 0.158491
0.393410 -0.118695 0.150594
0.395183 -0.118625 0.143510
0.395875 -0.118596 0.140628
0.396030 -0.118568 0.139971
0.395953 -0.118815 0.139448
0.396320 -0.118512 0.137689
0.390019 -0.110622 0.163845
0.389200 -0.100351 0.167017
0.388698 -0.054488 0.169383
0.388592 -0.046231 0.169546
0.388734 -0.043377 0.169334
0.389398 -0.039506 0.165625
0.388797 -0.069738 0.168889
0.388875 -0.085871 0.168401
0.399167 -0.116951 0.133861
0.392047 -0.039414 0.155383
0.394717 -0.039323 0.145028
0.395790 -0.039280 0.140896
0.391573 -0.036674 0.138155
0.391488 -0.035833 0.138127
0.391488 -0.030684 0.138134
0.391828 -0.037076 0.138254
0.392527 -0.037430 0.138530
0.393961 -0.038164 0.139095
0.395402 -0.038906 0.139660
0.396122 -0.039273 0.139942
0.391488 -0.017383 0.138141
0.391488 0.000000 0.138141
0.391488 0.017383 0.138141
0.391488 0.030684 0.138134
0.402472 -0.040262 0.122171
0.402472 -0.035572 0.122171
0.402486 -0.030486 0.122157
0.402522 -0.017277 0.122107
0.402543 0.000000 0.122079
0.402465 0.068551 0.122178
0.402472 0.052298 0.122178
0.400975 0.115503 0.128923
0.402663 0.111724 0.124028
0.402585 0.108157 0.122933
0.402889 0.113673 0.126275
0.402543 0.100415 0.122503
0.402628 0.085892 0.122404
0.402635 0.068580 0.122390
0.391404 0.116725 0.158491
0.393410 0.118695 0.150594
0.395183 0.118625 0.143510
0.395875 0.118596 0.140628
0.396030 0.118568 0.139971
0.395953 0.118815 0.139448
0.396327 0.118505 0.137696
0.390019 0.110622 0.163845
0.399174 0.116951 0.133861
0.389200 0.100351 0.167017
0.388592 0.046231 0.169546
0.388698 0.054488 0.169383
0.388734 0.043377 0.169334
0.389398 0.039506 0.165625
0.388797 0.069738 0.168889
0.388875 0.085871 0.168401
0.392047 0.039414 0.155383
0.394717 0.039316 0.145028
0.395070 0.038913 0.140621
0.395790 0.039280 0.140896
0.391488 0.035833 0.138127
0.391580 0.036681 0.138155
0.391849 0.037083 0.138261
0.392562 0.037451 0.138544
0.393982 0.038178 0.139102
0.395409 0.038906 0.139660
0.402472 0.040262 0.122171
0.402472 0.035572 0.122171
0.402486 0.030486 0.122157
0.402522 0.017277 0.122107
0.402635 -0.052362 0.122375
0.402282 -0.114994 0.129644
0.403186 -0.107973 0.123322
0.403913 -0.111286 0.124812
0.402790 -0.100366 0.122693
0.404167 -0.113193 0.127037
0.402875 -0.085892 0.122602
0.402889 -0.068622 0.122580
0.402889 -0.052461 0.122573
0.391587 -0.116096 0.158138
0.393551 -0.117975 0.150425
0.395296 -0.117897 0.143502
0.395967 -0.117862 0.140670
0.396228 -0.118491 0.139554
0.396136 -0.117834 0.140006
0.397033 -0.118222 0.137993
0.390252 -0.110254 0.163330
0.389454 -0.100253 0.166424
0.388910 -0.054516 0.168945
0.389701 -0.043342 0.165569
0.389023 -0.069752 0.168394
0.389122 -0.085871 0.167836
0.399859 -0.116675 0.134186
0.392336 -0.043250 0.155383
0.394999 -0.043158 0.145085
0.396059 -0.043116 0.140988
0.391990 -0.030677 0.137251
0.391983 -0.035819 0.137251
0.392075 -0.036667 0.137279
0.392329 -0.037062 0.137378
0.393021 -0.037423 0.137661
0.394448 -0.038157 0.138240
0.395882 -0.038892 0.138819
0.396595 -0.039259 0.139109
0.396391 -0.043109 0.140048
0.396857 -0.043102 0.139229
0.392011 -0.017376 0.137216
0.392025 0.000000 0.137195
0.392011 0.017376 0.137216
0.391990 0.030677 0.137251
0.402550 -0.039040 0.122474
0.402465 -0.030500 0.122460
0.402458 -0.035614 0.122474
0.402486 -0.017277 0.122432
0.402500 0.000000 0.122411
0.402642 0.052369 0.122383
0.402282 0.114987 0.129644
0.403214 0.107966 0.123336
0.403927 0.111279 0.124819
0.402811 0.100366 0.122700
0.404167 0.113193 0.127037
0.402889 0.085892 0.122609
0.402903 0.068629 0.122587
0.402910 0.052475 0.122587
0.391587 0.116096 0.158138
0.393551 0.117975 0.150425
0.395296 0.117897 0.143502
0.395974 0.117862 0.140670
0.396228 0.118491 0.139554
0.396136 0.117834 0.140006
0.397033 0.118222 0.137993
0.390252 0.110254 0.163330
0.399859 0.116675 0.134186
0.389454 0.100253 0.166424
0.388910 0.054516 0.168945
0.389701 0.043342 0.165569
0.389023 0.069752 0.168394
0.389122 0.085871 0.167836
0.394999 0.043158 0.145085
0.392336 0.043250 0.155383
0.396059 0.043116 0.140988
0.396122 0.039273 0.139942
0.391983 0.035819 0.137251
0.392075 0.036667 0.137279
0.392350 0.037076 0.137393
0.393057 0.037437 0.137675
0.394469 0.038171 0.138247
0.395889 0.038899 0.138819
0.402557 0.039040 0.122474
0.402458 0.035614 0.122474
0.402465 0.030500 0.122460
0.402486 0.017277 0.122432
0.402783 -0.040764 0.122722
0.402938 -0.114733 0.130011
0.403412 -0.100238 0.123089
0.404450 -0.107584 0.124127
0.405192 -0.110834 0.125603
0.404810 -0.112946 0.127419
0.403489 -0.085871 0.122997
0.403504 -0.068742 0.122976
0.403504 -0.052708 0.122969
0.403398 -0.041096 0.123117
0.391955 -0.114217 0.156697
0.391065 -0.109922 0.160172
0.395296 -0.115418 0.143587
0.393487 -0.115481 0.150714
0.396002 -0.115383 0.140691
0.397309 -0.117918 0.138099
0.396334 -0.117812 0.139582
0.396179 -0.115368 0.140013
0.390394 -0.100189 0.162821
0.390097 -0.085878 0.164093
0.389878 -0.054481 0.165202
0.389991 -0.069724 0.164665
0.400127 -0.116386 0.134299
0.392484 -0.054389 0.155150
0.395112 -0.054297 0.145007
0.396150 -0.054255 0.140981
0.396468 -0.054248 0.140084
0.393346 -0.030656 0.135330
0.393339 -0.035798 0.135337
0.393424 -0.036638 0.135365
0.393671 -0.037034 0.135471
0.394363 -0.037401 0.135775
0.395769 -0.038136 0.136375
0.397175 -0.038871 0.136990
0.398185 -0.054220 0.137506
0.398135 -0.043073 0.137421
0.396920 -0.054241 0.139300
0.397881 -0.039238 0.137294
0.393374 -0.017362 0.135288
0.393396 0.000000 0.135252
0.393374 0.017362 0.135288
0.393346 0.030656 0.135330
0.393339 0.035798 0.135337
0.402161 -0.035628 0.122969
0.402232 -0.036476 0.123018
0.402458 -0.036872 0.123160
0.402161 -0.030507 0.122969
0.402154 -0.017284 0.122976
0.402154 0.000000 0.122983
0.402797 0.040778 0.122729
0.402938 0.114733 0.130011
0.403433 0.100231 0.123103
0.404471 0.107577 0.124134
0.405192 0.110834 0.125611
0.404810 0.112946 0.127419
0.403518 0.085871 0.123011
0.403532 0.068742 0.122990
0.403532 0.052715 0.122983
0.403426 0.041110 0.123131
0.391955 0.114217 0.156697
0.391065 0.109922 0.160172
0.393487 0.115481 0.150714
0.395296 0.115418 0.143587
0.396002 0.115383 0.140691
0.397309 0.117918 0.138099
0.396334 0.117812 0.139582
0.396179 0.115368 0.140013
0.390394 0.100189 0.162821
0.400127 0.116386 0.134299
0.390097 0.085878 0.164093
0.389878 0.054481 0.165202
0.389991 0.069724 0.164665
0.392484 0.054389 0.155150
0.395112 0.054297 0.145007
0.396150 0.054255 0.140981
0.396391 0.043109 0.140048
0.396468 0.054248 0.140084
0.396857 0.043102 0.139229
0.396595 0.039266 0.139109
0.393431 0.036646 0.135372
0.393692 0.037048 0.135478
0.394392 0.037415 0.135782
0.395790 0.038143 0.136389
0.397182 0.038871 0.136990
0.402239 0.036476 0.123018
0.402161 0.035628 0.122969
0.402472 0.036886 0.123174
0.402161 0.030507 0.122969
0.402154 0.017284 0.122976
0.403073 -0.037232 0.123562
0.403186 -0.114457 0.130152
0.404669 -0.099970 0.123894
0.405721 -0.107196 0.124932
0.405827 -0.110608 0.126006
0.405008 -0.112720 0.127631
0.404761 -0.068975 0.123788
0.404747 -0.085836 0.123802
0.404768 -0.053195 0.123781
0.404655 -0.041774 0.123929
0.404330 -0.037966 0.124374
0.393155 -0.109824 0.152085
0.392795 -0.100224 0.153617
0.395246 -0.109838 0.143969
0.396066 -0.109824 0.140734
0.396285 -0.109817 0.140027
0.397422 -0.117297 0.138113
0.396405 -0.115390 0.139554
0.392626 -0.085885 0.154401
0.392555 -0.069660 0.154790
0.400240 -0.115778 0.134313
0.395140 -0.069590 0.144852
0.396157 -0.069562 0.140931
0.396454 -0.069554 0.140077
0.396878 -0.069547 0.139335
0.396249 -0.030606 0.131219
0.396249 -0.035741 0.131219
0.396334 -0.036589 0.131254
0.396574 -0.036985 0.131367
0.397238 -0.037345 0.131699
0.398594 -0.038079 0.132370
0.399958 -0.038821 0.133041
0.398128 -0.069526 0.137569
0.400947 -0.054170 0.133592
0.400911 -0.069491 0.133635
0.400890 -0.043024 0.133515
0.400643 -0.039188 0.133380
0.396285 0.000000 0.131170
0.396270 -0.017334 0.131184
0.396270 0.017334 0.131184
0.396249 0.030606 0.131219
0.396249 0.035741 0.131219
0.401610 -0.035643 0.123718
0.401688 -0.036490 0.123760
0.401907 -0.036886 0.123901
0.402529 -0.037246 0.124304
0.401603 -0.030514 0.123732
0.401575 -0.017284 0.123760
0.401561 0.000000 0.123788
0.403101 0.037246 0.123576
0.403186 0.114457 0.130152
0.404683 0.099970 0.123908
0.405721 0.107196 0.124932
0.405827 0.110608 0.126006
0.405008 0.112720 0.127631
0.404775 0.068982 0.123795
0.404768 0.085836 0.123816
0.404782 0.053202 0.123795
0.404676 0.041781 0.123944
0.404344 0.037981 0.124389
0.393155 0.109824 0.152085
0.392795 0.100224 0.153617
0.395246 0.109838 0.143969
0.396066 0.109824 0.140734
0.396285 0.109817 0.140027
0.397422 0.117297 0.138113
0.396405 0.115390 0.139554
0.392626 0.085885 0.154401
0.400240 0.115778 0.134313
0.392555 0.069660 0.154790
0.395140 0.069590 0.144852
0.396157 0.069562 0.140931
0.396454 0.069554 0.140077
0.396878 0.069547 0.139335
0.396920 0.054241 0.139300
0.398135 0.043073 0.137421
0.398185 0.054220 0.137506
0.397881 0.039238 0.137294
0.396334 0.036589 0.131254
0.396595 0.036992 0.131374
0.397266 0.037359 0.131713
0.398616 0.038094 0.132377
0.399965 0.038821 0.133041
0.401610 0.035643 0.123718
0.401695 0.036490 0.123767
0.401928 0.036893 0.123915
0.402557 0.037260 0.124318
0.401603 0.030514 0.123732
0.401575 0.017284 0.123760
0.403786 -0.037981 0.125109
0.403256 -0.113899 0.130223
0.405933 -0.099709 0.124706
0.406350 -0.106998 0.125335
0.405983 -0.110438 0.126275
0.404959 -0.112282 0.127878
0.406025 -0.069215 0.124600
0.406025 -0.053690 0.124593
0.406011 -0.085801 0.124615
0.405919 -0.042452 0.124742
0.405587 -0.038708 0.125194
0.405050 -0.038722 0.125921
0.395162 -0.085892 0.144675
0.395190 -0.100281 0.144414
0.396129 -0.100288 0.140797
0.396384 -0.100288 0.140041
0.396574 -0.109838 0.139483
0.397514 -0.114980 0.138042
0.400332 -0.113673 0.134214
0.396157 -0.085885 0.140861
0.396440 -0.085878 0.140063
0.396836 -0.085878 0.139363
0.398065 -0.085871 0.137619
0.399230 -0.030557 0.127002
0.399237 -0.035685 0.126995
0.399322 -0.036533 0.127030
0.399548 -0.036928 0.127165
0.400191 -0.037288 0.127525
0.401497 -0.038030 0.128266
0.402811 -0.038765 0.129008
0.400869 -0.085857 0.133677
0.403772 -0.085836 0.129594
0.403786 -0.069456 0.129587
0.403793 -0.054121 0.129580
0.403715 -0.042974 0.129524
0.403468 -0.039139 0.129382
0.399230 0.000000 0.127002
0.399230 -0.017306 0.127002
0.399230 0.017306 0.127002
0.399230 0.030557 0.127002
0.399237 0.035685 0.126995
0.400819 -0.030529 0.124791
0.400833 -0.035657 0.124777
0.400911 -0.036504 0.124819
0.401137 -0.036900 0.124954
0.401759 -0.037260 0.125342
0.403037 -0.038002 0.126126
0.400798 -0.017291 0.124819
0.400784 0.000000 0.124834
0.403807 0.037995 0.125123
0.403256 0.113899 0.130223
0.405933 0.099709 0.124706
0.406350 0.106998 0.125335
0.405983 0.110438 0.126275
0.404959 0.112289 0.127871
0.406018 0.085801 0.124622
0.406025 0.069215 0.124600
0.406032 0.053690 0.124600
0.405919 0.042452 0.124749
0.405594 0.038715 0.125194
0.405057 0.038722 0.125928
0.395190 0.100281 0.144414
0.395162 0.085892 0.144675
0.396129 0.100288 0.140797
0.396384 0.100288 0.140041
0.396574 0.109838 0.139483
0.397514 0.114980 0.138042
0.400332 0.113673 0.134214
0.396157 0.085885 0.140861
0.396440 0.085878 0.140063
0.396836 0.085878 0.139363
0.398128 0.069526 0.137569
0.398065 0.085871 0.137619
0.400947 0.054170 0.133592
0.400890 0.043024 0.133515
0.400911 0.069491 0.133635
0.400643 0.039188 0.133380
0.399322 0.036533 0.127037
0.399569 0.036942 0.127172
0.400226 0.037310 0.127539
0.401519 0.038037 0.128274
0.402818 0.038772 0.129015
0.400819 0.030529 0.124791
0.400833 0.035657 0.124777
0.400918 0.036504 0.124819
0.401158 0.036907 0.124968
0.401794 0.037274 0.125356
0.403059 0.038009 0.126140
0.400798 0.017291 0.124819
0.404316 -0.038736 0.126917
0.403313 -0.112063 0.130159
0.406562 -0.099574 0.125116
0.406498 -0.106885 0.125625
0.405813 -0.110163 0.126684
0.404895 -0.110756 0.127984
0.406654 -0.069328 0.125003
0.406661 -0.053937 0.124996
0.406548 -0.042791 0.125151
0.406640 -0.085779 0.125024
0.406216 -0.039082 0.125603
0.405679 -0.039090 0.126331
0.404959 -0.039111 0.127313
0.396744 -0.100288 0.139406
0.397726 -0.109619 0.137880
0.400551 -0.108877 0.133995
0.397952 -0.100238 0.137710
0.400770 -0.100055 0.133769
0.403701 -0.099822 0.129672
0.405269 -0.099624 0.127518
0.405326 -0.085815 0.127447
0.405305 -0.069427 0.127468
0.405291 -0.054099 0.127489
0.405206 -0.042946 0.127454
0.404323 0.038743 0.126917
0.403313 0.112063 0.130159
0.406562 0.099574 0.125116
0.406498 0.106885 0.125625
0.405813 0.110163 0.126684
0.404895 0.110756 0.127984
0.406654 0.069328 0.125003
0.406654 0.053937 0.124996
0.406647 0.085779 0.125024
0.406548 0.042791 0.125151
0.406216 0.039082 0.125603
0.405679 0.039090 0.126331
0.404959 0.039111 0.127313
0.396744 0.100288 0.139406
0.397726 0.109619 0.137880
0.400551 0.108877 0.133995
0.397952 0.100238 0.137710
0.400869 0.085857 0.133677
0.400770 0.100055 0.133769
0.403793 0.054121 0.129580
0.403786 0.069456 0.129587
0.403715 0.042974 0.129524
0.403772 0.085836 0.129594
0.403468 0.039139 0.129382
0.403504 -0.107973 0.129919
0.406710 -0.099511 0.125392
0.406781 -0.085772 0.125307
0.406294 -0.106744 0.126070
0.405524 -0.109393 0.127108
0.405057 -0.107238 0.127779
0.406788 -0.069378 0.125293
0.406788 -0.054029 0.125293
0.406640 -0.045765 0.125377
0.406456 -0.042918 0.125745
0.405926 -0.042932 0.126472
0.405799 -0.106793 0.126762
0.406018 -0.099497 0.126493
0.406068 -0.085793 0.126430
0.406046 -0.069413 0.126465
0.406018 -0.054078 0.126501
0.403504 0.107966 0.129919
0.406710 0.099511 0.125392
0.406781 0.085772 0.125307
0.406294 0.106744 0.126070
0.405524 0.109393 0.127108
0.405057 0.107238 0.127779
0.406788 0.069378 0.125293
0.406788 0.054029 0.125293
0.406640 0.045765 0.125377
0.406456 0.042918 0.125745
0.405926 0.042932 0.126472
0.405206 0.042946 0.127454
0.403701 0.099822 0.129672
0.405326 0.085815 0.127447
0.405305 0.069427 0.127468
0.405291 0.054092 0.127489
0.405269 0.099624 0.127518
0.406513 -0.099476 0.125822
0.406576 -0.085779 0.125745
0.406562 -0.069399 0.125759
0.406548 -0.054071 0.125780
0.406513 0.099476 0.125822
0.406576 0.085779 0.125745
0.406562 0.069399 0.125759
0.405799 0.106793 0.126762
0.406018 0.099497 0.126493
0.406548 0.054071 0.125780
0.406018 0.054078 0.126501
0.406046 0.069413 0.126465
0.406068 0.085793 0.126430
3 0 1 2
3 1 0 3
3 1 3 4
3 5 1 4
3 1 5 6
3 1 6 2
3 0 2 7
3 8 7 2
3 8 2 9
3 6 9 2
3 10 0 7
3 10 7 11
3 7 8 12
3 7 12 11
3 0 10 13
3 14 10 11
3 10 14 15
3 10 15 13
3 0 13 3
3 16 3 13
3 17 16 13
3 17 13 15
3 18 4 3
3 16 18 3
3 19 20 4
3 18 19 4
3 5 4 20
3 21 5 20
3 5 21 22
3 5 22 6
3 6 23 9
3 23 6 22
3 24 8 9
3 8 24 25
3 8 25 12
3 24 9 26
3 23 26 9
3 14 11 27
3 28 27 11
3 28 11 12
3 29 28 12
3 29 12 25
3 30 17 15
3 30 15 31
3 32 31 15
3 32 15 14
3 14 27 33
3 14 33 32
3 18 16 34
3 16 17 35
3 16 35 34
3 17 30 36
3 17 36 35
3 18 34 37
3 19 18 37
3 38 19 39
3 19 38 20
3 19 37 39
3 38 40 20
3 21 20 40
3 41 21 40
3 21 41 42
3 21 42 22
3 42 43 22
3 23 22 43
3 23 44 26
3 44 23 43
3 45 24 26
3 24 45 46
3 24 46 25
3 47 29 25
3 47 25 46
3 44 48 26
3 45 26 48
3 28 33 27
3 29 49 28
3 28 49 33
3 29 47 50
3 29 50 51
3 29 51 49
3 52 53 31
3 52 31 32
3 54 30 31
3 54 31 53
3 32 33 55
3 32 55 52
3 56 36 30
3 56 30 54
3 55 33 49
3 57 37 34
3 58 57 34
3 58 34 35
3 59 58 35
3 59 35 36
3 56 59 36
3 60 39 37
3 57 60 37
3 38 39 61
3 62 38 61
3 38 62 40
3 60 63 39
3 63 61 39
3 62 64 40
3 41 40 64
3 65 41 64
3 41 65 66
3 41 66 42
3 42 67 43
3 67 42 66
3 67 68 43
3 44 43 68
3 44 69 48
3 69 44 68
3 70 45 48
3 45 70 71
3 45 71 46
3 72 47 46
3 72 46 71
3 47 72 73
3 47 73 50
3 69 74 48
3 70 48 74
3 55 49 75
3 75 49 51
3 75 51 76
3 77 76 51
3 77 51 50
3 50 73 78
3 50 78 77
3 79 80 53
3 79 53 52
3 53 80 81
3 53 81 54
3 52 55 82
3 52 82 79
3 56 54 81
3 75 82 55
3 56 81 83
3 84 56 83
3 56 84 59
3 60 57 85
3 57 58 86
3 57 86 85
3 58 59 87
3 58 87 86
3 84 87 59
3 60 85 88
3 63 60 88
3 89 62 90
3 62 89 64
3 62 61 90
3 91 90 61
3 63 91 61
3 63 88 92
3 91 63 92
3 89 93 64
3 65 64 93
3 65 94 95
3 65 95 66
3 94 65 93
3 67 66 96
3 95 96 66
3 67 97 68
3 97 67 96
3 97 98 68
3 69 68 98
3 69 99 74
3 99 69 98
3 70 100 101
3 70 101 71
3 100 70 74
3 102 72 71
3 102 71 101
3 72 102 103
3 72 103 73
3 103 78 73
3 100 74 104
3 99 104 74
3 76 105 75
3 75 105 82
3 76 106 105
3 107 106 76
3 107 76 77
3 107 77 78
3 107 78 108
3 109 108 78
3 103 109 78
3 110 111 80
3 110 80 79
3 81 80 111
3 79 82 112
3 79 112 110
3 113 83 81
3 81 111 113
3 112 82 105
3 113 114 83
3 114 115 83
3 84 83 115
3 116 84 115
3 84 116 87
3 117 88 85
3 118 117 85
3 118 85 86
3 119 118 86
3 119 86 87
3 116 119 87
3 120 92 88
3 117 120 88
3 89 90 121
3 122 89 121
3 89 122 93
3 123 121 90
3 91 123 90
3 91 92 124
3 123 91 124
3 120 125 92
3 125 124 92
3 122 126 93
3 94 93 126
3 94 127 128
3 94 128 95
3 127 94 126
3 129 95 128
3 95 129 96
3 97 96 130
3 129 130 96
3 97 131 98
3 131 97 130
3 131 132 98
3 99 98 132
3 99 133 104
3 133 99 132
3 100 134 135
3 100 135 101
3 134 100 104
3 136 102 101
3 136 101 135
3 102 136 137
3 102 137 103
3 109 103 137
3 134 104 138
3 133 138 104
3 112 105 139
3 139 105 106
3 139 106 140
3 140 106 107
3 140 107 141
3 141 107 108
3 141 108 142
3 143 142 108
3 109 143 108
3 109 137 144
3 143 109 144
3 145 146 111
3 145 111 110
3 147 113 111
3 147 111 146
3 110 112 148
3 110 148 145
3 139 148 112
3 147 114 113
3 147 149 114
3 114 149 150
3 114 150 151
3 114 151 115
3 151 152 115
3 116 115 152
3 153 116 152
3 116 153 119
3 120 117 154
3 117 118 155
3 117 155 154
3 118 119 156
3 118 156 155
3 157 156 119
3 157 119 153
3 120 154 158
3 125 120 158
3 122 121 159
3 160 159 121
3 123 160 121
3 161 122 159
3 122 161 126
3 160 123 162
3 123 124 162
3 163 162 124
3 125 163 124
3 125 158 164
3 163 125 164
3 161 165 126
3 127 126 165
3 165 166 127
3 167 128 127
3 167 127 166
3 168 128 167
3 129 128 168
3 169 129 168
3 129 169 130
3 131 130 170
3 169 170 130
3 131 171 132
3 171 131 170
3 171 172 132
3 133 132 172
3 133 173 138
3 173 133 172
3 174 134 138
3 134 174 175
3 134 175 135
3 176 136 135
3 176 135 175
3 136 176 177
3 136 177 137
3 177 144 137
3 174 138 178
3 173 178 138
3 140 179 139
3 139 179 148
3 140 180 179
3 140 141 181
3 140 181 180
3 142 181 141
3 142 182 181
3 183 182 142
3 183 142 184
3 143 184 142
3 184 143 185
3 143 144 185
3 186 185 144
3 177 186 144
3 145 187 188
3 145 188 146
3 187 145 148
3 189 147 146
3 189 146 188
3 147 189 190
3 147 190 149
3 187 148 191
3 192 191 148
3 192 148 179
3 193 150 149
3 193 149 190
3 194 151 150
3 194 150 195
3 193 195 150
3 151 194 152
3 153 152 196
3 194 196 152
3 157 153 196
3 155 197 154
3 158 154 197
3 155 198 197
3 198 155 156
3 198 156 199
3 157 199 156
3 157 196 200
3 201 157 200
3 157 201 199
3 158 197 202
3 202 164 158
3 160 203 159
3 161 159 204
3 203 204 159
3 160 162 205
3 203 160 205
3 206 161 204
3 161 206 165
3 207 205 162
3 163 207 162
3 163 164 208
3 207 163 208
3 202 209 164
3 208 164 209
3 165 210 166
3 210 165 206
3 211 167 166
3 211 166 212
3 210 212 166
3 168 167 213
3 211 213 167
3 214 168 213
3 169 168 214
3 169 215 170
3 215 169 214
3 171 170 216
3 215 216 170
3 171 217 172
3 217 171 216
3 217 218 172
3 173 172 218
3 173 219 178
3 219 173 218
3 220 174 178
3 174 220 221
3 174 221 175
3 222 176 175
3 222 175 221
3 176 222 223
3 176 223 177
3 177 223 224
3 177 224 186
3 220 178 225
3 219 225 178
3 226 192 179
3 226 179 180
3 227 226 180
3 227 180 181
3 228 227 181
3 228 181 182
3 229 228 182
3 229 182 183
3 183 184 230
3 183 230 231
3 229 183 231
3 184 185 230
3 186 232 185
3 232 230 185
3 232 186 224
3 233 189 188
3 233 188 234
3 187 234 188
3 187 235 234
3 235 187 191
3 189 233 236
3 189 236 190
3 237 193 190
3 237 190 236
3 235 191 238
3 191 192 239
3 191 239 238
3 192 226 240
3 192 240 239
3 237 241 193
3 193 241 195
3 194 242 196
3 242 194 195
3 243 244 195
3 243 195 241
3 242 195 244
3 242 200 196
3 198 245 197
3 246 202 197
3 246 197 245
3 198 247 245
3 247 198 199
3 247 199 248
3 201 248 199
3 249 200 250
3 242 250 200
3 201 200 249
3 251 201 249
3 201 251 248
3 202 246 252
3 202 252 209
3 203 205 253
3 254 203 253
3 203 254 204
3 206 204 255
3 254 255 204
3 256 253 205
3 207 256 205
3 255 257 206
3 210 206 257
3 256 207 258
3 207 208 258
3 208 209 259
3 259 258 208
3 260 259 209
3 260 209 252
3 261 210 257
3 210 261 212
3 212 261 262
3 212 262 263
3 263 211 212
3 263 264 211
3 211 264 265
3 211 265 266
3 211 266 213
3 214 213 267
3 266 267 213
3 268 214 267
3 215 214 268
3 215 269 216
3 269 215 268
3 217 216 270
3 269 270 216
3 217 271 218
3 271 217 270
3 271 272 218
3 219 218 272
3 219 273 225
3 273 219 272
3 274 221 220
3 274 220 275
3 275 220 225
3 274 222 221
3 276 223 222
3 274 276 222
3 276 277 223
3 277 224 223
3 232 224 278
3 279 278 224
3 277 279 224
3 275 225 280
3 280 225 273
3 226 227 281
3 226 281 240
3 227 228 282
3 227 282 281
3 228 229 283
3 228 283 282
3 229 231 284
3 284 283 229
3 285 231 230
3 232 285 230
3 286 284 231
3 286 231 287
3 285 287 231
3 285 232 278
3 288 236 233
3 288 233 289
3 289 233 234
3 289 234 290
3 291 290 234
3 291 234 235
3 235 238 292
3 235 292 291
3 288 237 236
3 237 293 241
3 294 293 237
3 288 294 237
3 292 238 239
3 292 239 295
3 295 239 240
3 296 297 240
3 296 240 281
3 295 240 297
3 243 241 293
3 244 250 242
3 243 298 299
3 243 299 300
3 244 243 300
3 243 293 298
3 244 300 301
3 244 301 250
3 302 246 245
3 246 302 303
3 246 303 252
3 302 245 304
3 247 304 245
3 247 305 304
3 305 247 248
3 306 307 248
3 306 248 251
3 305 248 307
3 249 308 309
3 249 309 310
3 249 250 308
3 251 249 310
3 301 308 250
3 311 306 251
3 311 251 310
3 312 260 252
3 312 252 303
3 256 313 253
3 313 314 253
3 254 253 314
3 315 254 314
3 254 315 255
3 255 316 257
3 316 255 315
3 256 258 317
3 313 256 317
3 261 257 318
3 316 318 257
3 259 319 258
3 317 258 319
3 259 260 320
3 259 320 319
3 260 312 321
3 260 321 320
3 322 262 261
3 322 261 318
3 323 324 262
3 323 262 322
3 324 263 262
3 325 264 263
3 324 325 263
3 325 326 264
3 327 265 264
3 327 264 326
3 266 265 328
3 329 328 265
3 329 265 327
3 266 328 330
3 266 330 267
3 268 267 331
3 330 331 267
3 332 268 331
3 269 268 332
3 269 333 270
3 333 269 332
3 271 270 334
3 333 334 270
3 271 335 272
3 335 271 334
3 335 336 272
3 273 272 336
3 280 273 337
3 337 273 336
3 276 274 338
3 274 275 339
3 274 339 338
3 275 280 340
3 275 340 339
3 276 338 341
3 277 276 341
3 277 341 342
3 279 277 342
3 343 278 344
3 285 278 343
3 279 344 278
3 279 342 345
3 344 279 345
3 280 337 346
3 280 346 340
3 281 282 347
3 281 347 296
3 283 347 282
3 284 348 283
3 283 349 347
3 349 283 348
3 286 348 284
3 343 287 285
3 350 286 287
3 286 350 351
3 286 351 352
3 286 352 348
3 350 287 353
3 343 353 287
3 294 288 354
3 288 289 355
3 288 355 354
3 289 290 356
3 289 356 355
3 357 356 290
3 357 290 291
3 291 292 358
3 291 358 357
3 295 358 292
3 359 298 293
3 294 359 293
3 294 354 360
3 359 294 360
3 297 361 295
3 295 361 358
3 296 362 363
3 296 363 297
3 362 296 347
3 297 363 361
3 299 298 364
3 359 364 298
3 299 364 365
3 300 299 365
3 366 301 300
3 300 365 366
3 301 367 308
3 366 367 301
3 368 302 304
3 302 368 369
3 302 369 303
3 370 312 303
3 370 303 369
3 368 304 371
3 305 371 304
3 305 372 371
3 372 305 307
3 306 311 373
3 306 373 374
3 307 306 374
3 307 374 375
3 372 307 375
3 367 309 308
3 367 376 309
3 377 310 309
3 378 377 309
3 378 309 376
3 377 311 310
3 311 377 379
3 311 379 373
3 370 321 312
3 313 317 380
3 381 313 380
3 313 381 314
3 381 382 314
3 315 314 382
3 382 383 315
3 316 315 383
3 384 316 383
3 316 384 318
3 385 380 317
3 317 319 385
3 322 318 384
3 386 385 319
3 386 319 320
3 387 386 320
3 387 320 321
3 370 388 321
3 387 321 388
3 322 384 389
3 390 323 322
3 390 322 389
3 390 391 323
3 324 323 391
3 324 391 392
3 325 324 392
3 325 392 326
3 327 326 392
3 327 392 329
3 330 328 393
3 394 393 328
3 394 328 329
3 395 394 329
3 395 329 392
3 330 393 396
3 330 396 331
3 332 331 397
3 396 397 331
3 398 332 397
3 333 332 398
3 333 399 334
3 399 333 398
3 335 334 400
3 399 400 334
3 335 401 336
3 401 335 400
3 337 336 402
3 402 336 401
3 337 402 403
3 337 403 346
3 404 405 338
3 404 338 339
3 405 341 338
3 406 404 339
3 406 339 340
3 407 406 340
3 407 340 346
3 408 342 341
3 405 408 341
3 409 345 342
3 409 342 410
3 408 410 342
3 411 412 344
3 343 344 412
3 344 345 411
3 353 343 412
3 345 409 413
3 345 413 411
3 414 407 346
3 414 346 403
3 349 415 347
3 362 347 415
3 352 416 348
3 349 348 416
3 349 417 415
3 417 349 416
3 418 351 350
3 418 350 419
3 419 350 353
3 351 418 420
3 351 420 352
3 352 420 416
3 353 412 421
3 419 353 421
3 422 360 354
3 423 422 354
3 423 354 355
3 424 423 355
3 424 355 356
3 425 424 356
3 425 356 357
3 357 358 426
3 357 426 425
3 426 358 361
3 364 359 427
3 359 360 427
3 428 427 360
3 422 428 360
3 426 361 429
3 429 361 363
3 362 430 431
3 362 431 363
3 430 362 415
3 429 363 431
3 364 427 432
3 365 364 432
3 365 432 433
3 366 365 433
3 366 433 434
3 367 366 434
3 367 434 376
3 435 368 371
3 368 435 436
3 368 436 369
3 436 370 369
3 437 388 370
3 436 437 370
3 372 438 371
3 435 371 438
3 372 439 438
3 439 372 375
3 379 440 373
3 441 374 373
3 441 373 440
3 374 441 442
3 374 442 375
3 443 444 375
3 443 375 442
3 439 375 444
3 445 378 376
3 445 376 434
3 378 445 446
3 378 446 447
3 377 378 447
3 377 447 379
3 379 448 440
3 447 448 379
3 381 380 449
3 385 450 380
3 449 380 450
3 451 381 449
3 381 451 382
3 382 452 383
3 452 382 451
3 384 383 453
3 452 453 383
3 453 389 384
3 386 450 385
3 387 454 386
3 386 454 450
3 387 455 454
3 387 388 456
3 455 387 456
3 457 456 388
3 437 457 388
3 453 458 389
3 390 389 458
3 390 459 391
3 390 458 460
3 390 460 461
3 390 461 459
3 462 392 391
3 463 462 391
3 463 391 459
3 462 464 392
3 465 395 392
3 465 392 464
3 466 396 393
3 466 393 467
3 393 394 468
3 393 468 467
3 395 468 394
3 395 469 468
3 395 465 470
3 395 470 469
3 396 466 397
3 398 397 471
3 466 471 397
3 472 398 471
3 399 398 472
3 399 473 400
3 473 399 472
3 401 400 474
3 473 474 400
3 402 401 475
3 475 401 474
3 402 475 476
3 402 476 403
3 477 414 403
3 477 403 476
3 404 406 478
3 404 478 479
3 405 404 479
3 405 479 480
3 408 405 480
3 406 407 481
3 406 481 478
3 414 481 407
3 408 480 482
3 410 408 482
3 483 409 410
3 409 483 484
3 409 484 413
3 483 410 485
3 410 482 485
3 411 486 412
3 487 486 411
3 487 411 413
3 486 421 412
3 488 487 413
3 488 413 484
3 414 489 481
3 477 489 414
3 417 490 415
3 430 415 490
3 420 491 416
3 417 416 491
3 417 492 490
3 492 417 491
3 493 420 418
3 493 418 494
3 419 494 418
3 419 495 494
3 495 419 421
3 420 493 491
3 486 496 421
3 495 421 496
3 428 422 497
3 422 423 498
3 422 498 497
3 423 424 499
3 423 499 498
3 500 499 424
3 500 424 425
3 425 426 501
3 425 501 500
3 429 501 426
3 502 432 427
3 428 502 427
3 428 497 503
3 502 428 503
3 431 504 429
3 429 504 501
3 430 505 506
3 430 506 431
3 505 430 490
3 431 506 504
3 507 433 432
3 502 507 432
3 507 508 433
3 508 434 433
3 508 445 434
3 437 436 509
3 510 509 436
3 510 436 435
3 510 435 438
3 437 509 511
3 457 437 511
3 439 512 438
3 510 438 512
3 439 513 512
3 513 439 444
3 448 514 440
3 515 441 440
3 515 440 514
3 441 515 516
3 441 516 442
3 442 516 517
3 442 517 443
3 518 443 517
3 443 518 519
3 443 519 444
3 513 444 519
3 445 508 520
3 445 520 446
3 447 521 448
3 522 521 447
3 522 447 446
3 522 446 520
3 448 523 514
3 523 448 521
3 451 449 524
3 525 524 449
3 449 450 525
3 525 450 454
3 524 526 451
3 452 451 526
3 527 452 526
3 452 527 453
3 458 453 527
3 455 528 454
3 525 454 528
3 455 456 529
3 455 530 528
3 530 455 529
3 531 529 456
3 457 531 456
3 531 457 532
3 457 511 532
3 458 527 533
3 534 460 458
3 534 458 533
3 535 463 459
3 535 459 536
3 536 459 461
3 460 534 537
3 460 537 461
3 536 461 538
3 538 461 537
3 535 539 463
3 463 539 540
3 463 540 462
3 464 462 540
3 464 540 541
3 542 465 464
3 542 464 541
3 542 470 465
3 543 466 467
3 466 543 471
3 543 467 544
3 544 467 468
3 544 468 545
3 546 545 468
3 546 468 469
3 547 548 469
3 547 469 470
3 546 469 548
3 547 470 549
3 542 549 470
3 472 471 550
3 543 550 471
3 551 472 550
3 473 472 551
3 473 552 474
3 552 473 551
3 475 474 553
3 553 474 552
3 553 476 475
3 477 476 554
3 553 554 476
3 477 554 555
3 556 477 555
3 477 556 489
3 481 557 478
3 557 479 478
3 558 480 479
3 557 558 479
3 559 482 480
3 558 559 480
3 481 560 557
3 560 481 489
3 561 485 482
3 559 561 482
3 562 488 484
3 563 562 484
3 563 484 483
3 564 563 483
3 564 483 485
3 565 564 485
3 565 485 566
3 561 566 485
3 486 487 567
3 486 567 496
3 487 488 568
3 487 568 567
3 568 488 569
3 562 569 488
3 556 570 489
3 560 489 570
3 492 571 490
3 505 490 571
3 493 572 491
3 492 491 572
3 492 573 571
3 573 492 572
3 493 574 572
3 574 493 494
3 574 494 575
3 495 575 494
3 495 576 575
3 576 495 496
3 576 496 567
3 577 578 497
3 577 497 498
3 578 503 497
3 579 577 498
3 579 498 499
3 580 579 499
3 580 499 500
3 581 580 500
3 581 500 501
3 504 581 501
3 507 502 582
3 502 503 582
3 583 582 503
3 578 583 503
3 584 504 506
3 504 584 581
3 585 505 571
3 505 585 586
3 505 586 506
3 584 506 586
3 507 582 587
3 508 507 587
3 508 587 520
3 588 511 509
3 589 588 509
3 589 509 510
3 589 510 512
3 590 532 511
3 588 590 511
3 589 512 591
3 591 512 513
3 591 513 592
3 592 513 519
3 523 593 514
3 594 515 514
3 594 514 593
3 515 594 595
3 515 595 516
3 596 517 516
3 596 516 595
3 596 597 517
3 518 517 597
3 518 598 599
3 518 599 519
3 598 518 597
3 592 519 599
3 522 520 587
3 523 521 600
3 522 600 521
3 601 522 587
3 522 601 600
3 602 523 600
3 523 602 593
3 524 603 526
3 525 604 524
3 604 603 524
3 528 604 525
3 527 526 605
3 603 605 526
3 605 533 527
3 530 606 528
3 528 606 604
3 530 529 607
3 531 608 529
3 608 607 529
3 530 609 606
3 609 530 607
3 531 532 610
3 608 531 610
3 611 610 532
3 590 611 532
3 605 612 533
3 613 534 533
3 613 533 612
3 614 537 534
3 614 534 613
3 535 615 539
3 536 615 535
3 536 616 615
3 536 538 617
3 536 617 616
3 538 537 614
3 538 614 618
3 538 618 617
3 540 539 619
3 540 619 620
3 620 541 540
3 621 619 539
3 621 539 622
3 615 622 539
3 620 623 541
3 624 542 541
3 624 541 623
3 625 549 542
3 625 542 624
3 626 543 544
3 543 626 550
3 626 544 627
3 544 545 628
3 544 628 627
3 545 546 629
3 545 629 628
3 546 548 630
3 630 629 546
3 547 549 631
3 548 547 631
3 548 631 632
3 633 630 548
3 633 548 632
3 634 635 549
3 634 549 625
3 635 631 549
3 551 550 636
3 626 636 550
3 637 551 636
3 552 551 637
3 553 552 638
3 638 552 637
3 638 554 553
3 639 555 554
3 638 639 554
3 556 555 640
3 641 640 555
3 639 641 555
3 556 642 570
3 642 556 640
3 560 643 557
3 557 643 644
3 557 644 558
3 559 558 644
3 561 559 645
3 559 644 645
3 560 646 643
3 646 560 570
3 561 645 647
3 566 561 647
3 569 562 648
3 562 563 649
3 562 649 648
3 563 564 650
3 563 650 649
3 651 650 564
3 651 564 565
3 565 566 652
3 565 652 653
3 651 565 653
3 566 647 652
3 654 576 567
3 654 567 568
3 568 569 655
3 656 654 568
3 656 568 655
3 569 648 657
3 655 569 657
3 642 658 570
3 646 570 658
3 585 571 659
3 573 659 571
3 574 660 572
3 573 572 660
3 661 573 660
3 573 661 659
3 574 662 660
3 662 574 575
3 662 575 663
3 576 663 575
3 576 654 663
3 577 579 664
3 577 664 665
3 578 577 665
3 578 665 666
3 583 578 666
3 579 580 667
3 579 667 664
3 580 581 668
3 580 668 667
3 584 668 581
3 583 601 582
3 601 587 582
3 583 666 669
3 601 583 669
3 670 584 586
3 584 670 668
3 671 585 659
3 585 671 672
3 585 672 586
3 670 586 672
3 590 588 673
3 674 673 588
3 674 588 589
3 674 589 591
3 590 673 675
3 611 590 675
3 674 591 676
3 592 676 591
3 599 677 592
3 592 677 676
3 602 678 593
3 679 594 593
3 679 593 678
3 594 679 680
3 594 680 595
3 596 595 680
3 596 681 597
3 596 680 682
3 681 596 682
3 681 683 597
3 598 597 683
3 598 684 685
3 598 685 599
3 684 598 683
3 599 685 677
3 602 600 669
3 601 669 600
3 686 602 669
3 602 686 678
3 604 687 603
3 603 688 605
3 687 688 603
3 606 687 604
3 612 605 688
3 606 689 687
3 689 606 609
3 609 607 690
3 691 690 607
3 608 691 607
3 608 610 692
3 691 608 692
3 690 693 609
3 689 609 693
3 694 692 610
3 611 694 610
3 694 611 695
3 611 675 695
3 612 688 696
3 613 612 696
3 613 696 697
3 614 613 697
3 614 697 618
3 615 698 622
3 698 615 616
3 699 616 700
3 617 700 616
3 698 616 699
3 617 618 701
3 617 701 702
3 617 702 700
3 703 701 618
3 703 618 697
3 620 619 704
3 705 704 619
3 705 619 621
3 620 704 706
3 706 623 620
3 622 707 621
3 621 707 708
3 621 708 705
3 622 709 707
3 710 709 622
3 710 622 698
3 706 711 623
3 623 711 712
3 623 712 624
3 624 712 713
3 624 713 625
3 625 713 714
3 625 714 634
3 715 626 627
3 626 715 636
3 715 627 716
3 717 716 627
3 717 627 628
3 628 629 718
3 628 718 717
3 630 718 629
3 630 633 719
3 630 719 718
3 720 632 631
3 635 720 631
3 721 632 722
3 721 633 632
3 720 722 632
3 723 719 633
3 723 633 724
3 721 724 633
3 725 726 635
3 725 635 634
3 635 726 727
3 635 727 720
3 634 714 728
3 634 728 725
3 637 636 729
3 715 729 636
3 638 637 730
3 730 637 729
3 730 639 638
3 641 639 731
3 730 731 639
3 641 732 640
3 642 640 733
3 732 733 640
3 641 731 734
3 732 641 734
3 642 735 658
3 735 642 733
3 646 736 643
3 737 644 643
3 737 643 736
3 737 645 644
3 737 738 645
3 647 645 738
3 646 739 736
3 739 646 658
3 740 652 647
3 647 738 740
3 741 657 648
3 742 741 648
3 742 648 649
3 743 742 649
3 743 649 650
3 744 743 650
3 744 650 651
3 744 651 745
3 651 653 745
3 746 653 652
3 740 746 652
3 747 745 653
3 746 747 653
3 656 663 654
3 655 657 748
3 656 655 748
3 656 662 663
3 656 748 749
3 662 656 749
3 750 748 657
3 741 750 657
3 735 751 658
3 739 658 751
3 671 659 752
3 661 752 659
3 661 660 749
3 662 749 660
3 753 661 749
3 661 753 752
3 665 664 754
3 665 754 755
3 755 666 665
3 756 754 664
3 756 664 667
3 755 686 666
3 686 669 666
3 756 667 668
3 756 668 757
3 758 757 668
3 758 668 670
3 758 670 672
3 759 672 671
3 758 672 759
3 759 671 760
3 760 671 752
3 761 675 673
3 762 761 673
3 762 673 674
3 763 762 674
3 763 674 676
3 764 695 675
3 761 764 675
3 765 763 676
3 765 676 766
3 677 766 676
3 677 767 766
3 767 677 685
3 768 678 686
3 769 679 678
3 769 678 768
3 679 769 770
3 679 770 680
3 770 682 680
3 771 772 682
3 770 771 682
3 681 682 772
3 681 773 683
3 773 681 772
3 773 774 683
3 684 683 774
3 684 775 776
3 684 776 685
3 775 684 774
3 767 685 776
3 768 686 755
3 688 703 697
3 688 697 696
3 687 703 688
3 689 703 687
3 701 689 693
3 689 701 703
3 690 777 693
3 691 778 690
3 777 690 778
3 691 692 779
3 778 691 779
3 780 779 692
3 694 780 692
3 701 693 702
3 777 702 693
3 694 695 781
3 780 694 781
3 782 781 695
3 764 782 695
3 698 699 783
3 698 783 710
3 699 784 785
3 699 785 783
3 699 700 784
3 700 777 786
3 700 786 784
3 777 700 702
3 787 788 704
3 787 704 705
3 788 706 704
3 789 787 705
3 789 705 708
3 790 711 706
3 788 790 706
3 707 791 792
3 707 792 708
3 791 707 709
3 793 789 708
3 793 708 792
3 791 709 794
3 795 794 709
3 795 709 796
3 797 796 709
3 797 709 710
3 798 797 710
3 798 710 783
3 790 799 711
3 800 712 711
3 800 711 799
3 712 800 801
3 712 801 713
3 802 714 713
3 802 713 801
3 714 802 803
3 714 803 728
3 804 715 716
3 715 804 729
3 804 716 805
3 717 805 716
3 806 717 718
3 717 806 805
3 806 718 719
3 807 806 719
3 807 719 723
3 720 727 808
3 720 808 722
3 721 722 809
3 721 809 810
3 721 810 811
3 724 721 811
3 812 809 722
3 812 722 808
3 723 724 813
3 723 813 814
3 807 723 814
3 724 811 813
3 815 816 726
3 815 726 725
3 817 818 726
3 817 726 816
3 819 727 726
3 819 726 818
3 820 815 725
3 820 725 728
3 727 819 821
3 727 821 808
3 822 820 728
3 822 728 803
3 804 823 729
3 730 729 823
3 731 730 823
3 734 731 814
3 731 823 814
3 732 734 824
3 732 825 733
3 825 732 824
3 735 733 826
3 825 826 733
3 824 734 813
3 734 814 813
3 735 827 751
3 827 735 826
3 739 828 736
3 736 828 829
3 736 829 737
3 738 737 829
3 738 829 830
3 740 738 830
3 739 831 828
3 831 739 751
3 832 746 740
3 740 830 832
3 750 741 833
3 741 742 834
3 741 834 833
3 742 743 835
3 742 835 834
3 744 835 743
3 744 745 836
3 837 744 836
3 744 837 835
3 838 836 745
3 747 838 745
3 747 746 839
3 832 839 746
3 747 839 840
3 838 747 840
3 750 753 748
3 753 749 748
3 750 833 841
3 753 750 841
3 827 842 751
3 831 751 842
3 760 752 841
3 753 841 752
3 755 754 843
3 756 843 754
3 755 843 768
3 757 844 756
3 756 844 843
3 757 845 844
3 846 845 757
3 846 757 758
3 758 759 847
3 758 847 846
3 760 847 759
3 841 848 760
3 760 848 847
3 764 761 849
3 761 762 850
3 761 850 849
3 762 763 851
3 762 851 850
3 763 765 852
3 763 852 851
3 764 849 853
3 782 764 853
3 765 854 855
3 765 855 852
3 854 765 766
3 854 766 856
3 767 856 766
3 767 857 856
3 857 767 776
3 769 768 843
3 769 843 858
3 858 770 769
3 771 770 859
3 858 859 770
3 771 860 772
3 771 859 861
3 860 771 861
3 860 862 772
3 773 772 862
3 773 863 774
3 863 773 862
3 775 774 864
3 863 864 774
3 775 865 866
3 775 866 776
3 865 775 864
3 857 776 866
3 867 786 778
3 778 779 867
3 777 778 786
3 868 867 779
3 780 868 779
3 868 780 869
3 780 781 869
3 870 869 781
3 782 870 781
3 870 782 871
3 782 853 871
3 872 798 783
3 872 783 785
3 873 785 784
3 873 784 786
3 785 873 874
3 785 874 872
3 867 873 786
3 787 789 875
3 787 875 876
3 788 787 876
3 788 876 877
3 790 788 877
3 789 793 878
3 789 878 875
3 790 877 879
3 799 790 879
3 880 881 792
3 880 792 791
3 793 792 881
3 791 794 882
3 791 882 880
3 793 881 883
3 883 878 793
3 794 795 884
3 794 884 882
3 795 885 886
3 795 886 884
3 885 795 796
3 885 796 887
3 797 887 796
3 797 798 888
3 797 888 889
3 797 889 887
3 798 872 890
3 798 890 888
3 799 879 891
3 892 800 799
3 892 799 891
3 800 892 893
3 800 893 801
3 894 802 801
3 894 801 893
3 802 894 895
3 802 895 803
3 896 822 803
3 896 803 895
3 804 807 823
3 806 807 804
3 806 804 805
3 807 814 823
3 897 812 808
3 897 808 821
3 898 899 810
3 898 810 900
3 899 811 810
3 809 900 810
3 899 824 811
3 824 813 811
3 809 812 900
3 812 897 901
3 812 901 900
3 820 902 815
3 815 902 903
3 815 903 816
3 904 817 816
3 904 816 903
3 817 904 905
3 817 905 906
3 818 817 906
3 818 906 907
3 819 818 907
3 819 908 909
3 819 909 821
3 819 907 908
3 820 910 902
3 822 910 820
3 911 897 821
3 911 821 909
3 896 912 822
3 822 912 910
3 825 824 899
3 825 913 826
3 913 825 899
3 913 914 826
3 827 826 914
3 827 915 842
3 915 827 914
3 831 916 828
3 917 829 828
3 917 828 916
3 829 917 918
3 829 918 830
3 919 920 830
3 919 830 918
3 920 832 830
3 831 921 916
3 921 831 842
3 922 839 832
3 920 922 832
3 841 833 848
3 923 848 833
3 923 833 834
3 924 923 834
3 924 834 835
3 837 924 835
3 925 837 926
3 837 925 924
3 837 836 926
3 927 926 836
3 838 927 836
3 927 838 928
3 838 840 928
3 929 840 839
3 922 929 839
3 930 928 840
3 929 930 840
3 915 931 842
3 921 842 931
3 858 843 844
3 858 844 932
3 932 844 845
3 932 845 933
3 934 933 845
3 934 845 846
3 846 847 935
3 846 935 934
3 923 935 847
3 923 847 848
3 936 937 849
3 936 849 850
3 937 853 849
3 938 936 850
3 938 850 851
3 939 938 851
3 939 851 852
3 940 939 852
3 940 852 855
3 941 871 853
3 937 941 853
3 942 940 855
3 942 855 943
3 943 855 854
3 943 854 944
3 944 854 856
3 944 856 945
3 945 856 857
3 945 857 946
3 947 946 857
3 947 857 866
3 932 859 858
3 948 861 859
3 932 948 859
3 860 861 949
3 860 950 862
3 950 860 949
3 951 949 861
3 948 951 861
3 950 952 862
3 863 862 952
3 863 953 864
3 953 863 952
3 865 864 954
3 955 954 864
3 955 864 953
3 956 866 865
3 957 956 865
3 957 865 954
3 956 947 866
3 868 958 867
3 873 867 958
3 868 869 959
3 958 868 959
3 870 960 869
3 960 959 869
3 870 871 961
3 960 870 961
3 962 961 871
3 941 962 871
3 963 890 872
3 963 872 874
3 873 958 874
3 964 963 874
3 964 874 958
3 965 966 875
3 965 875 878
3 966 876 875
3 967 877 876
3 966 967 876
3 968 879 877
3 967 968 877
3 965 878 969
3 883 969 878
3 970 891 879
3 968 970 879
3 971 881 880
3 971 880 882
3 971 972 881
3 972 883 881
3 971 882 973
3 884 973 882
3 974 969 883
3 972 974 883
3 975 884 886
3 884 975 973
3 976 977 886
3 976 886 978
3 885 978 886
3 975 886 977
3 885 979 978
3 979 885 887
3 889 980 887
3 979 887 980
3 889 981 980
3 889 888 890
3 889 890 981
3 890 963 982
3 890 982 981
3 970 983 891
3 984 892 891
3 984 891 983
3 892 984 985
3 892 985 893
3 986 894 893
3 986 893 985
3 894 986 987
3 894 987 895
3 988 896 895
3 988 895 987
3 988 989 896
3 896 989 912
3 897 911 990
3 897 990 901
3 913 899 898
3 991 898 900
3 992 913 898
3 992 898 991
3 991 900 901
3 993 991 901
3 993 901 990
3 994 903 902
3 994 902 910
3 994 995 903
3 995 904 903
3 996 905 904
3 995 996 904
3 997 998 905
3 997 905 999
3 998 906 905
3 996 999 905
3 1000 907 906
3 998 1000 906
3 1001 908 907
3 1000 1001 907
3 911 909 908
3 911 908 1002
3 1001 1002 908
3 994 910 1003
3 912 1003 910
3 911 1002 1004
3 911 1004 990
3 1005 912 989
3 912 1005 1003
3 913 992 914
3 992 1006 914
3 915 914 1006
3 915 1007 931
3 1007 915 1006
3 921 1008 916
3 1009 917 916
3 1009 916 1008
3 917 1009 1010
3 917 1010 918
3 1011 919 918
3 1011 918 1010
3 919 1011 1012
3 919 1012 1013
3 920 919 1013
3 920 1013 1014
3 922 920 1014
3 921 1015 1008
3 1015 921 931
3 922 1014 1016
3 929 922 1016
3 924 935 923
3 925 1017 924
3 924 1017 935
3 925 926 1018
3 1019 925 1018
3 925 1019 1017
3 1020 1018 926
3 927 1020 926
3 927 928 1021
3 1020 927 1021
3 930 1022 928
3 1022 1021 928
3 930 929 1023
3 929 1016 1023
3 930 1023 1024
3 1022 930 1024
3 1007 1025 931
3 1015 931 1025
3 933 948 932
3 933 1026 948
3 1027 1026 933
3 1027 933 934
3 934 935 1017
3 934 1017 1027
3 936 938 1028
3 936 1028 1029
3 937 936 1029
3 937 1029 1030
3 941 937 1030
3 938 939 1031
3 938 1031 1028
3 939 940 1032
3 939 1032 1031
3 1033 1032 940
3 1033 940 942
3 941 1030 1034
3 962 941 1034
3 942 943 1035
3 942 1035 1036
3 1033 942 1036
3 943 944 1037
3 943 1037 1035
3 944 945 1038
3 944 1038 1037
3 945 946 1039
3 945 1039 1038
3 947 956 1040
3 947 1040 1041
3 946 947 1041
3 946 1041 1039
3 948 1026 1042
3 948 1042 951
3 950 949 1043
3 951 1044 949
3 1044 1043 949
3 950 1045 952
3 1045 950 1043
3 1044 951 1042
3 1045 1046 952
3 953 952 1046
3 955 953 1046
3 955 1047 954
3 1048 957 954
3 1048 954 1047
3 955 1046 1049
3 955 1050 1047
3 1050 955 1049
3 956 957 1051
3 956 1051 1040
3 957 1048 1052
3 957 1052 1051
3 958 959 964
3 1053 964 959
3 960 1053 959
3 960 961 1054
3 1053 960 1054
3 1055 1054 961
3 962 1055 961
3 1055 962 1056
3 962 1034 1056
3 963 964 1057
3 963 1057 982
3 1053 1057 964
3 1058 1059 965
3 966 965 1059
3 965 969 1058
3 966 1059 1060
3 967 966 1060
3 967 1060 1061
3 968 967 1061
3 970 968 1062
3 968 1061 1062
3 1063 1058 969
3 974 1063 969
3 970 1062 1064
3 983 970 1064
3 973 1065 971
3 972 971 1065
3 972 1065 1066
3 974 972 1066
3 973 1067 1065
3 975 1067 973
3 974 1066 1068
3 1063 974 1068
3 1069 975 977
3 975 1069 1067
3 977 976 1070
3 977 1070 1071
3 1069 977 1071
3 978 1072 976
3 1073 1070 976
3 1073 976 1072
3 978 1074 1072
3 1074 978 979
3 980 1075 979
3 1074 979 1075
3 980 1076 1075
3 1076 980 981
3 1076 981 982
3 1077 1076 982
3 1077 982 1057
3 983 1064 1078
3 1079 984 983
3 1079 983 1078
3 984 1079 1080
3 984 1080 985
3 1081 986 985
3 1081 985 1080
3 986 1081 1082
3 986 1082 987
3 1083 988 987
3 1083 987 1082
3 1083 1084 988
3 988 1084 989
3 1084 1085 989
3 1005 989 1085
3 1086 993 990
3 1086 990 1004
3 1087 992 991
3 1087 991 993
3 992 1087 1006
3 1088 1087 993
3 1088 993 1086
3 1089 995 994
3 1089 994 1003
3 1089 1090 995
3 996 995 1090
3 996 1090 1091
3 999 996 1091
3 1092 997 999
3 997 1092 1093
3 997 1093 1094
3 998 997 1094
3 998 1094 1095
3 1000 998 1095
3 1092 999 1096
3 999 1091 1096
3 1000 1095 1097
3 1001 1000 1097
3 1002 1001 1098
3 1001 1097 1098
3 1002 1098 1004
3 1089 1003 1099
3 1005 1099 1003
3 1100 1086 1004
3 1100 1004 1098
3 1101 1005 1085
3 1005 1101 1099
3 1007 1006 1102
3 1087 1102 1006
3 1007 1103 1025
3 1103 1007 1102
3 1104 1009 1008
3 1009 1104 1105
3 1009 1105 1010
3 1104 1008 1106
3 1015 1106 1008
3 1107 1011 1010
3 1107 1010 1105
3 1011 1107 1108
3 1011 1108 1012
3 1109 1110 1012
3 1109 1012 1108
3 1013 1012 1110
3 1111 1014 1013
3 1013 1110 1111
3 1111 1112 1014
3 1016 1014 1112
3 1015 1113 1106
3 1113 1015 1025
3 1016 1114 1115
3 1016 1115 1023
3 1016 1112 1114
3 1019 1027 1017
3 1019 1018 1116
3 1117 1116 1018
3 1020 1117 1018
3 1019 1118 1027
3 1118 1019 1116
3 1117 1020 1119
3 1020 1021 1119
3 1120 1119 1021
3 1022 1120 1021
3 1022 1024 1121
3 1022 1121 1122
3 1022 1122 1120
3 1123 1024 1023
3 1123 1023 1115
3 1024 1123 1124
3 1024 1124 1121
3 1103 1125 1025
3 1113 1025 1125
3 1042 1026 1027
3 1042 1027 1118
3 1126 1127 1028
3 1126 1028 1031
3 1127 1029 1028
3 1128 1030 1029
3 1127 1128 1029
3 1129 1034 1030
3 1128 1129 1030
3 1130 1126 1031
3 1130 1031 1032
3 1130 1032 1033
3 1033 1036 1131
3 1130 1033 1132
3 1133 1132 1033
3 1133 1033 1131
3 1134 1056 1034
3 1129 1134 1034
3 1135 1036 1035
3 1136 1135 1035
3 1136 1035 1037
3 1137 1131 1036
3 1135 1137 1036
3 1138 1136 1037
3 1138 1037 1038
3 1139 1138 1038
3 1139 1038 1039
3 1140 1139 1039
3 1140 1039 1041
3 1141 1041 1040
3 1142 1141 1040
3 1142 1040 1051
3 1141 1140 1041
3 1044 1042 1143
3 1042 1118 1144
3 1042 1144 1143
3 1045 1043 1145
3 1146 1145 1043
3 1044 1146 1043
3 1146 1044 1143
3 1045 1147 1046
3 1147 1045 1145
3 1147 1049 1046
3 1050 1148 1047
3 1149 1048 1047
3 1149 1047 1148
3 1149 1052 1048
3 1147 1150 1049
3 1150 1151 1049
3 1050 1049 1151
3 1050 1152 1148
3 1152 1050 1151
3 1153 1142 1051
3 1153 1051 1052
3 1149 1154 1052
3 1153 1052 1154
3 1053 1054 1155
3 1057 1053 1155
3 1055 1156 1054
3 1156 1155 1054
3 1055 1056 1157
3 1156 1055 1157
3 1158 1157 1056
3 1134 1158 1056
3 1057 1155 1077
3 1058 1159 1059
3 1160 1159 1058
3 1160 1058 1161
3 1063 1161 1058
3 1059 1159 1162
3 1059 1162 1163
3 1059 1163 1164
3 1059 1164 1060
3 1165 1061 1060
3 1165 1060 1164
3 1061 1165 1166
3 1061 1166 1062
3 1064 1062 1166
3 1161 1063 1167
3 1063 1068 1167
3 1168 1078 1064
3 1064 1166 1168
3 1169 1066 1065
3 1169 1065 1067
3 1170 1068 1066
3 1169 1170 1066
3 1171 1067 1069
3 1169 1067 1171
3 1172 1167 1068
3 1170 1172 1068
3 1069 1071 1173
3 1069 1173 1174
3 1171 1069 1174
3 1175 1071 1070
3 1070 1073 1176
3 1070 1176 1175
3 1177 1173 1071
3 1175 1177 1071
3 1178 1073 1072
3 1073 1178 1179
3 1073 1179 1176
3 1178 1072 1180
3 1074 1180 1072
3 1181 1074 1075
3 1074 1181 1180
3 1181 1075 1182
3 1076 1182 1075
3 1076 1077 1182
3 1183 1182 1077
3 1183 1077 1155
3 1168 1184 1078
3 1185 1079 1078
3 1185 1078 1184
3 1186 1080 1079
3 1186 1079 1185
3 1186 1081 1080
3 1187 1082 1081
3 1186 1187 1081
3 1187 1188 1082
3 1188 1083 1082
3 1083 1189 1084
3 1190 1189 1083
3 1190 1083 1191
3 1188 1191 1083
3 1084 1192 1085
3 1084 1189 1193
3 1084 1193 1192
3 1192 1194 1085
3 1101 1085 1194
3 1195 1088 1086
3 1195 1086 1100
3 1087 1088 1102
3 1088 1195 1196
3 1088 1196 1102
3 1197 1089 1099
3 1197 1090 1089
3 1198 1091 1090
3 1197 1198 1090
3 1199 1096 1091
3 1199 1091 1200
3 1198 1200 1091
3 1201 1202 1094
3 1201 1094 1093
3 1202 1095 1094
3 1203 1201 1093
3 1203 1093 1204
3 1092 1204 1093
3 1205 1092 1096
3 1092 1205 1204
3 1202 1206 1095
3 1206 1097 1095
3 1199 1207 1096
3 1205 1096 1207
3 1206 1208 1097
3 1208 1098 1097
3 1208 1100 1098
3 1101 1209 1099
3 1197 1099 1209
3 1210 1195 1100
3 1210 1100 1208
3 1211 1101 1194
3 1101 1211 1209
3 1103 1102 1196
3 1103 1212 1125
3 1212 1103 1196
3 1213 1104 1106
3 1104 1213 1214
3 1104 1214 1105
3 1215 1107 1105
3 1215 1105 1214
3 1213 1106 1216
3 1113 1216 1106
3 1107 1215 1217
3 1107 1217 1108
3 1108 1217 1218
3 1108 1218 1109
3 1109 1219 1220
3 1109 1220 1110
3 1219 1109 1218
3 1221 1111 1110
3 1221 1110 1220
3 1111 1221 1222
3 1111 1222 1112
3 1223 1114 1112
3 1223 1112 1222
3 1113 1224 1216
3 1224 1113 1125
3 1225 1123 1115
3 1225 1115 1226
3 1114 1226 1115
3 1114 1223 1226
3 1117 1227 1116
3 1118 1116 1144
3 1227 1144 1116
3 1117 1119 1228
3 1227 1117 1228
3 1229 1228 1119
3 1120 1229 1119
3 1229 1120 1122
3 1230 1122 1121
3 1231 1230 1121
3 1231 1121 1124
3 1229 1122 1232
3 1233 1232 1122
3 1230 1233 1122
3 1123 1225 1234
3 1123 1234 1124
3 1235 1231 1124
3 1235 1124 1234
3 1212 1236 1125
3 1224 1125 1236
3 1130 1237 1126
3 1127 1126 1237
3 1127 1237 1238
3 1128 1127 1238
3 1128 1238 1239
3 1129 1128 1239
3 1134 1129 1240
3 1129 1239 1240
3 1130 1241 1237
3 1132 1241 1130
3 1242 1133 1131
3 1137 1242 1131
3 1132 1133 1243
3 1132 1243 1244
3 1132 1244 1241
3 1245 1243 1133
3 1245 1133 1246
3 1242 1246 1133
3 1134 1240 1247
3 1158 1134 1247
3 1137 1135 1248
3 1135 1136 1249
3 1135 1249 1248
3 1136 1138 1250
3 1136 1250 1249
3 1137 1248 1251
3 1242 1137 1251
3 1138 1139 1252
3 1138 1252 1250
3 1139 1140 1253
3 1139 1253 1252
3 1140 1141 1254
3 1140 1254 1253
3 1141 1142 1255
3 1141 1255 1254
3 1142 1153 1256
3 1142 1256 1255
3 1146 1143 1257
3 1258 1257 1143
3 1258 1143 1144
3 1227 1258 1144
3 1147 1145 1259
3 1260 1259 1145
3 1146 1260 1145
3 1260 1146 1257
3 1150 1147 1259
3 1261 1154 1149
3 1261 1149 1262
3 1262 1149 1148
3 1262 1148 1263
3 1152 1263 1148
3 1150 1259 1264
3 1150 1265 1151
3 1265 1150 1264
3 1265 1266 1151
3 1152 1151 1266
3 1267 1152 1266
3 1152 1267 1263
3 1268 1256 1153
3 1153 1154 1268
3 1269 1268 1154
3 1270 1269 1154
3 1270 1154 1261
3 1156 1183 1155
3 1156 1157 1271
3 1183 1156 1271
3 1272 1271 1157
3 1158 1272 1157
3 1272 1158 1273
3 1158 1247 1273
3 1162 1159 1160
3 1162 1160 1274
3 1275 1274 1160
3 1275 1160 1276
3 1161 1276 1160
3 1161 1167 1277
3 1161 1277 1276
3 1278 1165 1164
3 1278 1164 1279
3 1163 1279 1164
3 1163 1162 1280
3 1162 1274 1281
3 1162 1281 1280
3 1163 1280 1282
3 1163 1282 1279
3 1165 1278 1283
3 1165 1283 1166
3 1284 1168 1166
3 1284 1166 1283
3 1285 1277 1167
3 1172 1285 1167
3 1168 1284 1286
3 1168 1286 1184
3 1169 1171 1287
3 1169 1287 1288
3 1170 1169 1288
3 1172 1170 1289
3 1170 1288 1289
3 1174 1287 1171
3 1172 1289 1290
3 1285 1172 1290
3 1291 1287 1173
3 1177 1291 1173
3 1174 1173 1287
3 1292 1293 1176
3 1292 1176 1179
3 1293 1175 1176
3 1177 1175 1294
3 1293 1294 1175
3 1291 1177 1295
3 1177 1294 1295
3 1180 1296 1178
3 1297 1179 1178
3 1297 1178 1296
3 1179 1297 1298
3 1179 1298 1292
3 1180 1299 1296
3 1299 1180 1181
3 1299 1181 1300
3 1182 1300 1181
3 1182 1183 1300
3 1183 1271 1300
3 1185 1184 1286
3 1185 1286 1301
3 1186 1185 1301
3 1187 1186 1302
3 1186 1301 1302
3 1187 1302 1303
3 1188 1187 1303
3 1188 1303 1304
3 1191 1188 1304
3 1193 1189 1190
3 1191 1305 1190
3 1193 1190 1306
3 1307 1306 1190
3 1307 1190 1305
3 1191 1304 1308
3 1191 1308 1305
3 1193 1306 1309
3 1193 1309 1310
3 1192 1193 1310
3 1192 1311 1194
3 1192 1310 1311
3 1311 1312 1194
3 1211 1194 1312
3 1195 1210 1313
3 1195 1313 1196
3 1212 1196 1313
3 1314 1197 1209
3 1197 1314 1315
3 1197 1315 1198
3 1200 1198 1315
3 1199 1316 1207
3 1316 1199 1315
3 1200 1315 1199
3 1317 1202 1201
3 1318 1317 1201
3 1318 1201 1203
3 1319 1206 1202
3 1317 1319 1202
3 1320 1203 1204
3 1321 1318 1203
3 1321 1203 1320
3 1320 1204 1322
3 1205 1322 1204
3 1323 1205 1207
3 1205 1323 1322
3 1319 1324 1206
3 1324 1208 1206
3 1316 1325 1207
3 1323 1207 1325
3 1324 1210 1208
3 1211 1326 1209
3 1314 1209 1326
3 1210 1324 1327
3 1210 1327 1313
3 1328 1211 1312
3 1211 1328 1326
3 1212 1329 1236
3 1329 1212 1313
3 1330 1215 1214
3 1330 1214 1331
3 1213 1331 1214
3 1332 1213 1216
3 1213 1332 1331
3 1215 1330 1333
3 1215 1333 1217
3 1224 1334 1216
3 1332 1216 1334
3 1218 1217 1333
3 1219 1218 1335
3 1218 1336 1337
3 1218 1337 1335
3 1218 1333 1336
3 1219 1338 1339
3 1219 1339 1220
3 1338 1219 1335
3 1340 1221 1220
3 1340 1220 1339
3 1221 1340 1341
3 1221 1341 1222
3 1342 1223 1222
3 1342 1222 1341
3 1223 1342 1343
3 1223 1343 1226
3 1224 1344 1334
3 1344 1224 1236
3 1345 1225 1226
3 1225 1345 1346
3 1225 1346 1234
3 1345 1226 1343
3 1227 1228 1347
3 1258 1227 1347
3 1348 1347 1228
3 1229 1348 1228
3 1348 1229 1232
3 1233 1230 1349
3 1230 1231 1350
3 1230 1350 1349
3 1231 1235 1351
3 1231 1351 1350
3 1348 1232 1352
3 1353 1352 1232
3 1233 1353 1232
3 1233 1349 1354
3 1353 1233 1354
3 1355 1235 1234
3 1355 1234 1346
3 1235 1355 1356
3 1235 1356 1351
3 1329 1357 1236
3 1344 1236 1357
3 1358 1238 1237
3 1359 1358 1237
3 1359 1237 1241
3 1360 1239 1238
3 1358 1360 1238
3 1361 1240 1239
3 1360 1361 1239
3 1362 1247 1240
3 1361 1362 1240
3 1363 1359 1241
3 1363 1241 1244
3 1246 1242 1364
3 1242 1251 1364
3 1363 1244 1243
3 1363 1243 1365
3 1245 1365 1243
3 1246 1364 1366
3 1245 1246 1366
3 1245 1366 1367
3 1368 1245 1367
3 1245 1368 1365
3 1369 1273 1247
3 1362 1369 1247
3 1370 1251 1248
3 1370 1248 1371
3 1372 1371 1248
3 1372 1248 1249
3 1373 1372 1249
3 1373 1249 1250
3 1374 1373 1250
3 1374 1250 1252
3 1251 1370 1375
3 1251 1375 1364
3 1376 1374 1252
3 1376 1252 1253
3 1377 1376 1253
3 1377 1253 1254
3 1378 1377 1254
3 1378 1254 1255
3 1379 1378 1255
3 1379 1255 1256
3 1268 1380 1256
3 1256 1380 1381
3 1256 1381 1379
3 1260 1257 1382
3 1257 1258 1383
3 1257 1383 1382
3 1258 1347 1383
3 1384 1264 1259
3 1260 1384 1259
3 1384 1260 1382
3 1270 1261 1385
3 1261 1262 1386
3 1261 1386 1385
3 1263 1386 1262
3 1263 1387 1386
3 1267 1387 1263
3 1384 1388 1264
3 1265 1264 1389
3 1389 1264 1388
3 1265 1390 1266
3 1390 1265 1389
3 1267 1266 1391
3 1390 1391 1266
3 1392 1267 1391
3 1267 1392 1387
3 1393 1380 1268
3 1269 1393 1268
3 1393 1269 1394
3 1395 1394 1269
3 1395 1269 1270
3 1270 1385 1395
3 1272 1396 1271
3 1396 1300 1271
3 1272 1273 1397
3 1396 1272 1397
3 1398 1397 1273
3 1369 1398 1273
3 1399 1400 1276
3 1399 1276 1277
3 1401 1275 1276
3 1401 1276 1400
3 1274 1275 1402
3 1274 1402 1281
3 1275 1401 1403
3 1275 1403 1402
3 1285 1399 1277
3 1282 1404 1279
3 1405 1278 1279
3 1405 1279 1404
3 1278 1405 1406
3 1278 1406 1283
3 1407 1282 1280
3 1407 1280 1408
3 1409 1408 1280
3 1409 1280 1281
3 1410 1409 1281
3 1410 1281 1402
3 1282 1407 1404
3 1411 1284 1283
3 1411 1283 1406
3 1284 1411 1412
3 1284 1412 1286
3 1399 1285 1413
3 1285 1290 1413
3 1412 1301 1286
3 1291 1414 1287
3 1415 1288 1287
3 1415 1287 1414
3 1415 1289 1288
3 1415 1416 1289
3 1416 1290 1289
3 1417 1413 1290
3 1416 1417 1290
3 1291 1295 1418
3 1414 1291 1418
3 1294 1293 1419
3 1293 1292 1420
3 1293 1420 1419
3 1421 1420 1292
3 1421 1292 1298
3 1422 1295 1294
3 1294 1419 1422
3 1422 1423 1295
3 1418 1295 1423
3 1299 1424 1296
3 1425 1297 1296
3 1425 1296 1424
3 1297 1425 1426
3 1297 1426 1298
3 1427 1421 1298
3 1427 1298 1426
3 1299 1396 1424
3 1396 1299 1300
3 1428 1302 1301
3 1412 1428 1301
3 1428 1429 1302
3 1429 1303 1302
3 1430 1304 1303
3 1429 1430 1303
3 1431 1308 1304
3 1430 1431 1304
3 1432 1433 1305
3 1432 1305 1308
3 1434 1307 1305
3 1434 1305 1433
3 1306 1307 1435
3 1306 1435 1309
3 1307 1434 1436
3 1307 1436 1435
3 1431 1432 1308
3 1437 1311 1310
3 1437 1310 1438
3 1439 1438 1310
3 1439 1310 1309
3 1440 1439 1309
3 1440 1309 1435
3 1311 1437 1312
3 1437 1441 1312
3 1328 1312 1441
3 1329 1313 1327
3 1316 1315 1442
3 1443 1442 1315
3 1443 1315 1314
3 1443 1314 1326
3 1316 1444 1325
3 1444 1316 1442
3 1319 1317 1445
3 1317 1318 1446
3 1317 1446 1445
3 1318 1321 1447
3 1318 1447 1446
3 1319 1445 1448
3 1324 1319 1448
3 1449 1320 1322
3 1450 1321 1320
3 1450 1320 1449
3 1321 1450 1451
3 1321 1451 1447
3 1449 1322 1452
3 1323 1452 1322
3 1453 1323 1325
3 1323 1453 1452
3 1324 1448 1327
3 1453 1325 1454
3 1454 1325 1444
3 1443 1326 1455
3 1328 1455 1326
3 1456 1329 1327
3 1456 1327 1448
3 1457 1328 1441
3 1328 1457 1455
3 1329 1456 1357
3 1458 1333 1330
3 1458 1330 1331
3 1458 1331 1459
3 1332 1459 1331
3 1460 1332 1334
3 1332 1460 1459
3 1458 1461 1333
3 1336 1333 1461
3 1344 1462 1334
3 1460 1334 1462
3 1337 1463 1335
3 1338 1335 1463
3 1336 1464 1465
3 1336 1465 1337
3 1336 1461 1464
3 1337 1466 1463
3 1337 1465 1467
3 1337 1467 1466
3 1338 1468 1469
3 1338 1469 1339
3 1468 1338 1463
3 1470 1340 1339
3 1470 1339 1469
3 1340 1470 1471
3 1340 1471 1341
3 1472 1342 1341
3 1472 1341 1471
3 1342 1472 1473
3 1342 1473 1343
3 1474 1345 1343
3 1474 1343 1473
3 1344 1475 1462
3 1475 1344 1357
3 1345 1474 1476
3 1345 1476 1346
3 1477 1355 1346
3 1477 1346 1476
3 1348 1478 1347
3 1478 1383 1347
3 1478 1348 1352
3 1479 1480 1349
3 1479 1349 1350
3 1480 1354 1349
3 1479 1350 1351
3 1356 1481 1351
3 1479 1351 1481
3 1478 1352 1482
3 1483 1482 1352
3 1353 1483 1352
3 1483 1353 1484
3 1353 1354 1484
3 1485 1484 1354
3 1480 1485 1354
3 1355 1477 1486
3 1355 1486 1356
3 1356 1487 1481
3 1487 1356 1486
3 1456 1488 1357
3 1475 1357 1488
3 1358 1359 1489
3 1358 1489 1490
3 1360 1358 1490
3 1491 1489 1359
3 1491 1359 1363
3 1361 1360 1492
3 1360 1490 1492
3 1361 1492 1493
3 1362 1361 1493
3 1369 1362 1494
3 1362 1493 1494
3 1491 1363 1365
3 1364 1375 1495
3 1364 1495 1366
3 1491 1365 1496
3 1368 1496 1365
3 1367 1366 1495
3 1367 1495 1497
3 1368 1367 1498
3 1367 1497 1499
3 1367 1499 1498
3 1500 1368 1498
3 1368 1500 1496
3 1369 1494 1501
3 1398 1369 1501
3 1370 1371 1502
3 1370 1502 1503
3 1370 1503 1504
3 1370 1504 1375
3 1502 1371 1372
3 1373 1505 1372
3 1502 1372 1505
3 1373 1506 1505
3 1374 1506 1373
3 1374 1376 1507
3 1374 1507 1508
3 1374 1508 1506
3 1504 1495 1375
3 1376 1377 1509
3 1376 1509 1507
3 1377 1378 1510
3 1377 1510 1509
3 1511 1510 1378
3 1511 1378 1379
3 1512 1511 1379
3 1512 1379 1381
3 1393 1381 1380
3 1513 1512 1381
3 1513 1381 1393
3 1384 1382 1514
3 1515 1514 1382
3 1515 1382 1383
3 1478 1515 1383
3 1388 1384 1514
3 1516 1517 1385
3 1516 1385 1386
3 1517 1395 1385
3 1516 1386 1387
3 1392 1518 1387
3 1516 1387 1518
3 1388 1514 1519
3 1389 1388 1520
3 1520 1388 1519
3 1390 1389 1521
3 1520 1521 1389
3 1522 1390 1521
3 1390 1522 1391
3 1392 1391 1523
3 1522 1523 1391
3 1392 1524 1518
3 1524 1392 1523
3 1393 1394 1513
3 1513 1394 1525
3 1526 1527 1394
3 1526 1394 1395
3 1527 1525 1394
3 1517 1526 1395
3 1396 1397 1424
3 1528 1424 1397
3 1398 1528 1397
3 1528 1398 1529
3 1398 1501 1529
3 1399 1413 1530
3 1399 1530 1531
3 1399 1531 1400
3 1532 1401 1400
3 1532 1400 1531
3 1401 1532 1533
3 1401 1533 1403
3 1534 1410 1402
3 1534 1402 1403
3 1535 1534 1403
3 1535 1403 1533
3 1407 1536 1404
3 1405 1404 1536
3 1537 1406 1405
3 1405 1536 1537
3 1411 1406 1538
3 1537 1538 1406
3 1407 1539 1536
3 1408 1539 1407
3 1408 1540 1539
3 1541 1540 1408
3 1541 1408 1409
3 1542 1541 1409
3 1542 1409 1410
3 1410 1534 1543
3 1410 1543 1542
3 1411 1538 1544
3 1544 1412 1411
3 1544 1545 1412
3 1412 1545 1546
3 1412 1546 1428
3 1530 1413 1547
3 1417 1547 1413
3 1414 1418 1548
3 1549 1415 1414
3 1549 1414 1548
3 1415 1549 1550
3 1415 1550 1416
3 1416 1550 1551
3 1416 1551 1417
3 1417 1551 1552
3 1417 1552 1547
3 1418 1423 1553
3 1418 1553 1554
3 1418 1554 1548
3 1555 1556 1419
3 1555 1419 1420
3 1556 1422 1419
3 1420 1421 1557
3 1420 1557 1555
3 1421 1427 1558
3 1421 1558 1557
3 1423 1422 1559
3 1556 1559 1422
3 1423 1559 1560
3 1561 1553 1423
3 1561 1423 1560
3 1528 1425 1424
3 1425 1528 1562
3 1425 1562 1426
3 1563 1427 1426
3 1563 1426 1562
3 1427 1563 1564
3 1427 1564 1558
3 1428 1546 1565
3 1428 1565 1429
3 1429 1565 1566
3 1429 1566 1430
3 1430 1566 1567
3 1430 1567 1431
3 1432 1431 1567
3 1432 1567 1568
3 1568 1433 1432
3 1568 1569 1433
3 1433 1569 1570
3 1433 1570 1434
3 1571 1436 1434
3 1571 1434 1570
3 1572 1440 1435
3 1572 1435 1436
3 1573 1572 1436
3 1573 1436 1571
3 1437 1438 1574
3 1437 1574 1575
3 1437 1575 1441
3 1438 1439 1576
3 1438 1576 1574
3 1439 1440 1577
3 1439 1577 1576
3 1440 1572 1578
3 1440 1578 1577
3 1579 1441 1575
3 1457 1441 1579
3 1444 1442 1580
3 1442 1443 1581
3 1442 1581 1580
3 1443 1455 1582
3 1443 1582 1581
3 1454 1444 1583
3 1584 1583 1444
3 1584 1444 1580
3 1585 1448 1445
3 1586 1585 1445
3 1586 1445 1446
3 1587 1586 1446
3 1587 1446 1447
3 1588 1587 1447
3 1588 1447 1451
3 1585 1456 1448
3 1589 1449 1452
3 1590 1450 1449
3 1590 1449 1589
3 1450 1590 1591
3 1450 1591 1451
3 1592 1588 1451
3 1592 1451 1591
3 1589 1452 1593
3 1453 1593 1452
3 1594 1453 1454
3 1453 1594 1593
3 1594 1454 1595
3 1454 1583 1596
3 1454 1596 1595
3 1597 1582 1455
3 1597 1455 1457
3 1456 1585 1488
3 1457 1579 1598
3 1457 1598 1597
3 1458 1599 1600
3 1458 1600 1461
3 1599 1458 1459
3 1460 1601 1459
3 1599 1459 1601
3 1460 1602 1601
3 1602 1460 1462
3 1603 1464 1461
3 1603 1461 1600
3 1475 1604 1462
3 1602 1462 1604
3 1466 1605 1463
3 1468 1463 1605
3 1603 1465 1464
3 1603 1606 1465
3 1606 1467 1465
3 1466 1607 1605
3 1607 1466 1467
3 1607 1467 1608
3 1609 1608 1467
3 1606 1609 1467
3 1610 1611 1469
3 1610 1469 1468
3 1612 1470 1469
3 1612 1469 1611
3 1613 1610 1468
3 1613 1468 1605
3 1470 1612 1614
3 1470 1614 1471
3 1615 1472 1471
3 1615 1471 1614
3 1472 1615 1616
3 1472 1616 1473
3 1617 1474 1473
3 1617 1473 1616
3 1474 1617 1618
3 1474 1618 1476
3 1619 1475 1488
3 1475 1619 1604
3 1620 1477 1476
3 1620 1476 1618
3 1621 1486 1477
3 1621 1477 1620
3 1515 1478 1482
3 1622 1623 1480
3 1622 1480 1479
3 1485 1480 1623
3 1622 1479 1481
3 1487 1624 1481
3 1622 1481 1624
3 1515 1482 1625
3 1483 1626 1482
3 1625 1482 1626
3 1483 1484 1627
3 1626 1483 1627
3 1485 1628 1484
3 1628 1627 1484
3 1485 1623 1629
3 1628 1485 1629
3 1487 1486 1630
3 1621 1630 1486
3 1487 1631 1624
3 1631 1487 1630
3 1585 1632 1488
3 1619 1488 1632
3 1633 1492 1490
3 1634 1633 1490
3 1634 1490 1489
3 1635 1634 1489
3 1635 1489 1491
3 1636 1635 1491
3 1636 1491 1496
3 1637 1493 1492
3 1633 1637 1492
3 1638 1494 1493
3 1637 1638 1493
3 1639 1501 1494
3 1638 1639 1494
3 1504 1640 1495
3 1497 1495 1640
3 1641 1636 1496
3 1641 1496 1500
3 1497 1640 1642
3 1642 1499 1497
3 1500 1498 1643
3 1499 1643 1498
3 1642 1644 1499
3 1645 1499 1644
3 1499 1645 1643
3 1646 1641 1500
3 1646 1500 1643
3 1647 1529 1501
3 1639 1647 1501
3 1640 1504 1503
3 1640 1503 1648
3 1503 1502 1649
3 1503 1649 1648
3 1650 1649 1502
3 1650 1502 1505
3 1650 1505 1506
3 1650 1506 1651
3 1651 1506 1508
3 1652 1653 1507
3 1652 1507 1509
3 1653 1508 1507
3 1651 1508 1654
3 1653 1654 1508
3 1655 1652 1509
3 1655 1509 1510
3 1656 1655 1510
3 1656 1510 1511
3 1657 1656 1511
3 1657 1511 1512
3 1513 1657 1512
3 1513 1525 1658
3 1513 1658 1657
3 1514 1515 1625
3 1514 1625 1519
3 1659 1660 1517
3 1659 1517 1516
3 1526 1517 1660
3 1659 1516 1518
3 1524 1661 1518
3 1659 1518 1661
3 1520 1519 1662
3 1663 1662 1519
3 1663 1519 1625
3 1662 1664 1520
3 1520 1664 1521
3 1522 1521 1665
3 1666 1665 1521
3 1666 1521 1664
3 1667 1522 1665
3 1522 1667 1523
3 1668 1523 1667
3 1524 1523 1668
3 1524 1669 1661
3 1669 1524 1668
3 1658 1525 1670
3 1670 1525 1671
3 1527 1671 1525
3 1526 1660 1672
3 1527 1526 1672
3 1527 1672 1673
3 1671 1527 1673
3 1528 1529 1562
3 1674 1562 1529
3 1647 1674 1529
3 1530 1547 1675
3 1675 1531 1530
3 1675 1676 1531
3 1677 1532 1531
3 1677 1531 1676
3 1678 1533 1532
3 1678 1532 1677
3 1679 1535 1533
3 1679 1533 1678
3 1534 1535 1680
3 1534 1680 1543
3 1681 1680 1535
3 1681 1535 1679
3 1537 1536 1682
3 1539 1682 1536
3 1683 1538 1537
3 1537 1682 1683
3 1683 1684 1538
3 1544 1538 1684
3 1539 1685 1682
3 1540 1685 1539
3 1540 1541 1686
3 1540 1686 1687
3 1540 1687 1685
3 1686 1541 1542
3 1543 1688 1542
3 1686 1542 1688
3 1689 1543 1680
3 1543 1689 1688
3 1544 1684 1690
3 1690 1545 1544
3 1690 1691 1545
3 1692 1546 1545
3 1692 1545 1691
3 1693 1565 1546
3 1693 1546 1692
3 1675 1547 1552
3 1694 1549 1548
3 1549 1694 1695
3 1549 1695 1550
3 1694 1548 1554
3 1696 1551 1550
3 1696 1550 1695
3 1551 1696 1697
3 1551 1697 1552
3 1697 1698 1552
3 1675 1552 1698
3 1699 1694 1554
3 1699 1554 1700
3 1553 1700 1554
3 1553 1561 1700
3 1701 1702 1555
3 1701 1555 1557
3 1702 1556 1555
3 1702 1703 1556
3 1703 1559 1556
3 1704 1701 1557
3 1704 1557 1558
3 1705 1704 1558
3 1705 1558 1564
3 1706 1560 1559
3 1703 1706 1559
3 1707 1560 1708
3 1706 1708 1560
3 1709 1561 1560
3 1709 1560 1707
3 1710 1700 1561
3 1710 1561 1709
3 1674 1563 1562
3 1563 1674 1711
3 1563 1711 1564
3 1712 1705 1564
3 1712 1564 1711
3 1713 1566 1565
3 1713 1565 1693
3 1714 1567 1566
3 1714 1566 1713
3 1714 1568 1567
3 1569 1568 1715
3 1714 1715 1568
3 1569 1716 1717
3 1569 1717 1570
3 1569 1715 1716
3 1571 1570 1717
3 1718 1573 1571
3 1571 1717 1718
3 1572 1573 1719
3 1572 1719 1578
3 1720 1719 1573
3 1718 1720 1573
3 1579 1575 1721
3 1721 1575 1574
3 1721 1574 1722
3 1723 1722 1574
3 1723 1574 1576
3 1576 1577 1724
3 1576 1724 1723
3 1725 1724 1577
3 1725 1577 1578
3 1578 1719 1726
3 1578 1726 1725
3 1721 1598 1579
3 1727 1584 1580
3 1727 1580 1581
3 1728 1727 1581
3 1728 1581 1582
3 1729 1728 1582
3 1729 1582 1597
3 1584 1727 1730
3 1584 1730 1731
3 1583 1584 1731
3 1583 1731 1596
3 1585 1586 1632
3 1586 1587 1732
3 1586 1732 1632
3 1587 1588 1733
3 1587 1733 1732
3 1588 1592 1734
3 1588 1734 1733
3 1735 1590 1589
3 1735 1589 1736
3 1736 1589 1593
3 1590 1735 1737
3 1590 1737 1591
3 1738 1592 1591
3 1738 1591 1737
3 1592 1738 1739
3 1592 1739 1734
3 1594 1740 1593
3 1736 1593 1740
3 1594 1741 1740
3 1741 1594 1595
3 1742 1595 1743
3 1741 1595 1742
3 1744 1743 1595
3 1744 1595 1596
3 1745 1744 1596
3 1745 1596 1731
3 1746 1729 1597
3 1746 1597 1598
3 1747 1746 1598
3 1721 1747 1598
3 1599 1748 1749
3 1599 1749 1600
3 1748 1599 1601
3 1600 1749 1750
3 1600 1750 1603
3 1602 1751 1601
3 1748 1601 1751
3 1602 1752 1751
3 1752 1602 1604
3 1606 1603 1750
3 1619 1753 1604
3 1752 1604 1753
3 1754 1613 1605
3 1754 1605 1607
3 1606 1750 1755
3 1609 1606 1755
3 1756 1754 1607
3 1756 1607 1608
3 1609 1757 1608
3 1758 1756 1608
3 1758 1608 1757
3 1609 1755 1759
3 1757 1609 1759
3 1760 1761 1610
3 1760 1610 1613
3 1610 1761 1762
3 1610 1762 1611
3 1763 1612 1611
3 1763 1611 1762
3 1763 1614 1612
3 1760 1613 1754
3 1763 1764 1614
3 1615 1614 1764
3 1615 1765 1766
3 1615 1766 1616
3 1615 1764 1765
3 1767 1617 1616
3 1767 1616 1766
3 1617 1767 1768
3 1617 1768 1618
3 1618 1768 1769
3 1618 1769 1620
3 1770 1619 1632
3 1619 1770 1753
3 1771 1621 1620
3 1771 1620 1769
3 1621 1772 1630
3 1771 1772 1621
3 1773 1623 1622
3 1773 1622 1624
3 1774 1629 1623
3 1773 1774 1623
3 1773 1624 1775
3 1631 1775 1624
3 1625 1626 1663
3 1626 1627 1776
3 1663 1626 1776
3 1777 1776 1627
3 1628 1777 1627
3 1628 1629 1778
3 1777 1628 1778
3 1779 1778 1629
3 1774 1779 1629
3 1631 1630 1780
3 1780 1630 1772
3 1631 1781 1775
3 1781 1631 1780
3 1770 1632 1732
3 1633 1634 1782
3 1633 1782 1783
3 1637 1633 1783
3 1634 1635 1784
3 1634 1784 1782
3 1635 1636 1785
3 1635 1785 1784
3 1636 1641 1786
3 1636 1786 1785
3 1638 1637 1787
3 1637 1783 1787
3 1638 1787 1788
3 1639 1638 1788
3 1647 1639 1789
3 1639 1788 1789
3 1648 1642 1640
3 1641 1646 1790
3 1641 1790 1786
3 1648 1791 1642
3 1791 1644 1642
3 1792 1646 1643
3 1792 1643 1645
3 1792 1645 1793
3 1645 1644 1793
3 1794 1793 1644
3 1791 1794 1644
3 1646 1792 1795
3 1646 1795 1790
3 1647 1789 1796
3 1674 1647 1796
3 1791 1648 1649
3 1791 1649 1797
3 1798 1797 1649
3 1798 1649 1650
3 1798 1650 1651
3 1798 1651 1799
3 1654 1799 1651
3 1652 1655 1800
3 1652 1800 1801
3 1653 1652 1801
3 1653 1801 1799
3 1654 1653 1799
3 1655 1656 1802
3 1655 1802 1800
3 1657 1802 1656
3 1658 1803 1657
3 1657 1803 1802
3 1658 1670 1804
3 1658 1804 1803
3 1659 1805 1806
3 1659 1806 1660
3 1659 1661 1807
3 1659 1807 1805
3 1806 1672 1660
3 1808 1807 1661
3 1808 1661 1669
3 1662 1809 1664
3 1810 1809 1662
3 1810 1662 1663
3 1663 1776 1810
3 1664 1809 1811
3 1664 1811 1666
3 1667 1665 1812
3 1813 1812 1665
3 1813 1665 1666
3 1666 1811 1814
3 1666 1814 1813
3 1668 1667 1815
3 1815 1667 1812
3 1815 1816 1668
3 1669 1668 1816
3 1808 1669 1816
3 1804 1670 1817
3 1670 1671 1817
3 1671 1673 1818
3 1817 1671 1818
3 1819 1673 1672
3 1806 1819 1672
3 1819 1820 1673
3 1820 1818 1673
3 1674 1796 1711
3 1675 1698 1821
3 1675 1821 1676
3 1676 1821 1822
3 1676 1822 1677
3 1677 1822 1823
3 1677 1823 1678
3 1679 1678 1823
3 1679 1823 1824
3 1681 1679 1824
3 1689 1680 1825
3 1681 1825 1680
3 1681 1824 1826
3 1827 1828 1681
3 1827 1681 1826
3 1681 1828 1825
3 1683 1682 1829
3 1830 1829 1682
3 1830 1682 1685
3 1831 1684 1683
3 1683 1829 1831
3 1831 1832 1684
3 1690 1684 1832
3 1687 1830 1685
3 1833 1834 1686
3 1833 1686 1688
3 1834 1687 1686
3 1834 1835 1687
3 1687 1835 1830
3 1689 1833 1688
3 1836 1689 1825
3 1689 1836 1833
3 1690 1832 1837
3 1837 1691 1690
3 1837 1838 1691
3 1691 1838 1839
3 1691 1839 1692
3 1692 1839 1840
3 1692 1840 1693
3 1693 1840 1841
3 1693 1841 1713
3 1699 1695 1694
3 1699 1842 1695
3 1696 1695 1842
3 1696 1842 1843
3 1843 1697 1696
3 1697 1844 1698
3 1844 1697 1845
3 1843 1845 1697
3 1846 1821 1698
3 1846 1698 1844
3 1847 1842 1699
3 1848 1847 1699
3 1848 1699 1700
3 1700 1849 1850
3 1700 1850 1851
3 1710 1849 1700
3 1852 1700 1851
3 1852 1848 1700
3 1704 1853 1701
3 1701 1853 1854
3 1701 1854 1702
3 1702 1854 1855
3 1702 1855 1703
3 1856 1706 1703
3 1856 1703 1855
3 1705 1857 1704
3 1704 1857 1853
3 1712 1858 1705
3 1705 1858 1857
3 1706 1856 1859
3 1706 1859 1708
3 1707 1860 1861
3 1707 1861 1862
3 1707 1708 1860
3 1709 1707 1862
3 1863 1860 1708
3 1863 1708 1859
3 1709 1862 1710
3 1864 1710 1862
3 1710 1864 1849
3 1865 1712 1711
3 1865 1711 1796
3 1712 1866 1858
3 1712 1865 1867
3 1712 1867 1866
3 1713 1841 1868
3 1713 1868 1714
3 1714 1868 1869
3 1714 1869 1715
3 1869 1716 1715
3 1716 1870 1871
3 1716 1871 1717
3 1869 1870 1716
3 1872 1718 1717
3 1872 1717 1871
3 1720 1718 1872
3 1720 1873 1719
3 1873 1726 1719
3 1720 1872 1874
3 1873 1720 1874
3 1722 1747 1721
3 1722 1875 1747
3 1723 1875 1722
3 1723 1876 1875
3 1876 1723 1724
3 1725 1877 1724
3 1876 1724 1877
3 1725 1878 1877
3 1878 1725 1726
3 1878 1726 1879
3 1879 1726 1880
3 1873 1880 1726
3 1728 1730 1727
3 1728 1881 1730
3 1729 1881 1728
3 1746 1882 1729
3 1729 1882 1881
3 1730 1883 1884
3 1730 1884 1731
3 1883 1730 1881
3 1731 1885 1886
3 1731 1886 1887
3 1731 1887 1888
3 1731 1888 1745
3 1889 1885 1731
3 1884 1889 1731
3 1890 1770 1732
3 1890 1732 1733
3 1891 1890 1733
3 1891 1733 1734
3 1892 1891 1734
3 1892 1734 1739
3 1893 1737 1735
3 1735 1736 1894
3 1735 1894 1893
3 1895 1894 1736
3 1895 1736 1740
3 1738 1737 1896
3 1893 1896 1737
3 1897 1739 1738
3 1738 1896 1897
3 1897 1898 1739
3 1899 1892 1739
3 1899 1739 1898
3 1900 1895 1740
3 1900 1740 1741
3 1741 1742 1901
3 1741 1901 1900
3 1742 1902 1903
3 1742 1903 1901
3 1742 1743 1902
3 1904 1902 1743
3 1904 1743 1905
3 1744 1905 1743
3 1744 1745 1905
3 1888 1905 1745
3 1906 1907 1746
3 1747 1906 1746
3 1746 1907 1882
3 1906 1747 1875
3 1748 1908 1909
3 1748 1909 1749
3 1908 1748 1751
3 1910 1750 1749
3 1910 1749 1909
3 1750 1910 1911
3 1750 1911 1755
3 1752 1912 1751
3 1908 1751 1912
3 1913 1752 1753
3 1752 1913 1912
3 1770 1914 1753
3 1913 1753 1914
3 1915 1916 1754
3 1915 1754 1756
3 1760 1754 1916
3 1917 1759 1755
3 1917 1755 1911
3 1915 1756 1758
3 1757 1759 1918
3 1758 1757 1918
3 1915 1758 1919
3 1758 1918 1920
3 1919 1758 1920
3 1759 1917 1921
3 1759 1921 1918
3 1922 1762 1761
3 1923 1763 1762
3 1923 1762 1922
3 1922 1761 1924
3 1761 1760 1916
3 1761 1916 1924
3 1923 1764 1763
3 1923 1925 1764
3 1765 1764 1925
3 1926 1767 1766
3 1926 1766 1927
3 1927 1766 1765
3 1765 1925 1928
3 1927 1765 1928
3 1767 1926 1929
3 1767 1929 1768
3 1930 1769 1768
3 1930 1768 1929
3 1769 1930 1931
3 1769 1931 1771
3 1770 1890 1914
3 1931 1932 1771
3 1771 1932 1772
3 1780 1772 1932
3 1775 1933 1773
3 1774 1773 1933
3 1779 1774 1934
3 1774 1933 1934
3 1775 1935 1933
3 1781 1935 1775
3 1777 1936 1776
3 1937 1810 1776
3 1937 1776 1936
3 1777 1778 1938
3 1936 1777 1938
3 1938 1778 1939
3 1779 1939 1778
3 1779 1934 1940
3 1939 1779 1940
3 1941 1780 1932
3 1781 1780 1942
3 1941 1942 1780
3 1781 1943 1935
3 1943 1781 1942
3 1944 1783 1782
3 1945 1944 1782
3 1945 1782 1784
3 1946 1787 1783
3 1944 1946 1783
3 1784 1785 1947
3 1784 1947 1945
3 1948 1947 1785
3 1948 1785 1786
3 1786 1790 1949
3 1786 1949 1948
3 1950 1788 1787
3 1946 1950 1787
3 1951 1789 1788
3 1950 1951 1788
3 1951 1952 1789
3 1952 1796 1789
3 1953 1949 1790
3 1953 1790 1795
3 1794 1791 1797
3 1792 1793 1954
3 1954 1795 1792
3 1955 1954 1793
3 1794 1955 1793
3 1794 1797 1955
3 1953 1795 1956
3 1954 1956 1795
3 1952 1865 1796
3 1955 1797 1957
3 1958 1959 1797
3 1958 1797 1798
3 1959 1957 1797
3 1960 1958 1798
3 1960 1798 1799
3 1961 1962 1799
3 1799 1801 1963
3 1799 1963 1961
3 1964 1960 1799
3 1964 1799 1962
3 1963 1801 1800
3 1963 1800 1802
3 1963 1802 1803
3 1965 1961 1803
3 1965 1803 1804
3 1963 1803 1961
3 1804 1817 1965
3 1808 1966 1807
3 1967 1805 1807
3 1967 1807 1966
3 1805 1967 1968
3 1805 1968 1806
3 1819 1806 1968
3 1808 1969 1966
3 1808 1816 1970
3 1969 1808 1970
3 1811 1809 1810
3 1811 1810 1937
3 1937 1814 1811
3 1815 1812 1971
3 1971 1812 1813
3 1971 1813 1972
3 1972 1813 1814
3 1972 1814 1973
3 1937 1974 1814
3 1975 1973 1814
3 1975 1814 1974
3 1971 1976 1815
3 1815 1976 1816
3 1976 1970 1816
3 1965 1817 1977
3 1817 1818 1977
3 1978 1977 1818
3 1820 1978 1818
3 1819 1968 1979
3 1820 1819 1979
3 1820 1979 1980
3 1978 1820 1980
3 1981 1822 1821
3 1981 1821 1846
3 1822 1981 1982
3 1822 1982 1823
3 1983 1984 1823
3 1983 1823 1982
3 1984 1824 1823
3 1985 1826 1824
3 1984 1985 1824
3 1836 1825 1986
3 1986 1825 1828
3 1985 1987 1826
3 1988 1827 1826
3 1988 1826 1987
3 1827 1988 1989
3 1827 1989 1986
3 1986 1828 1827
3 1990 1991 1829
3 1990 1829 1830
3 1991 1831 1829
3 1830 1835 1834
3 1830 1834 1990
3 1992 1832 1831
3 1991 1992 1831
3 1992 1993 1832
3 1993 1837 1832
3 1836 1994 1833
3 1990 1834 1833
3 1990 1833 1994
3 1836 1995 1994
3 1995 1836 1986
3 1996 1838 1837
3 1996 1837 1997
3 1993 1997 1837
3 1839 1838 1996
3 1839 1998 1999
3 1839 1999 1840
3 1839 1996 1998
3 2000 1841 1840
3 2000 1840 1999
3 1841 2000 2001
3 1841 2001 1868
3 1847 2002 1842
3 2002 1843 1842
3 2003 1845 1843
3 2002 2003 1843
3 2004 2005 1845
3 1844 1845 2005
3 2003 2004 1845
3 1846 1844 2005
3 1981 1846 2006
3 1846 2005 2006
3 1847 1848 2007
3 1847 2007 2008
3 2002 1847 2008
3 2009 2007 1848
3 1852 2009 1848
3 1850 1849 2010
3 1850 2010 2011
3 1851 1850 2011
3 2010 1849 1864
3 1851 2011 2012
3 2013 1851 2012
3 1852 1851 2013
3 1852 2013 2014
3 1852 2014 2015
3 2009 1852 2015
3 1853 2016 2017
3 1853 2017 1854
3 2016 1853 1857
3 1854 2017 2018
3 1854 2018 1855
3 2019 1856 1855
3 2019 1855 2018
3 1856 2019 2020
3 1856 2020 1859
3 1858 2021 1857
3 2016 1857 2021
3 1858 2022 2021
3 1858 1866 2023
3 1858 2023 2022
3 2024 1863 1859
3 2024 1859 2020
3 1860 1863 2025
3 1860 2025 1861
3 2026 1862 1861
3 2026 1861 2027
3 2028 2027 1861
3 2028 1861 2025
3 1864 1862 2026
3 1863 2024 2029
3 1863 2029 2025
3 2010 1864 2026
3 1865 1952 2030
3 1865 2030 1867
3 2031 2023 1866
3 2031 1866 1867
3 2032 2031 1867
3 2032 1867 2030
3 2033 1869 1868
3 2033 1868 2001
3 1871 1870 1869
3 1871 1869 2033
3 2033 1872 1871
3 2034 1874 1872
3 2033 2034 1872
3 1873 1874 2035
3 2035 1880 1873
3 2036 2035 1874
3 2034 2036 1874
3 1876 2037 1875
3 1906 1875 2037
3 1876 2038 2037
3 2038 1876 1877
3 2038 1877 2039
3 1878 2039 1877
3 1878 2040 2039
3 2040 1878 1879
3 2040 1879 2041
3 2042 2041 1879
3 2042 1879 2043
3 1879 1880 2043
3 2035 2043 1880
3 1883 1881 2044
3 1882 2044 1881
3 2045 1882 1907
3 1882 2045 2044
3 1883 2046 2047
3 1883 2047 1884
3 2046 1883 2044
3 1884 2048 1889
3 2048 1884 2047
3 1886 2049 2050
3 1886 2050 1887
3 1885 2049 1886
3 2051 1888 1887
3 2051 1887 2050
3 1885 2052 2049
3 2053 2052 1885
3 1889 2053 1885
3 1888 2051 1905
3 1889 2054 2055
3 1889 2055 2053
3 2048 2054 1889
3 1890 1891 2056
3 1890 2056 1914
3 1891 1892 2057
3 1891 2057 2056
3 1892 1899 2058
3 1892 2058 2057
3 2059 1896 1893
3 2060 2059 1893
3 2060 1893 1894
3 1894 1895 2061
3 1894 2061 2060
3 1895 1900 2062
3 1895 2062 2061
3 2063 1897 1896
3 2059 2063 1896
3 2064 1898 1897
3 2064 1897 2065
3 2063 2065 1897
3 2066 1899 1898
3 2066 1898 2064
3 1899 2066 2067
3 1899 2067 2058
3 2068 2062 1900
3 2068 1900 1901
3 2069 2068 1901
3 2069 1901 1903
3 1902 1904 2070
3 1902 2070 1903
3 2071 2069 1903
3 2071 1903 2070
3 1904 1905 2051
3 1904 2051 2072
3 1904 2072 2073
3 1904 2073 2070
3 2074 2075 1907
3 1906 2074 1907
3 2045 1907 2075
3 2074 1906 2037
3 1908 2076 2077
3 1908 2077 1909
3 2076 1908 1912
3 2078 1910 1909
3 2078 1909 2077
3 1910 2078 2079
3 1910 2079 1911
3 2080 1917 1911
3 2080 1911 2079
3 1913 2081 1912
3 2076 1912 2081
3 2082 1913 1914
3 1913 2082 2081
3 2082 1914 2056
3 1924 1916 1915
3 1924 1915 2083
3 2083 1915 1919
3 1917 2080 2084
3 1917 2084 1921
3 2085 1920 1918
3 2085 1918 1921
3 2085 2086 1920
3 1919 1920 2086
3 2087 1919 2086
3 2083 1919 2087
3 2088 2085 1921
3 2088 1921 2084
3 1922 1924 2083
3 1922 2083 2089
3 1922 2089 2090
3 1922 2090 1923
3 1925 1923 2090
3 1925 2090 2091
3 1928 1925 2091
3 1926 2092 2093
3 1926 2093 1929
3 2092 1926 1927
3 2092 1927 2091
3 1928 2091 1927
3 2094 1930 1929
3 2094 1929 2093
3 2094 1931 1930
3 1931 2095 1932
3 2095 1931 2096
3 2094 2096 1931
3 1941 1932 2095
3 2097 1934 1933
3 2097 1933 2098
3 2099 2098 1933
3 2099 1933 1935
3 2100 1940 1934
3 2100 1934 2097
3 1943 2099 1935
3 1936 1938 2101
3 1936 2101 1974
3 1936 1974 1937
3 2102 2101 1938
3 1938 1939 2102
3 2102 1939 2103
3 1939 1940 2103
3 2100 2103 1940
3 2095 2104 1941
3 1941 2105 1942
3 2105 1941 2104
3 1943 1942 2106
3 2105 2106 1942
3 2107 1943 2106
3 1943 2107 2099
3 1946 1944 2108
3 2109 2108 1944
3 2109 1944 1945
3 1945 1947 2110
3 1945 2110 2109
3 1946 2108 2111
3 1950 1946 2111
3 2112 2110 1947
3 2112 1947 1948
3 1948 1949 2113
3 1948 2113 2112
3 2114 2113 1949
3 2114 1949 1953
3 1951 1950 2115
3 1950 2111 2115
3 1951 2115 2116
3 1952 1951 2116
3 1952 2116 2030
3 1953 1956 2117
3 2114 1953 2117
3 2118 1956 1954
3 1955 2118 1954
3 1955 1957 2118
3 2118 2119 1956
3 2119 2117 1956
3 2119 2118 1957
3 2119 1957 2120
3 2121 2120 1957
3 1959 2121 1957
3 1958 1960 2122
3 1958 2122 2123
3 1959 1958 2123
3 1959 2123 2124
3 2121 1959 2124
3 1960 1964 2125
3 1960 2125 2122
3 1965 1977 1962
3 1961 1965 1962
3 2126 1964 1962
3 2126 1962 1977
3 1964 2126 2127
3 1964 2127 2125
3 1969 2128 1966
3 2129 1967 1966
3 2129 1966 2128
3 1967 2129 2130
3 1967 2130 1968
3 2130 1979 1968
3 1969 2131 2128
3 2131 1969 2132
3 1969 1970 2132
3 2133 2132 1970
3 1976 2133 1970
3 1971 2134 1976
3 1972 2134 1971
3 1973 2135 1972
3 1972 2135 2134
3 1973 2136 2135
3 2137 2136 1973
3 2137 1973 1975
3 1974 2101 2138
3 1974 2138 1975
3 1975 2138 2139
3 1975 2139 2137
3 2133 1976 2134
3 1978 2126 1977
3 1978 1980 2140
3 2126 1978 2140
3 2141 1980 1979
3 2130 2141 1979
3 2142 2140 1980
3 2141 2142 1980
3 1981 2006 1982
3 2143 1983 1982
3 2143 1982 2006
3 1983 2143 2144
3 1983 2144 2145
3 1984 1983 2145
3 1984 2145 2146
3 1985 1984 2146
3 1985 2146 2147
3 1987 1985 2147
3 1995 1986 2148
3 2148 1986 1989
3 1987 2147 2149
3 2150 1988 1987
3 2150 1987 2149
3 1988 2150 2151
3 1988 2151 1989
3 2148 1989 2152
3 2153 2152 1989
3 2153 1989 2151
3 1991 1990 1994
3 1991 1994 2154
3 1992 1991 2154
3 1992 2154 2155
3 1993 1992 2155
3 1993 2155 2156
3 1997 1993 2156
3 1995 2154 1994
3 1995 2157 2154
3 2157 1995 2148
3 1997 2156 2158
3 1997 2158 2159
3 1997 2159 1996
3 1998 1996 2159
3 2160 2000 1999
3 2160 1999 2161
3 1998 2161 1999
3 1998 2162 2161
3 1998 2159 2162
3 2000 2160 2163
3 2000 2163 2001
3 2034 2033 2001
3 2034 2001 2163
3 2002 2008 2164
3 2003 2002 2164
3 2003 2164 2165
3 2004 2003 2165
3 2166 2004 2167
3 2004 2166 2005
3 2004 2165 2167
3 2168 2006 2005
3 2168 2005 2166
3 2169 2143 2006
3 2169 2006 2168
3 2170 2164 2008
3 2171 2170 2008
3 2171 2008 2007
3 2171 2007 2172
3 2009 2172 2007
3 2009 2015 2173
3 2172 2009 2173
3 2011 2010 2174
3 2011 2174 2175
3 2175 2012 2011
3 2010 2026 2027
3 2010 2027 2174
3 2014 2012 2176
3 2175 2176 2012
3 2013 2012 2014
3 2014 2176 2177
3 2177 2015 2014
3 2177 2178 2015
3 2173 2015 2178
3 2016 2179 2180
3 2016 2180 2017
3 2016 2021 2181
3 2016 2181 2179
3 2017 2180 2182
3 2017 2182 2018
3 2183 2019 2018
3 2183 2018 2182
3 2019 2183 2184
3 2019 2184 2020
3 2185 2024 2020
3 2185 2020 2184
3 2186 2181 2021
3 2186 2021 2022
3 2022 2023 2187
3 2022 2187 2186
3 2023 2031 2188
3 2023 2188 2187
3 2024 2185 2189
3 2024 2189 2029
3 2190 2028 2025
3 2190 2025 2029
3 2027 2028 2191
3 2027 2191 2174
3 2028 2190 2192
3 2028 2192 2191
3 2193 2190 2029
3 2193 2029 2189
3 2194 2032 2030
3 2194 2030 2116
3 2031 2032 2195
3 2031 2195 2188
3 2032 2194 2196
3 2032 2196 2195
3 2036 2034 2163
3 2036 2197 2035
3 2198 2035 2197
3 2198 2043 2035
3 2036 2163 2199
3 2197 2036 2199
3 2038 2200 2037
3 2074 2037 2200
3 2038 2201 2200
3 2201 2038 2039
3 2201 2039 2202
3 2040 2202 2039
3 2040 2203 2202
3 2203 2040 2041
3 2203 2041 2204
3 2041 2042 2205
3 2041 2205 2204
3 2198 2042 2043
3 2042 2198 2206
3 2042 2206 2205
3 2046 2044 2207
3 2045 2207 2044
3 2208 2045 2075
3 2045 2208 2207
3 2046 2209 2210
3 2046 2210 2047
3 2209 2046 2207
3 2211 2047 2210
3 2048 2047 2211
3 2048 2212 2054
3 2212 2048 2211
3 2213 2050 2049
3 2072 2051 2050
3 2072 2050 2213
3 2213 2049 2214
3 2214 2049 2052
3 2215 2052 2055
3 2214 2052 2215
3 2053 2055 2052
3 2215 2055 2216
3 2216 2055 2054
3 2216 2054 2217
3 2217 2054 2212
3 2218 2082 2056
3 2218 2056 2057
3 2219 2218 2057
3 2219 2057 2058
3 2220 2219 2058
3 2220 2058 2067
3 2059 2060 2221
3 2059 2221 2222
3 2059 2222 2223
3 2059 2223 2063
3 2224 2221 2060
3 2224 2060 2061
3 2225 2224 2061
3 2225 2061 2062
3 2062 2068 2226
3 2062 2226 2225
3 2063 2223 2227
3 2063 2227 2065
3 2065 2227 2228
3 2065 2228 2064
3 2229 2066 2064
3 2229 2064 2228
3 2066 2229 2230
3 2066 2230 2067
3 2231 2220 2067
3 2231 2067 2230
3 2068 2069 2232
3 2068 2232 2226
3 2069 2071 2233
3 2069 2233 2232
3 2234 2071 2070
3 2234 2070 2073
3 2071 2234 2235
3 2071 2235 2233
3 2072 2213 2236
3 2072 2236 2073
3 2237 2234 2073
3 2237 2073 2236
3 2238 2239 2075
3 2074 2238 2075
3 2208 2075 2239
3 2074 2200 2240
3 2074 2240 2238
3 2076 2241 2242
3 2076 2242 2077
3 2241 2076 2081
3 2243 2078 2077
3 2243 2077 2242
3 2244 2079 2078
3 2244 2078 2243
3 2245 2080 2079
3 2245 2079 2244
3 2246 2084 2080
3 2246 2080 2245
3 2082 2247 2081
3 2241 2081 2247
3 2082 2218 2247
3 2087 2089 2083
3 2248 2088 2084
3 2248 2084 2246
3 2088 2249 2085
3 2085 2249 2086
3 2249 2250 2086
3 2087 2086 2250
3 2087 2250 2089
3 2248 2251 2088
3 2088 2251 2249
3 2252 2089 2250
3 2253 2090 2089
3 2253 2089 2254
3 2252 2254 2089
3 2090 2253 2255
3 2090 2255 2091
3 2256 2257 2091
3 2091 2257 2258
3 2091 2258 2092
3 2259 2256 2091
3 2259 2091 2255
3 2258 2093 2092
3 2258 2094 2093
3 2258 2096 2094
3 2260 2261 2096
3 2260 2096 2257
3 2095 2096 2261
3 2258 2257 2096
3 2095 2261 2104
3 2100 2097 2262
3 2097 2098 2263
3 2097 2263 2262
3 2098 2099 2264
3 2098 2264 2263
3 2107 2264 2099
3 2100 2262 2265
3 2266 2100 2265
3 2100 2266 2103
3 2102 2138 2101
3 2267 2138 2102
3 2102 2103 2267
3 2266 2267 2103
3 2268 2104 2261
3 2105 2104 2268
3 2105 2269 2106
3 2269 2105 2268
3 2107 2106 2270
3 2269 2270 2106
3 2271 2107 2270
3 2107 2271 2264
3 2272 2111 2108
3 2273 2272 2108
3 2273 2108 2109
3 2274 2273 2109
3 2274 2109 2110
3 2275 2274 2110
3 2275 2110 2112
3 2276 2115 2111
3 2272 2276 2111
3 2277 2275 2112
3 2277 2112 2113
3 2278 2277 2113
3 2278 2113 2114
3 2114 2117 2279
3 2278 2114 2279
3 2276 2280 2115
3 2280 2116 2115
3 2280 2194 2116
3 2281 2279 2117
3 2119 2281 2117
3 2281 2119 2120
3 2121 2282 2120
3 2283 2120 2282
3 2281 2120 2283
3 2121 2124 2284
3 2282 2121 2284
3 2122 2125 2285
3 2122 2285 2286
3 2287 2123 2122
3 2288 2287 2122
3 2288 2122 2286
3 2289 2124 2123
3 2287 2289 2123
3 2290 2284 2124
3 2289 2290 2124
3 2285 2125 2127
3 2126 2140 2127
3 2291 2292 2127
3 2291 2127 2140
3 2285 2127 2292
3 2131 2293 2128
3 2294 2129 2128
3 2294 2128 2293
3 2129 2294 2295
3 2129 2295 2130
3 2130 2295 2296
3 2130 2296 2141
3 2131 2297 2293
3 2131 2132 2298
3 2297 2131 2298
3 2299 2298 2132
3 2299 2132 2300
3 2133 2300 2132
3 2133 2134 2301
3 2300 2133 2301
3 2301 2134 2135
3 2301 2135 2302
3 2302 2135 2136
3 2302 2136 2303
3 2304 2303 2136
3 2304 2136 2137
3 2137 2139 2305
3 2137 2305 2304
3 2267 2139 2138
3 2306 2305 2139
3 2306 2139 2267
3 2142 2291 2140
3 2142 2141 2296
3 2291 2142 2307
3 2142 2296 2307
3 2143 2169 2308
3 2143 2308 2144
3 2309 2145 2144
3 2309 2144 2310
3 2308 2310 2144
3 2145 2309 2311
3 2145 2311 2146
3 2311 2147 2146
3 2312 2149 2147
3 2311 2312 2147
3 2157 2148 2313
3 2148 2152 2314
3 2148 2314 2313
3 2312 2315 2149
3 2316 2150 2149
3 2316 2149 2315
3 2150 2316 2317
3 2150 2317 2151
3 2318 2153 2151
3 2318 2151 2317
3 2152 2153 2319
3 2152 2319 2314
3 2153 2318 2320
3 2153 2320 2319
3 2157 2155 2154
3 2321 2156 2155
3 2157 2321 2155
3 2322 2158 2156
3 2321 2322 2156
3 2321 2157 2313
3 2323 2324 2159
3 2323 2159 2158
3 2325 2162 2159
3 2325 2159 2324
3 2322 2323 2158
3 2162 2326 2161
3 2327 2160 2161
3 2327 2161 2326
3 2160 2327 2199
3 2160 2199 2163
3 2162 2325 2326
3 2170 2328 2164
3 2328 2165 2164
3 2329 2167 2165
3 2328 2329 2165
3 2166 2167 2330
3 2168 2166 2330
3 2331 2330 2167
3 2329 2331 2167
3 2168 2330 2332
3 2169 2168 2332
3 2333 2308 2169
3 2169 2332 2333
3 2170 2171 2334
3 2170 2334 2335
3 2328 2170 2335
3 2171 2172 2336
3 2336 2334 2171
3 2337 2336 2172
3 2337 2172 2338
3 2172 2173 2338
3 2173 2178 2339
3 2339 2338 2173
3 2340 2175 2174
3 2340 2174 2191
3 2175 2340 2341
3 2175 2341 2176
3 2342 2177 2176
3 2342 2176 2341
3 2177 2342 2343
3 2177 2343 2178
3 2344 2339 2178
3 2344 2178 2343
3 2345 2346 2180
3 2345 2180 2179
3 2180 2346 2347
3 2180 2347 2182
3 2348 2345 2179
3 2348 2179 2181
3 2349 2348 2181
3 2349 2181 2186
3 2350 2183 2182
3 2350 2182 2347
3 2183 2350 2351
3 2183 2351 2184
3 2352 2185 2184
3 2352 2184 2351
3 2353 2189 2185
3 2353 2185 2352
3 2354 2349 2186
3 2354 2186 2187
3 2355 2187 2188
3 2356 2354 2187
3 2356 2187 2355
3 2355 2188 2357
3 2358 2357 2188
3 2358 2188 2195
3 2359 2193 2189
3 2359 2189 2353
3 2193 2192 2190
3 2360 2340 2191
3 2360 2191 2192
3 2360 2192 2361
3 2193 2361 2192
3 2362 2361 2193
3 2362 2193 2359
3 2280 2196 2194
3 2363 2358 2195
3 2363 2195 2196
3 2280 2364 2196
3 2365 2363 2196
3 2365 2196 2364
3 2197 2199 2366
3 2198 2197 2367
3 2368 2367 2197
3 2368 2197 2366
3 2198 2367 2369
3 2198 2369 2206
3 2327 2366 2199
3 2370 2200 2201
3 2371 2240 2200
3 2371 2200 2370
3 2370 2201 2372
3 2372 2201 2202
3 2372 2202 2373
3 2374 2373 2202
3 2203 2374 2202
3 2375 2203 2204
3 2203 2375 2374
3 2375 2204 2376
3 2377 2376 2204
3 2377 2204 2205
3 2378 2377 2205
3 2378 2205 2206
3 2379 2378 2206
3 2379 2206 2369
3 2209 2207 2380
3 2208 2380 2207
3 2381 2208 2239
3 2208 2381 2380
3 2209 2382 2383
3 2209 2383 2210
3 2382 2209 2380
3 2211 2210 2384
3 2384 2210 2383
3 2385 2386 2211
3 2385 2211 2384
3 2212 2211 2386
3 2217 2212 2387
3 2387 2212 2386
3 2213 2214 2388
3 2213 2388 2236
3 2214 2215 2389
3 2214 2389 2388
3 2215 2216 2390
3 2215 2390 2389
3 2216 2217 2391
3 2216 2391 2390
3 2217 2387 2392
3 2217 2392 2391
3 2218 2219 2393
3 2218 2393 2247
3 2219 2220 2394
3 2219 2394 2393
3 2231 2394 2220
3 2395 2222 2221
3 2222 2395 2396
3 2222 2396 2223
3 2395 2221 2397
3 2221 2224 2398
3 2221 2398 2397
3 2399 2227 2223
3 2399 2223 2396
3 2224 2225 2400
3 2224 2400 2398
3 2401 2400 2225
3 2401 2225 2226
3 2402 2401 2226
3 2402 2226 2232
3 2227 2399 2403
3 2227 2403 2228
3 2229 2228 2404
3 2405 2404 2228
3 2405 2228 2403
3 2229 2406 2407
3 2229 2407 2230
3 2229 2404 2406
3 2408 2231 2230
3 2408 2230 2407
3 2231 2409 2394
3 2231 2408 2410
3 2231 2410 2409
3 2232 2233 2411
3 2232 2411 2402
3 2412 2411 2233
3 2412 2233 2235
3 2237 2235 2234
3 2235 2413 2414
3 2235 2414 2412
3 2237 2413 2235
3 2415 2237 2236
3 2415 2236 2388
3 2415 2413 2237
3 2238 2416 2239
3 2416 2238 2240
3 2416 2417 2239
3 2381 2239 2417
3 2416 2240 2418
3 2371 2418 2240
3 2241 2419 2420
3 2241 2420 2242
3 2419 2241 2247
3 2242 2420 2421
3 2242 2421 2243
3 2243 2421 2422
3 2243 2422 2244
3 2244 2422 2423
3 2244 2423 2245
3 2245 2423 2424
3 2245 2424 2246
3 2246 2424 2425
3 2246 2425 2248
3 2419 2247 2393
3 2426 2248 2425
3 2248 2426 2251
3 2249 2427 2250
3 2427 2249 2251
3 2252 2250 2427
3 2427 2251 2428
3 2426 2428 2251
3 2252 2427 2428
3 2252 2428 2429
3 2252 2430 2254
3 2430 2252 2429
3 2431 2253 2254
3 2253 2431 2432
3 2253 2432 2255
3 2431 2254 2433
3 2430 2433 2254
3 2434 2259 2255
3 2434 2255 2432
3 2256 2260 2257
3 2260 2256 2435
3 2256 2259 2436
3 2256 2436 2435
3 2259 2434 2437
3 2259 2437 2436
3 2260 2435 2268
3 2268 2261 2260
3 2438 2265 2262
3 2439 2438 2262
3 2439 2262 2263
3 2440 2439 2263
3 2440 2263 2264
3 2271 2440 2264
3 2441 2442 2265
3 2438 2441 2265
3 2266 2265 2442
3 2306 2266 2442
3 2266 2306 2267
3 2269 2268 2435
3 2443 2269 2435
3 2269 2443 2270
3 2271 2270 2444
3 2443 2444 2270
3 2445 2271 2444
3 2271 2445 2440
3 2276 2272 2446
3 2272 2273 2447
3 2272 2447 2446
3 2273 2274 2448
3 2273 2448 2447
3 2274 2275 2449
3 2274 2449 2448
3 2275 2277 2450
3 2275 2450 2449
3 2276 2446 2451
3 2280 2276 2451
3 2277 2278 2452
3 2277 2452 2450
3 2278 2279 2453
3 2278 2453 2454
3 2278 2454 2452
3 2455 2453 2279
3 2281 2455 2279
3 2280 2451 2364
3 2455 2281 2283
3 2282 2284 2456
3 2457 2282 2456
3 2283 2282 2457
3 2457 2458 2283
3 2455 2283 2458
3 2459 2456 2284
3 2290 2459 2284
3 2460 2286 2285
3 2460 2285 2292
3 2288 2286 2460
3 2289 2287 2461
3 2287 2288 2462
3 2287 2462 2461
3 2463 2462 2288
3 2288 2460 2463
3 2289 2461 2464
3 2290 2289 2464
3 2459 2290 2465
3 2290 2464 2465
3 2291 2307 2466
3 2292 2291 2466
3 2292 2466 2460
3 2297 2467 2293
3 2468 2294 2293
3 2468 2293 2467
3 2294 2468 2469
3 2294 2469 2295
3 2470 2296 2295
3 2470 2295 2469
3 2296 2470 2471
3 2296 2471 2307
3 2297 2298 2472
3 2297 2473 2467
3 2473 2297 2472
3 2299 2472 2298
3 2300 2474 2475
3 2300 2475 2299
3 2300 2301 2474
3 2476 2299 2475
3 2299 2476 2472
3 2302 2474 2301
3 2303 2477 2302
3 2302 2477 2474
3 2303 2478 2477
3 2479 2478 2303
3 2479 2303 2304
3 2304 2305 2480
3 2304 2480 2479
3 2305 2306 2481
3 2305 2481 2480
3 2306 2442 2481
3 2482 2483 2307
3 2482 2307 2471
3 2483 2466 2307
3 2333 2484 2308
3 2485 2308 2484
3 2308 2485 2310
3 2309 2486 2487
3 2309 2487 2311
3 2486 2309 2310
3 2486 2310 2488
3 2485 2488 2310
3 2311 2487 2489
3 2311 2489 2312
3 2315 2312 2489
3 2490 2491 2313
3 2490 2313 2314
3 2321 2313 2491
3 2492 2490 2314
3 2492 2314 2319
3 2315 2489 2493
3 2316 2315 2493
3 2316 2493 2494
3 2316 2494 2495
3 2316 2495 2317
3 2496 2318 2317
3 2496 2317 2495
3 2318 2496 2497
3 2318 2497 2320
3 2498 2492 2319
3 2498 2319 2320
3 2499 2498 2320
3 2499 2320 2497
3 2322 2321 2491
3 2323 2322 2500
3 2322 2491 2500
3 2323 2500 2501
3 2323 2501 2502
3 2323 2502 2324
3 2325 2324 2502
3 2325 2502 2503
3 2325 2503 2504
3 2325 2504 2326
3 2505 2327 2326
3 2505 2326 2504
3 2327 2505 2366
3 2328 2335 2506
3 2329 2328 2506
3 2329 2506 2507
3 2331 2329 2507
3 2508 2332 2330
3 2331 2508 2330
3 2508 2331 2509
3 2331 2507 2509
3 2508 2510 2332
3 2510 2333 2332
3 2511 2484 2333
3 2510 2511 2333
3 2336 2337 2334
3 2512 2335 2334
3 2512 2334 2513
3 2514 2513 2334
3 2514 2334 2337
3 2515 2506 2335
3 2512 2515 2335
3 2339 2516 2338
3 2517 2338 2516
3 2517 2518 2338
3 2514 2337 2338
3 2514 2338 2518
3 2339 2344 2519
3 2339 2519 2516
3 2520 2341 2340
3 2520 2340 2360
3 2521 2342 2341
3 2521 2341 2520
3 2342 2521 2522
3 2342 2522 2343
3 2523 2344 2343
3 2523 2343 2522
3 2344 2523 2524
3 2344 2524 2519
3 2345 2348 2525
3 2345 2525 2526
3 2346 2345 2526
3 2346 2526 2527
3 2527 2347 2346
3 2527 2528 2347
3 2528 2350 2347
3 2348 2349 2529
3 2348 2529 2525
3 2349 2354 2530
3 2349 2530 2529
3 2531 2351 2350
3 2528 2531 2350
3 2531 2532 2351
3 2352 2351 2532
3 2352 2532 2533
3 2353 2352 2533
3 2359 2353 2534
3 2353 2533 2534
3 2354 2356 2535
3 2354 2535 2530
3 2355 2357 2536
3 2355 2536 2537
3 2538 2356 2355
3 2538 2355 2537
3 2356 2538 2539
3 2356 2539 2535
3 2357 2358 2540
3 2357 2540 2536
3 2358 2363 2541
3 2358 2541 2540
3 2359 2534 2542
3 2359 2542 2543
3 2359 2543 2362
3 2360 2361 2544
3 2520 2360 2544
3 2544 2361 2362
3 2544 2362 2545
3 2546 2545 2362
3 2546 2362 2543
3 2363 2365 2547
3 2363 2547 2541
3 2451 2548 2364
3 2549 2365 2364
3 2549 2364 2548
3 2365 2549 2550
3 2365 2550 2547
3 2551 2368 2366
3 2368 2551 2552
3 2368 2552 2553
3 2367 2368 2553
3 2551 2366 2505
3 2367 2553 2369
3 2554 2379 2369
3 2554 2369 2553
3 2372 2555 2370
3 2556 2371 2370
3 2556 2370 2555
3 2556 2557 2371
3 2371 2557 2418
3 2372 2373 2555
3 2558 2555 2373
3 2374 2558 2373
3 2558 2374 2559
3 2560 2559 2374
3 2560 2374 2375
3 2560 2375 2376
3 2560 2376 2561
3 2377 2561 2376
3 2377 2378 2562
3 2377 2562 2563
3 2377 2563 2561
3 2378 2379 2564
3 2378 2564 2562
3 2379 2554 2565
3 2379 2565 2564
3 2382 2380 2566
3 2381 2566 2380
3 2567 2381 2417
3 2381 2567 2566
3 2382 2568 2569
3 2382 2569 2383
3 2568 2382 2566
3 2384 2383 2385
3 2570 2383 2569
3 2571 2385 2383
3 2571 2383 2570
3 2387 2386 2572
3 2572 2386 2573
3 2574 2573 2386
3 2571 2574 2386
3 2571 2386 2385
3 2387 2572 2575
3 2387 2575 2392
3 2388 2389 2576
3 2388 2576 2415
3 2577 2576 2389
3 2577 2389 2390
3 2578 2577 2390
3 2578 2390 2391
3 2579 2578 2391
3 2579 2391 2392
3 2580 2579 2392
3 2580 2392 2575
3 2581 2419 2393
3 2581 2393 2394
3 2582 2581 2394
3 2582 2394 2409
3 2583 2395 2397
3 2395 2583 2584
3 2395 2584 2396
3 2585 2399 2396
3 2585 2396 2584
3 2583 2397 2586
3 2586 2397 2398
3 2586 2398 2587
3 2400 2587 2398
3 2399 2585 2588
3 2399 2588 2403
3 2401 2589 2400
3 2400 2589 2587
3 2401 2590 2589
3 2402 2590 2401
3 2402 2591 2590
3 2591 2402 2411
3 2592 2405 2403
3 2592 2403 2588
3 2593 2406 2404
3 2593 2404 2594
3 2404 2405 2595
3 2404 2595 2594
3 2405 2592 2596
3 2405 2596 2595
3 2406 2593 2597
3 2406 2597 2407
3 2598 2408 2407
3 2598 2407 2597
3 2408 2598 2599
3 2408 2599 2410
3 2600 2582 2409
3 2601 2600 2409
3 2601 2409 2410
3 2602 2601 2410
3 2602 2410 2599
3 2412 2603 2411
3 2591 2411 2603
3 2412 2604 2603
3 2412 2414 2605
3 2412 2605 2604
3 2414 2413 2606
3 2414 2606 2607
3 2414 2607 2608
3 2414 2608 2605
3 2415 2606 2413
3 2606 2415 2576
3 2609 2416 2418
3 2416 2609 2417
3 2609 2610 2417
3 2567 2417 2610
3 2609 2418 2611
3 2557 2611 2418
3 2419 2581 2612
3 2419 2612 2420
3 2613 2421 2420
3 2613 2420 2612
3 2421 2613 2614
3 2421 2614 2422
3 2615 2423 2422
3 2615 2422 2614
3 2423 2615 2616
3 2423 2616 2424
3 2617 2425 2424
3 2617 2424 2616
3 2426 2425 2618
3 2617 2618 2425
3 2426 2619 2428
3 2619 2426 2618
3 2619 2429 2428
3 2430 2429 2620
3 2621 2620 2429
3 2619 2621 2429
3 2430 2622 2433
3 2622 2430 2620
3 2431 2623 2624
3 2431 2624 2432
3 2623 2431 2433
3 2432 2625 2626
3 2432 2626 2434
3 2627 2625 2432
3 2627 2432 2624
3 2622 2628 2433
3 2623 2433 2628
3 2626 2437 2434
3 2443 2435 2436
3 2629 2443 2436
3 2629 2436 2437
3 2630 2629 2437
3 2630 2437 2631
3 2626 2631 2437
3 2441 2438 2632
3 2438 2439 2633
3 2438 2633 2632
3 2439 2440 2634
3 2439 2634 2633
3 2635 2634 2440
3 2635 2440 2445
3 2441 2632 2636
3 2637 2441 2636
3 2441 2637 2442
3 2638 2481 2442
3 2638 2442 2637
3 2443 2629 2444
3 2629 2639 2444
3 2445 2444 2639
3 2635 2445 2639
3 2447 2640 2446
3 2641 2451 2446
3 2641 2446 2640
3 2447 2642 2640
3 2447 2448 2643
3 2447 2643 2642
3 2644 2643 2448
3 2644 2448 2449
3 2449 2450 2645
3 2449 2645 2644
3 2646 2645 2450
3 2646 2450 2452
3 2451 2641 2548
3 2452 2454 2647
3 2452 2647 2646
3 2648 2649 2454
3 2648 2454 2453
3 2647 2454 2649
3 2455 2648 2453
3 2648 2455 2458
3 2457 2456 2650
3 2651 2650 2456
3 2651 2456 2652
3 2459 2652 2456
3 2457 2650 2458
3 2648 2458 2653
3 2654 2653 2458
3 2654 2458 2650
3 2459 2465 2655
3 2652 2459 2655
3 2656 2657 2460
3 2656 2460 2466
3 2657 2463 2460
3 2658 2464 2461
3 2659 2658 2461
3 2659 2461 2462
3 2463 2660 2462
3 2659 2462 2660
3 2661 2660 2463
3 2657 2661 2463
3 2662 2465 2464
3 2658 2662 2464
3 2663 2655 2465
3 2662 2663 2465
3 2483 2656 2466
3 2473 2664 2467
3 2665 2468 2467
3 2665 2467 2664
3 2468 2665 2666
3 2468 2666 2469
3 2667 2470 2469
3 2667 2469 2666
3 2470 2667 2668
3 2470 2668 2471
3 2669 2482 2471
3 2669 2471 2668
3 2476 2670 2472
3 2473 2472 2670
3 2473 2671 2664
3 2671 2473 2670
3 2672 2475 2474
3 2672 2474 2477
3 2476 2475 2673
3 2672 2673 2475
3 2476 2674 2670
3 2674 2476 2673
3 2477 2478 2675
3 2477 2675 2672
3 2675 2478 2479
3 2675 2479 2676
3 2676 2479 2480
3 2677 2480 2481
3 2676 2480 2677
3 2677 2481 2638
3 2482 2669 2678
3 2482 2678 2679
3 2483 2482 2679
3 2483 2679 2680
3 2656 2483 2680
3 2485 2484 2681
3 2511 2682 2484
3 2682 2681 2484
3 2683 2485 2681
3 2485 2683 2488
3 2486 2684 2685
3 2486 2685 2487
3 2684 2486 2488
3 2686 2489 2487
3 2686 2487 2685
3 2683 2687 2488
3 2684 2488 2687
3 2686 2493 2489
3 2490 2492 2688
3 2490 2688 2689
3 2491 2490 2689
3 2491 2689 2500
3 2492 2498 2690
3 2492 2690 2688
3 2494 2493 2691
3 2686 2691 2493
3 2692 2496 2495
3 2692 2495 2693
3 2494 2693 2495
3 2494 2691 2694
3 2494 2694 2693
3 2496 2692 2695
3 2496 2695 2497
3 2696 2499 2497
3 2696 2497 2695
3 2498 2499 2697
3 2498 2697 2690
3 2499 2696 2698
3 2499 2698 2697
3 2699 2501 2500
3 2699 2500 2689
3 2699 2502 2501
3 2699 2700 2502
3 2701 2503 2502
3 2701 2502 2700
3 2701 2702 2504
3 2701 2504 2503
3 2702 2505 2504
3 2702 2551 2505
3 2515 2703 2506
3 2703 2507 2506
3 2704 2509 2507
3 2703 2704 2507
3 2508 2509 2705
3 2510 2508 2705
3 2706 2705 2509
3 2704 2706 2509
3 2510 2705 2707
3 2511 2510 2707
3 2511 2707 2708
3 2682 2511 2708
3 2515 2512 2709
3 2710 2709 2512
3 2512 2513 2710
3 2711 2710 2513
3 2711 2513 2712
3 2514 2712 2513
3 2514 2518 2712
3 2515 2709 2713
3 2703 2515 2713
3 2517 2516 2714
3 2715 2714 2516
3 2715 2516 2519
3 2517 2714 2716
3 2517 2716 2717
3 2718 2517 2717
3 2517 2718 2518
3 2719 2712 2518
3 2719 2518 2718
3 2720 2715 2519
3 2720 2519 2524
3 2521 2520 2721
3 2520 2544 2721
3 2521 2721 2722
3 2521 2722 2723
3 2521 2723 2522
3 2724 2523 2522
3 2724 2522 2723
3 2523 2724 2725
3 2523 2725 2524
3 2726 2720 2524
3 2726 2524 2725
3 2727 2728 2525
3 2729 2727 2525
3 2729 2525 2529
3 2728 2526 2525
3 2730 2527 2526
3 2728 2730 2526
3 2730 2731 2527
3 2528 2527 2731
3 2531 2528 2732
3 2528 2731 2732
3 2733 2729 2529
3 2733 2529 2530
3 2734 2733 2530
3 2734 2530 2535
3 2735 2532 2531
3 2531 2732 2735
3 2735 2736 2532
3 2736 2533 2532
3 2737 2534 2533
3 2736 2737 2533
3 2738 2542 2534
3 2737 2738 2534
3 2739 2734 2535
3 2739 2535 2539
3 2740 2537 2536
3 2741 2740 2536
3 2741 2536 2540
3 2740 2742 2537
3 2743 2538 2537
3 2743 2537 2742
3 2538 2743 2744
3 2538 2744 2539
3 2745 2739 2539
3 2745 2539 2744
3 2746 2741 2540
3 2746 2540 2541
3 2747 2746 2541
3 2747 2541 2547
3 2748 2546 2543
3 2748 2543 2749
3 2543 2542 2750
3 2543 2750 2749
3 2738 2750 2542
3 2545 2721 2544
3 2545 2546 2751
3 2545 2751 2752
3 2545 2752 2721
3 2753 2751 2546
3 2753 2546 2748
3 2754 2747 2547
3 2754 2547 2550
3 2641 2755 2548
3 2756 2549 2548
3 2756 2548 2755
3 2549 2756 2757
3 2549 2757 2550
3 2758 2754 2550
3 2758 2550 2757
3 2551 2702 2759
3 2551 2759 2552
3 2760 2553 2552
3 2761 2760 2552
3 2761 2552 2759
3 2760 2554 2553
3 2554 2760 2762
3 2554 2762 2565
3 2558 2763 2555
3 2763 2556 2555
3 2556 2764 2557
3 2765 2764 2556
3 2763 2765 2556
3 2766 2557 2764
3 2557 2766 2611
3 2558 2559 2767
3 2763 2558 2767
3 2768 2767 2559
3 2769 2768 2559
3 2769 2559 2560
3 2769 2560 2561
3 2770 2561 2563
3 2769 2561 2770
3 2771 2772 2562
3 2771 2562 2564
3 2772 2563 2562
3 2770 2563 2773
3 2772 2773 2563
3 2774 2771 2564
3 2774 2564 2565
3 2775 2774 2565
3 2775 2565 2762
3 2568 2566 2776
3 2567 2776 2566
3 2777 2567 2610
3 2567 2777 2776
3 2568 2778 2779
3 2568 2779 2569
3 2778 2568 2776
3 2570 2569 2780
3 2780 2569 2779
3 2570 2780 2781
3 2570 2781 2782
3 2571 2570 2782
3 2571 2782 2574
3 2572 2573 2783
3 2572 2783 2784
3 2572 2784 2575
3 2785 2783 2573
3 2785 2573 2786
3 2787 2786 2573
3 2574 2787 2573
3 2574 2782 2788
3 2574 2788 2787
3 2789 2580 2575
3 2789 2575 2784
3 2577 2790 2576
3 2606 2576 2790
3 2577 2578 2791
3 2577 2791 2792
3 2577 2792 2790
3 2578 2579 2793
3 2578 2793 2791
3 2579 2580 2794
3 2579 2794 2793
3 2580 2789 2795
3 2580 2795 2794
3 2581 2582 2796
3 2581 2796 2612
3 2797 2796 2582
3 2600 2797 2582
3 2583 2798 2799
3 2583 2799 2584
3 2798 2583 2586
3 2799 2800 2584
3 2801 2585 2584
3 2801 2584 2800
3 2585 2801 2802
3 2585 2802 2588
3 2798 2586 2803
3 2803 2586 2587
3 2803 2587 2804
3 2589 2804 2587
3 2805 2592 2588
3 2805 2588 2802
3 2806 2589 2590
3 2589 2806 2804
3 2806 2590 2807
3 2591 2807 2590
3 2591 2808 2807
3 2808 2591 2603
3 2592 2805 2809
3 2592 2809 2596
3 2593 2810 2811
3 2593 2811 2597
3 2810 2593 2594
3 2810 2594 2812
3 2813 2812 2594
3 2813 2594 2595
3 2814 2813 2595
3 2814 2595 2596
3 2815 2814 2596
3 2815 2596 2809
3 2816 2598 2597
3 2816 2597 2811
3 2598 2816 2817
3 2598 2817 2599
3 2818 2602 2599
3 2818 2599 2817
3 2797 2600 2819
3 2600 2601 2820
3 2600 2820 2819
3 2601 2602 2821
3 2601 2821 2820
3 2602 2818 2822
3 2602 2822 2821
3 2604 2823 2603
3 2808 2603 2823
3 2824 2825 2605
3 2824 2605 2608
3 2605 2825 2826
3 2605 2826 2604
3 2604 2826 2823
3 2607 2606 2790
3 2607 2790 2827
3 2607 2827 2828
3 2607 2828 2608
3 2608 2828 2829
3 2608 2829 2824
3 2830 2609 2611
3 2609 2830 2610
3 2830 2831 2610
3 2777 2610 2831
3 2830 2611 2832
3 2766 2832 2611
3 2833 2613 2612
3 2833 2612 2796
3 2613 2833 2834
3 2613 2834 2614
3 2835 2615 2614
3 2835 2614 2834
3 2615 2835 2836
3 2615 2836 2616
3 2837 2617 2616
3 2837 2616 2836
3 2617 2837 2838
3 2617 2838 2839
3 2617 2839 2618
3 2839 2840 2618
3 2619 2618 2840
3 2621 2619 2840
3 2622 2620 2841
3 2842 2841 2620
3 2621 2842 2620
3 2842 2621 2843
3 2621 2840 2843
3 2622 2844 2628
3 2844 2622 2841
3 2623 2845 2846
3 2623 2846 2624
3 2845 2623 2628
3 2847 2627 2624
3 2847 2624 2846
3 2848 2631 2626
3 2848 2626 2625
3 2627 2848 2625
3 2847 2849 2627
3 2627 2849 2848
3 2850 2628 2844
3 2845 2628 2850
3 2629 2630 2639
3 2851 2630 2631
3 2630 2851 2852
3 2630 2852 2639
3 2851 2631 2848
3 2853 2636 2632
3 2854 2853 2632
3 2854 2632 2633
3 2855 2854 2633
3 2855 2633 2634
3 2856 2855 2634
3 2856 2634 2635
3 2635 2639 2852
3 2857 2856 2635
3 2857 2635 2852
3 2637 2636 2858
3 2859 2858 2636
3 2853 2859 2636
3 2638 2637 2858
3 2638 2858 2860
3 2677 2638 2860
3 2861 2862 2640
3 2861 2640 2642
3 2641 2640 2862
3 2641 2863 2755
3 2641 2862 2863
3 2642 2643 2864
3 2642 2864 2861
3 2865 2864 2643
3 2865 2643 2644
3 2865 2644 2645
3 2865 2645 2866
3 2646 2866 2645
3 2646 2867 2866
3 2646 2647 2868
3 2646 2868 2867
3 2647 2869 2870
3 2647 2870 2868
3 2647 2649 2869
3 2649 2648 2653
3 2649 2653 2871
3 2869 2649 2871
3 2651 2654 2650
3 2654 2651 2872
3 2651 2873 2874
3 2651 2874 2872
3 2651 2652 2873
3 2873 2652 2875
3 2652 2655 2875
3 2653 2654 2876
3 2653 2876 2871
3 2654 2872 2876
3 2877 2875 2655
3 2663 2877 2655
3 2656 2680 2878
3 2657 2656 2878
3 2657 2878 2879
3 2657 2879 2880
3 2657 2880 2661
3 2662 2658 2881
3 2658 2659 2882
3 2658 2882 2881
3 2659 2660 2883
3 2883 2882 2659
3 2661 2884 2660
3 2884 2883 2660
3 2884 2661 2880
3 2662 2881 2885
3 2663 2662 2885
3 2877 2663 2886
3 2663 2885 2886
3 2671 2887 2664
3 2888 2665 2664
3 2888 2664 2887
3 2665 2888 2889
3 2665 2889 2666
3 2890 2667 2666
3 2890 2666 2889
3 2891 2668 2667
3 2891 2667 2890
3 2892 2669 2668
3 2892 2668 2891
3 2669 2892 2893
3 2669 2893 2678
3 2674 2894 2670
3 2671 2670 2894
3 2671 2895 2887
3 2895 2671 2894
3 2672 2896 2673
3 2672 2675 2897
3 2672 2897 2896
3 2674 2673 2898
3 2896 2898 2673
3 2674 2899 2894
3 2899 2674 2898
3 2676 2897 2675
3 2676 2677 2900
3 2676 2900 2901
3 2676 2901 2897
3 2677 2860 2900
3 2902 2679 2678
3 2903 2902 2678
3 2903 2678 2893
3 2904 2680 2679
3 2902 2904 2679
3 2904 2905 2680
3 2905 2878 2680
3 2683 2681 2906
3 2907 2906 2681
3 2682 2907 2681
3 2682 2708 2908
3 2907 2682 2908
3 2909 2683 2906
3 2683 2909 2687
3 2684 2910 2911
3 2684 2911 2685
3 2910 2684 2687
3 2685 2911 2912
3 2685 2912 2686
3 2691 2686 2912
3 2913 2914 2687
3 2913 2687 2909
3 2910 2687 2914
3 2915 2699 2689
3 2915 2689 2688
3 2916 2915 2688
3 2916 2688 2690
3 2917 2916 2690
3 2917 2690 2697
3 2694 2691 2918
3 2691 2912 2918
3 2919 2692 2693
3 2692 2919 2920
3 2692 2920 2695
3 2919 2693 2921
3 2694 2921 2693
3 2694 2918 2922
3 2694 2922 2921
3 2923 2696 2695
3 2923 2695 2920
3 2696 2923 2924
3 2696 2924 2698
3 2925 2917 2697
3 2925 2697 2698
3 2926 2925 2698
3 2926 2698 2924
3 2699 2915 2927
3 2699 2927 2700
3 2701 2700 2927
3 2701 2927 2928
3 2702 2701 2928
3 2702 2928 2759
3 2703 2713 2929
3 2704 2703 2929
3 2704 2929 2930
3 2706 2704 2930
3 2931 2707 2705
3 2706 2931 2705
3 2931 2706 2932
3 2706 2930 2932
3 2931 2933 2707
3 2933 2708 2707
3 2934 2908 2708
3 2933 2934 2708
3 2935 2713 2709
3 2710 2935 2709
3 2711 2935 2710
3 2936 2711 2712
3 2936 2712 2719
3 2936 2937 2711
3 2711 2937 2935
3 2938 2929 2713
3 2935 2938 2713
3 2714 2715 2939
3 2714 2939 2716
3 2715 2720 2940
3 2715 2940 2939
3 2941 2942 2717
3 2941 2717 2716
3 2943 2717 2942
3 2718 2717 2943
3 2944 2941 2716
3 2944 2716 2939
3 2718 2943 2945
3 2718 2945 2719
3 2946 2936 2719
3 2946 2719 2945
3 2720 2726 2947
3 2720 2947 2940
3 2752 2722 2721
3 2948 2723 2722
3 2948 2722 2949
3 2752 2949 2722
3 2950 2724 2723
3 2950 2723 2948
3 2951 2725 2724
3 2951 2724 2950
3 2952 2726 2725
3 2952 2725 2951
3 2953 2947 2726
3 2953 2726 2952
3 2954 2727 2955
3 2727 2954 2728
3 2727 2729 2956
3 2727 2956 2955
3 2954 2957 2728
3 2730 2728 2957
3 2729 2733 2958
3 2729 2958 2956
3 2730 2957 2959
3 2731 2730 2959
3 2731 2959 2960
3 2960 2732 2731
3 2960 2961 2732
3 2961 2735 2732
3 2733 2734 2962
3 2733 2962 2958
3 2734 2739 2963
3 2734 2963 2962
3 2735 2964 2965
3 2735 2965 2736
3 2961 2964 2735
3 2737 2736 2965
3 2737 2965 2966
3 2738 2737 2966
3 2750 2738 2967
3 2738 2966 2967
3 2739 2745 2968
3 2739 2968 2963
3 2741 2746 2969
3 2741 2969 2970
3 2740 2741 2970
3 2740 2970 2971
3 2740 2971 2972
3 2740 2972 2742
3 2973 2743 2742
3 2973 2742 2972
3 2743 2973 2974
3 2743 2974 2744
3 2975 2745 2744
3 2975 2744 2974
3 2745 2975 2976
3 2745 2976 2968
3 2746 2747 2977
3 2746 2977 2969
3 2747 2754 2978
3 2747 2978 2977
3 2748 2749 2979
3 2748 2979 2980
3 2753 2748 2980
3 2749 2750 2981
3 2749 2981 2979
3 2750 2967 2981
3 2752 2751 2982
3 2753 2982 2751
3 2752 2982 2949
3 2753 2980 2983
3 2984 2753 2983
3 2753 2984 2982
3 2754 2758 2985
3 2754 2985 2978
3 2756 2986 2987
3 2756 2987 2757
3 2986 2756 2755
3 2986 2755 2988
3 2989 2988 2755
3 2989 2755 2863
3 2990 2758 2757
3 2990 2757 2987
3 2758 2990 2991
3 2758 2991 2985
3 2992 2761 2759
3 2992 2759 2928
3 2761 2992 2993
3 2761 2993 2994
3 2760 2761 2994
3 2760 2994 2762
3 2995 2775 2762
3 2995 2762 2994
3 2763 2767 2996
3 2765 2763 2996
3 2765 2997 2764
3 2766 2764 2998
3 2997 2998 2764
3 2765 2996 2999
3 2997 2765 2999
3 3000 2766 2998
3 2766 3000 2832
3 3001 2996 2767
3 2768 3001 2767
3 3001 2768 3002
3 3003 3002 2768
3 3003 2768 2769
3 3003 2769 2770
3 2773 3004 2770
3 3003 2770 3004
3 2771 2774 3005
3 2771 3005 3006
3 2772 2771 3006
3 2772 3006 3007
3 2773 2772 3007
3 2773 3007 3008
3 2773 3008 3004
3 2774 2775 3009
3 2774 3009 3005
3 2775 2995 3010
3 2775 3010 3009
3 2778 2776 3011
3 2777 3011 2776
3 3012 2777 2831
3 2777 3012 3011
3 2778 3013 3014
3 2778 3014 2779
3 3013 2778 3011
3 2780 2779 3014
3 3014 2781 2780
3 3015 2788 2782
3 3015 2782 2781
3 3015 2781 3016
3 3014 3016 2781
3 2783 2785 3017
3 2783 3017 2784
3 3018 2789 2784
3 3018 2784 3017
3 3019 2785 2786
3 2785 3019 3020
3 2785 3020 3017
3 3019 2786 3021
3 3021 2786 3022
3 2787 3022 2786
3 2787 2788 3023
3 2787 3023 3022
3 3024 3023 2788
3 3024 2788 3015
3 2789 3018 3025
3 2789 3025 2795
3 2792 2827 2790
3 2792 2791 3026
3 3027 3026 2791
3 3027 2791 2793
3 2792 3028 2827
3 2792 3026 3028
3 2793 2794 3029
3 2793 3029 3027
3 3030 3029 2794
3 3030 2794 2795
3 2795 3025 3031
3 2795 3031 3030
3 3032 2833 2796
3 2797 3032 2796
3 2797 2819 3033
3 2797 3033 3034
3 2797 3034 3032
3 3035 2799 3036
3 2799 3035 2800
3 2798 3036 2799
3 2798 3037 3036
3 3037 2798 2803
3 3035 3038 2800
3 3039 2801 2800
3 3039 2800 3038
3 2801 3039 3040
3 2801 3040 2802
3 3041 2805 2802
3 3041 2802 3040
3 3037 2803 3042
3 3042 2803 2804
3 3042 2804 3043
3 2806 3043 2804
3 2805 3041 3044
3 2805 3044 2809
3 2806 2807 3045
3 2806 3045 3046
3 2806 3046 3043
3 2808 3045 2807
3 2808 3047 3045
3 3047 2808 2823
3 3048 2815 2809
3 3048 2809 3044
3 3049 2816 2811
3 3049 2811 3050
3 2810 3050 2811
3 2810 3051 3050
3 2810 2812 3052
3 2810 3052 3051
3 2812 2813 3053
3 2812 3053 3052
3 2813 2814 3054
3 2813 3054 3053
3 2814 2815 3055
3 2814 3055 3054
3 2815 3048 3056
3 2815 3056 3055
3 2816 3049 3057
3 2816 3057 2817
3 3058 2818 2817
3 3058 2817 3057
3 2818 3058 3059
3 2818 3059 2822
3 3060 3061 2819
3 3060 2819 2820
3 3062 3033 2819
3 3062 2819 3061
3 3063 3060 2820
3 3063 2820 2821
3 3064 3063 2821
3 3064 2821 2822
3 3065 3064 2822
3 3065 2822 3059
3 2826 3066 2823
3 3047 2823 3066
3 2824 3067 3068
3 2824 3068 2825
3 3067 2824 2829
3 3069 2826 2825
3 3069 2825 3068
3 2826 3069 3066
3 3070 2828 2827
3 3070 2827 3028
3 3070 2829 2828
3 3067 2829 3071
3 3072 3071 2829
3 3070 3072 2829
3 2830 3073 2831
3 3073 2830 2832
3 3073 3074 2831
3 3012 2831 3074
3 3073 2832 3075
3 3000 3075 2832
3 3076 2834 2833
3 3076 2833 3077
3 3032 3077 2833
3 3078 2835 2834
3 3078 2834 3076
3 3079 2836 2835
3 3079 2835 3078
3 3080 2837 2836
3 3080 2836 3079
3 3081 2838 2837
3 3081 2837 3080
3 2839 3082 2840
3 3082 2839 2838
3 3082 2838 3083
3 3083 2838 3081
3 3082 2843 2840
3 2842 3084 2841
3 3084 3085 2841
3 3086 2841 3085
3 2844 2841 3086
3 2842 2843 3084
3 3082 3087 2843
3 3088 3084 2843
3 3088 2843 3087
3 3089 2844 3086
3 2844 3089 3090
3 2844 3090 2850
3 3091 2845 2850
3 2845 3091 3092
3 2845 3092 2846
3 3093 2847 2846
3 3093 2846 3092
3 2847 3094 2849
3 3093 3094 2847
3 3095 2851 2848
3 3095 2848 3096
3 2849 3096 2848
3 3097 2849 3094
3 2849 3097 3096
3 3091 2850 3090
3 2851 3095 3098
3 2851 3098 2852
3 3099 2857 2852
3 3099 2852 3098
3 2859 2853 3100
3 2853 2854 3101
3 2853 3101 3100
3 2854 2855 3102
3 2854 3102 3101
3 2855 2856 3103
3 2855 3103 3102
3 2856 2857 3104
3 2856 3104 3103
3 2857 3099 3105
3 2857 3105 3104
3 3106 2860 2858
3 2859 3106 2858
3 2859 3100 3107
3 3106 2859 3107
3 3108 2900 2860
3 3106 3108 2860
3 3109 2862 2861
3 3110 3109 2861
3 3110 2861 2864
3 3109 3111 2862
3 3112 2863 2862
3 3111 3112 2862
3 3112 2989 2863
3 3113 3110 2864
3 3113 2864 2865
3 3114 3113 2865
3 3114 2865 2866
3 3115 3114 2866
3 3115 2866 2867
3 3116 3117 2868
3 3116 2868 2870
3 3117 2867 2868
3 3117 3115 2867
3 2869 3118 3119
3 2869 3119 2870
3 2869 2871 3118
3 3120 3116 2870
3 3120 2870 3119
3 3121 3118 2871
3 3121 2871 2876
3 2876 2872 3122
3 3123 3122 2872
3 3123 2872 2874
3 2874 3124 3125
3 2874 3125 3123
3 2873 3124 2874
3 2873 3126 3124
3 2873 2875 3126
3 3127 3126 2875
3 3127 2875 3128
3 2877 3128 2875
3 2876 3122 3121
3 2877 2886 3129
3 3128 2877 3129
3 3130 2879 2878
3 2905 3130 2878
3 3130 3131 2879
3 3131 3132 2879
3 3133 2880 2879
3 3133 2879 3132
3 2884 2880 3134
3 2880 3133 3135
3 2880 3135 3134
3 2885 2881 3136
3 3137 3136 2881
3 3137 2881 2882
3 2883 3138 2882
3 3137 2882 3138
3 3139 3138 2883
3 2884 3139 2883
3 3139 2884 3134
3 3140 2886 2885
3 2885 3136 3140
3 3129 2886 3141
3 3140 3141 2886
3 3142 3143 2887
3 3142 2887 2895
3 2888 2887 3143
3 3144 2889 2888
3 2888 3143 3144
3 2890 2889 3145
3 3144 3145 2889
3 2890 3145 3146
3 2891 2890 3146
3 2892 2891 3147
3 2891 3146 3147
3 2892 3147 3148
3 2892 3148 3149
3 2892 3149 2893
3 3150 2903 2893
3 3150 2893 3149
3 2895 2894 3151
3 2899 3151 2894
3 2895 3151 3152
3 2895 3152 3142
3 3153 2896 2897
3 2896 3153 2898
3 3153 2897 3154
3 3155 3154 2897
3 3155 2897 2901
3 2899 2898 3156
3 3153 3156 2898
3 2899 3157 3151
3 3157 2899 3156
3 3108 3158 2900
3 3158 2901 2900
3 3158 3155 2901
3 2904 2902 3159
3 2902 2903 3160
3 2902 3160 3159
3 2903 3150 3161
3 2903 3161 3160
3 2904 3159 3162
3 2905 2904 3162
3 2905 3162 3163
3 3130 2905 3163
3 2909 2906 3164
3 2907 3165 2906
3 3165 3164 2906
3 2907 2908 3166
3 3165 2907 3166
3 2934 3167 2908
3 3166 2908 3167
3 2909 3164 3168
3 2909 3168 2913
3 2910 3169 3170
3 2910 3170 2911
3 3169 2910 2914
3 3171 2912 2911
3 3171 2911 3170
3 3172 2918 2912
3 3172 2912 3171
3 3173 3174 2914
3 3173 2914 2913
3 3169 2914 3174
3 3175 3173 2913
3 3175 2913 3168
3 2915 2916 3176
3 2915 3176 2927
3 2916 2917 3177
3 2916 3177 3176
3 2917 2925 3178
3 2917 3178 3177
3 2922 2918 3172
3 3179 2920 2919
3 3180 2923 2920
3 3180 2920 3179
3 3179 2919 3181
3 3181 2919 2921
3 3181 2921 3182
3 2922 3182 2921
3 2922 3172 3183
3 2922 3183 3182
3 2923 3180 3184
3 2923 3184 2924
3 3185 2926 2924
3 3185 2924 3184
3 2925 2926 3186
3 2925 3186 3178
3 3185 3186 2926
3 3176 2928 2927
3 3176 2992 2928
3 3187 2930 2929
3 2938 3187 2929
3 3188 2932 2930
3 3187 3188 2930
3 2931 2932 3189
3 2933 2931 3189
3 3188 3190 2932
3 3190 3189 2932
3 2933 3189 3191
3 2934 2933 3191
3 2934 3191 3192
3 3167 2934 3192
3 2938 2935 2937
3 2936 2946 2937
3 2946 3193 2937
3 2938 2937 3193
3 3187 2938 3193
3 3194 2944 2939
3 3194 2939 2940
3 3195 3194 2940
3 3195 2940 2947
3 2941 2944 3196
3 2941 3196 3197
3 2942 2941 3197
3 2942 3197 3198
3 2943 2942 3199
3 3200 3199 2942
3 3200 2942 3198
3 2943 3199 3201
3 2943 3201 2945
3 2944 3194 3202
3 2944 3202 3196
3 3203 2945 3201
3 3204 2946 2945
3 3204 2945 3203
3 2946 3204 3193
3 3205 3195 2947
3 3205 2947 2953
3 2948 2949 2982
3 2948 2982 3206
3 2950 2948 3206
3 2950 3206 3207
3 2951 2950 3207
3 2951 3208 3209
3 2951 3209 2952
3 2951 3207 3208
3 2952 3209 3210
3 2952 3210 2953
3 2953 3210 3211
3 2953 3211 3205
3 2954 2955 3212
3 3213 2954 3212
3 2954 3213 2957
3 3214 3215 2955
3 3214 2955 2956
3 3215 3212 2955
3 3216 3214 2956
3 3216 2956 2958
3 2959 2957 3217
3 3217 2957 3213
3 3218 3216 2958
3 3218 2958 2962
3 2960 2959 3219
3 2959 3217 3219
3 2960 3219 2961
3 3220 2964 2961
3 3220 2961 3219
3 3221 3218 2962
3 3221 2962 2963
3 3222 3221 2963
3 3222 2963 2968
3 2964 3220 3223
3 2964 3223 2965
3 3224 2966 2965
3 3224 2965 3223
3 3224 2967 2966
3 3225 2981 2967
3 3224 3225 2967
3 3226 3222 2968
3 3226 2968 2976
3 3227 2970 2969
3 2969 2977 3228
3 2969 3228 3227
3 2971 2970 3229
3 3227 3229 2970
3 3230 3231 2972
3 3230 2972 2971
3 3232 2973 2972
3 3232 2972 3231
3 2971 3229 3230
3 2973 3232 3233
3 2973 3233 2974
3 3234 2975 2974
3 3234 2974 3233
3 3235 2976 2975
3 3235 2975 3234
3 3235 3226 2976
3 3236 3228 2977
3 3236 2977 2978
3 2978 2985 3237
3 2978 3237 3236
3 3238 2983 2980
3 3239 3238 2980
3 3239 2980 2979
3 3240 3239 2979
3 3240 2979 2981
3 3225 3240 2981
3 2984 3206 2982
3 3238 3241 2983
3 3241 3242 2983
3 2984 2983 3242
3 3243 2984 3242
3 2984 3243 3206
3 3244 3237 2985
3 3244 2985 2991
3 2986 3245 3246
3 2986 3246 2987
3 3245 2986 2988
3 3247 2990 2987
3 3247 2987 3246
3 3245 2988 3248
3 2989 3248 2988
3 2989 3112 3249
3 2989 3249 3250
3 2989 3250 3248
3 2990 3247 3251
3 2990 3251 2991
3 2991 3251 3252
3 2991 3252 3244
3 2992 3176 3177
3 2992 3177 2993
3 3253 2995 2994
3 3253 2994 2993
3 3178 3253 2993
3 3178 2993 3177
3 2995 3253 3254
3 2995 3254 3010
3 3255 2999 2996
3 3001 3255 2996
3 2997 2999 3256
3 3257 2997 3256
3 2997 3257 2998
3 3000 2998 3258
3 3257 3258 2998
3 3259 3256 2999
3 3255 3259 2999
3 3000 3260 3075
3 3260 3000 3258
3 3001 3002 3261
3 3255 3001 3261
3 3262 3261 3002
3 3263 3262 3002
3 3263 3002 3003
3 3003 3004 3264
3 3003 3264 3263
3 3264 3004 3008
3 3006 3005 3265
3 3006 3265 3266
3 3266 3007 3006
3 3267 3265 3005
3 3267 3005 3009
3 3266 3268 3007
3 3268 3008 3007
3 3264 3008 3269
3 3268 3269 3008
3 3270 3267 3009
3 3270 3009 3010
3 3271 3270 3010
3 3271 3010 3254
3 3012 3272 3011
3 3013 3011 3272
3 3012 3273 3272
3 3273 3012 3074
3 3013 3274 3016
3 3013 3016 3014
3 3274 3013 3272
3 3015 3016 3024
3 3274 3024 3016
3 3275 3018 3017
3 3275 3017 3020
3 3018 3275 3276
3 3018 3276 3025
3 3277 3019 3021
3 3019 3277 3278
3 3019 3278 3020
3 3279 3275 3020
3 3279 3020 3278
3 3277 3021 3280
3 3021 3281 3282
3 3021 3282 3280
3 3021 3022 3281
3 3283 3281 3022
3 3283 3022 3023
3 3283 3023 3284
3 3285 3284 3023
3 3285 3023 3024
3 3274 3285 3024
3 3286 3031 3025
3 3286 3025 3276
3 3070 3028 3026
3 3070 3026 3287
3 3027 3287 3026
3 3027 3288 3287
3 3288 3027 3029
3 3289 3290 3029
3 3289 3029 3030
3 3288 3029 3290
3 3030 3031 3291
3 3030 3291 3289
3 3292 3291 3031
3 3292 3031 3286
3 3032 3034 3293
3 3032 3293 3077
3 3294 3293 3034
3 3294 3034 3295
3 3033 3296 3034
3 3295 3034 3296
3 3033 3062 3296
3 3035 3036 3297
3 3298 3035 3297
3 3035 3298 3038
3 3297 3036 3299
3 3299 3036 3037
3 3042 3300 3037
3 3299 3037 3300
3 3301 3039 3038
3 3301 3038 3302
3 3298 3302 3038
3 3039 3301 3303
3 3039 3303 3040
3 3304 3041 3040
3 3304 3040 3303
3 3041 3304 3305
3 3041 3305 3044
3 3042 3043 3300
3 3043 3046 3306
3 3043 3306 3300
3 3307 3048 3044
3 3307 3044 3305
3 3308 3306 3046
3 3308 3046 3045
3 3309 3308 3045
3 3309 3045 3047
3 3309 3047 3066
3 3048 3307 3310
3 3048 3310 3056
3 3311 3057 3049
3 3311 3049 3312
3 3312 3049 3050
3 3313 3050 3051
3 3312 3050 3313
3 3313 3051 3314
3 3314 3051 3052
3 3314 3052 3315
3 3316 3315 3052
3 3316 3052 3053
3 3317 3316 3053
3 3317 3053 3054
3 3318 3317 3054
3 3318 3054 3055
3 3055 3056 3319
3 3055 3319 3318
3 3310 3319 3056
3 3320 3058 3057
3 3320 3057 3311
3 3321 3059 3058
3 3321 3058 3320
3 3322 3065 3059
3 3322 3059 3321
3 3060 3063 3323
3 3060 3323 3324
3 3061 3060 3324
3 3061 3324 3325
3 3062 3061 3325
3 3062 3325 3326
3 3062 3326 3327
3 3062 3327 3296
3 3063 3064 3328
3 3063 3328 3323
3 3064 3065 3329
3 3064 3329 3328
3 3330 3329 3065
3 3330 3065 3322
3 3069 3331 3066
3 3309 3066 3331
3 3067 3332 3333
3 3067 3333 3068
3 3332 3067 3071
3 3334 3069 3068
3 3334 3068 3333
3 3069 3334 3331
3 3072 3070 3287
3 3332 3071 3335
3 3336 3335 3071
3 3072 3336 3071
3 3072 3287 3337
3 3336 3072 3337
3 3073 3338 3074
3 3338 3073 3075
3 3273 3074 3339
3 3338 3339 3074
3 3338 3075 3340
3 3260 3340 3075
3 3077 3293 3341
3 3077 3341 3076
3 3076 3341 3342
3 3076 3342 3078
3 3079 3078 3342
3 3079 3342 3343
3 3080 3079 3343
3 3080 3343 3344
3 3080 3344 3345
3 3080 3345 3081
3 3083 3081 3346
3 3347 3346 3081
3 3347 3081 3345
3 3087 3082 3083
3 3087 3083 3348
3 3346 3348 3083
3 3084 3088 3085
3 3088 3349 3085
3 3086 3085 3350
3 3351 3350 3085
3 3351 3085 3349
3 3352 3353 3086
3 3352 3086 3350
3 3089 3086 3353
3 3354 3088 3087
3 3354 3087 3348
3 3088 3354 3349
3 3355 3089 3353
3 3089 3355 3356
3 3089 3356 3090
3 3357 3091 3090
3 3357 3090 3356
3 3091 3357 3358
3 3091 3358 3092
3 3359 3093 3092
3 3359 3092 3358
3 3359 3360 3093
3 3093 3360 3094
3 3097 3094 3361
3 3360 3361 3094
3 3362 3095 3096
3 3095 3362 3363
3 3095 3363 3098
3 3362 3096 3364
3 3365 3364 3096
3 3365 3096 3097
3 3365 3097 3361
3 3366 3099 3098
3 3366 3098 3363
3 3099 3366 3367
3 3099 3367 3105
3 3368 3107 3100
3 3369 3368 3100
3 3369 3100 3101
3 3370 3369 3101
3 3370 3101 3102
3 3371 3370 3102
3 3371 3102 3103
3 3103 3104 3372
3 3103 3372 3371
3 3373 3372 3104
3 3373 3104 3105
3 3374 3373 3105
3 3374 3105 3367
3 3108 3106 3375
3 3106 3107 3375
3 3376 3375 3107
3 3368 3376 3107
3 3108 3375 3377
3 3158 3108 3377
3 3109 3110 3378
3 3109 3378 3379
3 3111 3109 3379
3 3110 3113 3380
3 3110 3380 3378
3 3111 3379 3381
3 3111 3382 3112
3 3382 3111 3381
3 3383 3249 3112
3 3383 3112 3382
3 3113 3114 3384
3 3113 3384 3380
3 3114 3115 3385
3 3114 3385 3384
3 3115 3117 3386
3 3115 3386 3385
3 3116 3120 3387
3 3116 3387 3388
3 3117 3116 3388
3 3117 3388 3386
3 3121 3119 3118
3 3389 3120 3119
3 3121 3389 3119
3 3390 3387 3120
3 3389 3390 3120
3 3389 3121 3122
3 3389 3122 3391
3 3123 3391 3122
3 3123 3392 3391
3 3392 3123 3125
3 3393 3125 3124
3 3393 3124 3394
3 3126 3394 3124
3 3392 3125 3395
3 3393 3395 3125
3 3126 3127 3394
3 3127 3396 3397
3 3127 3397 3394
3 3396 3127 3128
3 3396 3128 3398
3 3128 3129 3398
3 3399 3398 3129
3 3129 3141 3399
3 3130 3163 3400
3 3131 3130 3400
3 3131 3400 3401
3 3131 3402 3132
3 3402 3131 3401
3 3402 3403 3132
3 3404 3133 3132
3 3404 3132 3403
3 3133 3404 3405
3 3133 3405 3135
3 3139 3134 3406
3 3407 3406 3134
3 3407 3134 3135
3 3408 3407 3135
3 3408 3135 3405
3 3409 3140 3136
3 3409 3136 3410
3 3411 3410 3136
3 3411 3136 3137
3 3137 3138 3412
3 3411 3137 3412
3 3139 3413 3138
3 3413 3412 3138
3 3413 3139 3406
3 3409 3141 3140
3 3414 3399 3141
3 3414 3141 3415
3 3409 3415 3141
3 3416 3417 3143
3 3416 3143 3142
3 3417 3144 3143
3 3418 3416 3142
3 3418 3142 3152
3 3419 3145 3144
3 3417 3419 3144
3 3420 3146 3145
3 3419 3420 3145
3 3421 3147 3146
3 3420 3421 3146
3 3421 3422 3147
3 3422 3148 3147
3 3423 3149 3148
3 3423 3148 3424
3 3422 3424 3148
3 3425 3150 3149
3 3425 3149 3423
3 3150 3425 3426
3 3150 3426 3161
3 3427 3152 3151
3 3427 3151 3157
3 3428 3418 3152
3 3428 3152 3427
3 3429 3153 3154
3 3153 3429 3156
3 3429 3154 3430
3 3154 3155 3431
3 3154 3431 3430
3 3155 3158 3432
3 3155 3432 3431
3 3157 3156 3433
3 3433 3156 3429
3 3157 3433 3434
3 3157 3434 3427
3 3158 3377 3432
3 3435 3159 3160
3 3435 3162 3159
3 3435 3160 3436
3 3437 3436 3160
3 3437 3160 3161
3 3438 3437 3161
3 3438 3161 3426
3 3439 3163 3162
3 3435 3439 3162
3 3440 3400 3163
3 3439 3440 3163
3 3441 3168 3164
3 3441 3164 3442
3 3165 3442 3164
3 3165 3166 3443
3 3442 3165 3443
3 3444 3443 3166
3 3166 3167 3444
3 3167 3192 3445
3 3444 3167 3445
3 3446 3175 3168
3 3446 3168 3441
3 3169 3447 3448
3 3169 3448 3170
3 3447 3169 3174
3 3170 3448 3449
3 3170 3449 3171
3 3171 3449 3450
3 3171 3450 3172
3 3451 3183 3172
3 3451 3172 3450
3 3173 3175 3452
3 3173 3452 3453
3 3174 3173 3453
3 3174 3453 3454
3 3447 3174 3454
3 3175 3446 3455
3 3175 3455 3452
3 3253 3178 3186
3 3181 3456 3179
3 3457 3180 3179
3 3457 3179 3456
3 3457 3184 3180
3 3182 3458 3181
3 3181 3458 3456
3 3182 3459 3458
3 3183 3459 3182
3 3183 3451 3459
3 3460 3185 3184
3 3460 3184 3461
3 3457 3461 3184
3 3460 3462 3185
3 3185 3462 3186
3 3271 3254 3186
3 3271 3186 3462
3 3253 3186 3254
3 3188 3187 3463
3 3187 3193 3463
3 3188 3463 3464
3 3190 3188 3464
3 3465 3191 3189
3 3190 3465 3189
3 3190 3464 3466
3 3465 3190 3466
3 3467 3192 3191
3 3467 3191 3468
3 3465 3468 3191
3 3192 3467 3469
3 3192 3469 3445
3 3204 3463 3193
3 3194 3195 3470
3 3194 3470 3202
3 3471 3470 3195
3 3471 3195 3205
3 3472 3473 3196
3 3472 3196 3202
3 3473 3197 3196
3 3474 3198 3197
3 3473 3474 3197
3 3475 3200 3198
3 3475 3198 3476
3 3474 3476 3198
3 3199 3200 3477
3 3199 3477 3201
3 3478 3477 3200
3 3478 3200 3475
3 3203 3201 3479
3 3480 3479 3201
3 3480 3201 3477
3 3481 3472 3202
3 3481 3202 3470
3 3203 3479 3482
3 3203 3482 3483
3 3484 3204 3203
3 3484 3203 3483
3 3204 3484 3463
3 3205 3211 3485
3 3205 3485 3471
3 3243 3207 3206
3 3486 3208 3207
3 3243 3486 3207
3 3487 3209 3208
3 3487 3208 3488
3 3486 3488 3208
3 3489 3210 3209
3 3489 3209 3487
3 3490 3211 3210
3 3490 3210 3489
3 3211 3490 3491
3 3211 3491 3485
3 3213 3212 3492
3 3493 3492 3212
3 3215 3493 3212
3 3492 3494 3213
3 3217 3213 3494
3 3214 3216 3495
3 3214 3495 3496
3 3215 3214 3496
3 3215 3496 3497
3 3493 3215 3497
3 3216 3218 3498
3 3216 3498 3495
3 3499 3217 3494
3 3499 3219 3217
3 3218 3221 3500
3 3218 3500 3498
3 3499 3220 3219
3 3499 3223 3220
3 3221 3222 3501
3 3221 3501 3500
3 3222 3226 3502
3 3222 3502 3501
3 3499 3503 3223
3 3224 3223 3503
3 3224 3503 3504
3 3225 3224 3504
3 3240 3225 3505
3 3225 3504 3505
3 3506 3502 3226
3 3506 3226 3507
3 3235 3507 3226
3 3227 3508 3509
3 3227 3509 3229
3 3508 3227 3228
3 3508 3228 3510
3 3236 3510 3228
3 3511 3230 3229
3 3511 3229 3509
3 3230 3511 3512
3 3230 3512 3231
3 3513 3232 3231
3 3513 3231 3512
3 3513 3233 3232
3 3513 3514 3233
3 3233 3514 3515
3 3233 3515 3234
3 3235 3234 3515
3 3235 3515 3516
3 3507 3235 3516
3 3236 3517 3510
3 3517 3236 3237
3 3517 3237 3518
3 3244 3518 3237
3 3238 3239 3519
3 3238 3519 3520
3 3241 3238 3520
3 3239 3240 3521
3 3239 3521 3519
3 3240 3505 3521
3 3241 3520 3522
3 3523 3241 3522
3 3241 3523 3242
3 3523 3524 3242
3 3243 3242 3524
3 3486 3243 3524
3 3244 3525 3518
3 3525 3244 3252
3 3526 3245 3248
3 3245 3526 3527
3 3245 3527 3246
3 3528 3247 3246
3 3528 3246 3527
3 3247 3528 3529
3 3247 3529 3251
3 3526 3248 3530
3 3250 3530 3248
3 3531 3532 3249
3 3531 3249 3383
3 3533 3250 3249
3 3533 3249 3534
3 3534 3249 3532
3 3250 3533 3530
3 3535 3252 3251
3 3535 3251 3529
3 3525 3252 3536
3 3535 3536 3252
3 3255 3537 3538
3 3255 3538 3259
3 3255 3261 3537
3 3259 3539 3256
3 3257 3256 3540
3 3539 3540 3256
3 3541 3257 3540
3 3257 3541 3258
3 3260 3258 3542
3 3542 3258 3541
3 3259 3538 3543
3 3259 3543 3539
3 3260 3544 3340
3 3544 3260 3542
3 3545 3537 3261
3 3262 3545 3261
3 3545 3262 3546
3 3547 3546 3262
3 3547 3262 3263
3 3263 3264 3548
3 3263 3548 3547
3 3264 3269 3549
3 3264 3549 3548
3 3266 3265 3550
3 3265 3267 3551
3 3265 3551 3550
3 3266 3550 3552
3 3552 3268 3266
3 3270 3551 3267
3 3552 3553 3268
3 3269 3268 3553
3 3269 3553 3549
3 3270 3271 3554
3 3270 3554 3555
3 3270 3555 3551
3 3462 3554 3271
3 3273 3556 3272
3 3274 3272 3556
3 3273 3557 3556
3 3557 3273 3339
3 3285 3274 3556
3 3275 3279 3558
3 3275 3558 3276
3 3276 3558 3559
3 3276 3559 3286
3 3560 3279 3278
3 3560 3278 3561
3 3277 3561 3278
3 3277 3562 3561
3 3562 3277 3280
3 3279 3560 3563
3 3279 3563 3558
3 3564 3565 3280
3 3564 3280 3282
3 3562 3280 3565
3 3281 3283 3566
3 3281 3566 3282
3 3282 3566 3567
3 3282 3567 3564
3 3283 3284 3568
3 3283 3568 3569
3 3283 3569 3566
3 3570 3568 3284
3 3570 3284 3571
3 3284 3285 3572
3 3284 3572 3571
3 3285 3556 3572
3 3286 3559 3573
3 3286 3573 3292
3 3288 3337 3287
3 3288 3574 3337
3 3574 3288 3290
3 3575 3290 3289
3 3289 3291 3576
3 3289 3576 3575
3 3575 3577 3290
3 3574 3290 3577
3 3578 3576 3291
3 3578 3291 3292
3 3579 3578 3292
3 3579 3292 3573
3 3293 3294 3580
3 3293 3580 3341
3 3294 3581 3582
3 3294 3582 3580
3 3581 3294 3295
3 3581 3295 3583
3 3584 3583 3295
3 3295 3296 3584
3 3296 3327 3585
3 3296 3585 3584
3 3298 3297 3586
3 3586 3297 3587
3 3297 3299 3587
3 3298 3588 3302
3 3588 3298 3586
3 3299 3300 3306
3 3299 3306 3589
3 3589 3587 3299
3 3301 3590 3591
3 3301 3591 3303
3 3590 3301 3302
3 3590 3302 3592
3 3588 3592 3302
3 3593 3304 3303
3 3593 3303 3591
3 3304 3593 3594
3 3304 3594 3305
3 3595 3307 3305
3 3595 3305 3594
3 3308 3589 3306
3 3307 3595 3596
3 3307 3596 3310
3 3308 3597 3589
3 3309 3597 3308
3 3309 3598 3597
3 3598 3309 3331
3 3310 3599 3319
3 3310 3596 3600
3 3310 3600 3599
3 3311 3312 3601
3 3311 3601 3602
3 3320 3311 3602
3 3312 3313 3603
3 3312 3603 3601
3 3313 3314 3604
3 3313 3604 3603
3 3314 3315 3605
3 3314 3605 3604
3 3315 3316 3606
3 3315 3606 3605
3 3317 3606 3316
3 3317 3607 3606
3 3608 3607 3317
3 3608 3317 3318
3 3608 3318 3319
3 3608 3319 3609
3 3599 3609 3319
3 3320 3602 3610
3 3321 3320 3610
3 3321 3610 3611
3 3322 3321 3611
3 3322 3611 3612
3 3330 3322 3612
3 3613 3614 3323
3 3613 3323 3328
3 3614 3324 3323
3 3615 3325 3324
3 3614 3615 3324
3 3615 3616 3325
3 3616 3326 3325
3 3617 3327 3326
3 3616 3617 3326
3 3618 3585 3327
3 3618 3327 3619
3 3617 3620 3327
3 3619 3327 3620
3 3621 3613 3328
3 3621 3328 3329
3 3622 3621 3329
3 3622 3329 3330
3 3330 3612 3623
3 3622 3330 3623
3 3334 3624 3331
3 3598 3331 3624
3 3332 3625 3626
3 3332 3626 3333
3 3625 3332 3335
3 3627 3334 3333
3 3627 3333 3626
3 3334 3627 3624
3 3625 3335 3628
3 3629 3628 3335
3 3336 3629 3335
3 3629 3336 3630
3 3336 3337 3630
3 3574 3630 3337
3 3631 3338 3340
3 3338 3631 3339
3 3557 3339 3632
3 3631 3632 3339
3 3633 3634 3340
3 3633 3340 3544
3 3631 3340 3634
3 3635 3342 3341
3 3635 3341 3580
3 3342 3635 3636
3 3342 3636 3343
3 3637 3344 3343
3 3637 3343 3636
3 3638 3347 3345
3 3638 3345 3639
3 3344 3639 3345
3 3344 3637 3639
3 3346 3347 3640
3 3346 3640 3641
3 3346 3641 3348
3 3347 3638 3642
3 3347 3642 3640
3 3643 3354 3348
3 3643 3348 3641
3 3644 3349 3354
3 3645 3351 3349
3 3645 3349 3644
3 3646 3647 3351
3 3646 3351 3645
3 3647 3350 3351
3 3648 3352 3350
3 3648 3350 3647
3 3352 3648 3649
3 3352 3649 3650
3 3353 3352 3650
3 3353 3650 3651
3 3355 3353 3651
3 3644 3354 3643
3 3652 3356 3355
3 3652 3355 3653
3 3653 3355 3651
3 3654 3357 3356
3 3654 3356 3652
3 3655 3358 3357
3 3655 3357 3654
3 3656 3359 3358
3 3656 3358 3655
3 3359 3657 3360
3 3656 3657 3359
3 3658 3360 3657
3 3360 3658 3361
3 3365 3361 3659
3 3658 3659 3361
3 3660 3366 3363
3 3660 3363 3661
3 3362 3661 3363
3 3662 3362 3364
3 3362 3662 3661
3 3662 3364 3663
3 3664 3663 3364
3 3665 3664 3364
3 3665 3364 3365
3 3666 3665 3365
3 3666 3365 3659
3 3366 3660 3667
3 3366 3667 3367
3 3668 3374 3367
3 3668 3367 3667
3 3368 3669 3670
3 3368 3670 3376
3 3369 3669 3368
3 3370 3671 3369
3 3369 3671 3669
3 3371 3672 3370
3 3370 3672 3671
3 3673 3371 3372
3 3371 3673 3672
3 3373 3674 3372
3 3673 3372 3674
3 3373 3374 3675
3 3373 3675 3676
3 3373 3676 3674
3 3374 3668 3677
3 3374 3677 3675
3 3376 3678 3375
3 3678 3377 3375
3 3376 3670 3679
3 3376 3679 3678
3 3680 3432 3377
3 3678 3680 3377
3 3681 3379 3378
3 3682 3681 3378
3 3682 3378 3380
3 3683 3381 3379
3 3681 3683 3379
3 3684 3682 3380
3 3684 3380 3384
3 3683 3685 3381
3 3382 3381 3383
3 3686 3383 3381
3 3685 3686 3381
3 3686 3531 3383
3 3687 3684 3384
3 3687 3384 3385
3 3687 3385 3386
3 3688 3689 3386
3 3690 3688 3386
3 3690 3386 3388
3 3687 3386 3689
3 3691 3388 3387
3 3692 3691 3387
3 3390 3692 3387
3 3691 3690 3388
3 3390 3389 3391
3 3390 3391 3693
3 3692 3390 3693
3 3392 3693 3391
3 3694 3392 3395
3 3392 3694 3693
3 3695 3696 3393
3 3393 3696 3395
3 3695 3393 3394
3 3695 3394 3397
3 3694 3395 3697
3 3696 3697 3395
3 3698 3695 3397
3 3698 3397 3699
3 3396 3699 3397
3 3396 3700 3699
3 3700 3396 3398
3 3700 3398 3701
3 3399 3701 3398
3 3414 3701 3399
3 3702 3401 3400
3 3440 3702 3400
3 3702 3703 3401
3 3402 3401 3703
3 3402 3704 3403
3 3704 3402 3703
3 3704 3705 3403
3 3706 3404 3403
3 3706 3403 3705
3 3404 3706 3707
3 3404 3707 3405
3 3708 3408 3405
3 3708 3405 3707
3 3413 3406 3709
3 3406 3407 3710
3 3406 3710 3709
3 3407 3408 3711
3 3407 3711 3710
3 3408 3708 3712
3 3408 3712 3711
3 3713 3415 3409
3 3713 3409 3410
3 3713 3410 3714
3 3715 3714 3410
3 3715 3410 3411
3 3411 3412 3716
3 3715 3411 3716
3 3717 3716 3412
3 3717 3412 3718
3 3413 3718 3412
3 3413 3709 3719
3 3413 3719 3718
3 3414 3720 3701
3 3721 3720 3414
3 3721 3414 3415
3 3721 3415 3722
3 3713 3722 3415
3 3416 3418 3723
3 3416 3723 3724
3 3417 3416 3724
3 3417 3724 3725
3 3419 3417 3725
3 3418 3428 3726
3 3418 3726 3723
3 3419 3725 3727
3 3420 3419 3727
3 3421 3420 3728
3 3420 3727 3728
3 3421 3728 3729
3 3422 3421 3729
3 3422 3729 3730
3 3424 3422 3730
3 3424 3731 3423
3 3732 3425 3423
3 3732 3423 3731
3 3424 3730 3733
3 3424 3733 3731
3 3425 3732 3734
3 3425 3734 3426
3 3438 3426 3734
3 3735 3428 3427
3 3735 3427 3434
3 3428 3735 3736
3 3428 3736 3726
3 3433 3429 3737
3 3737 3429 3430
3 3737 3430 3738
3 3739 3738 3430
3 3739 3430 3431
3 3431 3432 3740
3 3431 3740 3739
3 3680 3740 3432
3 3433 3737 3741
3 3433 3741 3434
3 3742 3735 3434
3 3742 3434 3741
3 3743 3435 3436
3 3435 3743 3744
3 3435 3744 3439
3 3743 3436 3437
3 3743 3437 3438
3 3438 3734 3745
3 3746 3438 3745
3 3743 3438 3746
3 3440 3439 3744
3 3702 3440 3747
3 3440 3744 3747
3 3442 3748 3441
3 3749 3446 3441
3 3749 3441 3748
3 3442 3443 3750
3 3442 3750 3748
3 3444 3751 3443
3 3750 3443 3751
3 3752 3751 3444
3 3444 3445 3752
3 3753 3752 3445
3 3753 3445 3469
3 3446 3749 3754
3 3446 3754 3455
3 3755 3448 3447
3 3755 3449 3448
3 3755 3447 3756
3 3757 3756 3447
3 3757 3447 3454
3 3758 3450 3449
3 3755 3758 3449
3 3758 3759 3450
3 3760 3451 3450
3 3760 3450 3759
3 3451 3760 3761
3 3451 3761 3459
3 3762 3454 3453
3 3763 3762 3453
3 3763 3453 3452
3 3764 3763 3452
3 3765 3764 3452
3 3765 3452 3455
3 3762 3757 3454
3 3455 3754 3766
3 3455 3766 3765
3 3767 3456 3458
3 3767 3768 3456
3 3768 3457 3456
3 3769 3461 3457
3 3768 3769 3457
3 3767 3458 3770
3 3770 3458 3459
3 3770 3459 3761
3 3460 3771 3462
3 3772 3771 3460
3 3460 3461 3773
3 3460 3773 3772
3 3769 3773 3461
3 3462 3771 3554
3 3484 3464 3463
3 3774 3466 3464
3 3484 3774 3464
3 3465 3466 3775
3 3465 3775 3776
3 3465 3776 3468
3 3775 3466 3777
3 3774 3777 3466
3 3778 3467 3468
3 3467 3778 3779
3 3467 3779 3469
3 3778 3468 3776
3 3780 3753 3469
3 3780 3469 3779
3 3781 3481 3470
3 3781 3470 3471
3 3782 3781 3471
3 3782 3471 3485
3 3481 3783 3472
3 3473 3472 3783
3 3473 3783 3784
3 3473 3784 3785
3 3473 3785 3474
3 3476 3474 3785
3 3475 3476 3786
3 3475 3786 3787
3 3475 3787 3788
3 3475 3788 3478
3 3476 3785 3786
3 3789 3480 3477
3 3789 3477 3478
3 3790 3789 3478
3 3790 3478 3788
3 3479 3480 3791
3 3479 3791 3482
3 3480 3789 3792
3 3480 3792 3791
3 3481 3793 3783
3 3481 3781 3794
3 3481 3794 3793
3 3795 3483 3482
3 3796 3795 3482
3 3796 3482 3791
3 3774 3484 3483
3 3774 3483 3797
3 3795 3797 3483
3 3798 3782 3485
3 3798 3485 3491
3 3486 3524 3799
3 3488 3486 3799
3 3488 3800 3487
3 3487 3800 3801
3 3487 3801 3489
3 3488 3802 3800
3 3488 3799 3802
3 3803 3490 3489
3 3803 3489 3801
3 3490 3803 3804
3 3490 3804 3491
3 3805 3798 3491
3 3805 3491 3804
3 3493 3806 3492
3 3492 3807 3494
3 3807 3492 3806
3 3493 3497 3808
3 3806 3493 3808
3 3499 3494 3809
3 3807 3809 3494
3 3810 3811 3495
3 3810 3495 3498
3 3811 3496 3495
3 3812 3497 3496
3 3811 3812 3496
3 3813 3808 3497
3 3814 3813 3497
3 3812 3814 3497
3 3815 3810 3498
3 3815 3498 3500
3 3809 3503 3499
3 3816 3815 3500
3 3816 3500 3501
3 3817 3816 3501
3 3817 3501 3502
3 3818 3817 3502
3 3818 3502 3506
3 3819 3504 3503
3 3809 3819 3503
3 3820 3505 3504
3 3819 3820 3504
3 3820 3821 3505
3 3821 3521 3505
3 3507 3516 3822
3 3506 3507 3822
3 3506 3822 3823
3 3818 3506 3823
3 3824 3511 3509
3 3824 3509 3825
3 3508 3825 3509
3 3508 3826 3825
3 3826 3508 3510
3 3826 3510 3827
3 3517 3827 3510
3 3511 3824 3828
3 3511 3828 3512
3 3829 3513 3512
3 3829 3512 3828
3 3830 3514 3513
3 3830 3513 3829
3 3830 3515 3514
3 3831 3516 3515
3 3830 3831 3515
3 3831 3832 3516
3 3832 3822 3516
3 3517 3833 3827
3 3833 3517 3518
3 3833 3518 3834
3 3525 3834 3518
3 3835 3520 3519
3 3836 3835 3519
3 3836 3519 3521
3 3837 3522 3520
3 3835 3837 3520
3 3821 3836 3521
3 3838 3839 3522
3 3837 3838 3522
3 3523 3522 3839
3 3840 3523 3839
3 3523 3840 3524
3 3840 3799 3524
3 3525 3841 3834
3 3841 3525 3536
3 3842 3528 3527
3 3842 3527 3843
3 3526 3843 3527
3 3844 3526 3530
3 3526 3844 3843
3 3528 3842 3845
3 3528 3845 3529
3 3846 3535 3529
3 3846 3529 3845
3 3844 3530 3847
3 3533 3847 3530
3 3531 3686 3848
3 3531 3848 3849
3 3532 3531 3849
3 3532 3849 3850
3 3534 3532 3851
3 3851 3532 3850
3 3852 3533 3534
3 3533 3852 3847
3 3852 3534 3853
3 3534 3851 3854
3 3534 3854 3853
3 3535 3846 3855
3 3535 3855 3856
3 3535 3856 3536
3 3857 3858 3536
3 3857 3536 3856
3 3841 3536 3858
3 3859 3538 3537
3 3538 3859 3860
3 3538 3860 3543
3 3859 3537 3861
3 3545 3861 3537
3 3539 3543 3862
3 3539 3862 3863
3 3539 3863 3540
3 3541 3540 3864
3 3863 3864 3540
3 3542 3541 3865
3 3865 3541 3864
3 3544 3542 3866
3 3865 3866 3542
3 3867 3862 3543
3 3867 3543 3860
3 3868 3633 3544
3 3868 3544 3866
3 3545 3546 3869
3 3861 3545 3869
3 3869 3546 3870
3 3547 3870 3546
3 3547 3871 3870
3 3871 3547 3548
3 3871 3548 3872
3 3873 3872 3548
3 3873 3548 3549
3 3874 3873 3549
3 3874 3549 3553
3 3552 3550 3875
3 3876 3875 3550
3 3551 3876 3550
3 3551 3877 3876
3 3877 3551 3555
3 3552 3875 3878
3 3878 3553 3552
3 3878 3874 3553
3 3879 3555 3554
3 3879 3554 3880
3 3880 3554 3771
3 3877 3555 3879
3 3557 3572 3556
3 3557 3881 3572
3 3881 3557 3632
3 3882 3559 3558
3 3882 3558 3563
3 3559 3882 3883
3 3559 3883 3573
3 3884 3563 3560
3 3884 3560 3561
3 3884 3561 3885
3 3886 3885 3561
3 3886 3561 3562
3 3886 3562 3565
3 3884 3887 3563
3 3888 3882 3563
3 3888 3563 3887
3 3564 3567 3889
3 3564 3889 3890
3 3564 3890 3891
3 3564 3891 3565
3 3886 3565 3891
3 3892 3567 3566
3 3892 3566 3569
3 3567 3892 3893
3 3567 3893 3889
3 3568 3570 3894
3 3568 3894 3569
3 3895 3892 3569
3 3895 3569 3894
3 3570 3896 3897
3 3570 3897 3894
3 3896 3570 3571
3 3881 3898 3571
3 3881 3571 3572
3 3896 3571 3898
3 3899 3579 3573
3 3899 3573 3883
3 3574 3900 3630
3 3900 3574 3577
3 3576 3578 3901
3 3576 3901 3902
3 3575 3576 3902
3 3903 3577 3575
3 3575 3902 3903
3 3903 3904 3577
3 3900 3577 3904
3 3578 3579 3905
3 3578 3905 3901
3 3579 3899 3906
3 3579 3906 3905
3 3907 3635 3580
3 3907 3580 3582
3 3581 3908 3909
3 3581 3909 3582
3 3908 3581 3583
3 3910 3907 3582
3 3910 3582 3909
3 3908 3583 3911
3 3584 3585 3583
3 3585 3912 3583
3 3912 3911 3583
3 3585 3618 3912
3 3588 3586 3913
3 3913 3586 3914
3 3586 3587 3914
3 3915 3914 3587
3 3589 3915 3587
3 3588 3916 3592
3 3916 3588 3913
3 3915 3589 3597
3 3917 3593 3591
3 3917 3591 3918
3 3590 3918 3591
3 3590 3919 3918
3 3919 3590 3592
3 3916 3920 3592
3 3920 3921 3592
3 3919 3592 3921
3 3593 3917 3922
3 3593 3922 3594
3 3923 3595 3594
3 3923 3594 3922
3 3595 3923 3924
3 3595 3924 3596
3 3925 3600 3596
3 3925 3596 3924
3 3598 3926 3597
3 3915 3597 3926
3 3927 3598 3624
3 3598 3927 3926
3 3599 3928 3609
3 3928 3599 3600
3 3928 3600 3929
3 3925 3929 3600
3 3930 3602 3601
3 3601 3603 3931
3 3601 3931 3930
3 3930 3932 3602
3 3610 3602 3932
3 3933 3931 3603
3 3933 3603 3604
3 3604 3605 3934
3 3604 3934 3933
3 3935 3934 3605
3 3935 3605 3606
3 3606 3607 3936
3 3606 3936 3935
3 3608 3936 3607
3 3937 3608 3609
3 3608 3937 3936
3 3937 3609 3938
3 3928 3938 3609
3 3939 3611 3610
3 3610 3932 3939
3 3939 3940 3611
3 3612 3611 3940
3 3941 3623 3612
3 3612 3940 3941
3 3613 3621 3942
3 3613 3942 3943
3 3614 3613 3943
3 3614 3943 3944
3 3615 3614 3944
3 3615 3944 3945
3 3616 3615 3945
3 3616 3945 3946
3 3617 3616 3946
3 3617 3946 3947
3 3620 3617 3947
3 3618 3948 3949
3 3618 3949 3912
3 3948 3618 3619
3 3948 3619 3950
3 3951 3950 3619
3 3619 3620 3951
3 3620 3947 3952
3 3953 3951 3620
3 3953 3620 3952
3 3621 3622 3954
3 3621 3954 3942
3 3622 3623 3955
3 3622 3955 3956
3 3622 3956 3954
3 3957 3955 3623
3 3957 3623 3958
3 3941 3958 3623
3 3927 3624 3959
3 3627 3959 3624
3 3960 3625 3628
3 3625 3960 3961
3 3625 3961 3626
3 3962 3627 3626
3 3962 3626 3961
3 3627 3962 3959
3 3963 3964 3628
3 3960 3628 3964
3 3629 3963 3628
3 3629 3630 3965
3 3963 3629 3965
3 3900 3965 3630
3 3631 3634 3966
3 3631 3966 3967
3 3631 3967 3632
3 3967 3968 3632
3 3881 3632 3968
3 3633 3868 3969
3 3633 3969 3970
3 3634 3633 3970
3 3634 3970 3966
3 3635 3907 3971
3 3635 3971 3636
3 3972 3637 3636
3 3972 3636 3971
3 3637 3972 3973
3 3637 3973 3639
3 3974 3638 3639
3 3638 3974 3975
3 3638 3975 3642
3 3974 3639 3973
3 3642 3976 3640
3 3643 3641 3640
3 3643 3640 3976
3 3977 3642 3975
3 3642 3977 3976
3 3644 3643 3976
3 3644 3976 3978
3 3645 3644 3978
3 3645 3978 3979
3 3646 3645 3979
3 3646 3979 3980
3 3981 3647 3646
3 3981 3646 3980
3 3981 3648 3647
3 3648 3981 3982
3 3648 3982 3649
3 3983 3984 3649
3 3983 3649 3982
3 3984 3650 3649
3 3985 3651 3650
3 3984 3985 3650
3 3985 3986 3651
3 3653 3651 3986
3 3652 3653 3987
3 3652 3987 3988
3 3652 3988 3989
3 3652 3989 3654
3 3986 3987 3653
3 3655 3654 3989
3 3655 3989 3990
3 3655 3990 3991
3 3655 3991 3656
3 3656 3992 3657
3 3992 3656 3991
3 3658 3657 3993
3 3992 3993 3657
3 3994 3658 3993
3 3658 3994 3659
3 3995 3666 3659
3 3995 3659 3994
3 3996 3660 3661
3 3660 3996 3997
3 3660 3997 3667
3 3996 3661 3998
3 3662 3998 3661
3 3999 3662 3663
3 3662 3999 3998
3 3999 3663 4000
3 4001 4000 3663
3 3664 4001 3663
3 4001 3664 4002
3 3664 3665 4003
3 3664 4003 4002
3 3665 3666 4004
3 3665 4004 4003
3 3666 3995 4005
3 3666 4005 4004
3 4006 3668 3667
3 4006 3667 3997
3 3668 4006 4007
3 3668 4007 3677
3 3670 4008 4009
3 3670 4009 3679
3 4008 3670 3669
3 4008 3669 4010
3 3671 4010 3669
3 3671 4011 4010
3 4011 3671 3672
3 3673 4012 3672
3 4011 3672 4012
3 3673 4013 4012
3 4013 3673 3674
3 4013 3674 4014
3 3676 4014 3674
3 3676 3675 4015
3 4016 4015 3675
3 4016 3675 3677
3 3676 4017 4014
3 3676 4015 4017
3 4018 4016 3677
3 4018 3677 4007
3 3678 3679 4019
3 3678 4019 3680
3 4020 4019 3679
3 4020 3679 4009
3 3680 4019 4021
3 3680 4021 3740
3 3681 4022 4023
3 3681 4023 3683
3 3682 4022 3681
3 3684 4024 3682
3 3682 4024 4022
3 3685 3683 4023
3 3684 4025 4024
3 3687 4025 3684
3 3685 4023 4026
3 3685 4027 3686
3 4027 3685 4026
3 4027 3848 3686
3 3689 4028 3687
3 3687 4028 4025
3 4029 3688 3747
3 3688 4029 3689
3 3688 3690 4030
3 3688 4030 3747
3 4029 4031 3689
3 3689 4031 4028
3 3690 3691 4032
3 3690 4032 4030
3 4033 4032 3691
3 3692 4033 3691
3 4033 3692 4034
3 3692 3693 4034
3 3694 4034 3693
3 4035 3694 3697
3 3694 4035 4034
3 3696 4036 3697
3 4036 3696 4037
3 3695 4037 3696
3 3695 3698 4038
3 3695 4038 4037
3 4035 3697 4039
3 4036 4039 3697
3 4040 4038 3698
3 4040 3698 3699
3 4040 3699 4041
3 4042 4041 3699
3 4042 3699 3700
3 4042 3700 3701
3 4042 3701 3720
3 3702 3747 4030
3 3703 3702 4030
3 3703 4030 4032
3 3704 3703 4032
3 3704 4033 3705
3 4033 3704 4032
3 4033 4034 3705
3 4035 3706 3705
3 4035 3705 4034
3 3706 4035 4039
3 3706 4039 3707
3 4043 3708 3707
3 4043 3707 4039
3 3708 4043 4044
3 3708 4044 3712
3 4045 3719 3709
3 4045 3709 3710
3 3710 3711 4046
3 3710 4046 4045
3 4047 4046 3711
3 4047 3711 3712
3 3712 4044 4048
3 3712 4048 4047
3 3714 3722 3713
3 3714 4049 3722
3 4050 4049 3714
3 4050 3714 3715
3 3715 3716 4050
3 4051 4050 3716
3 4051 3716 3717
3 3717 3718 3719
3 3717 3719 4052
3 4051 3717 4052
3 4053 4052 3719
3 4053 3719 4045
3 4054 4042 3720
3 4054 3720 4055
3 3721 4055 3720
3 3722 4055 3721
3 3722 4049 4055
3 4056 3724 3723
3 4057 4056 3723
3 4057 3723 3726
3 4058 3725 3724
3 4056 4058 3724
3 4058 4059 3725
3 4059 3727 3725
3 4060 4057 3726
3 4060 3726 3736
3 4061 3728 3727
3 4059 4061 3727
3 4062 3729 3728
3 4061 4062 3728
3 4063 3730 3729
3 4062 4063 3729
3 4063 4064 3730
3 4064 3733 3730
3 4065 4066 3731
3 4065 3731 3733
3 4067 3732 3731
3 4067 3731 4066
3 4067 3734 3732
3 4064 4065 3733
3 3745 3734 4068
3 4067 4068 3734
3 3735 3742 4069
3 3735 4069 3736
3 4070 4060 3736
3 4070 3736 4069
3 3738 3741 3737
3 3738 4071 3741
3 4072 4071 3738
3 4072 3738 3739
3 4072 3739 3740
3 4072 3740 4021
3 4073 3742 3741
3 4073 3741 4071
3 3742 4073 4074
3 3742 4074 4069
3 3746 4075 3743
3 4075 3744 3743
3 4029 3747 3744
3 4075 4029 3744
3 4076 3746 4077
3 3746 4076 4075
3 3746 3745 4077
3 4078 4077 3745
3 3745 4068 4078
3 4079 4080 3748
3 4079 3748 3750
3 4081 3749 3748
3 4081 3748 4080
3 3749 4081 4082
3 3749 4082 3754
3 3750 3751 4079
3 3752 4083 3751
3 4084 4079 3751
3 4084 3751 4083
3 3752 3753 4085
3 3752 4085 4083
3 3780 4085 3753
3 4086 3766 3754
3 4086 3754 4082
3 3755 3756 4087
3 3755 4087 4088
3 3758 3755 4088
3 3757 3762 4089
3 3757 4089 4090
3 3756 3757 4090
3 3756 4090 4087
3 3758 4088 4091
3 3759 3758 4091
3 3759 4091 4092
3 4093 3760 3759
3 4093 3759 4092
3 3760 4093 4094
3 3760 4094 3761
3 3761 4094 4095
3 3761 4095 3770
3 3763 4096 4089
3 3763 4089 3762
3 4097 4096 3763
3 4097 3763 4098
3 3764 4098 3763
3 4098 3764 4099
3 3765 4099 3764
3 4100 3765 3766
3 3765 4100 4099
3 4100 3766 4101
3 3766 4086 4102
3 3766 4102 4101
3 3767 3770 4095
3 3767 4095 4103
3 3767 4104 3768
3 4104 3767 4103
3 4104 4105 3768
3 3769 3768 4105
3 3769 4105 4106
3 3773 3769 4106
3 3772 4107 3771
3 3880 3771 4107
3 4108 4107 3772
3 3772 3773 4109
3 3772 4109 4108
3 3773 4106 4109
3 3777 3774 3797
3 4110 3778 3776
3 4110 3776 4111
3 4112 4111 3776
3 4112 3776 3775
3 3775 3777 4112
3 4112 3777 4113
3 3777 3797 4113
3 3778 4110 4114
3 3778 4114 3779
3 4114 3780 3779
3 3780 4115 4085
3 4116 4115 3780
3 4114 4116 3780
3 3781 3782 4117
3 3781 4117 3794
3 3782 3798 4118
3 3782 4118 4117
3 4119 3784 3783
3 4119 3783 3793
3 4120 3785 3784
3 4120 3784 4121
3 4122 4121 3784
3 4119 4122 3784
3 4120 3786 3785
3 4123 3787 3786
3 4120 4123 3786
3 4124 3788 3787
3 4123 4124 3787
3 4124 4125 3788
3 3790 3788 4125
3 3789 3790 4126
3 3789 4126 3792
3 3790 4127 4128
3 3790 4128 4126
3 3790 4125 4127
3 4129 3796 3791
3 4129 3791 3792
3 4130 4129 3792
3 4130 3792 4126
3 4131 4132 3793
3 4131 3793 3794
3 4119 3793 4133
3 4132 4133 3793
3 4134 4131 3794
3 4134 3794 4117
3 3795 3796 4135
3 3795 4135 4136
3 3797 3795 4136
3 3796 4129 4137
3 3796 4137 4135
3 3797 4136 4113
3 3798 3805 4138
3 3798 4138 4118
3 4139 3802 3799
3 4139 3799 4140
3 3840 4140 3799
3 4141 3803 3801
3 4141 3801 4142
3 3800 4142 3801
3 3800 4143 4142
3 4143 3800 3802
3 4143 3802 4139
3 3803 4141 4144
3 3803 4144 3804
3 4145 3805 3804
3 4145 3804 4144
3 3805 4145 4146
3 3805 4146 4138
3 3806 3808 4147
3 4147 4148 3806
3 3807 3806 4148
3 4149 3807 4148
3 3807 4149 3809
3 4150 4147 3808
3 3813 4150 3808
3 3819 3809 4149
3 3810 3815 4151
3 3810 4151 4152
3 3811 3810 4152
3 3811 4152 4153
3 3812 3811 4153
3 3812 4153 4154
3 3814 3812 4154
3 4150 3813 4155
3 4156 4155 3813
3 4156 3813 4157
3 3814 4157 3813
3 4157 3814 4158
3 3814 4154 4158
3 3815 3816 4159
3 3815 4159 4151
3 3816 3817 4160
3 3816 4160 4159
3 3818 4160 3817
3 3818 4161 4160
3 3818 3823 4162
3 4161 3818 4162
3 3820 3819 4163
3 3819 4149 4163
3 3820 4163 4164
3 3821 3820 4164
3 3821 4164 4165
3 3836 3821 4165
3 4166 3823 3822
3 3832 4166 3822
3 4166 4167 3823
3 4167 4162 3823
3 3824 4168 4169
3 3824 4169 3828
3 4168 3824 3825
3 4168 3825 4170
3 3826 4170 3825
3 3826 4171 4170
3 4171 3826 3827
3 4171 3827 4172
3 3833 4172 3827
3 3828 4169 4173
3 3828 4173 3829
3 3829 4173 4174
3 3829 4174 3830
3 3831 3830 4174
3 3831 4174 4175
3 3832 3831 4175
3 3832 4175 4176
3 4166 3832 4176
3 3833 4177 4172
3 4177 3833 3834
3 4177 3834 4178
3 3841 4178 3834
3 3837 3835 4179
3 3835 3836 4180
3 3835 4180 4179
3 3836 4165 4180
3 3837 4179 4181
3 3838 3837 4181
3 4182 4183 3839
3 3838 4182 3839
3 3840 3839 4183
3 4182 3838 4184
3 3838 4181 4184
3 4140 3840 4183
3 3841 4185 4178
3 4185 3841 3858
3 3842 4186 4187
3 3842 4187 3845
3 4186 3842 3843
3 4186 3843 4188
3 3844 4188 3843
3 3844 4189 4188
3 4189 3844 3847
3 4190 3846 3845
3 4190 3845 4187
3 3846 4190 4191
3 3846 4191 3855
3 3852 4192 3847
3 4189 3847 4192
3 4027 4193 3848
3 4194 3849 3848
3 4193 4194 3848
3 4195 3850 3849
3 4194 4195 3849
3 4196 3850 4197
3 4195 4197 3850
3 3851 3850 4196
3 3851 4196 4198
3 3851 4198 3854
3 3852 4199 4192
3 4199 3852 3853
3 4199 3853 4200
3 4201 4200 3853
3 3854 4201 3853
3 3854 4202 4201
3 3854 4198 4203
3 3854 4203 4202
3 4204 4205 3855
3 4204 3855 4191
3 3856 3855 4205
3 3856 4205 3857
3 3857 4205 4206
3 3857 4206 4207
3 4207 3858 3857
3 4207 4208 3858
3 4185 3858 4208
3 4209 3859 3861
3 3859 4209 4210
3 3859 4210 3860
3 4211 3867 3860
3 4211 3860 4210
3 4209 3861 4212
3 3861 3869 4212
3 3863 3862 4213
3 3862 3867 4214
3 3862 4214 4213
3 3863 4213 4215
3 3863 4215 3864
3 3865 3864 4216
3 4216 3864 4215
3 4216 4217 3865
3 3865 4217 3866
3 4218 3868 3866
3 4218 3866 4217
3 3867 4211 4219
3 3867 4219 4214
3 3868 4218 4220
3 3868 4220 3969
3 3869 4221 4222
3 3869 4222 4212
3 3869 3870 4221
3 4223 4221 3870
3 4223 3870 4224
3 3871 4224 3870
3 3871 4225 4224
3 4225 3871 3872
3 4225 3872 4226
3 3872 3873 4227
3 3872 4227 4226
3 3873 3874 4228
3 3873 4228 4227
3 4229 4228 3874
3 4229 3874 3878
3 4229 3878 3875
3 4229 3875 4230
3 4231 4230 3875
3 3876 4231 3875
3 4231 3876 4232
3 3877 4232 3876
3 3877 4233 4232
3 4233 3877 3879
3 3880 4234 3879
3 4233 3879 4234
3 4107 4235 3880
3 3880 4235 4234
3 3898 3881 3968
3 3882 3888 4236
3 3882 4236 3883
3 4237 3899 3883
3 4237 3883 4236
3 4238 3887 3884
3 4238 3884 3885
3 4239 4240 3885
3 4239 3885 3886
3 4240 4241 3885
3 4238 3885 4241
3 4239 3886 3891
3 4242 3888 3887
3 4242 3887 4243
3 4238 4244 3887
3 4244 4243 3887
3 3888 4242 4245
3 3888 4245 4236
3 4246 3890 3889
3 4246 3889 4247
3 4247 3889 3893
3 3890 4246 4248
3 3890 4248 3891
3 4239 3891 4248
3 3892 3895 4249
3 3892 4249 3893
3 4247 3893 4250
3 4251 4250 3893
3 4251 3893 4249
3 4252 3895 3894
3 4252 3894 3897
3 3895 4252 4253
3 3895 4253 4249
3 3896 4254 4255
3 3896 4255 3897
3 4254 3896 3898
3 4256 4252 3897
3 4256 3897 4255
3 3898 3968 4257
3 4254 3898 4257
3 3899 4237 4258
3 3899 4258 3906
3 3900 4259 3965
3 3900 3904 4260
3 3900 4260 4259
3 4261 4262 3902
3 4261 3902 3901
3 4262 3903 3902
3 4263 4261 3901
3 4263 3901 3905
3 4264 3904 3903
3 4262 4264 3903
3 4264 4260 3904
3 4265 4263 3905
3 4265 3905 3906
3 4266 4265 3906
3 4266 3906 4258
3 3907 3910 4267
3 3907 4267 3971
3 4268 4269 3909
3 4268 3909 3908
3 3910 3909 4269
3 4268 3908 3911
3 4270 4267 3910
3 3910 4269 4270
3 4268 3911 4271
3 4272 4271 3911
3 3912 4272 3911
3 4272 3912 3949
3 3916 3913 4273
3 4273 3913 4274
3 3913 3914 4274
3 4275 4274 3914
3 3915 4275 3914
3 4275 3915 3926
3 3916 4276 3920
3 4276 3916 4273
3 3917 4277 4278
3 3917 4278 3922
3 4277 3917 3918
3 4277 3918 4279
3 3919 4279 3918
3 3919 4280 4279
3 4280 3919 3921
3 4276 4281 3920
3 3920 4282 3921
3 3920 4281 4283
3 3920 4283 4282
3 4282 4284 3921
3 4280 3921 4284
3 4285 3923 3922
3 4285 3922 4278
3 3923 4285 4286
3 3923 4286 3924
3 3925 3924 4286
3 3925 4287 3929
3 3925 4286 4288
3 4287 3925 4288
3 3927 4289 3926
3 4275 3926 4289
3 4290 3927 3959
3 3927 4290 4289
3 4291 3928 3929
3 3928 4291 3938
3 4291 3929 4292
3 4287 4292 3929
3 4293 4294 3931
3 4293 3931 3933
3 3930 3931 4294
3 4295 3932 3930
3 3930 4294 4295
3 4295 4296 3932
3 3939 3932 4296
3 3933 3934 4297
3 3933 4297 4293
3 4298 4297 3934
3 4298 3934 3935
3 3935 3936 4299
3 3935 4299 4298
3 3937 4299 3936
3 4300 3937 3938
3 3937 4300 4299
3 4300 3938 4301
3 4291 4301 3938
3 4302 3940 3939
3 3939 4296 4302
3 4302 4303 3940
3 3941 3940 4303
3 4304 3958 3941
3 3941 4303 4304
3 4305 3944 3943
3 4306 4305 3943
3 4306 3943 3942
3 4307 4306 3942
3 4307 3942 3954
3 4305 4308 3944
3 4308 3945 3944
3 4309 3946 3945
3 4308 4309 3945
3 4310 3947 3946
3 4309 4310 3946
3 4311 3952 3947
3 4310 4311 3947
3 4312 3948 3950
3 3948 4312 4313
3 3948 4313 3949
3 4272 3949 4314
3 4313 4314 3949
3 4315 3950 4316
3 4312 3950 4315
3 3951 4316 3950
3 3951 3953 4317
3 3951 4317 4316
3 4311 4318 3952
3 4318 4319 3952
3 4319 3953 3952
3 4320 4317 3953
3 4320 3953 4321
3 4319 4321 3953
3 4322 4307 3954
3 4322 3954 3956
3 4323 4322 3956
3 4323 3956 4324
3 4324 3956 3955
3 4324 3955 3957
3 3958 4325 3957
3 3957 4325 4326
3 3957 4326 4324
3 3958 4327 4325
3 4304 4327 3958
3 4290 3959 4328
3 3962 4328 3959
3 4329 3960 3964
3 3960 4329 4330
3 3960 4330 3961
3 4331 3962 3961
3 4331 3961 4330
3 3962 4331 4328
3 4332 3963 4333
3 3963 4332 3964
3 3963 3965 4333
3 4332 4334 3964
3 4329 3964 4334
3 4259 4333 3965
3 4335 4336 3966
3 4335 3966 3970
3 4337 3967 3966
3 4337 3966 4336
3 3967 4337 3968
3 4337 4257 3968
3 4338 4335 3970
3 4338 3970 3969
3 4220 4338 3969
3 4339 3972 3971
3 4339 3971 4267
3 4339 3973 3972
3 4340 4341 3973
3 4342 3974 3973
3 4342 3973 4341
3 4339 4340 3973
3 3974 4342 4343
3 3974 4343 3975
3 4343 4344 3975
3 3977 3975 4344
3 3977 3978 3976
3 4345 3977 4344
3 3977 4345 3978
3 4345 3979 3978
3 4346 3980 3979
3 4345 4346 3979
3 4346 4347 3980
3 4347 4348 3980
3 3981 3980 4348
3 4348 3982 3981
3 4348 4349 3982
3 4350 3983 3982
3 4350 3982 4349
3 4350 4351 3983
3 3984 3983 4351
3 3984 4351 4352
3 3984 4352 4353
3 3984 4353 3985
3 3986 3985 4353
3 3986 4353 4354
3 3986 4354 3987
3 4355 3987 4354
3 4355 3988 3987
3 4355 4356 3988
3 4357 3989 3988
3 4357 3988 4356
3 4357 3990 3989
3 4357 4358 3990
3 4359 3991 3990
3 4359 3990 4358
3 3992 3991 4360
3 4359 4360 3991
3 3992 4361 3993
3 3992 4360 4362
3 3992 4362 4361
3 3994 3993 4363
3 4364 4363 3993
3 4364 3993 4361
3 4365 3995 3994
3 4365 3994 4363
3 3995 4365 4366
3 3995 4366 4005
3 3996 4367 4368
3 3996 4368 3997
3 4367 3996 3998
3 4006 3997 4368
3 3999 4369 3998
3 4367 3998 4369
3 3999 4370 4369
3 4370 3999 4000
3 4370 4000 4371
3 4001 4371 4000
3 4001 4002 4372
3 4371 4001 4372
3 4373 4372 4002
3 4374 4373 4002
3 4374 4002 4003
3 4375 4374 4003
3 4375 4003 4004
3 4376 4375 4004
3 4376 4004 4005
3 4377 4376 4005
3 4377 4005 4366
3 4006 4368 4378
3 4379 4007 4006
3 4379 4006 4378
3 4380 4018 4007
3 4380 4007 4379
3 4008 4381 4382
3 4008 4382 4009
3 4381 4008 4010
3 4383 4020 4009
3 4383 4009 4382
3 4381 4010 4384
3 4011 4384 4010
3 4011 4385 4384
3 4385 4011 4012
3 4013 4386 4012
3 4385 4012 4386
3 4013 4387 4386
3 4387 4013 4014
3 4387 4014 4388
3 4017 4388 4014
3 4017 4015 4389
3 4015 4016 4390
3 4015 4390 4389
3 4016 4018 4391
3 4016 4391 4390
3 4017 4392 4388
3 4017 4389 4392
3 4380 4391 4018
3 4019 4020 4393
3 4019 4393 4021
3 4020 4383 4394
3 4020 4394 4393
3 4395 4072 4021
3 4395 4021 4393
3 4396 4023 4022
3 4396 4022 4397
3 4024 4397 4022
3 4023 4396 4398
3 4023 4398 4026
3 4399 4024 4025
3 4024 4399 4397
3 4028 4400 4025
3 4399 4025 4400
3 4401 4402 4026
3 4401 4026 4398
3 4027 4026 4402
3 4193 4027 4402
3 4028 4403 4400
3 4028 4031 4404
3 4028 4404 4403
3 4029 4075 4031
3 4076 4404 4031
3 4076 4031 4075
3 4036 4043 4039
3 4036 4037 4405
3 4043 4036 4405
3 4405 4037 4038
3 4405 4038 4406
3 4407 4406 4038
3 4407 4038 4408
3 4040 4408 4038
3 4409 4408 4040
3 4409 4040 4041
3 4409 4041 4410
3 4054 4410 4041
3 4054 4041 4042
3 4043 4405 4044
3 4406 4048 4044
3 4406 4044 4405
3 4053 4045 4046
3 4053 4046 4411
3 4412 4411 4046
3 4412 4046 4047
3 4412 4047 4048
3 4412 4048 4413
3 4407 4413 4048
3 4407 4048 4406
3 4414 4049 4050
3 4414 4050 4051
3 4415 4049 4414
3 4416 4049 4415
3 4417 4049 4416
3 4410 4049 4417
3 4055 4049 4410
3 4051 4052 4414
3 4418 4414 4052
3 4418 4052 4053
3 4418 4053 4411
3 4055 4410 4054
3 4058 4056 4419
3 4056 4057 4420
3 4056 4420 4419
3 4057 4060 4421
3 4057 4421 4420
3 4058 4419 4422
3 4059 4058 4422
3 4059 4422 4423
3 4061 4059 4423
3 4060 4070 4424
3 4060 4424 4421
3 4061 4423 4425
3 4062 4061 4425
3 4063 4062 4426
3 4062 4425 4426
3 4063 4426 4427
3 4064 4063 4427
3 4064 4427 4428
3 4065 4064 4428
3 4065 4428 4429
3 4066 4065 4429
3 4066 4429 4430
3 4067 4066 4430
3 4067 4430 4431
3 4068 4067 4431
3 4432 4078 4068
3 4432 4068 4433
3 4068 4431 4433
3 4434 4070 4069
3 4434 4069 4074
3 4434 4424 4070
3 4072 4073 4071
3 4072 4395 4073
3 4395 4074 4073
3 4395 4435 4074
3 4435 4434 4074
3 4436 4437 4077
3 4076 4077 4437
3 4436 4077 4438
3 4078 4438 4077
3 4404 4076 4437
3 4078 4432 4439
3 4078 4439 4438
3 4079 4084 4440
3 4079 4440 4080
3 4441 4081 4080
3 4441 4080 4440
3 4081 4441 4442
3 4081 4442 4082
3 4443 4086 4082
3 4443 4082 4442
3 4444 4084 4083
3 4444 4083 4085
3 4084 4444 4445
3 4084 4445 4440
3 4444 4085 4115
3 4086 4443 4446
3 4086 4446 4102
3 4447 4088 4087
3 4448 4447 4087
3 4448 4087 4090
3 4447 4449 4088
3 4449 4091 4088
3 4450 4090 4089
3 4451 4450 4089
3 4451 4089 4096
3 4450 4452 4090
3 4452 4448 4090
3 4453 4092 4091
3 4449 4453 4091
3 4453 4454 4092
3 4455 4093 4092
3 4455 4092 4454
3 4093 4455 4456
3 4093 4456 4094
3 4457 4095 4094
3 4457 4094 4456
3 4457 4103 4095
3 4458 4097 4099
3 4097 4458 4459
3 4097 4459 4096
3 4098 4099 4097
3 4451 4096 4460
3 4459 4461 4096
3 4462 4460 4096
3 4462 4096 4461
3 4458 4099 4463
3 4100 4463 4099
3 4100 4464 4463
3 4464 4100 4101
3 4465 4466 4101
3 4465 4101 4102
3 4464 4101 4466
3 4467 4465 4102
3 4467 4102 4446
3 4457 4468 4103
3 4104 4103 4469
3 4468 4469 4103
3 4104 4470 4105
3 4470 4104 4469
3 4471 4106 4105
3 4470 4471 4105
3 4472 4109 4106
3 4471 4472 4106
3 4108 4473 4107
3 4107 4473 4235
3 4474 4473 4108
3 4108 4109 4475
3 4108 4475 4474
3 4472 4475 4109
3 4110 4111 4113
3 4110 4113 4136
3 4136 4114 4110
3 4112 4113 4111
3 4136 4135 4114
3 4116 4114 4135
3 4444 4115 4476
3 4477 4476 4115
3 4116 4477 4115
3 4116 4135 4137
3 4477 4116 4137
3 4478 4134 4117
3 4478 4117 4118
3 4479 4478 4118
3 4479 4118 4138
3 4133 4480 4119
3 4122 4119 4480
3 4121 4481 4482
3 4121 4482 4120
3 4483 4481 4121
3 4122 4483 4121
3 4123 4120 4482
3 4483 4122 4484
3 4122 4480 4484
3 4124 4123 4485
3 4123 4482 4485
3 4124 4485 4486
3 4125 4124 4486
3 4125 4486 4487
3 4127 4125 4487
3 4488 4130 4126
3 4488 4126 4128
3 4488 4128 4489
3 4490 4489 4128
3 4490 4128 4127
3 4127 4487 4490
3 4129 4130 4491
3 4129 4491 4137
3 4130 4488 4492
3 4130 4492 4491
3 4131 4134 4493
3 4131 4493 4494
3 4132 4131 4494
3 4132 4494 4495
3 4132 4496 4133
3 4496 4132 4495
3 4133 4497 4480
3 4496 4497 4133
3 4134 4478 4498
3 4134 4498 4493
3 4477 4137 4491
3 4499 4479 4138
3 4499 4138 4146
3 4143 4139 4500
3 4139 4140 4501
3 4139 4501 4500
3 4140 4183 4501
3 4141 4142 4502
3 4141 4502 4503
3 4141 4503 4504
3 4141 4504 4144
3 4505 4502 4142
3 4505 4142 4143
3 4143 4500 4505
3 4506 4145 4144
3 4506 4144 4504
3 4145 4506 4507
3 4145 4507 4146
3 4508 4499 4146
3 4508 4146 4507
3 4150 4509 4147
3 4147 4510 4148
3 4510 4147 4509
3 4149 4148 4511
3 4510 4511 4148
3 4511 4163 4149
3 4150 4155 4512
3 4509 4150 4512
3 4513 4514 4151
3 4513 4151 4159
3 4152 4151 4514
3 4152 4515 4516
3 4152 4516 4153
3 4152 4514 4515
3 4517 4154 4153
3 4517 4153 4516
3 4154 4517 4518
3 4154 4518 4158
3 4155 4156 4519
3 4155 4519 4520
3 4512 4155 4520
3 4157 4521 4156
3 4156 4521 4522
3 4156 4522 4519
3 4157 4158 4523
3 4157 4523 4521
3 4524 4523 4158
3 4524 4158 4518
3 4159 4160 4525
3 4159 4525 4513
3 4161 4525 4160
3 4161 4162 4526
3 4527 4161 4526
3 4161 4527 4525
3 4528 4526 4162
3 4167 4528 4162
3 4529 4164 4163
3 4511 4529 4163
3 4530 4165 4164
3 4529 4530 4164
3 4530 4531 4165
3 4531 4180 4165
3 4166 4176 4532
3 4167 4166 4532
3 4167 4532 4533
3 4528 4167 4533
3 4168 4534 4535
3 4168 4535 4169
3 4534 4168 4170
3 4536 4173 4169
3 4536 4169 4535
3 4534 4170 4537
3 4171 4537 4170
3 4171 4538 4537
3 4538 4171 4172
3 4538 4172 4539
3 4177 4539 4172
3 4536 4174 4173
3 4536 4540 4174
3 4175 4174 4540
3 4175 4540 4541
3 4541 4176 4175
3 4541 4542 4176
3 4532 4176 4542
3 4177 4543 4539
3 4543 4177 4178
3 4543 4178 4544
3 4185 4544 4178
3 4545 4181 4179
3 4546 4545 4179
3 4546 4179 4180
3 4531 4546 4180
3 4547 4184 4181
3 4545 4547 4181
3 4182 4548 4183
3 4182 4184 4549
3 4548 4182 4549
3 4548 4501 4183
3 4550 4549 4184
3 4547 4550 4184
3 4185 4551 4544
3 4551 4185 4208
3 4186 4552 4553
3 4186 4553 4187
3 4552 4186 4188
3 4554 4190 4187
3 4554 4187 4553
3 4552 4188 4555
3 4189 4555 4188
3 4189 4556 4555
3 4556 4189 4192
3 4190 4554 4557
3 4190 4557 4191
3 4558 4204 4191
3 4558 4191 4557
3 4199 4559 4192
3 4556 4192 4559
3 4193 4402 4560
3 4193 4561 4194
3 4561 4193 4560
3 4195 4194 4562
3 4563 4562 4194
3 4563 4194 4561
3 4195 4562 4564
3 4197 4195 4564
3 4196 4565 4566
3 4196 4566 4198
3 4196 4197 4565
3 4565 4197 4567
3 4197 4564 4567
3 4568 4203 4198
3 4568 4198 4566
3 4199 4569 4559
3 4569 4199 4200
3 4569 4200 4570
3 4571 4570 4200
3 4201 4571 4200
3 4201 4572 4573
3 4201 4573 4571
3 4202 4572 4201
3 4568 4574 4203
3 4575 4202 4203
3 4575 4203 4574
3 4202 4575 4572
3 4204 4558 4576
3 4204 4576 4577
3 4205 4204 4577
3 4205 4577 4206
3 4578 4579 4206
3 4578 4206 4577
3 4207 4206 4579
3 4207 4579 4580
3 4580 4208 4207
3 4551 4208 4581
3 4580 4581 4208
3 4582 4209 4212
3 4209 4582 4583
3 4209 4583 4210
3 4584 4210 4583
3 4585 4211 4210
3 4585 4210 4584
3 4586 4219 4211
3 4586 4211 4585
3 4582 4212 4222
3 4587 4215 4213
3 4587 4213 4588
3 4589 4588 4213
3 4589 4213 4214
3 4590 4589 4214
3 4590 4214 4219
3 4216 4215 4587
3 4216 4591 4217
3 4216 4587 4592
3 4216 4592 4591
3 4593 4218 4217
3 4593 4217 4591
3 4593 4220 4218
3 4594 4590 4219
3 4594 4219 4586
3 4593 4595 4220
3 4220 4596 4338
3 4596 4220 4595
3 4597 4582 4222
3 4597 4222 4598
3 4221 4598 4222
3 4221 4223 4598
3 4223 4599 4600
3 4223 4600 4598
3 4599 4223 4224
3 4599 4224 4601
3 4225 4601 4224
3 4225 4602 4601
3 4602 4225 4226
3 4602 4226 4603
3 4604 4603 4226
3 4604 4226 4227
3 4605 4604 4227
3 4605 4227 4228
3 4606 4605 4228
3 4606 4228 4229
3 4606 4229 4230
3 4606 4230 4607
3 4231 4608 4230
3 4608 4607 4230
3 4231 4232 4609
3 4608 4231 4609
3 4233 4610 4232
3 4610 4609 4232
3 4611 4233 4234
3 4233 4611 4610
3 4612 4234 4235
3 4611 4234 4612
3 4612 4235 4613
3 4613 4235 4473
3 4614 4237 4236
3 4614 4236 4245
3 4237 4614 4615
3 4237 4615 4258
3 4616 4244 4238
3 4616 4238 4241
3 4617 4618 4240
3 4617 4240 4239
3 4240 4619 4241
3 4619 4240 4618
3 4617 4239 4248
3 4619 4620 4241
3 4616 4241 4620
3 4242 4621 4622
3 4242 4622 4245
3 4621 4242 4243
3 4621 4243 4623
3 4624 4623 4243
3 4244 4624 4243
3 4616 4625 4244
3 4624 4244 4625
3 4626 4614 4245
3 4626 4245 4622
3 4627 4246 4247
3 4246 4627 4628
3 4246 4628 4248
3 4627 4247 4629
3 4250 4629 4247
3 4617 4248 4628
3 4630 4251 4249
3 4630 4249 4253
3 4630 4631 4251
3 4251 4631 4632
3 4251 4632 4250
3 4250 4632 4629
3 4252 4256 4633
3 4252 4633 4253
3 4634 4630 4253
3 4634 4253 4633
3 4338 4255 4254
3 4596 4256 4255
3 4596 4255 4338
3 4338 4254 4335
3 4335 4254 4257
3 4256 4596 4635
3 4256 4635 4633
3 4335 4257 4336
3 4337 4336 4257
3 4636 4266 4258
3 4636 4258 4615
3 4264 4637 4260
3 4638 4259 4260
3 4638 4260 4637
3 4259 4638 4333
3 4261 4263 4639
3 4261 4639 4640
3 4261 4640 4641
3 4261 4641 4262
3 4262 4641 4642
3 4262 4642 4264
3 4263 4265 4643
3 4263 4643 4639
3 4264 4642 4637
3 4265 4266 4644
3 4265 4644 4643
3 4266 4636 4645
3 4266 4645 4644
3 4270 4646 4267
3 4339 4267 4646
3 4647 4269 4268
3 4648 4647 4268
3 4648 4268 4271
3 4647 4649 4269
3 4649 4270 4269
3 4650 4646 4270
3 4649 4650 4270
3 4651 4648 4271
3 4651 4271 4652
3 4272 4652 4271
3 4652 4272 4314
3 4276 4273 4653
3 4273 4274 4654
3 4653 4273 4654
3 4655 4654 4274
3 4275 4655 4274
3 4655 4275 4289
3 4276 4656 4281
3 4656 4276 4653
3 4657 4278 4277
3 4657 4277 4658
3 4659 4658 4277
3 4659 4277 4279
3 4660 4285 4278
3 4660 4278 4657
3 4661 4659 4279
3 4661 4279 4280
3 4662 4661 4280
3 4662 4280 4284
3 4281 4663 4664
3 4281 4664 4283
3 4663 4281 4656
3 4282 4665 4284
3 4282 4283 4666
3 4282 4666 4665
3 4664 4666 4283
3 4667 4662 4284
3 4667 4284 4665
3 4668 4286 4285
3 4668 4285 4660
3 4668 4288 4286
3 4287 4288 4669
3 4670 4287 4669
3 4287 4670 4292
3 4671 4669 4288
3 4668 4671 4288
3 4290 4672 4289
3 4655 4289 4672
3 4673 4290 4328
3 4290 4673 4672
3 4674 4291 4292
3 4291 4674 4301
3 4674 4292 4675
3 4670 4675 4292
3 4676 4677 4294
3 4676 4294 4293
3 4677 4295 4294
3 4678 4676 4293
3 4678 4293 4297
3 4679 4296 4295
3 4677 4679 4295
3 4679 4680 4296
3 4680 4302 4296
3 4681 4678 4297
3 4681 4297 4298
3 4298 4299 4682
3 4298 4682 4681
3 4300 4682 4299
3 4683 4300 4301
3 4300 4683 4682
3 4683 4301 4684
3 4674 4684 4301
3 4685 4303 4302
3 4680 4685 4302
3 4685 4686 4303
3 4686 4304 4303
3 4687 4327 4304
3 4686 4687 4304
3 4305 4306 4688
3 4305 4688 4689
3 4308 4305 4689
3 4306 4307 4690
3 4306 4690 4688
3 4307 4322 4691
3 4307 4691 4690
3 4308 4689 4692
3 4309 4308 4692
3 4309 4692 4693
3 4310 4309 4693
3 4311 4310 4694
3 4310 4693 4694
3 4311 4694 4695
3 4318 4311 4695
3 4696 4312 4315
3 4312 4696 4697
3 4312 4697 4313
3 4313 4697 4698
3 4313 4698 4699
3 4313 4699 4314
3 4652 4314 4700
3 4699 4700 4314
3 4701 4702 4315
3 4315 4316 4701
3 4696 4315 4702
3 4703 4701 4316
3 4703 4316 4317
3 4704 4703 4317
3 4704 4317 4320
3 4318 4695 4705
3 4706 4318 4705
3 4318 4706 4319
3 4707 4708 4319
3 4707 4319 4706
3 4321 4319 4708
3 4704 4320 4709
3 4320 4321 4710
3 4320 4710 4709
3 4321 4708 4710
3 4322 4323 4711
3 4322 4711 4691
3 4712 4323 4324
3 4323 4712 4713
3 4323 4713 4711
3 4712 4324 4326
3 4714 4712 4326
3 4714 4326 4715
3 4325 4715 4326
3 4325 4327 4716
3 4325 4716 4717
3 4325 4717 4715
3 4687 4716 4327
3 4673 4328 4718
3 4331 4718 4328
3 4719 4329 4334
3 4329 4719 4720
3 4329 4720 4330
3 4721 4331 4330
3 4721 4330 4720
3 4331 4721 4718
3 4332 4333 4722
3 4723 4332 4722
3 4332 4723 4334
3 4638 4722 4333
3 4723 4724 4334
3 4719 4334 4724
3 4725 4340 4339
3 4339 4646 4725
3 4726 4727 4341
3 4340 4726 4341
3 4728 4342 4341
3 4728 4341 4727
3 4726 4340 4729
3 4725 4729 4340
3 4342 4728 4730
3 4342 4730 4343
3 4343 4731 4344
3 4731 4343 4730
3 4731 4732 4344
3 4345 4344 4732
3 4346 4345 4732
3 4346 4732 4733
3 4347 4346 4733
3 4347 4733 4734
3 4735 4347 4734
3 4347 4735 4348
3 4735 4349 4348
3 4735 4736 4349
3 4350 4349 4736
3 4350 4736 4737
3 4350 4737 4738
3 4350 4738 4739
3 4350 4739 4351
3 4740 4351 4739
3 4740 4352 4351
3 4740 4741 4352
3 4742 4353 4352
3 4742 4352 4741
3 4742 4354 4353
3 4742 4743 4354
3 4355 4354 4743
3 4356 4355 4743
3 4356 4743 4744
3 4358 4357 4356
3 4358 4356 4744
3 4745 4359 4358
3 4745 4358 4744
3 4359 4745 4360
3 4746 4362 4360
3 4746 4360 4745
3 4364 4361 4362
3 4364 4362 4747
3 4746 4747 4362
3 4748 4365 4363
3 4748 4363 4364
3 4364 4747 4749
3 4364 4749 4748
3 4750 4366 4365
3 4750 4365 4748
3 4751 4377 4366
3 4751 4366 4750
3 4752 4378 4368
3 4753 4752 4368
3 4753 4368 4367
3 4753 4367 4369
3 4370 4727 4369
3 4753 4369 4727
3 4370 4728 4727
3 4728 4370 4371
3 4728 4371 4730
3 4371 4372 4730
3 4731 4730 4372
3 4373 4731 4372
3 4731 4373 4732
3 4373 4374 4733
3 4373 4733 4732
3 4374 4375 4734
3 4374 4734 4733
3 4375 4376 4754
3 4375 4754 4734
3 4376 4377 4755
3 4376 4755 4754
3 4756 4755 4377
3 4756 4377 4751
3 4752 4379 4378
3 4757 4380 4379
3 4757 4379 4752
3 4380 4758 4391
3 4758 4380 4757
3 4381 4759 4760
3 4381 4760 4382
3 4759 4381 4384
3 4761 4383 4382
3 4761 4382 4760
3 4383 4761 4762
3 4383 4762 4394
3 4759 4384 4763
3 4385 4763 4384
3 4385 4764 4763
3 4764 4385 4386
3 4387 4765 4386
3 4764 4386 4765
3 4387 4766 4765
3 4766 4387 4388
3 4766 4388 4767
3 4392 4767 4388
3 4768 4392 4389
3 4768 4389 4769
3 4770 4769 4389
3 4770 4389 4390
3 4770 4390 4391
3 4771 4391 4758
3 4770 4391 4771
3 4392 4768 4767
3 4435 4395 4393
3 4435 4393 4394
3 4772 4435 4394
3 4772 4394 4762
3 4773 4396 4397
3 4773 4398 4396
3 4773 4397 4774
3 4399 4774 4397
3 4773 4775 4398
3 4776 4401 4398
3 4776 4398 4775
3 4777 4399 4400
3 4399 4777 4774
3 4403 4778 4400
3 4777 4400 4778
3 4401 4776 4779
3 4401 4779 4780
3 4402 4401 4780
3 4402 4780 4560
3 4403 4781 4778
3 4403 4404 4782
3 4403 4782 4781
3 4404 4437 4782
3 4783 4413 4407
3 4783 4407 4408
3 4783 4408 4417
3 4409 4417 4408
3 4410 4417 4409
3 4418 4411 4415
3 4784 4415 4411
3 4784 4411 4412
3 4784 4412 4413
3 4784 4413 4416
3 4783 4416 4413
3 4415 4414 4418
3 4416 4415 4784
3 4417 4416 4783
3 4785 4422 4419
3 4786 4785 4419
3 4786 4419 4420
3 4787 4786 4420
3 4787 4420 4421
3 4788 4787 4421
3 4788 4421 4424
3 4789 4423 4422
3 4785 4789 4422
3 4789 4790 4423
3 4790 4425 4423
3 4434 4791 4424
3 4792 4788 4424
3 4792 4424 4791
3 4793 4426 4425
3 4790 4793 4425
3 4794 4427 4426
3 4793 4794 4426
3 4795 4428 4427
3 4794 4795 4427
3 4795 4796 4428
3 4796 4429 4428
3 4797 4430 4429
3 4796 4797 4429
3 4797 4798 4430
3 4798 4431 4430
3 4799 4433 4431
3 4798 4799 4431
3 4432 4800 4801
3 4432 4801 4439
3 4800 4432 4433
3 4799 4802 4433
3 4800 4433 4802
3 4803 4791 4434
3 4803 4434 4772
3 4435 4772 4434
3 4804 4436 4805
3 4436 4804 4437
3 4436 4806 4807
3 4436 4807 4805
3 4436 4438 4806
3 4804 4782 4437
3 4808 4806 4438
3 4808 4438 4439
3 4809 4808 4439
3 4809 4439 4801
3 4810 4441 4440
3 4810 4440 4445
3 4441 4810 4811
3 4441 4811 4442
3 4812 4443 4442
3 4812 4442 4811
3 4812 4446 4443
3 4476 4445 4444
3 4476 4813 4445
3 4810 4445 4813
3 4812 4814 4446
3 4814 4467 4446
3 4447 4448 4815
3 4447 4815 4816
3 4449 4447 4816
3 4817 4815 4448
3 4817 4448 4818
3 4452 4818 4448
3 4449 4816 4819
3 4453 4449 4819
3 4450 4451 4820
3 4450 4820 4452
3 4451 4821 4822
3 4451 4822 4820
3 4451 4460 4821
3 4452 4820 4823
3 4452 4823 4818
3 4453 4819 4824
3 4454 4453 4824
3 4454 4824 4825
3 4455 4454 4825
3 4826 4456 4455
3 4455 4825 4826
3 4826 4827 4456
3 4456 4827 4828
3 4456 4828 4457
3 4468 4457 4828
3 4829 4458 4463
3 4458 4829 4830
3 4458 4830 4459
3 4459 4831 4461
3 4459 4830 4832
3 4459 4832 4831
3 4833 4821 4460
3 4833 4460 4834
3 4462 4834 4460
3 4831 4835 4461
3 4461 4835 4836
3 4461 4836 4462
3 4837 4462 4836
3 4462 4837 4834
3 4829 4463 4838
3 4464 4838 4463
3 4464 4839 4838
3 4839 4464 4466
3 4467 4840 4465
3 4466 4465 4840
3 4466 4840 4841
3 4839 4466 4841
3 4467 4842 4840
3 4843 4842 4467
3 4843 4467 4844
3 4814 4844 4467
3 4468 4828 4845
3 4846 4468 4845
3 4468 4846 4469
3 4470 4469 4847
3 4846 4847 4469
3 4470 4848 4471
3 4848 4470 4847
3 4472 4471 4849
3 4848 4849 4471
3 4472 4849 4850
3 4475 4472 4850
3 4474 4851 4473
3 4613 4473 4851
3 4852 4851 4474
3 4474 4475 4853
3 4474 4853 4852
3 4475 4850 4853
3 4854 4813 4476
3 4477 4854 4476
3 4854 4477 4491
3 4478 4479 4855
3 4478 4855 4498
3 4479 4499 4856
3 4479 4856 4855
3 4857 4484 4480
3 4857 4480 4497
3 4858 4485 4482
3 4482 4481 4859
3 4482 4859 4858
3 4860 4859 4481
3 4860 4481 4861
3 4483 4861 4481
3 4483 4484 4862
3 4861 4483 4862
3 4863 4862 4484
3 4857 4863 4484
3 4858 4864 4485
3 4864 4486 4485
3 4865 4487 4486
3 4864 4865 4486
3 4866 4490 4487
3 4865 4866 4487
3 4488 4867 4868
3 4488 4868 4492
3 4488 4489 4867
3 4869 4870 4489
3 4869 4489 4490
3 4870 4867 4489
3 4866 4869 4490
3 4854 4491 4492
3 4871 4854 4492
3 4871 4492 4868
3 4872 4495 4494
3 4873 4872 4494
3 4873 4494 4493
3 4874 4873 4493
3 4874 4493 4498
3 4872 4875 4495
3 4496 4495 4876
3 4877 4876 4495
3 4877 4495 4875
3 4496 4878 4497
3 4878 4496 4876
3 4857 4497 4879
3 4878 4879 4497
3 4880 4874 4498
3 4880 4498 4855
3 4499 4508 4881
3 4499 4881 4856
3 4882 4883 4500
3 4882 4500 4501
3 4883 4505 4500
3 4548 4882 4501
3 4884 4503 4502
3 4885 4884 4502
3 4885 4502 4505
3 4886 4504 4503
3 4884 4886 4503
3 4886 4887 4504
3 4887 4506 4504
3 4883 4885 4505
3 4888 4507 4506
3 4888 4506 4889
3 4887 4889 4506
3 4890 4508 4507
3 4890 4507 4888
3 4891 4881 4508
3 4891 4508 4890
3 4509 4512 4892
3 4893 4509 4892
3 4510 4509 4893
3 4894 4510 4893
3 4510 4894 4511
3 4529 4511 4894
3 4895 4892 4512
3 4512 4520 4895
3 4896 4513 4525
3 4513 4896 4897
3 4513 4897 4514
3 4898 4515 4514
3 4898 4514 4897
3 4899 4517 4516
3 4899 4516 4900
3 4515 4900 4516
3 4515 4898 4900
3 4517 4899 4901
3 4517 4901 4518
3 4902 4524 4518
3 4902 4518 4901
3 4903 4519 4522
3 4903 4520 4519
3 4903 4904 4520
3 4904 4895 4520
3 4523 4905 4521
3 4906 4522 4521
3 4906 4521 4905
3 4903 4522 4907
3 4908 4907 4522
3 4908 4522 4906
3 4523 4524 4905
3 4524 4902 4909
3 4524 4909 4905
3 4896 4525 4910
3 4527 4910 4525
3 4528 4911 4526
3 4527 4526 4912
3 4912 4526 4911
3 4913 4527 4912
3 4527 4913 4910
3 4528 4533 4914
3 4911 4528 4914
3 4530 4529 4915
3 4529 4894 4915
3 4530 4915 4916
3 4531 4530 4916
3 4531 4916 4917
3 4546 4531 4917
3 4532 4542 4918
3 4918 4533 4532
3 4918 4919 4533
3 4914 4533 4919
3 4534 4920 4921
3 4534 4921 4535
3 4920 4534 4537
3 4922 4536 4535
3 4922 4535 4921
3 4922 4540 4536
3 4920 4537 4923
3 4538 4923 4537
3 4538 4924 4923
3 4924 4538 4539
3 4924 4539 4925
3 4543 4925 4539
3 4922 4926 4540
3 4541 4540 4926
3 4541 4926 4927
3 4927 4542 4541
3 4927 4928 4542
3 4918 4542 4928
3 4543 4929 4925
3 4929 4543 4544
3 4929 4544 4930
3 4551 4930 4544
3 4547 4545 4931
3 4545 4546 4932
3 4545 4932 4931
3 4546 4917 4932
3 4547 4931 4933
3 4550 4547 4933
3 4934 4935 4549
3 4550 4934 4549
3 4548 4549 4935
3 4882 4548 4935
3 4934 4550 4936
3 4550 4933 4936
3 4551 4937 4930
3 4937 4551 4581
3 4938 4552 4555
3 4552 4938 4939
3 4552 4939 4553
3 4940 4554 4553
3 4940 4553 4939
3 4554 4940 4941
3 4554 4941 4557
3 4938 4555 4942
3 4942 4555 4556
3 4942 4556 4943
3 4944 4943 4556
3 4944 4556 4559
3 4945 4558 4557
3 4945 4557 4941
3 4558 4945 4946
3 4558 4946 4576
3 4947 4944 4559
3 4947 4559 4569
3 4948 4949 4560
3 4948 4560 4780
3 4561 4560 4949
3 4561 4949 4950
3 4561 4950 4563
3 4951 4564 4562
3 4952 4951 4562
3 4952 4562 4563
3 4953 4952 4563
3 4953 4563 4950
3 4954 4567 4564
3 4951 4954 4564
3 4566 4955 4956
3 4566 4956 4568
3 4565 4955 4566
3 4565 4957 4955
3 4565 4567 4957
3 4957 4567 4958
3 4954 4958 4567
3 4568 4959 4574
3 4568 4956 4960
3 4568 4960 4959
3 4961 4947 4569
3 4961 4569 4570
3 4571 4962 4570
3 4963 4961 4570
3 4963 4570 4962
3 4962 4571 4573
3 4964 4965 4573
3 4573 4572 4966
3 4573 4966 4964
3 4962 4573 4965
3 4967 4966 4572
3 4967 4572 4575
3 4968 4969 4574
3 4968 4574 4959
3 4969 4575 4574
3 4969 4967 4575
3 4577 4576 4970
3 4971 4970 4576
3 4971 4576 4946
3 4577 4970 4578
3 4970 4972 4578
3 4578 4972 4973
3 4578 4973 4579
3 4974 4580 4579
3 4974 4579 4973
3 4580 4974 4975
3 4580 4975 4581
3 4937 4581 4975
3 4597 4583 4582
3 4597 4976 4583
3 4583 4976 4977
3 4583 4977 4978
3 4584 4583 4978
3 4978 4979 4584
3 4585 4584 4979
3 4585 4979 4980
3 4586 4585 4980
3 4586 4980 4981
3 4982 4594 4586
3 4982 4586 4981
3 4587 4588 4983
3 4587 4983 4592
3 4588 4589 4984
3 4588 4984 4983
3 4589 4590 4985
3 4589 4985 4984
3 4590 4594 4986
3 4590 4986 4985
3 4987 4593 4591
3 4987 4591 4592
3 4988 4987 4592
3 4988 4592 4983
3 4987 4595 4593
3 4594 4982 4989
3 4594 4989 4986
3 4987 4990 4595
3 4990 4635 4595
3 4596 4595 4635
3 4991 4597 4598
3 4992 4976 4597
3 4992 4597 4991
3 4991 4598 4993
3 4600 4993 4598
3 4599 4994 4995
3 4599 4995 4600
3 4994 4599 4601
3 4600 4996 4993
3 4600 4995 4997
3 4600 4997 4996
3 4994 4601 4998
3 4602 4998 4601
3 4602 4999 4998
3 4999 4602 4603
3 4999 4603 5000
3 4604 5000 4603
3 4605 5001 4604
3 4604 5001 5000
3 4605 5002 5001
3 5003 5002 4605
3 5003 4605 4606
3 5003 4606 4607
3 5003 4607 5004
3 5005 5004 4607
3 4608 5005 4607
3 4608 4609 5006
3 5005 4608 5006
3 5007 5006 4609
3 4610 5007 4609
3 4611 5008 4610
3 5007 4610 5008
3 5009 4611 4612
3 4611 5009 5008
3 4613 5010 4612
3 5009 4612 5010
3 4851 5011 4613
3 4613 5011 5010
3 4614 4626 5012
3 4614 5012 4615
3 5013 4636 4615
3 5013 4615 5012
3 5014 4616 4620
3 5014 4625 4616
3 5015 4618 4617
3 5016 5017 4618
3 5016 4618 5015
3 4619 4618 5017
3 5015 4617 5018
3 5018 4617 4628
3 4619 5019 4620
3 5019 4619 5017
3 5019 5020 4620
3 5014 4620 5020
3 4621 5021 5022
3 4621 5022 4622
3 5021 4621 4623
3 5023 4626 4622
3 5023 4622 5022
3 5021 4623 5024
3 4624 5025 4623
3 5026 5024 4623
3 5026 4623 5025
3 4624 4625 5027
3 5025 4624 5027
3 5014 5028 4625
3 5028 5027 4625
3 4626 5023 5029
3 4626 5029 5012
3 5018 4628 5030
3 4627 5030 4628
3 5031 4627 4629
3 4627 5031 5030
3 4632 5032 4629
3 5031 4629 5032
3 4630 4634 5033
3 4630 5033 5034
3 4630 5034 4631
3 4632 5035 5032
3 5035 4632 4631
3 5035 4631 5036
3 5034 5036 4631
3 5037 4634 4633
3 5037 4633 4635
3 4634 5037 5038
3 4634 5038 5033
3 4990 5037 4635
3 4636 5013 5039
3 4636 5039 4645
3 5040 4638 4637
3 4638 5040 4722
3 5040 4637 5041
3 4642 5041 4637
3 5042 4640 4639
3 5042 4639 5043
3 4643 5043 4639
3 4640 5042 5044
3 4640 5044 4641
3 5045 4642 4641
3 5045 4641 5044
3 4642 5045 5041
3 4643 5046 5043
3 4643 4644 5047
3 4643 5047 5046
3 5048 5047 4644
3 5048 4644 4645
3 4645 5039 5049
3 4645 5049 5048
3 5050 4725 4646
3 4650 5050 4646
3 4648 5051 4647
3 4649 4647 5051
3 4648 5052 5051
3 4648 4651 5053
3 4648 5053 5052
3 4649 5051 5054
3 4650 4649 5054
3 4650 5054 5055
3 5050 4650 5055
3 4651 5056 5057
3 4651 5057 5053
3 5056 4651 4652
3 5056 4652 4700
3 4656 4653 5058
3 5059 5058 4653
3 4653 4654 5059
3 4655 5060 4654
3 5060 5059 4654
3 5060 4655 4672
3 5061 4656 5058
3 4663 4656 5061
3 4660 4657 5062
3 4657 4658 5063
3 4657 5063 5062
3 4659 4661 5064
3 4659 5064 5065
3 4658 4659 5065
3 4658 5065 5063
3 4660 5062 5066
3 4668 4660 5066
3 4661 4662 5067
3 4661 5067 5064
3 4662 4667 5068
3 4662 5068 5067
3 4664 5069 4666
3 5070 5069 4664
3 4663 5070 4664
3 5071 4663 5061
3 4663 5071 5070
3 5072 4667 4665
3 5072 4665 4666
3 5072 4666 5069
3 4667 5072 5073
3 4667 5073 5068
3 4668 5066 5074
3 4671 4668 5074
3 5075 4669 5076
3 4670 4669 5075
3 4671 5076 4669
3 5077 4670 5075
3 4670 5077 4675
3 4671 5074 5078
3 5076 4671 5078
3 4673 5079 4672
3 5060 4672 5079
3 5080 4673 4718
3 4673 5080 5079
3 4674 4675 5081
3 4674 5081 5082
3 4674 5082 4684
3 5077 5081 4675
3 4676 4678 5083
3 4676 5083 5084
3 4677 4676 5084
3 4677 5084 5085
3 4679 4677 5085
3 5086 5083 4678
3 5086 4678 4681
3 4679 5085 5087
3 4680 4679 5087
3 4680 5087 5088
3 4685 4680 5088
3 4681 4682 5089
3 4681 5089 5086
3 5090 5089 4682
3 5090 4682 4683
3 5090 4683 4684
3 5090 4684 5091
3 5082 5091 4684
3 4685 5088 5092
3 4686 4685 5092
3 4686 5092 5093
3 4687 4686 5093
3 4687 5093 5094
3 4716 4687 5094
3 5095 5096 4688
3 5095 4688 4690
3 5096 4689 4688
3 5097 4692 4689
3 5096 5097 4689
3 5098 5095 4690
3 5098 4690 4691
3 5099 5098 4691
3 5099 4691 4711
3 5097 5100 4692
3 4693 4692 5100
3 4693 5100 5101
3 4693 5101 5102
3 4693 5102 4694
3 5103 4695 4694
3 5103 4694 5102
3 4695 5103 5104
3 4695 5104 4705
3 4696 5105 5106
3 4696 5106 4697
3 5105 4696 4702
3 5107 4698 4697
3 5107 4697 5106
3 4698 5107 5108
3 4698 5108 5109
3 4699 4698 5109
3 4699 5109 5110
3 4699 5110 4700
3 5111 5056 4700
3 5111 4700 5110
3 5112 4702 5113
3 5105 4702 5112
3 4701 5113 4702
3 4701 4703 5114
3 4701 5114 5113
3 5115 5114 4703
3 5115 4703 4704
3 4704 4709 5116
3 4704 5116 5117
3 4704 5117 5115
3 4706 4705 5118
3 5119 5118 4705
3 5119 4705 5104
3 4707 4706 5118
3 5120 4708 4707
3 5121 4710 4708
3 5121 4708 5120
3 5120 4707 5122
3 5122 4707 5123
3 4707 5118 5123
3 5124 5116 4709
3 5124 4709 5125
3 4710 5125 4709
3 4710 5121 5125
3 5126 5099 4711
3 5126 4711 4713
3 4712 4714 5127
3 4712 5127 4713
3 5128 5126 4713
3 5128 4713 5127
3 4714 4715 5129
3 4714 5129 5130
3 5130 5127 4714
3 5131 5129 4715
3 5131 4715 4717
3 4716 5094 5132
3 4717 4716 5132
3 4717 5132 5131
3 5080 4718 5133
3 4721 5133 4718
3 5134 4719 4724
3 4719 5134 5135
3 4719 5135 4720
3 5136 4721 4720
3 5136 4720 5135
3 4721 5136 5133
3 5137 4723 5138
3 4723 5137 4724
3 4723 4722 5138
3 5040 5138 4722
3 5137 5139 4724
3 5134 4724 5139
3 5140 4729 4725
3 5140 4725 5141
3 5050 5141 4725
3 4726 4753 4727
3 4726 4729 5142
3 4753 4726 5142
3 5143 5142 4729
3 5143 4729 5140
3 4735 4734 4754
3 4736 4735 4754
3 4736 4754 4755
3 4737 4736 4755
3 4737 4755 4756
3 4756 4738 4737
3 4756 5144 4738
3 5145 4738 5144
3 5145 4739 4738
3 5145 5146 4739
3 4740 4739 5146
3 4741 4740 5146
3 4741 5146 4744
3 4743 4742 4741
3 4743 4741 4744
3 5147 4745 4744
3 5148 5147 4744
3 5149 5148 4744
3 5146 5149 4744
3 5147 4746 4745
3 4746 5147 4747
3 5150 4749 4747
3 5150 4747 5147
3 4750 4748 4749
3 4750 4749 5151
3 5150 5151 4749
3 4750 5151 5152
3 4750 5152 4751
3 4756 4751 5152
3 5142 4757 4752
3 4753 5142 4752
3 4756 5152 5144
3 5143 5153 4757
3 5142 5143 4757
3 4758 4757 5153
3 4771 4758 5154
3 5154 4758 5153
3 4759 5155 5156
3 4759 5156 4760
3 5155 4759 4763
3 5157 4761 4760
3 5157 4760 5156
3 4761 5157 5158
3 4761 5158 4762
3 4803 4772 4762
3 4803 4762 5158
3 5155 4763 5159
3 4764 5159 4763
3 4764 5160 5159
3 5160 4764 4765
3 4766 5161 4765
3 5160 4765 5161
3 4766 5162 5161
3 5162 4766 4767
3 5162 4767 5163
3 4768 5163 4767
3 4768 5164 5163
3 5164 4768 4769
3 5164 4769 5165
3 4770 5165 4769
3 4770 5166 5165
3 5166 4770 4771
3 4771 5154 5167
3 4771 5167 5168
3 5166 4771 5168
3 5169 4773 4774
3 5169 4775 4773
3 5169 4774 5170
3 4777 5170 4774
3 5169 5171 4775
3 5171 5172 4775
3 5173 4776 4775
3 5172 5173 4775
3 5174 4779 4776
3 5173 5174 4776
3 4777 5175 5170
3 5175 4777 4778
3 5175 4778 5176
3 4781 5176 4778
3 5174 5177 4779
3 5178 4780 4779
3 5177 5178 4779
3 5178 4948 4780
3 4781 5179 5176
3 4781 4782 5180
3 4781 5180 5179
3 4804 5180 4782
3 4789 4785 5181
3 4785 4786 5182
3 4785 5182 5181
3 4786 4787 5183
3 4786 5183 5182
3 4787 4788 5184
3 4787 5184 5183
3 4788 4792 5185
3 4788 5185 5184
3 4789 5181 5186
3 4790 4789 5186
3 4790 5186 5187
3 4793 4790 5187
3 4803 4792 4791
3 5188 5185 4792
3 4803 5188 4792
3 4793 5187 5189
3 4794 4793 5189
3 4795 4794 5190
3 4794 5189 5190
3 4795 5190 5191
3 4796 4795 5191
3 4796 5191 5192
3 4797 4796 5192
3 4797 5192 5193
3 4798 4797 5193
3 4798 5193 5194
3 4799 4798 5194
3 4799 5194 5195
3 4802 4799 5195
3 4800 5196 5197
3 4800 5197 4801
3 5196 4800 4802
3 4809 4801 5197
3 4802 5195 5198
3 5196 4802 5198
3 5188 4803 5158
3 4804 4805 5199
3 5180 4804 5199
3 5200 5199 4805
3 5201 5200 4805
3 5201 4805 4807
3 4806 4808 5202
3 4806 5202 4807
3 5203 5201 4807
3 5203 4807 5202
3 4808 4809 5204
3 4808 5204 5202
3 4809 5197 5205
3 5205 5204 4809
3 4810 4813 5206
3 4810 5206 5207
3 4810 5207 4811
3 5208 4812 4811
3 5208 4811 5207
3 5208 4814 4812
3 4854 4871 4813
3 5209 5206 4813
3 5209 4813 5210
3 5210 4813 4871
3 5208 5211 4814
3 4844 4814 5211
3 5212 5213 4815
3 5212 4815 4817
3 5213 4816 4815
3 5214 4819 4816
3 5213 5214 4816
3 5215 5212 4817
3 5215 4817 5216
3 4818 5216 4817
3 4818 4823 5216
3 5214 5217 4819
3 5217 4824 4819
3 5218 4823 4820
3 5218 4820 4822
3 4821 4833 5219
3 4821 5219 4822
3 5220 5218 4822
3 5220 4822 5219
3 4823 5218 5221
3 4823 5221 5216
3 5222 4825 4824
3 5217 5222 4824
3 5222 5223 4825
3 5223 4826 4825
3 5224 4827 4826
3 5223 5224 4826
3 5224 5225 4827
3 5225 4828 4827
3 5226 4845 4828
3 5225 5226 4828
3 5227 4829 4838
3 4829 5227 5228
3 4829 5228 4830
3 5229 4832 4830
3 5229 4830 5230
3 5231 5230 4830
3 5232 5231 4830
3 5232 4830 5228
3 4831 5233 4835
3 4831 4832 5234
3 4831 5234 5233
3 5235 5234 4832
3 5235 4832 5229
3 4833 5236 5237
3 4833 5237 5219
3 5236 4833 4834
3 5236 4834 5238
3 4837 5238 4834
3 5239 4835 5233
3 5240 4836 4835
3 5240 4835 5239
3 4837 4836 5241
3 5240 5241 4836
3 5242 4837 5241
3 4837 5242 5238
3 5227 4838 5243
3 4839 5243 4838
3 4839 5244 5243
3 4839 4841 5245
3 4839 5245 5244
3 5246 4841 4840
3 5246 4840 4842
3 5246 5245 4841
3 5246 4842 5247
3 5248 5247 4842
3 5249 5248 4842
3 5249 4842 4843
3 4844 5250 4843
3 4843 5250 5251
3 4843 5251 5249
3 4844 5211 5252
3 4844 5252 5250
3 5226 5253 4845
3 4846 4845 5254
3 5253 5254 4845
3 5255 4846 5254
3 4846 5255 4847
3 5256 4847 5255
3 4848 4847 5256
3 4848 5257 4849
3 5257 4848 5256
3 5258 4850 4849
3 5258 4849 5259
3 5260 5259 4849
3 5260 4849 5257
3 4850 5258 5261
3 4850 5261 4853
3 4852 5262 4851
3 4851 5262 5011
3 5263 5262 4852
3 5263 4852 5264
3 5264 4852 4853
3 5264 4853 5261
3 5265 4880 4855
3 5265 4855 4856
3 5266 5265 4856
3 5266 4856 4881
3 4879 5267 4857
3 4863 4857 5267
3 5268 4864 4858
3 5268 4858 4859
3 5268 4859 5269
3 4859 4860 5270
3 4859 5270 5269
3 4860 5271 5272
3 4860 5272 5270
3 5271 4860 4861
3 5271 4861 5273
3 4861 4862 5273
3 5274 5273 4862
3 4863 5274 4862
3 5274 4863 5275
3 4863 5267 5275
3 5268 5276 4864
3 4865 4864 5276
3 4865 5276 5277
3 4866 4865 5277
3 4866 5278 5279
3 4866 5279 4869
3 4866 5277 5278
3 5280 4868 4867
3 5281 4871 4868
3 5281 4868 5280
3 5280 4867 5282
3 4870 5282 4867
3 4870 4869 5279
3 4870 5279 5283
3 5282 4870 5283
3 5210 4871 5281
3 4872 4873 5284
3 4872 5284 5285
3 4875 4872 5285
3 4873 4874 5286
3 4873 5286 5284
3 4874 4880 5287
3 4874 5287 5286
3 4875 5285 5288
3 5289 4877 4875
3 5289 4875 5288
3 4878 4876 5290
3 4876 4877 5291
3 4876 5291 5290
3 4877 5289 5292
3 4877 5292 5291
3 4878 5293 4879
3 5293 4878 5290
3 4879 5294 5267
3 5293 5294 4879
3 4880 5265 5295
3 4880 5295 5287
3 5296 5266 4881
3 5296 4881 4891
3 4882 4935 5297
3 4883 4882 5297
3 4883 5297 5298
3 4885 4883 5298
3 4886 4884 5299
3 4884 4885 5300
3 4884 5300 5299
3 4885 5298 5300
3 4886 5299 5301
3 4887 4886 5301
3 4887 5301 5302
3 4889 4887 5302
3 4889 5302 5303
3 4888 4889 5303
3 4888 5303 5304
3 4890 4888 5304
3 4890 5304 5305
3 4891 4890 5305
3 5296 4891 5306
3 4891 5305 5306
3 4895 5307 4892
3 4893 4892 5307
3 4894 4893 5308
3 5308 4893 5307
3 5308 4915 4894
3 5307 4895 5309
3 4904 5309 4895
3 4896 5310 5311
3 4896 5311 4897
3 5310 4896 4910
3 5312 4898 4897
3 5312 4897 5311
3 4898 5312 5313
3 4898 5313 4900
3 5314 4899 4900
3 4899 5314 5315
3 4899 5315 4901
3 5314 4900 5313
3 5316 4902 4901
3 5316 4901 5315
3 4902 5316 5317
3 4902 5317 4909
3 5318 4903 4907
3 4903 5318 5319
3 4903 5319 4904
3 4904 5319 5320
3 4904 5320 5309
3 4905 4909 5321
3 4905 5321 4906
3 5322 4908 4906
3 5322 4906 5321
3 5318 4907 5323
3 4908 5323 4907
3 4908 5322 5324
3 4908 5324 5325
3 4908 5325 5323
3 4909 5317 5326
3 4909 5326 5321
3 5310 4910 5327
3 4913 5327 4910
3 4911 4914 5328
3 5329 4911 5328
3 4912 4911 5329
3 4913 4912 5330
3 5329 5330 4912
3 5331 4913 5330
3 4913 5331 5327
3 4914 4919 5332
3 4914 5332 5333
3 4914 5333 5328
3 5334 4916 4915
3 5308 5334 4915
3 5335 4917 4916
3 5334 5335 4916
3 5335 5336 4917
3 5336 4932 4917
3 4918 4928 5337
3 5337 4919 4918
3 5337 5338 4919
3 5332 4919 5338
3 4920 5339 5340
3 4920 5340 4921
3 5339 4920 4923
3 5341 4922 4921
3 5341 4921 5340
3 4922 5341 5342
3 4922 5342 4926
3 5339 4923 5343
3 4924 5343 4923
3 4924 5344 5343
3 5344 4924 4925
3 5344 4925 5345
3 4929 5345 4925
3 5346 4927 4926
3 5346 4926 5342
3 5346 4928 4927
3 5346 5347 4928
3 5347 5337 4928
3 4929 5348 5345
3 5348 4929 4930
3 5348 4930 5349
3 4937 5349 4930
3 5350 4933 4931
3 5351 5350 4931
3 5351 4931 4932
3 5336 5351 4932
3 5352 4936 4933
3 5350 5352 4933
3 4934 5353 4935
3 4934 4936 5354
3 5353 4934 5354
3 5353 5297 4935
3 5355 5354 4936
3 5352 5355 4936
3 4937 5356 5349
3 5356 4937 4975
3 5357 4940 4939
3 5357 4939 5358
3 4938 5358 4939
3 5359 4938 4942
3 4938 5359 5358
3 4940 5357 5360
3 4940 5360 4941
3 5361 4945 4941
3 5361 4941 5360
3 5359 4942 5362
3 4943 5362 4942
3 4947 5363 4944
3 4944 5363 5364
3 4944 5364 4943
3 4943 5364 5362
3 4945 5361 5365
3 4945 5365 4946
3 4946 5365 5366
3 4946 5366 4971
3 4961 5367 4947
3 4947 5367 5363
3 4948 5178 5368
3 4948 5368 5369
3 4949 4948 5369
3 4949 5369 4950
3 5370 4953 4950
3 5370 4950 5369
3 4954 4951 5371
3 4951 4952 5372
3 4951 5372 5371
3 4952 4953 5373
3 4952 5373 5372
3 4953 5370 5374
3 4953 5374 5373
3 4954 5371 5375
3 4958 4954 5375
3 4956 5376 5377
3 4956 5377 4960
3 5376 4956 4955
3 5376 4955 5378
3 4957 5378 4955
3 4957 5379 5378
3 4957 4958 5379
3 5379 4958 5380
3 4958 5375 5380
3 5381 5382 4960
3 5381 4960 5377
3 5382 4959 4960
3 5382 4968 4959
3 4963 5383 4961
3 4961 5383 5367
3 4963 4962 4965
3 4963 4965 5384
3 5385 4963 5384
3 4963 5385 5383
3 4964 5386 5387
3 4964 5387 5388
3 4964 5388 4965
3 5386 4964 4966
3 5388 5384 4965
3 5386 4966 5389
3 4966 4967 5390
3 4966 5390 5389
3 4967 4969 5391
3 4967 5391 5390
3 4968 5382 5392
3 4968 5392 5393
3 4969 4968 5393
3 4969 5393 5391
3 4970 5394 4972
3 5394 4970 4971
3 4971 5366 5395
3 4971 5395 5396
3 5394 4971 5396
3 4972 5397 5398
3 4972 5398 4973
3 5394 5397 4972
3 5399 4974 4973
3 5399 4973 5398
3 4974 5399 5400
3 4974 5400 4975
3 5356 4975 5400
3 5401 4979 4977
3 5402 5401 4977
3 5402 4977 4976
3 4978 4977 4979
3 5403 4976 4992
3 5404 5402 4976
3 5405 5404 4976
3 5405 4976 5403
3 5401 5406 4979
3 5406 4980 4979
3 5407 4981 4980
3 5406 5407 4980
3 4982 5408 5409
3 4982 5409 4989
3 5408 4982 4981
3 5408 4981 5410
3 5407 5410 4981
3 5411 4988 4983
3 5411 4983 4984
3 5412 5411 4984
3 5412 4984 4985
3 5413 5412 4985
3 5413 4985 4986
3 5413 4986 4989
3 4988 4990 4987
3 4988 5414 4990
3 5411 5414 4988
3 5413 4989 5415
3 5409 5415 4989
3 5037 4990 5414
3 4991 4993 5416
3 4991 5416 4992
3 5403 4992 5417
3 5418 5417 4992
3 5418 4992 5416
3 5419 5416 4993
3 5419 4993 4996
3 5420 4994 4998
3 4994 5420 5421
3 4994 5421 4995
3 5422 4997 4995
3 5422 4995 5421
3 4997 5422 5423
3 4997 5423 5424
3 4996 4997 5424
3 4996 5424 5419
3 5420 4998 5425
3 4999 5425 4998
3 5426 4999 5000
3 4999 5426 5425
3 5426 5000 5427
3 5001 5427 5000
3 5428 5001 5002
3 5001 5428 5427
3 5428 5002 5429
3 5003 5429 5002
3 5430 5003 5004
3 5003 5430 5429
3 5430 5004 5431
3 5005 5432 5004
3 5432 5431 5004
3 5005 5006 5433
3 5432 5005 5433
3 5433 5006 5434
3 5007 5434 5006
3 5007 5008 5435
3 5434 5007 5435
3 5436 5437 5008
3 5436 5008 5009
3 5438 5435 5008
3 5438 5008 5437
3 5439 5436 5009
3 5439 5009 5010
3 5440 5439 5010
3 5440 5010 5011
3 5011 5262 5263
3 5011 5263 5440
3 5441 5013 5012
3 5441 5012 5029
3 5013 5441 5442
3 5013 5442 5039
3 5443 5014 5020
3 5443 5028 5014
3 5015 5018 5444
3 5015 5444 5445
3 5446 5016 5015
3 5446 5015 5445
3 5016 5446 5447
3 5016 5447 5448
3 5017 5016 5448
3 5017 5448 5449
3 5019 5017 5449
3 5030 5444 5018
3 5450 5019 5449
3 5019 5450 5020
3 5450 5451 5020
3 5443 5020 5451
3 5021 5452 5453
3 5021 5453 5022
3 5452 5021 5024
3 5454 5023 5022
3 5454 5022 5453
3 5023 5454 5455
3 5023 5455 5029
3 5452 5024 5456
3 5024 5026 5457
3 5024 5457 5456
3 5025 5027 5458
3 5459 5026 5025
3 5459 5025 5458
3 5026 5459 5460
3 5026 5460 5457
3 5461 5458 5027
3 5028 5461 5027
3 5443 5462 5028
3 5461 5028 5462
3 5463 5441 5029
3 5463 5029 5455
3 5030 5464 5444
3 5031 5464 5030
3 5465 5031 5032
3 5031 5465 5464
3 5466 5467 5032
3 5466 5032 5035
3 5465 5032 5467
3 5034 5033 5468
3 5469 5468 5033
3 5469 5033 5038
3 5034 5468 5470
3 5034 5470 5036
3 5466 5035 5036
3 5466 5036 5471
3 5470 5471 5036
3 5037 5414 5038
3 5038 5414 5472
3 5038 5472 5469
3 5473 5049 5039
3 5473 5039 5442
3 5474 5040 5041
3 5040 5474 5138
3 5474 5041 5475
3 5045 5475 5041
3 5476 5042 5043
3 5042 5476 5477
3 5042 5477 5044
3 5476 5043 5478
3 5046 5478 5043
3 5479 5045 5044
3 5479 5044 5477
3 5045 5479 5475
3 5046 5480 5478
3 5480 5046 5047
3 5480 5047 5481
3 5048 5481 5047
3 5048 5482 5481
3 5482 5048 5049
3 5473 5483 5049
3 5482 5049 5483
3 5141 5050 5484
3 5050 5055 5484
3 5485 5054 5051
3 5485 5051 5052
3 5485 5052 5486
3 5487 5486 5052
3 5053 5488 5052
3 5488 5487 5052
3 5489 5053 5057
3 5053 5489 5488
3 5485 5490 5054
3 5490 5055 5054
3 5491 5484 5055
3 5490 5491 5055
3 5056 5111 5492
3 5056 5492 5057
3 5489 5057 5493
3 5492 5493 5057
3 5061 5058 5494
3 5059 5494 5058
3 5494 5059 5495
3 5060 5495 5059
3 5495 5060 5079
3 5071 5061 5496
3 5496 5061 5494
3 5497 5066 5062
3 5498 5497 5062
3 5498 5062 5063
3 5499 5498 5063
3 5499 5063 5065
3 5500 5065 5064
3 5501 5500 5064
3 5501 5064 5067
3 5500 5499 5065
3 5502 5074 5066
3 5497 5502 5066
3 5503 5501 5067
3 5503 5067 5068
3 5504 5503 5068
3 5504 5068 5073
3 5070 5071 5505
3 5070 5505 5506
3 5507 5070 5506
3 5070 5507 5069
3 5508 5509 5069
3 5508 5069 5507
3 5072 5069 5509
3 5510 5505 5071
3 5510 5071 5496
3 5511 5073 5072
3 5511 5072 5509
3 5073 5511 5512
3 5073 5512 5504
3 5502 5513 5074
3 5513 5078 5074
3 5075 5076 5514
3 5514 5515 5075
3 5077 5075 5515
3 5514 5076 5516
3 5076 5078 5516
3 5077 5515 5517
3 5077 5517 5518
3 5077 5518 5081
3 5519 5516 5078
3 5513 5519 5078
3 5080 5520 5079
3 5495 5079 5520
3 5521 5080 5133
3 5080 5521 5520
3 5522 5082 5081
3 5522 5081 5523
3 5518 5523 5081
3 5082 5522 5091
3 5524 5084 5083
3 5525 5524 5083
3 5525 5083 5086
3 5526 5085 5084
3 5524 5526 5084
3 5526 5527 5085
3 5527 5087 5085
3 5528 5525 5086
3 5528 5086 5089
3 5529 5088 5087
3 5527 5529 5087
3 5529 5530 5088
3 5530 5092 5088
3 5531 5528 5089
3 5531 5089 5090
3 5531 5090 5091
3 5531 5091 5532
3 5522 5532 5091
3 5533 5093 5092
3 5530 5533 5092
3 5533 5534 5093
3 5534 5094 5093
3 5535 5132 5094
3 5534 5535 5094
3 5095 5098 5536
3 5095 5536 5537
3 5096 5095 5537
3 5096 5537 5538
3 5097 5096 5538
3 5097 5538 5539
3 5100 5097 5539
3 5098 5099 5540
3 5098 5540 5536
3 5099 5126 5541
3 5099 5541 5540
3 5100 5539 5542
3 5101 5100 5542
3 5103 5102 5543
3 5544 5543 5102
3 5544 5102 5101
3 5101 5542 5544
3 5103 5543 5545
3 5545 5104 5103
3 5119 5104 5546
3 5545 5546 5104
3 5105 5547 5548
3 5105 5548 5106
3 5547 5105 5112
3 5549 5107 5106
3 5549 5106 5548
3 5107 5549 5550
3 5107 5550 5108
3 5551 5552 5109
3 5551 5109 5108
3 5552 5110 5109
3 5553 5551 5108
3 5553 5108 5550
3 5552 5111 5110
3 5111 5552 5554
3 5111 5554 5492
3 5555 5556 5112
3 5112 5113 5555
3 5547 5112 5556
3 5557 5555 5113
3 5557 5113 5114
3 5558 5557 5114
3 5558 5114 5115
3 5559 5558 5115
3 5559 5115 5117
3 5560 5559 5117
3 5560 5117 5561
3 5116 5561 5117
3 5116 5124 5561
3 5119 5123 5118
3 5119 5546 5562
3 5563 5119 5562
3 5119 5563 5123
3 5120 5122 5564
3 5120 5564 5565
3 5566 5121 5120
3 5566 5120 5565
3 5121 5566 5567
3 5121 5567 5125
3 5122 5123 5568
3 5122 5568 5569
3 5122 5569 5564
3 5563 5568 5123
3 5124 5570 5571
3 5124 5571 5561
3 5570 5124 5125
3 5570 5125 5567
3 5126 5128 5572
3 5126 5572 5541
3 5130 5573 5127
3 5127 5573 5574
3 5127 5574 5128
3 5128 5574 5575
3 5128 5575 5572
3 5576 5573 5130
3 5577 5576 5130
3 5577 5130 5129
3 5578 5577 5129
3 5578 5129 5131
3 5579 5578 5131
3 5579 5131 5132
3 5535 5579 5132
3 5521 5133 5580
3 5136 5580 5133
3 5581 5134 5139
3 5134 5581 5582
3 5134 5582 5135
3 5583 5136 5135
3 5583 5135 5582
3 5136 5583 5580
3 5137 5138 5584
3 5585 5137 5584
3 5137 5585 5139
3 5474 5584 5138
3 5585 5586 5139
3 5581 5139 5586
3 5141 5484 5587
3 5141 5587 5588
3 5141 5588 5140
3 5589 5143 5140
3 5589 5140 5588
3 5143 5589 5153
3 5590 5149 5144
3 5590 5144 5152
3 5145 5144 5149
3 5146 5145 5149
3 5148 5150 5147
3 5150 5148 5151
3 5590 5151 5148
3 5149 5590 5148
3 5590 5152 5151
3 5589 5591 5153
3 5592 5153 5591
3 5154 5153 5592
3 5154 5592 5593
3 5154 5593 5167
3 5594 5155 5159
3 5155 5594 5595
3 5155 5595 5156
3 5596 5157 5156
3 5596 5156 5595
3 5157 5596 5597
3 5157 5597 5158
3 5188 5158 5597
3 5594 5159 5598
3 5160 5598 5159
3 5599 5160 5161
3 5160 5599 5598
3 5162 5600 5161
3 5599 5161 5600
3 5601 5162 5163
3 5162 5601 5600
3 5601 5163 5602
3 5164 5602 5163
3 5164 5603 5602
3 5603 5164 5165
3 5603 5165 5604
3 5166 5604 5165
3 5166 5605 5604
3 5605 5166 5168
3 5606 5168 5167
3 5607 5606 5167
3 5607 5167 5593
3 5605 5168 5608
3 5606 5608 5168
3 5609 5169 5170
3 5609 5171 5169
3 5609 5170 5610
3 5175 5610 5170
3 5609 5611 5171
3 5171 5612 5172
3 5612 5171 5611
3 5612 5613 5172
3 5172 5613 5614
3 5172 5614 5615
3 5172 5615 5173
3 5174 5173 5616
3 5617 5616 5173
3 5617 5173 5615
3 5174 5616 5618
3 5177 5174 5618
3 5175 5619 5610
3 5619 5175 5176
3 5619 5176 5620
3 5179 5620 5176
3 5177 5618 5621
3 5177 5622 5178
3 5622 5177 5621
3 5622 5368 5178
3 5180 5199 5623
3 5179 5180 5623
3 5179 5624 5620
3 5179 5623 5624
3 5625 5186 5181
3 5626 5625 5181
3 5626 5181 5182
3 5627 5626 5182
3 5627 5182 5183
3 5628 5627 5183
3 5628 5183 5184
3 5628 5184 5185
3 5628 5185 5629
3 5188 5630 5185
3 5631 5629 5185
3 5631 5185 5630
3 5632 5187 5186
3 5625 5632 5186
3 5632 5633 5187
3 5633 5189 5187
3 5630 5188 5597
3 5634 5190 5189
3 5633 5634 5189
3 5635 5191 5190
3 5634 5635 5190
3 5636 5192 5191
3 5635 5636 5191
3 5636 5637 5192
3 5637 5193 5192
3 5638 5194 5193
3 5637 5638 5193
3 5638 5639 5194
3 5639 5195 5194
3 5640 5198 5195
3 5639 5640 5195
3 5205 5197 5641
3 5196 5641 5197
3 5196 5642 5641
3 5642 5196 5198
3 5642 5198 5643
3 5640 5643 5198
3 5644 5623 5199
3 5200 5644 5199
3 5644 5200 5645
3 5200 5201 5646
3 5200 5646 5645
3 5201 5203 5647
3 5201 5647 5646
3 5648 5203 5202
3 5648 5202 5204
3 5203 5648 5649
3 5203 5649 5647
3 5205 5650 5204
3 5648 5204 5650
3 5205 5641 5651
3 5651 5650 5205
3 5206 5209 5208
3 5206 5208 5207
3 5209 5211 5208
3 5209 5252 5211
3 5252 5209 5210
3 5252 5210 5250
3 5281 5250 5210
3 5215 5652 5212
3 5212 5652 5653
3 5212 5653 5213
3 5214 5213 5653
3 5214 5653 5654
3 5217 5214 5654
3 5215 5655 5656
3 5215 5656 5657
3 5655 5215 5216
3 5215 5657 5652
3 5655 5216 5221
3 5217 5654 5658
3 5222 5217 5658
3 5218 5220 5659
3 5218 5659 5221
3 5660 5220 5219
3 5660 5219 5237
3 5220 5660 5661
3 5220 5661 5659
3 5662 5655 5221
3 5662 5221 5659
3 5222 5658 5663
3 5223 5222 5663
3 5223 5663 5664
3 5224 5223 5664
3 5224 5664 5665
3 5225 5224 5665
3 5225 5665 5666
3 5226 5225 5666
3 5226 5666 5667
3 5253 5226 5667
3 5668 5227 5243
3 5668 5228 5227
3 5668 5669 5228
3 5232 5228 5669
3 5229 5230 5670
3 5229 5670 5671
3 5235 5229 5671
3 5672 5670 5230
3 5672 5230 5673
3 5231 5673 5230
3 5673 5231 5674
3 5675 5674 5231
3 5675 5231 5232
3 5232 5669 5675
3 5239 5233 5676
3 5677 5676 5233
3 5677 5233 5234
3 5678 5677 5234
3 5678 5234 5235
3 5235 5671 5679
3 5678 5235 5679
3 5236 5680 5681
3 5236 5681 5237
3 5680 5236 5238
3 5682 5660 5237
3 5682 5237 5681
3 5680 5238 5683
3 5242 5683 5238
3 5676 5684 5239
3 5239 5684 5685
3 5239 5685 5240
3 5686 5240 5685
3 5240 5686 5241
3 5242 5241 5687
3 5686 5687 5241
3 5688 5242 5687
3 5242 5688 5683
3 5668 5243 5689
3 5244 5689 5243
3 5247 5690 5245
3 5247 5245 5246
3 5244 5245 5690
3 5244 5691 5689
3 5244 5690 5691
3 5692 5690 5247
3 5248 5692 5247
3 5692 5248 5693
3 5694 5693 5248
3 5694 5248 5249
3 5694 5249 5251
3 5280 5251 5250
3 5281 5280 5250
3 5694 5251 5283
3 5282 5283 5251
3 5280 5282 5251
3 5253 5667 5695
3 5696 5253 5695
3 5253 5696 5254
3 5255 5254 5697
3 5696 5697 5254
3 5256 5255 5698
3 5698 5255 5697
3 5698 5699 5256
3 5257 5256 5699
3 5700 5260 5257
3 5700 5257 5699
3 5258 5701 5702
3 5258 5702 5261
3 5701 5258 5259
3 5701 5259 5703
3 5259 5260 5704
3 5259 5704 5703
3 5260 5700 5705
3 5260 5705 5704
3 5261 5702 5706
3 5261 5706 5264
3 5264 5707 5263
3 5440 5263 5707
3 5264 5706 5707
3 5265 5266 5708
3 5265 5708 5295
3 5296 5708 5266
3 5709 5275 5267
3 5709 5267 5294
3 5710 5268 5269
3 5710 5276 5268
3 5711 5269 5712
3 5710 5269 5711
3 5712 5269 5270
3 5712 5270 5713
3 5714 5713 5270
3 5714 5270 5272
3 5715 5714 5272
3 5715 5272 5716
3 5271 5716 5272
3 5271 5717 5716
3 5717 5271 5273
3 5717 5273 5718
3 5274 5718 5273
3 5274 5275 5719
3 5718 5274 5719
3 5720 5719 5275
3 5709 5720 5275
3 5710 5721 5276
3 5722 5277 5276
3 5722 5276 5721
3 5723 5278 5277
3 5723 5277 5722
3 5724 5725 5278
3 5278 5726 5727
3 5278 5727 5724
3 5278 5723 5728
3 5278 5728 5726
3 5729 5279 5278
3 5729 5278 5725
3 5729 5283 5279
3 5729 5694 5283
3 5730 5284 5731
3 5286 5731 5284
3 5732 5285 5284
3 5732 5284 5730
3 5732 5288 5285
3 5733 5286 5287
3 5286 5733 5731
3 5295 5734 5287
3 5733 5287 5734
3 5735 5712 5288
3 5732 5735 5288
3 5712 5289 5288
3 5714 5292 5289
3 5714 5289 5713
3 5712 5713 5289
3 5293 5290 5736
3 5737 5736 5290
3 5737 5290 5291
3 5738 5737 5291
3 5738 5291 5292
3 5715 5738 5292
3 5715 5292 5714
3 5293 5739 5294
3 5739 5293 5736
3 5709 5294 5740
3 5739 5740 5294
3 5295 5741 5734
3 5741 5295 5708
3 5296 5306 5742
3 5296 5742 5743
3 5296 5743 5744
3 5296 5744 5708
3 5745 5298 5297
3 5353 5745 5297
3 5745 5746 5298
3 5746 5300 5298
3 5747 5301 5299
3 5748 5747 5299
3 5748 5299 5300
3 5746 5748 5300
3 5749 5302 5301
3 5747 5749 5301
3 5749 5750 5302
3 5303 5302 5750
3 5303 5751 5752
3 5303 5752 5304
3 5303 5750 5751
3 5753 5305 5304
3 5753 5304 5752
3 5305 5753 5754
3 5305 5754 5306
3 5755 5742 5306
3 5755 5306 5754
3 5307 5309 5756
3 5308 5307 5756
3 5334 5308 5756
3 5756 5309 5320
3 5310 5757 5758
3 5310 5758 5311
3 5757 5310 5327
3 5759 5312 5311
3 5759 5311 5758
3 5312 5759 5760
3 5312 5760 5313
3 5761 5314 5313
3 5761 5313 5760
3 5762 5316 5315
3 5762 5315 5763
3 5314 5763 5315
3 5314 5761 5763
3 5316 5762 5764
3 5316 5764 5317
3 5317 5764 5765
3 5317 5765 5326
3 5766 5320 5319
3 5766 5319 5767
3 5318 5767 5319
3 5768 5318 5323
3 5318 5768 5767
3 5769 5770 5320
3 5769 5320 5766
3 5756 5320 5770
3 5771 5322 5321
3 5771 5321 5326
3 5322 5771 5772
3 5322 5772 5324
3 5773 5323 5325
3 5768 5323 5773
3 5773 5325 5774
3 5775 5774 5325
3 5775 5325 5324
3 5776 5775 5324
3 5776 5324 5772
3 5777 5771 5326
3 5777 5326 5765
3 5757 5327 5778
3 5331 5778 5327
3 5779 5328 5780
3 5781 5780 5328
3 5781 5328 5333
3 5782 5328 5779
3 5329 5328 5782
3 5329 5782 5330
3 5331 5330 5783
3 5784 5783 5330
3 5784 5330 5782
3 5785 5331 5783
3 5331 5785 5778
3 5332 5338 5786
3 5786 5333 5332
3 5786 5787 5333
3 5781 5333 5787
3 5335 5334 5770
3 5334 5756 5770
3 5335 5770 5769
3 5336 5335 5769
3 5336 5769 5788
3 5351 5336 5788
3 5789 5338 5337
3 5347 5789 5337
3 5789 5790 5338
3 5790 5786 5338
3 5339 5791 5792
3 5339 5792 5340
3 5791 5339 5343
3 5793 5341 5340
3 5793 5340 5792
3 5341 5793 5794
3 5341 5794 5342
3 5342 5794 5795
3 5342 5795 5346
3 5791 5343 5796
3 5344 5796 5343
3 5344 5797 5796
3 5797 5344 5345
3 5797 5345 5798
3 5348 5798 5345
3 5347 5346 5795
3 5347 5795 5799
3 5789 5347 5799
3 5348 5800 5798
3 5800 5348 5349
3 5800 5349 5801
3 5356 5801 5349
3 5352 5350 5802
3 5803 5802 5350
3 5803 5350 5351
3 5351 5788 5803
3 5352 5802 5804
3 5355 5352 5804
3 5353 5354 5805
3 5745 5353 5805
3 5806 5805 5354
3 5355 5806 5354
3 5806 5355 5807
3 5355 5804 5807
3 5356 5808 5801
3 5808 5356 5400
3 5809 5357 5358
3 5357 5809 5810
3 5357 5810 5360
3 5809 5358 5811
3 5359 5811 5358
3 5812 5359 5362
3 5359 5812 5811
3 5813 5361 5360
3 5813 5360 5810
3 5361 5813 5814
3 5361 5814 5365
3 5812 5362 5815
3 5364 5815 5362
3 5816 5364 5363
3 5816 5363 5817
3 5367 5817 5363
3 5364 5816 5815
3 5818 5366 5365
3 5818 5365 5814
3 5819 5395 5366
3 5819 5366 5818
3 5820 5367 5383
3 5367 5820 5817
3 5821 5370 5369
3 5821 5369 5368
3 5822 5821 5368
3 5822 5368 5823
3 5622 5823 5368
3 5370 5821 5824
3 5370 5824 5374
3 5825 5375 5371
3 5826 5825 5371
3 5826 5371 5372
3 5827 5826 5372
3 5827 5372 5373
3 5828 5827 5373
3 5828 5373 5374
3 5829 5828 5374
3 5829 5374 5824
3 5830 5380 5375
3 5825 5830 5375
3 5831 5381 5377
3 5831 5377 5832
3 5376 5832 5377
3 5376 5833 5832
3 5833 5376 5378
3 5833 5378 5834
3 5379 5834 5378
3 5379 5835 5834
3 5379 5380 5835
3 5835 5380 5836
3 5830 5836 5380
3 5381 5831 5837
3 5381 5837 5838
3 5382 5381 5838
3 5382 5838 5392
3 5820 5383 5839
3 5385 5839 5383
3 5840 5841 5384
3 5388 5840 5384
3 5385 5384 5841
3 5842 5385 5841
3 5385 5842 5839
3 5843 5386 5389
3 5386 5843 5844
3 5386 5844 5387
3 5840 5388 5387
3 5840 5387 5845
3 5844 5845 5387
3 5843 5389 5846
3 5390 5847 5389
3 5847 5848 5389
3 5848 5846 5389
3 5390 5849 5847
3 5849 5390 5391
3 5393 5850 5391
3 5849 5391 5850
3 5851 5852 5392
3 5851 5392 5838
3 5393 5392 5852
3 5393 5853 5850
3 5393 5852 5853
3 5394 5396 5397
3 5854 5397 5396
3 5854 5396 5395
3 5855 5854 5395
3 5855 5395 5819
3 5397 5854 5856
3 5397 5856 5398
3 5857 5399 5398
3 5857 5398 5856
3 5399 5857 5858
3 5399 5858 5400
3 5808 5400 5858
3 5401 5402 5859
3 5401 5859 5860
3 5406 5401 5860
3 5861 5859 5402
3 5861 5402 5862
3 5404 5862 5402
3 5403 5417 5863
3 5403 5863 5864
3 5405 5403 5864
3 5862 5404 5865
3 5866 5865 5404
3 5866 5404 5405
3 5405 5864 5867
3 5866 5405 5867
3 5406 5860 5868
3 5407 5406 5868
3 5407 5868 5869
3 5410 5407 5869
3 5870 5871 5409
3 5870 5409 5408
3 5409 5871 5872
3 5409 5872 5873
3 5409 5873 5415
3 5870 5408 5410
3 5870 5410 5874
3 5410 5869 5874
3 5411 5412 5875
3 5411 5875 5876
3 5411 5876 5414
3 5412 5413 5877
3 5412 5877 5875
3 5415 5877 5413
3 5878 5472 5414
3 5878 5414 5876
3 5415 5879 5877
3 5873 5879 5415
3 5880 5418 5416
3 5880 5416 5419
3 5417 5418 5881
3 5417 5881 5863
3 5418 5880 5882
3 5418 5882 5881
3 5883 5880 5419
3 5883 5419 5424
3 5422 5421 5884
3 5885 5884 5421
3 5885 5421 5420
3 5885 5420 5425
3 5886 5423 5422
3 5422 5884 5886
3 5887 5883 5424
3 5887 5424 5423
3 5888 5887 5423
3 5888 5423 5889
3 5886 5889 5423
3 5885 5425 5890
3 5426 5890 5425
3 5891 5426 5427
3 5426 5891 5890
3 5891 5427 5892
3 5428 5892 5427
3 5893 5428 5429
3 5428 5893 5892
3 5893 5429 5894
3 5430 5894 5429
3 5895 5430 5431
3 5430 5895 5894
3 5895 5431 5896
3 5897 5896 5431
3 5432 5897 5431
3 5432 5433 5898
3 5897 5432 5898
3 5433 5434 5899
3 5899 5898 5433
3 5899 5434 5900
3 5434 5435 5900
3 5435 5438 5901
3 5435 5901 5900
3 5436 5439 5902
3 5436 5902 5903
3 5437 5436 5903
3 5437 5903 5904
3 5905 5438 5437
3 5905 5437 5904
3 5438 5905 5906
3 5438 5906 5901
3 5907 5902 5439
3 5907 5439 5440
3 5440 5707 5907
3 5441 5463 5908
3 5441 5908 5442
3 5473 5442 5908
3 5909 5462 5443
3 5909 5443 5451
3 5910 5445 5911
3 5912 5911 5445
3 5912 5445 5444
3 5446 5445 5910
3 5912 5444 5464
3 5446 5913 5914
3 5446 5914 5447
3 5446 5910 5913
3 5915 5916 5447
3 5915 5447 5914
3 5916 5448 5447
3 5917 5449 5448
3 5916 5917 5448
3 5917 5918 5449
3 5450 5449 5918
3 5919 5450 5918
3 5450 5919 5451
3 5919 5920 5451
3 5909 5451 5920
3 5921 5453 5452
3 5921 5452 5456
3 5922 5453 5923
3 5922 5454 5453
3 5921 5923 5453
3 5924 5455 5454
3 5922 5924 5454
3 5925 5463 5455
3 5924 5925 5455
3 5910 5926 5456
3 5921 5456 5926
3 5457 5910 5456
3 5913 5457 5460
3 5457 5913 5910
3 5461 5927 5458
3 5928 5459 5458
3 5928 5458 5927
3 5459 5928 5929
3 5459 5929 5460
3 5913 5460 5914
3 5915 5914 5460
3 5915 5460 5929
3 5461 5462 5930
3 5927 5461 5930
3 5909 5931 5462
3 5931 5930 5462
3 5932 5908 5463
3 5925 5932 5463
3 5912 5464 5933
3 5934 5933 5464
3 5934 5464 5465
3 5935 5934 5465
3 5935 5465 5467
3 5936 5937 5467
3 5937 5938 5467
3 5467 5938 5939
3 5467 5939 5935
3 5940 5936 5467
3 5940 5467 5466
3 5940 5466 5471
3 5941 5470 5468
3 5941 5468 5942
3 5469 5942 5468
3 5469 5472 5942
3 5470 5941 5471
3 5940 5471 5943
3 5941 5943 5471
3 5472 5878 5944
3 5472 5944 5942
3 5473 5945 5483
3 5473 5908 5946
3 5473 5946 5947
3 5473 5947 5945
3 5948 5474 5475
3 5474 5948 5584
3 5948 5475 5949
3 5479 5949 5475
3 5950 5476 5478
3 5476 5950 5951
3 5476 5951 5477
3 5952 5479 5477
3 5952 5477 5951
3 5950 5478 5953
3 5953 5478 5480
3 5479 5952 5949
3 5953 5480 5954
3 5955 5954 5480
3 5955 5480 5481
3 5956 5955 5481
3 5956 5481 5482
3 5957 5956 5482
3 5957 5482 5483
3 5958 5957 5483
3 5958 5483 5945
3 5491 5959 5484
3 5959 5587 5484
3 5486 5960 5485
3 5490 5485 5960
3 5486 5961 5960
3 5962 5961 5486
3 5487 5962 5486
3 5962 5487 5963
3 5964 5963 5487
3 5964 5487 5965
3 5488 5965 5487
3 5489 5966 5488
3 5488 5966 5967
3 5488 5967 5965
3 5968 5489 5493
3 5489 5968 5966
3 5490 5960 5969
3 5491 5490 5969
3 5491 5969 5970
3 5959 5491 5970
3 5971 5492 5554
3 5492 5971 5493
3 5968 5493 5972
3 5971 5972 5493
3 5496 5494 5973
3 5494 5495 5973
3 5973 5495 5520
3 5510 5496 5973
3 5502 5497 5974
3 5497 5498 5975
3 5497 5975 5974
3 5498 5499 5976
3 5498 5976 5975
3 5499 5500 5977
3 5499 5977 5976
3 5501 5503 5978
3 5501 5978 5979
3 5500 5501 5979
3 5500 5979 5977
3 5502 5974 5980
3 5513 5502 5980
3 5503 5504 5981
3 5503 5981 5978
3 5982 5981 5504
3 5982 5504 5512
3 5983 5984 5505
3 5983 5505 5510
3 5984 5506 5505
3 5507 5506 5985
3 5986 5985 5506
3 5984 5986 5506
3 5508 5507 5985
3 5508 5985 5987
3 5508 5987 5988
3 5508 5988 5989
3 5989 5509 5508
3 5989 5511 5509
3 5510 5990 5991
3 5510 5991 5983
3 5510 5973 5990
3 5511 5989 5992
3 5511 5992 5512
3 5993 5982 5512
3 5993 5512 5992
3 5513 5980 5994
3 5519 5513 5994
3 5514 5516 5995
3 5514 5995 5515
3 5996 5515 5995
3 5997 5515 5996
3 5998 5517 5515
3 5998 5515 5997
3 5999 5995 5516
3 5999 5516 6000
3 5519 6000 5516
3 6001 5518 5517
3 6001 5517 6002
3 5998 6002 5517
3 5518 6001 5523
3 5519 5994 6003
3 6000 5519 6003
3 5521 5990 5520
3 5973 5520 5990
3 5991 5521 5580
3 5521 5991 5990
3 5522 6004 5532
3 6004 5522 5523
3 6004 5523 6005
3 6001 6005 5523
3 5526 5524 6006
3 5524 5525 6007
3 5524 6007 6006
3 5525 5528 6008
3 5525 6008 6007
3 5526 6006 6009
3 5527 5526 6009
3 5527 6009 6010
3 5529 5527 6010
3 6011 6008 5528
3 6011 5528 5531
3 5529 6010 6012
3 5530 5529 6012
3 5530 6012 6013
3 5533 5530 6013
3 6011 5531 5532
3 6011 5532 6014
3 6004 6014 5532
3 5533 6013 6015
3 5534 5533 6015
3 5534 6015 6016
3 5535 5534 6016
3 5535 6016 6017
3 5579 5535 6017
3 6018 6019 5536
3 6018 5536 5540
3 6019 5537 5536
3 6020 5538 5537
3 6019 6020 5537
3 6020 6021 5538
3 6021 5539 5538
3 6022 5542 5539
3 6021 6022 5539
3 6023 6018 5540
3 6023 5540 5541
3 6024 6023 5541
3 6024 5541 5572
3 6022 6025 5542
3 6025 5544 5542
3 6026 6027 5543
3 6026 5543 5544
3 6027 5545 5543
3 6025 6026 5544
3 6028 5546 5545
3 6027 6028 5545
3 6028 6029 5546
3 6029 5562 5546
3 6030 5547 5556
3 5547 6030 6031
3 5547 6031 5548
3 6032 5549 5548
3 6032 5548 6031
3 5549 6032 6033
3 5549 6033 5550
3 6034 5553 5550
3 6034 5550 6033
3 5551 5553 6035
3 5551 6035 6036
3 5552 5551 6036
3 5552 6036 5554
3 5553 6034 6037
3 5553 6037 6035
3 6038 6039 5554
3 6038 5554 6036
3 5971 5554 6039
3 5555 5557 6040
3 5555 6040 6041
3 5555 6041 5556
3 6042 5556 6041
3 6030 5556 6042
3 5557 5558 6043
3 5557 6043 6040
3 5558 5559 6044
3 5558 6044 6043
3 5559 5560 6045
3 5559 6045 6044
3 5560 6046 6047
3 5560 6047 6045
3 6046 5560 5561
3 6046 5561 5571
3 5563 6048 5568
3 6048 5563 6049
3 5563 5562 6049
3 6050 6049 5562
3 6029 6050 5562
3 6051 5565 5564
3 6052 6051 5564
3 6052 5564 5569
3 6051 6053 5565
3 6054 5566 5565
3 6055 6054 5565
3 6053 6055 5565
3 6056 5567 5566
3 6054 6056 5566
3 6057 5570 5567
3 6056 6057 5567
3 6048 5569 5568
3 6048 6058 5569
3 6058 6052 5569
3 6059 6046 5571
3 6059 5571 6060
3 6060 5571 5570
3 6060 5570 6061
3 6057 6061 5570
3 6062 6024 5572
3 6062 5572 5575
3 5574 5576 6063
3 5574 6063 5575
3 5576 5574 5573
3 6064 6062 5575
3 6064 5575 6063
3 5576 5577 6065
3 5576 6065 6063
3 5577 5578 6066
3 5577 6066 6065
3 5578 5579 6067
3 5578 6067 6066
3 5579 6017 6067
3 5991 5580 6068
3 5583 6068 5580
3 6069 5581 5586
3 5581 6069 6070
3 5581 6070 5582
3 5582 6070 6071
3 5582 6071 5583
3 5583 6071 6068
3 5585 5584 6072
3 5948 6072 5584
3 6073 5585 6072
3 5585 6073 5586
3 6073 6074 5586
3 6069 5586 6074
3 6075 5588 5587
3 6075 5587 6076
3 5959 6076 5587
3 6077 5589 5588
3 6077 5588 6075
3 5589 6077 5591
3 6077 6078 5591
3 5592 5591 6079
3 6080 6079 5591
3 6080 5591 6078
3 5592 6079 6081
3 5592 6081 5593
3 6082 5607 5593
3 6082 5593 6081
3 6083 5594 5598
3 5594 6083 6084
3 5594 6084 5595
3 6085 5596 5595
3 6085 5595 6084
3 5596 6085 6086
3 5596 6086 5597
3 5630 5597 6086
3 6083 5598 6087
3 5599 6087 5598
3 6088 5599 5600
3 5599 6088 6087
3 5601 6089 5600
3 6088 5600 6089
3 6090 5601 5602
3 5601 6090 6089
3 6090 5602 6091
3 5603 6091 5602
3 5603 6092 6091
3 6092 5603 5604
3 6092 5604 6093
3 5605 6093 5604
3 5605 6094 6093
3 6094 5605 5608
3 5606 5607 6095
3 5606 6095 6096
3 5608 5606 6096
3 6082 6095 5607
3 6094 5608 6097
3 5608 6096 6097
3 6098 5609 5610
3 5609 6098 6099
3 5609 6099 5611
3 6098 5610 6100
3 5619 6100 5610
3 6101 5611 6099
3 5612 5611 6101
3 5612 6102 5613
3 6102 5612 6101
3 6103 5614 5613
3 6103 5613 6104
3 6102 6104 5613
3 6105 6106 5614
3 6105 5614 6103
3 5615 5614 6106
3 5615 6106 5617
3 5849 5618 5616
3 5849 5616 5847
3 6107 5847 5616
3 6107 5616 5617
3 6108 6107 5617
3 6108 5617 6106
3 5618 5849 5850
3 5618 5850 5621
3 6109 5619 5620
3 5619 6109 6100
3 5624 6110 5620
3 6109 5620 6110
3 5622 5621 6111
3 5853 6111 5621
3 5853 5621 5850
3 5823 5622 6111
3 5624 5623 6112
3 5644 6112 5623
3 5624 6113 6110
3 5624 6112 6113
3 5632 5625 6114
3 5625 5626 6115
3 5625 6115 6114
3 5626 5627 6116
3 5626 6116 6115
3 5628 6116 5627
3 5629 6117 5628
3 5628 6117 6116
3 5629 6118 6117
3 6119 6118 5629
3 6119 5629 5631
3 5631 5630 6086
3 5631 6086 6120
3 5631 6120 6121
3 5631 6121 6119
3 5632 6114 6122
3 5633 5632 6122
3 5633 6122 6123
3 5634 5633 6123
3 5634 6123 6124
3 5635 5634 6124
3 5636 5635 6125
3 5635 6124 6125
3 5636 6125 6126
3 5637 5636 6126
3 5637 6126 6127
3 5638 5637 6127
3 5638 6127 6128
3 5639 5638 6128
3 5639 6128 6129
3 5640 5639 6129
3 5640 6129 6130
3 6130 5643 5640
3 5651 5641 6131
3 5642 6131 5641
3 5642 6132 6131
3 5643 6132 5642
3 5643 6133 6132
3 6130 6133 5643
3 5644 5645 6134
3 6112 5644 6134
3 6135 6134 5645
3 6136 6135 5645
3 6136 5645 5646
3 6137 6136 5646
3 6137 5646 5647
3 6138 6137 5647
3 6138 5647 5649
3 5648 5650 6139
3 6139 5649 5648
3 6139 6140 5649
3 6138 5649 6140
3 5651 6141 5650
3 6139 5650 6141
3 5651 6131 6142
3 6142 6141 5651
3 6143 5652 5657
3 5652 6143 6144
3 5652 6144 5653
3 6144 5654 5653
3 6145 5658 5654
3 6144 6145 5654
3 5655 5662 6146
3 5655 6146 5656
3 6147 5657 5656
3 5656 6146 6148
3 5656 6148 6147
3 6147 6149 5657
3 6143 5657 6150
3 6150 5657 6149
3 6145 6151 5658
3 6151 5663 5658
3 6152 5662 5659
3 6152 5659 5661
3 5660 5682 6153
3 5660 6153 5661
3 6154 6152 5661
3 6154 5661 6153
3 5662 6152 6155
3 5662 6155 6146
3 6156 5664 5663
3 6151 6156 5663
3 6156 6157 5664
3 6157 5665 5664
3 6158 5666 5665
3 6157 6158 5665
3 6159 5667 5666
3 6158 6159 5666
3 6160 5695 5667
3 6159 6160 5667
3 6161 5668 5689
3 6161 5669 5668
3 6162 5675 5669
3 6161 6163 5669
3 6164 6162 5669
3 6164 5669 6163
3 6165 5679 5671
3 6166 6165 5671
3 6166 5671 5670
3 6167 6166 5670
3 6167 5670 5672
3 6167 5672 6168
3 5672 5673 6169
3 5672 6169 6168
3 5673 5674 6169
3 6170 6171 5674
3 6170 5674 5675
3 6169 5674 6171
3 6162 6170 5675
3 5676 5677 6172
3 5676 6172 6173
3 5676 6173 5684
3 6174 6172 5677
3 6174 5677 5678
3 5678 5679 6175
3 6174 5678 6175
3 6165 6176 5679
3 6176 6175 5679
3 5680 6177 6178
3 5680 6178 5681
3 6177 5680 5683
3 6179 5682 5681
3 6179 5681 6178
3 5682 6179 6180
3 5682 6180 6153
3 6177 5683 6181
3 5688 6181 5683
3 6182 5685 5684
3 6182 5684 6183
3 6183 5684 6173
3 5686 5685 6184
3 5685 6182 6185
3 5685 6185 6184
3 6186 5686 6184
3 5686 6186 5687
3 5688 5687 6187
3 6186 6187 5687
3 6188 5688 6187
3 5688 6188 6181
3 6161 5689 6189
3 6189 5689 5691
3 6190 5691 5690
3 5692 6190 5690
3 6189 5691 6191
3 6190 6191 5691
3 5692 5693 6192
3 6190 5692 6192
3 6193 6192 5693
3 5729 6193 5693
3 5729 5693 5694
3 6160 6194 5695
3 5696 5695 6195
3 6194 6195 5695
3 6196 5696 6195
3 5696 6196 5697
3 5698 5697 6197
3 6196 6197 5697
3 6197 6198 5698
3 5698 6198 5699
3 6199 5700 5699
3 6199 5699 6198
3 5700 6199 6200
3 5700 6200 5705
3 5701 6201 6202
3 5701 6202 5702
3 6201 5701 5703
3 5706 5702 6202
3 6201 5703 6203
3 6204 6203 5703
3 6204 5703 5704
3 6205 6204 5704
3 6205 5704 5705
3 6206 6205 5705
3 6206 5705 6200
3 5706 6202 6207
3 6207 5707 5706
3 6207 6208 5707
3 6209 5907 5707
3 6209 5707 6208
3 5741 5708 5744
3 5740 6210 5709
3 5720 5709 6210
3 6211 5710 5711
3 6211 5721 5710
3 5711 5712 6212
3 5711 6212 6213
3 5711 6213 6214
3 6211 5711 6214
3 5735 6212 5712
3 6215 5738 5715
3 6215 5715 5716
3 6215 5716 6216
3 5717 6216 5716
3 5717 6217 6216
3 6217 5717 5718
3 6217 5718 6218
3 5718 5719 6218
3 6219 6218 5719
3 5720 6219 5719
3 6219 5720 6220
3 5720 6210 6220
3 6211 6221 5721
3 5722 5721 6221
3 5722 6221 5723
3 5723 6221 6222
3 5723 6222 5728
3 6223 5724 6224
3 5724 6223 5725
3 6224 5724 5727
3 6223 6225 5725
3 5725 6225 6193
3 5725 6193 5729
3 6226 6227 5727
3 6226 5727 5726
3 6224 5727 6227
3 5728 6226 5726
3 5728 6222 6226
3 5730 6228 6229
3 5730 6229 6230
3 5730 5731 6228
3 5732 5730 6230
3 6231 6228 5731
3 6231 5731 6232
3 5733 6232 5731
3 5732 6230 6233
3 6233 5735 5732
3 6234 5733 5734
3 5733 6234 6232
3 5741 6235 5734
3 6234 5734 6235
3 6212 5735 6236
3 6233 6236 5735
3 5739 5736 6237
3 5736 5737 6238
3 5736 6238 6237
3 5737 5738 6239
3 5737 6239 6238
3 6215 6239 5738
3 5739 6240 5740
3 6240 5739 6237
3 5740 6241 6210
3 6240 6241 5740
3 5741 6242 6235
3 6242 5741 5744
3 5742 5755 6243
3 5742 6243 5743
3 6244 6242 5743
3 6244 5743 6243
3 6242 5744 5743
3 5745 5805 6245
3 5746 5745 6245
3 5746 6245 6246
3 5748 5746 6246
3 5749 5747 6247
3 5747 5748 6248
3 5747 6248 6247
3 5748 6246 6248
3 5749 6247 6249
3 5750 5749 6249
3 5750 6249 6250
3 6251 5751 5750
3 6251 5750 6250
3 5751 6251 6252
3 5751 6252 5752
3 6253 5753 5752
3 6253 5752 6252
3 5753 6253 6254
3 5753 6254 5754
3 6255 5755 5754
3 6255 5754 6254
3 5755 6255 6256
3 5755 6256 6243
3 5757 6257 6258
3 5757 6258 5758
3 6257 5757 5778
3 6259 5759 5758
3 6259 5758 6258
3 5759 6259 6260
3 5759 6260 5760
3 6261 5761 5760
3 6261 5760 6260
3 5761 6261 6262
3 5761 6262 5763
3 5762 6263 6264
3 5762 6264 5764
3 6263 5762 5763
3 6263 5763 6262
3 5764 6264 6265
3 5764 6265 5765
3 6266 5777 5765
3 6266 5765 6265
3 5767 6267 6268
3 5767 6268 5766
3 5768 6267 5767
3 5766 6268 5788
3 5766 5788 5769
3 6269 5768 5773
3 5768 6269 6267
3 5777 5772 5771
3 5776 5772 6270
3 5777 6270 5772
3 5774 6271 5773
3 6269 5773 6271
3 5774 5775 6272
3 5774 6272 6273
3 5774 6273 6271
3 6274 6272 5775
3 6274 5775 5776
3 5776 6270 6275
3 6274 5776 6275
3 6266 6270 5777
3 6257 5778 6276
3 5785 6276 5778
3 5779 6277 6278
3 5779 6278 6279
3 5779 5780 6277
3 5782 5779 5784
3 5784 5779 6279
3 6280 6277 5780
3 6280 5780 6281
3 5781 6281 5780
3 5781 5787 6282
3 6282 6283 5781
3 5781 6283 6281
3 5785 5783 6279
3 5784 6279 5783
3 6284 5785 6279
3 5785 6284 6276
3 6285 5787 5786
3 5790 6285 5786
3 6285 6286 5787
3 6286 6282 5787
3 5788 6268 6287
3 5788 6287 5803
3 5789 5799 6288
3 5790 5789 6288
3 5790 6288 6289
3 6285 5790 6289
3 5791 6290 6291
3 5791 6291 5792
3 6290 5791 5796
3 6292 5793 5792
3 6292 5792 6291
3 5793 6292 6293
3 5793 6293 5794
3 6294 5795 5794
3 6294 5794 6293
3 6294 5799 5795
3 6290 5796 6295
3 5797 6295 5796
3 5797 6296 6295
3 6296 5797 5798
3 6296 5798 6297
3 5800 6297 5798
3 6294 6298 5799
3 6298 6288 5799
3 5800 6299 6297
3 6299 5800 5801
3 6299 5801 6300
3 5808 6300 5801
3 6301 5804 5802
3 6301 5802 5803
3 6301 5803 6287
3 6302 5807 5804
3 6301 6302 5804
3 5806 6303 5805
3 6303 6245 5805
3 5806 5807 6304
3 6303 5806 6304
3 6304 5807 6305
3 6302 6305 5807
3 5808 6306 6300
3 6306 5808 5858
3 6307 5813 5810
3 6307 5810 6308
3 5809 6308 5810
3 6309 5809 5811
3 5809 6309 6308
3 6309 5811 6310
3 5812 6310 5811
3 6311 5812 5815
3 5812 6311 6310
3 5813 6307 6312
3 5813 6312 5814
3 5814 6312 6313
3 5814 6313 5818
3 6311 5815 6314
3 5816 6314 5815
3 6315 5816 5817
3 5816 6315 6314
3 6315 5817 6316
3 5820 6316 5817
3 5818 6313 6317
3 5818 6317 5819
3 6318 5855 5819
3 6318 5819 6317
3 6319 5820 5839
3 5820 6319 6316
3 5821 5822 6320
3 5821 6320 5824
3 6321 6320 5822
3 5822 5823 6322
3 5822 6322 6321
3 5823 6111 6322
3 6323 5829 5824
3 6323 5824 6320
3 5830 5825 6324
3 5825 5826 6325
3 5825 6325 6324
3 5826 5827 6326
3 5826 6326 6325
3 5827 5828 6327
3 5827 6327 6326
3 5828 5829 6328
3 5828 6328 6327
3 5829 6323 6329
3 5829 6329 6328
3 5830 6324 6330
3 5836 5830 6330
3 5831 6331 6332
3 5831 6332 5837
3 6331 5831 5832
3 6331 5832 6333
3 5833 6333 5832
3 5833 6334 6333
3 6334 5833 5834
3 6334 5834 6335
3 5835 6335 5834
3 5835 6336 6335
3 5835 5836 6336
3 6336 5836 6337
3 5836 6330 6337
3 6338 5851 5838
3 6338 5838 5837
3 6339 6338 5837
3 6339 5837 6332
3 6319 5839 6340
3 5842 6340 5839
3 6341 5840 5845
3 5840 6341 5841
3 5842 5841 6342
3 6341 6342 5841
3 6343 5842 6342
3 5842 6343 6340
3 6344 5843 5846
3 5843 6344 6345
3 5843 6345 5844
3 6346 5844 6345
3 5844 6346 5845
3 6341 5845 6347
3 6346 6347 5845
3 6344 5846 6348
3 6349 6348 5846
3 5848 6349 5846
3 5847 6107 5848
3 6107 6350 5848
3 6349 5848 6350
3 5851 6338 6351
3 5851 6351 6321
3 5852 5851 6321
3 5852 6321 6322
3 5853 5852 6322
3 5853 6322 6111
3 5854 5855 6352
3 5854 6352 5856
3 5855 6318 6353
3 5855 6353 6352
3 6354 5857 5856
3 6354 5856 6352
3 5857 6354 6355
3 5857 6355 5858
3 6306 5858 6355
3 6356 5860 5859
3 6357 6358 5859
3 6357 5859 5861
3 6358 6359 5859
3 6360 6356 5859
3 6360 5859 6359
3 6361 5868 5860
3 6356 6361 5860
3 5862 6362 5861
3 5861 6362 6363
3 5861 6363 6357
3 5862 5865 6364
3 5862 6364 6362
3 6365 5864 5863
3 6366 6365 5863
3 6366 5863 5881
3 6365 6367 5864
3 6367 5867 5864
3 6364 5865 6368
3 6369 6368 5865
3 6369 5865 5866
3 5866 5867 6370
3 6369 5866 6370
3 6371 6370 5867
3 6367 6371 5867
3 6361 6372 5868
3 6372 5869 5868
3 6373 5874 5869
3 6373 5869 6374
3 6372 6374 5869
3 6375 5871 5870
3 6375 5870 5874
3 6375 6376 5871
3 6376 6377 5871
3 6378 5872 5871
3 6378 5871 6377
3 5873 5872 5942
3 5941 5942 5872
3 5941 5872 6378
3 5873 5942 5944
3 5873 5944 5879
3 6375 5874 6373
3 5877 5876 5875
3 5877 5878 5876
3 5878 5877 5879
3 5878 5879 5944
3 5880 5883 6379
3 5880 6379 5882
3 6380 6366 5881
3 6380 5881 5882
3 6381 6380 5882
3 6381 5882 6379
3 5883 5887 6382
3 5883 6382 6379
3 5885 6383 5884
3 6383 5886 5884
3 5885 6384 6383
3 6384 5885 5890
3 6385 5889 5886
3 6383 6385 5886
3 5887 5888 6386
3 5887 6386 6382
3 6387 6386 5888
3 6387 5888 6388
3 6388 5888 5889
3 6388 5889 6389
3 6385 6390 5889
3 6389 5889 6390
3 6384 5890 6391
3 5891 6391 5890
3 5891 6392 6391
3 6392 5891 5892
3 6392 5892 6393
3 5893 6393 5892
3 5893 6394 6393
3 6394 5893 5894
3 5895 6395 5894
3 6394 5894 6395
3 5895 6396 6395
3 6396 5895 5896
3 6396 5896 6397
3 5897 6398 5896
3 6398 6397 5896
3 5897 5898 6399
3 6398 5897 6399
3 5899 6400 5898
3 6400 6399 5898
3 5899 5900 6401
3 6401 6400 5899
3 6402 6401 5900
3 6402 5900 5901
3 6403 6402 5901
3 6403 5901 5906
3 6404 5902 5907
3 6404 5903 5902
3 6405 5904 5903
3 6404 6405 5903
3 6405 6406 5904
3 6407 5905 5904
3 6407 5904 6406
3 5905 6407 6408
3 5905 6408 5906
3 6409 6403 5906
3 6409 5906 6408
3 6404 5907 6209
3 5932 5946 5908
3 6410 5931 5909
3 6410 5909 5920
3 5910 5911 6411
3 5910 6411 5926
3 6412 6411 5911
3 6412 5911 6413
3 5911 5912 6414
3 5911 6414 6413
3 5933 6414 5912
3 5929 6415 5915
3 5916 5915 6415
3 5916 6415 6416
3 5917 5916 6416
3 5917 6416 6417
3 5918 5917 6417
3 5918 6417 6418
3 5919 5918 6418
3 5919 6419 5920
3 6419 5919 6418
3 6419 6420 5920
3 6410 5920 6420
3 5926 6421 5921
3 5921 6421 6422
3 5921 6422 5923
3 5922 6423 6424
3 5922 6424 6425
3 5922 5923 6423
3 5924 5922 6425
3 6426 6423 5923
3 6426 5923 6422
3 5924 6425 6427
3 5925 5924 6427
3 5932 5925 6428
3 5925 6427 6428
3 6411 6429 5926
3 5926 6429 6421
3 5927 5930 6430
3 6431 5928 5927
3 6431 5927 6430
3 5928 6431 6432
3 5928 6432 5929
3 5929 6432 6415
3 6433 6430 5930
3 5931 6433 5930
3 6410 6434 5931
3 6433 5931 6434
3 5932 6428 6435
3 5946 5932 6435
3 5933 6436 6414
3 5934 6436 5933
3 5934 5935 6436
3 6437 6436 5935
3 6437 5935 5939
3 6438 5936 6439
3 5936 6438 5937
3 6440 6439 5936
3 6440 5936 5940
3 6438 6441 5937
3 5937 6442 5938
3 6441 6442 5937
3 6443 5938 6442
3 5939 5938 6443
3 5939 6443 6437
3 5940 5943 6444
3 5940 6444 6440
3 5941 6378 5943
3 6377 6444 5943
3 6377 5943 6378
3 6445 5958 5945
3 6445 5945 5947
3 5946 6435 5947
3 6446 6445 5947
3 6446 5947 6435
3 6447 5948 5949
3 5948 6447 6072
3 6447 5949 6448
3 5952 6448 5949
3 6449 5950 5953
3 5950 6449 6450
3 5950 6450 5951
3 6451 5952 5951
3 6451 5951 6450
3 5952 6451 6448
3 6449 5953 6452
3 5953 5954 6453
3 5953 6453 6452
3 5954 5955 6454
3 5954 6454 6453
3 5955 5956 6455
3 5955 6455 6454
3 5956 5957 6456
3 5956 6456 6455
3 5957 5958 6457
3 5957 6457 6456
3 5958 6445 6458
3 5958 6458 6457
3 5959 5970 6459
3 6076 5959 6459
3 6460 5969 5960
3 6461 6460 5960
3 6461 5960 5961
3 6461 5961 6462
3 5962 6462 5961
3 5962 5963 6463
3 6462 5962 6463
3 6464 6465 5963
3 6464 5963 5964
3 6465 6463 5963
3 5964 6466 6467
3 5964 6467 6464
3 5965 6466 5964
3 5965 5967 6466
3 6056 6054 5966
3 6056 5966 5968
3 6468 5967 5966
3 6468 5966 6054
3 5967 6468 6469
3 5967 6469 6466
3 6057 6056 5968
3 6057 5968 5972
3 6460 6470 5969
3 6470 5970 5969
3 6471 6459 5970
3 6470 6471 5970
3 6472 5971 6039
3 5971 6472 5972
3 6061 6057 5972
3 6061 5972 6472
3 6473 5980 5974
3 6474 6473 5974
3 6474 5974 5975
3 6475 6474 5975
3 6475 5975 5976
3 6476 6475 5976
3 6476 5976 5977
3 6477 6476 5977
3 6477 5977 5979
3 6478 5979 5978
3 6479 6478 5978
3 6479 5978 5981
3 6478 6477 5979
3 6480 5994 5980
3 6473 6480 5980
3 5981 5982 6481
3 5981 6481 6479
3 5982 5993 6482
3 5982 6482 6481
3 6483 6484 5984
3 6483 5984 5983
3 5986 5984 6484
3 5983 5991 6068
3 5983 6068 6483
3 5987 5985 6485
3 5986 6485 5985
3 5986 6484 6486
3 6485 5986 6486
3 5987 6487 6488
3 5987 6488 5988
3 5987 6485 6487
3 6489 6490 5988
3 6489 5988 6488
3 6490 5989 5988
3 6490 5992 5989
3 6490 5993 5992
3 6490 6491 5993
3 6482 5993 6491
3 6480 6492 5994
3 6492 6003 5994
3 5996 5995 5999
3 5999 6493 5996
3 5997 5996 6494
3 6495 6494 5996
3 6495 5996 6493
3 5997 6494 6496
3 5997 6496 6497
3 5998 5997 6497
3 5998 6497 6498
3 6499 5998 6498
3 5998 6499 6002
3 5999 6000 6493
3 6000 6003 6493
3 6001 6500 6005
3 6500 6001 6002
3 6500 6002 6501
3 6499 6501 6002
3 6502 6493 6003
3 6492 6502 6003
3 6004 6503 6014
3 6503 6004 6005
3 6503 6005 6504
3 6500 6504 6005
3 6505 6009 6006
3 6506 6505 6006
3 6506 6006 6007
3 6507 6506 6007
3 6507 6007 6008
3 6508 6507 6008
3 6508 6008 6011
3 6509 6010 6009
3 6505 6509 6009
3 6509 6510 6010
3 6510 6012 6010
3 6508 6011 6014
3 6511 6013 6012
3 6510 6511 6012
3 6511 6512 6013
3 6512 6015 6013
3 6508 6014 6513
3 6503 6513 6014
3 6514 6016 6015
3 6512 6514 6015
3 6514 6515 6016
3 6515 6017 6016
3 6516 6067 6017
3 6515 6516 6017
3 6018 6023 6517
3 6018 6517 6518
3 6019 6018 6518
3 6019 6518 6519
3 6020 6019 6519
3 6020 6519 6520
3 6021 6020 6520
3 6021 6520 6521
3 6022 6021 6521
3 6022 6521 6522
3 6025 6022 6522
3 6023 6024 6523
3 6023 6523 6517
3 6024 6062 6524
3 6024 6524 6523
3 6025 6522 6525
3 6026 6025 6525
3 6026 6525 6526
3 6027 6026 6526
3 6027 6526 6527
3 6028 6027 6527
3 6028 6527 6528
3 6029 6028 6528
3 6029 6528 6529
3 6050 6029 6529
3 6530 6030 6042
3 6030 6530 6531
3 6030 6531 6031
3 6532 6032 6031
3 6532 6031 6531
3 6032 6532 6533
3 6032 6533 6033
3 6534 6034 6033
3 6534 6033 6533
3 6034 6534 6535
3 6034 6535 6037
3 6536 6036 6035
3 6537 6536 6035
3 6537 6035 6037
3 6536 6038 6036
3 6538 6537 6037
3 6538 6037 6535
3 6536 6539 6038
3 6038 6539 6540
3 6038 6540 6039
3 6472 6039 6540
3 6541 6542 6040
3 6541 6040 6043
3 6542 6041 6040
3 6042 6041 6543
3 6542 6543 6041
3 6543 6544 6042
3 6530 6042 6544
3 6545 6541 6043
3 6545 6043 6044
3 6546 6545 6044
3 6546 6044 6045
3 6547 6546 6045
3 6547 6045 6047
3 6046 6059 6548
3 6046 6548 6047
3 6549 6547 6047
3 6549 6047 6548
3 6048 6049 6550
3 6058 6048 6550
3 6050 6551 6049
3 6551 6550 6049
3 6050 6529 6552
3 6551 6050 6552
3 6051 6052 6553
3 6051 6553 6554
3 6053 6051 6554
3 6555 6553 6052
3 6058 6555 6052
3 6053 6554 6556
3 6557 6053 6556
3 6053 6557 6055
3 6055 6468 6054
3 6468 6055 6558
3 6557 6558 6055
3 6058 6550 6559
3 6555 6058 6559
3 6059 6539 6560
3 6059 6560 6548
3 6539 6059 6060
3 6539 6060 6540
3 6061 6540 6060
3 6061 6472 6540
3 6062 6064 6561
3 6062 6561 6524
3 6562 6064 6063
3 6562 6063 6065
3 6064 6562 6563
3 6064 6563 6561
3 6564 6562 6065
3 6564 6065 6066
3 6565 6564 6066
3 6565 6066 6067
3 6516 6565 6067
3 6068 6071 6566
3 6068 6566 6483
3 6567 6069 6074
3 6069 6567 6568
3 6069 6568 6070
3 6071 6070 6568
3 6071 6568 6566
3 6073 6072 6569
3 6447 6569 6072
3 6570 6073 6569
3 6073 6570 6074
3 6571 6074 6570
3 6567 6074 6571
3 6572 6077 6075
3 6572 6075 6573
3 6076 6573 6075
3 6076 6459 6574
3 6076 6574 6573
3 6077 6572 6078
3 6572 6575 6078
3 6576 6080 6078
3 6576 6078 6575
3 6079 6080 6577
3 6079 6577 6081
3 6080 6576 6578
3 6080 6578 6577
3 6579 6082 6081
3 6579 6081 6577
3 6579 6580 6082
3 6082 6580 6095
3 6581 6083 6087
3 6083 6581 6582
3 6083 6582 6084
3 6583 6085 6084
3 6583 6084 6582
3 6085 6583 6120
3 6085 6120 6086
3 6581 6087 6584
3 6088 6584 6087
3 6585 6088 6089
3 6088 6585 6584
3 6090 6586 6089
3 6585 6089 6586
3 6587 6090 6091
3 6090 6587 6586
3 6587 6091 6588
3 6092 6588 6091
3 6092 6589 6588
3 6589 6092 6093
3 6589 6093 6590
3 6094 6590 6093
3 6094 6591 6590
3 6591 6094 6097
3 6592 6095 6580
3 6592 6096 6095
3 6593 6097 6096
3 6592 6593 6096
3 6593 6594 6097
3 6591 6097 6594
3 6101 6099 6595
3 6596 6595 6099
3 6596 6099 6597
3 6098 6597 6099
3 6598 6098 6100
3 6098 6598 6597
3 6598 6100 6599
3 6109 6599 6100
3 6595 6600 6101
3 6102 6101 6600
3 6102 6601 6104
3 6601 6102 6600
3 6103 6104 6602
3 6103 6602 6603
3 6103 6603 6604
3 6103 6604 6105
3 6605 6602 6104
3 6605 6104 6601
3 6606 6108 6106
3 6606 6106 6105
3 6607 6606 6105
3 6607 6105 6604
3 6107 6108 6350
3 6108 6606 6608
3 6108 6608 6350
3 6609 6109 6110
3 6109 6609 6599
3 6113 6610 6110
3 6609 6110 6610
3 6113 6112 6611
3 6112 6134 6611
3 6113 6612 6610
3 6113 6611 6612
3 6613 6122 6114
3 6614 6613 6114
3 6614 6114 6115
3 6115 6116 6615
3 6115 6615 6614
3 6615 6116 6117
3 6615 6117 6616
3 6616 6117 6118
3 6616 6118 6617
3 6618 6617 6118
3 6618 6118 6119
3 6119 6121 6619
3 6119 6619 6618
3 6583 6620 6121
3 6583 6121 6120
3 6619 6121 6620
3 6621 6123 6122
3 6613 6621 6122
3 6621 6622 6123
3 6622 6124 6123
3 6623 6125 6124
3 6622 6623 6124
3 6624 6126 6125
3 6623 6624 6125
3 6625 6127 6126
3 6624 6625 6126
3 6626 6128 6127
3 6625 6626 6127
3 6627 6129 6128
3 6626 6627 6128
3 6627 6628 6129
3 6628 6130 6129
3 6133 6130 6629
3 6628 6629 6130
3 6142 6131 6630
3 6631 6630 6131
3 6631 6131 6132
3 6133 6631 6132
3 6133 6629 6632
3 6133 6632 6631
3 6633 6611 6134
3 6135 6633 6134
3 6135 6634 6635
3 6135 6635 6633
3 6136 6634 6135
3 6137 6636 6136
3 6136 6636 6634
3 6137 6637 6636
3 6138 6637 6137
3 6638 6639 6138
3 6138 6639 6637
3 6138 6140 6638
3 6139 6141 6640
3 6640 6140 6139
3 6640 6641 6140
3 6638 6140 6641
3 6142 6642 6141
3 6640 6141 6642
3 6142 6630 6643
3 6643 6642 6142
3 6145 6144 6644
3 6645 6644 6144
3 6645 6144 6143
3 6645 6143 6150
3 6145 6644 6646
3 6151 6145 6646
3 6647 6148 6146
3 6647 6146 6155
3 6647 6648 6148
3 6649 6147 6148
3 6649 6148 6648
3 6147 6649 6650
3 6147 6650 6149
3 6150 6149 6651
3 6652 6651 6149
3 6652 6149 6650
3 6645 6150 6653
3 6150 6651 6654
3 6150 6654 6653
3 6151 6646 6655
3 6156 6151 6655
3 6152 6154 6656
3 6152 6656 6155
3 6657 6154 6153
3 6657 6153 6180
3 6657 6656 6154
3 6658 6647 6155
3 6658 6155 6656
3 6156 6655 6659
3 6157 6156 6659
3 6157 6659 6660
3 6158 6157 6660
3 6158 6660 6661
3 6159 6158 6661
3 6160 6159 6662
3 6159 6661 6662
3 6160 6662 6663
3 6194 6160 6663
3 6664 6161 6189
3 6161 6664 6665
3 6161 6665 6163
3 6170 6162 6666
3 6162 6164 6667
3 6162 6667 6666
3 6668 6164 6163
3 6668 6163 6665
3 6164 6668 6669
3 6164 6669 6667
3 6165 6166 6670
3 6165 6670 6671
3 6176 6165 6671
3 6167 6670 6166
3 6167 6168 6672
3 6673 6167 6672
3 6167 6673 6670
3 6169 6674 6675
3 6169 6675 6168
3 6169 6171 6674
3 6672 6168 6675
3 6170 6666 6676
3 6171 6170 6676
3 6171 6676 6677
3 6678 6674 6171
3 6678 6171 6677
3 6679 6173 6172
3 6679 6172 6174
3 6183 6173 6679
3 6174 6175 6680
3 6679 6174 6680
3 6681 6680 6175
3 6176 6681 6175
3 6176 6671 6682
3 6681 6176 6682
3 6177 6673 6683
3 6177 6683 6178
3 6673 6177 6181
3 6684 6179 6178
3 6684 6178 6683
3 6179 6684 6685
3 6179 6685 6180
3 6686 6657 6180
3 6686 6180 6685
3 6673 6181 6670
3 6188 6670 6181
3 6182 6687 6688
3 6182 6688 6185
3 6687 6182 6183
3 6687 6183 6680
3 6679 6680 6183
3 6186 6184 6185
3 6689 6186 6185
3 6689 6185 6688
3 6186 6689 6187
3 6188 6187 6690
3 6690 6187 6689
3 6188 6690 6682
3 6188 6682 6671
3 6188 6671 6670
3 6664 6189 6691
3 6189 6191 6692
3 6189 6692 6691
3 6191 6190 6693
3 6190 6192 6693
3 6191 6693 6692
3 6694 6693 6192
3 6193 6694 6192
3 6694 6193 6225
3 6194 6663 6695
3 6696 6194 6695
3 6194 6696 6195
3 6196 6195 6697
3 6696 6697 6195
3 6698 6196 6697
3 6196 6698 6197
3 6197 6699 6198
3 6700 6699 6197
3 6700 6197 6698
3 6199 6198 6699
3 6199 6701 6702
3 6199 6702 6200
3 6199 6699 6701
3 6200 6702 6703
3 6200 6703 6206
3 6704 6207 6202
3 6704 6202 6705
3 6201 6705 6202
3 6201 6706 6705
3 6201 6203 6707
3 6201 6707 6706
3 6203 6204 6708
3 6203 6708 6707
3 6205 6708 6204
3 6205 6709 6708
3 6206 6709 6205
3 6710 6206 6703
3 6206 6710 6709
3 6704 6208 6207
3 6704 6711 6208
3 6208 6711 6712
3 6208 6712 6209
3 6404 6209 6712
3 6713 6220 6210
3 6713 6210 6241
3 6714 6211 6214
3 6714 6221 6211
3 6212 6236 6213
3 6715 6214 6213
3 6716 6715 6213
3 6716 6213 6236
3 6715 6717 6214
3 6714 6214 6717
3 6718 6239 6215
3 6718 6215 6216
3 6718 6216 6719
3 6217 6719 6216
3 6217 6720 6719
3 6720 6217 6218
3 6720 6218 6721
3 6219 6721 6218
3 6219 6220 6722
3 6721 6219 6722
3 6723 6722 6220
3 6713 6723 6220
3 6714 6222 6221
3 6724 6226 6222
3 6724 6222 6714
3 6725 6726 6224
3 6224 6227 6727
3 6224 6727 6725
3 6223 6224 6726
3 6728 6223 6726
3 6223 6728 6225
3 6694 6225 6728
3 6227 6226 6724
3 6227 6724 6727
3 6228 6231 6729
3 6228 6729 6229
3 6730 6230 6229
3 6731 6730 6229
3 6731 6229 6729
3 6730 6732 6230
3 6233 6230 6732
3 6231 6733 6734
3 6231 6734 6729
3 6733 6231 6232
3 6735 6232 6234
3 6733 6232 6735
3 6233 6732 6736
3 6736 6236 6233
3 6735 6234 6737
3 6737 6234 6235
3 6738 6235 6242
3 6737 6235 6738
3 6736 6716 6236
3 6240 6237 6739
3 6740 6739 6237
3 6740 6237 6238
3 6741 6740 6238
3 6741 6238 6239
3 6718 6741 6239
3 6240 6742 6241
3 6742 6240 6739
3 6713 6241 6743
3 6742 6743 6241
3 6738 6242 6244
3 6244 6243 6256
3 6244 6256 6744
3 6738 6244 6744
3 6745 6246 6245
3 6303 6745 6245
3 6745 6746 6246
3 6746 6248 6246
3 6747 6249 6247
3 6748 6747 6247
3 6748 6247 6248
3 6746 6748 6248
3 6749 6250 6249
3 6747 6749 6249
3 6749 6750 6250
3 6750 6251 6250
3 6751 6252 6251
3 6750 6751 6251
3 6751 6752 6252
3 6752 6253 6252
3 6753 6254 6253
3 6752 6753 6253
3 6754 6255 6254
3 6753 6754 6254
3 6755 6256 6255
3 6754 6755 6255
3 6755 6744 6256
3 6257 6756 6757
3 6257 6757 6258
3 6756 6257 6276
3 6758 6259 6258
3 6758 6258 6757
3 6259 6758 6759
3 6259 6759 6260
3 6760 6261 6260
3 6760 6260 6759
3 6261 6760 6761
3 6261 6761 6262
3 6762 6263 6262
3 6762 6262 6761
3 6263 6762 6763
3 6263 6763 6264
3 6264 6763 6764
3 6264 6764 6265
3 6765 6266 6265
3 6765 6265 6764
3 6765 6766 6266
3 6266 6766 6270
3 6269 6767 6267
3 6287 6268 6267
3 6287 6267 6767
3 6269 6768 6767
3 6768 6269 6271
3 6766 6275 6270
3 6768 6271 6769
3 6769 6271 6273
3 6770 6273 6272
3 6771 6770 6272
3 6771 6272 6274
3 6769 6273 6772
3 6770 6772 6273
3 6274 6275 6773
3 6771 6274 6773
3 6774 6773 6275
3 6766 6774 6275
3 6756 6276 6775
3 6284 6775 6276
3 6284 6279 6278
3 6277 6280 6776
3 6277 6776 6278
3 6777 6284 6278
3 6777 6278 6776
3 6280 6778 6779
3 6280 6779 6776
3 6778 6280 6281
3 6778 6281 6780
3 6780 6281 6283
3 6781 6782 6282
3 6286 6781 6282
3 6282 6782 6283
3 6780 6283 6783
3 6783 6283 6782
3 6284 6777 6775
3 6285 6289 6784
3 6286 6285 6784
3 6286 6784 6785
3 6781 6286 6785
3 6287 6767 6786
3 6287 6786 6301
3 6787 6289 6288
3 6298 6787 6288
3 6787 6788 6289
3 6788 6784 6289
3 6290 6789 6790
3 6290 6790 6291
3 6789 6290 6295
3 6791 6292 6291
3 6791 6291 6790
3 6292 6791 6792
3 6292 6792 6293
3 6793 6294 6293
3 6793 6293 6792
3 6793 6298 6294
3 6789 6295 6794
3 6296 6794 6295
3 6296 6795 6794
3 6795 6296 6297
3 6795 6297 6796
3 6299 6796 6297
3 6793 6797 6298
3 6787 6298 6797
3 6299 6798 6796
3 6798 6299 6300
3 6798 6300 6799
3 6306 6799 6300
3 6301 6786 6800
3 6301 6800 6302
3 6302 6800 6801
3 6302 6801 6305
3 6303 6304 6802
3 6745 6303 6802
3 6304 6305 6803
3 6803 6802 6304
3 6804 6803 6305
3 6804 6305 6801
3 6306 6805 6799
3 6805 6306 6355
3 6806 6307 6308
3 6307 6806 6807
3 6307 6807 6312
3 6806 6308 6808
3 6309 6808 6308
3 6309 6809 6808
3 6809 6309 6310
3 6809 6310 6810
3 6311 6810 6310
3 6311 6811 6810
3 6811 6311 6314
3 6812 6313 6312
3 6812 6312 6807
3 6813 6317 6313
3 6813 6313 6812
3 6315 6814 6314
3 6811 6314 6814
3 6315 6815 6814
3 6815 6315 6316
3 6815 6316 6816
3 6319 6816 6316
3 6817 6318 6317
3 6817 6317 6813
3 6318 6817 6818
3 6318 6818 6353
3 6319 6819 6816
3 6819 6319 6340
3 6321 6351 6320
3 6323 6320 6351
3 6323 6351 6820
3 6820 6329 6323
3 6330 6324 6821
3 6822 6821 6324
3 6822 6324 6325
3 6823 6822 6325
3 6823 6325 6326
3 6824 6823 6326
3 6824 6326 6327
3 6327 6328 6825
3 6327 6825 6824
3 6826 6825 6328
3 6826 6328 6329
3 6329 6827 6828
3 6329 6828 6826
3 6820 6827 6329
3 6330 6821 6829
3 6829 6337 6330
3 6830 6339 6332
3 6830 6332 6831
3 6331 6831 6332
3 6331 6832 6831
3 6832 6331 6333
3 6832 6333 6833
3 6334 6833 6333
3 6334 6834 6833
3 6834 6334 6335
3 6834 6335 6835
3 6336 6835 6335
3 6336 6836 6835
3 6336 6337 6836
3 6836 6337 6837
3 6829 6837 6337
3 6338 6339 6820
3 6338 6820 6351
3 6339 6830 6827
3 6339 6827 6820
3 6819 6340 6838
3 6343 6838 6340
3 6839 6341 6347
3 6341 6839 6342
3 6343 6342 6840
3 6839 6840 6342
3 6343 6841 6838
3 6841 6343 6840
3 6842 6344 6348
3 6842 6345 6344
3 6842 6843 6345
3 6843 6844 6345
3 6346 6345 6844
3 6845 6346 6844
3 6346 6845 6347
3 6839 6347 6846
3 6845 6846 6347
3 6842 6348 6847
3 6349 6848 6348
3 6848 6847 6348
3 6349 6350 6849
3 6848 6349 6849
3 6850 6849 6350
3 6850 6350 6608
3 6851 6354 6352
3 6851 6352 6353
3 6852 6851 6353
3 6852 6353 6818
3 6354 6851 6853
3 6354 6853 6355
3 6805 6355 6853
3 6356 6854 6855
3 6356 6855 6361
3 6360 6854 6356
3 6357 6856 6857
3 6357 6857 6358
3 6856 6357 6363
3 6358 6858 6359
3 6358 6857 6859
3 6358 6859 6858
3 6858 6860 6359
3 6359 6860 6861
3 6359 6861 6360
3 6360 6861 6854
3 6372 6361 6855
3 6364 6862 6362
3 6863 6363 6362
3 6863 6362 6862
3 6856 6363 6864
3 6863 6864 6363
3 6364 6865 6862
3 6364 6368 6865
3 6365 6366 6866
3 6365 6866 6867
3 6367 6365 6867
3 6366 6380 6868
3 6366 6868 6866
3 6367 6867 6869
3 6371 6367 6869
3 6865 6368 6870
3 6871 6870 6368
3 6871 6368 6369
3 6369 6370 6872
3 6871 6369 6872
3 6371 6873 6370
3 6873 6872 6370
3 6371 6869 6874
3 6873 6371 6874
3 6372 6855 6875
3 6374 6372 6875
3 6373 6876 6376
3 6373 6376 6375
3 6374 6876 6373
3 6374 6875 6877
3 6374 6877 6876
3 6376 6878 6377
3 6878 6376 6876
3 6878 6444 6377
3 6879 6381 6379
3 6879 6379 6382
3 6380 6381 6880
3 6380 6880 6868
3 6381 6879 6881
3 6381 6881 6880
3 6882 6879 6382
3 6882 6382 6386
3 6384 6883 6383
3 6383 6883 6884
3 6383 6884 6385
3 6384 6885 6883
3 6885 6384 6391
3 6390 6385 6884
3 6886 6882 6386
3 6886 6386 6387
3 6886 6387 6887
3 6387 6388 6888
3 6387 6888 6887
3 6388 6389 6889
3 6388 6889 6888
3 6389 6890 6891
3 6389 6891 6889
3 6389 6390 6890
3 6390 6884 6892
3 6893 6890 6390
3 6893 6390 6892
3 6885 6391 6894
3 6392 6894 6391
3 6392 6895 6894
3 6895 6392 6393
3 6895 6393 6896
3 6394 6896 6393
3 6394 6897 6896
3 6897 6394 6395
3 6396 6898 6395
3 6897 6395 6898
3 6396 6899 6898
3 6899 6396 6397
3 6899 6397 6900
3 6901 6900 6397
3 6398 6901 6397
3 6398 6399 6902
3 6901 6398 6902
3 6903 6902 6399
3 6400 6903 6399
3 6401 6904 6400
3 6400 6904 6905
3 6400 6905 6903
3 6402 6904 6401
3 6402 6403 6906
3 6402 6906 6907
3 6402 6907 6904
3 6908 6906 6403
3 6908 6403 6409
3 6404 6712 6909
3 6405 6404 6909
3 6405 6909 6910
3 6405 6910 6911
3 6405 6911 6406
3 6912 6407 6406
3 6912 6406 6911
3 6912 6408 6407
3 6912 6913 6408
3 6409 6408 6913
3 6409 6913 6914
3 6908 6409 6914
3 6915 6410 6420
3 6915 6434 6410
3 6411 6412 6429
3 6916 6412 6413
3 6412 6916 6917
3 6412 6917 6429
3 6916 6413 6918
3 6919 6918 6413
3 6919 6413 6414
3 6919 6414 6436
3 6920 6416 6415
3 6920 6415 6432
3 6920 6921 6416
3 6921 6417 6416
3 6922 6418 6417
3 6921 6922 6417
3 6922 6923 6418
3 6419 6418 6923
3 6419 6924 6420
3 6924 6419 6923
3 6924 6925 6420
3 6915 6420 6925
3 6926 6426 6422
3 6926 6422 6927
3 6927 6422 6421
3 6927 6421 6928
3 6928 6421 6429
3 6423 6426 6929
3 6423 6929 6424
3 6930 6425 6424
3 6931 6930 6424
3 6931 6424 6929
3 6427 6425 6932
3 6930 6932 6425
3 6426 6926 6933
3 6426 6933 6929
3 6427 6932 6934
3 6934 6428 6427
3 6435 6428 6935
3 6934 6935 6428
3 6928 6429 6917
3 6433 6936 6430
3 6937 6431 6430
3 6937 6430 6936
3 6431 6937 6938
3 6431 6938 6432
3 6920 6432 6938
3 6433 6434 6939
3 6936 6433 6939
3 6915 6940 6434
3 6940 6939 6434
3 6435 6935 6446
3 6919 6436 6437
3 6437 6443 6941
3 6437 6941 6919
3 6438 6439 6942
3 6943 6438 6942
3 6438 6943 6441
3 6944 6942 6439
3 6944 6439 6440
3 6945 6944 6440
3 6945 6440 6444
3 6943 6946 6441
3 6441 6946 6947
3 6441 6947 6948
3 6441 6948 6442
3 6443 6442 6948
3 6941 6443 6948
3 6878 6945 6444
3 6446 6458 6445
3 6949 6446 6935
3 6446 6949 6458
3 6950 6447 6448
3 6447 6950 6569
3 6950 6448 6951
3 6451 6951 6448
3 6952 6449 6452
3 6449 6952 6953
3 6449 6953 6450
3 6954 6451 6450
3 6954 6450 6953
3 6451 6954 6951
3 6952 6452 6955
3 6453 6955 6452
3 6453 6956 6955
3 6956 6453 6454
3 6956 6454 6957
3 6455 6957 6454
3 6455 6958 6957
3 6958 6455 6456
3 6457 6959 6456
3 6958 6456 6959
3 6457 6960 6959
3 6960 6457 6458
3 6960 6458 6949
3 6961 6574 6459
3 6471 6961 6459
3 6461 6962 6963
3 6461 6963 6964
3 6461 6462 6962
3 6460 6461 6964
3 6460 6964 6965
3 6470 6460 6965
3 6962 6462 6966
3 6462 6463 6966
3 6967 6966 6463
3 6465 6967 6463
3 6464 6467 6968
3 6464 6968 6969
3 6464 6969 6970
3 6464 6970 6465
3 6465 6970 6971
3 6465 6971 6967
3 6972 6467 6466
3 6467 6972 6973
3 6467 6973 6968
3 6972 6466 6469
3 6468 6558 6469
3 6974 6972 6469
3 6974 6469 6558
3 6470 6965 6975
3 6471 6470 6975
3 6471 6975 6976
3 6961 6471 6976
3 6480 6473 6977
3 6473 6474 6978
3 6473 6978 6977
3 6474 6475 6979
3 6474 6979 6978
3 6475 6476 6980
3 6475 6980 6979
3 6476 6477 6981
3 6476 6981 6980
3 6477 6478 6982
3 6477 6982 6981
3 6478 6479 6983
3 6478 6983 6982
3 6984 6983 6479
3 6984 6479 6481
3 6480 6977 6985
3 6492 6480 6985
3 6986 6984 6481
3 6986 6481 6482
3 6482 6491 6987
3 6987 6986 6482
3 6566 6484 6483
3 6988 6486 6484
3 6566 6988 6484
3 6487 6485 6989
3 6485 6486 6989
3 6990 6989 6486
3 6988 6990 6486
3 6487 6991 6992
3 6487 6992 6488
3 6487 6989 6991
3 6488 6992 6993
3 6488 6993 6489
3 6994 6489 6993
3 6489 6994 6491
3 6489 6491 6490
3 6994 6987 6491
3 6492 6985 6995
3 6502 6492 6995
3 6502 6495 6493
3 6494 6495 6996
3 6494 6996 6496
3 6495 6502 6997
3 6495 6997 6996
3 6998 6497 6496
3 6999 6998 6496
3 6999 6496 6996
3 6998 7000 6497
3 7000 6498 6497
3 6499 7001 6501
3 7001 6499 7002
3 6499 6498 7002
3 7003 7002 6498
3 7000 7003 6498
3 6500 7004 6504
3 7004 6500 6501
3 7004 6501 7005
3 7001 7005 6501
3 6502 6995 6997
3 7006 6503 6504
3 6503 7006 6513
3 7006 6504 7007
3 7004 7007 6504
3 6509 6505 7008
3 6505 6506 7009
3 6505 7009 7008
3 6506 6507 7010
3 6506 7010 7009
3 6507 6508 7011
3 6507 7011 7010
3 6513 7011 6508
3 6509 7008 7012
3 6510 6509 7012
3 6510 7012 7013
3 6511 6510 7013
3 6511 7013 7014
3 6512 6511 7014
3 6512 7014 7015
3 6514 6512 7015
3 6513 7016 7011
3 7006 7016 6513
3 6514 7015 7017
3 6515 6514 7017
3 6515 7017 7018
3 6516 6515 7018
3 6516 7018 7019
3 6565 6516 7019
3 7020 6519 6518
3 7021 7020 6518
3 7021 6518 6517
3 7022 7021 6517
3 7022 6517 6523
3 7020 7023 6519
3 7023 6520 6519
3 7024 6521 6520
3 7023 7024 6520
3 7024 7025 6521
3 7025 6522 6521
3 7026 6525 6522
3 7025 7026 6522
3 7027 7022 6523
3 7027 6523 6524
3 7028 7027 6524
3 7028 6524 6561
3 7029 6526 6525
3 7026 7029 6525
3 7030 6527 6526
3 7029 7030 6526
3 7030 7031 6527
3 7031 6528 6527
3 7032 6529 6528
3 7031 7032 6528
3 7032 7033 6529
3 7033 6552 6529
3 7034 6531 6530
3 7035 6532 6531
3 7035 6531 7034
3 7034 6530 7036
3 7036 6530 6544
3 6532 7035 7037
3 6532 7037 6533
3 7038 6534 6533
3 7038 6533 7037
3 7039 6535 6534
3 7039 6534 7038
3 7040 6538 6535
3 7040 6535 7039
3 6536 6560 6539
3 6537 6560 6536
3 6538 7041 6537
3 6537 7041 6560
3 7042 7043 6538
3 7042 6538 7040
3 6538 7043 7041
3 6541 6545 7044
3 6541 7044 7045
3 6542 6541 7045
3 6542 7045 7046
3 6543 6542 7046
3 6543 7046 7047
3 6543 7047 6544
3 7048 6544 7047
3 7036 6544 7048
3 6545 6546 7049
3 6545 7049 7044
3 6546 6547 7050
3 6546 7050 7049
3 6547 6549 7051
3 6547 7051 7050
3 7041 6549 6548
3 7041 6548 6560
3 6549 7041 7043
3 6549 7043 7051
3 7052 6559 6550
3 6551 7052 6550
3 6551 6552 7053
3 7052 6551 7053
3 7054 7053 6552
3 7033 7054 6552
3 7055 6554 6553
3 7055 6553 7056
3 7057 7056 6553
3 6555 7057 6553
3 7055 6556 6554
3 6555 6559 7058
3 7057 6555 7058
3 7055 7059 6556
3 6557 6556 7060
3 7059 7060 6556
3 7061 6557 7060
3 6557 7061 6558
3 7062 6974 6558
3 7062 6558 7061
3 7052 7063 6559
3 7063 7058 6559
3 7064 7028 6561
3 7064 6561 6563
3 6562 6564 7065
3 6562 7065 6563
3 7066 7064 6563
3 7066 6563 7065
3 6564 6565 7067
3 6564 7067 7065
3 6565 7019 7067
3 6566 6568 7068
3 6566 7068 6988
3 6567 6571 7069
3 6567 7069 7070
3 7070 6568 6567
3 7070 7068 6568
3 6570 6569 7071
3 6950 7071 6569
3 6571 6570 7072
3 7072 6570 7071
3 6571 7072 7073
3 6571 7073 7069
3 7074 6573 6574
3 7075 6572 6573
3 7075 6573 7074
3 6572 7075 6575
3 7074 6574 7076
3 6961 7076 6574
3 7075 7077 6575
3 7078 6576 6575
3 7078 6575 7077
3 6576 7078 7079
3 6576 7079 6578
3 7080 6579 6577
3 7080 6577 6578
3 7081 7080 6578
3 7081 6578 7079
3 6579 7082 6580
3 7080 7082 6579
3 6592 6580 7083
3 7083 6580 7082
3 7084 6581 6584
3 6581 7084 7085
3 6581 7085 6582
3 6620 6583 6582
3 6620 6582 7085
3 7084 6584 7086
3 6585 7086 6584
3 7087 6585 6586
3 6585 7087 7086
3 6587 7088 6586
3 7087 6586 7088
3 7089 6587 6588
3 6587 7089 7088
3 7089 6588 7090
3 6589 7090 6588
3 6589 7091 7090
3 7091 6589 6590
3 7091 6590 7092
3 6591 7092 6590
3 6591 7093 7092
3 6594 7093 6591
3 7083 7094 6592
3 6593 6592 7094
3 6593 7094 7095
3 7095 6594 6593
3 7095 7096 6594
3 6594 7096 7093
3 6596 7097 7098
3 6596 7098 7099
3 7097 6596 6597
3 6595 6596 7099
3 7097 6597 7100
3 6598 7100 6597
3 6595 7099 7101
3 6595 7101 6600
3 7102 6598 6599
3 6598 7102 7100
3 7102 6599 7103
3 6609 7103 6599
3 7104 6600 7101
3 6601 6600 7104
3 6605 6601 7104
3 7105 6607 6604
3 7105 6604 7106
3 7106 6604 6603
3 7107 6603 6602
3 7108 7107 6602
3 7108 6602 6605
3 7106 6603 7109
3 7107 7109 6603
3 7110 7108 6605
3 7110 6605 7111
3 6605 7104 7111
3 6606 6607 7112
3 6606 7112 6608
3 7113 7112 6607
3 7113 6607 7105
3 6608 7112 7114
3 6608 7114 6850
3 7115 6609 6610
3 6609 7115 7103
3 6612 7116 6610
3 7115 6610 7116
3 6612 6611 7117
3 6633 7117 6611
3 6612 7118 7116
3 6612 7117 7118
3 6613 7119 7120
3 6613 7120 6621
3 7121 7119 6613
3 7121 6613 6614
3 6614 6615 7122
3 6614 7122 7121
3 6616 7122 6615
3 6617 7123 6616
3 6616 7123 7122
3 6617 7124 7123
3 7125 7124 6617
3 7125 6617 6618
3 6618 6619 7126
3 6618 7126 7125
3 7127 7126 6619
3 6619 6620 7127
3 7127 6620 7085
3 6621 7120 7128
3 6621 7128 6622
3 6622 7128 7129
3 6622 7129 6623
3 6623 7129 7130
3 6623 7130 6624
3 6624 7130 7131
3 6624 7131 6625
3 6625 7131 7132
3 6625 7132 6626
3 6626 7132 7133
3 6626 7133 6627
3 6627 7133 7134
3 6627 7134 6628
3 6629 6628 7134
3 6629 7134 7135
3 7135 6632 6629
3 6643 6630 7136
3 7137 7136 6630
3 7137 6630 6631
3 6632 7137 6631
3 7135 7138 6632
3 6632 7138 7137
3 7117 6633 6635
3 6635 6634 7139
3 7140 7139 6634
3 7140 6634 6636
3 7117 6635 7141
3 6635 7142 7143
3 6635 7143 7141
3 6635 7139 7142
3 6636 6637 7144
3 6636 7144 7140
3 7145 7144 6637
3 7145 6637 6639
3 6638 6641 7146
3 7146 7147 6638
3 6638 7147 6639
3 6639 7147 7148
3 6639 7148 7145
3 6640 6642 7149
3 7149 6641 6640
3 7149 7150 6641
3 7146 6641 7150
3 6643 7151 6642
3 7149 6642 7151
3 6643 7136 7152
3 7152 7151 6643
3 7153 7154 6644
3 7153 6644 6645
3 7154 6646 6644
3 7153 6645 6653
3 7155 6655 6646
3 7154 7155 6646
3 6658 7156 6647
3 6647 7156 6648
3 7157 6649 6648
3 6649 7157 7158
3 6649 7158 6650
3 7157 6648 7159
3 7156 7159 6648
3 7160 6652 6650
3 7160 6650 7161
3 7158 7161 6650
3 6652 7160 7162
3 6652 7162 7163
3 6651 6652 7163
3 6651 7163 6654
3 6654 7164 6653
3 7153 6653 7164
3 6654 7165 7164
3 6654 7163 7166
3 6654 7166 7165
3 7167 6659 6655
3 7167 6655 7168
3 7155 7168 6655
3 6657 6658 6656
3 6657 6686 7169
3 6657 7169 6658
3 6658 7169 7156
3 6659 7167 7170
3 6659 7170 6660
3 7171 6661 6660
3 7171 6660 7170
3 6661 7171 7172
3 6661 7172 6662
3 7173 6663 6662
3 7173 6662 7172
3 6663 7173 7174
3 6663 7174 6695
3 7175 6668 6665
3 7175 6665 7176
3 6664 7176 6665
3 6664 6691 7177
3 6664 7177 7178
3 6664 7178 7176
3 7179 6676 6666
3 7180 7179 6666
3 7180 6666 6667
3 7181 7180 6667
3 7181 6667 6669
3 6668 7175 7182
3 6668 7182 6669
3 7183 7181 6669
3 7183 6669 7182
3 6673 6672 6683
3 6672 6675 7184
3 7184 6683 6672
3 6674 6678 7185
3 6674 7185 6675
3 7186 7184 6675
3 7186 6675 7185
3 7158 6677 6676
3 7158 6676 7187
3 7179 7187 6676
3 7157 6678 6677
3 7157 6677 7158
3 6678 7157 7159
3 6678 7159 7185
3 6681 7188 6680
3 7189 6687 6680
3 7189 6680 7188
3 6681 6682 7190
3 7188 6681 7190
3 6690 7190 6682
3 7184 6684 6683
3 7186 6685 6684
3 7186 6684 7184
3 7186 6686 6685
3 7191 7169 6686
3 7186 7191 6686
3 7192 6689 6688
3 7192 6688 7193
3 7193 6688 6687
3 7193 6687 7189
3 6690 6689 7192
3 6690 7192 7190
3 7194 7195 6691
3 7194 6691 6692
3 7195 7177 6691
3 7196 7194 6692
3 7196 6692 6693
3 6694 7196 6693
3 7196 6694 6728
3 6696 6695 7197
3 7197 6695 7174
3 7198 6696 7197
3 6696 7198 6697
3 6698 6697 7199
3 7198 7199 6697
3 6698 7199 7200
3 6698 7200 6700
3 6701 6699 6700
3 6701 6700 7201
3 7201 6700 7200
3 7201 6702 6701
3 7201 7202 6702
3 7203 6703 6702
3 7203 6702 7202
3 6710 6703 7204
3 7203 7204 6703
3 7205 6704 6705
3 6704 7205 7206
3 6704 7206 6711
3 7205 6705 7207
3 6706 7207 6705
3 7208 6706 6707
3 6706 7208 7207
3 7208 6707 6708
3 7208 6708 6709
3 6710 7209 6709
3 7208 6709 7209
3 7210 6710 7204
3 6710 7210 7209
3 7206 6712 6711
3 7211 6909 6712
3 7206 7211 6712
3 6713 6743 7212
3 6713 7212 7213
3 6723 6713 7213
3 6724 6714 6717
3 6715 6716 7214
3 6715 7214 7215
3 6717 6715 7215
3 7216 7214 6716
3 7216 6716 6736
3 6717 7215 7217
3 6724 6717 7217
3 7218 6741 6718
3 7218 6718 6719
3 7218 6719 7219
3 6720 7219 6719
3 6720 7220 7219
3 7220 6720 6721
3 7220 6721 7221
3 6721 6722 7221
3 7222 7221 6722
3 6723 7222 6722
3 7222 6723 7223
3 6723 7213 7223
3 6727 6724 7217
3 6725 7224 7225
3 6725 7225 7226
3 6725 7226 6726
3 6727 7224 6725
3 7226 7227 6726
3 6728 6726 7227
3 6727 7217 7228
3 6727 7228 7224
3 7196 6728 7227
3 7229 6731 6729
3 7229 6729 6734
3 6730 6731 7230
3 6730 7230 7231
3 6732 6730 7231
3 6731 7229 7232
3 6731 7232 7230
3 6732 7231 7233
3 6736 6732 7233
3 6733 7234 7235
3 6733 7235 6734
3 7234 6733 6735
3 7236 7229 6734
3 7236 6734 7235
3 6735 6737 7237
3 6735 7237 7238
3 7234 6735 7238
3 6736 7233 7216
3 6737 6738 7239
3 6737 7239 7237
3 6738 6744 7239
3 6742 6739 7240
3 6739 6740 7241
3 6739 7241 7240
3 6740 6741 7242
3 6740 7242 7241
3 7218 7242 6741
3 6742 7243 6743
3 7243 6742 7240
3 7243 7212 6743
3 6744 6755 7244
3 6744 7244 7239
3 6745 6802 7245
3 6746 6745 7245
3 6746 7245 7246
3 6748 6746 7246
3 6747 7247 7248
3 6747 7248 6749
3 6747 6748 7249
3 6747 7249 7247
3 6748 7246 7249
3 6750 6749 7248
3 6750 7248 7250
3 6751 6750 7250
3 6751 7250 7251
3 6752 6751 7251
3 6752 7251 7252
3 6753 6752 7252
3 6753 7252 7253
3 6754 6753 7253
3 6755 6754 7254
3 6754 7253 7254
3 6755 7254 7244
3 7255 6756 6775
3 6756 7255 7256
3 6756 7256 6757
3 7257 6758 6757
3 7257 6757 7256
3 7258 6759 6758
3 7258 6758 7257
3 7259 6760 6759
3 7259 6759 7258
3 6760 7259 7260
3 6760 7260 6761
3 7261 6762 6761
3 7261 6761 7260
3 6762 7261 7262
3 6762 7262 6763
3 6763 7262 7263
3 6763 7263 6764
3 7264 6765 6764
3 7264 6764 7263
3 6765 7265 6766
3 7264 7265 6765
3 6774 6766 7265
3 7266 6786 6767
3 7266 6767 6768
3 6768 6769 7267
3 6768 7267 7266
3 6769 6772 7268
3 6769 7268 7267
3 6770 7269 7268
3 6770 7268 6772
3 6770 6771 7270
3 6770 7270 7269
3 6771 6773 7271
3 6771 7271 7272
3 6771 7272 7270
3 6774 7273 6773
3 7271 6773 7273
3 6774 7265 7274
3 7273 6774 7274
3 7255 6775 7275
3 6777 7275 6775
3 7276 6777 6776
3 7276 6776 6779
3 6777 7276 7275
3 6778 7277 7278
3 6778 7278 6779
3 7277 6778 6780
3 7279 7276 6779
3 7279 6779 7278
3 7277 6780 7280
3 6783 7280 6780
3 6781 6785 7281
3 7282 6781 7281
3 6781 7282 6782
3 7282 7283 6782
3 6783 6782 7283
3 7283 7284 6783
3 6783 7284 7280
3 7285 6785 6784
3 6788 7285 6784
3 7285 7286 6785
3 7286 7281 6785
3 7287 6800 6786
3 7287 6786 7266
3 6787 6797 7288
3 6788 6787 7288
3 6788 7288 7289
3 7285 6788 7289
3 6789 7290 7291
3 6789 7291 6790
3 7290 6789 6794
3 7292 6791 6790
3 7292 6790 7291
3 6791 7292 7293
3 6791 7293 6792
3 7294 6793 6792
3 7294 6792 7293
3 7294 6797 6793
3 7290 6794 7295
3 6795 7295 6794
3 6795 7296 7295
3 7296 6795 6796
3 7296 6796 7297
3 6798 7297 6796
3 7294 7298 6797
3 7298 7288 6797
3 6798 7299 7297
3 7299 6798 6799
3 7299 6799 7300
3 6805 7300 6799
3 6800 7287 7301
3 6800 7301 6801
3 7302 6804 6801
3 7302 6801 7301
3 6803 7303 6802
3 7245 6802 7303
3 6804 7303 6803
3 6804 7304 7303
3 7302 7304 6804
3 6805 7305 7300
3 7305 6805 6853
3 7306 6806 6808
3 6806 7306 7307
3 6806 7307 6807
3 6807 7307 7308
3 6807 7308 6812
3 7306 6808 7309
3 6809 7309 6808
3 6809 7310 7309
3 7310 6809 6810
3 7310 6810 7311
3 6811 7311 6810
3 6811 7312 7311
3 7312 6811 6814
3 6812 7308 7313
3 6812 7313 6813
3 7314 6817 6813
3 7314 6813 7313
3 6815 7315 6814
3 7312 6814 7315
3 6815 7316 7315
3 7316 6815 6816
3 7316 6816 7317
3 6819 7317 6816
3 6817 7314 7318
3 6817 7318 6818
3 7319 6852 6818
3 7319 6818 7318
3 6819 7320 7317
3 7320 6819 6838
3 6829 6821 7321
3 6821 6822 7322
3 6821 7322 7321
3 6823 7322 6822
3 6824 7323 6823
3 6823 7323 7322
3 7324 6824 6825
3 6824 7324 7323
3 7324 6825 7325
3 7326 7325 6825
3 7326 6825 6826
3 6826 6828 7327
3 6826 7327 7326
3 6830 6828 6827
3 7328 7327 6828
3 7328 6828 7329
3 6830 7329 6828
3 6829 7321 7330
3 7330 6837 6829
3 7329 6830 6831
3 7329 6831 7331
3 6832 7331 6831
3 7332 6832 6833
3 6832 7332 7331
3 7332 6833 7333
3 6834 7333 6833
3 7334 6834 6835
3 6834 7334 7333
3 7334 6835 7335
3 6836 7335 6835
3 6836 6837 7336
3 6836 7336 7335
3 7336 6837 7337
3 7330 7337 6837
3 7320 6838 7338
3 6841 7338 6838
3 7339 6839 6846
3 6839 7339 6840
3 6841 6840 7340
3 7339 7340 6840
3 6841 7341 7338
3 7341 6841 7340
3 7342 6842 6847
3 7342 6843 6842
3 7342 7343 6843
3 7344 6843 7343
3 6843 7344 6844
3 7345 7346 6844
3 7345 6844 7344
3 6845 6844 7346
3 7347 6845 7346
3 6845 7347 6846
3 7339 6846 7348
3 7347 7348 6846
3 7342 6847 7349
3 7350 7349 6847
3 6848 7350 6847
3 6848 6849 7351
3 7350 6848 7351
3 6850 7351 6849
3 6850 7352 7351
3 7352 6850 7114
3 6851 6852 7353
3 6851 7353 6853
3 6852 7319 7354
3 6852 7354 7353
3 7305 6853 7353
3 6861 7355 6854
3 7356 6855 6854
3 7356 6854 7357
3 7358 7357 6854
3 7358 6854 7355
3 7356 6875 6855
3 6856 7359 7360
3 6856 7360 6857
3 7359 6856 6864
3 7361 6859 6857
3 7361 6857 7360
3 7361 7362 6859
3 7363 6858 6859
3 7363 6859 7362
3 6858 7363 6860
3 7364 6861 6860
3 6861 7364 7355
3 7364 6860 7365
3 7365 6860 7363
3 6865 7366 6862
3 6862 7366 7367
3 6862 7367 6863
3 6863 7368 6864
3 7368 6863 7367
3 7359 6864 7369
3 7368 7369 6864
3 6865 7370 7366
3 6865 6870 7370
3 7371 6869 6867
3 7372 7371 6867
3 7372 6867 6866
3 7373 7372 6866
3 7373 6866 6868
3 7374 7373 6868
3 7374 6868 6880
3 7371 7375 6869
3 7375 6874 6869
3 7376 7377 6870
3 7370 6870 7377
3 7378 7376 6870
3 7378 6870 6871
3 6871 6872 7379
3 7378 6871 7379
3 7380 7379 6872
3 6873 7380 6872
3 6873 6874 7381
3 7380 6873 7381
3 7382 7381 6874
3 7375 7382 6874
3 7356 7383 6875
3 6877 6875 7383
3 6877 7384 6876
3 6878 6876 7384
3 6877 7385 7384
3 6877 7383 7385
3 6945 6878 7384
3 6879 6882 7386
3 6879 7386 6881
3 7387 7374 6880
3 7387 6880 6881
3 7387 6881 7386
3 6882 6886 7388
3 6882 7388 7386
3 7389 6884 6883
3 7389 6883 7390
3 6885 7390 6883
3 7389 6892 6884
3 6885 7391 7390
3 7391 6885 6894
3 6886 6887 7392
3 7392 7388 6886
3 7393 7394 6887
3 7393 6887 6888
3 7394 7392 6887
3 7395 7393 6888
3 7395 6888 6889
3 7396 7397 6889
3 7396 6889 6891
3 7397 7395 6889
3 7398 7396 6891
3 7398 6891 7399
3 6890 7399 6891
3 6890 6893 7399
3 7400 6893 6892
3 7389 7400 6892
3 7401 7399 6893
3 7401 6893 7402
3 7400 7402 6893
3 7403 7404 6894
3 7403 6894 6895
3 7391 6894 7404
3 7405 7403 6895
3 7405 6895 6896
3 7406 7405 6896
3 7406 6896 6897
3 7407 7406 6897
3 7407 6897 6898
3 7408 7407 6898
3 7408 6898 6899
3 7409 7408 6899
3 7409 6899 6900
3 6901 7410 6900
3 7409 6900 7410
3 6901 6902 7411
3 7410 6901 7411
3 6903 7412 6902
3 7412 7411 6902
3 6903 6905 7413
3 6903 7413 7412
3 6905 6904 6907
3 7414 7413 6905
3 6905 6907 7414
3 7414 6907 6906
3 7414 6906 7415
3 7416 7415 6906
3 7416 6906 6908
3 6908 6914 7417
3 7416 6908 7417
3 7211 7418 6909
3 7418 6910 6909
3 7419 6912 6911
3 7419 6911 6910
3 7418 7419 6910
3 7419 6913 6912
3 7420 6914 6913
3 7419 7420 6913
3 7421 7417 6914
3 7420 7421 6914
3 7422 6915 6925
3 6915 7422 7423
3 6915 7423 6940
3 7424 6916 6918
3 6916 7424 7425
3 6916 7425 6917
3 6917 7425 7426
3 6917 7426 6928
3 7424 6918 7427
3 6918 6919 6941
3 6918 6941 7427
3 6938 7428 6920
3 6921 6920 7428
3 6921 7428 7429
3 6922 6921 7429
3 6922 7429 7430
3 6923 6922 7430
3 6923 7430 7431
3 6924 6923 7431
3 7432 6924 7431
3 6924 7432 6925
3 7432 7433 6925
3 7422 6925 7433
3 7434 6926 6927
3 6926 7434 7435
3 6926 7435 6933
3 7434 6927 7436
3 6928 7436 6927
3 6928 7426 7436
3 7437 6931 6929
3 7437 6929 6933
3 6930 6931 7438
3 6930 7438 7439
3 6932 6930 7439
3 6931 7437 7440
3 6931 7440 7438
3 7441 6934 6932
3 7441 6932 7442
3 6932 7439 7442
3 7443 7437 6933
3 7443 6933 7435
3 6934 7441 7444
3 6934 7444 6935
3 6949 6935 7444
3 6936 6939 7445
3 7446 6937 6936
3 7446 6936 7445
3 6937 7446 7447
3 6937 7447 6938
3 6938 7447 7428
3 7448 7445 6939
3 6940 7448 6939
3 7448 6940 7423
3 6947 7427 6941
3 6941 6948 6947
3 6943 7449 6946
3 7449 6943 7450
3 6943 6942 7450
3 6942 6944 7451
3 6942 7451 7450
3 6944 6945 7452
3 6944 7452 7451
3 6945 7384 7452
3 7453 7454 6946
3 7453 6946 7449
3 6947 6946 7454
3 6947 7455 7427
3 6947 7454 7455
3 7456 6960 6949
3 7456 6949 7444
3 7457 6950 6951
3 6950 7457 7071
3 7457 6951 7458
3 6954 7458 6951
3 7459 6952 6955
3 7459 6953 6952
3 7459 7460 6953
3 7461 6954 6953
3 7461 6953 7460
3 6954 7461 7458
3 7459 6955 7462
3 6956 7462 6955
3 6956 7463 7462
3 7463 6956 6957
3 7463 6957 7464
3 6958 7464 6957
3 6958 7465 7464
3 7465 6958 6959
3 6960 7466 6959
3 7465 6959 7466
3 6960 7456 7466
3 7076 6961 7467
3 6961 6976 7467
3 7468 7469 6964
3 7468 6964 6963
3 7469 6965 6964
3 7470 7468 6963
3 7470 6963 7471
3 6962 7471 6963
3 6962 7472 7471
3 6962 6966 7472
3 7473 6975 6965
3 7469 7473 6965
3 7472 6966 7474
3 6967 7474 6966
3 7474 6967 6971
3 7475 7476 6968
3 7475 6968 6973
3 6969 6968 7476
3 6969 7477 7478
3 6969 7478 6970
3 6969 7476 7477
3 7479 6971 6970
3 7479 6970 7478
3 6971 7479 7480
3 6971 7480 7481
3 7474 6971 7481
3 6972 6974 7482
3 6972 7482 6973
3 6973 7482 7483
3 6973 7483 7475
3 7484 7482 6974
3 7484 6974 7062
3 7473 7485 6975
3 7485 6976 6975
3 7486 7467 6976
3 7485 7486 6976
3 7487 6985 6977
3 7488 7487 6977
3 7488 6977 6978
3 6978 6979 7489
3 6978 7489 7488
3 7490 7489 6979
3 7490 6979 6980
3 7491 7490 6980
3 7491 6980 6981
3 7492 7491 6981
3 7492 6981 6982
3 7493 7492 6982
3 7493 6982 6983
3 6983 6984 7494
3 6983 7494 7493
3 6984 6986 7495
3 6984 7495 7494
3 7496 6995 6985
3 7487 7496 6985
3 6987 7497 6986
3 7495 6986 7497
3 7498 7497 6987
3 6994 7498 6987
3 6988 7068 7499
3 6988 7499 6990
3 6990 7500 6989
3 6991 6989 7500
3 6990 7499 7501
3 6990 7501 7500
3 6991 7500 7502
3 6991 7502 7503
3 6991 7503 6992
3 7504 6993 6992
3 7504 6992 7503
3 6994 6993 7505
3 7504 7505 6993
3 7498 6994 7505
3 7496 7506 6995
3 7506 6997 6995
3 7507 6999 6996
3 7507 6996 6997
3 7506 7507 6997
3 6998 6999 7508
3 6998 7508 7509
3 7000 6998 7509
3 6999 7507 7510
3 6999 7510 7508
3 7000 7509 7511
3 7003 7000 7511
3 7001 7512 7005
3 7001 7002 7513
3 7512 7001 7513
3 7514 7513 7002
3 7003 7514 7002
3 7003 7511 7515
3 7514 7003 7515
3 7516 7004 7005
3 7004 7516 7007
3 7516 7005 7517
3 7512 7517 7005
3 7518 7006 7007
3 7006 7518 7016
3 7518 7007 7519
3 7516 7519 7007
3 7520 7012 7008
3 7521 7520 7008
3 7521 7008 7009
3 7522 7521 7009
3 7522 7009 7010
3 7523 7522 7010
3 7523 7010 7011
3 7523 7011 7016
3 7524 7013 7012
3 7520 7524 7012
3 7524 7525 7013
3 7525 7014 7013
3 7526 7015 7014
3 7525 7526 7014
3 7526 7527 7015
3 7527 7017 7015
3 7523 7016 7528
3 7518 7528 7016
3 7529 7018 7017
3 7527 7529 7017
3 7529 7530 7018
3 7530 7019 7018
3 7531 7067 7019
3 7530 7531 7019
3 7020 7021 7532
3 7020 7532 7533
3 7023 7020 7533
3 7021 7022 7534
3 7021 7534 7532
3 7022 7027 7535
3 7022 7535 7534
3 7023 7533 7536
3 7024 7023 7536
3 7024 7536 7537
3 7025 7024 7537
3 7025 7537 7538
3 7026 7025 7538
3 7026 7538 7539
3 7029 7026 7539
3 7027 7028 7540
3 7027 7540 7535
3 7028 7064 7541
3 7028 7541 7540
3 7030 7029 7542
3 7029 7539 7542
3 7030 7542 7543
3 7031 7030 7543
3 7031 7543 7544
3 7032 7031 7544
3 7032 7544 7545
3 7033 7032 7545
3 7033 7545 7546
3 7054 7033 7546
3 7036 7547 7034
3 7548 7035 7034
3 7548 7034 7547
3 7548 7037 7035
3 7048 7549 7036
3 7036 7549 7547
3 7038 7037 7550
3 7548 7550 7037
3 7038 7550 7551
3 7039 7038 7551
3 7039 7551 7552
3 7039 7552 7553
3 7039 7553 7040
3 7040 7553 7554
3 7040 7554 7042
3 7042 7554 7555
3 7042 7555 7556
3 7042 7556 7051
3 7042 7051 7043
3 7557 7558 7044
3 7557 7044 7049
3 7558 7045 7044
3 7559 7046 7045
3 7558 7559 7045
3 7559 7560 7046
3 7560 7047 7046
3 7048 7047 7561
3 7560 7561 7047
3 7561 7562 7048
3 7048 7562 7549
3 7563 7557 7049
3 7563 7049 7050
3 7556 7563 7050
3 7556 7050 7051
3 7052 7053 7564
3 7063 7052 7564
3 7054 7565 7053
3 7565 7564 7053
3 7054 7546 7566
3 7565 7054 7566
3 7056 7567 7055
3 7059 7055 7567
3 7056 7568 7567
3 7569 7568 7056
3 7057 7569 7056
3 7057 7570 7571
3 7057 7571 7569
3 7057 7058 7570
3 7572 7570 7058
3 7063 7572 7058
3 7059 7567 7573
3 7574 7059 7573
3 7059 7574 7060
3 7061 7060 7575
3 7574 7575 7060
3 7062 7061 7575
3 7062 7575 7576
3 7484 7062 7576
3 7063 7564 7577
3 7572 7063 7577
3 7064 7066 7578
3 7064 7578 7541
3 7579 7066 7065
3 7579 7065 7067
3 7066 7579 7580
3 7066 7580 7578
3 7531 7579 7067
3 7581 7499 7068
3 7581 7068 7070
3 7582 7581 7070
3 7582 7070 7069
3 7583 7582 7069
3 7583 7069 7073
3 7072 7071 7584
3 7584 7071 7457
3 7584 7073 7072
3 7584 7585 7073
3 7583 7073 7585
3 7076 7586 7074
3 7587 7075 7074
3 7587 7074 7586
3 7075 7587 7077
3 7076 7467 7588
3 7076 7588 7586
3 7587 7139 7077
3 7140 7078 7077
3 7140 7077 7139
3 7078 7140 7144
3 7078 7144 7079
3 7145 7081 7079
3 7145 7079 7144
3 7081 7589 7080
3 7080 7589 7082
3 7081 7590 7589
3 7145 7590 7081
3 7083 7082 7591
3 7591 7082 7589
3 7591 7592 7083
3 7083 7592 7094
3 7593 7084 7086
3 7084 7593 7594
3 7084 7594 7085
3 7127 7085 7594
3 7593 7086 7595
3 7087 7595 7086
3 7596 7087 7088
3 7087 7596 7595
3 7089 7597 7088
3 7596 7088 7597
3 7598 7089 7090
3 7089 7598 7597
3 7091 7599 7090
3 7598 7090 7599
3 7600 7091 7092
3 7091 7600 7599
3 7600 7092 7601
3 7093 7601 7092
3 7096 7602 7093
3 7093 7602 7601
3 7603 7094 7592
3 7604 7095 7094
3 7604 7094 7603
3 7096 7095 7604
3 7096 7605 7602
3 7096 7604 7605
3 7606 7607 7098
3 7606 7098 7097
3 7098 7607 7608
3 7098 7608 7609
3 7609 7099 7098
3 7097 7100 7610
3 7097 7610 7606
3 7609 7611 7099
3 7611 7101 7099
3 7612 7610 7100
3 7612 7100 7102
3 7104 7101 7613
3 7611 7613 7101
3 7612 7102 7103
3 7612 7103 7614
3 7115 7614 7103
3 7613 7111 7104
3 7105 7106 7615
3 7105 7615 7616
3 7113 7105 7616
3 7106 7109 7617
3 7106 7617 7615
3 7109 7107 7618
3 7107 7108 7619
3 7107 7619 7618
3 7108 7110 7620
3 7108 7620 7619
3 7109 7618 7617
3 7110 7621 7622
3 7110 7622 7620
3 7621 7110 7111
3 7621 7111 7623
3 7613 7623 7111
3 7624 7114 7112
3 7624 7112 7113
3 7625 7624 7113
3 7625 7113 7626
3 7113 7616 7626
3 7352 7114 7627
3 7114 7624 7628
3 7114 7628 7627
3 7629 7115 7116
3 7115 7629 7614
3 7118 7630 7116
3 7629 7116 7630
3 7118 7117 7141
3 7118 7631 7630
3 7118 7141 7631
3 7632 7120 7119
3 7120 7632 7633
3 7120 7633 7128
3 7632 7119 7634
3 7634 7119 7121
3 7634 7121 7635
3 7636 7635 7121
3 7636 7121 7122
3 7637 7636 7122
3 7637 7122 7123
3 7637 7123 7124
3 7637 7124 7638
3 7639 7638 7124
3 7639 7124 7125
3 7639 7125 7126
3 7640 7641 7126
3 7639 7126 7641
3 7127 7640 7126
3 7594 7640 7127
3 7642 7129 7128
3 7642 7128 7633
3 7129 7642 7643
3 7129 7643 7130
3 7644 7131 7130
3 7644 7130 7643
3 7131 7644 7645
3 7131 7645 7132
3 7646 7133 7132
3 7646 7132 7645
3 7133 7646 7647
3 7133 7647 7134
3 7648 7135 7134
3 7648 7134 7647
3 7137 7138 7135
3 7137 7135 7648
3 7649 7152 7136
3 7648 7649 7136
3 7648 7136 7137
3 7587 7142 7139
3 7650 7631 7141
3 7650 7141 7143
3 7143 7586 7588
3 7143 7588 7650
3 7142 7586 7143
3 7142 7587 7586
3 7145 7148 7590
3 7146 7150 7651
3 7651 7652 7146
3 7146 7652 7147
3 7653 7148 7147
3 7653 7147 7652
3 7654 7590 7148
3 7654 7148 7653
3 7149 7151 7655
3 7655 7150 7149
3 7655 7656 7150
3 7651 7150 7656
3 7152 7657 7151
3 7655 7151 7657
3 7658 7657 7152
3 7658 7152 7659
3 7649 7659 7152
3 7164 7154 7153
3 7164 7660 7154
3 7155 7154 7660
3 7155 7660 7661
3 7168 7155 7661
3 7156 7191 7159
3 7191 7156 7169
3 7158 7187 7161
3 7191 7185 7159
3 7662 7160 7161
3 7160 7662 7663
3 7160 7663 7162
3 7662 7161 7664
3 7187 7664 7161
3 7162 7663 7665
3 7162 7665 7666
3 7666 7163 7162
3 7666 7166 7163
3 7165 7660 7164
3 7667 7668 7166
3 7667 7166 7666
3 7165 7166 7668
3 7165 7669 7660
3 7165 7668 7669
3 7670 7170 7167
3 7167 7168 7671
3 7167 7671 7670
3 7168 7661 7671
3 7171 7170 7672
3 7670 7672 7170
3 7673 7172 7171
3 7171 7672 7673
3 7673 7674 7172
3 7173 7172 7674
3 7675 7174 7173
3 7173 7674 7675
3 7675 7676 7174
3 7197 7174 7677
3 7677 7174 7676
3 7678 7175 7176
3 7175 7678 7679
3 7175 7679 7182
3 7678 7176 7680
3 7178 7680 7176
3 7681 7682 7177
3 7195 7681 7177
3 7683 7178 7177
3 7683 7177 7682
3 7178 7683 7680
3 7187 7179 7664
3 7179 7180 7684
3 7179 7684 7664
3 7180 7181 7685
3 7180 7685 7684
3 7181 7183 7686
3 7181 7686 7685
3 7687 7183 7182
3 7687 7182 7679
3 7687 7686 7183
3 7191 7186 7185
3 7188 7190 7688
3 7189 7188 7688
3 7189 7688 7193
3 7193 7688 7190
3 7193 7190 7192
3 7194 7196 7227
3 7194 7227 7689
3 7195 7194 7689
3 7195 7689 7690
3 7681 7195 7690
3 7198 7197 7691
3 7677 7691 7197
3 7692 7198 7691
3 7198 7692 7199
3 7692 7200 7199
3 7692 7693 7200
3 7201 7200 7694
3 7693 7694 7200
3 7694 7202 7201
3 7694 7695 7202
3 7202 7695 7696
3 7202 7696 7203
3 7697 7203 7696
3 7203 7697 7204
3 7210 7204 7698
3 7697 7698 7204
3 7205 7207 7699
3 7205 7699 7700
3 7700 7206 7205
3 7700 7701 7206
3 7206 7701 7702
3 7206 7702 7211
3 7209 7699 7207
3 7209 7207 7208
3 7210 7699 7209
3 7703 7210 7698
3 7210 7703 7699
3 7211 7702 7704
3 7211 7704 7418
3 7705 7223 7213
3 7705 7213 7212
3 7705 7212 7706
3 7243 7706 7212
3 7707 7708 7214
3 7707 7214 7216
3 7708 7215 7214
3 7709 7217 7215
3 7708 7709 7215
3 7216 7233 7710
3 7216 7710 7707
3 7709 7228 7217
3 7711 7242 7218
3 7711 7218 7219
3 7711 7219 7712
3 7220 7712 7219
3 7220 7713 7712
3 7713 7220 7221
3 7713 7221 7714
3 7222 7714 7221
3 7222 7223 7715
3 7714 7222 7715
3 7705 7715 7223
3 7709 7716 7224
3 7709 7224 7228
3 7716 7225 7224
3 7226 7225 7690
3 7717 7690 7225
3 7717 7225 7718
3 7716 7718 7225
3 7226 7690 7689
3 7226 7689 7227
3 7229 7236 7719
3 7229 7719 7232
3 7720 7721 7230
3 7720 7230 7232
3 7721 7231 7230
3 7722 7233 7231
3 7721 7722 7231
3 7723 7720 7232
3 7723 7232 7719
3 7722 7710 7233
3 7724 7235 7234
3 7724 7234 7725
3 7725 7234 7238
3 7726 7236 7235
3 7726 7235 7724
3 7727 7719 7236
3 7727 7236 7726
3 7728 7729 7238
3 7725 7238 7729
3 7730 7728 7238
3 7730 7238 7237
3 7730 7237 7239
3 7730 7239 7244
3 7243 7240 7731
3 7732 7731 7240
3 7732 7240 7241
3 7733 7732 7241
3 7733 7241 7242
3 7711 7733 7242
3 7706 7243 7731
3 7734 7730 7244
3 7734 7244 7254
3 7245 7303 7735
3 7735 7246 7245
3 7735 7736 7246
3 7736 7249 7246
3 7737 7248 7247
3 7737 7247 7738
3 7738 7247 7249
3 7737 7250 7248
3 7738 7249 7739
3 7736 7739 7249
3 7740 7251 7250
3 7737 7740 7250
3 7741 7252 7251
3 7740 7741 7251
3 7741 7742 7252
3 7742 7253 7252
3 7743 7254 7253
3 7742 7743 7253
3 7743 7734 7254
3 7744 7255 7275
3 7744 7256 7255
3 7744 7745 7256
3 7257 7256 7745
3 7257 7745 7746
3 7258 7257 7746
3 7747 7259 7258
3 7747 7258 7748
3 7258 7746 7748
3 7259 7747 7749
3 7259 7749 7260
3 7750 7261 7260
3 7750 7260 7749
3 7261 7750 7751
3 7261 7751 7262
3 7262 7751 7752
3 7262 7752 7263
3 7753 7264 7263
3 7753 7263 7752
3 7753 7754 7264
3 7264 7754 7265
3 7754 7274 7265
3 7755 7287 7266
3 7755 7266 7267
3 7756 7755 7267
3 7756 7267 7268
3 7756 7268 7269
3 7756 7269 7757
3 7757 7269 7270
3 7757 7270 7758
3 7759 7758 7270
3 7759 7270 7272
3 7760 7759 7272
3 7760 7272 7761
3 7271 7761 7272
3 7271 7273 7762
3 7271 7762 7761
3 7273 7274 7763
3 7762 7273 7763
3 7764 7763 7274
3 7754 7764 7274
3 7744 7275 7765
3 7276 7765 7275
3 7276 7279 7765
3 7766 7279 7278
3 7766 7278 7767
3 7277 7767 7278
3 7277 7768 7767
3 7768 7277 7280
3 7279 7766 7769
3 7279 7769 7765
3 7768 7280 7770
3 7770 7280 7284
3 7282 7281 7771
3 7772 7771 7281
3 7286 7772 7281
3 7773 7282 7771
3 7282 7773 7283
3 7773 7774 7283
3 7283 7774 7284
3 7770 7284 7775
3 7775 7284 7774
3 7285 7289 7776
3 7286 7285 7776
3 7286 7776 7777
3 7772 7286 7777
3 7287 7755 7778
3 7287 7778 7301
3 7779 7289 7288
3 7298 7779 7288
3 7779 7780 7289
3 7780 7776 7289
3 7290 7781 7782
3 7290 7782 7291
3 7781 7290 7295
3 7783 7292 7291
3 7783 7291 7782
3 7292 7783 7784
3 7292 7784 7293
3 7785 7294 7293
3 7785 7293 7784
3 7785 7298 7294
3 7781 7295 7786
3 7296 7786 7295
3 7296 7787 7786
3 7787 7296 7297
3 7787 7297 7788
3 7299 7788 7297
3 7785 7789 7298
3 7779 7298 7789
3 7299 7790 7788
3 7790 7299 7300
3 7790 7300 7791
3 7305 7791 7300
3 7301 7778 7792
3 7301 7792 7302
3 7302 7793 7304
3 7793 7302 7792
3 7735 7303 7304
3 7735 7304 7794
3 7793 7794 7304
3 7305 7795 7791
3 7795 7305 7353
3 7796 7306 7309
3 7306 7796 7797
3 7306 7797 7307
3 7798 7308 7307
3 7798 7307 7797
3 7799 7313 7308
3 7799 7308 7798
3 7796 7309 7800
3 7310 7800 7309
3 7310 7801 7800
3 7801 7310 7311
3 7801 7311 7802
3 7312 7802 7311
3 7312 7803 7802
3 7803 7312 7315
3 7804 7314 7313
3 7804 7313 7799
3 7314 7804 7805
3 7314 7805 7318
3 7316 7806 7315
3 7803 7315 7806
3 7316 7807 7806
3 7807 7316 7317
3 7807 7317 7808
3 7320 7808 7317
3 7809 7319 7318
3 7809 7318 7805
3 7319 7809 7810
3 7319 7810 7354
3 7320 7811 7808
3 7811 7320 7338
3 7812 7330 7321
3 7813 7812 7321
3 7813 7321 7322
3 7813 7322 7323
3 7324 7814 7323
3 7813 7323 7814
3 7324 7815 7814
3 7815 7324 7325
3 7815 7325 7816
3 7816 7325 7326
3 7816 7326 7817
3 7818 7817 7326
3 7818 7326 7327
3 7819 7818 7327
3 7819 7327 7328
3 7820 7819 7328
3 7820 7328 7821
3 7329 7821 7328
3 7329 7331 7821
3 7822 7337 7330
3 7812 7822 7330
3 7823 7821 7331
3 7823 7331 7332
3 7332 7333 7824
3 7332 7824 7823
3 7825 7824 7333
3 7825 7333 7334
3 7825 7334 7335
3 7825 7335 7826
3 7827 7826 7335
3 7827 7335 7336
3 7336 7337 7827
3 7828 7827 7337
3 7822 7828 7337
3 7811 7338 7829
3 7341 7829 7338
3 7339 7830 7340
3 7830 7339 7348
3 7341 7340 7831
3 7830 7831 7340
3 7341 7832 7829
3 7832 7341 7831
3 7833 7343 7342
3 7833 7342 7349
3 7833 7834 7343
3 7834 7835 7343
3 7344 7343 7835
3 7344 7835 7836
3 7344 7836 7345
3 7347 7346 7345
3 7837 7347 7345
3 7837 7345 7836
3 7347 7837 7348
3 7830 7348 7838
3 7837 7838 7348
3 7833 7349 7839
3 7350 7840 7349
3 7839 7349 7840
3 7350 7351 7841
3 7840 7350 7841
3 7352 7841 7351
3 7352 7842 7841
3 7842 7352 7627
3 7795 7353 7354
3 7843 7795 7354
3 7843 7354 7810
3 7364 7844 7355
3 7845 7358 7355
3 7845 7355 7844
3 7356 7357 7846
3 7356 7846 7847
3 7383 7356 7847
3 7357 7358 7848
3 7357 7848 7846
3 7358 7845 7849
3 7358 7849 7848
3 7359 7850 7851
3 7359 7851 7360
3 7850 7359 7369
3 7361 7360 7851
3 7361 7852 7362
3 7361 7851 7853
3 7852 7361 7853
3 7365 7363 7854
3 7855 7854 7363
3 7855 7363 7362
3 7855 7362 7852
3 7856 7364 7365
3 7364 7856 7844
3 7856 7365 7857
3 7365 7854 7858
3 7365 7858 7857
3 7859 7367 7366
3 7859 7366 7370
3 7368 7367 7860
3 7859 7860 7367
3 7368 7861 7369
3 7861 7368 7860
3 7850 7369 7862
3 7861 7862 7369
3 7370 7377 7859
3 7371 7372 7863
3 7371 7863 7853
3 7375 7371 7853
3 7372 7373 7864
3 7372 7864 7863
3 7373 7374 7865
3 7373 7865 7864
3 7374 7387 7866
3 7374 7866 7865
3 7375 7853 7851
3 7382 7375 7851
3 7867 7376 7868
3 7376 7867 7377
3 7869 7868 7376
3 7869 7376 7378
3 7870 7860 7377
3 7870 7377 7867
3 7859 7377 7860
3 7378 7379 7869
3 7380 7869 7379
3 7380 7381 7871
3 7380 7871 7868
3 7380 7868 7869
3 7382 7872 7381
3 7871 7381 7872
3 7382 7851 7850
3 7382 7850 7862
3 7382 7862 7872
3 7383 7847 7873
3 7874 7385 7383
3 7874 7383 7873
3 7385 7452 7384
3 7385 7874 7452
3 7387 7386 7388
3 7387 7388 7875
3 7387 7875 7866
3 7392 7875 7388
3 7400 7389 7390
3 7400 7390 7876
3 7391 7876 7390
3 7391 7877 7876
3 7877 7391 7404
3 7878 7875 7392
3 7394 7878 7392
3 7393 7395 7857
3 7393 7857 7858
3 7394 7393 7858
3 7394 7858 7879
3 7878 7394 7879
3 7856 7857 7395
3 7856 7395 7880
3 7397 7880 7395
3 7396 7398 7881
3 7396 7881 7882
3 7397 7396 7882
3 7397 7882 7883
3 7880 7397 7883
3 7884 7881 7398
3 7884 7398 7885
3 7885 7398 7399
3 7885 7399 7401
3 7402 7400 7876
3 7401 7886 7887
3 7401 7887 7885
3 7402 7886 7401
3 7402 7876 7888
3 7402 7888 7886
3 7405 7889 7403
3 7403 7889 7890
3 7403 7890 7404
3 7877 7404 7890
3 7406 7891 7405
3 7405 7891 7889
3 7407 7892 7406
3 7406 7892 7891
3 7407 7893 7892
3 7408 7893 7407
3 7409 7894 7408
3 7408 7894 7893
3 7409 7895 7894
3 7896 7895 7409
3 7409 7410 7896
3 7410 7411 7897
3 7896 7410 7897
3 7898 7897 7411
3 7412 7898 7411
3 7898 7412 7413
3 7898 7413 7899
3 7414 7900 7413
3 7900 7899 7413
3 7415 7900 7414
3 7415 7901 7900
3 7902 7901 7415
3 7902 7415 7416
3 7416 7417 7903
3 7902 7416 7903
3 7421 7904 7417
3 7904 7903 7417
3 7418 7704 7420
3 7418 7420 7419
3 7421 7420 7704
3 7421 7704 7905
3 7904 7421 7905
3 7906 7422 7433
3 7906 7423 7422
3 7906 7907 7423
3 7448 7423 7907
3 7908 7426 7425
3 7908 7425 7909
3 7424 7909 7425
3 7910 7424 7427
3 7424 7910 7909
3 7911 7436 7426
3 7911 7426 7908
3 7910 7427 7455
3 7912 7429 7428
3 7912 7428 7447
3 7912 7913 7429
3 7913 7430 7429
3 7914 7431 7430
3 7913 7914 7430
3 7914 7915 7431
3 7432 7431 7915
3 7916 7432 7915
3 7432 7916 7433
3 7906 7433 7916
3 7917 7443 7435
3 7917 7435 7918
3 7434 7918 7435
3 7919 7434 7436
3 7434 7919 7918
3 7919 7436 7911
3 7437 7443 7920
3 7437 7920 7440
3 7439 7438 7921
3 7922 7921 7438
3 7922 7438 7440
3 7923 7442 7439
3 7439 7921 7923
3 7440 7920 7924
3 7440 7924 7922
3 7925 7926 7442
3 7923 7925 7442
3 7927 7441 7442
3 7927 7442 7926
3 7927 7444 7441
3 7443 7917 7928
3 7443 7928 7920
3 7927 7456 7444
3 7448 7929 7445
3 7930 7446 7445
3 7930 7445 7929
3 7446 7930 7931
3 7446 7931 7447
3 7912 7447 7931
3 7929 7448 7907
3 7932 7933 7450
3 7932 7450 7451
3 7449 7450 7933
3 7449 7933 7934
3 7449 7934 7453
3 7874 7932 7451
3 7874 7451 7452
3 7453 7934 7935
3 7453 7935 7936
3 7453 7936 7937
3 7453 7937 7454
3 7910 7455 7454
3 7910 7454 7937
3 7456 7927 7938
3 7456 7938 7466
3 7584 7457 7939
3 7939 7457 7458
3 7939 7458 7940
3 7461 7940 7458
3 7941 7459 7462
3 7941 7460 7459
3 7941 7942 7460
3 7461 7460 7942
3 7461 7942 7943
3 7461 7943 7940
3 7463 7944 7462
3 7941 7462 7944
3 7945 7463 7464
3 7463 7945 7944
3 7945 7464 7946
3 7465 7946 7464
3 7947 7465 7466
3 7465 7947 7946
3 7947 7466 7938
3 7948 7588 7467
3 7486 7948 7467
3 7470 7606 7468
3 7468 7606 7610
3 7468 7610 7469
3 7469 7610 7612
3 7469 7612 7473
3 7470 7607 7606
3 7608 7607 7470
3 7608 7470 7949
3 7949 7470 7471
3 7949 7471 7950
3 7472 7950 7471
3 7472 7474 7951
3 7472 7951 7950
3 7485 7473 7612
3 7951 7474 7481
3 7475 7952 7953
3 7475 7953 7476
3 7952 7475 7483
3 7954 7477 7476
3 7954 7476 7953
3 7477 7954 7955
3 7477 7955 7478
3 7956 7479 7478
3 7956 7478 7955
3 7479 7956 7957
3 7479 7957 7480
3 7958 7481 7480
3 7959 7958 7480
3 7959 7480 7957
3 7958 7960 7481
3 7951 7481 7960
3 7961 7483 7482
3 7961 7482 7484
3 7483 7961 7962
3 7483 7962 7963
3 7952 7483 7963
3 7484 7576 7964
3 7965 7961 7484
3 7965 7484 7964
3 7485 7612 7614
3 7486 7485 7614
3 7486 7614 7629
3 7948 7486 7629
3 7487 7966 7967
3 7487 7967 7496
3 7488 7966 7487
3 7488 7968 7966
3 7968 7488 7489
3 7489 7490 7969
3 7489 7969 7970
3 7968 7489 7970
3 7490 7491 7971
3 7490 7971 7969
3 7491 7492 7972
3 7491 7972 7971
3 7492 7493 7973
3 7492 7973 7972
3 7974 7973 7493
3 7974 7493 7494
3 7975 7974 7494
3 7975 7494 7495
3 7495 7497 7976
3 7976 7975 7495
3 7506 7496 7967
3 7498 7977 7497
3 7977 7976 7497
3 7498 7505 7978
3 7977 7498 7978
3 7499 7581 7979
3 7499 7979 7501
3 7980 7502 7500
3 7980 7500 7501
3 7981 7980 7501
3 7981 7501 7979
3 7980 7503 7502
3 7980 7982 7503
3 7983 7504 7503
3 7983 7503 7982
3 7504 7983 7984
3 7504 7984 7985
3 7504 7985 7505
3 7978 7505 7985
3 7506 7967 7986
3 7507 7506 7986
3 7507 7986 7510
3 7987 7988 7508
3 7987 7508 7510
3 7988 7509 7508
3 7989 7511 7509
3 7988 7989 7509
3 7990 7987 7510
3 7990 7510 7986
3 7989 7991 7511
3 7991 7515 7511
3 7512 7513 7992
3 7993 7512 7992
3 7512 7993 7517
3 7994 7992 7513
3 7514 7994 7513
3 7994 7514 7995
3 7514 7515 7995
3 7996 7995 7515
3 7991 7996 7515
3 7997 7516 7517
3 7516 7997 7519
3 7997 7517 7998
3 7993 7998 7517
3 7999 7518 7519
3 7518 7999 7528
3 7999 7519 8000
3 7997 8000 7519
3 7524 7520 8001
3 7520 7521 8002
3 7520 8002 8001
3 7521 7522 8003
3 7521 8003 8002
3 7522 7523 8004
3 7522 8004 8003
3 7528 8004 7523
3 7524 8001 8005
3 7525 7524 8005
3 7525 8005 8006
3 7526 7525 8006
3 7526 8006 8007
3 7527 7526 8007
3 7527 8007 8008
3 7529 7527 8008
3 7528 8009 8004
3 7999 8009 7528
3 7529 8008 8010
3 7530 7529 8010
3 7530 8010 8011
3 7531 7530 8011
3 7531 8011 8012
3 7579 7531 8012
3 8013 7536 7533
3 8014 8013 7533
3 8014 7533 7532
3 8015 8014 7532
3 8015 7532 7534
3 8016 8015 7534
3 8016 7534 7535
3 8017 8016 7535
3 8017 7535 7540
3 8013 8018 7536
3 8018 7537 7536
3 8019 7538 7537
3 8018 8019 7537
3 8019 8020 7538
3 8020 7539 7538
3 8021 7542 7539
3 8020 8021 7539
3 8022 8017 7540
3 8022 7540 7541
3 8023 8022 7541
3 8023 7541 7578
3 8024 7543 7542
3 8021 8024 7542
3 8025 7544 7543
3 8024 8025 7543
3 8025 8026 7544
3 8026 7545 7544
3 8027 7546 7545
3 8026 8027 7545
3 8027 8028 7546
3 8028 7566 7546
3 7549 8029 7547
3 8030 7548 7547
3 8030 7547 8029
3 8030 7550 7548
3 7549 8031 8029
3 8031 7549 7562
3 8032 7551 7550
3 8030 8032 7550
3 8033 7552 7551
3 8032 8033 7551
3 8033 8034 7552
3 7553 7552 8034
3 7553 8035 8036
3 7553 8036 7554
3 7553 8034 8035
3 8037 7555 7554
3 8037 7554 8036
3 7555 8037 8038
3 7555 8038 8039
3 7556 7555 8039
3 7556 8039 7563
3 7563 8040 7557
3 7557 8040 8041
3 7557 8041 7558
3 7558 8041 8042
3 7558 8042 7559
3 7560 7559 8042
3 7560 8042 8043
3 7560 8043 8044
3 7560 8044 7561
3 7561 8044 7562
3 8044 8045 7562
3 8031 7562 8045
3 7563 8039 8040
3 8046 7577 7564
3 7565 8046 7564
3 7565 7566 8047
3 8046 7565 8047
3 8048 8047 7566
3 8028 8048 7566
3 8049 7567 7568
3 8049 7573 7567
3 8049 7568 8050
3 8051 8050 7568
3 7569 8051 7568
3 7569 7571 8052
3 7569 8052 8051
3 7572 7571 7570
3 7571 7572 8053
3 7571 8053 8052
3 7572 7577 8053
3 8049 8054 7573
3 7574 7573 8055
3 8055 7573 8054
3 8056 7574 8055
3 7574 8056 7575
3 8056 7576 7575
3 8057 7964 7576
3 8056 8057 7576
3 8046 8058 7577
3 8058 8053 7577
3 8059 8023 7578
3 8059 7578 7580
3 7579 8012 7580
3 8060 8059 7580
3 8060 7580 8012
3 7581 7582 8061
3 7581 8061 7979
3 8062 8061 7582
3 8062 7582 7583
3 7583 7585 8063
3 8062 7583 8063
3 7939 7585 7584
3 7939 8064 7585
3 8064 8063 7585
3 7948 7650 7588
3 7591 7589 8065
3 8065 7589 7590
3 8065 7590 7654
3 7591 8066 7592
3 8065 8066 7591
3 7603 7592 8067
3 8067 7592 8066
3 7593 7595 8068
3 7593 8068 8069
3 8069 7594 7593
3 8069 8070 7594
3 7594 8070 7640
3 8071 8068 7595
3 8071 7595 7596
3 7596 7597 8072
3 7596 8072 8071
3 8073 8072 7597
3 8073 7597 7598
3 7598 7599 8074
3 7598 8074 8073
3 8075 8074 7599
3 8075 7599 7600
3 7600 7601 8076
3 7600 8076 8075
3 7602 8076 7601
3 7605 8077 7602
3 7602 8077 8076
3 8067 8078 7603
3 7603 8078 8079
3 7603 8079 7604
3 8079 7605 7604
3 7605 8080 8077
3 8079 8080 7605
3 7609 7608 8081
3 7949 8081 7608
3 7609 8081 8082
3 8082 7611 7609
3 8082 8083 7611
3 7613 7611 8083
3 7613 8083 7623
3 8084 7616 7615
3 8085 8084 7615
3 8085 7615 7617
3 8086 7626 7616
3 8084 8086 7616
3 7617 7618 8087
3 7617 8087 8085
3 8088 8087 7618
3 8088 7618 7619
3 8089 8088 7619
3 8089 7619 7620
3 8090 8089 7620
3 8090 7620 7622
3 8091 8092 7622
3 8091 7622 7621
3 7622 8092 8093
3 7622 8093 8090
3 7621 7623 8083
3 7621 8083 8091
3 7624 7625 8094
3 7624 8094 7628
3 7625 8095 8096
3 7625 8096 8094
3 8095 7625 7626
3 8095 7626 8097
3 8086 8097 7626
3 7842 7627 8098
3 8099 8098 7627
3 8099 7627 7628
3 8100 8099 7628
3 8100 7628 8094
3 7948 7629 7630
3 7650 7948 7630
3 7650 7630 7631
3 7632 7634 8101
3 7632 8101 8102
3 7632 8102 8103
3 7632 8103 7633
3 8104 7642 7633
3 8104 7633 8103
3 7634 7635 8105
3 7634 8105 8101
3 7635 7636 8106
3 7635 8106 8105
3 7636 7637 8107
3 7636 8107 8106
3 7638 8107 7637
3 7638 8108 8107
3 8109 8108 7638
3 8109 7638 7639
3 8109 7639 7641
3 8110 8111 7641
3 7640 8110 7641
3 8109 7641 8111
3 7640 8070 8112
3 7640 8112 8110
3 7642 8104 8113
3 7642 8113 7643
3 8114 7644 7643
3 8114 7643 8113
3 7644 8114 8115
3 7644 8115 7645
3 8116 7646 7645
3 8116 7645 8115
3 7646 8116 8117
3 7646 8117 7647
3 7649 7648 7647
3 7649 7647 8117
3 7659 7649 8117
3 7651 8118 7652
3 7651 7656 8119
3 8119 8118 7651
3 7652 8118 8120
3 7652 8120 7653
3 7653 8120 8121
3 7653 8121 7654
3 7654 8121 8122
3 7654 8122 8065
3 7655 7657 8123
3 8123 7656 7655
3 8123 8124 7656
3 8119 7656 8124
3 8125 8123 7657
3 8125 7657 7658
3 8126 8125 7658
3 8126 7658 8127
3 7658 7659 8128
3 7658 8128 8127
3 7659 8117 8128
3 8129 8130 7660
3 8129 7660 7669
3 8130 7661 7660
3 8131 7671 7661
3 8130 8131 7661
3 7662 8132 8133
3 7662 8133 7663
3 8132 7662 7664
3 8134 7665 7663
3 8134 7663 8133
3 8132 7664 7684
3 7666 7665 8135
3 7665 8134 8136
3 7665 8136 8135
3 7666 8135 7667
3 8137 8138 7668
3 8137 7668 7667
3 8138 7669 7668
3 8139 8137 7667
3 8139 7667 8135
3 8138 8129 7669
3 8140 7672 7670
3 8141 8140 7670
3 8141 7670 7671
3 8131 8141 7671
3 8140 8142 7672
3 8142 7673 7672
3 8143 7674 7673
3 8142 8143 7673
3 8143 8144 7674
3 8144 7675 7674
3 8145 7676 7675
3 8144 8145 7675
3 8145 8146 7676
3 8146 8147 7676
3 7677 7676 8147
3 8147 8148 7677
3 7677 8148 7691
3 8149 7679 7678
3 8150 8149 7678
3 8150 7678 7680
3 8151 7687 7679
3 8149 8151 7679
3 8152 8150 7680
3 8152 7680 7683
3 8153 8154 7682
3 7681 8153 7682
3 8152 7683 7682
3 8152 7682 8154
3 7681 7690 7717
3 7681 7717 8155
3 7681 8155 8153
3 8156 8132 7684
3 8156 7684 7685
3 8157 8156 7685
3 8157 7685 7686
3 8157 7686 8158
3 7687 8158 7686
3 8159 8158 7687
3 8159 7687 8160
3 8151 8160 7687
3 7692 7691 8161
3 8161 7691 8148
3 7693 7692 8161
3 7693 8161 8162
3 7693 8163 7694
3 8163 7693 8162
3 8163 7695 7694
3 8163 8164 7695
3 8165 7696 7695
3 8165 7695 8164
3 7697 7696 8166
3 8165 8166 7696
3 7697 8167 7698
3 8167 7697 8166
3 7703 7698 8168
3 8167 8168 7698
3 7703 7700 7699
3 8169 7701 7700
3 8169 7700 8170
3 7703 8170 7700
3 7702 7701 8169
3 7702 8171 7905
3 7702 7905 7704
3 7702 8169 8171
3 8170 7703 8168
3 7706 8172 7705
3 7715 7705 8172
3 7706 8173 8172
3 7706 7731 8173
3 7707 7710 8174
3 7707 8174 8175
3 7707 8175 8176
3 7707 8176 7708
3 7708 8176 7716
3 7708 7716 7709
3 7710 7722 8177
3 7710 8177 8174
3 7711 8178 8179
3 7711 8179 7733
3 8178 7711 7712
3 8178 7712 8180
3 7713 8180 7712
3 7713 8181 8180
3 8181 7713 7714
3 8181 7714 8182
3 7714 7715 8182
3 7715 8172 8182
3 7718 7716 8176
3 7717 7718 8183
3 7717 8183 8155
3 7718 8176 8183
3 8184 7723 7719
3 8184 7719 7727
3 7720 7723 8185
3 7720 8185 8186
3 7721 7720 8186
3 7721 8186 8187
3 7722 7721 8187
3 7722 8187 8177
3 7723 8184 8188
3 7723 8188 8185
3 7724 7725 8189
3 7724 8189 8190
3 7726 7724 8190
3 7729 8189 7725
3 7726 8190 8191
3 7727 7726 8191
3 8184 7727 8192
3 7727 8191 8192
3 8193 8194 7729
3 7728 8193 7729
3 7729 8194 8189
3 8193 7728 8195
3 7730 8195 7728
3 7730 7734 8195
3 7731 7732 8196
3 7731 8196 8173
3 7732 7733 8179
3 7732 8179 8196
3 7734 7743 8197
3 7734 8197 8195
3 7794 7736 7735
3 7794 8198 7736
3 7736 8198 8199
3 7736 8199 7739
3 7738 8200 8201
3 7738 8201 7737
3 7739 8200 7738
3 7737 8201 8202
3 7737 8202 7740
3 7739 8199 8200
3 7740 8202 8203
3 7740 8203 7741
3 7742 7741 8203
3 7742 8203 8204
3 7743 7742 8204
3 7743 8204 8197
3 8205 7745 7744
3 7769 8205 7744
3 7769 7744 7765
3 8206 7746 7745
3 8205 8206 7745
3 8207 7748 7746
3 8206 8207 7746
3 8208 7747 7748
3 7747 8208 8209
3 7747 8209 7749
3 8208 7748 8210
3 8207 8210 7748
3 8211 7750 7749
3 8211 7749 8209
3 7750 8211 8212
3 7750 8212 7751
3 7751 8212 8213
3 7751 8213 7752
3 8214 7753 7752
3 8214 7752 8213
3 8214 8215 7753
3 7753 8215 7754
3 7764 7754 8215
3 8216 7778 7755
3 8216 7755 7756
3 8216 7756 7757
3 8216 7757 8217
3 7758 8217 7757
3 7758 7759 8218
3 7758 8218 8219
3 7758 8219 8217
3 7759 7760 8220
3 7759 8220 8218
3 8221 7760 7761
3 7760 8221 8222
3 7760 8222 8220
3 8221 7761 8223
3 7762 8223 7761
3 7762 7763 8224
3 7762 8224 8223
3 7764 8225 7763
3 8225 8224 7763
3 7764 8215 8226
3 8225 7764 8226
3 8227 7766 7767
3 7766 8227 8228
3 7766 8228 7769
3 8227 7767 8229
3 7768 8229 7767
3 7768 8230 8229
3 8230 7768 7770
3 8205 7769 8228
3 8230 7770 8231
3 7775 8231 7770
3 7773 7771 8232
3 7772 8233 7771
3 8233 8232 7771
3 7772 7777 8234
3 8233 7772 8234
3 8235 7773 8232
3 7773 8235 7774
3 8235 8236 7774
3 7775 7774 8236
3 8236 8237 7775
3 7775 8237 8231
3 8238 7777 7776
3 7780 8238 7776
3 8238 8239 7777
3 8239 8234 7777
3 8240 7792 7778
3 8240 7778 8216
3 7779 7789 8241
3 7780 7779 8241
3 7780 8241 8242
3 8238 7780 8242
3 7781 8243 8244
3 7781 8244 7782
3 8243 7781 7786
3 8245 7783 7782
3 8245 7782 8244
3 7783 8245 8246
3 7783 8246 7784
3 7785 7784 8246
3 7785 8246 8247
3 8247 7789 7785
3 8243 7786 8248
3 7787 8248 7786
3 7787 8249 8248
3 8249 7787 7788
3 8249 7788 8250
3 7790 8250 7788
3 8247 8251 7789
3 8251 8241 7789
3 7790 8252 8250
3 8252 7790 7791
3 8252 7791 8253
3 7795 8253 7791
3 7793 7792 8254
3 8240 8254 7792
3 8255 7793 8254
3 7793 8255 7794
3 8255 8198 7794
3 7795 7843 8253
3 8256 7796 7800
3 7796 8256 8257
3 7796 8257 7797
3 7797 8257 8258
3 7797 8258 7798
3 7798 8258 8259
3 7798 8259 7799
3 7804 7799 8259
3 8256 7800 8260
3 7801 8260 7800
3 7801 8261 8260
3 8261 7801 7802
3 8261 7802 8262
3 7803 8262 7802
3 7803 8263 8262
3 8263 7803 7806
3 7804 8264 8265
3 7804 8265 7805
3 7804 8259 8264
3 8266 7809 7805
3 8266 7805 8265
3 7807 8267 7806
3 8263 7806 8267
3 7807 8268 8267
3 8268 7807 7808
3 8268 7808 8269
3 7811 8269 7808
3 7809 8266 8270
3 7809 8270 7810
3 8271 7843 7810
3 8271 7810 8270
3 7811 8272 8269
3 8272 7811 7829
3 7822 7812 8273
3 7812 7813 8274
3 7812 8274 8273
3 7814 8274 7813
3 7815 8275 7814
3 7814 8275 8274
3 7815 8276 8275
3 8276 7815 7816
3 8276 7816 8277
3 7817 8277 7816
3 7817 7818 8278
3 7817 8278 8279
3 7817 8279 8277
3 7818 7819 8280
3 7818 8280 8278
3 7819 7820 8281
3 7819 8281 8280
3 7820 8282 8283
3 7820 8283 8281
3 8282 7820 7821
3 8282 7821 7823
3 7822 8273 8284
3 7828 7822 8284
3 8285 8282 7823
3 8285 7823 7824
3 8286 8285 7824
3 8286 7824 7825
3 8286 7825 7826
3 8286 7826 8287
3 8288 8287 7826
3 8288 7826 7827
3 7828 8288 7827
3 8288 7828 8289
3 7828 8284 8289
3 8272 7829 8290
3 7832 8290 7829
3 7830 8291 7831
3 8291 7830 7838
3 7832 7831 8292
3 8291 8292 7831
3 7832 8293 8290
3 8293 7832 8292
3 7839 8294 7833
3 7833 8294 8295
3 7833 8295 7834
3 7834 8296 7835
3 7834 8295 8297
3 7834 8297 8296
3 8298 7836 7835
3 8298 7835 8296
3 8299 7837 7836
3 8299 7836 8298
3 7837 8299 7838
3 8291 7838 8300
3 8299 8300 7838
3 7839 8301 8294
3 8302 8301 7839
3 7839 7840 8302
3 7840 7841 8303
3 8302 7840 8303
3 7842 8303 7841
3 7842 8304 8303
3 7842 8098 8305
3 7842 8305 8304
3 7843 8271 8306
3 7843 8306 8253
3 7856 8307 7844
3 8308 7845 7844
3 8308 7844 8307
3 7845 8308 8309
3 7845 8309 7849
3 8310 8311 7846
3 8310 7846 7848
3 8311 7847 7846
3 8312 7873 7847
3 8312 7847 8313
3 8311 8313 7847
3 8314 8310 7848
3 8314 7848 7849
3 8315 8314 7849
3 8315 7849 8309
3 7852 7853 7863
3 7855 7852 8316
3 8316 7852 7863
3 7854 7855 7879
3 7854 7879 7858
3 7855 8316 8317
3 7855 8317 7879
3 7856 7880 8307
3 7861 7860 7870
3 7861 8318 7862
3 8318 7861 7870
3 8318 7872 7862
3 8316 7863 7864
3 7864 7865 8317
3 7864 8317 8316
3 7866 8317 7865
3 7866 7878 8317
3 7878 7866 7875
3 7871 8319 7868
3 7867 7868 8319
3 7867 8319 8320
3 7867 8320 7870
3 8318 7870 8320
3 7871 7872 8321
3 7871 8321 8319
3 8318 8321 7872
3 7932 7874 7873
3 7932 7873 8322
3 8312 8322 7873
3 8323 7888 7876
3 8323 7876 8324
3 7877 8324 7876
3 7877 8325 8324
3 8325 7877 7890
3 7878 7879 8317
3 7880 7883 8307
3 8326 7882 7881
3 8327 8326 7881
3 8327 7881 7884
3 8328 7883 7882
3 8326 8328 7882
3 8329 8307 7883
3 8328 8329 7883
3 7885 7887 8330
3 7885 8330 7884
3 8331 8327 7884
3 8331 7884 8330
3 7887 8332 8333
3 7887 8333 8330
3 8332 7887 7886
3 8332 7886 8334
3 7888 8334 7886
3 7888 8323 8334
3 8335 7889 7891
3 7889 8335 8336
3 7889 8336 7890
3 8325 7890 8336
3 8335 7891 8337
3 7892 8337 7891
3 8338 7892 7893
3 7892 8338 8337
3 8338 7893 8339
3 7894 8339 7893
3 8340 7894 7895
3 7894 8340 8339
3 8340 7895 8341
3 8342 8341 7895
3 7896 8342 7895
3 8343 8342 7896
3 7896 7897 8343
3 7898 8344 7897
3 8343 7897 8344
3 8344 7898 7899
3 8344 7899 8345
3 8346 8345 7899
3 7900 8346 7899
3 7900 7901 8347
3 7900 8347 8346
3 8348 8347 7901
3 8348 7901 7902
3 7902 7903 8349
3 8348 7902 8349
3 8350 8349 7903
3 7904 8350 7903
3 7904 7905 8351
3 8350 7904 8351
3 8171 8351 7905
3 8352 7906 7916
3 8352 7907 7906
3 8352 8353 7907
3 7929 7907 8353
3 7908 7909 8354
3 7908 8354 8355
3 7908 8355 8356
3 7908 8356 7911
3 7937 8354 7909
3 7937 7909 7910
3 8357 7919 7911
3 8357 7911 8356
3 7912 7931 8358
3 7912 8358 8359
3 7913 7912 8359
3 7913 8359 8360
3 7914 7913 8360
3 7914 8360 8361
3 7915 7914 8361
3 7915 8361 8362
3 7916 7915 8362
3 8352 7916 8362
3 7917 8363 8364
3 7917 8364 7928
3 8363 7917 7918
3 8363 7918 8365
3 7919 8365 7918
3 7919 8357 8365
3 8366 7924 7920
3 8366 7920 7928
3 8367 7923 7921
3 8367 7921 8368
3 7922 8368 7921
3 7922 8369 8368
3 8369 7922 7924
3 8367 7925 7923
3 8366 8370 7924
3 8369 7924 8370
3 8371 7925 8372
3 7925 8371 7926
3 8367 8372 7925
3 8371 8373 7926
3 7927 7926 8373
3 7927 8373 7938
3 8374 8366 7928
3 8374 7928 8364
3 8375 7930 7929
3 8375 7929 8353
3 7930 8375 8358
3 7930 8358 7931
3 7933 7932 8322
3 7933 8322 7934
3 8376 7935 7934
3 8376 7934 8322
3 7936 8354 7937
3 8377 7936 7935
3 8377 7935 8378
3 8376 8378 7935
3 7936 8377 8354
3 8379 7947 7938
3 8379 7938 8373
3 7940 8064 7939
3 7940 8380 8064
3 8381 8380 7940
3 8381 7940 7943
3 7941 7944 8382
3 7941 8382 8383
3 8383 7942 7941
3 8383 8384 7942
3 7943 7942 8384
3 7943 8384 8381
3 8385 8382 7944
3 8385 7944 7945
3 8385 7945 7946
3 8385 7946 8386
3 7947 8386 7946
3 7947 8379 8386
3 7950 8387 7949
3 7949 8387 8081
3 7950 8388 8387
3 7951 8388 7950
3 7951 7960 8388
3 8389 7952 7963
3 7952 8389 8390
3 7952 8390 7953
3 8391 7954 7953
3 8391 7953 8390
3 8392 7955 7954
3 8392 7954 8391
3 8393 7956 7955
3 8393 7955 8392
3 7956 8393 8394
3 7956 8394 7957
3 8395 7959 7957
3 8395 7957 8394
3 7959 8396 8397
3 7959 8397 7958
3 8398 8396 7959
3 8398 7959 8395
3 7958 8397 8388
3 7958 8388 7960
3 7961 7965 8399
3 7961 8399 7962
3 8400 7963 7962
3 8401 8400 7962
3 8401 7962 8399
3 8400 8402 7963
3 8389 7963 8402
3 8057 8403 7964
3 8404 7965 7964
3 8404 7964 8403
3 7965 8404 8405
3 7965 8405 8399
3 7968 8406 7966
3 8407 7967 7966
3 8407 7966 8406
3 7967 8407 7990
3 7967 7990 7986
3 8408 7968 7970
3 7968 8408 8406
3 8409 8410 7970
3 8409 7970 7969
3 8408 7970 8410
3 8411 8409 7969
3 8411 7969 7971
3 8412 8411 7971
3 8412 7971 7972
3 8413 8412 7972
3 8413 7972 7973
3 7973 7974 8414
3 7973 8414 8413
3 7974 7975 8415
3 7974 8415 8414
3 8415 7975 8416
3 7976 8416 7975
3 8417 8416 7976
3 7977 8417 7976
3 7977 7978 8418
3 8417 7977 8418
3 7978 7985 8419
3 8419 8418 7978
3 7979 8061 8420
3 7979 8420 7981
3 7981 7982 7980
3 8421 7981 8420
3 7981 8421 7982
3 7983 7982 8421
3 7983 8421 8422
3 7983 8422 8423
3 7983 8423 7984
3 8424 8425 7984
3 8424 7984 8423
3 8425 7985 7984
3 8425 8419 7985
3 7987 7990 8426
3 7987 8426 8427
3 7988 7987 8427
3 7988 8427 8428
3 7989 7988 8428
3 7989 8428 8429
3 7991 7989 8429
3 8407 8426 7990
3 7991 8429 8430
3 7996 7991 8430
3 7994 8431 7992
3 7993 7992 8432
3 8431 8432 7992
3 8433 7993 8432
3 7993 8433 7998
3 7994 7995 8434
3 8431 7994 8434
3 8435 8434 7995
3 7996 8435 7995
3 7996 8430 8436
3 8436 8435 7996
3 8437 7997 7998
3 7997 8437 8000
3 8437 7998 8438
3 8433 8438 7998
3 8439 7999 8000
3 7999 8439 8009
3 8439 8000 8440
3 8437 8440 8000
3 8441 8005 8001
3 8442 8441 8001
3 8442 8001 8002
3 8443 8442 8002
3 8443 8002 8003
3 8443 8003 8004
3 8443 8004 8444
3 8444 8004 8009
3 8445 8006 8005
3 8441 8445 8005
3 8445 8446 8006
3 8446 8007 8006
3 8447 8008 8007
3 8446 8447 8007
3 8447 8448 8008
3 8448 8010 8008
3 8444 8009 8449
3 8439 8449 8009
3 8450 8011 8010
3 8448 8450 8010
3 8450 8451 8011
3 8451 8012 8011
3 8451 8060 8012
3 8013 8014 8257
3 8013 8257 8256
3 8018 8013 8256
3 8015 8257 8014
3 8016 8258 8015
3 8015 8258 8257
3 8017 8259 8016
3 8016 8259 8258
3 8017 8022 8265
3 8017 8265 8264
3 8017 8264 8259
3 8018 8256 8260
3 8019 8018 8260
3 8019 8260 8261
3 8020 8019 8261
3 8020 8261 8262
3 8021 8020 8262
3 8021 8262 8263
3 8024 8021 8263
3 8022 8023 8266
3 8022 8266 8265
3 8023 8059 8270
3 8023 8270 8266
3 8025 8024 8267
3 8024 8263 8267
3 8025 8267 8268
3 8026 8025 8268
3 8026 8268 8269
3 8027 8026 8269
3 8027 8269 8272
3 8028 8027 8272
3 8028 8272 8290
3 8048 8028 8290
3 8031 8452 8029
3 8453 8030 8029
3 8453 8029 8452
3 8453 8032 8030
3 8031 8454 8452
3 8454 8031 8045
3 8033 8032 8455
3 8453 8455 8032
3 8033 8455 8456
3 8034 8033 8456
3 8034 8456 8457
3 8035 8034 8457
3 8035 8458 8459
3 8035 8459 8036
3 8035 8457 8458
3 8460 8037 8036
3 8460 8036 8459
3 8037 8460 8461
3 8037 8461 8038
3 8462 8039 8038
3 8463 8462 8038
3 8463 8038 8461
3 8462 8040 8039
3 8040 8462 8464
3 8040 8464 8041
3 8465 8042 8041
3 8465 8041 8464
3 8465 8043 8042
3 8465 8466 8043
3 8467 8044 8043
3 8467 8043 8466
3 8044 8467 8045
3 8467 8468 8045
3 8454 8045 8468
3 8046 8047 8469
3 8058 8046 8469
3 8048 8470 8047
3 8470 8469 8047
3 8048 8290 8293
3 8470 8048 8293
3 8049 8050 8471
3 8049 8471 8472
3 8472 8054 8049
3 8473 8471 8050
3 8473 8050 8474
3 8051 8474 8050
3 8051 8052 8475
3 8051 8475 8474
3 8476 8475 8052
3 8476 8052 8053
3 8058 8476 8053
3 8472 8477 8054
3 8055 8054 8478
3 8478 8054 8477
3 8056 8055 8479
3 8478 8479 8055
3 8057 8056 8479
3 8057 8479 8480
3 8057 8480 8481
3 8057 8481 8403
3 8058 8469 8482
3 8476 8058 8482
3 8059 8060 8271
3 8059 8271 8270
3 8060 8451 8306
3 8060 8306 8271
3 8483 8420 8061
3 8483 8061 8062
3 8062 8063 8484
3 8483 8062 8484
3 8485 8484 8063
3 8064 8485 8063
3 8485 8064 8380
3 8065 8122 8066
3 8067 8066 8486
3 8486 8066 8122
3 8486 8487 8067
3 8067 8487 8078
3 8488 8070 8069
3 8489 8488 8069
3 8489 8069 8068
3 8490 8489 8068
3 8490 8068 8071
3 8488 8112 8070
3 8491 8490 8071
3 8491 8071 8072
3 8492 8491 8072
3 8492 8072 8073
3 8493 8492 8073
3 8493 8073 8074
3 8494 8493 8074
3 8494 8074 8075
3 8495 8494 8075
3 8495 8075 8076
3 8496 8495 8076
3 8496 8076 8077
3 8077 8080 8079
3 8077 8079 8496
3 8487 8497 8078
3 8496 8079 8078
3 8496 8078 8497
3 8082 8081 8498
3 8498 8081 8387
3 8082 8499 8091
3 8082 8091 8083
3 8082 8498 8499
3 8086 8084 8500
3 8501 8500 8084
3 8501 8084 8085
3 8085 8087 8502
3 8085 8502 8501
3 8086 8500 8503
3 8097 8086 8503
3 8087 8088 8504
3 8087 8504 8502
3 8088 8089 8505
3 8088 8505 8504
3 8506 8505 8089
3 8506 8089 8090
3 8090 8093 8507
3 8090 8507 8506
3 8499 8092 8091
3 8499 8508 8092
3 8093 8092 8508
3 8509 8507 8093
3 8093 8508 8509
3 8510 8100 8094
3 8510 8094 8096
3 8095 8511 8512
3 8095 8512 8096
3 8511 8095 8097
3 8513 8510 8096
3 8513 8096 8512
3 8511 8097 8514
3 8097 8503 8514
3 8098 8099 8515
3 8098 8515 8305
3 8099 8100 8516
3 8099 8516 8515
3 8100 8510 8517
3 8100 8517 8516
3 8518 8519 8101
3 8518 8101 8105
3 8519 8102 8101
3 8520 8104 8103
3 8520 8103 8102
3 8519 8520 8102
3 8104 8520 8521
3 8104 8521 8113
3 8522 8518 8105
3 8522 8105 8106
3 8523 8522 8106
3 8523 8106 8107
3 8524 8523 8107
3 8524 8107 8108
3 8109 8524 8108
3 8525 8109 8111
3 8109 8525 8524
3 8526 8527 8111
3 8110 8526 8111
3 8525 8111 8527
3 8526 8110 8112
3 8488 8528 8112
3 8526 8112 8528
3 8529 8114 8113
3 8529 8113 8521
3 8114 8529 8530
3 8114 8530 8115
3 8531 8116 8115
3 8531 8115 8530
3 8116 8531 8128
3 8116 8128 8117
3 8119 8532 8118
3 8533 8120 8118
3 8533 8118 8532
3 8119 8124 8534
3 8534 8532 8119
3 8535 8121 8120
3 8535 8120 8533
3 8536 8122 8121
3 8536 8121 8535
3 8486 8122 8536
3 8123 8125 8537
3 8123 8537 8124
3 8534 8124 8537
3 8125 8126 8538
3 8125 8538 8537
3 8539 8126 8127
3 8126 8539 8540
3 8126 8540 8538
3 8539 8127 8541
3 8531 8541 8127
3 8531 8127 8128
3 8129 8138 8542
3 8129 8542 8543
3 8130 8129 8543
3 8130 8543 8544
3 8131 8130 8544
3 8131 8544 8545
3 8141 8131 8545
3 8132 8156 8546
3 8132 8546 8133
3 8547 8134 8133
3 8547 8133 8546
3 8134 8547 8548
3 8134 8548 8136
3 8549 8550 8135
3 8549 8135 8136
3 8550 8139 8135
3 8551 8549 8136
3 8551 8136 8548
3 8139 8552 8137
3 8138 8137 8552
3 8138 8552 8542
3 8139 8553 8552
3 8554 8553 8139
3 8550 8554 8139
3 8140 8141 8555
3 8140 8555 8556
3 8142 8140 8556
3 8141 8545 8555
3 8142 8556 8557
3 8143 8142 8557
3 8143 8557 8558
3 8144 8143 8558
3 8144 8558 8559
3 8145 8144 8559
3 8145 8559 8560
3 8146 8145 8560
3 8146 8560 8561
3 8562 8146 8561
3 8146 8562 8147
3 8562 8563 8147
3 8147 8563 8148
3 8161 8148 8564
3 8564 8148 8563
3 8149 8150 8565
3 8149 8565 8566
3 8149 8566 8567
3 8149 8567 8151
3 8150 8152 8568
3 8150 8568 8565
3 8151 8567 8569
3 8151 8569 8160
3 8154 8568 8152
3 8153 8155 8570
3 8153 8570 8571
3 8153 8571 8154
3 8571 8572 8154
3 8154 8572 8568
3 8573 8570 8155
3 8573 8155 8183
3 8156 8157 8574
3 8156 8574 8546
3 8157 8158 8575
3 8575 8574 8157
3 8576 8577 8158
3 8576 8158 8159
3 8575 8158 8577
3 8160 8578 8159
3 8579 8576 8159
3 8579 8159 8578
3 8160 8569 8578
3 8564 8162 8161
3 8564 8580 8162
3 8163 8162 8581
3 8580 8581 8162
3 8164 8163 8581
3 8164 8581 8582
3 8165 8164 8582
3 8165 8582 8583
3 8584 8165 8583
3 8165 8584 8166
3 8167 8166 8585
3 8584 8585 8166
3 8167 8586 8168
3 8586 8167 8585
3 8586 8587 8168
3 8170 8168 8587
3 8169 8170 8587
3 8169 8587 8588
3 8589 8171 8169
3 8589 8169 8588
3 8171 8589 8351
3 8172 8590 8181
3 8172 8181 8182
3 8172 8173 8196
3 8172 8196 8590
3 8183 8176 8175
3 8183 8175 8573
3 8591 8573 8175
3 8591 8175 8174
3 8592 8591 8174
3 8592 8174 8177
3 8593 8592 8177
3 8593 8177 8187
3 8590 8178 8180
3 8590 8179 8178
3 8590 8196 8179
3 8590 8180 8181
3 8184 8594 8595
3 8184 8595 8188
3 8184 8192 8594
3 8596 8187 8186
3 8597 8596 8186
3 8597 8186 8185
3 8598 8597 8185
3 8598 8185 8188
3 8596 8593 8187
3 8599 8598 8188
3 8599 8188 8595
3 8600 8601 8190
3 8600 8190 8189
3 8191 8190 8601
3 8600 8189 8194
3 8191 8601 8602
3 8602 8192 8191
3 8602 8603 8192
3 8594 8192 8603
3 8193 8604 8194
3 8193 8195 8605
3 8604 8193 8605
3 8600 8194 8606
3 8604 8606 8194
3 8197 8605 8195
3 8197 8607 8605
3 8607 8197 8204
3 8608 8199 8198
3 8255 8608 8198
3 8609 8200 8199
3 8608 8609 8199
3 8610 8202 8201
3 8610 8201 8611
3 8611 8201 8200
3 8611 8200 8612
3 8609 8612 8200
3 8613 8203 8202
3 8613 8202 8610
3 8203 8613 8614
3 8203 8614 8204
3 8607 8204 8614
3 8205 8228 8615
3 8206 8205 8615
3 8207 8206 8616
3 8206 8615 8616
3 8207 8616 8617
3 8210 8207 8617
3 8208 8210 8618
3 8208 8618 8619
3 8208 8619 8620
3 8208 8620 8209
3 8621 8211 8209
3 8621 8209 8620
3 8210 8617 8618
3 8211 8621 8622
3 8211 8622 8212
3 8212 8622 8623
3 8212 8623 8213
3 8624 8214 8213
3 8624 8213 8623
3 8624 8625 8214
3 8214 8625 8215
3 8625 8226 8215
3 8240 8216 8217
3 8240 8217 8626
3 8626 8217 8219
3 8626 8219 8627
3 8628 8627 8219
3 8628 8219 8218
3 8629 8628 8218
3 8629 8218 8220
3 8630 8629 8220
3 8630 8220 8222
3 8631 8630 8222
3 8631 8222 8632
3 8221 8632 8222
3 8633 8221 8223
3 8221 8633 8632
3 8633 8223 8634
3 8634 8223 8224
3 8634 8224 8635
3 8225 8635 8224
3 8225 8226 8636
3 8635 8225 8636
3 8637 8636 8226
3 8625 8637 8226
3 8638 8228 8227
3 8638 8227 8229
3 8639 8615 8228
3 8638 8639 8228
3 8638 8229 8640
3 8640 8229 8230
3 8640 8230 8641
3 8641 8230 8231
3 8642 8231 8237
3 8641 8231 8642
3 8235 8232 8643
3 8644 8643 8232
3 8233 8644 8232
3 8233 8234 8645
3 8644 8233 8645
3 8646 8645 8234
3 8239 8646 8234
3 8647 8235 8643
3 8235 8647 8236
3 8648 8649 8236
3 8648 8236 8647
3 8236 8649 8237
3 8642 8237 8650
3 8237 8649 8648
3 8237 8648 8650
3 8238 8242 8651
3 8239 8238 8651
3 8239 8651 8652
3 8646 8239 8652
3 8240 8626 8653
3 8240 8653 8654
3 8240 8654 8254
3 8655 8242 8241
3 8251 8655 8241
3 8655 8656 8242
3 8656 8651 8242
3 8243 8657 8658
3 8243 8658 8244
3 8657 8243 8248
3 8659 8245 8244
3 8659 8244 8658
3 8659 8246 8245
3 8659 8660 8246
3 8247 8246 8660
3 8247 8660 8661
3 8661 8251 8247
3 8657 8248 8662
3 8249 8662 8248
3 8249 8663 8662
3 8663 8249 8250
3 8663 8250 8664
3 8252 8664 8250
3 8661 8665 8251
3 8655 8251 8665
3 8252 8666 8664
3 8666 8252 8253
3 8666 8253 8306
3 8255 8254 8667
3 8667 8254 8654
3 8608 8255 8667
3 8668 8284 8273
3 8669 8668 8273
3 8669 8273 8274
3 8669 8274 8275
3 8670 8275 8276
3 8669 8275 8670
3 8670 8276 8671
3 8671 8276 8277
3 8671 8277 8672
3 8672 8277 8279
3 8673 8279 8278
3 8674 8673 8278
3 8674 8278 8280
3 8672 8279 8675
3 8673 8675 8279
3 8676 8674 8280
3 8676 8280 8281
3 8677 8676 8281
3 8677 8281 8283
3 8282 8285 8678
3 8282 8678 8283
3 8679 8677 8283
3 8679 8283 8678
3 8680 8289 8284
3 8668 8680 8284
3 8285 8286 8681
3 8285 8681 8678
3 8287 8681 8286
3 8287 8682 8681
3 8287 8288 8683
3 8287 8683 8682
3 8288 8289 8683
3 8684 8683 8289
3 8680 8684 8289
3 8291 8685 8292
3 8685 8291 8300
3 8293 8292 8686
3 8685 8686 8292
3 8470 8293 8686
3 8687 8295 8294
3 8688 8297 8295
3 8688 8295 8687
3 8687 8294 8689
3 8689 8294 8301
3 8296 8297 8690
3 8296 8690 8298
3 8297 8688 8691
3 8297 8691 8690
3 8692 8299 8298
3 8692 8298 8690
3 8299 8692 8300
3 8685 8300 8693
3 8692 8693 8300
3 8689 8301 8694
3 8302 8695 8301
3 8694 8301 8695
3 8302 8696 8697
3 8302 8697 8695
3 8302 8303 8696
3 8696 8303 8304
3 8696 8304 8698
3 8699 8698 8304
3 8699 8304 8305
3 8700 8699 8305
3 8700 8305 8515
3 8451 8666 8306
3 8329 8308 8307
3 8308 8329 8701
3 8308 8701 8309
3 8702 8315 8309
3 8702 8309 8701
3 8310 8314 8703
3 8310 8703 8704
3 8311 8310 8704
3 8311 8704 8705
3 8313 8311 8705
3 8376 8312 8706
3 8312 8376 8322
3 8312 8313 8707
3 8312 8707 8706
3 8313 8705 8707
3 8314 8315 8708
3 8314 8708 8703
3 8702 8708 8315
3 8321 8318 8320
3 8321 8320 8319
3 8709 8323 8324
3 8323 8709 8710
3 8323 8710 8334
3 8709 8324 8711
3 8325 8711 8324
3 8325 8712 8711
3 8712 8325 8336
3 8328 8326 8713
3 8326 8327 8714
3 8326 8714 8713
3 8327 8331 8715
3 8327 8715 8714
3 8328 8713 8716
3 8329 8328 8716
3 8329 8716 8701
3 8717 8331 8330
3 8717 8330 8718
3 8333 8718 8330
3 8331 8717 8719
3 8331 8719 8715
3 8720 8721 8333
3 8720 8333 8332
3 8722 8333 8721
3 8333 8722 8718
3 8720 8332 8334
3 8720 8334 8710
3 8723 8335 8337
3 8335 8723 8724
3 8335 8724 8336
3 8712 8336 8724
3 8723 8337 8725
3 8338 8725 8337
3 8726 8338 8339
3 8338 8726 8725
3 8726 8339 8727
3 8340 8727 8339
3 8728 8340 8341
3 8340 8728 8727
3 8728 8341 8729
3 8730 8729 8341
3 8342 8730 8341
3 8730 8342 8731
3 8343 8731 8342
3 8343 8344 8732
3 8732 8731 8343
3 8732 8344 8345
3 8732 8345 8733
3 8346 8734 8345
3 8734 8733 8345
3 8734 8346 8347
3 8734 8347 8735
3 8348 8735 8347
3 8348 8349 8736
3 8737 8348 8736
3 8348 8737 8735
3 8350 8738 8349
3 8738 8736 8349
3 8350 8351 8739
3 8738 8350 8739
3 8589 8739 8351
3 8375 8353 8352
3 8375 8352 8740
3 8361 8740 8352
3 8361 8352 8362
3 8355 8741 8742
3 8355 8742 8356
3 8355 8354 8377
3 8355 8377 8741
3 8743 8357 8356
3 8743 8356 8742
3 8357 8743 8744
3 8357 8744 8365
3 8740 8360 8359
3 8740 8359 8358
3 8740 8358 8375
3 8740 8361 8360
3 8363 8745 8746
3 8363 8746 8364
3 8745 8363 8365
3 8747 8374 8364
3 8747 8364 8746
3 8745 8365 8744
3 8366 8374 8748
3 8366 8748 8749
3 8366 8749 8370
3 8750 8372 8367
3 8750 8367 8368
3 8750 8368 8751
3 8751 8368 8369
3 8751 8369 8752
3 8752 8369 8370
3 8752 8370 8753
3 8753 8370 8749
3 8371 8372 8754
3 8755 8371 8754
3 8371 8755 8373
3 8750 8756 8372
3 8756 8754 8372
3 8755 8379 8373
3 8374 8747 8757
3 8374 8757 8748
3 8376 8706 8758
3 8376 8758 8378
3 8741 8377 8378
3 8741 8378 8759
3 8759 8378 8758
3 8760 8386 8379
3 8755 8760 8379
3 8381 8761 8380
3 8485 8380 8761
3 8381 8762 8761
3 8762 8381 8384
3 8763 8384 8383
3 8383 8382 8764
3 8383 8764 8763
3 8765 8764 8382
3 8765 8382 8385
3 8763 8766 8384
3 8762 8384 8766
3 8767 8765 8385
3 8767 8385 8386
3 8760 8767 8386
3 8498 8387 8768
3 8397 8768 8387
3 8397 8387 8388
3 8769 8389 8402
3 8389 8769 8770
3 8389 8770 8390
3 8390 8770 8771
3 8390 8771 8391
3 8391 8771 8772
3 8391 8772 8392
3 8773 8393 8392
3 8773 8392 8772
3 8393 8773 8774
3 8393 8774 8394
3 8394 8774 8775
3 8394 8775 8395
3 8395 8775 8776
3 8395 8776 8398
3 8768 8397 8396
3 8768 8396 8777
3 8777 8396 8398
3 8777 8398 8778
3 8778 8398 8776
3 8779 8401 8399
3 8779 8399 8405
3 8400 8401 8780
3 8400 8780 8781
3 8402 8400 8781
3 8401 8779 8782
3 8401 8782 8780
3 8402 8781 8783
3 8769 8402 8783
3 8784 8404 8403
3 8784 8403 8481
3 8404 8784 8785
3 8404 8785 8405
3 8786 8779 8405
3 8786 8405 8785
3 8408 8787 8406
3 8788 8407 8406
3 8788 8406 8787
3 8407 8788 8426
3 8789 8408 8410
3 8408 8789 8787
3 8409 8411 8790
3 8409 8790 8791
3 8409 8791 8792
3 8409 8792 8410
3 8789 8410 8792
3 8411 8412 8793
3 8411 8793 8790
3 8412 8413 8794
3 8412 8794 8793
3 8795 8794 8413
3 8795 8413 8414
3 8796 8795 8414
3 8796 8414 8415
3 8415 8416 8797
3 8797 8796 8415
3 8417 8798 8416
3 8798 8797 8416
3 8417 8418 8799
3 8798 8417 8799
3 8419 8800 8418
3 8800 8799 8418
3 8419 8425 8801
3 8419 8801 8800
3 8483 8802 8420
3 8421 8420 8802
3 8422 8421 8802
3 8422 8802 8803
3 8422 8803 8804
3 8422 8804 8423
3 8805 8424 8423
3 8805 8423 8804
3 8424 8805 8806
3 8424 8806 8807
3 8425 8424 8807
3 8425 8807 8801
3 8788 8808 8426
3 8809 8427 8426
3 8809 8426 8808
3 8809 8428 8427
3 8809 8810 8428
3 8811 8429 8428
3 8811 8428 8810
3 8812 8430 8429
3 8812 8429 8811
3 8436 8430 8812
3 8431 8434 8813
3 8814 8431 8813
3 8431 8814 8432
3 8433 8432 8815
3 8814 8815 8432
3 8816 8433 8815
3 8433 8816 8438
3 8817 8813 8434
3 8435 8817 8434
3 8435 8818 8819
3 8435 8819 8817
3 8436 8818 8435
3 8819 8818 8436
3 8819 8436 8820
3 8436 8812 8820
3 8821 8437 8438
3 8437 8821 8440
3 8821 8438 8822
3 8816 8822 8438
3 8823 8439 8440
3 8439 8823 8449
3 8823 8440 8824
3 8821 8824 8440
3 8445 8441 8658
3 8441 8442 8659
3 8441 8659 8658
3 8443 8659 8442
3 8443 8660 8659
3 8444 8660 8443
3 8449 8661 8444
3 8444 8661 8660
3 8445 8658 8657
3 8446 8445 8657
3 8446 8657 8662
3 8447 8446 8662
3 8447 8662 8663
3 8448 8447 8663
3 8448 8663 8664
3 8450 8448 8664
3 8449 8665 8661
3 8823 8665 8449
3 8450 8664 8666
3 8451 8450 8666
3 8454 8825 8452
3 8826 8453 8452
3 8826 8452 8825
3 8826 8455 8453
3 8454 8827 8825
3 8827 8454 8468
3 8456 8455 8828
3 8826 8828 8455
3 8829 8457 8456
3 8456 8828 8829
3 8829 8830 8457
3 8458 8457 8830
3 8458 8831 8832
3 8458 8832 8459
3 8458 8830 8831
3 8833 8460 8459
3 8833 8459 8832
3 8460 8833 8834
3 8460 8834 8461
3 8835 8463 8461
3 8835 8461 8834
3 8462 8463 8836
3 8462 8836 8464
3 8463 8835 8837
3 8463 8837 8836
3 8838 8465 8464
3 8838 8464 8836
3 8838 8466 8465
3 8838 8839 8466
3 8840 8467 8466
3 8840 8466 8839
3 8467 8840 8468
3 8840 8841 8468
3 8827 8468 8841
3 8842 8482 8469
3 8470 8842 8469
3 8842 8470 8686
3 8472 8471 8843
3 8472 8843 8844
3 8844 8477 8472
3 8845 8843 8471
3 8845 8471 8473
3 8474 8475 8846
3 8474 8846 8473
3 8847 8845 8473
3 8847 8473 8846
3 8475 8476 8848
3 8475 8848 8846
3 8476 8482 8848
3 8844 8849 8477
3 8478 8477 8850
3 8850 8477 8849
3 8478 8850 8851
3 8478 8851 8852
3 8478 8852 8479
3 8480 8479 8852
3 8480 8852 8853
3 8480 8853 8854
3 8480 8854 8481
3 8855 8784 8481
3 8855 8481 8854
3 8842 8856 8482
3 8856 8848 8482
3 8483 8484 8857
3 8483 8857 8858
3 8483 8858 8859
3 8483 8859 8802
3 8485 8860 8484
3 8857 8484 8860
3 8860 8485 8761
3 8486 8861 8487
3 8536 8861 8486
3 8487 8862 8497
3 8487 8861 8863
3 8487 8863 8862
3 8488 8489 8864
3 8488 8864 8865
3 8488 8865 8528
3 8489 8490 8866
3 8489 8866 8864
3 8490 8491 8867
3 8490 8867 8866
3 8491 8492 8868
3 8491 8868 8867
3 8492 8493 8869
3 8492 8869 8868
3 8493 8494 8870
3 8493 8870 8869
3 8494 8495 8871
3 8494 8871 8870
3 8495 8496 8497
3 8495 8497 8871
3 8862 8871 8497
3 8499 8498 8872
3 8768 8872 8498
3 8499 8872 8508
3 8873 8503 8500
3 8874 8873 8500
3 8874 8500 8501
3 8501 8502 8875
3 8501 8875 8874
3 8876 8875 8502
3 8876 8502 8504
3 8877 8514 8503
3 8873 8877 8503
3 8878 8876 8504
3 8878 8504 8505
3 8879 8878 8505
3 8879 8505 8506
3 8506 8507 8880
3 8506 8880 8879
3 8509 8881 8507
3 8880 8507 8881
3 8509 8508 8872
3 8882 8881 8509
3 8509 8872 8882
3 8510 8513 8883
3 8510 8883 8517
3 8884 8513 8512
3 8884 8512 8885
3 8511 8885 8512
3 8511 8886 8885
3 8886 8511 8514
3 8513 8884 8887
3 8513 8887 8883
3 8886 8514 8888
3 8877 8888 8514
3 8889 8700 8515
3 8889 8515 8516
3 8890 8889 8516
3 8890 8516 8517
3 8891 8890 8517
3 8891 8517 8883
3 8518 8522 8892
3 8518 8892 8893
3 8519 8518 8893
3 8519 8893 8894
3 8520 8519 8894
3 8520 8894 8521
3 8895 8529 8521
3 8895 8521 8894
3 8522 8523 8896
3 8522 8896 8892
3 8523 8524 8897
3 8523 8897 8896
3 8525 8897 8524
3 8898 8525 8527
3 8525 8898 8897
3 8899 8526 8528
3 8526 8899 8527
3 8899 8900 8527
3 8898 8527 8900
3 8899 8528 8901
3 8865 8901 8528
3 8529 8895 8902
3 8529 8902 8530
3 8541 8531 8530
3 8541 8530 8902
3 8534 8903 8532
3 8532 8903 8904
3 8532 8904 8533
3 8533 8904 8905
3 8533 8905 8535
3 8906 8903 8534
3 8534 8537 8906
3 8535 8905 8907
3 8535 8907 8536
3 8536 8907 8861
3 8908 8906 8537
3 8908 8537 8538
3 8909 8908 8538
3 8909 8538 8540
3 8910 8539 8541
3 8539 8910 8911
3 8539 8911 8540
3 8912 8909 8540
3 8912 8540 8911
3 8910 8541 8902
3 8552 8913 8542
3 8914 8543 8542
3 8914 8542 8913
3 8543 8914 8915
3 8543 8915 8544
3 8545 8544 8915
3 8916 8555 8545
3 8545 8915 8916
3 8917 8547 8546
3 8917 8546 8574
3 8918 8548 8547
3 8918 8547 8917
3 8919 8551 8548
3 8919 8548 8918
3 8549 8551 8920
3 8549 8920 8921
3 8550 8549 8921
3 8550 8921 8922
3 8554 8550 8922
3 8923 8920 8551
3 8923 8551 8919
3 8924 8552 8553
3 8552 8924 8913
3 8924 8553 8925
3 8554 8926 8553
3 8926 8925 8553
3 8554 8922 8927
3 8926 8554 8927
3 8928 8556 8555
3 8928 8555 8929
3 8916 8929 8555
3 8556 8928 8930
3 8556 8930 8557
3 8931 8558 8557
3 8931 8557 8930
3 8558 8931 8932
3 8558 8932 8559
3 8933 8560 8559
3 8933 8559 8932
3 8560 8933 8934
3 8560 8934 8561
3 8562 8561 8935
3 8936 8935 8561
3 8936 8561 8934
3 8937 8562 8935
3 8562 8937 8563
3 8937 8938 8563
3 8564 8563 8938
3 8938 8580 8564
3 8939 8569 8567
3 8940 8939 8567
3 8940 8567 8941
3 8941 8567 8566
3 8568 8942 8565
3 8943 8566 8565
3 8943 8565 8942
3 8941 8566 8943
3 8944 8568 8572
3 8568 8944 8942
3 8945 8578 8569
3 8945 8569 8946
3 8939 8946 8569
3 8573 8947 8570
3 8948 8571 8570
3 8948 8570 8947
3 8571 8948 8572
3 8948 8949 8572
3 8944 8572 8949
3 8573 8591 8947
3 8575 8950 8574
3 8917 8574 8950
3 8575 8577 8951
3 8951 8950 8575
3 8576 8579 8952
3 8576 8952 8953
3 8577 8576 8953
3 8577 8953 8954
3 8955 8951 8577
3 8955 8577 8954
3 8956 8579 8578
3 8956 8578 8945
3 8579 8956 8957
3 8579 8957 8952
3 8938 8958 8580
3 8580 8959 8581
3 8580 8958 8960
3 8580 8960 8959
3 8959 8582 8581
3 8959 8961 8582
3 8961 8583 8582
3 8584 8962 8585
3 8962 8584 8963
3 8584 8583 8963
3 8964 8963 8583
3 8961 8964 8583
3 8586 8585 8965
3 8962 8965 8585
3 8586 8966 8587
3 8966 8586 8965
3 8966 8588 8587
3 8966 8967 8588
3 8968 8589 8588
3 8968 8588 8967
3 8589 8968 8739
3 8591 8592 8969
3 8591 8969 8947
3 8592 8593 8970
3 8592 8970 8969
3 8593 8596 8971
3 8593 8971 8970
3 8972 8599 8595
3 8972 8595 8973
3 8594 8973 8595
3 8594 8603 8974
3 8594 8974 8973
3 8596 8597 8975
3 8596 8975 8971
3 8597 8598 8976
3 8597 8976 8975
3 8598 8599 8977
3 8598 8977 8976
3 8599 8972 8978
3 8599 8978 8977
3 8600 8979 8980
3 8600 8980 8601
3 8979 8600 8606
3 8981 8602 8601
3 8981 8601 8980
3 8602 8981 8982
3 8602 8982 8603
3 8983 8974 8603
3 8983 8603 8982
3 8604 8605 8984
3 8985 8604 8984
3 8604 8985 8606
3 8607 8984 8605
3 8979 8606 8986
3 8985 8986 8606
3 8607 8987 8984
3 8987 8607 8614
3 8609 8608 8988
3 8608 8667 8988
3 8609 8988 8989
3 8612 8609 8989
3 8611 8990 8610
3 8991 8613 8610
3 8991 8610 8990
3 8612 8992 8611
3 8611 8992 8990
3 8612 8993 8992
3 8612 8989 8993
3 8613 8991 8994
3 8613 8994 8614
3 8987 8614 8994
3 8995 8616 8615
3 8639 8995 8615
3 8995 8996 8616
3 8996 8617 8616
3 8997 8618 8617
3 8996 8997 8617
3 8998 8619 8618
3 8997 8998 8618
3 8999 8620 8619
3 8998 8999 8619
3 9000 8621 8620
3 9000 8620 9001
3 8999 9001 8620
3 8621 9000 9002
3 8621 9002 8622
3 8622 9002 9003
3 8622 9003 8623
3 9004 8624 8623
3 9004 8623 9003
3 8624 9005 8625
3 9004 9005 8624
3 8637 8625 9005
3 8626 8627 9006
3 8626 9006 8653
3 8627 8628 9007
3 8627 9007 9006
3 8628 8629 9008
3 8628 9008 9007
3 8629 8630 9009
3 8629 9009 9008
3 8630 8631 9010
3 8630 9010 9009
3 9011 8631 8632
3 8631 9011 9012
3 8631 9012 9010
3 9011 8632 9013
3 8633 9013 8632
3 9014 8633 8634
3 8633 9014 9013
3 9014 8634 9015
3 8635 9015 8634
3 8635 8636 9016
3 8635 9016 9015
3 9017 9016 8636
3 8637 9017 8636
3 8637 9005 9018
3 9017 8637 9018
3 8638 8640 9019
3 8638 9019 9020
3 8639 8638 9020
3 8995 8639 9021
3 8639 9020 9021
3 8640 8641 9022
3 8640 9022 9019
3 8641 8642 9023
3 8641 9023 9022
3 8642 8650 9024
3 8642 9024 9023
3 8647 8643 9025
3 9026 9025 8643
3 8644 9026 8643
3 8644 8645 9027
3 9026 8644 9027
3 8646 9028 8645
3 9028 9027 8645
3 8646 8652 9029
3 9028 8646 9029
3 8648 8647 9025
3 8648 9025 9030
3 8650 8648 9030
3 8650 9030 9024
3 9031 8652 8651
3 8656 9031 8651
3 9031 9032 8652
3 9032 9029 8652
3 9033 8654 8653
3 9034 9033 8653
3 9034 8653 9006
3 8667 8654 9035
3 9033 9035 8654
3 8655 8665 9036
3 8656 8655 9036
3 8656 9036 9037
3 9031 8656 9037
3 8823 9036 8665
3 9035 8988 8667
3 8680 8668 9038
3 9039 9038 8668
3 9039 8668 8669
3 8669 8670 9040
3 8669 9040 9039
3 9041 9040 8670
3 9041 8670 8671
3 8671 8672 9042
3 8671 9042 9041
3 9043 9042 8672
3 9043 8672 8675
3 8675 8673 9044
3 9045 9044 8673
3 9045 8673 8674
3 8674 8676 9046
3 8674 9046 9045
3 8675 9044 9043
3 9047 9046 8676
3 9047 8676 8677
3 8677 8679 9048
3 8677 9048 9047
3 9049 8679 8678
3 9049 8678 8681
3 9050 9048 8679
3 9050 8679 9049
3 8680 9038 9051
3 9051 8684 8680
3 9052 9049 8681
3 9052 8681 8682
3 9053 9052 8682
3 9053 8682 8683
3 8684 9053 8683
3 9053 8684 9054
3 9051 9054 8684
3 8685 9055 8686
3 9055 8685 8693
3 8842 8686 9055
3 8689 9056 8687
3 9057 8688 8687
3 9057 8687 9056
3 8688 9057 9058
3 8688 9058 8691
3 8694 9059 8689
3 8689 9059 9056
3 9060 8692 8690
3 9060 8690 8691
3 9061 9060 8691
3 9061 8691 9058
3 8692 9060 8693
3 9055 8693 9062
3 9060 9062 8693
3 8694 9063 9059
3 8694 8695 9064
3 9064 9063 8694
3 9064 8695 8697
3 9065 8697 9066
3 8698 9066 8697
3 8698 8697 8696
3 9064 8697 9065
3 8699 9067 9066
3 8699 9066 8698
3 8700 9067 8699
3 8889 9068 8700
3 8700 9068 9067
3 9069 8702 8701
3 9069 8701 8716
3 9069 9070 8702
3 8702 9070 8708
3 8708 9071 8703
3 9072 8704 8703
3 9072 8703 9071
3 8704 9072 9073
3 8704 9073 8705
3 9074 8707 8705
3 9074 8705 9073
3 9075 8758 8706
3 9074 9075 8706
3 9074 8706 8707
3 8708 9076 9071
3 8708 9070 9077
3 8708 9077 9076
3 9078 8720 8710
3 9079 9078 8710
3 9079 8710 8709
3 9080 9079 8709
3 9080 8709 8711
3 9080 8711 8712
3 9080 8712 9081
3 9081 8712 8724
3 9082 8716 8713
3 9083 9082 8713
3 9083 8713 8714
3 8714 8715 9084
3 8714 9084 9083
3 9085 9084 8715
3 9085 8715 8719
3 9082 9069 8716
3 8717 9086 9087
3 8717 9087 8719
3 9086 8717 8718
3 9086 8718 9088
3 8722 9088 8718
3 8719 9087 9089
3 8719 9089 9085
3 9090 8721 8720
3 9078 9090 8720
3 9090 9091 8721
3 8722 8721 9092
3 9091 9092 8721
3 9093 8722 9092
3 8722 9093 9088
3 9094 8724 8723
3 9095 9094 8723
3 9095 8723 8725
3 9094 9096 8724
3 9081 8724 9096
3 9097 9095 8725
3 9097 8725 8726
3 9098 9097 8726
3 9098 8726 8727
3 9099 9098 8727
3 9099 8727 8728
3 9100 9099 8728
3 9100 8728 8729
3 8730 9101 8729
3 9102 9100 8729
3 9102 8729 9101
3 8730 8731 9103
3 9101 8730 9103
3 9104 9103 8731
3 8732 9104 8731
3 8733 9104 8732
3 8733 9105 9104
3 9106 9105 8733
3 9106 8733 9107
3 8734 9107 8733
3 9107 8734 8735
3 9107 8735 9108
3 8737 9108 8735
3 9109 9110 8736
3 8738 9109 8736
3 8737 8736 9110
3 9111 8737 9110
3 8737 9111 9108
3 8738 8739 9112
3 9109 8738 9112
3 8968 9112 8739
3 8741 8759 9113
3 8741 9113 8742
3 9114 8743 8742
3 9114 8742 9113
3 8743 9114 9115
3 8743 9115 8744
3 9116 8745 8744
3 9116 8744 9115
3 8745 9116 9117
3 8745 9117 8746
3 9118 8747 8746
3 9118 8746 9117
3 8747 9118 9119
3 8747 9119 8757
3 9120 9121 8748
3 9120 8748 8757
3 9121 8749 8748
3 8753 8749 9122
3 9121 9122 8749
3 8750 8751 9123
3 8750 9123 9124
3 8756 8750 9124
3 8751 8752 9125
3 8751 9125 9123
3 8752 8753 9126
3 8752 9126 9125
3 8753 9122 9127
3 8753 9127 9126
3 8755 8754 9128
3 9129 9128 8754
3 8756 9129 8754
3 8760 8755 9128
3 8756 9124 9130
3 9129 8756 9130
3 9131 9120 8757
3 9131 8757 9119
3 8759 8758 9132
3 9075 9132 8758
3 8759 9132 9133
3 8759 9133 9113
3 8760 9128 9134
3 8767 8760 9134
3 8762 9135 8761
3 8860 8761 9135
3 8762 9136 9135
3 9136 8762 8766
3 9137 8766 8763
3 8763 8764 9138
3 8763 9138 9137
3 8764 8765 9139
3 8764 9139 9138
3 8765 8767 9140
3 8765 9140 9139
3 9137 9141 8766
3 9136 8766 9141
3 8767 9134 9140
3 8768 8777 8872
3 9142 8769 8783
3 8769 9142 9143
3 8769 9143 8770
3 9144 8771 8770
3 9144 8770 9143
3 9145 8772 8771
3 9145 8771 9144
3 9146 8773 8772
3 9146 8772 9145
3 8773 9146 9147
3 8773 9147 8774
3 9148 8775 8774
3 9148 8774 9147
3 9149 8776 8775
3 9149 8775 9148
3 8778 8776 9150
3 9150 8776 9149
3 8778 8872 8777
3 9150 8882 8778
3 8778 8882 8872
3 8779 8786 9151
3 8779 9151 8782
3 9152 9153 8780
3 9152 8780 8782
3 9153 8781 8780
3 9154 8783 8781
3 9153 9154 8781
3 9155 9152 8782
3 9155 8782 9151
3 9154 9156 8783
3 9142 8783 9156
3 8784 8855 9157
3 8784 9157 8785
3 9158 8786 8785
3 9158 8785 9157
3 8786 9158 9159
3 8786 9159 9151
3 9160 8788 8787
3 9160 8787 9161
3 8789 9161 8787
3 8788 9160 8808
3 8789 9162 9161
3 9162 8789 8792
3 9163 9164 8790
3 9163 8790 8793
3 9165 8791 8790
3 9165 8790 9164
3 8791 9165 9166
3 8791 9166 8792
3 9162 8792 9166
3 9167 9163 8793
3 9167 8793 8794
3 8794 8795 9168
3 8794 9168 9167
3 8795 8796 9169
3 8795 9169 9168
3 8797 9170 8796
3 9169 8796 9170
3 9171 9170 8797
3 8798 9171 8797
3 8798 8799 9172
3 9171 8798 9172
3 9173 9172 8799
3 8800 9173 8799
3 8800 8801 9174
3 8800 9174 9173
3 9175 9174 8801
3 9175 8801 8807
3 8803 8802 8859
3 8803 8859 9176
3 8803 9176 9177
3 8803 9177 8804
3 9178 8805 8804
3 9178 8804 9177
3 8805 9178 9179
3 8805 9179 8806
3 9180 9181 8806
3 9180 8806 9179
3 9181 8807 8806
3 9181 9175 8807
3 9160 9182 8808
3 9183 8809 8808
3 9183 8808 9182
3 8809 9183 9184
3 8809 9184 8810
3 8810 9184 9185
3 8810 9185 8811
3 8811 9185 9186
3 8811 9186 8812
3 9187 8820 8812
3 9187 8812 9186
3 8817 9188 8813
3 9188 9189 8813
3 8814 8813 9189
3 9190 8814 9189
3 8814 9190 8815
3 8816 8815 9191
3 9190 9191 8815
3 9192 8816 9191
3 8816 9192 8822
3 9188 8817 8819
3 9188 8819 9193
3 8820 9193 8819
3 8820 9187 9193
3 9194 8821 8822
3 8821 9194 8824
3 9194 8822 9195
3 9192 9195 8822
3 9036 8823 8824
3 9036 8824 9037
3 9194 9037 8824
3 9196 8825 8827
3 9197 8826 8825
3 9197 8825 9196
3 9198 8828 8826
3 9198 8826 9197
3 9196 8827 9199
3 9199 8827 8841
3 9200 8829 8828
3 9200 8828 9198
3 9201 8830 8829
3 9201 8829 9200
3 9202 8831 8830
3 9202 8830 9201
3 9203 8832 8831
3 9203 8831 9202
3 9204 8833 8832
3 9204 8832 9203
3 9205 8834 8833
3 9205 8833 9204
3 9206 8835 8834
3 9206 8834 9205
3 9207 8837 8835
3 9207 8835 9206
3 9208 8838 8836
3 9208 8836 8837
3 9209 9208 8837
3 9209 8837 9207
3 8838 9208 9210
3 8838 9210 8839
3 9211 8840 8839
3 9211 8839 9210
3 8840 9211 8841
3 9212 8841 9211
3 9199 8841 9212
3 8856 8842 9055
3 8844 8843 9056
3 8843 8845 9057
3 8843 9057 9056
3 8844 9056 9059
3 9059 8849 8844
3 8845 8847 9058
3 8845 9058 9057
3 9213 8847 8846
3 9213 8846 8848
3 8847 9213 9061
3 8847 9061 9058
3 8856 9213 8848
3 9059 9063 8849
3 8850 8849 9214
3 9214 8849 9063
3 9214 8851 8850
3 9215 8851 9216
3 8853 8852 8851
3 8853 8851 9215
3 9214 9216 8851
3 9215 8854 8853
3 9215 9217 8854
3 8855 8854 9217
3 9218 9157 8855
3 8855 9217 9218
3 8856 9055 9062
3 9213 8856 9062
3 8857 9219 9220
3 8857 9220 8858
3 8857 8860 9219
3 9221 8859 8858
3 9222 9221 8858
3 9222 8858 9220
3 9221 9176 8859
3 9219 8860 9135
3 9223 8863 8861
3 9223 8861 8907
3 8863 9223 9224
3 8863 9224 9225
3 9226 8862 8863
3 9226 8863 9225
3 8862 9226 8871
3 8865 9227 8901
3 9227 8865 8864
3 9227 8864 8866
3 9228 9227 8866
3 9228 8866 8867
3 9229 9228 8867
3 9229 8867 8868
3 9230 9229 8868
3 9230 8868 8869
3 9231 9230 8869
3 9231 8869 8870
3 9226 9231 8870
3 9226 8870 8871
3 8873 9232 9233
3 8873 9233 8877
3 8874 9232 8873
3 8874 8875 9234
3 8874 9234 9235
3 8874 9235 9232
3 8875 8876 9236
3 8875 9236 9234
3 8878 9236 8876
3 8877 9233 9237
3 8877 9237 8888
3 8878 9238 9236
3 9239 9238 8878
3 9239 8878 8879
3 8879 8880 9240
3 8879 9240 9239
3 9241 9240 8880
3 8880 8881 9241
3 8882 9242 8881
3 9241 8881 9242
3 9150 9242 8882
3 8891 8883 8887
3 8884 8885 9243
3 8884 9243 9244
3 9244 8887 8884
3 9245 9243 8885
3 9245 8885 8886
3 9245 8886 8888
3 9244 9246 8887
3 8891 8887 9247
3 9247 8887 9246
3 9245 8888 9237
3 8889 9248 9068
3 8890 9248 8889
3 8891 9249 8890
3 8890 9249 9248
3 8891 9250 9249
3 9247 9250 8891
3 8893 8892 9251
3 9252 9251 8892
3 9252 8892 8896
3 8893 9251 9253
3 9253 8894 8893
3 9253 8895 8894
3 9253 8902 8895
3 9254 9252 8896
3 9254 8896 8897
3 8898 9254 8897
3 9255 8898 8900
3 8898 9255 9254
3 9256 8899 8901
3 8899 9256 8900
3 9257 8900 9256
3 9255 8900 9257
3 9256 8901 9258
3 9227 9258 8901
3 9253 8910 8902
3 8906 9259 8903
3 9260 8904 8903
3 9260 8903 9259
3 9261 8905 8904
3 9261 8904 9260
3 9261 8907 8905
3 8906 8908 9262
3 8906 9262 9259
3 9261 9223 8907
3 8908 8909 9263
3 8908 9263 9262
3 8912 9263 8909
3 8910 9253 9251
3 8910 9251 8911
3 9251 8912 8911
3 8912 9264 9263
3 9254 9264 8912
3 9254 8912 9252
3 9251 9252 8912
3 8924 9265 8913
3 9266 8914 8913
3 9266 8913 9265
3 8914 9266 9267
3 8914 9267 8915
3 9268 8916 8915
3 9268 8915 9267
3 9268 8929 8916
3 8917 8950 9269
3 8918 8917 9269
3 8919 8918 9270
3 8918 9269 9270
3 8919 9270 9271
3 8923 8919 9271
3 9272 9273 8920
3 9272 8920 8923
3 9273 8921 8920
3 9274 8922 8921
3 9273 9274 8921
3 9274 9275 8922
3 9275 8927 8922
3 8923 9271 9276
3 9272 8923 9276
3 9277 8924 8925
3 8924 9277 9265
3 9277 8925 9278
3 9279 9278 8925
3 8926 9279 8925
3 8926 8927 9280
3 9279 8926 9280
3 9281 9280 8927
3 9275 9281 8927
3 8928 9282 9283
3 8928 9283 8930
3 8928 8929 9284
3 8928 9284 9282
3 9268 9284 8929
3 9285 8931 8930
3 9285 8930 9283
3 8931 9285 9286
3 8931 9286 8932
3 9287 8933 8932
3 9287 8932 9286
3 8933 9287 9288
3 8933 9288 8934
3 9289 8936 8934
3 9289 8934 9288
3 8937 8935 9290
3 8936 9290 8935
3 8936 9289 9291
3 8936 9291 9292
3 8936 9292 9290
3 9293 8937 9290
3 8937 9293 8938
3 9293 8958 8938
3 8946 8939 9294
3 8939 8940 9295
3 8939 9295 9294
3 9296 8940 8941
3 8940 9296 9297
3 8940 9297 9295
3 9296 8941 9298
3 8943 9298 8941
3 8944 9298 8942
3 8943 8942 9298
3 9299 8944 8949
3 8944 9299 9298
3 8945 8946 9300
3 8945 9300 9301
3 9302 8956 8945
3 9302 8945 9301
3 8946 9294 9300
3 9303 8948 8947
3 9303 8947 8969
3 8948 9303 8949
3 9303 9304 8949
3 9299 8949 9304
3 8951 8955 8950
3 8955 9269 8950
3 9305 8953 8952
3 9306 9305 8952
3 9306 8952 8957
3 9307 8954 8953
3 9305 9307 8953
3 9308 9309 8954
3 9307 9308 8954
3 9310 8955 8954
3 9310 8954 9309
3 8955 9310 9269
3 8956 9302 9311
3 8956 9311 8957
3 9312 9306 8957
3 9312 8957 9311
3 9293 9313 8958
3 9314 8960 8958
3 9314 8958 9313
3 8959 8960 9315
3 8959 9315 8961
3 8960 9314 9316
3 8960 9316 9315
3 8961 9315 9317
3 8961 9317 8964
3 8962 9318 8965
3 8962 8963 9319
3 9318 8962 9319
3 9320 9319 8963
3 8964 9320 8963
3 9320 8964 9317
3 8966 8965 9321
3 9318 9321 8965
3 8967 8966 9321
3 8967 9321 9322
3 9323 8968 8967
3 9323 8967 9322
3 8968 9323 9112
3 9324 9303 8969
3 9324 8969 8970
3 9325 9324 8970
3 9325 8970 8971
3 9326 9325 8971
3 9326 8971 8975
3 9327 8972 8973
3 8972 9327 9328
3 8972 9328 8978
3 9327 8973 9329
3 8974 9329 8973
3 8974 8983 9329
3 9330 9326 8975
3 9330 8975 8976
3 9331 9330 8976
3 9331 8976 8977
3 9332 9331 8977
3 9332 8977 8978
3 9333 9332 8978
3 9333 8978 9328
3 9334 8980 8979
3 9334 8979 9335
3 9335 8979 8986
3 9336 8981 8980
3 9336 8980 9334
3 8981 9336 9337
3 8981 9337 8982
3 9338 8983 8982
3 9338 8982 9337
3 8983 9338 9339
3 8983 9339 9329
3 8987 9340 8984
3 8985 8984 9340
3 9341 8985 9340
3 8985 9341 8986
3 9335 8986 9342
3 9341 9342 8986
3 9343 8987 8994
3 8987 9343 9340
3 9344 8989 8988
3 9344 8988 9345
3 9035 9345 8988
3 9346 8993 8989
3 9346 8989 9344
3 9347 8991 8990
3 9347 8990 9348
3 9349 9348 8990
3 9349 8990 8992
3 8991 9347 9350
3 8991 9350 8994
3 8992 8993 9346
3 8992 9346 9349
3 9343 8994 9350
3 8995 9021 9351
3 8996 8995 9351
3 8996 9351 9352
3 8997 8996 9352
3 8997 9352 9353
3 8998 8997 9353
3 8999 8998 9354
3 8998 9353 9354
3 8999 9354 9355
3 9001 8999 9355
3 9000 9356 9357
3 9000 9357 9002
3 9356 9000 9001
3 9356 9001 9358
3 9001 9355 9358
3 9002 9357 9359
3 9002 9359 9003
3 9360 9004 9003
3 9360 9003 9359
3 9360 9361 9004
3 9004 9361 9005
3 9361 9018 9005
3 9362 9034 9006
3 9362 9006 9007
3 9363 9362 9007
3 9363 9007 9008
3 9364 9363 9008
3 9364 9008 9009
3 9365 9364 9009
3 9365 9009 9010
3 9366 9365 9010
3 9366 9010 9012
3 9367 9011 9013
3 9011 9367 9368
3 9011 9368 9012
3 9369 9366 9012
3 9369 9012 9368
3 9367 9013 9370
3 9014 9370 9013
3 9371 9014 9015
3 9014 9371 9370
3 9371 9015 9372
3 9372 9015 9016
3 9372 9016 9373
3 9017 9373 9016
3 9373 9017 9374
3 9017 9018 9374
3 9375 9374 9018
3 9361 9375 9018
3 9020 9019 9376
3 9377 9376 9019
3 9377 9019 9022
3 9020 9376 9378
3 9378 9021 9020
3 9379 9351 9021
3 9378 9379 9021
3 9380 9377 9022
3 9380 9022 9023
3 9381 9380 9023
3 9381 9023 9024
3 9382 9381 9024
3 9382 9024 9030
3 9383 9030 9025
3 9026 9383 9025
3 9383 9026 9384
3 9026 9027 9384
3 9385 9384 9027
3 9028 9385 9027
3 9028 9029 9386
3 9385 9028 9386
3 9387 9386 9029
3 9032 9387 9029
3 9383 9382 9030
3 9031 9037 9388
3 9032 9031 9388
3 9032 9388 9389
3 9387 9032 9389
3 9035 9033 9390
3 9033 9034 9391
3 9033 9391 9390
3 9034 9362 9392
3 9034 9392 9391
3 9035 9390 9345
3 9194 9388 9037
3 9051 9038 9393
3 9394 9393 9038
3 9394 9038 9039
3 9039 9040 9395
3 9039 9395 9394
3 9396 9395 9040
3 9396 9040 9041
3 9041 9042 9397
3 9041 9397 9396
3 9398 9397 9042
3 9398 9042 9043
3 9043 9044 9399
3 9043 9399 9398
3 9400 9399 9044
3 9400 9044 9045
3 9045 9046 9401
3 9045 9401 9400
3 9402 9401 9046
3 9402 9046 9047
3 9047 9048 9403
3 9047 9403 9402
3 9404 9403 9048
3 9404 9048 9050
3 9049 9052 9405
3 9049 9405 9050
3 9050 9405 9406
3 9050 9406 9404
3 9051 9393 9407
3 9407 9054 9051
3 9408 9405 9052
3 9408 9052 9053
3 9053 9054 9408
3 9408 9054 9409
3 9407 9409 9054
3 9060 9061 9062
3 9213 9062 9061
3 9064 9410 9063
3 9214 9063 9410
3 9065 9410 9064
3 9411 9412 9065
3 9065 9066 9411
3 9065 9412 9410
3 9411 9066 9067
3 9411 9067 9413
3 9068 9413 9067
3 9414 9068 9248
3 9068 9414 9413
3 9082 9415 9069
3 9069 9415 9070
3 9416 9077 9070
3 9416 9070 9417
3 9417 9070 9415
3 9418 9419 9071
3 9418 9071 9076
3 9072 9071 9419
3 9072 9420 9421
3 9072 9421 9073
3 9072 9419 9420
3 9422 9074 9073
3 9422 9073 9421
3 9422 9075 9074
3 9132 9075 9423
3 9422 9423 9075
3 9076 9077 9424
3 9076 9424 9418
3 9077 9416 9425
3 9077 9425 9424
3 9090 9078 9265
3 9078 9079 9266
3 9078 9266 9265
3 9079 9080 9267
3 9079 9267 9266
3 9080 9081 9268
3 9080 9268 9267
3 9096 9268 9081
3 9082 9426 9415
3 9083 9426 9082
3 9427 9083 9084
3 9083 9427 9426
3 9085 9428 9084
3 9427 9084 9428
3 9429 9085 9089
3 9085 9429 9428
3 9430 9089 9087
3 9430 9087 9431
3 9086 9431 9087
3 9432 9086 9088
3 9086 9432 9431
3 9432 9088 9433
3 9093 9433 9088
3 9429 9089 9434
3 9430 9434 9089
3 9090 9265 9277
3 9091 9090 9277
3 9091 9277 9278
3 9435 9091 9278
3 9091 9435 9092
3 9093 9092 9436
3 9435 9436 9092
3 9437 9093 9436
3 9093 9437 9433
3 9094 9095 9283
3 9094 9283 9282
3 9094 9282 9284
3 9094 9284 9096
3 9095 9097 9285
3 9095 9285 9283
3 9096 9284 9268
3 9097 9098 9286
3 9097 9286 9285
3 9098 9099 9287
3 9098 9287 9286
3 9099 9100 9288
3 9099 9288 9287
3 9100 9102 9289
3 9100 9289 9288
3 9101 9103 9438
3 9102 9101 9438
3 9102 9439 9291
3 9102 9291 9289
3 9102 9438 9439
3 9440 9438 9103
3 9104 9440 9103
3 9440 9104 9105
3 9440 9105 9441
3 9442 9441 9105
3 9442 9105 9106
3 9107 9108 9443
3 9107 9443 9106
3 9444 9442 9106
3 9444 9106 9443
3 9445 9443 9108
3 9445 9108 9111
3 9109 9112 9446
3 9447 9109 9446
3 9109 9447 9110
3 9447 9448 9110
3 9111 9110 9448
3 9445 9111 9448
3 9323 9446 9112
3 9449 9114 9113
3 9449 9113 9133
3 9114 9449 9450
3 9114 9450 9115
3 9451 9116 9115
3 9451 9115 9450
3 9116 9451 9452
3 9116 9452 9117
3 9453 9118 9117
3 9453 9117 9452
3 9118 9453 9454
3 9118 9454 9119
3 9455 9131 9119
3 9455 9119 9454
3 9120 9131 9456
3 9120 9456 9457
3 9121 9120 9457
3 9121 9457 9458
3 9122 9121 9458
3 9122 9458 9127
3 9124 9123 9459
3 9460 9459 9123
3 9460 9123 9125
3 9124 9459 9461
3 9461 9130 9124
3 9462 9460 9125
3 9462 9125 9126
3 9463 9462 9126
3 9463 9126 9127
3 9464 9463 9127
3 9464 9127 9458
3 9465 9134 9128
3 9129 9465 9128
3 9129 9130 9466
3 9465 9129 9466
3 9461 9467 9130
3 9467 9466 9130
3 9131 9455 9468
3 9131 9468 9456
3 9132 9423 9133
3 9469 9449 9133
3 9469 9133 9423
3 9470 9140 9134
3 9465 9470 9134
3 9471 9472 9135
3 9471 9135 9136
3 9219 9135 9472
3 9136 9141 9473
3 9136 9473 9471
3 9473 9141 9137
3 9473 9137 9474
3 9474 9137 9138
3 9475 9476 9138
3 9475 9138 9139
3 9474 9138 9476
3 9477 9475 9139
3 9477 9139 9140
3 9470 9477 9140
3 9142 9156 9478
3 9142 9478 9479
3 9479 9143 9142
3 9479 9480 9143
3 9144 9143 9480
3 9144 9480 9481
3 9144 9481 9482
3 9144 9482 9145
3 9483 9146 9145
3 9483 9145 9482
3 9483 9147 9146
3 9483 9484 9147
3 9147 9484 9485
3 9147 9485 9148
3 9148 9485 9486
3 9148 9486 9149
3 9150 9149 9487
3 9487 9149 9486
3 9487 9242 9150
3 9155 9151 9159
3 9155 9488 9152
3 9152 9488 9489
3 9152 9489 9153
3 9153 9489 9490
3 9153 9490 9154
3 9156 9154 9490
3 9155 9491 9488
3 9492 9491 9155
3 9155 9159 9492
3 9156 9490 9478
3 9218 9493 9157
3 9158 9157 9493
3 9494 9159 9158
3 9158 9493 9494
3 9494 9495 9159
3 9492 9159 9495
3 9160 9496 9182
3 9496 9160 9161
3 9496 9161 9497
3 9162 9497 9161
3 9162 9498 9497
3 9498 9162 9166
3 9163 9167 9499
3 9163 9499 9500
3 9164 9163 9500
3 9164 9500 9501
3 9502 9165 9164
3 9502 9164 9501
3 9165 9502 9503
3 9165 9503 9166
3 9498 9166 9503
3 9504 9499 9167
3 9504 9167 9168
3 9505 9504 9168
3 9505 9168 9169
3 9506 9505 9169
3 9169 9170 9506
3 9507 9506 9170
3 9171 9507 9170
3 9171 9172 9508
3 9507 9171 9508
3 9509 9508 9172
3 9173 9509 9172
3 9173 9174 9510
3 9173 9510 9509
3 9174 9175 9511
3 9174 9511 9510
3 9175 9181 9512
3 9175 9512 9511
3 9176 9221 9513
3 9176 9513 9177
3 9514 9178 9177
3 9514 9177 9513
3 9178 9514 9515
3 9178 9515 9179
3 9516 9180 9179
3 9516 9179 9515
3 9180 9516 9517
3 9180 9517 9518
3 9181 9180 9518
3 9181 9518 9512
3 9496 9519 9182
3 9520 9183 9182
3 9520 9182 9519
3 9521 9184 9183
3 9521 9183 9520
3 9522 9185 9184
3 9522 9184 9521
3 9523 9186 9185
3 9523 9185 9522
3 9524 9187 9186
3 9524 9186 9523
3 9187 9524 9525
3 9187 9525 9193
3 9526 9188 9193
3 9188 9526 9189
3 9526 9527 9189
3 9190 9189 9527
3 9528 9190 9527
3 9190 9528 9191
3 9192 9191 9529
3 9528 9529 9191
3 9530 9192 9529
3 9192 9530 9195
3 9526 9193 9525
3 9388 9194 9195
3 9388 9195 9389
3 9530 9389 9195
3 9199 9531 9196
3 9196 9531 9532
3 9196 9532 9197
3 9197 9532 9533
3 9197 9533 9198
3 9198 9533 9534
3 9198 9534 9200
3 9212 9535 9199
3 9199 9535 9531
3 9200 9534 9536
3 9200 9536 9201
3 9201 9536 9537
3 9201 9537 9202
3 9202 9537 9538
3 9202 9538 9203
3 9203 9538 9539
3 9203 9539 9204
3 9204 9539 9540
3 9204 9540 9205
3 9205 9540 9541
3 9205 9541 9206
3 9206 9541 9542
3 9206 9542 9207
3 9207 9542 9543
3 9207 9543 9209
3 9544 9210 9208
3 9544 9208 9209
3 9209 9543 9545
3 9209 9545 9544
3 9546 9211 9210
3 9546 9210 9544
3 9212 9211 9546
3 9546 9547 9212
3 9212 9547 9535
3 9410 9216 9214
3 9215 9216 9548
3 9548 9217 9215
3 9548 9216 9412
3 9410 9412 9216
3 9548 9549 9217
3 9549 9218 9217
3 9550 9493 9218
3 9549 9550 9218
3 9219 9472 9551
3 9219 9551 9220
3 9552 9222 9220
3 9552 9220 9551
3 9221 9222 9553
3 9221 9553 9513
3 9222 9552 9554
3 9222 9554 9553
3 9223 9261 9555
3 9223 9555 9224
3 9556 9557 9225
3 9556 9225 9224
3 9231 9226 9225
3 9231 9225 9557
3 9558 9556 9224
3 9558 9224 9555
3 9227 9228 9258
3 9228 9229 9559
3 9228 9559 9258
3 9229 9230 9560
3 9229 9560 9559
3 9230 9231 9557
3 9230 9557 9560
3 9561 9237 9233
3 9561 9233 9232
3 9561 9232 9562
3 9235 9562 9232
3 9235 9563 9562
3 9235 9234 9564
3 9235 9564 9563
3 9565 9564 9234
3 9565 9234 9236
3 9565 9236 9238
3 9561 9245 9237
3 9566 9238 9239
3 9565 9238 9566
3 9566 9239 9567
3 9568 9567 9239
3 9568 9239 9240
3 9568 9240 9569
3 9241 9569 9240
3 9570 9569 9241
3 9241 9242 9570
3 9487 9570 9242
3 9561 9571 9243
3 9561 9243 9245
3 9571 9244 9243
3 9572 9246 9244
3 9571 9572 9244
3 9573 9246 9574
3 9572 9574 9246
3 9247 9246 9573
3 9573 9575 9247
3 9247 9575 9250
3 9576 9248 9249
3 9414 9248 9576
3 9576 9249 9577
3 9577 9249 9250
3 9577 9250 9578
3 9578 9250 9575
3 9579 9264 9254
3 9579 9254 9255
3 9579 9255 9257
3 9257 9256 9580
3 9580 9256 9258
3 9257 9580 9581
3 9257 9581 9582
3 9579 9257 9582
3 9580 9258 9559
3 9260 9259 9262
3 9260 9262 9583
3 9261 9260 9583
3 9261 9583 9555
3 9263 9583 9262
3 9263 9264 9579
3 9263 9579 9584
3 9263 9584 9583
3 9310 9270 9269
3 9585 9271 9270
3 9310 9585 9270
3 9586 9276 9271
3 9585 9586 9271
3 9272 9587 9588
3 9272 9588 9273
3 9272 9276 9589
3 9587 9272 9589
3 9274 9273 9588
3 9274 9588 9590
3 9275 9274 9590
3 9275 9590 9591
3 9281 9275 9591
3 9586 9592 9276
3 9592 9589 9276
3 9279 9593 9278
3 9435 9278 9593
3 9279 9280 9594
3 9593 9279 9594
3 9281 9595 9280
3 9595 9594 9280
3 9281 9591 9596
3 9595 9281 9596
3 9293 9290 9597
3 9598 9597 9290
3 9598 9290 9292
3 9292 9291 9599
3 9292 9599 9598
3 9599 9291 9439
3 9313 9293 9597
3 9600 9300 9294
3 9601 9600 9294
3 9601 9294 9295
3 9602 9601 9295
3 9602 9295 9297
3 9603 9602 9297
3 9603 9297 9604
3 9296 9604 9297
3 9296 9605 9604
3 9605 9296 9298
3 9299 9606 9298
3 9605 9298 9606
3 9607 9299 9304
3 9299 9607 9606
3 9608 9301 9300
3 9608 9300 9609
3 9600 9609 9300
3 9610 9302 9301
3 9610 9301 9608
3 9302 9610 9611
3 9302 9611 9311
3 9303 9324 9304
3 9324 9612 9304
3 9607 9304 9612
3 9307 9305 9613
3 9305 9306 9614
3 9305 9614 9613
3 9306 9312 9615
3 9306 9615 9614
3 9307 9613 9616
3 9308 9307 9616
3 9617 9308 9618
3 9308 9617 9309
3 9308 9616 9618
3 9617 9619 9309
3 9585 9310 9309
3 9585 9309 9619
3 9620 9312 9311
3 9620 9311 9611
3 9312 9620 9621
3 9312 9621 9615
3 9313 9597 9622
3 9623 9314 9313
3 9623 9313 9622
3 9314 9623 9624
3 9314 9624 9316
3 9625 9317 9315
3 9625 9315 9316
3 9626 9625 9316
3 9626 9316 9624
3 9320 9317 9627
3 9625 9627 9317
3 9318 9628 9321
3 9628 9318 9629
3 9318 9319 9629
3 9630 9629 9319
3 9320 9630 9319
3 9630 9320 9627
3 9628 9322 9321
3 9628 9631 9322
3 9632 9323 9322
3 9632 9322 9631
3 9323 9632 9446
3 9324 9325 9612
3 9325 9326 9633
3 9325 9633 9612
3 9326 9330 9634
3 9326 9634 9633
3 9635 9333 9328
3 9635 9328 9636
3 9327 9636 9328
3 9637 9327 9329
3 9327 9637 9636
3 9637 9329 9339
3 9330 9331 9638
3 9330 9638 9634
3 9331 9332 9639
3 9331 9639 9638
3 9332 9333 9640
3 9332 9640 9639
3 9333 9635 9641
3 9333 9641 9640
3 9334 9335 9642
3 9334 9642 9643
3 9336 9334 9643
3 9342 9642 9335
3 9644 9337 9336
3 9336 9643 9644
3 9644 9645 9337
3 9338 9337 9645
3 9338 9645 9646
3 9338 9646 9647
3 9338 9647 9339
3 9648 9637 9339
3 9648 9339 9647
3 9343 9649 9340
3 9341 9340 9649
3 9650 9341 9649
3 9341 9650 9342
3 9342 9651 9642
3 9650 9651 9342
3 9652 9343 9350
3 9343 9652 9649
3 9345 9653 9344
3 9344 9653 9654
3 9344 9654 9346
3 9345 9390 9653
3 9349 9346 9654
3 9347 9655 9656
3 9347 9656 9350
3 9655 9347 9348
3 9655 9348 9657
3 9658 9657 9348
3 9658 9348 9349
3 9349 9654 9658
3 9652 9350 9656
3 9659 9352 9351
3 9379 9659 9351
3 9659 9660 9352
3 9660 9353 9352
3 9661 9354 9353
3 9660 9661 9353
3 9662 9355 9354
3 9661 9662 9354
3 9663 9358 9355
3 9662 9663 9355
3 9356 9664 9665
3 9356 9665 9357
3 9664 9356 9358
3 9357 9665 9666
3 9357 9666 9359
3 9664 9358 9667
3 9663 9667 9358
3 9668 9360 9359
3 9668 9359 9666
3 9360 9669 9361
3 9668 9669 9360
3 9375 9361 9669
3 9362 9363 9670
3 9362 9670 9392
3 9363 9364 9671
3 9363 9671 9670
3 9364 9365 9672
3 9364 9672 9671
3 9365 9366 9673
3 9365 9673 9672
3 9366 9369 9674
3 9366 9674 9673
3 9675 9367 9370
3 9367 9675 9676
3 9367 9676 9368
3 9677 9369 9368
3 9677 9368 9676
3 9369 9677 9678
3 9369 9678 9674
3 9675 9370 9679
3 9371 9679 9370
3 9680 9371 9372
3 9371 9680 9679
3 9680 9372 9681
3 9682 9681 9372
3 9682 9372 9373
3 9373 9374 9682
3 9375 9683 9374
3 9683 9682 9374
3 9375 9669 9684
3 9683 9375 9684
3 9378 9376 9685
3 9376 9377 9686
3 9376 9686 9685
3 9377 9380 9687
3 9377 9687 9686
3 9378 9685 9688
3 9688 9379 9378
3 9659 9379 9689
3 9688 9689 9379
3 9381 9687 9380
3 9381 9382 9690
3 9381 9690 9691
3 9381 9691 9687
3 9382 9383 9692
3 9382 9692 9690
3 9383 9384 9692
3 9693 9692 9384
3 9385 9693 9384
3 9385 9386 9694
3 9693 9385 9694
3 9387 9695 9386
3 9695 9694 9386
3 9387 9389 9696
3 9695 9387 9696
3 9530 9696 9389
3 9697 9653 9390
3 9697 9390 9391
3 9391 9392 9698
3 9391 9698 9697
3 9699 9698 9392
3 9699 9392 9670
3 9407 9393 9700
3 9701 9700 9393
3 9701 9393 9394
3 9394 9395 9702
3 9394 9702 9701
3 9703 9702 9395
3 9703 9395 9396
3 9396 9397 9704
3 9396 9704 9703
3 9705 9704 9397
3 9705 9397 9398
3 9398 9399 9706
3 9398 9706 9705
3 9707 9706 9399
3 9707 9399 9400
3 9400 9401 9708
3 9400 9708 9707
3 9709 9708 9401
3 9709 9401 9402
3 9402 9403 9710
3 9402 9710 9709
3 9711 9710 9403
3 9711 9403 9404
3 9404 9406 9712
3 9404 9712 9711
3 9713 9406 9405
3 9713 9405 9408
3 9714 9712 9406
3 9714 9406 9713
3 9715 9409 9407
3 9407 9700 9715
3 9408 9409 9713
3 9713 9409 9716
3 9715 9716 9409
3 9413 9717 9411
3 9411 9717 9412
3 9548 9412 9717
3 9413 9718 9717
3 9719 9718 9413
3 9719 9413 9414
3 9414 9576 9720
3 9414 9720 9719
3 9417 9415 9721
3 9721 9415 9426
3 9416 9722 9723
3 9416 9723 9425
3 9722 9416 9417
3 9722 9417 9724
3 9725 9724 9417
3 9725 9417 9721
3 9418 9424 9726
3 9418 9726 9727
3 9418 9727 9728
3 9418 9728 9419
3 9729 9730 9419
3 9729 9419 9728
3 9730 9420 9419
3 9731 9421 9420
3 9730 9731 9420
3 9732 9422 9421
3 9731 9732 9421
3 9733 9423 9422
3 9732 9733 9422
3 9733 9469 9423
3 9734 9726 9424
3 9734 9424 9425
3 9735 9734 9425
3 9735 9425 9723
3 9721 9426 9725
3 9427 9725 9426
3 9736 9427 9428
3 9427 9736 9725
3 9429 9737 9428
3 9736 9428 9737
3 9429 9738 9737
3 9738 9429 9434
3 9430 9431 9739
3 9430 9739 9740
3 9741 9430 9740
3 9430 9741 9434
3 9432 9739 9431
3 9742 9432 9433
3 9432 9742 9739
3 9742 9433 9743
3 9437 9743 9433
3 9738 9434 9744
3 9741 9744 9434
3 9745 9435 9593
3 9435 9745 9436
3 9437 9436 9746
3 9745 9746 9436
3 9747 9437 9746
3 9437 9747 9743
3 9440 9748 9438
3 9749 9439 9438
3 9749 9438 9748
3 9599 9439 9749
3 9748 9440 9441
3 9748 9441 9750
3 9441 9442 9751
3 9441 9751 9750
3 9442 9444 9752
3 9442 9752 9751
3 9753 9444 9443
3 9753 9443 9445
3 9444 9753 9754
3 9444 9754 9752
3 9445 9448 9755
3 9753 9445 9755
3 9632 9756 9446
3 9447 9446 9756
3 9757 9447 9756
3 9447 9757 9448
3 9757 9755 9448
3 9449 9469 9758
3 9449 9758 9450
3 9759 9451 9450
3 9759 9450 9758
3 9451 9759 9760
3 9451 9760 9452
3 9761 9453 9452
3 9761 9452 9760
3 9453 9761 9762
3 9453 9762 9454
3 9763 9455 9454
3 9763 9454 9762
3 9455 9763 9764
3 9455 9764 9468
3 9765 9766 9456
3 9765 9456 9468
3 9766 9457 9456
3 9767 9458 9457
3 9766 9767 9457
3 9767 9464 9458
3 9768 9461 9459
3 9768 9459 9769
3 9460 9769 9459
3 9462 9770 9460
3 9460 9770 9769
3 9768 9467 9461
3 9462 9771 9770
3 9463 9771 9462
3 9463 9464 9772
3 9463 9772 9773
3 9463 9773 9771
3 9464 9767 9774
3 9464 9774 9772
3 9470 9465 9775
3 9465 9466 9775
3 9776 9775 9466
3 9467 9776 9466
3 9768 9777 9467
3 9776 9467 9777
3 9778 9765 9468
3 9778 9468 9764
3 9469 9733 9779
3 9469 9779 9758
3 9470 9775 9780
3 9477 9470 9780
3 9781 9551 9472
3 9781 9472 9471
3 9471 9473 9782
3 9471 9782 9781
3 9474 9782 9473
3 9476 9783 9474
3 9474 9783 9782
3 9475 9477 9784
3 9475 9784 9785
3 9476 9475 9785
3 9476 9785 9786
3 9476 9786 9783
3 9477 9780 9784
3 9787 9480 9479
3 9787 9479 9478
3 9787 9478 9490
3 9787 9788 9480
3 9788 9481 9480
3 9789 9482 9481
3 9790 9483 9482
3 9790 9482 9789
3 9789 9481 9791
3 9788 9791 9481
3 9790 9484 9483
3 9485 9484 9792
3 9485 9792 9793
3 9485 9793 9794
3 9485 9794 9486
3 9790 9792 9484
3 9795 9486 9794
3 9487 9486 9795
3 9795 9570 9487
3 9787 9490 9489
3 9787 9489 9796
3 9488 9796 9489
3 9797 9488 9491
3 9488 9797 9796
3 9798 9491 9799
3 9797 9491 9798
3 9492 9799 9491
3 9800 9799 9492
3 9492 9495 9800
3 9494 9493 9801
3 9550 9801 9493
3 9802 9495 9494
3 9494 9801 9802
3 9802 9803 9495
3 9800 9495 9803
3 9804 9496 9497
3 9496 9804 9519
3 9804 9497 9805
3 9498 9805 9497
3 9806 9498 9503
3 9498 9806 9805
3 9807 9500 9499
3 9499 9504 9808
3 9499 9808 9807
3 9809 9501 9500
3 9807 9809 9500
3 9809 9810 9501
3 9811 9502 9501
3 9811 9501 9810
3 9502 9811 9812
3 9502 9812 9503
3 9806 9503 9812
3 9504 9505 9813
3 9504 9813 9808
3 9506 9814 9505
3 9813 9505 9814
3 9815 9814 9506
3 9507 9815 9506
3 9815 9507 9816
3 9507 9508 9816
3 9817 9816 9508
3 9509 9817 9508
3 9509 9510 9818
3 9509 9818 9817
3 9819 9818 9510
3 9819 9510 9511
3 9820 9819 9511
3 9820 9511 9512
3 9821 9820 9512
3 9821 9512 9518
3 9822 9514 9513
3 9822 9513 9553
3 9514 9822 9823
3 9514 9823 9515
3 9824 9516 9515
3 9824 9515 9823
3 9516 9824 9825
3 9516 9825 9517
3 9826 9821 9518
3 9826 9518 9517
3 9827 9826 9517
3 9827 9517 9825
3 9804 9828 9519
3 9519 9828 9829
3 9519 9829 9520
3 9520 9829 9830
3 9520 9830 9521
3 9521 9830 9831
3 9521 9831 9522
3 9522 9831 9832
3 9522 9832 9523
3 9524 9523 9832
3 9524 9833 9834
3 9524 9834 9525
3 9524 9832 9833
3 9835 9526 9525
3 9835 9525 9834
3 9526 9835 9527
3 9835 9836 9527
3 9528 9527 9836
3 9837 9528 9836
3 9528 9837 9529
3 9530 9529 9838
3 9837 9838 9529
3 9696 9530 9838
3 9839 9531 9535
3 9840 9532 9531
3 9840 9531 9839
3 9841 9533 9532
3 9841 9532 9840
3 9842 9534 9533
3 9842 9533 9841
3 9843 9536 9534
3 9843 9534 9842
3 9839 9535 9844
3 9844 9535 9547
3 9845 9537 9536
3 9845 9536 9843
3 9846 9538 9537
3 9846 9537 9845
3 9847 9539 9538
3 9847 9538 9846
3 9848 9540 9539
3 9848 9539 9847
3 9849 9541 9540
3 9849 9540 9848
3 9850 9542 9541
3 9850 9541 9849
3 9851 9543 9542
3 9851 9542 9850
3 9852 9545 9543
3 9852 9543 9851
3 9544 9545 9853
3 9544 9853 9546
3 9854 9853 9545
3 9854 9545 9852
3 9546 9853 9547
3 9855 9547 9853
3 9844 9547 9855
3 9717 9549 9548
3 9717 9718 9549
3 9549 9718 9719
3 9549 9719 9550
3 9550 9719 9720
3 9550 9720 9801
3 9856 9552 9551
3 9856 9551 9781
3 9857 9554 9552
3 9857 9552 9856
3 9858 9822 9553
3 9858 9553 9554
3 9859 9858 9554
3 9859 9554 9857
3 9584 9558 9555
3 9584 9555 9583
3 9556 9558 9582
3 9556 9582 9581
3 9557 9556 9581
3 9557 9581 9560
3 9558 9584 9579
3 9558 9579 9582
3 9580 9559 9560
3 9580 9560 9581
3 9571 9561 9562
3 9571 9562 9860
3 9563 9860 9562
3 9563 9861 9860
3 9563 9564 9862
3 9563 9862 9861
3 9863 9862 9564
3 9863 9564 9565
3 9565 9566 9864
3 9565 9864 9863
3 9566 9567 9865
3 9566 9865 9864
3 9567 9568 9866
3 9567 9866 9865
3 9568 9569 9867
3 9568 9867 9868
3 9568 9868 9866
3 9867 9569 9869
3 9570 9869 9569
3 9795 9869 9570
3 9572 9571 9860
3 9572 9860 9870
3 9574 9572 9870
3 9573 9871 9872
3 9573 9872 9873
3 9573 9574 9871
3 9573 9873 9575
3 9871 9574 9874
3 9574 9870 9874
3 9578 9575 9875
3 9875 9575 9873
3 9577 9720 9576
3 9578 9876 9577
3 9577 9876 9720
3 9578 9877 9876
3 9875 9877 9578
3 9586 9585 9619
3 9586 9619 9878
3 9592 9586 9878
3 9587 9589 9879
3 9587 9880 9881
3 9587 9881 9588
3 9880 9587 9879
3 9881 9590 9588
3 9882 9879 9589
3 9592 9882 9589
3 9883 9591 9590
3 9881 9883 9590
3 9883 9884 9591
3 9884 9596 9591
3 9592 9878 9885
3 9882 9592 9885
3 9593 9594 9886
3 9745 9593 9886
3 9887 9886 9594
3 9595 9887 9594
3 9595 9596 9888
3 9887 9595 9888
3 9889 9888 9596
3 9884 9889 9596
3 9890 9622 9597
3 9890 9597 9598
3 9598 9599 9891
3 9598 9891 9890
3 9749 9891 9599
3 9609 9600 9892
3 9600 9601 9893
3 9600 9893 9892
3 9601 9602 9894
3 9601 9894 9893
3 9602 9603 9895
3 9602 9895 9894
3 9896 9603 9604
3 9603 9896 9897
3 9603 9897 9895
3 9896 9604 9898
3 9605 9898 9604
3 9605 9899 9898
3 9899 9605 9606
3 9607 9900 9606
3 9899 9606 9900
3 9901 9607 9612
3 9607 9901 9900
3 9902 9610 9608
3 9902 9608 9903
3 9609 9903 9608
3 9609 9892 9904
3 9609 9904 9903
3 9610 9902 9905
3 9610 9905 9611
3 9906 9620 9611
3 9906 9611 9905
3 9901 9612 9633
3 9907 9616 9613
3 9908 9907 9613
3 9908 9613 9614
3 9909 9908 9614
3 9909 9614 9615
3 9910 9909 9615
3 9910 9615 9621
3 9911 9618 9616
3 9907 9911 9616
3 9617 9618 9912
3 9913 9617 9912
3 9617 9913 9619
3 9914 9912 9618
3 9911 9914 9618
3 9913 9878 9619
3 9620 9906 9915
3 9620 9915 9621
3 9916 9910 9621
3 9916 9621 9915
3 9917 9623 9622
3 9917 9622 9890
3 9623 9917 9918
3 9623 9918 9624
3 9626 9624 9918
3 9625 9626 9919
3 9625 9919 9920
3 9625 9920 9627
3 9626 9921 9922
3 9626 9922 9919
3 9626 9918 9921
3 9630 9627 9920
3 9628 9629 9923
3 9631 9628 9923
3 9630 9924 9629
3 9924 9923 9629
3 9924 9630 9920
3 9631 9923 9925
3 9926 9632 9631
3 9926 9631 9925
3 9632 9926 9756
3 9927 9901 9633
3 9927 9633 9634
3 9928 9927 9634
3 9928 9634 9638
3 9929 9635 9636
3 9635 9929 9930
3 9635 9930 9641
3 9929 9636 9931
3 9637 9931 9636
3 9637 9648 9931
3 9932 9928 9638
3 9932 9638 9639
3 9933 9932 9639
3 9933 9639 9640
3 9934 9933 9640
3 9934 9640 9641
3 9935 9934 9641
3 9935 9641 9930
3 9936 9643 9642
3 9936 9642 9651
3 9936 9937 9643
3 9937 9644 9643
3 9938 9645 9644
3 9937 9938 9644
3 9938 9939 9645
3 9646 9645 9939
3 9940 9648 9647
3 9940 9647 9941
3 9646 9941 9647
3 9646 9939 9942
3 9646 9942 9941
3 9648 9940 9943
3 9648 9943 9931
3 9652 9944 9649
3 9650 9649 9944
3 9945 9650 9944
3 9650 9945 9651
3 9936 9651 9946
3 9945 9946 9651
3 9947 9652 9656
3 9652 9947 9944
3 9658 9654 9948
3 9948 9654 9653
3 9948 9653 9697
3 9655 9949 9950
3 9655 9950 9656
3 9949 9655 9657
3 9947 9656 9950
3 9949 9657 9951
3 9952 9951 9657
3 9952 9657 9658
3 9658 9948 9952
3 9659 9689 9953
3 9660 9659 9953
3 9660 9953 9954
3 9661 9660 9954
3 9661 9954 9955
3 9662 9661 9955
3 9663 9662 9956
3 9662 9955 9956
3 9663 9956 9957
3 9667 9663 9957
3 9664 9958 9959
3 9664 9959 9665
3 9958 9664 9667
3 9665 9959 9960
3 9665 9960 9666
3 9961 9668 9666
3 9961 9666 9960
3 9958 9667 9962
3 9667 9957 9962
3 9961 9963 9668
3 9668 9963 9669
3 9963 9684 9669
3 9964 9699 9670
3 9964 9670 9671
3 9965 9964 9671
3 9965 9671 9672
3 9966 9965 9672
3 9966 9672 9673
3 9967 9966 9673
3 9967 9673 9674
3 9674 9678 9968
3 9674 9968 9967
3 9675 9969 9970
3 9675 9970 9676
3 9969 9675 9679
3 9971 9677 9676
3 9971 9676 9970
3 9677 9971 9972
3 9677 9972 9678
3 9973 9968 9678
3 9973 9678 9972
3 9969 9679 9974
3 9680 9974 9679
3 9680 9975 9974
3 9975 9680 9681
3 9975 9681 9976
3 9976 9681 9682
3 9976 9682 9977
3 9683 9977 9682
3 9683 9684 9978
3 9977 9683 9978
3 9979 9978 9684
3 9963 9979 9684
3 9688 9685 9980
3 9980 9685 9686
3 9980 9686 9981
3 9981 9686 9687
3 9982 9687 9691
3 9981 9687 9982
3 9688 9980 9983
3 9983 9689 9688
3 9984 9953 9689
3 9983 9984 9689
3 9985 9691 9690
3 9986 9985 9690
3 9986 9690 9692
3 9982 9691 9987
3 9985 9987 9691
3 9693 9986 9692
3 9986 9693 9988
3 9693 9694 9988
3 9989 9988 9694
3 9695 9989 9694
3 9695 9696 9990
3 9989 9695 9990
3 9696 9838 9990
3 9697 9698 9991
3 9697 9991 9948
3 9698 9699 9992
3 9698 9992 9991
3 9699 9964 9993
3 9699 9993 9992
3 9715 9700 9994
3 9995 9994 9700
3 9995 9700 9701
3 9701 9702 9996
3 9701 9996 9995
3 9997 9996 9702
3 9997 9702 9703
3 9703 9704 9998
3 9703 9998 9997
3 9999 9998 9704
3 9999 9704 9705
3 9705 9706 10000
3 9705 10000 9999
3 10001 10000 9706
3 10001 9706 9707
3 9707 9708 10002
3 9707 10002 10001
3 10003 10002 9708
3 10003 9708 9709
3 9709 9710 10004
3 9709 10004 10003
3 10005 10004 9710
3 10005 9710 9711
3 9711 9712 10006
3 9711 10006 10005
3 10007 10006 9712
3 10007 9712 9714
3 9713 9716 9714
3 9714 9716 10008
3 9714 10008 10007
3 10009 9716 9715
3 9715 9994 10009
3 10009 10008 9716
3 9802 9801 9720
3 9802 9720 9876
3 9722 10010 10011
3 9722 10011 9723
3 10010 9722 9724
3 10012 9735 9723
3 10012 9723 10011
3 10013 10014 9724
3 10010 9724 10014
3 9736 10013 9724
3 9736 9724 9725
3 10015 9727 9726
3 10015 9726 10016
3 9726 9734 10017
3 9726 10017 10016
3 9727 10015 10018
3 9727 10018 9728
3 10019 9729 9728
3 10019 9728 10018
3 9729 10019 10020
3 9729 10020 10021
3 9730 9729 10021
3 9730 10021 10022
3 9731 9730 10022
3 9731 10022 9732
3 9733 9732 10022
3 9733 10022 9779
3 9734 9735 10023
3 9734 10023 10017
3 9735 10012 10024
3 9735 10024 10023
3 10013 9736 9737
3 9738 10025 9737
3 10013 9737 10025
3 9738 10026 10025
3 10026 9738 9744
3 10027 9740 9739
3 9742 10027 9739
3 9741 9740 10028
3 10029 10028 9740
3 10027 10029 9740
3 9741 10030 9744
3 10030 9741 10028
3 10031 9742 9743
3 9742 10031 10027
3 10031 9743 10032
3 9747 10032 9743
3 10026 9744 10033
3 10030 10033 9744
3 9745 10034 9746
3 10034 9745 9886
3 9747 9746 10035
3 10034 10035 9746
3 10036 9747 10035
3 9747 10036 10032
3 9748 9750 10037
3 9748 10037 9749
3 9749 10037 9891
3 10038 10037 9750
3 10038 9750 9751
3 10039 10038 9751
3 10039 9751 9752
3 10039 9752 9754
3 9753 9755 10040
3 9753 10040 10041
3 9753 10041 9754
3 10039 9754 10042
3 10043 10042 9754
3 10043 9754 10041
3 9757 10040 9755
3 9757 9756 10044
3 9926 10044 9756
3 10040 9757 10044
3 10045 9759 9758
3 10045 9758 9779
3 9759 10045 10046
3 9759 10046 9760
3 10047 9761 9760
3 10047 9760 10046
3 9761 10047 10048
3 9761 10048 9762
3 10049 9763 9762
3 10049 9762 10048
3 9763 10049 10050
3 9763 10050 9764
3 10051 9778 9764
3 10051 9764 10050
3 9765 9778 10052
3 9765 10052 10053
3 9766 9765 10053
3 9766 10053 10054
3 9767 9766 10054
3 9767 10054 9774
3 10055 9768 9769
3 10055 9777 9768
3 10055 9769 10056
3 9770 10056 9769
3 9770 10057 10056
3 10057 9770 9771
3 10057 9771 10058
3 10058 9771 9773
3 10059 10060 9772
3 10059 9772 9774
3 10060 9773 9772
3 10058 9773 10061
3 10060 10061 9773
3 10062 10059 9774
3 10062 9774 10054
3 10063 9780 9775
3 9776 10063 9775
3 9776 9777 10064
3 10063 9776 10064
3 10055 10065 9777
3 10065 10064 9777
3 9778 10051 10066
3 9778 10066 10052
3 10067 10045 9779
3 10067 9779 10022
3 10068 9784 9780
3 10063 10068 9780
3 9781 9782 10069
3 9781 10069 9856
3 10069 9782 9783
3 10069 9783 10070
3 10070 9783 9786
3 10071 9785 9784
3 10068 10071 9784
3 10072 9786 9785
3 10071 10072 9785
3 10072 10073 9786
3 10070 9786 10073
3 9788 9787 9796
3 9788 9796 10074
3 9791 9788 10074
3 9791 10075 9789
3 9789 10075 10076
3 9789 10076 9790
3 9790 10076 10077
3 9790 10077 9792
3 9791 10074 10078
3 9791 10078 10075
3 10079 9793 9792
3 10079 9792 10077
3 9793 10079 10080
3 9793 10080 9794
3 9795 9794 10081
3 10082 10081 9794
3 10082 9794 10080
3 10081 9869 9795
3 9797 10074 9796
3 10083 9797 9798
3 9797 10083 10074
3 10084 10085 9798
3 9798 9799 10084
3 10083 9798 10085
3 10086 10084 9799
3 10086 9799 10087
3 9800 10087 9799
3 10088 10087 9800
3 9800 9803 10088
3 9876 9803 9802
3 9876 9877 9803
3 10088 9803 9877
3 10089 9804 9805
3 9804 10089 9828
3 10089 9805 10090
3 9806 10090 9805
3 10091 9806 9812
3 9806 10091 10090
3 9809 9807 10092
3 10093 10092 9807
3 10093 9807 9808
3 10093 9808 9813
3 9809 10092 10094
3 9810 9809 10094
3 9810 10094 10095
3 10096 9811 9810
3 10096 9810 10095
3 9811 10096 10097
3 9811 10097 9812
3 10091 9812 10097
3 10098 10099 9813
3 10093 9813 10099
3 9813 9814 10098
3 9815 10100 9814
3 10100 10098 9814
3 9815 9816 10101
3 10100 9815 10101
3 9817 10102 9816
3 10102 10101 9816
3 9818 10102 9817
3 9818 9819 10103
3 9818 10103 10104
3 9818 10104 10102
3 9819 9820 10105
3 9819 10105 10103
3 9820 9821 10106
3 9820 10106 10105
3 9821 9826 10107
3 9821 10107 10106
3 9822 9858 10108
3 9822 10108 9823
3 10109 9824 9823
3 10109 9823 10108
3 9824 10109 10110
3 9824 10110 9825
3 10111 9827 9825
3 10111 9825 10110
3 9826 9827 10112
3 9826 10112 10107
3 9827 10111 10113
3 9827 10113 10112
3 10089 10114 9828
3 10115 9829 9828
3 10115 9828 10114
3 10116 9830 9829
3 10116 9829 10115
3 10117 9831 9830
3 10117 9830 10116
3 10118 9832 9831
3 10118 9831 10117
3 9833 9832 10118
3 9833 10119 9834
3 10120 9835 9834
3 10120 9834 10119
3 9833 10121 10119
3 9833 10118 10121
3 9835 10120 9836
3 10120 10122 9836
3 9837 9836 10122
3 10123 9837 10122
3 9837 10123 9838
3 10123 9990 9838
3 9844 10124 9839
3 9839 10124 10125
3 9839 10125 9840
3 9840 10125 10126
3 9840 10126 9841
3 9841 10126 10127
3 9841 10127 9842
3 9842 10127 10128
3 9842 10128 9843
3 9843 10128 10129
3 9843 10129 9845
3 9855 10130 9844
3 9844 10130 10124
3 9845 10129 10131
3 9845 10131 9846
3 9846 10131 10132
3 9846 10132 9847
3 9847 10132 10133
3 9847 10133 9848
3 9848 10133 10134
3 9848 10134 9849
3 9849 10134 10135
3 9849 10135 9850
3 9850 10135 10136
3 9850 10136 9851
3 9851 10136 10137
3 9851 10137 9852
3 9852 10137 10138
3 9852 10138 9854
3 9855 9853 9854
3 9854 10138 10139
3 9854 10139 9855
3 9855 10139 10130
3 9856 10069 10140
3 9856 10140 9857
3 10141 9859 9857
3 10141 9857 10140
3 9858 9859 10142
3 9858 10142 10108
3 9859 10141 10143
3 9859 10143 10142
3 9861 9870 9860
3 10144 9861 9862
3 9861 10144 9870
3 10144 9862 9863
3 10145 10144 9863
3 10145 9863 9864
3 10146 10145 9864
3 10146 9864 9865
3 10147 10146 9865
3 10147 9865 9866
3 10148 10147 9866
3 10148 9866 9868
3 9867 9869 10149
3 9867 10149 10150
3 9867 10150 9868
3 10151 10148 9868
3 10151 9868 10150
3 10081 10149 9869
3 10144 9874 9870
3 10152 10153 9872
3 10152 9872 9871
3 10154 9873 9872
3 10154 9872 10153
3 9871 9874 10152
3 10154 10155 9873
3 9875 9873 10155
3 10145 10152 9874
3 10144 10145 9874
3 10155 10156 9875
3 9875 10156 9877
3 10088 9877 10156
3 10157 9885 9878
3 9913 10157 9878
3 10158 10159 9879
3 9882 10158 9879
3 9880 9879 10159
3 10160 10161 9881
3 10160 9881 9880
3 9883 9881 10161
3 10160 9880 10159
3 9882 9885 10162
3 10158 9882 10162
3 9883 10161 10163
3 9884 9883 10163
3 9884 10163 10164
3 9889 9884 10164
3 10157 10165 9885
3 10165 10162 9885
3 9887 10166 9886
3 10034 9886 10166
3 9887 9888 10167
3 9887 10167 10168
3 9887 10168 10166
3 10169 10167 9888
3 9889 10169 9888
3 9889 10164 10170
3 10169 9889 10170
3 9917 9890 9891
3 9917 9891 10171
3 10038 10171 9891
3 10038 9891 10037
3 10172 9904 9892
3 10172 9892 10173
3 10174 10173 9892
3 10174 9892 9893
3 9893 9894 10175
3 9893 10175 10174
3 10176 10175 9894
3 10176 9894 9895
3 10177 10176 9895
3 10177 9895 9897
3 10178 9896 9898
3 9896 10178 10179
3 9896 10179 9897
3 10180 10177 9897
3 10180 9897 10179
3 10178 9898 10181
3 9899 10181 9898
3 9899 10182 10181
3 10182 9899 9900
3 9901 10183 9900
3 10182 9900 10183
3 9901 9927 10183
3 10184 9903 9904
3 10185 9902 9903
3 10185 9903 10184
3 10186 9905 9902
3 10186 9902 10185
3 10184 9904 10172
3 10187 9906 9905
3 10187 9905 10186
3 9906 10187 10188
3 9906 10188 9915
3 9911 9907 10189
3 9907 9908 10190
3 9907 10190 10189
3 9908 9909 10191
3 9908 10191 10190
3 9909 9910 10192
3 9909 10192 10191
3 9910 9916 10193
3 9910 10193 10192
3 9911 10189 10194
3 9914 9911 10194
3 10157 9913 10195
3 9913 9912 10195
3 10196 10195 9912
3 9914 10196 9912
3 10196 9914 10197
3 9914 10194 10197
3 10198 9916 9915
3 10198 9915 10188
3 9916 10198 10199
3 9916 10199 10193
3 10171 9918 9917
3 10171 10200 9918
3 9921 9918 10200
3 9924 9920 9919
3 10201 9924 9919
3 10201 9919 9922
3 10201 9922 10202
3 10203 10202 9922
3 10203 9922 9921
3 9921 10200 10203
3 10201 9925 9923
3 9924 10201 9923
3 10201 10204 9925
3 10205 9926 9925
3 10205 9925 10204
3 9926 10205 10044
3 9927 9928 10206
3 9927 10206 10183
3 9928 9932 10207
3 9928 10207 10206
3 10208 9929 9931
3 9929 10208 10209
3 9929 10209 9930
3 10210 9935 9930
3 10210 9930 10209
3 10208 9931 9943
3 9932 9933 10211
3 9932 10211 10207
3 9933 9934 10212
3 9933 10212 10211
3 9934 9935 10213
3 9934 10213 10212
3 9935 10210 10214
3 9935 10214 10213
3 9946 10215 9936
3 9937 9936 10215
3 9937 10215 10216
3 9938 9937 10216
3 9938 10216 10217
3 9939 9938 10217
3 9939 10217 10218
3 9942 9939 10218
3 10219 9940 9941
3 9940 10219 10220
3 9940 10220 9943
3 10219 9941 10221
3 9942 10221 9941
3 9942 10218 10222
3 9942 10222 10221
3 10223 10208 9943
3 10223 9943 10220
3 9947 10224 9944
3 9945 9944 10224
3 10225 9945 10224
3 9945 10225 9946
3 9946 10226 10215
3 10225 10226 9946
3 10227 9947 9950
3 9947 10227 10224
3 9952 9948 9991
3 9949 10228 10229
3 9949 10229 9950
3 10228 9949 9951
3 10227 9950 10229
3 10228 9951 10230
3 10231 10230 9951
3 10231 9951 9952
3 9952 9991 10231
3 10232 9954 9953
3 9984 10232 9953
3 10232 10233 9954
3 10233 9955 9954
3 10234 9956 9955
3 10233 10234 9955
3 10235 9957 9956
3 10234 10235 9956
3 10236 9962 9957
3 10235 10236 9957
3 9958 10237 10238
3 9958 10238 9959
3 10237 9958 9962
3 9959 10238 10239
3 9959 10239 9960
3 10240 9961 9960
3 10240 9960 10239
3 9961 10241 9963
3 10240 10241 9961
3 10237 9962 10242
3 10236 10242 9962
3 9979 9963 10241
3 9964 9965 10243
3 9964 10243 9993
3 9965 9966 10244
3 9965 10244 10243
3 10245 10244 9966
3 10245 9966 9967
3 9967 9968 10246
3 9967 10246 10245
3 10247 10246 9968
3 10247 9968 9973
3 9969 10248 10249
3 9969 10249 9970
3 10248 9969 9974
3 10250 9971 9970
3 10250 9970 10249
3 9971 10250 10251
3 9971 10251 9972
3 9972 10251 10252
3 9972 10252 9973
3 9973 10252 10253
3 9973 10253 10247
3 10248 9974 10254
3 9975 10254 9974
3 9975 10255 10254
3 10255 9975 9976
3 10255 9976 10256
3 9977 10256 9976
3 9977 9978 10257
3 9977 10257 10256
3 9979 10258 9978
3 10258 10257 9978
3 9979 10241 10259
3 10258 9979 10259
3 9983 9980 10260
3 9981 10260 9980
3 9982 10261 9981
3 9981 10261 10260
3 9987 10262 9982
3 9982 10262 10261
3 9983 10260 10263
3 10263 9984 9983
3 10232 9984 10264
3 10263 10264 9984
3 9987 9985 10265
3 9985 9986 10266
3 9985 10266 10265
3 9986 9988 10266
3 9987 10265 10267
3 9987 10267 10262
3 10268 10266 9988
3 9989 10268 9988
3 9989 9990 10269
3 10268 9989 10269
3 10123 10269 9990
3 10270 10231 9991
3 10270 9991 9992
3 10271 10270 9992
3 10271 9992 9993
3 10272 10271 9993
3 10272 9993 10243
3 10273 10009 9994
3 10273 9994 10274
3 10274 9994 9995
3 10274 9995 10275
3 10275 9995 9996
3 10276 9996 9997
3 10275 9996 10276
3 10276 9997 10277
3 10277 9997 9998
3 10277 9998 10278
3 10278 9998 9999
3 10278 9999 10279
3 10279 9999 10000
3 10279 10000 10280
3 10280 10000 10001
3 10280 10001 10281
3 10281 10001 10002
3 10281 10002 10282
3 10282 10002 10003
3 10282 10003 10283
3 10283 10003 10004
3 10283 10004 10284
3 10284 10004 10005
3 10284 10005 10285
3 10285 10005 10006
3 10285 10006 10286
3 10286 10006 10007
3 10286 10007 10287
3 10287 10007 10008
3 10287 10008 10288
3 10288 10008 10009
3 10288 10009 10273
3 10010 10289 10290
3 10010 10290 10011
3 10289 10010 10014
3 10291 10012 10011
3 10291 10011 10290
3 10012 10291 10292
3 10012 10292 10024
3 10293 10294 10014
3 10013 10293 10014
3 10289 10014 10294
3 10293 10013 10025
3 10015 10016 10295
3 10015 10295 10296
3 10015 10296 10297
3 10015 10297 10018
3 10298 10295 10016
3 10298 10016 10017
3 10299 10298 10017
3 10299 10017 10023
3 10300 10019 10018
3 10300 10018 10297
3 10019 10300 10301
3 10019 10301 10020
3 10302 10303 10020
3 10302 10020 10301
3 10303 10021 10020
3 10304 10022 10021
3 10303 10304 10021
3 10304 10067 10022
3 10305 10299 10023
3 10305 10023 10024
3 10306 10305 10024
3 10306 10024 10292
3 10026 10307 10025
3 10293 10025 10307
3 10026 10308 10307
3 10308 10026 10033
3 10027 10309 10310
3 10027 10310 10029
3 10031 10309 10027
3 10311 10312 10028
3 10030 10028 10312
3 10029 10311 10028
3 10311 10029 10310
3 10030 10313 10033
3 10313 10030 10312
3 10314 10031 10032
3 10031 10314 10309
3 10314 10032 10315
3 10036 10315 10032
3 10308 10033 10316
3 10313 10316 10033
3 10034 10317 10035
3 10034 10166 10168
3 10034 10168 10317
3 10317 10318 10035
3 10036 10035 10318
3 10319 10036 10318
3 10036 10319 10315
3 10039 10171 10038
3 10039 10200 10171
3 10042 10200 10039
3 10040 10044 10041
3 10205 10043 10041
3 10205 10041 10044
3 10205 10202 10043
3 10043 10202 10203
3 10043 10203 10042
3 10042 10203 10200
3 10045 10067 10320
3 10045 10320 10046
3 10321 10047 10046
3 10321 10046 10320
3 10047 10321 10322
3 10047 10322 10048
3 10323 10049 10048
3 10323 10048 10322
3 10049 10323 10324
3 10049 10324 10050
3 10325 10051 10050
3 10325 10050 10324
3 10051 10325 10326
3 10051 10326 10066
3 10327 10053 10052
3 10328 10327 10052
3 10328 10052 10066
3 10329 10054 10053
3 10327 10329 10053
3 10329 10062 10054
3 10330 10055 10056
3 10330 10065 10055
3 10330 10056 10331
3 10057 10331 10056
3 10057 10332 10331
3 10332 10057 10058
3 10332 10058 10333
3 10061 10333 10058
3 10059 10062 10334
3 10059 10334 10335
3 10060 10059 10335
3 10060 10335 10336
3 10061 10060 10336
3 10061 10336 10337
3 10061 10337 10333
3 10062 10329 10338
3 10062 10338 10334
3 10068 10063 10339
3 10063 10064 10339
3 10340 10339 10064
3 10065 10340 10064
3 10330 10341 10065
3 10340 10065 10341
3 10342 10328 10066
3 10342 10066 10326
3 10067 10304 10343
3 10067 10343 10320
3 10068 10339 10344
3 10071 10068 10344
3 10070 10140 10069
3 10073 10345 10070
3 10070 10345 10140
3 10072 10071 10346
3 10071 10344 10346
3 10072 10346 10347
3 10073 10072 10347
3 10073 10347 10348
3 10073 10348 10345
3 10083 10078 10074
3 10349 10076 10075
3 10349 10075 10078
3 10076 10349 10350
3 10076 10350 10077
3 10351 10079 10077
3 10351 10077 10350
3 10083 10349 10078
3 10079 10351 10352
3 10079 10352 10080
3 10353 10082 10080
3 10353 10080 10352
3 10081 10082 10150
3 10081 10150 10149
3 10082 10353 10151
3 10082 10151 10150
3 10349 10083 10085
3 10086 10354 10084
3 10084 10354 10085
3 10354 10350 10085
3 10349 10085 10350
3 10086 10355 10354
3 10356 10355 10086
3 10356 10086 10087
3 10356 10087 10357
3 10088 10357 10087
3 10156 10357 10088
3 10358 10089 10090
3 10089 10358 10114
3 10358 10090 10359
3 10091 10359 10090
3 10360 10091 10097
3 10091 10360 10359
3 10361 10094 10092
3 10092 10093 10362
3 10092 10362 10361
3 10099 10362 10093
3 10363 10095 10094
3 10361 10363 10094
3 10363 10364 10095
3 10365 10096 10095
3 10365 10095 10364
3 10096 10365 10366
3 10096 10366 10097
3 10360 10097 10366
3 10367 10368 10098
3 10100 10367 10098
3 10098 10368 10099
3 10369 10099 10368
3 10099 10369 10362
3 10100 10101 10370
3 10367 10100 10370
3 10371 10370 10101
3 10102 10371 10101
3 10102 10104 10372
3 10102 10372 10371
3 10373 10104 10103
3 10374 10373 10103
3 10374 10103 10105
3 10373 10372 10104
3 10375 10374 10105
3 10375 10105 10106
3 10376 10375 10106
3 10376 10106 10107
3 10377 10376 10107
3 10377 10107 10112
3 10378 10109 10108
3 10378 10108 10142
3 10109 10378 10379
3 10109 10379 10110
3 10380 10111 10110
3 10380 10110 10379
3 10381 10113 10111
3 10381 10111 10380
3 10382 10377 10112
3 10382 10112 10113
3 10383 10382 10113
3 10383 10113 10381
3 10358 10384 10114
3 10114 10384 10385
3 10114 10385 10115
3 10115 10385 10386
3 10115 10386 10116
3 10116 10386 10387
3 10116 10387 10117
3 10117 10387 10388
3 10117 10388 10118
3 10121 10118 10388
3 10121 10389 10119
3 10390 10120 10119
3 10390 10119 10389
3 10120 10390 10122
3 10121 10391 10389
3 10121 10388 10391
3 10390 10392 10122
3 10123 10122 10392
3 10269 10123 10392
3 10393 10394 10124
3 10393 10124 10130
3 10125 10124 10394
3 10395 10126 10125
3 10125 10394 10395
3 10127 10126 10396
3 10395 10396 10126
3 10397 10128 10127
3 10127 10396 10397
3 10397 10398 10128
3 10129 10128 10398
3 10399 10131 10129
3 10129 10398 10399
3 10130 10139 10400
3 10130 10400 10393
3 10399 10401 10131
3 10132 10131 10401
3 10402 10133 10132
3 10132 10401 10402
3 10402 10403 10133
3 10134 10133 10403
3 10404 10135 10134
3 10134 10403 10404
3 10404 10405 10135
3 10136 10135 10405
3 10406 10137 10136
3 10136 10405 10406
3 10406 10407 10137
3 10138 10137 10407
3 10408 10139 10138
3 10138 10407 10408
3 10408 10400 10139
3 10409 10141 10140
3 10409 10140 10345
3 10141 10409 10410
3 10141 10410 10143
3 10411 10378 10142
3 10411 10142 10143
3 10412 10411 10143
3 10412 10143 10410
3 10145 10146 10152
3 10146 10147 10153
3 10146 10153 10152
3 10147 10148 10413
3 10147 10413 10153
3 10148 10151 10414
3 10148 10414 10413
3 10353 10414 10151
3 10154 10153 10413
3 10413 10415 10154
3 10155 10154 10415
3 10155 10415 10416
3 10155 10416 10156
3 10156 10416 10357
3 10157 10195 10417
3 10165 10157 10417
3 10418 10158 10419
3 10158 10418 10159
3 10158 10162 10419
3 10418 10420 10159
3 10160 10159 10420
3 10421 10422 10161
3 10421 10161 10160
3 10422 10163 10161
3 10423 10421 10160
3 10423 10160 10420
3 10424 10419 10162
3 10165 10424 10162
3 10425 10164 10163
3 10422 10425 10163
3 10425 10426 10164
3 10426 10170 10164
3 10165 10417 10427
3 10424 10165 10427
3 10428 10168 10167
3 10317 10168 10428
3 10428 10167 10429
3 10169 10429 10167
3 10429 10169 10430
3 10169 10170 10430
3 10431 10430 10170
3 10426 10431 10170
3 10173 10432 10172
3 10184 10172 10432
3 10173 10433 10432
3 10174 10433 10173
3 10174 10175 10434
3 10174 10434 10435
3 10174 10435 10433
3 10175 10176 10436
3 10175 10436 10434
3 10176 10177 10437
3 10176 10437 10436
3 10177 10180 10438
3 10177 10438 10437
3 10439 10178 10181
3 10178 10439 10440
3 10178 10440 10179
3 10441 10180 10179
3 10441 10179 10440
3 10441 10438 10180
3 10439 10181 10442
3 10182 10442 10181
3 10182 10443 10442
3 10443 10182 10183
3 10443 10183 10206
3 10184 10432 10444
3 10184 10444 10445
3 10184 10445 10185
3 10185 10445 10446
3 10185 10446 10186
3 10447 10187 10186
3 10447 10186 10446
3 10187 10447 10448
3 10187 10448 10188
3 10449 10198 10188
3 10449 10188 10448
3 10450 10194 10189
3 10451 10450 10189
3 10451 10189 10190
3 10452 10451 10190
3 10452 10190 10191
3 10453 10452 10191
3 10453 10191 10192
3 10454 10453 10192
3 10454 10192 10193
3 10455 10454 10193
3 10455 10193 10199
3 10456 10197 10194
3 10450 10456 10194
3 10457 10417 10195
3 10196 10457 10195
3 10196 10197 10458
3 10457 10196 10458
3 10459 10458 10197
3 10456 10459 10197
3 10198 10449 10460
3 10198 10460 10199
3 10461 10455 10199
3 10461 10199 10460
3 10201 10202 10204
3 10205 10204 10202
3 10462 10443 10206
3 10462 10206 10207
3 10463 10462 10207
3 10463 10207 10211
3 10208 10223 10464
3 10208 10464 10209
3 10465 10210 10209
3 10465 10209 10464
3 10210 10465 10466
3 10210 10466 10214
3 10467 10463 10211
3 10467 10211 10212
3 10468 10467 10212
3 10468 10212 10213
3 10469 10468 10213
3 10469 10213 10214
3 10470 10469 10214
3 10470 10214 10466
3 10471 10216 10215
3 10471 10215 10226
3 10471 10472 10216
3 10472 10217 10216
3 10473 10218 10217
3 10472 10473 10217
3 10473 10474 10218
3 10222 10218 10474
3 10475 10223 10220
3 10475 10220 10476
3 10219 10476 10220
3 10477 10219 10221
3 10219 10477 10476
3 10477 10221 10478
3 10222 10478 10221
3 10222 10474 10479
3 10222 10479 10478
3 10223 10475 10480
3 10223 10480 10464
3 10227 10481 10224
3 10225 10224 10481
3 10482 10225 10481
3 10225 10482 10226
3 10471 10226 10483
3 10482 10483 10226
3 10484 10227 10229
3 10227 10484 10481
3 10228 10485 10486
3 10228 10486 10229
3 10485 10228 10230
3 10484 10229 10486
3 10485 10230 10487
3 10231 10487 10230
3 10231 10270 10487
3 10232 10264 10488
3 10233 10232 10488
3 10233 10488 10489
3 10234 10233 10489
3 10234 10489 10490
3 10235 10234 10490
3 10236 10235 10491
3 10235 10490 10491
3 10236 10491 10492
3 10242 10236 10492
3 10237 10493 10494
3 10237 10494 10238
3 10237 10242 10495
3 10237 10495 10493
3 10494 10239 10238
3 10494 10496 10239
3 10497 10240 10239
3 10497 10239 10496
3 10497 10498 10240
3 10240 10498 10241
3 10498 10259 10241
3 10242 10492 10495
3 10499 10272 10243
3 10499 10243 10244
3 10500 10499 10244
3 10500 10244 10245
3 10245 10246 10501
3 10245 10501 10500
3 10502 10501 10246
3 10502 10246 10247
3 10247 10253 10503
3 10247 10503 10502
3 10504 10248 10254
3 10248 10504 10505
3 10248 10505 10249
3 10506 10250 10249
3 10506 10249 10505
3 10250 10506 10507
3 10250 10507 10251
3 10508 10252 10251
3 10508 10251 10507
3 10252 10508 10509
3 10252 10509 10253
3 10510 10503 10253
3 10510 10253 10509
3 10504 10254 10511
3 10255 10511 10254
3 10255 10512 10511
3 10512 10255 10256
3 10512 10256 10513
3 10513 10256 10257
3 10513 10257 10514
3 10258 10514 10257
3 10258 10259 10515
3 10514 10258 10515
3 10516 10515 10259
3 10498 10516 10259
3 10517 10518 10260
3 10517 10260 10261
3 10263 10260 10518
3 10261 10262 10519
3 10261 10519 10517
3 10519 10262 10267
3 10263 10518 10520
3 10520 10264 10263
3 10521 10488 10264
3 10520 10521 10264
3 10522 10523 10265
3 10522 10265 10266
3 10524 10267 10265
3 10524 10265 10523
3 10268 10522 10266
3 10519 10267 10524
3 10522 10268 10525
3 10268 10269 10525
3 10269 10392 10525
3 10270 10271 10526
3 10270 10526 10487
3 10271 10272 10527
3 10271 10527 10526
3 10272 10499 10528
3 10272 10528 10527
3 10274 10529 10273
3 10273 10529 10530
3 10273 10530 10288
3 10274 10531 10529
3 10275 10531 10274
3 10276 10532 10275
3 10275 10532 10531
3 10277 10533 10276
3 10276 10533 10532
3 10278 10534 10277
3 10277 10534 10533
3 10278 10535 10534
3 10279 10535 10278
3 10280 10536 10279
3 10279 10536 10535
3 10280 10537 10536
3 10281 10537 10280
3 10282 10538 10281
3 10281 10538 10537
3 10282 10539 10538
3 10283 10539 10282
3 10284 10540 10283
3 10283 10540 10539
3 10284 10541 10540
3 10285 10541 10284
3 10286 10542 10285
3 10285 10542 10541
3 10286 10543 10542
3 10287 10543 10286
3 10288 10544 10287
3 10287 10544 10543
3 10288 10530 10544
3 10545 10289 10294
3 10289 10545 10546
3 10289 10546 10290
3 10547 10291 10290
3 10547 10290 10546
3 10291 10547 10548
3 10291 10548 10292
3 10549 10306 10292
3 10549 10292 10548
3 10293 10550 10294
3 10550 10293 10307
3 10550 10551 10294
3 10545 10294 10551
3 10295 10298 10552
3 10295 10552 10553
3 10296 10295 10553
3 10296 10553 10554
3 10296 10554 10555
3 10296 10555 10297
3 10556 10300 10297
3 10556 10297 10555
3 10298 10299 10557
3 10298 10557 10552
3 10299 10305 10558
3 10299 10558 10557
3 10300 10556 10559
3 10300 10559 10301
3 10560 10302 10301
3 10560 10301 10559
3 10302 10560 10561
3 10302 10561 10562
3 10303 10302 10562
3 10303 10562 10563
3 10304 10303 10563
3 10304 10563 10343
3 10305 10306 10564
3 10305 10564 10558
3 10306 10549 10565
3 10306 10565 10564
3 10308 10566 10307
3 10550 10307 10566
3 10308 10567 10566
3 10567 10308 10316
3 10310 10568 10569
3 10310 10569 10570
3 10568 10310 10309
3 10311 10310 10570
3 10568 10309 10571
3 10314 10571 10309
3 10572 10573 10312
3 10311 10572 10312
3 10313 10312 10573
3 10572 10311 10570
3 10313 10574 10316
3 10574 10313 10573
3 10314 10575 10571
3 10575 10314 10315
3 10575 10315 10576
3 10319 10576 10315
3 10567 10316 10577
3 10574 10577 10316
3 10317 10578 10318
3 10317 10428 10578
3 10578 10579 10318
3 10319 10318 10579
3 10319 10580 10576
3 10580 10319 10579
3 10581 10321 10320
3 10581 10320 10343
3 10321 10581 10582
3 10321 10582 10322
3 10583 10323 10322
3 10583 10322 10582
3 10323 10583 10584
3 10323 10584 10324
3 10585 10325 10324
3 10585 10324 10584
3 10325 10585 10586
3 10325 10586 10326
3 10587 10342 10326
3 10587 10326 10586
3 10329 10327 10588
3 10327 10328 10589
3 10327 10589 10588
3 10328 10342 10590
3 10328 10590 10589
3 10329 10588 10338
3 10591 10330 10331
3 10591 10341 10330
3 10591 10331 10592
3 10332 10592 10331
3 10332 10593 10592
3 10593 10332 10333
3 10593 10333 10594
3 10594 10333 10337
3 10595 10596 10334
3 10595 10334 10338
3 10596 10335 10334
3 10597 10336 10335
3 10596 10597 10335
3 10597 10598 10336
3 10598 10337 10336
3 10594 10337 10599
3 10598 10599 10337
3 10600 10595 10338
3 10600 10338 10588
3 10601 10344 10339
3 10340 10601 10339
3 10340 10341 10602
3 10601 10340 10602
3 10591 10603 10341
3 10603 10602 10341
3 10342 10587 10604
3 10342 10604 10590
3 10605 10581 10343
3 10605 10343 10563
3 10606 10346 10344
3 10601 10606 10344
3 10607 10409 10345
3 10607 10345 10348
3 10608 10347 10346
3 10606 10608 10346
3 10609 10348 10347
3 10608 10609 10347
3 10609 10607 10348
3 10354 10351 10350
3 10351 10354 10355
3 10351 10355 10352
3 10610 10353 10352
3 10610 10352 10355
3 10353 10610 10414
3 10356 10610 10355
3 10415 10610 10356
3 10415 10356 10357
3 10415 10357 10416
3 10611 10358 10359
3 10358 10611 10384
3 10611 10359 10612
3 10360 10612 10359
3 10613 10360 10366
3 10360 10613 10612
3 10363 10361 10614
3 10614 10361 10362
3 10615 10362 10369
3 10614 10362 10615
3 10363 10614 10616
3 10363 10616 10617
3 10363 10617 10364
3 10618 10365 10364
3 10618 10364 10617
3 10365 10618 10619
3 10365 10619 10366
3 10613 10366 10619
3 10367 10370 10620
3 10621 10367 10620
3 10367 10621 10368
3 10621 10622 10368
3 10369 10368 10622
3 10622 10623 10369
3 10615 10369 10623
3 10371 10624 10370
3 10624 10620 10370
3 10371 10372 10625
3 10371 10625 10624
3 10372 10373 10626
3 10372 10626 10625
3 10374 10375 10627
3 10374 10627 10628
3 10373 10374 10628
3 10373 10628 10626
3 10375 10376 10629
3 10375 10629 10627
3 10376 10377 10630
3 10376 10630 10629
3 10377 10382 10631
3 10377 10631 10630
3 10378 10411 10632
3 10378 10632 10379
3 10379 10632 10633
3 10379 10633 10380
3 10380 10633 10634
3 10380 10634 10381
3 10381 10634 10635
3 10381 10635 10383
3 10636 10631 10382
3 10636 10382 10383
3 10383 10635 10637
3 10383 10637 10636
3 10611 10638 10384
3 10639 10385 10384
3 10639 10384 10638
3 10640 10386 10385
3 10640 10385 10639
3 10641 10387 10386
3 10641 10386 10640
3 10642 10388 10387
3 10642 10387 10641
3 10643 10391 10388
3 10643 10388 10642
3 10644 10389 10391
3 10645 10390 10389
3 10645 10389 10644
3 10390 10645 10392
3 10644 10391 10643
3 10645 10525 10392
3 10646 10647 10394
3 10646 10394 10393
3 10395 10394 10647
3 10393 10400 10648
3 10393 10648 10646
3 10649 10396 10395
3 10395 10647 10649
3 10397 10396 10650
3 10649 10650 10396
3 10651 10398 10397
3 10397 10650 10651
3 10651 10652 10398
3 10399 10398 10652
3 10653 10401 10399
3 10399 10652 10653
3 10654 10648 10400
3 10654 10400 10408
3 10653 10655 10401
3 10402 10401 10655
3 10656 10403 10402
3 10402 10655 10656
3 10656 10657 10403
3 10404 10403 10657
3 10658 10405 10404
3 10404 10657 10658
3 10658 10659 10405
3 10406 10405 10659
3 10660 10407 10406
3 10406 10659 10660
3 10660 10661 10407
3 10408 10407 10661
3 10408 10661 10654
3 10409 10607 10662
3 10409 10662 10410
3 10663 10412 10410
3 10663 10410 10662
3 10411 10412 10664
3 10411 10664 10632
3 10412 10663 10665
3 10412 10665 10664
3 10413 10414 10415
3 10415 10414 10610
3 10666 10427 10417
3 10457 10666 10417
3 10418 10419 10667
3 10668 10418 10667
3 10418 10668 10420
3 10669 10667 10419
3 10424 10669 10419
3 10670 10423 10420
3 10670 10420 10668
3 10421 10423 10671
3 10421 10671 10672
3 10422 10421 10672
3 10422 10672 10673
3 10425 10422 10673
3 10423 10670 10674
3 10423 10674 10671
3 10424 10427 10675
3 10669 10424 10675
3 10425 10673 10676
3 10426 10425 10676
3 10426 10676 10677
3 10431 10426 10677
3 10678 10675 10427
3 10666 10678 10427
3 10428 10429 10679
3 10428 10679 10680
3 10681 10578 10428
3 10681 10428 10680
3 10429 10430 10679
3 10431 10682 10430
3 10682 10679 10430
3 10431 10677 10683
3 10682 10431 10683
3 10684 10444 10432
3 10685 10684 10432
3 10685 10432 10433
3 10686 10685 10433
3 10686 10433 10435
3 10435 10434 10687
3 10688 10687 10434
3 10688 10434 10436
3 10435 10687 10686
3 10436 10437 10689
3 10436 10689 10688
3 10690 10689 10437
3 10690 10437 10438
3 10441 10691 10438
3 10690 10438 10691
3 10692 10441 10440
3 10692 10440 10693
3 10439 10693 10440
3 10694 10439 10442
3 10439 10694 10693
3 10695 10691 10441
3 10695 10441 10692
3 10694 10442 10696
3 10443 10696 10442
3 10443 10462 10696
3 10684 10697 10444
3 10698 10445 10444
3 10698 10444 10697
3 10445 10698 10699
3 10445 10699 10446
3 10700 10447 10446
3 10700 10446 10699
3 10447 10700 10701
3 10447 10701 10448
3 10702 10449 10448
3 10702 10448 10701
3 10449 10702 10703
3 10449 10703 10460
3 10456 10450 10704
3 10450 10451 10705
3 10450 10705 10704
3 10451 10452 10706
3 10451 10706 10705
3 10452 10453 10707
3 10452 10707 10706
3 10453 10454 10708
3 10453 10708 10707
3 10454 10455 10709
3 10454 10709 10708
3 10455 10461 10710
3 10455 10710 10709
3 10456 10704 10711
3 10459 10456 10711
3 10666 10457 10712
3 10457 10458 10712
3 10713 10712 10458
3 10459 10713 10458
3 10713 10459 10714
3 10459 10711 10714
3 10715 10461 10460
3 10715 10460 10703
3 10461 10715 10716
3 10461 10716 10710
3 10462 10463 10717
3 10462 10717 10696
3 10463 10467 10718
3 10463 10718 10717
3 10719 10465 10464
3 10719 10464 10480
3 10465 10719 10720
3 10465 10720 10466
3 10721 10470 10466
3 10721 10466 10720
3 10467 10468 10722
3 10467 10722 10718
3 10468 10469 10723
3 10468 10723 10722
3 10469 10470 10724
3 10469 10724 10723
3 10470 10721 10725
3 10470 10725 10724
3 10483 10726 10471
3 10472 10471 10726
3 10472 10726 10727
3 10473 10472 10727
3 10473 10727 10728
3 10474 10473 10728
3 10474 10728 10729
3 10479 10474 10729
3 10730 10475 10476
3 10475 10730 10731
3 10475 10731 10480
3 10730 10476 10732
3 10477 10732 10476
3 10733 10477 10478
3 10477 10733 10732
3 10733 10478 10734
3 10479 10734 10478
3 10479 10729 10735
3 10479 10735 10734
3 10736 10719 10480
3 10736 10480 10731
3 10484 10737 10481
3 10482 10481 10737
3 10738 10482 10737
3 10482 10738 10483
3 10483 10739 10726
3 10738 10739 10483
3 10740 10484 10486
3 10484 10740 10737
3 10485 10741 10742
3 10485 10742 10486
3 10741 10485 10487
3 10740 10486 10742
3 10741 10487 10526
3 10743 10489 10488
3 10521 10743 10488
3 10743 10744 10489
3 10744 10490 10489
3 10745 10491 10490
3 10744 10745 10490
3 10746 10492 10491
3 10745 10746 10491
3 10747 10495 10492
3 10746 10747 10492
3 10493 10495 10748
3 10493 10748 10749
3 10493 10749 10750
3 10493 10750 10494
3 10747 10748 10495
3 10751 10496 10494
3 10751 10494 10750
3 10752 10497 10496
3 10752 10496 10751
3 10752 10753 10497
3 10497 10753 10498
3 10516 10498 10753
3 10754 10528 10499
3 10754 10499 10500
3 10500 10501 10755
3 10500 10755 10754
3 10756 10755 10501
3 10756 10501 10502
3 10502 10503 10757
3 10502 10757 10756
3 10503 10510 10758
3 10503 10758 10757
3 10759 10504 10511
3 10759 10505 10504
3 10759 10760 10505
3 10761 10506 10505
3 10761 10505 10760
3 10506 10761 10762
3 10506 10762 10507
3 10763 10508 10507
3 10763 10507 10762
3 10508 10763 10764
3 10508 10764 10509
3 10765 10510 10509
3 10765 10509 10764
3 10510 10765 10766
3 10510 10766 10758
3 10759 10511 10767
3 10512 10767 10511
3 10512 10768 10767
3 10768 10512 10513
3 10768 10513 10769
3 10514 10769 10513
3 10514 10515 10770
3 10514 10770 10769
3 10516 10771 10515
3 10771 10770 10515
3 10516 10753 10772
3 10771 10516 10772
3 10773 10774 10518
3 10773 10518 10517
3 10520 10518 10774
3 10517 10519 10775
3 10517 10775 10773
3 10524 10775 10519
3 10520 10774 10776
3 10776 10521 10520
3 10521 10777 10778
3 10521 10778 10743
3 10776 10777 10521
3 10522 10525 10779
3 10522 10779 10780
3 10522 10780 10523
3 10523 10780 10781
3 10523 10781 10524
3 10524 10781 10775
3 10645 10779 10525
3 10782 10741 10526
3 10782 10526 10527
3 10783 10782 10527
3 10783 10527 10528
3 10784 10783 10528
3 10784 10528 10754
3 10544 10530 10785
3 10786 10785 10530
3 10786 10530 10529
3 10529 10531 10787
3 10529 10787 10786
3 10788 10787 10531
3 10788 10531 10532
3 10532 10533 10789
3 10532 10789 10788
3 10790 10789 10533
3 10790 10533 10534
3 10534 10535 10791
3 10534 10791 10790
3 10792 10791 10535
3 10792 10535 10536
3 10536 10537 10793
3 10536 10793 10792
3 10794 10793 10537
3 10794 10537 10538
3 10538 10539 10795
3 10538 10795 10794
3 10796 10795 10539
3 10796 10539 10540
3 10540 10541 10797
3 10540 10797 10796
3 10542 10797 10541
3 10542 10543 10798
3 10542 10798 10799
3 10542 10799 10797
3 10800 10798 10543
3 10800 10543 10544
3 10544 10785 10800
3 10801 10545 10551
3 10545 10801 10802
3 10545 10802 10546
3 10803 10547 10546
3 10803 10546 10802
3 10547 10803 10804
3 10547 10804 10548
3 10805 10549 10548
3 10805 10548 10804
3 10549 10805 10806
3 10549 10806 10565
3 10807 10550 10566
3 10550 10807 10551
3 10807 10808 10551
3 10801 10551 10808
3 10554 10553 10809
3 10810 10809 10553
3 10810 10553 10552
3 10552 10557 10811
3 10552 10811 10810
3 10812 10813 10555
3 10812 10555 10554
3 10814 10556 10555
3 10814 10555 10813
3 10554 10809 10812
3 10815 10559 10556
3 10815 10556 10814
3 10816 10811 10557
3 10816 10557 10558
3 10817 10816 10558
3 10817 10558 10564
3 10818 10560 10559
3 10818 10559 10815
3 10560 10818 10819
3 10560 10819 10561
3 10820 10562 10561
3 10821 10820 10561
3 10821 10561 10819
3 10822 10563 10562
3 10820 10822 10562
3 10822 10605 10563
3 10823 10817 10564
3 10823 10564 10565
3 10824 10823 10565
3 10824 10565 10806
3 10567 10825 10566
3 10807 10566 10825
3 10826 10567 10577
3 10567 10826 10825
3 10572 10570 10827
3 10828 10827 10570
3 10828 10570 10569
3 10568 10829 10830
3 10568 10830 10569
3 10829 10568 10571
3 10831 10828 10569
3 10831 10569 10830
3 10829 10571 10832
3 10575 10832 10571
3 10572 10833 10573
3 10833 10572 10827
3 10833 10834 10573
3 10574 10573 10834
3 10574 10835 10577
3 10835 10574 10834
3 10575 10836 10832
3 10836 10575 10576
3 10836 10576 10837
3 10580 10837 10576
3 10835 10838 10577
3 10826 10577 10838
3 10578 10681 10579
3 10580 10579 10839
3 10681 10839 10579
3 10580 10840 10837
3 10840 10580 10839
3 10581 10605 10841
3 10581 10841 10582
3 10842 10583 10582
3 10842 10582 10841
3 10583 10842 10843
3 10583 10843 10584
3 10844 10585 10584
3 10844 10584 10843
3 10585 10844 10845
3 10585 10845 10586
3 10846 10587 10586
3 10846 10586 10845
3 10587 10846 10847
3 10587 10847 10604
3 10848 10600 10588
3 10848 10588 10589
3 10849 10848 10589
3 10849 10589 10590
3 10850 10849 10590
3 10850 10590 10604
3 10851 10591 10592
3 10851 10603 10591
3 10851 10592 10852
3 10593 10852 10592
3 10593 10853 10852
3 10853 10593 10594
3 10853 10594 10854
3 10599 10854 10594
3 10595 10600 10855
3 10595 10855 10856
3 10596 10595 10856
3 10596 10856 10857
3 10597 10596 10857
3 10597 10857 10858
3 10598 10597 10858
3 10598 10858 10859
3 10599 10598 10859
3 10599 10859 10860
3 10599 10860 10854
3 10600 10848 10861
3 10600 10861 10855
3 10606 10601 10862
3 10601 10602 10862
3 10863 10862 10602
3 10603 10863 10602
3 10851 10864 10603
3 10863 10603 10864
3 10865 10850 10604
3 10865 10604 10847
3 10605 10822 10866
3 10605 10866 10841
3 10606 10862 10867
3 10608 10606 10867
3 10607 10609 10868
3 10607 10868 10662
3 10609 10608 10869
3 10608 10867 10869
3 10609 10869 10868
3 10870 10611 10612
3 10611 10870 10638
3 10870 10612 10871
3 10613 10871 10612
3 10872 10613 10619
3 10613 10872 10871
3 10873 10616 10614
3 10873 10614 10615
3 10874 10875 10615
3 10874 10615 10623
3 10873 10615 10875
3 10876 10617 10616
3 10877 10618 10617
3 10877 10617 10876
3 10876 10616 10878
3 10873 10878 10616
3 10618 10877 10879
3 10618 10879 10619
3 10872 10619 10879
3 10621 10620 10880
3 10881 10880 10620
3 10624 10881 10620
3 10882 10621 10880
3 10621 10882 10622
3 10882 10883 10622
3 10622 10883 10623
3 10874 10623 10883
3 10624 10625 10884
3 10624 10884 10881
3 10885 10884 10625
3 10885 10625 10626
3 10886 10885 10626
3 10886 10626 10628
3 10887 10628 10627
3 10888 10887 10627
3 10888 10627 10629
3 10887 10886 10628
3 10889 10888 10629
3 10889 10629 10630
3 10890 10889 10630
3 10890 10630 10631
3 10891 10890 10631
3 10891 10631 10636
3 10892 10633 10632
3 10892 10632 10664
3 10893 10634 10633
3 10893 10633 10892
3 10894 10635 10634
3 10894 10634 10893
3 10895 10637 10635
3 10895 10635 10894
3 10896 10891 10636
3 10896 10636 10637
3 10897 10896 10637
3 10897 10637 10895
3 10778 10777 10638
3 10778 10638 10870
3 10638 10777 10776
3 10638 10776 10639
3 10639 10776 10774
3 10639 10774 10640
3 10640 10774 10773
3 10640 10773 10641
3 10641 10773 10775
3 10641 10775 10642
3 10642 10775 10781
3 10642 10781 10643
3 10643 10781 10780
3 10643 10780 10644
3 10645 10644 10780
3 10645 10780 10779
3 10898 10647 10646
3 10898 10646 10899
3 10899 10646 10648
3 10900 10649 10647
3 10900 10647 10898
3 10901 10648 10654
3 10899 10648 10901
3 10902 10650 10649
3 10902 10649 10900
3 10903 10651 10650
3 10903 10650 10902
3 10904 10652 10651
3 10904 10651 10903
3 10904 10653 10652
3 10905 10655 10653
3 10905 10653 10906
3 10904 10906 10653
3 10901 10654 10907
3 10907 10654 10661
3 10908 10656 10655
3 10908 10655 10905
3 10909 10657 10656
3 10909 10656 10908
3 10910 10658 10657
3 10910 10657 10909
3 10911 10659 10658
3 10911 10658 10910
3 10911 10660 10659
3 10912 10661 10660
3 10912 10660 10913
3 10911 10913 10660
3 10907 10661 10912
3 10914 10663 10662
3 10914 10662 10868
3 10663 10914 10915
3 10663 10915 10665
3 10664 10665 10916
3 10664 10916 10892
3 10917 10916 10665
3 10917 10665 10915
3 10666 10712 10918
3 10678 10666 10918
3 10668 10667 10919
3 10920 10919 10667
3 10669 10920 10667
3 10921 10670 10668
3 10921 10668 10919
3 10920 10669 10922
3 10669 10675 10922
3 10670 10921 10923
3 10670 10923 10674
3 10924 10672 10671
3 10925 10924 10671
3 10925 10671 10674
3 10926 10673 10672
3 10924 10926 10672
3 10926 10927 10673
3 10927 10676 10673
3 10674 10923 10928
3 10674 10928 10925
3 10929 10922 10675
3 10678 10929 10675
3 10930 10677 10676
3 10927 10930 10676
3 10930 10931 10677
3 10931 10683 10677
3 10929 10678 10932
3 10678 10918 10932
3 10933 10680 10679
3 10682 10933 10679
3 10933 10934 10680
3 10935 10681 10680
3 10935 10680 10934
3 10681 10935 10839
3 10682 10683 10936
3 10933 10682 10936
3 10937 10936 10683
3 10931 10937 10683
3 10684 10685 10938
3 10684 10938 10939
3 10697 10684 10939
3 10940 10938 10685
3 10940 10685 10686
3 10686 10687 10941
3 10686 10941 10940
3 10942 10941 10687
3 10942 10687 10688
3 10688 10689 10943
3 10688 10943 10942
3 10944 10943 10689
3 10944 10689 10690
3 10690 10691 10945
3 10944 10690 10945
3 10946 10945 10691
3 10946 10691 10695
3 10693 10947 10692
3 10695 10692 10947
3 10693 10948 10947
3 10694 10948 10693
3 10949 10694 10696
3 10694 10949 10948
3 10695 10947 10950
3 10946 10695 10950
3 10949 10696 10717
3 10697 10939 10951
3 10952 10698 10697
3 10952 10697 10951
3 10698 10952 10953
3 10698 10953 10699
3 10954 10700 10699
3 10954 10699 10953
3 10700 10954 10955
3 10700 10955 10701
3 10956 10702 10701
3 10956 10701 10955
3 10702 10956 10957
3 10702 10957 10703
3 10958 10715 10703
3 10958 10703 10957
3 10959 10960 10704
3 10959 10704 10705
3 10960 10711 10704
3 10961 10959 10705
3 10961 10705 10706
3 10962 10961 10706
3 10962 10706 10707
3 10963 10962 10707
3 10963 10707 10708
3 10964 10963 10708
3 10964 10708 10709
3 10965 10964 10709
3 10965 10709 10710
3 10966 10965 10710
3 10966 10710 10716
3 10967 10714 10711
3 10960 10967 10711
3 10968 10918 10712
3 10713 10968 10712
3 10713 10714 10969
3 10968 10713 10969
3 10970 10969 10714
3 10967 10970 10714
3 10715 10958 10971
3 10715 10971 10716
3 10972 10966 10716
3 10972 10716 10971
3 10973 10949 10717
3 10973 10717 10718
3 10974 10973 10718
3 10974 10718 10722
3 10719 10736 10975
3 10719 10975 10720
3 10976 10721 10720
3 10976 10720 10975
3 10721 10976 10977
3 10721 10977 10725
3 10978 10974 10722
3 10978 10722 10723
3 10979 10978 10723
3 10979 10723 10724
3 10980 10979 10724
3 10980 10724 10725
3 10981 10980 10725
3 10981 10725 10977
3 10982 10727 10726
3 10982 10726 10739
3 10983 10728 10727
3 10982 10983 10727
3 10984 10729 10728
3 10983 10984 10728
3 10984 10985 10729
3 10985 10735 10729
3 10986 10730 10732
3 10730 10986 10987
3 10730 10987 10731
3 10988 10736 10731
3 10988 10731 10987
3 10986 10732 10989
3 10733 10989 10732
3 10990 10733 10734
3 10733 10990 10989
3 10990 10734 10991
3 10991 10734 10735
3 10991 10735 10992
3 10985 10992 10735
3 10736 10988 10993
3 10736 10993 10975
3 10740 10994 10737
3 10738 10737 10994
3 10995 10738 10994
3 10738 10995 10739
3 10995 10996 10739
3 10982 10739 10996
3 10997 10740 10742
3 10740 10997 10994
3 10741 10782 10998
3 10741 10998 10742
3 10997 10742 10998
3 10744 10743 10778
3 10744 10778 10999
3 10745 10744 10999
3 10745 10999 11000
3 10746 10745 11000
3 10747 10746 11001
3 10746 11000 11001
3 10747 11001 11002
3 10747 11002 11003
3 10747 11003 10748
3 10749 10748 11003
3 10749 11003 11004
3 11004 10750 10749
3 11004 11005 10750
3 11006 10751 10750
3 11006 10750 11005
3 11007 10752 10751
3 11007 10751 11006
3 11007 11008 10752
3 10752 11008 10753
3 11008 10772 10753
3 11009 10784 10754
3 11009 10754 10755
3 11010 11009 10755
3 11010 10755 10756
3 11011 11010 10756
3 11011 10756 10757
3 11012 11011 10757
3 11012 10757 10758
3 11013 11012 10758
3 11013 10758 10766
3 11014 10759 10767
3 11014 10760 10759
3 11014 11015 10760
3 11016 10761 10760
3 11016 10760 11015
3 10761 11016 11017
3 10761 11017 10762
3 11018 10763 10762
3 11018 10762 11017
3 10763 11018 11019
3 10763 11019 10764
3 11020 10765 10764
3 11020 10764 11019
3 10765 11020 11021
3 10765 11021 10766
3 11022 11013 10766
3 11022 10766 11021
3 11014 10767 11023
3 10768 11023 10767
3 10768 11024 11023
3 11024 10768 10769
3 11024 10769 11025
3 11025 10769 10770
3 11025 10770 11026
3 10771 11026 10770
3 10771 10772 11027
3 11026 10771 11027
3 11028 11027 10772
3 11008 11028 10772
3 10778 10870 10871
3 10778 10871 10999
3 10782 10783 11029
3 10782 11029 10998
3 10783 10784 11030
3 10783 11030 11029
3 10784 11009 11031
3 10784 11031 11030
3 11032 10800 10785
3 11032 10785 11033
3 11034 11033 10785
3 11034 10785 10786
3 11034 10786 10787
3 11034 10787 11035
3 11036 11035 10787
3 11036 10787 10788
3 11036 10788 10789
3 11037 11038 10789
3 11037 10789 10790
3 11036 10789 11038
3 11037 10790 10791
3 11037 10791 11039
3 11040 11039 10791
3 11040 10791 10792
3 11040 10792 10793
3 11040 10793 11041
3 11042 11041 10793
3 11042 10793 10794
3 11042 10794 10795
3 11042 10795 11043
3 11044 11043 10795
3 11044 10795 10796
3 11044 10796 10797
3 11044 10797 11045
3 11046 11045 10797
3 11046 10797 10799
3 11046 10799 10798
3 11046 10798 11047
3 11032 11047 10798
3 11032 10798 10800
3 10801 11048 11049
3 10801 11049 10802
3 11048 10801 10808
3 11050 10803 10802
3 11050 10802 11049
3 10803 11050 11051
3 10803 11051 10804
3 11052 10805 10804
3 11052 10804 11051
3 10805 11052 11053
3 10805 11053 10806
3 11054 10824 10806
3 11054 10806 11053
3 11055 10807 10825
3 10807 11055 10808
3 11055 11056 10808
3 11048 10808 11056
3 11057 10812 10809
3 11057 10809 11058
3 11059 11058 10809
3 11059 10809 10810
3 10810 10811 11060
3 10810 11060 11059
3 10811 10816 11061
3 10811 11061 11060
3 11057 11062 10813
3 11057 10813 10812
3 10814 10813 11062
3 10814 11062 11063
3 10814 11063 11064
3 10814 11064 10815
3 11065 10818 10815
3 11065 10815 11064
3 10816 10817 11066
3 10816 11066 11061
3 10817 10823 11067
3 10817 11067 11066
3 10818 11065 11068
3 10818 11068 10819
3 11069 10821 10819
3 11069 10819 11068
3 10822 10820 11070
3 10820 10821 11071
3 10820 11071 11070
3 11069 11071 10821
3 10822 11070 10866
3 10823 10824 11072
3 10823 11072 11067
3 10824 11054 11073
3 10824 11073 11072
3 10826 11074 10825
3 11055 10825 11074
3 11075 10826 10838
3 10826 11075 11074
3 10833 10827 11076
3 10827 10828 11077
3 10827 11077 11076
3 10828 10831 11078
3 10828 11078 11077
3 11079 10829 10832
3 10829 11079 11080
3 10829 11080 10830
3 11081 10831 10830
3 11081 10830 11080
3 11082 11078 10831
3 11082 10831 11081
3 11079 10832 11083
3 10836 11083 10832
3 10833 11084 10834
3 11084 10833 11076
3 11084 11085 10834
3 10835 10834 11085
3 11086 10835 11085
3 10835 11086 10838
3 11087 10836 10837
3 10836 11087 11083
3 11087 10837 11088
3 10840 11088 10837
3 11086 11089 10838
3 11075 10838 11089
3 10840 10839 11090
3 10935 11090 10839
3 11091 10840 11090
3 10840 11091 11088
3 11092 10842 10841
3 11092 10841 10866
3 10842 11092 11093
3 10842 11093 10843
3 11094 10844 10843
3 11094 10843 11093
3 10844 11094 11095
3 10844 11095 10845
3 11096 10846 10845
3 11096 10845 11095
3 10846 11096 11097
3 10846 11097 10847
3 11098 10865 10847
3 11098 10847 11097
3 10848 10849 11099
3 10848 11099 10861
3 10849 10850 11100
3 10849 11100 11099
3 10850 10865 11101
3 10850 11101 11100
3 11102 10851 10852
3 11102 10864 10851
3 10853 11103 10852
3 11102 10852 11103
3 11104 10853 10854
3 10853 11104 11103
3 11104 10854 11105
3 10860 11105 10854
3 11106 10857 10856
3 11107 11106 10856
3 11107 10856 10855
3 11108 11107 10855
3 11108 10855 10861
3 11106 11109 10857
3 11109 10858 10857
3 11110 10859 10858
3 11109 11110 10858
3 11110 11111 10859
3 10860 10859 11111
3 10860 11111 11112
3 10860 11112 11105
3 11113 11108 10861
3 11113 10861 11099
3 11114 10867 10862
3 10863 11114 10862
3 10863 10864 11115
3 11114 10863 11115
3 11116 11115 10864
3 11102 11116 10864
3 10865 11098 11117
3 10865 11117 11101
3 11118 11092 10866
3 11118 10866 11070
3 11119 10869 10867
3 11114 11119 10867
3 11120 10914 10868
3 11120 10868 10869
3 11119 11120 10869
3 10872 10999 10871
3 11000 10872 10879
3 10872 11000 10999
3 10873 11005 11004
3 10873 11004 10878
3 10873 10875 11006
3 10873 11006 11005
3 11121 11007 10874
3 10874 10883 11121
3 10874 11007 11006
3 10874 11006 10875
3 10878 11003 10876
3 10877 10876 11003
3 10877 11003 11002
3 10877 11002 11001
3 10877 11001 10879
3 10878 11004 11003
3 11000 10879 11001
3 10881 11122 10880
3 10882 10880 11123
3 11122 11123 10880
3 10881 10884 11124
3 10881 11124 11122
3 11125 10882 11123
3 10882 11125 10883
3 11125 11121 10883
3 10884 10885 11126
3 10884 11126 11124
3 10885 10886 11127
3 10885 11127 11126
3 10886 10887 11128
3 10886 11128 11127
3 10888 11129 11128
3 10888 11128 10887
3 10888 10889 11130
3 10888 11130 11129
3 10889 10890 11131
3 10889 11131 11130
3 10890 10891 11132
3 10890 11132 11131
3 10891 10896 11133
3 10891 11133 11132
3 10892 10916 11134
3 10892 11134 10893
3 10893 11134 11135
3 10893 11135 10894
3 10894 11135 11136
3 10894 11136 10895
3 11137 10897 10895
3 11137 10895 11136
3 10896 10897 11138
3 10896 11138 11133
3 10897 11137 11139
3 10897 11139 11138
3 10901 11140 10899
3 10898 10899 11140
3 10898 11140 11141
3 10898 11141 11142
3 10898 11142 10900
3 10902 10900 11142
3 10901 10907 11143
3 10901 11143 11144
3 10901 11144 11140
3 10902 11145 11146
3 10902 11146 10903
3 10902 11142 11145
3 10904 10903 11146
3 10904 11146 11147
3 10904 11147 11148
3 10904 11148 10906
3 10905 10906 11148
3 10905 11148 11149
3 10905 11149 11150
3 10905 11150 10908
3 10912 11143 10907
3 10909 10908 11150
3 10909 11150 11151
3 10909 11151 11152
3 10909 11152 10910
3 10911 10910 11152
3 10911 11152 11153
3 10911 11153 11154
3 10911 11154 10913
3 10912 10913 11154
3 10912 11154 11155
3 10912 11155 11143
3 10914 11120 11156
3 10914 11156 10915
3 11157 10917 10915
3 11157 10915 11156
3 10916 10917 11158
3 10916 11158 11134
3 10917 11157 11159
3 10917 11159 11158
3 11160 10932 10918
3 11160 10918 11161
3 10968 11161 10918
3 10920 11162 10919
3 10919 11163 11164
3 10919 11164 11165
3 11166 10921 10919
3 11166 10919 11165
3 11162 11163 10919
3 10920 10922 11167
3 11162 10920 11167
3 11166 10923 10921
3 10929 11168 10922
3 11168 11167 10922
3 11166 11169 10923
3 11169 10928 10923
3 10926 10924 11170
3 11171 11170 10924
3 11171 10924 10925
3 11171 10925 10928
3 10926 11170 11172
3 10927 10926 11172
3 10927 11172 11173
3 10930 10927 11173
3 11174 11175 10928
3 11169 11174 10928
3 11171 10928 11175
3 10929 10932 11176
3 11168 10929 11176
3 10930 11173 11177
3 10931 10930 11177
3 10931 11177 11178
3 10937 10931 11178
3 11179 11176 10932
3 11179 10932 11160
3 10933 10936 11180
3 10934 10933 11180
3 10934 11180 11181
3 11182 10935 10934
3 11182 10934 11181
3 10935 11182 11090
3 10937 11183 10936
3 11183 11180 10936
3 10937 11178 11184
3 11183 10937 11184
3 11185 11186 10938
3 11185 10938 10940
3 10939 10938 11186
3 10939 11186 11187
3 11187 10951 10939
3 11188 11185 10940
3 11188 10940 10941
3 11189 11188 10941
3 11189 10941 10942
3 11190 11189 10942
3 11190 10942 10943
3 11191 11190 10943
3 11191 10943 10944
3 10944 11192 11193
3 10944 11193 11191
3 10944 10945 11192
3 11194 11192 10945
3 11194 10945 10946
3 10946 10950 11194
3 11195 10950 10947
3 11195 10947 11196
3 11196 10947 10948
3 11196 10948 11197
3 10949 11197 10948
3 10949 10973 11197
3 11198 11194 10950
3 11198 10950 11195
3 10952 10951 11199
3 11187 11199 10951
3 10952 11200 11201
3 10952 11201 10953
3 10952 11199 11200
3 11202 10954 10953
3 11202 10953 11201
3 10954 11202 11203
3 10954 11203 10955
3 11204 10956 10955
3 11204 10955 11203
3 10956 11204 11205
3 10956 11205 10957
3 11206 10958 10957
3 11206 10957 11205
3 10958 11206 11207
3 10958 11207 10971
3 10959 10961 11208
3 10959 11208 11209
3 10960 10959 11209
3 10960 11209 11210
3 10967 10960 11210
3 10961 10962 11211
3 10961 11211 11208
3 10962 10963 11212
3 10962 11212 11211
3 10963 10964 11213
3 10963 11213 11212
3 10964 10965 11214
3 10964 11214 11213
3 10965 10966 11215
3 10965 11215 11214
3 10966 10972 11216
3 10966 11216 11215
3 10967 11210 11217
3 10967 11217 11218
3 10967 11218 10970
3 10968 11219 11220
3 10968 11220 11161
3 10968 10969 11219
3 11221 11219 10969
3 10970 11221 10969
3 10970 11218 11222
3 10970 11222 11221
3 11223 10972 10971
3 11223 10971 11207
3 10972 11223 11224
3 10972 11224 11216
3 10973 10974 11225
3 10973 11225 11197
3 10974 10978 11226
3 10974 11226 11225
3 11227 10976 10975
3 11227 10975 10993
3 10976 11227 11228
3 10976 11228 10977
3 11229 10981 10977
3 11229 10977 11228
3 10978 10979 11230
3 10978 11230 11226
3 10979 10980 11231
3 10979 11231 11230
3 10980 10981 11232
3 10980 11232 11231
3 10981 11229 11233
3 10981 11233 11232
3 10996 11234 10982
3 10983 10982 11234
3 10984 10983 11235
3 10983 11234 11235
3 10984 11235 11236
3 10985 10984 11236
3 10985 11236 11237
3 11237 10992 10985
3 11238 10986 10989
3 10986 11238 11239
3 10986 11239 10987
3 11240 10988 10987
3 11240 10987 11239
3 10988 11240 11241
3 10988 11241 10993
3 11238 10989 11242
3 10990 11242 10989
3 11243 10990 10991
3 10990 11243 11242
3 11243 10991 11244
3 11245 11244 10991
3 11245 10991 10992
3 11237 11245 10992
3 11246 11227 10993
3 11246 10993 11241
3 10997 11247 10994
3 10995 10994 11247
3 11248 10995 11247
3 10995 11248 10996
3 11248 11249 10996
3 10996 11249 11234
3 11250 10997 10998
3 10997 11250 11247
3 11250 10998 11029
3 11007 11251 11008
3 11121 11251 11007
3 11028 11008 11251
3 11009 11010 11252
3 11009 11252 11031
3 11010 11011 11253
3 11010 11253 11252
3 11011 11012 11254
3 11011 11254 11253
3 11012 11013 11255
3 11012 11255 11254
3 11013 11022 11256
3 11013 11256 11255
3 11257 11014 11023
3 11257 11015 11014
3 11257 11258 11015
3 11016 11015 11258
3 11016 11259 11260
3 11016 11260 11017
3 11016 11258 11259
3 11261 11018 11017
3 11261 11017 11260
3 11018 11261 11262
3 11018 11262 11019
3 11263 11020 11019
3 11263 11019 11262
3 11020 11263 11264
3 11020 11264 11021
3 11265 11022 11021
3 11265 11021 11264
3 11022 11265 11266
3 11022 11266 11256
3 11257 11023 11267
3 11024 11267 11023
3 11024 11268 11267
3 11268 11024 11025
3 11268 11025 11269
3 11026 11269 11025
3 11026 11027 11270
3 11026 11270 11269
3 11028 11271 11027
3 11270 11027 11271
3 11028 11251 11272
3 11271 11028 11272
3 11273 11250 11029
3 11273 11029 11030
3 11274 11273 11030
3 11274 11030 11031
3 11275 11274 11031
3 11275 11031 11252
3 11276 11047 11032
3 11276 11032 11033
3 11276 11033 11277
3 11278 11277 11033
3 11278 11033 11034
3 11278 11034 11035
3 11278 11035 11279
3 11280 11279 11035
3 11280 11035 11036
3 11280 11036 11038
3 11281 11282 11038
3 11281 11038 11037
3 11280 11038 11282
3 11281 11037 11039
3 11281 11039 11283
3 11284 11283 11039
3 11284 11039 11040
3 11284 11040 11041
3 11284 11041 11285
3 11286 11285 11041
3 11286 11041 11042
3 11286 11042 11043
3 11286 11043 11287
3 11288 11287 11043
3 11288 11043 11044
3 11288 11044 11045
3 11288 11045 11289
3 11290 11289 11045
3 11290 11045 11046
3 11290 11046 11047
3 11290 11047 11291
3 11276 11291 11047
3 11048 11292 11293
3 11048 11293 11049
3 11292 11048 11056
3 11294 11050 11049
3 11294 11049 11293
3 11050 11294 11295
3 11050 11295 11051
3 11296 11052 11051
3 11296 11051 11295
3 11052 11296 11297
3 11052 11297 11053
3 11298 11054 11053
3 11298 11053 11297
3 11054 11298 11299
3 11054 11299 11073
3 11300 11055 11074
3 11055 11300 11056
3 11300 11301 11056
3 11292 11056 11301
3 11057 11302 11303
3 11057 11303 11062
3 11302 11057 11058
3 11302 11058 11304
3 11305 11304 11058
3 11305 11058 11059
3 11059 11060 11306
3 11059 11306 11305
3 11307 11306 11060
3 11307 11060 11061
3 11061 11066 11308
3 11061 11308 11307
3 11309 11063 11062
3 11309 11062 11303
3 11063 11309 11310
3 11063 11310 11064
3 11311 11065 11064
3 11311 11064 11310
3 11065 11311 11312
3 11065 11312 11068
3 11313 11308 11066
3 11313 11066 11067
3 11067 11072 11314
3 11067 11314 11313
3 11315 11069 11068
3 11315 11068 11312
3 11315 11316 11069
3 11069 11316 11071
3 11071 11316 11317
3 11071 11317 11318
3 11318 11070 11071
3 11318 11118 11070
3 11319 11314 11072
3 11319 11072 11073
3 11320 11319 11073
3 11320 11073 11299
3 11075 11321 11074
3 11300 11074 11321
3 11075 11089 11322
3 11075 11322 11323
3 11075 11323 11321
3 11084 11076 11324
3 11076 11325 11326
3 11076 11326 11327
3 11328 11325 11076
3 11328 11076 11077
3 11327 11324 11076
3 11328 11077 11078
3 11328 11078 11329
3 11082 11329 11078
3 11330 11079 11083
3 11079 11330 11331
3 11079 11331 11080
3 11080 11331 11332
3 11080 11332 11081
3 11082 11081 11332
3 11333 11082 11334
3 11082 11333 11329
3 11082 11332 11334
3 11330 11083 11335
3 11087 11335 11083
3 11084 11336 11085
3 11336 11084 11324
3 11086 11085 11337
3 11336 11337 11085
3 11338 11086 11337
3 11086 11338 11089
3 11339 11087 11088
3 11087 11339 11335
3 11339 11088 11340
3 11091 11340 11088
3 11341 11322 11089
3 11341 11089 11338
3 11091 11090 11342
3 11182 11342 11090
3 11343 11091 11342
3 11091 11343 11340
3 11092 11118 11344
3 11092 11344 11093
3 11345 11094 11093
3 11345 11093 11344
3 11094 11345 11346
3 11094 11346 11095
3 11347 11096 11095
3 11347 11095 11346
3 11096 11347 11348
3 11096 11348 11097
3 11349 11098 11097
3 11349 11097 11348
3 11098 11349 11350
3 11098 11350 11117
3 11351 11113 11099
3 11351 11099 11100
3 11352 11351 11100
3 11352 11100 11101
3 11353 11352 11101
3 11353 11101 11117
3 11354 11102 11103
3 11354 11116 11102
3 11104 11355 11103
3 11354 11103 11355
3 11356 11104 11105
3 11104 11356 11355
3 11356 11105 11357
3 11357 11105 11112
3 11106 11107 11358
3 11106 11358 11359
3 11109 11106 11359
3 11107 11108 11360
3 11107 11360 11358
3 11108 11113 11361
3 11108 11361 11360
3 11109 11359 11362
3 11110 11109 11362
3 11110 11362 11363
3 11111 11110 11363
3 11111 11363 11364
3 11111 11364 11365
3 11111 11365 11112
3 11357 11112 11365
3 11113 11351 11366
3 11113 11366 11361
3 11119 11114 11367
3 11114 11115 11367
3 11368 11367 11115
3 11116 11368 11115
3 11368 11116 11369
3 11354 11369 11116
3 11370 11353 11117
3 11370 11117 11350
3 11371 11344 11118
3 11371 11118 11318
3 11119 11367 11372
3 11120 11119 11372
3 11120 11372 11156
3 11373 11251 11121
3 11125 11373 11121
3 11122 11124 11374
3 11122 11374 11375
3 11122 11375 11123
3 11125 11123 11376
3 11375 11376 11123
3 11377 11374 11124
3 11377 11124 11126
3 11373 11125 11376
3 11378 11377 11126
3 11378 11126 11127
3 11379 11378 11127
3 11379 11127 11128
3 11379 11128 11129
3 11379 11129 11380
3 11381 11380 11129
3 11381 11129 11130
3 11382 11381 11130
3 11382 11130 11131
3 11383 11382 11131
3 11383 11131 11132
3 11384 11383 11132
3 11384 11132 11133
3 11385 11384 11133
3 11385 11133 11138
3 11386 11135 11134
3 11386 11134 11158
3 11135 11386 11387
3 11135 11387 11136
3 11388 11137 11136
3 11388 11136 11387
3 11137 11388 11389
3 11137 11389 11139
3 11390 11385 11138
3 11390 11138 11139
3 11391 11390 11139
3 11391 11139 11389
3 11392 11140 11144
3 11392 11141 11140
3 11392 11393 11141
3 11394 11142 11141
3 11394 11141 11393
3 11394 11145 11142
3 11395 11143 11155
3 11395 11144 11143
3 11395 11396 11144
3 11392 11144 11396
3 11397 11146 11145
3 11397 11147 11146
3 11397 11145 11398
3 11394 11398 11145
3 11397 11399 11147
3 11400 11148 11147
3 11400 11147 11399
3 11400 11149 11148
3 11400 11401 11149
3 11402 11150 11149
3 11402 11149 11401
3 11402 11151 11150
3 11402 11403 11151
3 11404 11152 11151
3 11404 11151 11403
3 11404 11153 11152
3 11404 11405 11153
3 11406 11154 11153
3 11406 11153 11405
3 11406 11155 11154
3 11406 11407 11155
3 11395 11155 11407
3 11408 11157 11156
3 11408 11156 11372
3 11157 11408 11409
3 11157 11409 11159
3 11410 11386 11158
3 11410 11158 11159
3 11411 11410 11159
3 11411 11159 11409
3 11160 11161 11220
3 11160 11220 11412
3 11160 11412 11413
3 11160 11413 11179
3 11162 11167 11414
3 11162 11415 11163
3 11415 11162 11414
3 11416 11164 11163
3 11416 11163 11417
3 11415 11417 11163
3 11164 11416 11418
3 11164 11418 11165
3 11169 11166 11165
3 11169 11165 11418
3 11419 11414 11167
3 11168 11419 11167
3 11168 11176 11420
3 11168 11420 11421
3 11168 11421 11419
3 11174 11169 11418
3 11422 11423 11170
3 11422 11170 11171
3 11423 11172 11170
3 11422 11171 11175
3 11424 11173 11172
3 11423 11424 11172
3 11424 11425 11173
3 11425 11177 11173
3 11422 11175 11426
3 11174 11427 11175
3 11427 11426 11175
3 11174 11418 11428
3 11427 11174 11428
3 11429 11420 11176
3 11429 11176 11179
3 11430 11178 11177
3 11425 11430 11177
3 11430 11431 11178
3 11431 11184 11178
3 11179 11413 11432
3 11179 11432 11429
3 11433 11181 11180
3 11183 11433 11180
3 11433 11434 11181
3 11435 11182 11181
3 11435 11181 11434
3 11182 11435 11342
3 11183 11184 11436
3 11433 11183 11436
3 11437 11436 11184
3 11431 11437 11184
3 11188 11438 11185
3 11185 11438 11439
3 11185 11439 11186
3 11187 11186 11439
3 11187 11439 11440
3 11440 11199 11187
3 11188 11441 11438
3 11189 11441 11188
3 11190 11442 11189
3 11189 11442 11441
3 11190 11443 11442
3 11191 11443 11190
3 11191 11444 11443
3 11444 11191 11193
3 11445 11192 11194
3 11446 11193 11192
3 11446 11192 11447
3 11447 11192 11445
3 11444 11193 11448
3 11446 11448 11193
3 11445 11194 11198
3 11195 11196 11449
3 11195 11449 11450
3 11198 11195 11450
3 11196 11197 11225
3 11196 11225 11449
3 11198 11450 11445
3 11200 11199 11451
3 11440 11451 11199
3 11452 11453 11201
3 11452 11201 11200
3 11454 11202 11201
3 11454 11201 11453
3 11200 11451 11452
3 11202 11454 11455
3 11202 11455 11203
3 11456 11204 11203
3 11456 11203 11455
3 11456 11205 11204
3 11456 11457 11205
3 11206 11205 11457
3 11206 11457 11458
3 11206 11458 11459
3 11206 11459 11207
3 11460 11223 11207
3 11460 11207 11459
3 11461 11462 11208
3 11461 11208 11211
3 11462 11209 11208
3 11463 11210 11209
3 11462 11463 11209
3 11464 11217 11210
3 11464 11210 11465
3 11463 11465 11210
3 11466 11461 11211
3 11466 11211 11212
3 11467 11466 11212
3 11467 11212 11213
3 11468 11467 11213
3 11468 11213 11214
3 11469 11468 11214
3 11469 11214 11215
3 11470 11469 11215
3 11470 11215 11216
3 11471 11470 11216
3 11471 11216 11224
3 11472 11222 11218
3 11473 11472 11218
3 11473 11218 11474
3 11474 11218 11217
3 11474 11217 11464
3 11475 11219 11476
3 11220 11219 11475
3 11221 11476 11219
3 11220 11475 11477
3 11477 11412 11220
3 11476 11221 11222
3 11478 11479 11222
3 11472 11478 11222
3 11476 11222 11479
3 11223 11460 11480
3 11223 11480 11224
3 11481 11471 11224
3 11481 11224 11480
3 11226 11449 11225
3 11226 11482 11449
3 11226 11230 11483
3 11226 11483 11482
3 11227 11246 11484
3 11227 11484 11228
3 11485 11229 11228
3 11485 11228 11484
3 11229 11485 11486
3 11229 11486 11233
3 11487 11483 11230
3 11487 11230 11231
3 11231 11232 11488
3 11231 11488 11487
3 11489 11488 11232
3 11489 11232 11233
3 11233 11486 11490
3 11233 11490 11489
3 11491 11235 11234
3 11492 11491 11234
3 11492 11234 11249
3 11491 11493 11235
3 11493 11236 11235
3 11494 11237 11236
3 11493 11494 11236
3 11494 11495 11237
3 11495 11245 11237
3 11238 11496 11497
3 11238 11497 11239
3 11496 11238 11242
3 11498 11240 11239
3 11498 11239 11497
3 11499 11241 11240
3 11499 11240 11498
3 11500 11246 11241
3 11500 11241 11499
3 11496 11242 11501
3 11243 11501 11242
3 11243 11502 11501
3 11502 11243 11244
3 11502 11244 11503
3 11503 11244 11245
3 11503 11245 11504
3 11495 11504 11245
3 11246 11500 11505
3 11246 11505 11484
3 11250 11506 11247
3 11248 11247 11506
3 11507 11248 11506
3 11248 11507 11249
3 11507 11492 11249
3 11250 11273 11506
3 11373 11272 11251
3 11508 11275 11252
3 11508 11252 11253
3 11509 11508 11253
3 11509 11253 11254
3 11510 11509 11254
3 11510 11254 11255
3 11511 11510 11255
3 11511 11255 11256
3 11512 11511 11256
3 11512 11256 11266
3 11513 11257 11267
3 11513 11258 11257
3 11513 11514 11258
3 11259 11258 11514
3 11259 11514 11515
3 11515 11260 11259
3 11515 11516 11260
3 11261 11260 11516
3 11261 11516 11517
3 11517 11262 11261
3 11263 11262 11518
3 11517 11518 11262
3 11263 11518 11519
3 11519 11264 11263
3 11265 11264 11520
3 11519 11520 11264
3 11265 11520 11521
3 11521 11266 11265
3 11521 11522 11266
3 11512 11266 11522
3 11513 11267 11523
3 11268 11523 11267
3 11268 11524 11523
3 11524 11268 11269
3 11524 11269 11525
3 11526 11525 11269
3 11526 11269 11270
3 11270 11271 11526
3 11271 11272 11527
3 11526 11271 11527
3 11272 11373 11528
3 11272 11528 11527
3 11273 11274 11529
3 11273 11529 11506
3 11274 11275 11530
3 11274 11530 11529
3 11275 11508 11531
3 11275 11531 11530
3 11277 11291 11276
3 11277 11532 11291
3 11279 11532 11277
3 11279 11277 11278
3 11282 11532 11279
3 11282 11279 11280
3 11283 11282 11281
3 11283 11532 11282
3 11285 11532 11283
3 11285 11283 11284
3 11287 11532 11285
3 11287 11285 11286
3 11289 11532 11287
3 11289 11287 11288
3 11291 11532 11289
3 11291 11289 11290
3 11292 11533 11534
3 11292 11534 11293
3 11533 11292 11301
3 11535 11294 11293
3 11535 11293 11534
3 11294 11535 11536
3 11294 11536 11295
3 11537 11296 11295
3 11537 11295 11536
3 11296 11537 11538
3 11296 11538 11297
3 11539 11298 11297
3 11539 11297 11538
3 11298 11539 11540
3 11298 11540 11299
3 11541 11320 11299
3 11541 11299 11540
3 11542 11300 11321
3 11300 11542 11301
3 11542 11543 11301
3 11533 11301 11543
3 11544 11309 11303
3 11544 11303 11545
3 11302 11545 11303
3 11302 11546 11545
3 11546 11302 11304
3 11546 11304 11547
3 11548 11547 11304
3 11548 11304 11305
3 11305 11306 11549
3 11305 11549 11548
3 11550 11549 11306
3 11550 11306 11307
3 11307 11308 11551
3 11307 11551 11550
3 11552 11551 11308
3 11552 11308 11313
3 11309 11544 11553
3 11309 11553 11310
3 11554 11311 11310
3 11554 11310 11553
3 11311 11554 11555
3 11311 11555 11312
3 11312 11555 11556
3 11312 11556 11315
3 11313 11314 11557
3 11313 11557 11552
3 11314 11319 11558
3 11314 11558 11557
3 11315 11559 11316
3 11559 11315 11556
3 11560 11317 11316
3 11560 11316 11559
3 11371 11318 11317
3 11371 11317 11561
3 11560 11561 11317
3 11319 11320 11562
3 11319 11562 11558
3 11563 11562 11320
3 11563 11320 11541
3 11564 11565 11321
3 11564 11321 11323
3 11542 11321 11565
3 11564 11323 11322
3 11564 11322 11566
3 11567 11566 11322
3 11567 11322 11341
3 11336 11324 11568
3 11569 11568 11324
3 11327 11569 11324
3 11326 11325 11570
3 11329 11570 11325
3 11329 11325 11328
3 11326 11570 11571
3 11571 11327 11326
3 11571 11572 11327
3 11569 11327 11572
3 11333 11570 11329
3 11573 11330 11335
3 11330 11573 11574
3 11330 11574 11331
3 11575 11332 11331
3 11575 11331 11574
3 11575 11334 11332
3 11575 11576 11334
3 11333 11334 11577
3 11576 11577 11334
3 11578 11333 11577
3 11333 11578 11570
3 11573 11335 11579
3 11339 11579 11335
3 11580 11336 11568
3 11336 11580 11337
3 11338 11337 11581
3 11582 11581 11337
3 11582 11337 11580
3 11338 11581 11583
3 11338 11583 11341
3 11584 11339 11340
3 11339 11584 11579
3 11584 11340 11585
3 11343 11585 11340
3 11341 11583 11586
3 11341 11586 11567
3 11343 11342 11587
3 11435 11587 11342
3 11588 11343 11587
3 11343 11588 11585
3 11589 11345 11344
3 11589 11344 11371
3 11589 11346 11345
3 11589 11590 11346
3 11590 11347 11346
3 11591 11348 11347
3 11591 11347 11592
3 11590 11592 11347
3 11593 11349 11348
3 11593 11348 11591
3 11594 11350 11349
3 11594 11349 11593
3 11595 11370 11350
3 11595 11350 11594
3 11351 11352 11596
3 11351 11596 11366
3 11352 11353 11597
3 11352 11597 11596
3 11353 11370 11598
3 11353 11598 11597
3 11354 11599 11600
3 11354 11600 11369
3 11599 11354 11355
3 11599 11355 11601
3 11356 11601 11355
3 11356 11602 11601
3 11602 11356 11357
3 11602 11357 11603
3 11365 11603 11357
3 11604 11359 11358
3 11605 11604 11358
3 11605 11358 11360
3 11606 11362 11359
3 11604 11606 11359
3 11360 11361 11607
3 11360 11607 11605
3 11608 11607 11361
3 11608 11361 11366
3 11606 11609 11362
3 11609 11363 11362
3 11610 11364 11363
3 11609 11610 11363
3 11610 11611 11364
3 11365 11364 11611
3 11365 11612 11603
3 11365 11611 11612
3 11613 11608 11366
3 11613 11366 11596
3 11614 11372 11367
3 11368 11614 11367
3 11368 11369 11615
3 11614 11368 11615
3 11600 11615 11369
3 11616 11598 11370
3 11616 11370 11595
3 11371 11561 11617
3 11371 11617 11589
3 11614 11408 11372
3 11373 11376 11528
3 11374 11377 11618
3 11374 11618 11619
3 11375 11374 11619
3 11375 11619 11620
3 11375 11620 11376
3 11528 11376 11620
3 11377 11378 11621
3 11377 11621 11618
3 11378 11379 11622
3 11378 11622 11621
3 11380 11622 11379
3 11380 11623 11622
3 11381 11623 11380
3 11381 11382 11624
3 11381 11624 11625
3 11381 11625 11623
3 11382 11383 11626
3 11382 11626 11624
3 11383 11384 11627
3 11383 11627 11626
3 11384 11385 11628
3 11384 11628 11627
3 11385 11390 11629
3 11385 11629 11628
3 11386 11410 11630
3 11386 11630 11387
3 11631 11388 11387
3 11631 11387 11630
3 11388 11631 11632
3 11388 11632 11389
3 11633 11391 11389
3 11633 11389 11632
3 11390 11391 11634
3 11390 11634 11629
3 11391 11633 11635
3 11391 11635 11634
3 11393 11392 11396
3 11393 11396 11636
3 11398 11394 11393
3 11398 11393 11636
3 11396 11395 11407
3 11396 11407 11636
3 11399 11397 11398
3 11399 11398 11636
3 11401 11400 11399
3 11401 11399 11636
3 11403 11402 11401
3 11403 11401 11636
3 11405 11404 11403
3 11405 11403 11636
3 11407 11406 11405
3 11407 11405 11636
3 11408 11614 11637
3 11408 11637 11409
3 11638 11411 11409
3 11638 11409 11637
3 11410 11411 11639
3 11410 11639 11630
3 11411 11638 11640
3 11411 11640 11639
3 11641 11413 11412
3 11641 11412 11642
3 11643 11642 11412
3 11477 11643 11412
3 11644 11432 11413
3 11644 11413 11641
3 11419 11645 11414
3 11645 11646 11414
3 11415 11414 11646
3 11415 11647 11417
3 11647 11415 11646
3 11648 11418 11416
3 11648 11416 11417
3 11647 11649 11417
3 11648 11417 11649
3 11648 11428 11418
3 11419 11421 11650
3 11419 11650 11645
3 11651 11650 11421
3 11651 11421 11420
3 11651 11420 11429
3 11426 11652 11422
3 11423 11422 11652
3 11423 11652 11653
3 11424 11423 11653
3 11424 11653 11654
3 11425 11424 11654
3 11425 11654 11655
3 11430 11425 11655
3 11426 11656 11652
3 11657 11656 11426
3 11427 11657 11426
3 11427 11428 11658
3 11657 11427 11658
3 11648 11658 11428
3 11651 11429 11432
3 11430 11655 11659
3 11431 11430 11659
3 11431 11659 11660
3 11437 11431 11660
3 11651 11432 11661
3 11661 11432 11644
3 11433 11436 11662
3 11434 11433 11662
3 11434 11662 11663
3 11664 11435 11434
3 11664 11434 11663
3 11435 11664 11587
3 11437 11665 11436
3 11665 11662 11436
3 11437 11660 11666
3 11665 11437 11666
3 11438 11667 11668
3 11438 11668 11439
3 11667 11438 11441
3 11669 11440 11439
3 11669 11439 11668
3 11669 11451 11440
3 11667 11441 11670
3 11442 11670 11441
3 11442 11671 11670
3 11671 11442 11443
3 11671 11443 11672
3 11444 11672 11443
3 11444 11673 11672
3 11673 11444 11448
3 11447 11445 11674
3 11674 11445 11450
3 11675 11676 11446
3 11446 11676 11448
3 11675 11446 11447
3 11675 11447 11677
3 11674 11677 11447
3 11673 11448 11678
3 11676 11678 11448
3 11679 11450 11449
3 11679 11449 11482
3 11674 11450 11679
3 11669 11680 11451
3 11680 11452 11451
3 11681 11453 11452
3 11680 11681 11452
3 11681 11682 11453
3 11682 11454 11453
3 11683 11455 11454
3 11682 11683 11454
3 11683 11684 11455
3 11684 11456 11455
3 11685 11457 11456
3 11684 11685 11456
3 11685 11686 11457
3 11686 11458 11457
3 11687 11460 11459
3 11687 11459 11458
3 11686 11687 11458
3 11460 11687 11688
3 11460 11688 11480
3 11461 11466 11689
3 11461 11689 11690
3 11462 11461 11690
3 11462 11690 11691
3 11462 11691 11692
3 11462 11692 11463
3 11465 11463 11692
3 11464 11465 11693
3 11464 11693 11474
3 11465 11692 11693
3 11466 11467 11694
3 11466 11694 11689
3 11467 11468 11695
3 11467 11695 11694
3 11468 11469 11696
3 11468 11696 11695
3 11469 11470 11697
3 11469 11697 11696
3 11470 11471 11698
3 11470 11698 11697
3 11471 11481 11699
3 11471 11699 11698
3 11472 11700 11701
3 11472 11701 11478
3 11473 11700 11472
3 11473 11702 11700
3 11474 11703 11473
3 11702 11473 11703
3 11474 11693 11703
3 11475 11704 11705
3 11475 11705 11706
3 11475 11476 11704
3 11643 11477 11475
3 11643 11475 11706
3 11704 11476 11479
3 11478 11701 11707
3 11478 11707 11708
3 11478 11708 11479
3 11709 11710 11479
3 11709 11479 11708
3 11704 11479 11710
3 11711 11481 11480
3 11711 11480 11688
3 11481 11711 11712
3 11481 11712 11699
3 11482 11483 11713
3 11482 11713 11679
3 11487 11713 11483
3 11714 11485 11484
3 11714 11484 11505
3 11485 11714 11715
3 11485 11715 11486
3 11716 11490 11486
3 11716 11486 11715
3 11487 11717 11713
3 11717 11487 11488
3 11717 11488 11718
3 11489 11718 11488
3 11489 11719 11718
3 11489 11490 11720
3 11489 11720 11719
3 11721 11720 11490
3 11721 11490 11716
3 11491 11492 11722
3 11491 11722 11723
3 11493 11491 11723
3 11724 11722 11492
3 11724 11492 11725
3 11507 11725 11492
3 11493 11723 11726
3 11494 11493 11726
3 11494 11726 11727
3 11495 11494 11727
3 11495 11727 11728
3 11504 11495 11728
3 11496 11729 11730
3 11496 11730 11497
3 11729 11496 11501
3 11497 11730 11731
3 11497 11731 11498
3 11498 11731 11732
3 11498 11732 11499
3 11733 11500 11499
3 11733 11499 11732
3 11500 11733 11734
3 11500 11734 11505
3 11729 11501 11735
3 11502 11735 11501
3 11502 11736 11735
3 11736 11502 11503
3 11736 11503 11737
3 11504 11737 11503
3 11504 11728 11738
3 11504 11738 11737
3 11739 11714 11505
3 11739 11505 11734
3 11507 11506 11529
3 11725 11507 11529
3 11508 11509 11740
3 11508 11740 11531
3 11509 11510 11741
3 11509 11741 11740
3 11510 11511 11742
3 11510 11742 11741
3 11511 11512 11743
3 11511 11743 11742
3 11512 11522 11744
3 11744 11743 11512
3 11513 11523 11745
3 11513 11745 11746
3 11746 11514 11513
3 11746 11747 11514
3 11515 11514 11747
3 11515 11747 11748
3 11748 11516 11515
3 11748 11749 11516
3 11517 11516 11749
3 11517 11749 11750
3 11750 11518 11517
3 11519 11518 11751
3 11750 11751 11518
3 11519 11751 11752
3 11752 11520 11519
3 11521 11520 11753
3 11752 11753 11520
3 11521 11753 11754
3 11754 11522 11521
3 11754 11755 11522
3 11744 11522 11755
3 11524 11745 11523
3 11524 11756 11745
3 11756 11524 11525
3 11756 11525 11757
3 11758 11757 11525
3 11758 11525 11526
3 11526 11527 11758
3 11759 11758 11527
3 11759 11527 11528
3 11528 11620 11759
3 11725 11529 11530
3 11724 11725 11530
3 11724 11530 11531
3 11760 11724 11531
3 11760 11531 11740
3 11761 11535 11534
3 11761 11534 11762
3 11533 11762 11534
3 11533 11763 11762
3 11533 11543 11764
3 11533 11764 11763
3 11535 11761 11765
3 11535 11765 11536
3 11766 11537 11536
3 11766 11536 11765
3 11537 11766 11767
3 11537 11767 11538
3 11768 11539 11538
3 11768 11538 11767
3 11539 11768 11769
3 11539 11769 11540
3 11540 11769 11770
3 11540 11770 11541
3 11541 11770 11771
3 11541 11771 11563
3 11542 11772 11543
3 11772 11542 11565
3 11773 11764 11543
3 11773 11543 11772
3 11774 11544 11545
3 11544 11774 11775
3 11544 11775 11553
3 11546 11776 11545
3 11774 11545 11776
3 11546 11777 11776
3 11777 11546 11547
3 11777 11547 11778
3 11778 11547 11548
3 11778 11548 11779
3 11780 11779 11548
3 11780 11548 11549
3 11781 11780 11549
3 11781 11549 11550
3 11782 11781 11550
3 11782 11550 11551
3 11783 11782 11551
3 11783 11551 11552
3 11784 11783 11552
3 11784 11552 11557
3 11785 11554 11553
3 11785 11553 11775
3 11554 11785 11786
3 11554 11786 11555
3 11787 11556 11555
3 11787 11555 11786
3 11559 11556 11788
3 11556 11787 11789
3 11556 11789 11788
3 11790 11784 11557
3 11790 11557 11558
3 11558 11562 11791
3 11558 11791 11790
3 11559 11788 11792
3 11559 11792 11560
3 11560 11792 11561
3 11793 11617 11561
3 11793 11561 11792
3 11794 11791 11562
3 11794 11562 11563
3 11795 11794 11563
3 11795 11563 11771
3 11796 11565 11564
3 11796 11564 11797
3 11797 11564 11566
3 11798 11565 11796
3 11772 11565 11798
3 11799 11800 11566
3 11799 11566 11567
3 11800 11801 11566
3 11797 11566 11801
3 11567 11586 11802
3 11567 11802 11799
3 11580 11568 11803
3 11804 11803 11568
3 11569 11804 11568
3 11569 11572 11805
3 11804 11569 11805
3 11806 11571 11570
3 11806 11570 11578
3 11806 11572 11571
3 11807 11805 11572
3 11806 11807 11572
3 11808 11575 11574
3 11808 11574 11809
3 11573 11809 11574
3 11810 11573 11579
3 11573 11810 11809
3 11808 11576 11575
3 11808 11811 11576
3 11812 11576 11811
3 11576 11812 11577
3 11578 11577 11813
3 11812 11813 11577
3 11806 11578 11813
3 11810 11579 11814
3 11584 11814 11579
3 11580 11803 11815
3 11580 11815 11582
3 11816 11583 11581
3 11816 11581 11582
3 11816 11582 11815
3 11816 11586 11583
3 11817 11584 11585
3 11584 11817 11814
3 11817 11585 11818
3 11588 11818 11585
3 11816 11819 11586
3 11802 11586 11819
3 11588 11587 11820
3 11664 11820 11587
3 11821 11588 11820
3 11588 11821 11818
3 11590 11589 11617
3 11590 11617 11822
3 11590 11822 11823
3 11590 11823 11592
3 11592 11823 11824
3 11592 11824 11591
3 11593 11591 11824
3 11593 11824 11825
3 11594 11593 11825
3 11594 11825 11826
3 11595 11594 11826
3 11595 11826 11827
3 11595 11827 11828
3 11595 11828 11616
3 11829 11613 11596
3 11829 11596 11597
3 11830 11829 11597
3 11830 11597 11598
3 11831 11830 11598
3 11831 11598 11616
3 11599 11832 11833
3 11599 11833 11600
3 11832 11599 11601
3 11600 11833 11834
3 11600 11834 11835
3 11600 11835 11615
3 11832 11601 11836
3 11602 11836 11601
3 11602 11837 11836
3 11837 11602 11603
3 11837 11603 11838
3 11612 11838 11603
3 11606 11604 11839
3 11840 11839 11604
3 11840 11604 11605
3 11605 11607 11841
3 11605 11841 11840
3 11606 11839 11842
3 11609 11606 11842
3 11607 11608 11843
3 11607 11843 11841
3 11608 11613 11844
3 11608 11844 11843
3 11609 11842 11845
3 11610 11609 11845
3 11610 11845 11846
3 11611 11610 11846
3 11611 11846 11847
3 11612 11611 11847
3 11612 11848 11838
3 11612 11847 11848
3 11613 11829 11849
3 11613 11849 11844
3 11614 11615 11637
3 11835 11637 11615
3 11616 11828 11850
3 11616 11850 11831
3 11793 11822 11617
3 11851 11852 11619
3 11851 11619 11618
3 11759 11620 11619
3 11759 11619 11852
3 11853 11851 11618
3 11853 11618 11621
3 11854 11853 11621
3 11854 11621 11622
3 11854 11622 11623
3 11854 11623 11855
3 11855 11623 11625
3 11855 11625 11856
3 11856 11625 11624
3 11856 11624 11857
3 11857 11624 11626
3 11857 11626 11858
3 11858 11626 11627
3 11859 11627 11628
3 11858 11627 11859
3 11859 11628 11860
3 11860 11628 11629
3 11861 11629 11634
3 11860 11629 11861
3 11862 11631 11630
3 11862 11630 11639
3 11631 11862 11863
3 11631 11863 11632
3 11864 11633 11632
3 11864 11632 11863
3 11633 11864 11865
3 11633 11865 11635
3 11861 11634 11866
3 11866 11634 11635
3 11866 11635 11867
3 11867 11635 11865
3 11835 11638 11637
3 11638 11835 11834
3 11638 11834 11640
3 11868 11862 11639
3 11868 11639 11640
3 11869 11868 11640
3 11869 11640 11834
3 11642 11870 11641
3 11641 11870 11871
3 11641 11871 11644
3 11642 11872 11870
3 11873 11872 11642
3 11643 11873 11642
3 11873 11643 11706
3 11661 11644 11874
3 11874 11644 11871
3 11875 11645 11650
3 11645 11875 11646
3 11875 11876 11646
3 11647 11646 11876
3 11647 11877 11649
3 11877 11647 11876
3 11649 11878 11648
3 11648 11878 11658
3 11877 11879 11649
3 11649 11879 11878
3 11651 11880 11650
3 11875 11650 11881
3 11880 11881 11650
3 11661 11880 11651
3 11652 11882 11883
3 11652 11883 11653
3 11882 11652 11656
3 11883 11654 11653
3 11884 11655 11654
3 11883 11884 11654
3 11884 11885 11655
3 11885 11659 11655
3 11882 11656 11886
3 11887 11886 11656
3 11657 11887 11656
3 11657 11658 11888
3 11888 11887 11657
3 11878 11888 11658
3 11889 11660 11659
3 11885 11889 11659
3 11890 11666 11660
3 11890 11660 11891
3 11889 11891 11660
3 11661 11892 11880
3 11874 11892 11661
3 11893 11663 11662
3 11665 11893 11662
3 11893 11894 11663
3 11895 11664 11663
3 11895 11663 11894
3 11664 11895 11820
3 11665 11666 11896
3 11665 11896 11897
3 11665 11897 11893
3 11666 11890 11898
3 11666 11898 11896
3 11668 11899 11900
3 11668 11900 11669
3 11667 11899 11668
3 11667 11901 11899
3 11901 11667 11670
3 11680 11669 11900
3 11901 11670 11902
3 11671 11902 11670
3 11671 11903 11902
3 11903 11671 11672
3 11903 11672 11904
3 11673 11904 11672
3 11673 11905 11904
3 11905 11673 11678
3 11679 11906 11674
3 11674 11906 11677
3 11675 11907 11676
3 11908 11907 11675
3 11908 11675 11677
3 11676 11909 11678
3 11909 11676 11907
3 11910 11677 11906
3 11908 11677 11910
3 11905 11678 11911
3 11909 11911 11678
3 11679 11713 11906
3 11680 11900 11912
3 11681 11680 11912
3 11681 11912 11913
3 11682 11681 11913
3 11682 11913 11914
3 11683 11682 11914
3 11683 11914 11915
3 11684 11683 11915
3 11684 11915 11916
3 11685 11684 11916
3 11685 11916 11917
3 11686 11685 11917
3 11686 11917 11918
3 11687 11686 11918
3 11687 11918 11688
3 11919 11711 11688
3 11919 11688 11918
3 11920 11921 11689
3 11920 11689 11694
3 11690 11689 11921
3 11690 11921 11922
3 11690 11922 11923
3 11690 11923 11691
3 11924 11692 11691
3 11924 11691 11925
3 11923 11925 11691
3 11926 11693 11692
3 11926 11692 11924
3 11927 11703 11693
3 11927 11693 11926
3 11694 11695 11928
3 11694 11928 11920
3 11929 11928 11695
3 11929 11695 11696
3 11930 11929 11696
3 11930 11696 11697
3 11931 11930 11697
3 11931 11697 11698
3 11698 11699 11932
3 11698 11932 11931
3 11933 11932 11699
3 11933 11699 11712
3 11934 11701 11700
3 11934 11700 11935
3 11702 11935 11700
3 11701 11934 11936
3 11701 11936 11707
3 11702 11703 11937
3 11702 11938 11935
3 11938 11702 11937
3 11927 11937 11703
3 11939 11940 11706
3 11941 11939 11706
3 11941 11706 11705
3 11873 11706 11940
3 11942 11941 11705
3 11942 11705 11943
3 11704 11943 11705
3 11704 11710 11943
3 11942 11707 11944
3 11708 11707 11942
3 11945 11944 11707
3 11945 11707 11936
3 11708 11942 11709
3 11710 11709 11942
3 11710 11942 11943
3 11711 11919 11946
3 11711 11946 11712
3 11947 11933 11712
3 11947 11712 11946
3 11948 11906 11713
3 11948 11713 11717
3 11714 11739 11949
3 11714 11949 11715
3 11715 11949 11950
3 11715 11950 11716
3 11716 11950 11951
3 11716 11951 11721
3 11948 11717 11718
3 11719 11952 11718
3 11948 11718 11952
3 11719 11720 11953
3 11719 11953 11954
3 11719 11954 11952
3 11953 11720 11721
3 11953 11721 11955
3 11955 11721 11951
3 11956 11723 11722
3 11760 11956 11722
3 11760 11722 11724
3 11957 11726 11723
3 11956 11957 11723
3 11957 11958 11726
3 11958 11727 11726
3 11959 11728 11727
3 11958 11959 11727
3 11959 11960 11728
3 11960 11738 11728
3 11961 11729 11735
3 11961 11730 11729
3 11961 11962 11730
3 11963 11731 11730
3 11963 11730 11962
3 11731 11963 11964
3 11731 11964 11732
3 11965 11733 11732
3 11965 11732 11964
3 11733 11965 11966
3 11733 11966 11734
3 11967 11739 11734
3 11967 11734 11966
3 11961 11735 11968
3 11736 11968 11735
3 11736 11969 11968
3 11969 11736 11737
3 11969 11737 11970
3 11970 11737 11738
3 11970 11738 11971
3 11960 11971 11738
3 11972 11949 11739
3 11972 11739 11967
3 11973 11760 11740
3 11973 11740 11741
3 11974 11973 11741
3 11974 11741 11742
3 11974 11742 11743
3 11744 11975 11743
3 11976 11743 11975
3 11974 11743 11976
3 11744 11755 11977
3 11977 11975 11744
3 11854 11746 11745
3 11854 11745 11853
3 11851 11853 11745
3 11851 11745 11756
3 11855 11747 11746
3 11855 11746 11854
3 11856 11748 11747
3 11856 11747 11855
3 11857 11749 11748
3 11857 11748 11856
3 11858 11750 11749
3 11858 11749 11857
3 11859 11751 11750
3 11859 11750 11858
3 11860 11752 11751
3 11860 11751 11859
3 11861 11753 11752
3 11861 11752 11860
3 11866 11754 11753
3 11866 11753 11861
3 11867 11755 11754
3 11867 11754 11866
3 11978 11977 11755
3 11978 11755 11867
3 11852 11851 11756
3 11852 11756 11757
3 11852 11757 11758
3 11852 11758 11759
3 11973 11956 11760
3 11761 11979 11980
3 11761 11980 11765
3 11979 11761 11762
3 11981 11982 11762
3 11981 11762 11763
3 11979 11762 11982
3 11773 11983 11764
3 11984 11985 11764
3 11984 11764 11983
3 11985 11763 11764
3 11985 11981 11763
3 11986 11766 11765
3 11986 11765 11980
3 11766 11986 11987
3 11766 11987 11767
3 11988 11768 11767
3 11988 11767 11987
3 11768 11988 11989
3 11768 11989 11769
3 11990 11770 11769
3 11990 11769 11989
3 11991 11771 11770
3 11991 11770 11990
3 11992 11795 11771
3 11992 11771 11991
3 11773 11772 11798
3 11773 11993 11983
3 11993 11773 11994
3 11773 11798 11994
3 11785 11775 11995
3 11996 11995 11775
3 11996 11775 11774
3 11774 11776 11997
3 11774 11997 11996
3 11998 11997 11776
3 11998 11776 11777
3 11998 11777 11778
3 11998 11778 11999
3 11779 11999 11778
3 11780 12000 12001
3 11780 12001 11779
3 11780 11781 12002
3 11780 12002 12000
3 11779 12001 11999
3 11781 11782 12003
3 11781 12003 12002
3 11782 11783 12004
3 11782 12004 12003
3 11784 12004 11783
3 11784 12005 12004
3 11790 12005 11784
3 12006 11786 11785
3 11785 11995 12006
3 12006 12007 11786
3 11787 11786 12007
3 11787 12007 12008
3 12008 11789 11787
3 12009 12010 11788
3 12011 12009 11788
3 12011 11788 11789
3 11792 11788 12010
3 12008 12012 11789
3 12011 11789 12012
3 11790 11791 12013
3 11790 12013 12014
3 11790 12014 12005
3 11791 11794 12015
3 11791 12015 12013
3 11792 12010 11793
3 11793 12010 11822
3 11794 11795 12016
3 11794 12016 12015
3 11795 11992 12017
3 11795 12017 12016
3 11798 11796 12018
3 12019 12018 11796
3 12019 11796 12020
3 11801 12020 11796
3 11801 11796 11797
3 12018 11994 11798
3 12021 12022 11800
3 12021 11800 11799
3 11800 12023 11801
3 12023 11800 12022
3 11799 11802 12024
3 11799 12024 12021
3 12023 12020 11801
3 11802 11819 12025
3 12025 12024 11802
3 12026 11815 11803
3 11804 12026 11803
3 12026 11804 12027
3 11804 11805 12027
3 12028 12027 11805
3 11807 12028 11805
3 12029 11807 11806
3 11806 11813 12029
3 12028 11807 12030
3 12029 12030 11807
3 12031 11811 11808
3 12032 12031 11808
3 12032 11808 11809
3 11810 12032 11809
3 11810 12033 12032
3 12033 11810 11814
3 12031 12034 11811
3 12034 12035 11811
3 11812 11811 12035
3 12035 12036 11812
3 11812 12036 11813
3 12036 12029 11813
3 12033 11814 12037
3 11817 12037 11814
3 11816 11815 12038
3 12026 12039 11815
3 12039 12038 11815
3 12038 11819 11816
3 11817 12040 12037
3 12040 11817 11818
3 12041 12042 11818
3 12041 11818 11821
3 12040 11818 12042
3 12038 12043 11819
3 12025 11819 12043
3 11821 11820 12044
3 12045 12044 11820
3 12045 11820 11895
3 12046 12041 11821
3 12046 11821 12044
3 12047 11823 11822
3 12047 11822 12010
3 11823 12047 12048
3 11823 12048 11824
3 12049 11825 11824
3 12049 11824 12048
3 12049 11826 11825
3 12049 12050 11826
3 11827 11826 12050
3 12051 12052 11828
3 12051 11828 11827
3 11850 11828 12052
3 11827 12050 12051
3 11829 11830 12053
3 11829 12053 11849
3 12054 12053 11830
3 12054 11830 11831
3 11831 11850 12055
3 11831 12055 12054
3 12056 11832 11836
3 11832 12056 12057
3 11832 12057 11833
3 11869 11834 11833
3 11869 11833 12057
3 12056 11836 12058
3 11837 12058 11836
3 12059 11837 11838
3 11837 12059 12058
3 12059 11838 12060
3 11848 12060 11838
3 12061 11842 11839
3 12061 11839 12062
3 12063 12062 11839
3 12063 11839 11840
3 12064 12063 11840
3 12064 11840 11841
3 12065 12064 11841
3 12065 11841 11843
3 12061 11845 11842
3 12066 12065 11843
3 12066 11843 11844
3 12067 12066 11844
3 12067 11844 11849
3 12061 12068 11845
3 12068 11846 11845
3 12069 11847 11846
3 12068 12069 11846
3 12069 12070 11847
3 11848 11847 12070
3 11848 12070 12071
3 11848 12071 12060
3 11849 12053 12072
3 11849 12072 12067
3 12073 12055 11850
3 11850 12052 12073
3 11862 11868 12074
3 11862 12074 11863
3 12075 11864 11863
3 12075 11863 12074
3 11864 12075 12076
3 11864 12076 11865
3 11867 11865 11978
3 11978 11865 12076
3 11868 11869 12077
3 11868 12077 12074
3 12057 12077 11869
3 11874 11871 12078
3 12078 11871 12079
3 12079 11871 11870
3 12079 11870 12080
3 12081 12080 11870
3 12081 11870 11872
3 12082 12081 11872
3 12082 11872 12083
3 11873 12083 11872
3 12083 11873 11940
3 12078 12084 11874
3 11874 12084 11892
3 12085 11875 11881
3 11875 12085 11876
3 11877 11876 12086
3 12085 12086 11876
3 11877 12087 11879
3 12087 11877 12086
3 12088 11878 11879
3 11878 12088 11888
3 12088 11879 12089
3 12087 12089 11879
3 12090 11880 11892
3 11880 12090 11881
3 12085 11881 12091
3 12090 12091 11881
3 11884 11883 12092
3 11882 12092 11883
3 11882 12093 12092
3 12093 11882 11886
3 11884 12092 12094
3 11885 11884 12094
3 11885 12094 12095
3 11889 11885 12095
3 12093 11886 12096
3 12097 12096 11886
3 11887 12097 11886
3 12097 11887 12098
3 11888 12098 11887
3 12098 11888 12088
3 11889 12095 12099
3 11889 12099 12100
3 11889 12100 11891
3 11890 12101 12102
3 11890 12102 11898
3 12101 11890 11891
3 12101 11891 12100
3 12090 11892 12103
3 12104 12103 11892
3 12104 11892 12084
3 11893 11897 12105
3 11893 12105 11894
3 11895 11894 12105
3 11895 12105 12045
3 11897 11896 12106
3 12107 12106 11896
3 12107 11896 11898
3 12108 12105 11897
3 11897 12106 12108
3 11898 12102 12109
3 11898 12109 12107
3 12110 11900 11899
3 12110 11899 12111
3 11901 12111 11899
3 12110 11912 11900
3 11901 12112 12111
3 12112 11901 11902
3 12112 11902 12113
3 11903 12113 11902
3 11903 12114 12113
3 12114 11903 11904
3 12114 11904 12115
3 11905 12115 11904
3 11905 12116 12115
3 12116 11905 11911
3 11910 11906 11948
3 12117 12118 11907
3 11909 11907 12118
3 11908 12117 11907
3 11908 11910 12119
3 11908 12119 12120
3 12117 11908 12120
3 11909 12121 11911
3 12121 11909 12118
3 11910 11948 11952
3 11910 11952 12119
3 12116 11911 12122
3 12121 12122 11911
3 12110 12123 11912
3 12123 11913 11912
3 12124 11914 11913
3 12123 12124 11913
3 12124 12125 11914
3 12125 11915 11914
3 12126 11916 11915
3 12125 12126 11915
3 12126 12127 11916
3 12127 11917 11916
3 12128 11918 11917
3 12127 12128 11917
3 12128 11919 11918
3 11919 12128 12129
3 11919 12129 11946
3 11920 11928 12130
3 11920 12130 12131
3 12131 11921 11920
3 12131 12132 11921
3 11922 11921 12132
3 11922 12132 12133
3 12133 11923 11922
3 12133 12134 11923
3 11923 12135 11925
3 11923 12134 12136
3 11923 12136 12135
3 11924 11925 12137
3 11924 12137 11926
3 12138 12137 11925
3 12138 11925 12135
3 11926 12137 12139
3 11926 12139 11927
3 11927 12139 11937
3 11929 12130 11928
3 11930 12140 11929
3 11929 12140 12130
3 12141 12142 11930
3 12141 11930 11931
3 11930 12142 12140
3 11931 11932 12143
3 11931 12143 12141
3 11932 11933 12144
3 11932 12144 12143
3 11933 11947 12145
3 11933 12145 12144
3 11934 12146 12147
3 11934 12147 11936
3 12146 11934 11935
3 12146 11935 12148
3 11938 12148 11935
3 12149 11945 11936
3 12149 11936 12147
3 12150 11937 12139
3 11938 11937 12151
3 12150 12151 11937
3 11938 12151 12148
3 11939 12152 12153
3 11939 12153 12154
3 11939 12154 11940
3 11941 12152 11939
3 12154 12155 11940
3 12083 11940 12155
3 11942 11944 11941
3 11941 11944 12152
3 11944 11945 12156
3 11944 12156 12152
3 11945 12149 12157
3 11945 12157 12156
3 12158 11947 11946
3 12158 11946 12129
3 12158 12145 11947
3 11950 11949 11972
3 11950 11972 12159
3 12159 11951 11950
3 11955 11951 12160
3 12159 12161 11951
3 12160 11951 12161
3 12162 12119 11952
3 12162 11952 11954
3 11954 11953 12163
3 11955 12163 11953
3 11954 12163 12162
3 12160 12164 11955
3 11955 12164 12163
3 11957 11956 12165
3 11973 12165 11956
3 11957 12165 12166
3 11958 11957 12166
3 11958 12166 12167
3 11959 11958 12167
3 11959 12167 12168
3 11960 11959 12168
3 11960 12168 12169
3 11971 11960 12169
3 12170 11961 11968
3 12170 11962 11961
3 12170 12171 11962
3 12172 11963 11962
3 12172 11962 12171
3 11963 12172 12173
3 11963 12173 11964
3 12174 11965 11964
3 12174 11964 12173
3 11965 12174 12175
3 11965 12175 11966
3 11966 12175 12176
3 11966 12176 11967
3 11967 12176 12177
3 11967 12177 11972
3 12170 11968 12178
3 11969 12178 11968
3 11969 12179 12178
3 12179 11969 11970
3 12179 11970 12180
3 11971 12180 11970
3 11971 12169 12181
3 11971 12181 12180
3 12159 11972 12177
3 11974 12165 11973
3 11976 12182 11974
3 11974 12182 12165
3 11977 12183 11975
3 11976 11975 12184
3 12184 11975 12183
3 12184 12185 11976
3 11976 12185 12182
3 12186 12183 11977
3 12186 11977 11978
3 11978 12076 12186
3 12187 11986 11980
3 12187 11980 12188
3 12189 12188 11980
3 12189 11980 11979
3 12189 11979 11982
3 11981 11985 12190
3 11981 12190 11982
3 12189 11982 12190
3 12191 12192 11983
3 12191 11983 11993
3 11984 11983 12192
3 12193 12190 11985
3 12193 11985 11984
3 11984 12192 12194
3 12193 11984 12194
3 11986 12187 12195
3 11986 12195 11987
3 12196 11988 11987
3 12196 11987 12195
3 11988 12196 12197
3 11988 12197 11989
3 11989 12197 12198
3 11989 12198 11990
3 11990 12198 12199
3 11990 12199 11991
3 12200 11992 11991
3 12200 11991 12199
3 11992 12200 12201
3 11992 12201 12017
3 11993 11994 12202
3 11993 12202 12203
3 11993 12203 12191
3 12204 12202 11994
3 12204 11994 12205
3 12018 12205 11994
3 12206 12207 11995
3 12206 11995 11996
3 12207 12006 11995
3 12208 12206 11996
3 12208 11996 11997
3 12209 12208 11997
3 12209 11997 11998
3 12209 11998 11999
3 12209 11999 12210
3 12001 12210 11999
3 12211 12001 12000
3 12211 12000 12212
3 12002 12212 12000
3 12001 12211 12210
3 12002 12213 12212
3 12213 12002 12003
3 12213 12003 12214
3 12004 12214 12003
3 12004 12215 12214
3 12215 12004 12005
3 12215 12005 12216
3 12014 12216 12005
3 12217 12007 12006
3 12207 12217 12006
3 12217 12218 12007
3 12218 12008 12007
3 12219 12012 12008
3 12218 12219 12008
3 12009 12047 12010
3 12047 12009 12220
3 12009 12011 12221
3 12009 12221 12220
3 12011 12012 12222
3 12222 12221 12011
3 12219 12223 12012
3 12223 12222 12012
3 12014 12224 12216
3 12224 12014 12013
3 12224 12013 12015
3 12225 12224 12015
3 12225 12015 12016
3 12226 12225 12016
3 12226 12016 12017
3 12227 12226 12017
3 12227 12017 12201
3 12228 12229 12020
3 12230 12019 12020
3 12230 12020 12229
3 12023 12228 12020
3 12019 12230 12231
3 12019 12231 12232
3 12018 12019 12232
3 12018 12232 12205
3 12021 12233 12234
3 12021 12234 12022
3 12021 12024 12235
3 12021 12235 12233
3 12236 12237 12022
3 12236 12022 12234
3 12023 12022 12237
3 12228 12023 12237
3 12025 12238 12024
3 12235 12024 12238
3 12025 12043 12239
3 12239 12238 12025
3 12026 12027 12240
3 12039 12026 12240
3 12028 12241 12027
3 12241 12240 12027
3 12028 12030 12242
3 12241 12028 12242
3 12243 12030 12029
3 12036 12243 12029
3 12243 12244 12030
3 12244 12242 12030
3 12033 12245 12032
3 12031 12032 12245
3 12031 12245 12246
3 12034 12031 12246
3 12033 12247 12245
3 12247 12033 12037
3 12034 12246 12248
3 12034 12249 12035
3 12249 12034 12248
3 12249 12250 12035
3 12035 12250 12036
3 12250 12243 12036
3 12247 12037 12251
3 12040 12251 12037
3 12252 12043 12038
3 12039 12252 12038
3 12039 12240 12253
3 12252 12039 12253
3 12040 12254 12251
3 12040 12042 12255
3 12040 12255 12254
3 12041 12046 12256
3 12041 12256 12257
3 12042 12041 12257
3 12042 12257 12255
3 12252 12258 12043
3 12259 12239 12043
3 12259 12043 12258
3 12260 12044 12045
3 12261 12046 12044
3 12261 12044 12260
3 12260 12045 12262
3 12262 12045 12105
3 12046 12261 12263
3 12046 12263 12256
3 12047 12220 12048
3 12048 12220 12264
3 12048 12264 12049
3 12050 12049 12264
3 12050 12264 12265
3 12051 12050 12265
3 12266 12267 12052
3 12266 12052 12051
3 12073 12052 12267
3 12051 12265 12266
3 12072 12053 12054
3 12072 12054 12268
3 12268 12054 12055
3 12268 12055 12269
3 12073 12270 12055
3 12269 12055 12270
3 12271 12056 12058
3 12056 12271 12272
3 12056 12272 12057
3 12057 12272 12077
3 12271 12058 12273
3 12059 12273 12058
3 12274 12059 12060
3 12059 12274 12273
3 12274 12060 12275
3 12071 12275 12060
3 12062 12276 12277
3 12062 12277 12061
3 12062 12063 12278
3 12062 12278 12276
3 12068 12061 12277
3 12063 12064 12279
3 12063 12279 12278
3 12064 12065 12280
3 12064 12280 12279
3 12065 12066 12281
3 12065 12281 12280
3 12282 12281 12066
3 12282 12066 12067
3 12067 12072 12283
3 12067 12283 12282
3 12068 12277 12284
3 12069 12068 12284
3 12069 12284 12285
3 12070 12069 12285
3 12070 12285 12286
3 12071 12070 12286
3 12071 12286 12287
3 12071 12287 12275
3 12268 12283 12072
3 12288 12270 12073
3 12073 12267 12288
3 12289 12075 12074
3 12289 12074 12077
3 12289 12076 12075
3 12186 12076 12290
3 12289 12290 12076
3 12289 12077 12272
3 12078 12291 12084
3 12292 12291 12078
3 12078 12079 12292
3 12292 12079 12293
3 12080 12293 12079
3 12080 12081 12294
3 12080 12294 12295
3 12080 12295 12293
3 12081 12082 12296
3 12081 12296 12294
3 12297 12082 12083
3 12082 12297 12298
3 12082 12298 12296
3 12297 12083 12155
3 12084 12291 12299
3 12084 12299 12104
3 12300 12085 12091
3 12085 12300 12086
3 12087 12086 12301
3 12300 12301 12086
3 12087 12302 12089
3 12302 12087 12301
3 12303 12088 12089
3 12098 12088 12303
3 12303 12089 12304
3 12302 12304 12089
3 12305 12090 12103
3 12090 12305 12091
3 12300 12091 12306
3 12305 12306 12091
3 12307 12094 12092
3 12093 12307 12092
3 12093 12308 12307
3 12308 12093 12096
3 12309 12095 12094
3 12307 12309 12094
3 12309 12310 12095
3 12099 12095 12310
3 12097 12311 12096
3 12308 12096 12312
3 12313 12312 12096
3 12313 12096 12311
3 12097 12098 12314
3 12097 12314 12315
3 12097 12315 12311
3 12314 12098 12303
3 12316 12101 12100
3 12316 12100 12317
3 12318 12317 12100
3 12318 12100 12099
3 12099 12310 12318
3 12101 12316 12319
3 12101 12319 12102
3 12320 12109 12102
3 12320 12102 12319
3 12305 12103 12321
3 12104 12321 12103
3 12104 12322 12321
3 12104 12299 12323
3 12104 12323 12322
3 12108 12324 12105
3 12262 12105 12324
3 12325 12108 12106
3 12325 12106 12326
3 12107 12326 12106
3 12107 12109 12326
3 12325 12324 12108
3 12109 12320 12327
3 12109 12327 12326
3 12111 12328 12110
3 12123 12110 12328
3 12111 12329 12328
3 12112 12329 12111
3 12112 12330 12329
3 12330 12112 12113
3 12330 12113 12331
3 12114 12331 12113
3 12114 12332 12331
3 12332 12114 12115
3 12332 12115 12333
3 12116 12333 12115
3 12116 12334 12333
3 12334 12116 12122
3 12335 12336 12118
3 12117 12335 12118
3 12121 12118 12336
3 12335 12117 12337
3 12117 12120 12337
3 12162 12120 12119
3 12338 12337 12120
3 12162 12338 12120
3 12121 12339 12122
3 12339 12121 12336
3 12334 12122 12340
3 12339 12340 12122
3 12123 12328 12341
3 12124 12123 12341
3 12124 12341 12342
3 12125 12124 12342
3 12125 12342 12343
3 12126 12125 12343
3 12126 12343 12344
3 12127 12126 12344
3 12127 12344 12345
3 12127 12345 12129
3 12127 12129 12128
3 12129 12345 12346
3 12129 12346 12158
3 12131 12130 12347
3 12347 12130 12140
3 12348 12132 12131
3 12131 12347 12348
3 12133 12132 12349
3 12348 12349 12132
3 12350 12134 12133
3 12133 12349 12350
3 12350 12351 12134
3 12352 12136 12134
3 12352 12134 12351
3 12135 12136 12353
3 12135 12353 12138
3 12354 12353 12136
3 12354 12136 12352
3 12355 12139 12137
3 12355 12137 12138
3 12138 12353 12356
3 12138 12356 12355
3 12150 12139 12355
3 12347 12140 12357
3 12357 12140 12142
3 12141 12143 12358
3 12141 12358 12359
3 12359 12142 12141
3 12359 12360 12142
3 12357 12142 12360
3 12361 12358 12143
3 12361 12143 12144
3 12362 12361 12144
3 12362 12144 12145
3 12158 12346 12145
3 12363 12362 12145
3 12363 12145 12346
3 12364 12147 12146
3 12365 12364 12146
3 12365 12146 12148
3 12366 12149 12147
3 12364 12366 12147
3 12365 12148 12151
3 12367 12157 12149
3 12367 12149 12368
3 12366 12368 12149
3 12150 12355 12356
3 12150 12356 12369
3 12370 12150 12369
3 12150 12370 12151
3 12365 12151 12370
3 12371 12153 12152
3 12371 12152 12156
3 12154 12153 12372
3 12153 12371 12373
3 12153 12373 12372
3 12154 12372 12374
3 12154 12374 12155
3 12375 12297 12155
3 12375 12155 12374
3 12371 12156 12157
3 12371 12157 12367
3 12159 12177 12376
3 12376 12161 12159
3 12160 12377 12164
3 12160 12161 12378
3 12378 12377 12160
3 12376 12379 12161
3 12378 12161 12379
3 12162 12163 12380
3 12162 12380 12338
3 12381 12380 12163
3 12381 12163 12164
3 12164 12377 12382
3 12164 12382 12381
3 12182 12166 12165
3 12383 12167 12166
3 12182 12383 12166
3 12383 12384 12167
3 12384 12168 12167
3 12385 12169 12168
3 12384 12385 12168
3 12385 12386 12169
3 12386 12181 12169
3 12387 12170 12178
3 12387 12171 12170
3 12387 12388 12171
3 12172 12171 12388
3 12172 12388 12389
3 12172 12389 12390
3 12172 12390 12173
3 12391 12174 12173
3 12391 12173 12390
3 12174 12391 12392
3 12174 12392 12175
3 12393 12176 12175
3 12393 12175 12392
3 12394 12177 12176
3 12394 12176 12393
3 12376 12177 12394
3 12387 12178 12395
3 12179 12395 12178
3 12179 12396 12395
3 12396 12179 12180
3 12396 12180 12397
3 12397 12180 12181
3 12397 12181 12398
3 12386 12398 12181
3 12383 12182 12185
3 12184 12183 12399
3 12400 12399 12183
3 12400 12183 12186
3 12399 12401 12184
3 12184 12401 12185
3 12402 12403 12185
3 12402 12185 12401
3 12383 12185 12403
3 12186 12290 12400
3 12404 12195 12187
3 12404 12187 12405
3 12406 12405 12187
3 12406 12187 12188
3 12407 12408 12188
3 12407 12188 12189
3 12408 12406 12188
3 12409 12407 12189
3 12409 12189 12190
3 12410 12409 12190
3 12410 12190 12193
3 12411 12192 12191
3 12412 12411 12191
3 12412 12191 12203
3 12411 12413 12192
3 12194 12192 12413
3 12193 12194 12414
3 12410 12193 12414
3 12415 12414 12194
3 12194 12413 12415
3 12416 12196 12195
3 12416 12195 12404
3 12417 12197 12196
3 12417 12196 12416
3 12418 12198 12197
3 12418 12197 12417
3 12419 12199 12198
3 12419 12198 12418
3 12420 12200 12199
3 12420 12199 12419
3 12421 12201 12200
3 12421 12200 12420
3 12422 12227 12201
3 12422 12201 12421
3 12231 12203 12202
3 12231 12202 12204
3 12423 12203 12231
3 12424 12412 12203
3 12424 12203 12423
3 12205 12231 12204
3 12205 12232 12231
3 12206 12208 12425
3 12206 12425 12426
3 12207 12206 12426
3 12207 12426 12427
3 12217 12207 12427
3 12428 12425 12208
3 12428 12208 12209
3 12428 12209 12210
3 12428 12210 12429
3 12211 12429 12210
3 12211 12430 12429
3 12430 12211 12212
3 12430 12212 12431
3 12213 12431 12212
3 12213 12432 12431
3 12432 12213 12214
3 12432 12214 12433
3 12215 12433 12214
3 12215 12434 12433
3 12434 12215 12216
3 12434 12216 12435
3 12224 12435 12216
3 12217 12427 12436
3 12218 12217 12436
3 12218 12436 12437
3 12219 12218 12437
3 12219 12437 12438
3 12223 12219 12438
3 12264 12220 12221
3 12222 12439 12221
3 12264 12221 12440
3 12440 12221 12439
3 12441 12439 12222
3 12223 12441 12222
3 12223 12438 12442
3 12441 12223 12442
3 12224 12225 12435
3 12225 12226 12443
3 12225 12443 12435
3 12226 12227 12444
3 12226 12444 12443
3 12227 12422 12445
3 12227 12445 12444
3 12446 12447 12229
3 12446 12229 12448
3 12228 12448 12229
3 12230 12229 12447
3 12448 12228 12449
3 12228 12237 12449
3 12230 12447 12423
3 12423 12231 12230
3 12235 12238 12450
3 12450 12451 12235
3 12233 12235 12451
3 12233 12452 12453
3 12233 12453 12234
3 12233 12451 12452
3 12454 12236 12234
3 12454 12234 12453
3 12236 12454 12455
3 12236 12455 12456
3 12237 12236 12456
3 12237 12456 12449
3 12239 12457 12238
3 12450 12238 12457
3 12458 12457 12239
3 12458 12239 12259
3 12459 12253 12240
3 12241 12459 12240
3 12241 12242 12460
3 12459 12241 12460
3 12461 12460 12242
3 12244 12461 12242
3 12250 12462 12243
3 12244 12243 12462
3 12244 12462 12463
3 12461 12244 12463
3 12247 12464 12245
3 12464 12246 12245
3 12465 12248 12246
3 12464 12465 12246
3 12466 12247 12251
3 12247 12466 12464
3 12249 12248 12467
3 12465 12468 12248
3 12469 12467 12248
3 12469 12248 12468
3 12249 12470 12250
3 12470 12249 12467
3 12462 12250 12470
3 12466 12251 12471
3 12471 12251 12254
3 12252 12253 12472
3 12258 12252 12472
3 12459 12473 12253
3 12473 12472 12253
3 12474 12475 12255
3 12474 12255 12257
3 12476 12254 12255
3 12476 12255 12475
3 12471 12254 12476
3 12477 12257 12256
3 12478 12477 12256
3 12478 12256 12263
3 12477 12474 12257
3 12258 12472 12479
3 12259 12258 12479
3 12259 12479 12480
3 12259 12480 12481
3 12259 12481 12458
3 12260 12262 12482
3 12260 12482 12483
3 12261 12260 12483
3 12261 12483 12263
3 12324 12482 12262
3 12484 12478 12263
3 12484 12263 12483
3 12440 12265 12264
3 12485 12266 12265
3 12440 12485 12265
3 12486 12267 12266
3 12288 12267 12486
3 12486 12266 12487
3 12485 12487 12266
3 12269 12488 12268
3 12268 12488 12283
3 12269 12489 12488
3 12490 12489 12269
3 12269 12270 12490
3 12288 12491 12270
3 12490 12270 12491
3 12492 12271 12273
3 12271 12492 12493
3 12271 12493 12272
3 12289 12272 12493
3 12492 12273 12494
3 12274 12494 12273
3 12495 12274 12275
3 12274 12495 12494
3 12495 12275 12496
3 12287 12496 12275
3 12497 12277 12276
3 12497 12276 12498
3 12498 12276 12278
3 12497 12284 12277
3 12498 12278 12499
3 12500 12499 12278
3 12500 12278 12279
3 12501 12500 12279
3 12501 12279 12280
3 12502 12501 12280
3 12502 12280 12281
3 12503 12502 12281
3 12503 12281 12282
3 12282 12283 12504
3 12282 12504 12503
3 12504 12283 12488
3 12497 12505 12284
3 12505 12285 12284
3 12506 12286 12285
3 12505 12506 12285
3 12506 12507 12286
3 12287 12286 12507
3 12287 12507 12508
3 12287 12508 12496
3 12509 12491 12288
3 12288 12486 12509
3 12493 12290 12289
3 12400 12290 12510
3 12493 12510 12290
3 12299 12291 12511
3 12292 12511 12291
3 12512 12511 12292
3 12292 12293 12512
3 12512 12293 12513
3 12513 12293 12295
3 12514 12294 12515
3 12514 12295 12294
3 12296 12515 12294
3 12513 12295 12516
3 12514 12516 12295
3 12296 12298 12517
3 12296 12517 12518
3 12296 12518 12515
3 12297 12375 12519
3 12297 12519 12298
3 12520 12517 12298
3 12520 12298 12519
3 12299 12511 12521
3 12521 12323 12299
3 12522 12300 12306
3 12300 12522 12301
3 12522 12523 12301
3 12302 12301 12523
3 12302 12524 12304
3 12524 12302 12523
3 12314 12303 12525
3 12525 12303 12304
3 12525 12304 12526
3 12526 12304 12524
3 12527 12305 12321
3 12305 12527 12306
3 12522 12306 12528
3 12527 12528 12306
3 12309 12307 12529
3 12308 12529 12307
3 12308 12530 12529
3 12530 12308 12312
3 12309 12529 12531
3 12310 12309 12531
3 12310 12531 12532
3 12318 12310 12532
3 12315 12313 12311
3 12530 12312 12533
3 12312 12313 12534
3 12312 12534 12533
3 12315 12535 12313
3 12313 12535 12536
3 12313 12536 12534
3 12314 12525 12537
3 12314 12537 12315
3 12535 12315 12537
3 12316 12538 12539
3 12316 12539 12319
3 12538 12316 12317
3 12538 12317 12540
3 12541 12540 12317
3 12541 12317 12318
3 12318 12532 12541
3 12542 12320 12319
3 12542 12319 12539
3 12320 12542 12543
3 12320 12543 12327
3 12527 12321 12544
3 12322 12544 12321
3 12521 12545 12323
3 12546 12547 12323
3 12546 12323 12545
3 12322 12323 12547
3 12322 12548 12544
3 12322 12547 12548
3 12325 12549 12324
3 12324 12549 12482
3 12550 12325 12326
3 12550 12549 12325
3 12550 12326 12327
3 12550 12327 12543
3 12551 12341 12328
3 12551 12328 12329
3 12551 12329 12552
3 12330 12552 12329
3 12330 12553 12552
3 12553 12330 12331
3 12553 12331 12554
3 12332 12554 12331
3 12332 12555 12554
3 12555 12332 12333
3 12555 12333 12556
3 12334 12556 12333
3 12334 12557 12556
3 12557 12334 12340
3 12335 12558 12336
3 12335 12337 12559
3 12558 12335 12559
3 12558 12560 12336
3 12339 12336 12560
3 12561 12559 12337
3 12338 12561 12337
3 12561 12338 12380
3 12339 12562 12340
3 12562 12339 12560
3 12557 12340 12563
3 12562 12563 12340
3 12551 12564 12341
3 12564 12342 12341
3 12565 12343 12342
3 12564 12565 12342
3 12565 12566 12343
3 12344 12343 12566
3 12344 12566 12567
3 12344 12567 12568
3 12344 12568 12345
3 12568 12346 12345
3 12568 12363 12346
3 12569 12348 12347
3 12569 12347 12570
3 12357 12570 12347
3 12348 12569 12571
3 12348 12571 12349
3 12350 12349 12571
3 12572 12351 12350
3 12350 12571 12572
3 12572 12573 12351
3 12351 12573 12574
3 12351 12574 12352
3 12354 12352 12574
3 12356 12353 12354
3 12356 12354 12575
3 12575 12354 12576
3 12354 12574 12576
3 12575 12369 12356
3 12360 12577 12357
3 12357 12577 12570
3 12359 12358 12578
3 12358 12361 12579
3 12358 12579 12578
3 12359 12578 12580
3 12359 12580 12581
3 12359 12581 12360
3 12360 12581 12577
3 12361 12362 12582
3 12361 12582 12579
3 12362 12363 12583
3 12362 12583 12582
3 12363 12568 12584
3 12363 12584 12583
3 12364 12365 12585
3 12364 12585 12586
3 12366 12364 12586
3 12365 12370 12587
3 12365 12587 12585
3 12368 12366 12588
3 12366 12586 12588
3 12371 12367 12589
3 12367 12368 12590
3 12367 12590 12589
3 12368 12588 12590
3 12575 12591 12369
3 12370 12369 12587
3 12591 12587 12369
3 12371 12589 12373
3 12375 12374 12372
3 12375 12372 12592
3 12373 12592 12372
3 12593 12373 12589
3 12373 12593 12592
3 12592 12519 12375
3 12376 12394 12594
3 12594 12379 12376
3 12378 12595 12377
3 12596 12382 12377
3 12596 12377 12595
3 12378 12379 12597
3 12597 12595 12378
3 12594 12598 12379
3 12597 12379 12598
3 12561 12380 12599
3 12381 12599 12380
3 12381 12382 12600
3 12381 12600 12601
3 12381 12601 12599
3 12602 12600 12382
3 12602 12382 12596
3 12384 12383 12403
3 12384 12403 12603
3 12385 12384 12603
3 12385 12603 12604
3 12386 12385 12604
3 12386 12604 12605
3 12398 12386 12605
3 12606 12387 12395
3 12606 12388 12387
3 12606 12607 12388
3 12389 12388 12607
3 12608 12391 12390
3 12608 12390 12609
3 12610 12609 12390
3 12610 12390 12389
3 12389 12607 12610
3 12391 12608 12611
3 12391 12611 12392
3 12392 12611 12612
3 12392 12612 12393
3 12393 12612 12613
3 12393 12613 12394
3 12594 12394 12613
3 12606 12395 12614
3 12396 12614 12395
3 12396 12615 12614
3 12615 12396 12397
3 12615 12397 12616
3 12398 12616 12397
3 12398 12605 12617
3 12398 12617 12616
3 12399 12618 12401
3 12619 12618 12399
3 12619 12399 12400
3 12400 12510 12619
3 12401 12618 12620
3 12401 12620 12402
3 12402 12621 12603
3 12402 12603 12403
3 12402 12620 12622
3 12402 12622 12621
3 12404 12623 12624
3 12404 12624 12416
3 12405 12623 12404
3 12406 12625 12626
3 12406 12626 12405
3 12627 12625 12406
3 12627 12406 12628
3 12408 12628 12406
3 12405 12626 12623
3 12407 12409 12629
3 12407 12629 12408
3 12408 12629 12630
3 12408 12630 12628
3 12409 12410 12631
3 12409 12631 12629
3 12410 12414 12631
3 12411 12412 12632
3 12411 12632 12633
3 12413 12411 12633
3 12412 12424 12634
3 12412 12634 12632
3 12413 12633 12635
3 12415 12413 12635
3 12631 12414 12636
3 12415 12637 12414
3 12637 12636 12414
3 12415 12635 12637
3 12416 12624 12638
3 12416 12638 12417
3 12417 12638 12639
3 12417 12639 12418
3 12418 12639 12640
3 12418 12640 12419
3 12419 12640 12641
3 12419 12641 12420
3 12420 12641 12642
3 12420 12642 12421
3 12643 12422 12421
3 12643 12421 12642
3 12422 12643 12644
3 12422 12644 12445
3 12645 12424 12423
3 12645 12423 12447
3 12424 12645 12646
3 12424 12646 12634
3 12647 12648 12425
3 12647 12425 12428
3 12648 12426 12425
3 12649 12427 12426
3 12648 12649 12426
3 12649 12650 12427
3 12650 12436 12427
3 12647 12428 12429
3 12647 12429 12651
3 12430 12651 12429
3 12652 12430 12431
3 12430 12652 12651
3 12652 12431 12653
3 12432 12653 12431
3 12654 12432 12433
3 12432 12654 12653
3 12654 12433 12655
3 12434 12655 12433
3 12656 12434 12435
3 12434 12656 12655
3 12656 12435 12443
3 12657 12437 12436
3 12650 12657 12436
3 12657 12658 12437
3 12658 12438 12437
3 12659 12442 12438
3 12658 12659 12438
3 12660 12661 12439
3 12441 12660 12439
3 12440 12439 12661
3 12661 12485 12440
3 12441 12442 12662
3 12660 12441 12662
3 12659 12663 12442
3 12663 12662 12442
3 12664 12656 12443
3 12664 12443 12444
3 12665 12664 12444
3 12665 12444 12445
3 12665 12445 12644
3 12448 12666 12446
3 12667 12447 12446
3 12668 12667 12446
3 12668 12446 12666
3 12667 12645 12447
3 12448 12449 12669
3 12448 12669 12666
3 12670 12669 12449
3 12670 12449 12456
3 12671 12451 12672
3 12450 12672 12451
3 12452 12451 12671
3 12450 12457 12673
3 12673 12672 12450
3 12674 12453 12675
3 12452 12675 12453
3 12674 12454 12453
3 12452 12676 12675
3 12452 12671 12676
3 12677 12455 12454
3 12677 12454 12678
3 12674 12678 12454
3 12679 12670 12456
3 12679 12456 12455
3 12680 12679 12455
3 12680 12455 12677
3 12673 12457 12458
3 12673 12458 12681
3 12681 12458 12481
3 12459 12460 12682
3 12473 12459 12682
3 12683 12682 12460
3 12461 12683 12460
3 12461 12463 12684
3 12683 12461 12684
3 12685 12463 12462
3 12462 12470 12685
3 12685 12686 12463
3 12684 12463 12686
3 12466 12687 12464
3 12465 12464 12687
3 12465 12687 12688
3 12468 12465 12688
3 12689 12466 12471
3 12466 12689 12687
3 12470 12467 12690
3 12467 12469 12691
3 12467 12691 12690
3 12468 12688 12692
3 12693 12469 12468
3 12693 12468 12692
3 12469 12693 12694
3 12469 12694 12691
3 12695 12685 12470
3 12695 12470 12690
3 12689 12471 12696
3 12476 12696 12471
3 12697 12479 12472
3 12473 12697 12472
3 12473 12682 12698
3 12697 12473 12698
3 12474 12477 12699
3 12474 12699 12700
3 12475 12474 12700
3 12475 12700 12701
3 12475 12701 12702
3 12475 12702 12476
3 12476 12702 12696
3 12477 12478 12703
3 12477 12703 12699
3 12478 12484 12704
3 12478 12704 12703
3 12697 12705 12479
3 12705 12480 12479
3 12681 12481 12706
3 12707 12706 12481
3 12707 12481 12708
3 12708 12481 12480
3 12708 12480 12709
3 12705 12709 12480
3 12710 12483 12482
3 12710 12482 12549
3 12710 12484 12483
3 12710 12704 12484
3 12487 12485 12711
3 12661 12711 12485
3 12486 12487 12712
3 12486 12712 12713
3 12509 12486 12713
3 12487 12711 12712
3 12504 12488 12714
3 12714 12488 12489
3 12714 12489 12715
3 12490 12716 12489
3 12715 12489 12716
3 12717 12716 12490
3 12490 12491 12717
3 12509 12718 12491
3 12717 12491 12718
3 12719 12492 12494
3 12492 12719 12510
3 12492 12510 12493
3 12719 12494 12720
3 12495 12720 12494
3 12721 12495 12496
3 12495 12721 12720
3 12721 12496 12722
3 12508 12722 12496
3 12498 12723 12724
3 12498 12724 12497
3 12499 12723 12498
3 12505 12497 12724
3 12500 12501 12725
3 12500 12725 12726
3 12500 12726 12727
3 12500 12727 12499
3 12499 12727 12723
3 12501 12502 12728
3 12501 12728 12725
3 12729 12728 12502
3 12729 12502 12503
3 12503 12504 12730
3 12503 12730 12729
3 12714 12730 12504
3 12505 12724 12731
3 12506 12505 12731
3 12506 12731 12732
3 12507 12506 12732
3 12507 12732 12733
3 12508 12507 12733
3 12508 12733 12734
3 12508 12734 12722
3 12509 12735 12736
3 12509 12736 12718
3 12509 12713 12735
3 12737 12619 12510
3 12737 12510 12719
3 12521 12511 12738
3 12512 12738 12511
3 12739 12738 12512
3 12512 12513 12739
3 12739 12513 12740
3 12516 12740 12513
3 12514 12741 12742
3 12514 12742 12743
3 12514 12515 12741
3 12514 12743 12744
3 12514 12744 12516
3 12745 12741 12515
3 12745 12515 12746
3 12518 12746 12515
3 12516 12744 12740
3 12520 12747 12517
3 12748 12518 12517
3 12748 12517 12747
3 12518 12748 12746
3 12592 12749 12519
3 12520 12519 12749
3 12520 12749 12750
3 12750 12751 12520
3 12520 12751 12747
3 12521 12738 12752
3 12752 12545 12521
3 12753 12522 12528
3 12522 12753 12523
3 12753 12754 12523
3 12524 12523 12754
3 12526 12524 12755
3 12756 12755 12524
3 12756 12524 12754
3 12525 12526 12757
3 12525 12757 12537
3 12526 12755 12758
3 12526 12758 12757
3 12759 12527 12544
3 12527 12759 12528
3 12753 12528 12760
3 12759 12760 12528
3 12531 12529 12761
3 12530 12761 12529
3 12530 12762 12761
3 12762 12530 12533
3 12531 12761 12763
3 12763 12532 12531
3 12763 12764 12532
3 12541 12532 12764
3 12762 12533 12765
3 12766 12765 12533
3 12766 12533 12534
3 12534 12536 12767
3 12534 12767 12766
3 12536 12535 12768
3 12535 12537 12768
3 12536 12768 12769
3 12767 12536 12769
3 12768 12537 12757
3 12538 12770 12771
3 12538 12771 12539
3 12770 12538 12540
3 12772 12542 12539
3 12772 12539 12771
3 12770 12540 12773
3 12774 12773 12540
3 12774 12540 12541
3 12541 12764 12774
3 12542 12772 12775
3 12542 12775 12543
3 12550 12543 12776
3 12776 12543 12775
3 12759 12544 12777
3 12548 12777 12544
3 12752 12778 12545
3 12545 12778 12779
3 12545 12779 12546
3 12546 12779 12780
3 12546 12780 12781
3 12781 12547 12546
3 12781 12782 12547
3 12548 12547 12782
3 12548 12783 12777
3 12548 12782 12783
3 12550 12784 12549
3 12710 12549 12784
3 12776 12784 12550
3 12552 12785 12551
3 12564 12551 12785
3 12552 12786 12785
3 12553 12786 12552
3 12553 12787 12786
3 12787 12553 12554
3 12787 12554 12788
3 12555 12788 12554
3 12555 12789 12788
3 12789 12555 12556
3 12789 12556 12790
3 12557 12790 12556
3 12557 12791 12790
3 12791 12557 12563
3 12558 12559 12792
3 12558 12793 12560
3 12793 12558 12792
3 12794 12792 12559
3 12561 12794 12559
3 12793 12795 12560
3 12562 12560 12795
3 12599 12794 12561
3 12562 12796 12563
3 12796 12562 12795
3 12791 12563 12797
3 12796 12797 12563
3 12564 12785 12798
3 12565 12564 12798
3 12565 12798 12799
3 12566 12565 12799
3 12566 12799 12800
3 12801 12567 12566
3 12801 12566 12800
3 12567 12584 12568
3 12567 12801 12584
3 12802 12569 12570
3 12569 12802 12803
3 12569 12803 12571
3 12802 12570 12804
3 12804 12570 12577
3 12805 12572 12571
3 12805 12571 12803
3 12805 12573 12572
3 12805 12806 12573
3 12806 12807 12573
3 12808 12574 12573
3 12808 12573 12807
3 12808 12576 12574
3 12809 12576 12810
3 12575 12576 12809
3 12808 12810 12576
3 12809 12591 12575
3 12804 12577 12811
3 12811 12577 12581
3 12812 12813 12578
3 12812 12578 12579
3 12580 12578 12813
3 12814 12812 12579
3 12814 12579 12582
3 12580 12813 12815
3 12580 12815 12816
3 12580 12816 12581
3 12811 12581 12816
3 12817 12814 12582
3 12817 12582 12583
3 12818 12817 12583
3 12818 12583 12584
3 12819 12818 12584
3 12819 12584 12801
3 12820 12586 12585
3 12586 12820 12821
3 12586 12821 12588
3 12820 12585 12822
3 12823 12822 12585
3 12823 12585 12587
3 12591 12823 12587
3 12824 12590 12588
3 12824 12588 12821
3 12593 12589 12825
3 12590 12825 12589
3 12590 12824 12825
3 12809 12826 12591
3 12823 12591 12826
3 12593 12749 12592
3 12593 12825 12827
3 12593 12827 12828
3 12593 12828 12749
3 12594 12613 12829
3 12829 12598 12594
3 12597 12830 12595
3 12595 12830 12831
3 12595 12831 12596
3 12596 12831 12832
3 12596 12832 12602
3 12597 12598 12833
3 12833 12830 12597
3 12829 12834 12598
3 12833 12598 12834
3 12599 12601 12794
3 12835 12794 12601
3 12835 12601 12600
3 12836 12835 12600
3 12836 12600 12602
3 12837 12836 12602
3 12837 12602 12832
3 12621 12604 12603
3 12838 12605 12604
3 12621 12838 12604
3 12838 12839 12605
3 12617 12605 12839
3 12840 12606 12614
3 12840 12607 12606
3 12840 12841 12607
3 12610 12607 12841
3 12608 12609 12842
3 12608 12842 12843
3 12843 12611 12608
3 12844 12842 12609
3 12844 12609 12610
3 12610 12841 12844
3 12843 12845 12611
3 12846 12612 12611
3 12846 12611 12845
3 12847 12613 12612
3 12847 12612 12846
3 12829 12613 12847
3 12840 12614 12848
3 12615 12848 12614
3 12615 12849 12848
3 12849 12615 12616
3 12849 12616 12850
3 12851 12850 12616
3 12851 12616 12617
3 12617 12839 12851
3 12620 12618 12619
3 12620 12619 12737
3 12737 12622 12620
3 12838 12621 12622
3 12838 12622 12852
3 12737 12853 12622
3 12854 12852 12622
3 12854 12622 12853
3 12855 12623 12626
3 12856 12624 12623
3 12856 12623 12855
3 12857 12638 12624
3 12857 12624 12856
3 12858 12626 12625
3 12858 12625 12859
3 12860 12859 12625
3 12860 12625 12627
3 12855 12626 12858
3 12628 12861 12627
3 12627 12861 12862
3 12627 12862 12860
3 12628 12630 12861
3 12863 12630 12629
3 12863 12629 12631
3 12864 12861 12630
3 12864 12630 12863
3 12631 12636 12863
3 12634 12865 12632
3 12866 12633 12632
3 12866 12632 12865
3 12633 12866 12867
3 12633 12867 12635
3 12634 12868 12865
3 12634 12646 12869
3 12634 12869 12868
3 12637 12635 12867
3 12864 12863 12636
3 12864 12636 12870
3 12871 12870 12636
3 12637 12871 12636
3 12637 12867 12871
3 12872 12639 12638
3 12872 12638 12857
3 12872 12640 12639
3 12873 12641 12640
3 12873 12640 12874
3 12872 12874 12640
3 12875 12642 12641
3 12875 12641 12873
3 12876 12643 12642
3 12876 12642 12875
3 12643 12876 12877
3 12643 12877 12644
3 12665 12644 12878
3 12879 12878 12644
3 12879 12644 12877
3 12667 12646 12645
3 12667 12869 12646
3 12880 12647 12651
3 12880 12648 12647
3 12880 12881 12648
3 12649 12648 12881
3 12649 12881 12882
3 12650 12649 12882
3 12650 12882 12883
3 12657 12650 12883
3 12880 12651 12884
3 12652 12884 12651
3 12885 12652 12653
3 12652 12885 12884
3 12885 12653 12886
3 12654 12886 12653
3 12887 12654 12655
3 12654 12887 12886
3 12887 12655 12888
3 12664 12888 12655
3 12664 12655 12656
3 12657 12883 12889
3 12658 12657 12889
3 12658 12889 12890
3 12659 12658 12890
3 12659 12890 12891
3 12663 12659 12891
3 12892 12660 12893
3 12660 12892 12661
3 12660 12662 12893
3 12892 12711 12661
3 12894 12893 12662
3 12663 12894 12662
3 12663 12891 12895
3 12894 12663 12895
3 12878 12888 12664
3 12878 12664 12665
3 12670 12896 12666
3 12670 12666 12669
3 12896 12668 12666
3 12667 12668 12897
3 12667 12897 12869
3 12898 12897 12668
3 12896 12898 12668
3 12679 12896 12670
3 12671 12672 12899
3 12899 12740 12671
3 12676 12671 12740
3 12899 12672 12900
3 12673 12900 12672
3 12681 12900 12673
3 12674 12675 12901
3 12674 12901 12902
3 12674 12902 12903
3 12678 12674 12903
3 12742 12901 12675
3 12742 12675 12743
3 12744 12743 12675
3 12744 12675 12676
3 12676 12740 12744
3 12680 12677 12904
3 12677 12678 12905
3 12677 12905 12904
3 12678 12903 12905
3 12679 12906 12896
3 12680 12906 12679
3 12680 12904 12907
3 12907 12908 12680
3 12680 12908 12906
3 12706 12909 12681
3 12681 12909 12900
3 12910 12698 12682
3 12683 12910 12682
3 12910 12683 12911
3 12683 12684 12911
3 12684 12912 12913
3 12684 12913 12911
3 12684 12686 12912
3 12685 12695 12914
3 12685 12914 12686
3 12915 12912 12686
3 12915 12686 12914
3 12916 12687 12689
3 12916 12688 12687
3 12917 12692 12688
3 12916 12917 12688
3 12916 12689 12918
3 12918 12689 12696
3 12695 12690 12691
3 12694 12919 12691
3 12695 12691 12919
3 12917 12920 12692
3 12921 12693 12692
3 12921 12692 12920
3 12922 12694 12693
3 12922 12693 12921
3 12694 12923 12919
3 12923 12694 12922
3 12919 12914 12695
3 12918 12696 12924
3 12924 12696 12702
3 12697 12698 12925
3 12705 12697 12925
3 12910 12926 12698
3 12926 12925 12698
3 12927 12700 12699
3 12928 12927 12699
3 12928 12699 12703
3 12929 12701 12700
3 12927 12929 12700
3 12929 12930 12701
3 12931 12702 12701
3 12931 12701 12930
3 12924 12702 12931
3 12932 12928 12703
3 12932 12703 12704
3 12710 12933 12704
3 12932 12704 12933
3 12705 12925 12934
3 12709 12705 12934
3 12706 12935 12909
3 12936 12935 12706
3 12936 12706 12707
3 12708 12937 12938
3 12708 12938 12707
3 12709 12937 12708
3 12707 12938 12939
3 12707 12939 12936
3 12709 12934 12940
3 12709 12940 12937
3 12784 12933 12710
3 12892 12941 12711
3 12941 12712 12711
3 12713 12712 12942
3 12941 12942 12712
3 12713 12942 12735
3 12715 12943 12714
3 12714 12943 12730
3 12715 12944 12943
3 12945 12944 12715
3 12715 12716 12945
3 12717 12946 12716
3 12945 12716 12946
3 12947 12946 12717
3 12717 12718 12947
3 12948 12947 12718
3 12948 12718 12736
3 12737 12719 12720
3 12737 12720 12853
3 12721 12853 12720
3 12854 12721 12722
3 12721 12854 12853
3 12854 12722 12949
3 12949 12722 12734
3 12950 12731 12724
3 12950 12724 12723
3 12950 12723 12951
3 12951 12723 12727
3 12952 12726 12725
3 12953 12727 12726
3 12953 12726 12952
3 12952 12725 12954
3 12954 12725 12728
3 12951 12727 12953
3 12954 12728 12955
3 12956 12955 12728
3 12956 12728 12729
3 12729 12730 12957
3 12729 12957 12956
3 12957 12730 12943
3 12950 12958 12731
3 12958 12732 12731
3 12959 12733 12732
3 12958 12959 12732
3 12959 12960 12733
3 12961 12734 12733
3 12961 12733 12960
3 12949 12734 12961
3 12735 12942 12962
3 12735 12962 12736
3 12963 12948 12736
3 12963 12736 12962
3 12752 12738 12964
3 12739 12964 12738
3 12965 12964 12739
3 12739 12740 12965
3 12899 12965 12740
3 12741 12745 12966
3 12741 12966 12742
3 12901 12742 12966
3 12745 12967 12968
3 12745 12968 12966
3 12967 12745 12746
3 12967 12746 12969
3 12748 12969 12746
3 12970 12971 12747
3 12970 12747 12751
3 12972 12748 12747
3 12972 12747 12971
3 12748 12972 12969
3 12828 12750 12749
3 12970 12751 12973
3 12750 12973 12751
3 12974 12973 12750
3 12828 12974 12750
3 12752 12964 12975
3 12975 12778 12752
3 12976 12753 12760
3 12753 12976 12754
3 12977 12756 12754
3 12977 12754 12976
3 12755 12756 12978
3 12755 12978 12758
3 12756 12977 12979
3 12756 12979 12978
3 12768 12757 12980
3 12980 12757 12758
3 12980 12758 12981
3 12982 12981 12758
3 12982 12758 12978
3 12983 12759 12777
3 12759 12983 12760
3 12976 12760 12984
3 12983 12984 12760
3 12763 12761 12985
3 12986 12985 12761
3 12986 12761 12762
3 12762 12765 12987
3 12762 12987 12986
3 12763 12985 12988
3 12988 12764 12763
3 12988 12989 12764
3 12774 12764 12989
3 12765 12766 12990
3 12765 12990 12987
3 12991 12990 12766
3 12991 12766 12767
3 12991 12767 12992
3 12767 12769 12992
3 12769 12768 12980
3 12769 12980 12993
3 12992 12769 12993
3 12994 12995 12771
3 12994 12771 12770
3 12772 12771 12995
3 12994 12770 12773
3 12772 12996 12997
3 12772 12997 12775
3 12772 12995 12996
3 12994 12773 12998
3 12999 12998 12773
3 12999 12773 12774
3 12774 12989 12999
3 12776 12775 13000
3 13000 12775 12997
3 12776 13001 12784
3 13000 13001 12776
3 12983 12777 13002
3 13003 13002 12777
3 13003 12777 12783
3 12975 13004 12778
3 13005 12779 12778
3 13005 12778 13004
3 13006 12780 12779
3 13006 12779 13005
3 13007 13008 12780
3 13007 12780 13006
3 12781 12780 13008
3 12781 13008 13009
3 13009 12782 12781
3 12783 12782 13010
3 13009 13010 12782
3 12783 13010 13003
3 12784 13001 12933
3 12785 12786 13011
3 12785 13011 13012
3 13012 12798 12785
3 12787 13011 12786
3 12787 13013 13011
3 13013 12787 12788
3 13013 12788 13014
3 12789 13014 12788
3 12789 13015 13014
3 13015 12789 12790
3 13015 12790 13016
3 12791 13016 12790
3 12791 13017 13016
3 13017 12791 12797
3 12794 12835 12792
3 12793 12792 13018
3 12835 13018 12792
3 12793 13019 12795
3 13019 12793 13018
3 13019 13020 12795
3 12796 12795 13020
3 12796 13021 12797
3 13021 12796 13020
3 13017 12797 13022
3 13021 13022 12797
3 13012 13023 12798
3 13023 12799 12798
3 13024 12800 12799
3 13024 12799 13025
3 13023 13025 12799
3 13024 13026 12800
3 12801 12800 13026
3 12801 13026 12819
3 13027 12805 12803
3 13027 12803 13028
3 12802 13028 12803
3 13029 12802 12804
3 12802 13029 13028
3 13029 12804 13030
3 12811 13030 12804
3 12805 13027 13031
3 12805 13031 12806
3 12806 13031 13032
3 12806 13032 13033
3 12806 13033 12807
3 13033 13034 12807
3 12810 12808 12807
3 12810 12807 13034
3 13035 12810 13034
3 12809 12810 13035
3 13035 12826 12809
3 12816 13036 12811
3 12811 13036 13030
3 12812 12814 13037
3 12812 13037 13038
3 12813 12812 13038
3 12813 13038 13039
3 12815 12813 13039
3 12814 12817 13040
3 12814 13040 13037
3 12815 13039 13041
3 12815 13041 13042
3 12815 13042 12816
3 12816 13042 13036
3 12818 13040 12817
3 12819 13043 12818
3 12818 13043 13040
3 12819 13026 13043
3 13044 12824 12821
3 13044 12821 13045
3 12820 13045 12821
3 13046 12820 12822
3 12820 13046 13045
3 13046 12822 13047
3 12822 12823 13048
3 12822 13048 13047
3 12823 12826 13048
3 13044 12825 12824
3 13044 12827 12825
3 13049 12826 13050
3 13035 13050 12826
3 13049 13048 12826
3 12974 12828 12827
3 12974 12827 13044
3 12829 12847 13051
3 13051 12834 12829
3 12833 13052 12830
3 13053 12831 12830
3 13053 12830 13052
3 13054 12832 12831
3 13054 12831 13053
3 13055 12837 12832
3 13055 12832 13054
3 12833 12834 13056
3 13056 13052 12833
3 13051 13057 12834
3 13056 12834 13057
3 12835 12836 13018
3 12836 12837 13058
3 12836 13058 13018
3 12837 13055 13059
3 12837 13059 13058
3 12838 12852 13060
3 12838 13060 12839
3 12851 12839 13060
3 12840 12848 13061
3 12840 13061 13062
3 13062 12841 12840
3 13062 13063 12841
3 12844 12841 13063
3 12843 12842 13064
3 13065 13064 12842
3 13065 12842 12844
3 12843 13064 13066
3 13066 12845 12843
3 12844 13063 13065
3 13066 13067 12845
3 12845 13067 13068
3 12845 13068 12846
3 12846 13068 13069
3 12846 13069 12847
3 13051 12847 13069
3 12849 13061 12848
3 12849 13070 13061
3 13070 12849 12850
3 13070 12850 13071
3 13072 13071 12850
3 13072 12850 12851
3 12851 13060 13072
3 12854 13060 12852
3 12854 12949 13060
3 12858 13073 12855
3 12856 12855 13073
3 12856 13073 13074
3 12857 12856 13074
3 12857 13074 13075
3 12872 12857 13075
3 12859 13076 12858
3 12858 13076 13073
3 12859 13077 13076
3 13078 13077 12859
3 13078 12859 12860
3 13078 12860 12862
3 12862 12861 12864
3 12862 12864 13079
3 13079 13080 12862
3 13078 12862 13080
3 13079 12864 12870
3 12868 13081 12865
3 13082 12866 12865
3 13082 12865 13081
3 12866 13082 13083
3 12866 13083 12867
3 13084 12871 12867
3 13084 12867 13083
3 13085 12868 12869
3 13085 12869 12897
3 12868 13085 13081
3 13079 12870 13086
3 12871 13084 12870
3 13084 13086 12870
3 12872 13075 13087
3 12874 12872 13087
3 12873 12874 13088
3 12873 13088 13089
3 12873 13089 13090
3 12873 13090 12875
3 12874 13087 13088
3 13091 12876 12875
3 13091 12875 13090
3 12876 13091 13092
3 12876 13092 12877
3 13093 12879 12877
3 13093 12877 13092
3 12878 12879 13094
3 12878 13094 12888
3 12879 13093 13095
3 12879 13095 13094
3 13096 12880 12884
3 13096 12881 12880
3 13096 13097 12881
3 13097 12882 12881
3 13098 12883 12882
3 13097 13098 12882
3 13098 13099 12883
3 13099 12889 12883
3 13096 12884 13100
3 12885 13100 12884
3 13101 12885 12886
3 12885 13101 13100
3 13101 12886 13102
3 13102 12886 12887
3 13102 12887 13103
3 13094 13103 12887
3 13094 12887 12888
3 13104 12890 12889
3 13099 13104 12889
3 13104 13105 12890
3 13105 12891 12890
3 13106 12895 12891
3 13105 13106 12891
3 12892 12893 13107
3 12941 12892 13107
3 13108 13107 12893
3 12894 13108 12893
3 12894 12895 13109
3 13108 12894 13109
3 13106 13110 12895
3 13110 13109 12895
3 12898 12896 12906
3 12898 13111 12897
3 13111 13085 12897
3 12898 12906 13112
3 12898 13112 13113
3 12898 13113 13111
3 12899 12900 13114
3 13114 12965 12899
3 13114 12900 12909
3 12901 12966 12902
3 13115 12903 12902
3 12968 13115 12902
3 12968 12902 12966
3 13115 13116 12903
3 13116 12905 12903
3 13117 12907 12904
3 13117 12904 13118
3 13119 13118 12904
3 13119 12904 12905
3 13116 13119 12905
3 12908 13112 12906
3 13117 13120 12907
3 12907 13120 12908
3 12908 13121 13112
3 13121 12908 13120
3 13114 12909 13122
3 13122 12909 12935
3 12910 12911 13123
3 12926 12910 13123
3 13124 13123 12911
3 13124 12911 12913
3 12912 12915 13125
3 12912 13125 12913
3 13126 13124 12913
3 13126 12913 13125
3 12919 13127 12914
3 12915 12914 13127
3 12915 13127 13128
3 12915 13128 13129
3 12915 13129 13125
3 12918 13130 12916
3 12916 13130 13131
3 12916 13131 12917
3 12917 13131 13132
3 12917 13132 12920
3 12924 13133 12918
3 12918 13133 13130
3 13127 12919 12923
3 13134 12921 12920
3 13134 12920 13132
3 13135 12922 12921
3 13135 12921 13134
3 12923 12922 13136
3 13135 13136 12922
3 13127 12923 13137
3 13136 13137 12923
3 12924 13138 13133
3 12931 13138 12924
3 13139 12934 12925
3 12926 13139 12925
3 12926 13123 13140
3 13139 12926 13140
3 12927 13141 13142
3 12927 13142 12929
3 12928 13141 12927
3 12928 12932 13143
3 12928 13143 13144
3 12928 13144 13141
3 12930 12929 13142
3 12930 13142 13145
3 12930 13145 13146
3 12930 13146 12931
3 12931 13146 13138
3 13147 13143 12932
3 12932 12933 13147
3 13147 12933 13001
3 13139 13148 12934
3 13149 12940 12934
3 13149 12934 13148
3 13122 12935 13150
3 13151 13150 12935
3 13151 12935 12936
3 12936 12939 13152
3 12936 13152 13151
3 13153 12937 12940
3 13154 12938 12937
3 13154 12937 13153
3 13155 12939 12938
3 13155 12938 13154
3 13156 13152 12939
3 13156 12939 13155
3 13153 12940 13149
3 12941 13107 13157
3 12942 12941 13157
3 12942 13157 12962
3 12957 12943 13158
3 13158 12943 12944
3 13158 12944 13159
3 13159 12944 13160
3 12945 13160 12944
3 13161 13160 12945
3 12945 12946 13161
3 12947 13162 12946
3 13161 12946 13162
3 12947 12948 13163
3 12947 13163 13162
3 12948 12963 13164
3 12948 13164 13163
3 12961 13060 12949
3 12951 13062 12950
3 12950 13062 13061
3 12950 13061 12958
3 12951 13063 13062
3 12953 13063 12951
3 12954 13064 12952
3 12952 13064 13065
3 12952 13065 12953
3 12953 13065 13063
3 12955 13066 12954
3 12954 13066 13064
3 12955 13067 13066
3 13068 13067 12955
3 13068 12955 12956
3 12956 12957 13069
3 12956 13069 13068
3 13158 13069 12957
3 12959 12958 13061
3 12959 13061 13070
3 12960 12959 13070
3 12960 13070 13071
3 12960 13071 13072
3 12960 13072 12961
3 12961 13072 13060
3 13165 12963 12962
3 13165 12962 13157
3 12963 13165 13166
3 12963 13166 13164
3 12975 12964 13167
3 12965 13167 12964
3 13114 13167 12965
3 12967 13168 13169
3 12967 13169 12968
3 13168 12967 12969
3 13115 12968 13169
3 13168 12969 13170
3 12972 13170 12969
3 13171 13172 12970
3 12971 12970 13172
3 12970 12973 13171
3 12971 13172 13173
3 12972 12971 13173
3 12972 13173 13174
3 12972 13174 13170
3 12974 13175 12973
3 13175 13171 12973
3 13175 12974 13044
3 12975 13167 13176
3 13176 13004 12975
3 12977 12976 12984
3 13177 12979 12977
3 12977 12984 13177
3 13178 12982 12978
3 13178 12978 12979
3 13177 13179 12979
3 13178 12979 13179
3 12981 12993 12980
3 12981 12982 13180
3 12981 13180 13181
3 12981 13181 12993
3 12982 13178 13182
3 12982 13182 13180
3 13183 12983 13002
3 12983 13183 12984
3 13183 13177 12984
3 13184 12988 12985
3 13185 13184 12985
3 13185 12985 12986
3 12986 12987 13186
3 12986 13186 13185
3 13187 13186 12987
3 13187 12987 12990
3 13188 12989 12988
3 13184 13188 12988
3 13188 13189 12989
3 13190 12999 12989
3 13190 12989 13189
3 12990 12991 13191
3 12990 13191 13187
3 13191 12991 13192
3 12991 12992 13192
3 12992 12993 13193
3 13192 12992 13193
3 13194 13193 12993
3 13194 12993 13181
3 13195 12994 12998
3 12994 13195 13196
3 12994 13196 12995
3 13197 13198 12995
3 13197 12995 13196
3 12996 12995 13198
3 12996 13198 13199
3 12996 13199 13200
3 12996 13200 12997
3 13201 12997 13200
3 13000 12997 13201
3 13195 12998 13202
3 13202 12998 12999
3 13202 12999 13190
3 13201 13203 13000
3 13000 13203 13001
3 13147 13001 13203
3 13183 13002 13204
3 13205 13204 13002
3 13205 13002 13003
3 13003 13010 13206
3 13003 13206 13205
3 13176 13207 13004
3 13004 13207 13208
3 13004 13208 13005
3 13005 13208 13209
3 13005 13209 13006
3 13006 13209 13210
3 13006 13210 13007
3 13007 13210 13211
3 13007 13211 13212
3 13212 13008 13007
3 13212 13213 13008
3 13009 13008 13213
3 13009 13213 13214
3 13214 13010 13009
3 13214 13206 13010
3 13012 13011 13215
3 13216 13215 13011
3 13216 13011 13013
3 13012 13215 13217
3 13217 13023 13012
3 13216 13013 13014
3 13216 13014 13218
3 13015 13218 13014
3 13015 13219 13218
3 13219 13015 13016
3 13219 13016 13220
3 13017 13220 13016
3 13017 13221 13220
3 13221 13017 13022
3 13019 13018 13058
3 13019 13222 13020
3 13222 13019 13058
3 13222 13223 13020
3 13021 13020 13223
3 13021 13224 13022
3 13224 13021 13223
3 13221 13022 13225
3 13224 13225 13022
3 13217 13226 13023
3 13025 13023 13226
3 13024 13025 13227
3 13024 13227 13228
3 13024 13229 13026
3 13229 13024 13228
3 13025 13226 13227
3 13230 13043 13026
3 13230 13026 13229
3 13231 13027 13028
3 13027 13231 13232
3 13027 13232 13031
3 13231 13028 13233
3 13029 13233 13028
3 13234 13029 13030
3 13029 13234 13233
3 13234 13030 13235
3 13235 13030 13036
3 13236 13032 13031
3 13236 13031 13232
3 13032 13236 13237
3 13032 13237 13238
3 13033 13032 13238
3 13033 13238 13239
3 13033 13239 13034
3 13240 13050 13034
3 13035 13034 13050
3 13240 13034 13239
3 13235 13036 13241
3 13241 13036 13042
3 13242 13243 13037
3 13242 13037 13040
3 13243 13038 13037
3 13244 13039 13038
3 13243 13244 13038
3 13244 13245 13039
3 13041 13039 13245
3 13230 13242 13040
3 13230 13040 13043
3 13041 13245 13246
3 13041 13246 13247
3 13041 13247 13042
3 13241 13042 13247
3 13175 13044 13045
3 13248 13175 13045
3 13248 13045 13046
3 13249 13248 13046
3 13249 13046 13047
3 13250 13249 13047
3 13250 13047 13048
3 13049 13250 13048
3 13049 13050 13251
3 13251 13252 13049
3 13250 13049 13252
3 13240 13251 13050
3 13051 13069 13253
3 13253 13057 13051
3 13056 13254 13052
3 13052 13254 13255
3 13052 13255 13053
3 13053 13255 13256
3 13053 13256 13054
3 13257 13055 13054
3 13257 13054 13256
3 13055 13257 13258
3 13055 13258 13059
3 13056 13057 13259
3 13259 13254 13056
3 13253 13260 13057
3 13259 13057 13260
3 13222 13058 13059
3 13261 13222 13059
3 13261 13059 13258
3 13158 13253 13069
3 13262 13263 13073
3 13262 13073 13076
3 13263 13074 13073
3 13264 13075 13074
3 13263 13264 13074
3 13264 13265 13075
3 13265 13087 13075
3 13262 13076 13077
3 13262 13077 13266
3 13267 13266 13077
3 13268 13267 13077
3 13268 13077 13078
3 13268 13078 13080
3 13269 13270 13080
3 13079 13269 13080
3 13268 13080 13270
3 13086 13269 13079
3 13271 13272 13081
3 13271 13081 13085
3 13272 13082 13081
3 13273 13083 13082
3 13272 13273 13082
3 13273 13274 13083
3 13275 13084 13083
3 13275 13083 13274
3 13084 13275 13086
3 13111 13271 13085
3 13086 13276 13269
3 13275 13276 13086
3 13277 13088 13087
3 13265 13277 13087
3 13278 13091 13090
3 13278 13090 13279
3 13279 13090 13089
3 13279 13089 13280
3 13281 13280 13089
3 13281 13089 13088
3 13277 13281 13088
3 13091 13278 13282
3 13091 13282 13092
3 13283 13093 13092
3 13283 13092 13282
3 13093 13283 13284
3 13093 13284 13095
3 13103 13094 13095
3 13285 13286 13095
3 13285 13095 13284
3 13103 13095 13286
3 13287 13096 13100
3 13287 13097 13096
3 13287 13288 13097
3 13098 13097 13288
3 13098 13288 13289
3 13099 13098 13289
3 13099 13289 13290
3 13104 13099 13290
3 13287 13100 13291
3 13101 13291 13100
3 13292 13101 13102
3 13101 13292 13291
3 13292 13102 13293
3 13102 13103 13286
3 13102 13286 13293
3 13104 13290 13294
3 13105 13104 13294
3 13105 13294 13295
3 13106 13105 13295
3 13106 13295 13296
3 13110 13106 13296
3 13297 13157 13107
3 13108 13297 13107
3 13297 13108 13298
3 13108 13109 13298
3 13299 13298 13109
3 13110 13299 13109
3 13110 13296 13300
3 13299 13110 13300
3 13111 13113 13301
3 13111 13301 13271
3 13121 13113 13112
3 13121 13301 13113
3 13122 13167 13114
3 13115 13169 13302
3 13116 13115 13302
3 13116 13302 13303
3 13119 13116 13303
3 13304 13305 13117
3 13117 13305 13120
3 13304 13117 13118
3 13304 13118 13306
3 13119 13306 13118
3 13119 13303 13307
3 13119 13307 13306
3 13121 13120 13308
3 13305 13308 13120
3 13301 13121 13308
3 13150 13176 13122
3 13122 13176 13167
3 13124 13140 13123
3 13126 13309 13124
3 13124 13309 13140
3 13310 13126 13125
3 13310 13125 13129
3 13126 13311 13309
3 13310 13311 13126
3 13128 13127 13137
3 13128 13137 13312
3 13128 13312 13313
3 13128 13313 13129
3 13314 13310 13129
3 13314 13129 13313
3 13133 13315 13130
3 13316 13131 13130
3 13316 13130 13315
3 13317 13132 13131
3 13317 13131 13316
3 13318 13134 13132
3 13318 13132 13317
3 13319 13133 13138
3 13133 13319 13315
3 13320 13135 13134
3 13320 13134 13318
3 13321 13135 13320
3 13135 13321 13136
3 13136 13322 13137
3 13322 13136 13321
3 13323 13312 13137
3 13323 13137 13322
3 13319 13138 13324
3 13325 13324 13138
3 13325 13138 13146
3 13139 13140 13326
3 13148 13139 13326
3 13309 13326 13140
3 13327 13145 13142
3 13328 13327 13142
3 13328 13142 13141
3 13329 13328 13141
3 13329 13141 13330
3 13330 13141 13144
3 13330 13144 13331
3 13332 13331 13144
3 13332 13144 13143
3 13332 13143 13333
3 13147 13333 13143
3 13327 13334 13145
3 13146 13145 13334
3 13146 13334 13325
3 13203 13333 13147
3 13148 13326 13335
3 13148 13335 13336
3 13148 13336 13149
3 13149 13336 13337
3 13149 13337 13153
3 13150 13207 13176
3 13208 13207 13150
3 13208 13150 13151
3 13151 13152 13209
3 13151 13209 13208
3 13210 13209 13152
3 13210 13152 13156
3 13153 13337 13338
3 13153 13338 13154
3 13154 13338 13339
3 13154 13339 13155
3 13155 13339 13340
3 13155 13340 13156
3 13156 13340 13211
3 13156 13211 13210
3 13297 13165 13157
3 13159 13253 13158
3 13159 13260 13253
3 13341 13260 13159
3 13159 13160 13341
3 13341 13160 13342
3 13161 13342 13160
3 13343 13342 13161
3 13161 13162 13343
3 13344 13343 13162
3 13344 13162 13163
3 13345 13344 13163
3 13345 13163 13164
3 13346 13345 13164
3 13346 13164 13166
3 13165 13297 13347
3 13165 13347 13166
3 13348 13346 13166
3 13348 13166 13347
3 13349 13169 13168
3 13349 13168 13350
3 13350 13168 13170
3 13302 13169 13349
3 13350 13170 13351
3 13352 13351 13170
3 13352 13170 13174
3 13171 13353 13172
3 13248 13353 13171
3 13175 13248 13171
3 13354 13173 13172
3 13354 13172 13353
3 13354 13355 13173
3 13355 13174 13173
3 13355 13352 13174
3 13356 13179 13177
3 13183 13356 13177
3 13178 13179 13357
3 13357 13182 13178
3 13356 13358 13179
3 13358 13357 13179
3 13181 13180 13359
3 13360 13359 13180
3 13360 13180 13182
3 13181 13359 13194
3 13357 13361 13182
3 13360 13182 13361
3 13356 13183 13204
3 13188 13184 13362
3 13363 13362 13184
3 13363 13184 13185
3 13185 13186 13364
3 13185 13364 13363
3 13186 13187 13365
3 13186 13365 13364
3 13187 13191 13366
3 13187 13366 13365
3 13188 13362 13367
3 13189 13188 13367
3 13189 13367 13368
3 13190 13189 13368
3 13190 13368 13369
3 13190 13369 13370
3 13190 13370 13202
3 13366 13191 13371
3 13191 13192 13371
3 13371 13192 13372
3 13192 13193 13372
3 13194 13372 13193
3 13373 13194 13359
3 13194 13373 13372
3 13374 13195 13202
3 13195 13374 13375
3 13195 13375 13196
3 13196 13375 13376
3 13196 13376 13197
3 13197 13377 13378
3 13197 13378 13198
3 13377 13197 13376
3 13379 13199 13198
3 13379 13198 13378
3 13199 13379 13380
3 13199 13380 13200
3 13201 13200 13381
3 13382 13381 13200
3 13382 13200 13380
3 13381 13383 13201
3 13201 13383 13203
3 13374 13202 13370
3 13203 13383 13333
3 13356 13204 13384
3 13384 13204 13205
3 13384 13205 13385
3 13385 13205 13206
3 13385 13206 13386
3 13387 13386 13206
3 13387 13206 13214
3 13212 13388 13389
3 13212 13389 13213
3 13212 13211 13390
3 13212 13390 13388
3 13390 13211 13340
3 13391 13214 13213
3 13392 13391 13213
3 13392 13213 13389
3 13391 13387 13214
3 13393 13217 13215
3 13393 13215 13394
3 13394 13215 13216
3 13394 13216 13395
3 13396 13395 13216
3 13396 13216 13218
3 13397 13226 13217
3 13397 13217 13393
3 13398 13396 13218
3 13398 13218 13219
3 13399 13398 13219
3 13399 13219 13220
3 13400 13399 13220
3 13400 13220 13221
3 13401 13400 13221
3 13401 13221 13225
3 13222 13261 13223
3 13261 13402 13223
3 13224 13223 13402
3 13224 13403 13225
3 13403 13224 13402
3 13404 13401 13225
3 13404 13225 13403
3 13405 13227 13226
3 13405 13226 13397
3 13227 13405 13406
3 13227 13406 13228
3 13229 13228 13407
3 13408 13407 13228
3 13408 13228 13406
3 13230 13229 13407
3 13230 13407 13409
3 13242 13230 13409
3 13231 13233 13410
3 13231 13410 13411
3 13231 13411 13412
3 13231 13412 13232
3 13413 13236 13232
3 13413 13232 13412
3 13234 13410 13233
3 13414 13234 13235
3 13234 13414 13410
3 13414 13235 13415
3 13241 13415 13235
3 13236 13413 13416
3 13236 13416 13237
3 13417 13418 13238
3 13417 13238 13237
3 13418 13239 13238
3 13419 13417 13237
3 13419 13237 13416
3 13240 13239 13420
3 13418 13420 13239
3 13240 13421 13422
3 13240 13422 13251
3 13240 13420 13423
3 13240 13423 13421
3 13247 13424 13241
3 13241 13424 13415
3 13242 13409 13425
3 13243 13242 13425
3 13243 13425 13426
3 13244 13243 13426
3 13244 13426 13427
3 13245 13244 13427
3 13245 13427 13428
3 13246 13245 13428
3 13246 13428 13429
3 13246 13429 13430
3 13246 13430 13247
3 13247 13430 13424
3 13248 13249 13353
3 13249 13250 13431
3 13249 13431 13353
3 13250 13252 13431
3 13422 13431 13252
3 13251 13422 13252
3 13259 13432 13254
3 13433 13255 13254
3 13433 13254 13432
3 13434 13256 13255
3 13434 13255 13433
3 13435 13257 13256
3 13435 13256 13434
3 13257 13435 13436
3 13257 13436 13258
3 13437 13261 13258
3 13437 13258 13436
3 13259 13260 13438
3 13438 13432 13259
3 13341 13438 13260
3 13261 13437 13402
3 13262 13266 13439
3 13262 13439 13440
3 13263 13262 13440
3 13263 13440 13441
3 13264 13263 13441
3 13264 13441 13442
3 13265 13264 13442
3 13265 13442 13443
3 13277 13265 13443
3 13444 13439 13266
3 13444 13266 13445
3 13267 13445 13266
3 13445 13267 13446
3 13270 13446 13267
3 13270 13267 13268
3 13447 13446 13270
3 13269 13447 13270
3 13447 13269 13276
3 13272 13271 13301
3 13272 13301 13448
3 13273 13272 13448
3 13273 13448 13449
3 13274 13273 13449
3 13274 13449 13450
3 13451 13275 13274
3 13451 13274 13450
3 13275 13451 13276
3 13452 13276 13453
3 13447 13276 13452
3 13451 13453 13276
3 13277 13443 13454
3 13281 13277 13454
3 13455 13278 13279
3 13278 13455 13456
3 13278 13456 13282
3 13455 13279 13457
3 13280 13457 13279
3 13280 13281 13458
3 13280 13458 13459
3 13280 13459 13457
3 13281 13454 13458
3 13460 13283 13282
3 13460 13282 13456
3 13460 13284 13283
3 13285 13284 13461
3 13460 13461 13284
3 13462 13293 13286
3 13462 13286 13285
3 13285 13461 13462
3 13394 13288 13287
3 13394 13287 13393
3 13393 13287 13291
3 13394 13289 13288
3 13395 13290 13289
3 13394 13395 13289
3 13395 13396 13290
3 13396 13294 13290
3 13393 13291 13397
3 13292 13397 13291
3 13292 13293 13406
3 13292 13406 13405
3 13292 13405 13397
3 13462 13406 13293
3 13398 13295 13294
3 13396 13398 13294
3 13398 13399 13295
3 13399 13296 13295
3 13400 13300 13296
3 13399 13400 13296
3 13297 13298 13347
3 13463 13347 13298
3 13299 13463 13298
3 13299 13300 13464
3 13463 13299 13464
3 13400 13401 13300
3 13401 13464 13300
3 13301 13308 13448
3 13465 13303 13302
3 13302 13349 13465
3 13465 13466 13303
3 13467 13307 13303
3 13467 13303 13466
3 13304 13468 13305
3 13469 13468 13304
3 13469 13304 13306
3 13305 13470 13308
3 13470 13305 13468
3 13469 13306 13471
3 13307 13471 13306
3 13307 13467 13471
3 13470 13448 13308
3 13472 13309 13311
3 13309 13472 13326
3 13314 13473 13310
3 13310 13473 13311
3 13472 13311 13474
3 13473 13474 13311
3 13475 13313 13312
3 13475 13312 13323
3 13476 13314 13313
3 13476 13313 13475
3 13314 13477 13473
3 13476 13477 13314
3 13319 13478 13315
3 13315 13478 13479
3 13315 13479 13316
3 13316 13479 13480
3 13316 13480 13317
3 13481 13318 13317
3 13481 13317 13480
3 13318 13481 13482
3 13318 13482 13320
3 13483 13319 13324
3 13319 13483 13478
3 13321 13320 13484
3 13482 13484 13320
3 13484 13485 13321
3 13322 13321 13485
3 13323 13322 13485
3 13323 13485 13486
3 13475 13323 13486
3 13483 13324 13487
3 13325 13487 13324
3 13325 13488 13487
3 13325 13334 13489
3 13325 13489 13488
3 13472 13335 13326
3 13327 13328 13490
3 13327 13490 13491
3 13334 13327 13491
3 13492 13490 13328
3 13492 13328 13329
3 13329 13330 13493
3 13329 13493 13494
3 13492 13329 13494
3 13330 13331 13495
3 13330 13495 13493
3 13331 13332 13496
3 13331 13496 13495
3 13332 13497 13498
3 13332 13498 13496
3 13332 13333 13497
3 13497 13333 13383
3 13334 13491 13489
3 13472 13499 13335
3 13336 13335 13499
3 13500 13337 13336
3 13336 13499 13500
3 13500 13501 13337
3 13502 13338 13337
3 13502 13337 13501
3 13338 13502 13503
3 13338 13503 13339
3 13504 13505 13339
3 13504 13339 13503
3 13505 13340 13339
3 13390 13340 13506
3 13505 13506 13340
3 13507 13438 13341
3 13341 13342 13507
3 13507 13342 13508
3 13343 13508 13342
3 13343 13344 13509
3 13343 13509 13508
3 13344 13345 13510
3 13344 13510 13509
3 13345 13346 13511
3 13345 13511 13510
3 13346 13348 13512
3 13346 13512 13511
3 13463 13348 13347
3 13348 13463 13513
3 13348 13513 13512
3 13350 13351 13514
3 13350 13514 13515
3 13349 13350 13515
3 13349 13515 13516
3 13517 13465 13349
3 13517 13349 13516
3 13351 13352 13423
3 13351 13423 13514
3 13352 13355 13421
3 13352 13421 13423
3 13354 13353 13431
3 13422 13355 13354
3 13422 13354 13431
3 13422 13421 13355
3 13358 13356 13384
3 13518 13361 13357
3 13358 13518 13357
3 13358 13384 13519
3 13518 13358 13519
3 13373 13359 13520
3 13360 13520 13359
3 13360 13361 13521
3 13521 13522 13360
3 13360 13522 13520
3 13518 13523 13361
3 13523 13521 13361
3 13524 13367 13362
3 13525 13524 13362
3 13525 13362 13363
3 13363 13364 13526
3 13363 13526 13525
3 13527 13526 13364
3 13527 13364 13365
3 13528 13527 13365
3 13528 13365 13366
3 13366 13371 13529
3 13529 13528 13366
3 13530 13368 13367
3 13524 13530 13367
3 13530 13531 13368
3 13531 13369 13368
3 13532 13374 13370
3 13532 13370 13533
3 13533 13370 13369
3 13533 13369 13534
3 13531 13534 13369
3 13371 13372 13535
3 13529 13371 13535
3 13373 13535 13372
3 13536 13373 13520
3 13373 13536 13535
3 13374 13532 13537
3 13374 13537 13375
3 13538 13376 13375
3 13538 13375 13537
3 13377 13376 13539
3 13538 13539 13376
3 13379 13378 13540
3 13540 13378 13377
3 13540 13377 13541
3 13542 13541 13377
3 13542 13377 13539
3 13379 13543 13544
3 13379 13544 13380
3 13379 13540 13543
3 13545 13382 13380
3 13545 13380 13544
3 13382 13545 13546
3 13382 13546 13547
3 13381 13382 13547
3 13381 13547 13548
3 13381 13548 13383
3 13497 13383 13548
3 13385 13519 13384
3 13386 13549 13385
3 13385 13549 13519
3 13386 13550 13549
3 13386 13387 13551
3 13386 13551 13550
3 13387 13391 13552
3 13387 13552 13551
3 13392 13389 13553
3 13554 13553 13389
3 13554 13389 13388
3 13388 13390 13555
3 13388 13555 13554
3 13506 13555 13390
3 13556 13552 13391
3 13556 13391 13392
3 13392 13553 13556
3 13401 13404 13464
3 13437 13557 13402
3 13403 13402 13557
3 13558 13404 13403
3 13558 13403 13557
3 13404 13558 13513
3 13404 13513 13464
3 13462 13408 13406
3 13407 13408 13559
3 13407 13559 13409
3 13462 13559 13408
3 13560 13425 13409
3 13560 13409 13559
3 13561 13411 13410
3 13561 13410 13562
3 13563 13562 13410
3 13563 13410 13414
3 13561 13412 13411
3 13561 13564 13412
3 13564 13413 13412
3 13565 13416 13413
3 13564 13565 13413
3 13566 13563 13414
3 13566 13414 13415
3 13567 13566 13415
3 13567 13415 13424
3 13568 13419 13416
3 13565 13568 13416
3 13417 13419 13516
3 13417 13516 13515
3 13418 13417 13515
3 13418 13515 13514
3 13420 13418 13514
3 13569 13516 13419
3 13568 13569 13419
3 13420 13514 13423
3 13570 13567 13424
3 13570 13424 13430
3 13425 13560 13571
3 13425 13571 13426
3 13572 13427 13426
3 13572 13426 13571
3 13427 13572 13573
3 13427 13573 13428
3 13574 13429 13428
3 13574 13428 13573
3 13574 13430 13429
3 13574 13570 13430
3 13438 13575 13432
3 13432 13575 13576
3 13432 13576 13433
3 13433 13576 13577
3 13433 13577 13434
3 13578 13435 13434
3 13578 13434 13577
3 13435 13578 13579
3 13435 13579 13436
3 13580 13437 13436
3 13580 13436 13579
3 13437 13580 13557
3 13507 13575 13438
3 13561 13441 13440
3 13564 13561 13440
3 13564 13440 13439
3 13565 13564 13439
3 13565 13439 13444
3 13561 13562 13441
3 13562 13442 13441
3 13563 13443 13442
3 13562 13563 13442
3 13563 13566 13443
3 13566 13454 13443
3 13568 13565 13444
3 13568 13444 13581
3 13445 13581 13444
3 13445 13446 13582
3 13445 13582 13581
3 13452 13583 13446
3 13447 13452 13446
3 13582 13446 13583
3 13470 13449 13448
3 13449 13470 13584
3 13449 13584 13450
3 13585 13451 13450
3 13585 13450 13584
3 13451 13585 13453
3 13452 13586 13583
3 13452 13453 13586
3 13586 13453 13587
3 13585 13587 13453
3 13567 13458 13454
3 13566 13567 13454
3 13560 13460 13456
3 13560 13456 13571
3 13455 13571 13456
3 13572 13455 13457
3 13455 13572 13571
3 13572 13457 13573
3 13573 13457 13459
3 13573 13459 13574
3 13570 13574 13459
3 13570 13459 13458
3 13567 13570 13458
3 13460 13560 13559
3 13460 13559 13461
3 13462 13461 13559
3 13463 13464 13513
3 13465 13517 13588
3 13465 13588 13466
3 13589 13467 13466
3 13589 13466 13588
3 13467 13589 13590
3 13467 13590 13471
3 13469 13591 13468
3 13470 13468 13584
3 13591 13584 13468
3 13471 13592 13469
3 13591 13469 13592
3 13471 13590 13592
3 13499 13472 13474
3 13593 13473 13477
3 13473 13593 13474
3 13499 13474 13594
3 13593 13594 13474
3 13475 13486 13595
3 13476 13475 13595
3 13476 13595 13596
3 13596 13597 13476
3 13476 13597 13477
3 13593 13477 13598
3 13597 13598 13477
3 13483 13599 13478
3 13600 13479 13478
3 13600 13478 13599
3 13479 13600 13601
3 13479 13601 13480
3 13602 13481 13480
3 13602 13480 13601
3 13481 13602 13603
3 13481 13603 13482
3 13482 13604 13484
3 13603 13604 13482
3 13605 13483 13487
3 13483 13605 13599
3 13484 13606 13485
3 13606 13484 13604
3 13606 13486 13485
3 13607 13595 13486
3 13606 13607 13486
3 13605 13487 13608
3 13608 13487 13488
3 13609 13610 13489
3 13609 13489 13491
3 13610 13488 13489
3 13608 13488 13611
3 13610 13611 13488
3 13612 13491 13490
3 13613 13612 13490
3 13613 13490 13492
3 13612 13609 13491
3 13492 13494 13614
3 13613 13492 13614
3 13615 13493 13495
3 13494 13493 13615
3 13616 13614 13494
3 13494 13615 13616
3 13615 13495 13617
3 13618 13617 13495
3 13618 13495 13496
3 13619 13618 13496
3 13619 13496 13498
3 13546 13619 13498
3 13546 13498 13547
3 13497 13547 13498
3 13497 13548 13547
3 13500 13499 13594
3 13620 13501 13500
3 13500 13594 13620
3 13620 13621 13501
3 13622 13502 13501
3 13622 13501 13621
3 13502 13622 13623
3 13502 13623 13503
3 13503 13623 13624
3 13503 13624 13504
3 13504 13624 13625
3 13504 13625 13505
3 13505 13625 13626
3 13505 13626 13506
3 13506 13626 13555
3 13627 13575 13507
3 13507 13508 13627
3 13627 13508 13509
3 13627 13509 13628
3 13629 13628 13509
3 13629 13509 13510
3 13630 13629 13510
3 13630 13510 13511
3 13631 13630 13511
3 13631 13511 13512
3 13558 13631 13512
3 13558 13512 13513
3 13569 13517 13516
3 13517 13569 13632
3 13517 13632 13588
3 13518 13519 13633
3 13523 13518 13633
3 13634 13633 13519
3 13634 13519 13549
3 13536 13520 13635
3 13522 13635 13520
3 13636 13522 13637
3 13522 13636 13635
3 13521 13637 13522
3 13638 13637 13521
3 13523 13638 13521
3 13523 13633 13639
3 13638 13523 13639
3 13530 13524 13640
3 13641 13640 13524
3 13641 13524 13525
3 13525 13526 13642
3 13525 13642 13641
3 13526 13527 13643
3 13526 13643 13642
3 13527 13528 13644
3 13527 13644 13643
3 13645 13644 13528
3 13529 13645 13528
3 13529 13535 13646
3 13645 13529 13646
3 13530 13640 13647
3 13531 13530 13647
3 13531 13647 13648
3 13534 13531 13648
3 13649 13532 13533
3 13532 13649 13650
3 13532 13650 13537
3 13649 13533 13651
3 13534 13651 13533
3 13534 13648 13652
3 13534 13652 13651
3 13536 13646 13535
3 13653 13536 13635
3 13536 13653 13646
3 13537 13650 13654
3 13537 13654 13538
3 13655 13538 13654
3 13538 13655 13539
3 13656 13542 13539
3 13656 13539 13655
3 13543 13540 13657
3 13541 13657 13540
3 13541 13542 13658
3 13541 13658 13659
3 13541 13659 13657
3 13542 13656 13660
3 13542 13660 13658
3 13661 13545 13544
3 13661 13544 13662
3 13663 13662 13544
3 13663 13544 13543
3 13543 13657 13663
3 13661 13546 13545
3 13661 13664 13546
3 13546 13664 13665
3 13546 13665 13619
3 13549 13550 13666
3 13549 13666 13634
3 13667 13666 13550
3 13667 13550 13551
3 13668 13667 13551
3 13668 13551 13552
3 13669 13668 13552
3 13669 13552 13556
3 13670 13556 13553
3 13671 13670 13553
3 13671 13553 13554
3 13554 13555 13672
3 13554 13672 13671
3 13672 13555 13626
3 13670 13669 13556
3 13631 13558 13557
3 13631 13557 13580
3 13569 13568 13581
3 13569 13581 13632
3 13627 13576 13575
3 13628 13577 13576
3 13628 13576 13627
3 13628 13578 13577
3 13629 13579 13578
3 13628 13629 13578
3 13630 13580 13579
3 13629 13630 13579
3 13630 13631 13580
3 13582 13632 13581
3 13582 13673 13632
3 13582 13583 13673
3 13592 13590 13583
3 13592 13583 13586
3 13589 13673 13583
3 13589 13583 13590
3 13591 13585 13584
3 13585 13591 13587
3 13586 13587 13592
3 13591 13592 13587
3 13673 13589 13588
3 13673 13588 13632
3 13674 13593 13598
3 13593 13674 13594
3 13675 13620 13594
3 13675 13594 13674
3 13607 13676 13595
3 13676 13596 13595
3 13677 13678 13596
3 13676 13677 13596
3 13596 13678 13597
3 13679 13597 13678
3 13597 13679 13598
3 13674 13598 13680
3 13679 13680 13598
3 13605 13681 13599
3 13682 13600 13599
3 13682 13599 13681
3 13600 13682 13683
3 13600 13683 13601
3 13684 13602 13601
3 13684 13601 13683
3 13602 13684 13685
3 13602 13685 13603
3 13686 13603 13685
3 13603 13686 13604
3 13606 13604 13687
3 13686 13687 13604
3 13688 13605 13608
3 13605 13688 13681
3 13607 13606 13687
3 13607 13687 13689
3 13676 13607 13689
3 13688 13608 13690
3 13611 13690 13608
3 13609 13612 13691
3 13609 13691 13692
3 13610 13609 13692
3 13610 13692 13693
3 13611 13610 13693
3 13611 13693 13694
3 13611 13694 13690
3 13695 13691 13612
3 13695 13612 13613
3 13613 13614 13696
3 13695 13613 13696
3 13616 13697 13614
3 13698 13696 13614
3 13698 13614 13697
3 13617 13699 13615
3 13616 13615 13699
3 13616 13700 13701
3 13616 13701 13697
3 13616 13699 13700
3 13618 13619 13665
3 13618 13665 13702
3 13618 13702 13703
3 13618 13703 13617
3 13617 13703 13699
3 13704 13621 13620
3 13704 13620 13675
3 13705 13622 13621
3 13705 13621 13704
3 13622 13705 13706
3 13622 13706 13623
3 13707 13624 13623
3 13707 13623 13706
3 13624 13707 13708
3 13624 13708 13625
3 13709 13626 13625
3 13709 13625 13708
3 13672 13626 13709
3 13710 13639 13633
3 13710 13633 13634
3 13634 13666 13711
3 13634 13711 13710
3 13653 13635 13712
3 13636 13712 13635
3 13636 13637 13713
3 13714 13636 13713
3 13636 13714 13712
3 13715 13713 13637
3 13638 13715 13637
3 13638 13639 13716
3 13715 13638 13716
3 13717 13716 13639
3 13717 13639 13710
3 13718 13647 13640
3 13719 13718 13640
3 13719 13640 13641
3 13641 13642 13720
3 13641 13720 13719
3 13721 13720 13642
3 13721 13642 13643
3 13722 13721 13643
3 13722 13643 13644
3 13722 13644 13723
3 13645 13723 13644
3 13645 13646 13724
3 13723 13645 13724
3 13653 13724 13646
3 13725 13648 13647
3 13718 13725 13647
3 13725 13726 13648
3 13652 13648 13726
3 13649 13727 13728
3 13649 13728 13650
3 13727 13649 13651
3 13729 13654 13650
3 13729 13650 13728
3 13727 13651 13730
3 13652 13730 13651
3 13652 13726 13731
3 13652 13731 13730
3 13732 13653 13712
3 13653 13732 13724
3 13729 13733 13654
3 13655 13654 13733
3 13734 13656 13655
3 13734 13655 13733
3 13656 13734 13735
3 13656 13735 13660
3 13736 13663 13657
3 13736 13657 13737
3 13738 13737 13657
3 13738 13657 13659
3 13739 13738 13659
3 13739 13659 13658
3 13740 13739 13658
3 13740 13658 13660
3 13741 13740 13660
3 13741 13660 13735
3 13661 13662 13742
3 13661 13742 13743
3 13743 13664 13661
3 13742 13662 13663
3 13742 13663 13736
3 13743 13744 13664
3 13745 13665 13664
3 13745 13664 13744
3 13746 13702 13665
3 13746 13665 13745
3 13666 13667 13747
3 13666 13747 13711
3 13667 13668 13748
3 13667 13748 13747
3 13668 13669 13749
3 13668 13749 13748
3 13669 13670 13750
3 13669 13750 13749
3 13751 13750 13670
3 13751 13670 13671
3 13671 13672 13752
3 13671 13752 13751
3 13709 13752 13672
3 13674 13680 13753
3 13674 13753 13675
3 13675 13753 13754
3 13675 13754 13704
3 13676 13689 13755
3 13677 13676 13755
3 13677 13756 13678
3 13677 13755 13757
3 13756 13677 13757
3 13756 13758 13678
3 13679 13678 13758
3 13759 13679 13758
3 13679 13759 13680
3 13760 13753 13680
3 13760 13680 13759
3 13688 13761 13681
3 13762 13682 13681
3 13762 13681 13761
3 13763 13683 13682
3 13763 13682 13762
3 13764 13684 13683
3 13764 13683 13763
3 13684 13764 13765
3 13684 13765 13685
3 13766 13685 13765
3 13686 13685 13766
3 13767 13686 13766
3 13686 13767 13687
3 13767 13689 13687
3 13768 13688 13690
3 13688 13768 13761
3 13769 13755 13689
3 13767 13769 13689
3 13768 13690 13770
3 13770 13690 13694
3 13771 13693 13692
3 13772 13771 13692
3 13772 13692 13691
3 13773 13772 13691
3 13773 13691 13695
3 13771 13774 13693
3 13774 13694 13693
3 13770 13694 13775
3 13774 13775 13694
3 13773 13695 13776
3 13695 13696 13776
3 13696 13698 13777
3 13696 13777 13776
3 13778 13698 13697
3 13778 13697 13701
3 13698 13778 13779
3 13698 13779 13777
3 13780 13781 13699
3 13780 13699 13703
3 13782 13700 13699
3 13782 13699 13781
3 13700 13782 13783
3 13700 13783 13701
3 13784 13778 13701
3 13784 13701 13783
3 13703 13702 13746
3 13703 13746 13780
3 13785 13705 13704
3 13785 13704 13754
3 13705 13785 13786
3 13705 13786 13706
3 13787 13707 13706
3 13787 13706 13786
3 13707 13787 13788
3 13707 13788 13708
3 13708 13788 13789
3 13708 13789 13709
3 13709 13789 13752
3 13710 13711 13790
3 13710 13790 13717
3 13791 13790 13711
3 13791 13711 13747
3 13732 13712 13792
3 13714 13792 13712
3 13714 13713 13793
3 13794 13793 13713
3 13715 13794 13713
3 13795 13714 13793
3 13714 13795 13792
3 13794 13715 13796
3 13715 13716 13796
3 13797 13796 13716
3 13797 13716 13717
3 13717 13790 13798
3 13717 13798 13797
3 13725 13718 13799
3 13719 13799 13718
3 13800 13719 13720
3 13719 13800 13799
3 13800 13720 13801
3 13720 13721 13802
3 13720 13802 13801
3 13803 13802 13721
3 13803 13721 13722
3 13803 13722 13804
3 13722 13723 13804
3 13804 13723 13805
3 13723 13724 13805
3 13732 13805 13724
3 13725 13799 13806
3 13726 13725 13806
3 13726 13806 13807
3 13731 13726 13807
3 13727 13808 13809
3 13727 13809 13728
3 13808 13727 13730
3 13728 13809 13810
3 13728 13810 13729
3 13811 13729 13810
3 13729 13811 13733
3 13808 13730 13812
3 13813 13812 13730
3 13813 13730 13731
3 13731 13807 13813
3 13814 13732 13792
3 13732 13814 13805
3 13815 13734 13733
3 13815 13733 13811
3 13816 13735 13734
3 13816 13734 13815
3 13817 13741 13735
3 13817 13735 13816
3 13736 13737 13818
3 13736 13818 13819
3 13736 13819 13820
3 13736 13820 13742
3 13737 13738 13821
3 13737 13821 13818
3 13738 13739 13822
3 13738 13822 13821
3 13739 13740 13823
3 13739 13823 13822
3 13740 13741 13824
3 13740 13824 13823
3 13741 13817 13825
3 13741 13825 13824
3 13743 13742 13820
3 13743 13820 13826
3 13826 13744 13743
3 13826 13827 13744
3 13744 13827 13828
3 13744 13828 13745
3 13745 13828 13829
3 13745 13829 13746
3 13780 13746 13829
3 13830 13791 13747
3 13830 13747 13748
3 13831 13830 13748
3 13831 13748 13749
3 13832 13831 13749
3 13832 13749 13750
3 13833 13832 13750
3 13833 13750 13751
3 13751 13752 13834
3 13751 13834 13833
3 13834 13752 13789
3 13835 13754 13753
3 13835 13753 13760
3 13836 13785 13754
3 13836 13754 13835
3 13769 13837 13755
3 13837 13757 13755
3 13756 13757 13838
3 13756 13839 13758
3 13839 13756 13838
3 13840 13838 13757
3 13837 13840 13757
3 13839 13841 13758
3 13759 13758 13841
3 13759 13841 13842
3 13759 13842 13760
3 13760 13842 13843
3 13760 13843 13835
3 13768 13844 13761
3 13762 13761 13844
3 13762 13844 13845
3 13763 13762 13845
3 13763 13845 13846
3 13847 13764 13763
3 13847 13763 13846
3 13848 13765 13764
3 13848 13764 13847
3 13848 13849 13765
3 13766 13765 13849
3 13849 13850 13766
3 13767 13766 13850
3 13769 13767 13850
3 13851 13768 13770
3 13768 13851 13844
3 13769 13850 13852
3 13837 13769 13852
3 13851 13770 13853
3 13775 13853 13770
3 13771 13772 13854
3 13771 13854 13855
3 13774 13771 13855
3 13856 13854 13772
3 13856 13772 13773
3 13773 13776 13857
3 13856 13773 13857
3 13774 13855 13858
3 13774 13858 13859
3 13774 13859 13775
3 13775 13859 13853
3 13860 13857 13776
3 13860 13776 13777
3 13777 13779 13861
3 13777 13861 13860
3 13778 13784 13862
3 13778 13862 13779
3 13863 13861 13779
3 13863 13779 13862
3 13780 13829 13864
3 13864 13781 13780
3 13864 13865 13781
3 13866 13782 13781
3 13866 13781 13865
3 13782 13866 13867
3 13782 13867 13783
3 13868 13784 13783
3 13868 13783 13867
3 13784 13868 13869
3 13784 13869 13862
3 13785 13836 13870
3 13785 13870 13786
3 13871 13787 13786
3 13871 13786 13870
3 13787 13871 13872
3 13787 13872 13788
3 13873 13789 13788
3 13873 13788 13872
3 13834 13789 13873
3 13790 13791 13874
3 13790 13874 13798
3 13830 13874 13791
3 13814 13792 13875
3 13795 13875 13792
3 13794 13876 13793
3 13795 13793 13877
3 13876 13877 13793
3 13794 13796 13878
3 13876 13794 13878
3 13879 13795 13877
3 13795 13879 13875
3 13880 13878 13796
3 13880 13796 13797
3 13797 13798 13881
3 13797 13881 13880
3 13882 13881 13798
3 13882 13798 13874
3 13800 13883 13799
3 13883 13806 13799
3 13884 13800 13801
3 13800 13884 13883
3 13884 13801 13885
3 13802 13885 13801
3 13886 13802 13803
3 13802 13886 13885
3 13803 13804 13887
3 13886 13803 13888
3 13888 13803 13887
3 13804 13805 13889
3 13887 13804 13889
3 13814 13889 13805
3 13890 13807 13806
3 13883 13890 13806
3 13813 13807 13891
3 13890 13891 13807
3 13892 13809 13808
3 13892 13808 13812
3 13892 13810 13809
3 13811 13810 13893
3 13892 13893 13810
3 13815 13811 13893
3 13892 13812 13894
3 13895 13894 13812
3 13895 13812 13813
3 13813 13891 13895
3 13814 13896 13889
3 13896 13814 13875
3 13815 13893 13897
3 13815 13897 13898
3 13815 13898 13816
3 13899 13817 13816
3 13899 13816 13898
3 13899 13825 13817
3 13826 13820 13900
3 13900 13820 13819
3 13900 13819 13901
3 13901 13819 13818
3 13901 13818 13902
3 13902 13818 13821
3 13902 13821 13903
3 13903 13821 13822
3 13903 13822 13904
3 13823 13904 13822
3 13905 13823 13824
3 13823 13905 13904
3 13825 13906 13824
3 13905 13824 13906
3 13825 13907 13906
3 13825 13908 13909
3 13825 13909 13907
3 13899 13908 13825
3 13910 13827 13826
3 13826 13900 13910
3 13910 13911 13827
3 13912 13828 13827
3 13912 13827 13911
3 13913 13829 13828
3 13913 13828 13912
3 13864 13829 13913
3 13831 13914 13830
3 13830 13914 13874
3 13831 13832 13915
3 13831 13915 13916
3 13831 13916 13914
3 13917 13915 13832
3 13917 13832 13833
3 13833 13834 13918
3 13833 13918 13917
3 13873 13918 13834
3 13919 13836 13835
3 13919 13835 13843
3 13919 13870 13836
3 13837 13852 13920
3 13840 13837 13920
3 13839 13838 13921
3 13840 13922 13838
3 13922 13921 13838
3 13839 13923 13841
3 13923 13839 13921
3 13840 13920 13924
3 13922 13840 13924
3 13925 13842 13841
3 13925 13841 13923
3 13926 13843 13842
3 13926 13842 13925
3 13927 13919 13843
3 13927 13843 13926
3 13928 13845 13844
3 13851 13928 13844
3 13929 13846 13845
3 13928 13929 13845
3 13929 13930 13846
3 13930 13847 13846
3 13931 13848 13847
3 13930 13931 13847
3 13848 13932 13849
3 13931 13933 13848
3 13932 13848 13933
3 13934 13849 13932
3 13849 13934 13850
3 13934 13852 13850
3 13935 13851 13853
3 13851 13935 13928
3 13936 13920 13852
3 13934 13936 13852
3 13937 13853 13859
3 13935 13853 13937
3 13938 13855 13854
3 13938 13854 13856
3 13938 13858 13855
3 13856 13857 13939
3 13938 13856 13939
3 13860 13939 13857
3 13938 13940 13858
3 13941 13859 13858
3 13941 13858 13940
3 13937 13859 13941
3 13860 13861 13942
3 13860 13942 13943
3 13860 13943 13939
3 13861 13863 13944
3 13861 13944 13942
3 13945 13863 13862
3 13945 13862 13869
3 13945 13944 13863
3 13864 13913 13946
3 13946 13865 13864
3 13946 13947 13865
3 13866 13865 13947
3 13948 13867 13866
3 13866 13947 13948
3 13948 13949 13867
3 13949 13868 13867
3 13950 13869 13868
3 13949 13950 13868
3 13951 13945 13869
3 13950 13951 13869
3 13871 13870 13952
3 13919 13952 13870
3 13871 13953 13954
3 13871 13954 13872
3 13871 13952 13953
3 13872 13954 13955
3 13872 13955 13873
3 13873 13955 13918
3 13956 13882 13874
3 13956 13874 13914
3 13896 13875 13957
3 13879 13957 13875
3 13876 13878 13958
3 13959 13876 13958
3 13876 13959 13877
3 13879 13877 13960
3 13959 13960 13877
3 13880 13958 13878
3 13879 13961 13957
3 13961 13879 13960
3 13880 13962 13958
3 13880 13881 13963
3 13880 13963 13962
3 13881 13882 13964
3 13881 13964 13963
3 13882 13956 13965
3 13882 13965 13964
3 13884 13966 13883
3 13883 13966 13967
3 13883 13967 13890
3 13884 13885 13968
3 13884 13968 13969
3 13884 13969 13966
3 13970 13968 13885
3 13970 13885 13886
3 13970 13886 13888
3 13887 13889 13971
3 13972 13887 13971
3 13888 13887 13972
3 13970 13888 13973
3 13972 13973 13888
3 13896 13971 13889
3 13890 13967 13974
3 13890 13974 13891
3 13975 13895 13891
3 13975 13891 13974
3 13892 13976 13893
3 13976 13892 13894
3 13976 13897 13893
3 13976 13894 13977
3 13895 13977 13894
3 13895 13975 13977
3 13896 13978 13971
3 13978 13896 13957
3 13979 13980 13898
3 13979 13898 13897
3 13981 13899 13898
3 13981 13898 13980
3 13976 13979 13897
3 13982 13908 13899
3 13982 13899 13981
3 13910 13900 13983
3 13900 13901 13984
3 13900 13984 13983
3 13902 13984 13901
3 13902 13985 13984
3 13903 13985 13902
3 13903 13986 13985
3 13986 13903 13904
3 13986 13904 13987
3 13905 13987 13904
3 13988 13905 13906
3 13905 13988 13987
3 13907 13989 13906
3 13988 13906 13989
3 13990 13991 13909
3 13990 13909 13992
3 13992 13909 13908
3 13907 13909 13991
3 13992 13908 13982
3 13907 13993 13989
3 13907 13991 13993
3 13994 13911 13910
3 13910 13983 13994
3 13994 13995 13911
3 13911 13995 13996
3 13911 13996 13912
3 13912 13996 13997
3 13912 13997 13913
3 13998 13946 13913
3 13998 13913 13997
3 13914 13916 13999
3 13914 13999 14000
3 14001 13956 13914
3 14001 13914 14000
3 13999 13916 13915
3 13999 13915 14002
3 14003 14002 13915
3 14003 13915 13917
3 13917 13918 14004
3 13917 14004 14003
3 14004 13918 13955
3 13919 13927 14005
3 13919 14005 13952
3 13936 14006 13920
3 14006 13924 13920
3 13923 13921 14007
3 14008 14007 13921
3 13922 14008 13921
3 13922 13924 14009
3 14008 13922 14009
3 13925 13923 14007
3 14010 14009 13924
3 14006 14010 13924
3 13925 14007 14011
3 13925 14011 14012
3 13925 14012 13926
3 14013 13927 13926
3 14013 13926 14012
3 13927 14013 14014
3 13927 14014 14005
3 13929 13928 14015
3 14016 14015 13928
3 14016 13928 13935
3 13929 14015 14017
3 13929 14017 14018
3 13929 14018 13930
3 13930 14018 14019
3 13930 14019 13931
3 13933 13931 14019
3 13934 13932 14020
3 14021 14020 13932
3 13932 13933 14021
3 13933 14019 14022
3 14021 13933 14022
3 13936 13934 14020
3 13935 13937 14023
3 13935 14023 14016
3 13936 14020 14024
3 14006 13936 14024
3 13937 13941 14025
3 13937 14025 14023
3 13938 13939 14026
3 13940 13938 14026
3 13943 14026 13939
3 13940 14026 14027
3 13941 13940 14027
3 13941 14027 14025
3 13943 14028 14026
3 14028 13943 13942
3 14028 13942 14029
3 14030 14029 13942
3 14030 13942 13944
3 13944 14031 14032
3 13944 14032 14030
3 13945 14031 13944
3 14033 14031 13945
3 14033 13945 14034
3 13951 14034 13945
3 13998 13947 13946
3 13998 14035 13947
3 13948 13947 14035
3 13948 14035 14036
3 13949 13948 14036
3 13949 14036 14037
3 13950 13949 14037
3 13950 14037 14038
3 13951 13950 14038
3 14034 13951 14039
3 13951 14038 14039
3 13952 14040 14041
3 13952 14041 13953
3 14042 14040 13952
3 14042 13952 14005
3 14041 14043 13954
3 14041 13954 13953
3 14044 13955 13954
3 14044 13954 14043
3 14004 13955 14044
3 13956 14001 14045
3 13956 14045 13965
3 13978 13957 14046
3 13961 14046 13957
3 13959 13958 14047
3 13962 14047 13958
3 14048 13959 14047
3 13959 14048 13960
3 13961 13960 14049
3 14048 14049 13960
3 13961 14050 14046
3 14050 13961 14049
3 13962 13963 14051
3 13962 14051 14052
3 13962 14052 14047
3 14053 14051 13963
3 14053 13963 13964
3 14054 14053 13964
3 14054 13964 13965
3 14055 14054 13965
3 14055 13965 14045
3 13967 14056 14057
3 13967 14057 13974
3 14056 13967 13966
3 14056 13966 13969
3 14058 14056 13969
3 14058 13969 13968
3 14059 14058 13968
3 14059 13968 13970
3 13970 13973 14060
3 13970 14060 14059
3 13972 13971 14061
3 13978 14061 13971
3 14062 13972 14061
3 13972 14062 13973
3 14060 13973 14062
3 14063 13975 13974
3 14063 13974 14057
3 13975 14063 14064
3 13975 14064 13977
3 13979 13976 13977
3 13979 13977 14064
3 14065 13978 14046
3 13978 14065 14061
3 13980 13979 14064
3 13980 14064 14066
3 13980 14066 14067
3 13980 14067 13981
3 13981 14067 14068
3 13981 14068 13982
3 13982 14068 14069
3 13982 14069 13992
3 14070 13994 13983
3 14071 14070 13983
3 14071 13983 13984
3 14071 13984 13985
3 14071 13985 14072
3 13986 14072 13985
3 13986 14073 14072
3 14073 13986 13987
3 14073 13987 14074
3 13988 14074 13987
3 14075 13988 13989
3 13988 14075 14074
3 13993 14076 13989
3 14075 13989 14076
3 13992 14077 13990
3 14078 13991 13990
3 14079 14078 13990
3 14079 13990 14077
3 14078 14080 13991
3 13993 13991 14080
3 13992 14069 14077
3 13993 14081 14076
3 13993 14080 14081
3 14082 13995 13994
3 14082 13994 14083
3 14070 14083 13994
3 13996 13995 14082
3 13996 14082 14084
3 13996 14084 14085
3 13996 14085 13997
3 14086 13998 13997
3 14086 13997 14085
3 14086 14035 13998
3 14002 14087 13999
3 14000 13999 14087
3 14000 14087 14088
3 14000 14088 14089
3 14000 14089 14001
3 14001 14089 14090
3 14001 14090 14045
3 14002 14091 14087
3 14092 14091 14002
3 14092 14002 14003
3 14003 14004 14093
3 14003 14093 14092
3 14044 14093 14004
3 14094 14042 14005
3 14094 14005 14014
3 14006 14024 14095
3 14010 14006 14095
3 14008 14096 14007
3 14096 14011 14007
3 14008 14009 14097
3 14096 14008 14097
3 14010 14098 14009
3 14098 14097 14009
3 14010 14095 14099
3 14098 14010 14099
3 14100 14012 14011
3 14100 14011 14101
3 14096 14101 14011
3 14102 14013 14012
3 14102 14012 14100
3 14013 14102 14103
3 14013 14103 14014
3 14104 14094 14014
3 14104 14014 14103
3 14105 14017 14015
3 14105 14015 14016
3 14106 14105 14016
3 14106 14016 14023
3 14017 14105 14107
3 14017 14107 14018
3 14108 14019 14018
3 14108 14018 14107
3 14109 14022 14019
3 14109 14019 14108
3 14021 14110 14020
3 14110 14024 14020
3 14021 14022 14111
3 14110 14021 14111
3 14111 14022 14109
3 14112 14106 14023
3 14112 14023 14025
3 14113 14095 14024
3 14110 14113 14024
3 14114 14112 14025
3 14114 14025 14027
3 14028 14027 14026
3 14028 14114 14027
3 14114 14028 14029
3 14114 14029 14115
3 14116 14115 14029
3 14116 14029 14030
3 14030 14032 14117
3 14030 14117 14116
3 14118 14117 14032
3 14118 14032 14119
3 14119 14032 14031
3 14119 14031 14033
3 14033 14120 14121
3 14033 14121 14119
3 14034 14120 14033
3 14034 14039 14122
3 14034 14122 14120
3 14086 14123 14035
3 14123 14036 14035
3 14124 14037 14036
3 14123 14124 14036
3 14124 14125 14037
3 14125 14038 14037
3 14126 14039 14038
3 14125 14126 14038
3 14127 14122 14039
3 14126 14127 14039
3 14128 14043 14041
3 14128 14041 14040
3 14128 14040 14129
3 14130 14129 14040
3 14130 14040 14042
3 14042 14094 14131
3 14042 14131 14130
3 14128 14132 14043
3 14043 14132 14133
3 14043 14133 14044
3 14044 14133 14093
3 14134 14055 14045
3 14134 14045 14090
3 14065 14046 14135
3 14050 14135 14046
3 14048 14047 14136
3 14052 14136 14047
3 14048 14137 14049
3 14137 14048 14136
3 14050 14049 14138
3 14137 14138 14049
3 14139 14050 14138
3 14050 14139 14135
3 14052 14051 14140
3 14051 14053 14141
3 14051 14141 14140
3 14052 14140 14142
3 14052 14142 14136
3 14053 14054 14143
3 14053 14143 14141
3 14054 14055 14144
3 14054 14144 14143
3 14055 14134 14145
3 14055 14145 14144
3 14146 14063 14057
3 14146 14057 14147
3 14056 14147 14057
3 14056 14058 14147
3 14148 14147 14058
3 14148 14058 14059
3 14059 14060 14149
3 14059 14149 14148
3 14060 14062 14150
3 14150 14149 14060
3 14062 14061 14151
3 14065 14151 14061
3 14150 14062 14151
3 14063 14146 14066
3 14063 14066 14064
3 14152 14065 14135
3 14065 14152 14151
3 14153 14067 14066
3 14153 14066 14146
3 14154 14068 14067
3 14154 14067 14153
3 14155 14069 14068
3 14155 14068 14154
3 14156 14077 14069
3 14156 14069 14155
3 14083 14070 14157
3 14070 14071 14158
3 14070 14158 14157
3 14072 14158 14071
3 14072 14159 14158
3 14073 14159 14072
3 14073 14160 14159
3 14160 14073 14074
3 14160 14074 14161
3 14075 14161 14074
3 14162 14075 14076
3 14075 14162 14161
3 14081 14163 14076
3 14162 14076 14163
3 14164 14079 14077
3 14164 14077 14156
3 14165 14166 14079
3 14165 14079 14164
3 14078 14079 14166
3 14078 14166 14167
3 14080 14078 14167
3 14080 14167 14168
3 14081 14080 14168
3 14081 14169 14163
3 14081 14168 14169
3 14083 14170 14082
3 14084 14082 14170
3 14083 14157 14171
3 14083 14171 14170
3 14084 14170 14172
3 14084 14172 14173
3 14084 14173 14085
3 14174 14086 14085
3 14174 14085 14173
3 14174 14123 14086
3 14087 14091 14175
3 14087 14175 14176
3 14176 14088 14087
3 14176 14177 14088
3 14178 14089 14088
3 14178 14088 14177
3 14089 14178 14179
3 14089 14179 14090
3 14180 14134 14090
3 14180 14090 14179
3 14181 14175 14091
3 14181 14091 14092
3 14092 14093 14182
3 14092 14182 14181
3 14182 14093 14133
3 14094 14104 14183
3 14094 14183 14131
3 14113 14184 14095
3 14184 14099 14095
3 14096 14097 14185
3 14101 14096 14185
3 14186 14185 14097
3 14098 14186 14097
3 14098 14099 14187
3 14186 14098 14187
3 14188 14187 14099
3 14184 14188 14099
3 14101 14185 14189
3 14101 14189 14190
3 14101 14190 14100
3 14191 14102 14100
3 14191 14100 14190
3 14102 14191 14192
3 14102 14192 14103
3 14193 14104 14103
3 14193 14103 14192
3 14104 14193 14194
3 14104 14194 14183
3 14105 14106 14195
3 14105 14195 14107
3 14106 14112 14196
3 14106 14196 14195
3 14107 14195 14197
3 14107 14197 14108
3 14108 14197 14198
3 14108 14198 14109
3 14111 14109 14199
3 14199 14109 14198
3 14110 14111 14200
3 14113 14110 14200
3 14199 14200 14111
3 14112 14114 14115
3 14112 14115 14196
3 14113 14200 14201
3 14184 14113 14201
3 14202 14196 14115
3 14202 14115 14116
3 14116 14117 14203
3 14116 14203 14202
3 14204 14203 14117
3 14204 14117 14118
3 14119 14205 14118
3 14118 14205 14206
3 14118 14206 14204
3 14119 14121 14205
3 14207 14121 14120
3 14207 14120 14208
3 14208 14120 14122
3 14121 14207 14209
3 14121 14209 14205
3 14208 14122 14210
3 14127 14210 14122
3 14174 14211 14123
3 14124 14123 14211
3 14124 14211 14212
3 14125 14124 14212
3 14125 14212 14213
3 14126 14125 14213
3 14126 14213 14214
3 14127 14126 14214
3 14210 14127 14215
3 14127 14214 14215
3 14216 14132 14128
3 14216 14128 14217
3 14217 14128 14129
3 14217 14129 14218
3 14219 14218 14129
3 14219 14129 14130
3 14220 14219 14130
3 14220 14130 14131
3 14221 14220 14131
3 14221 14131 14183
3 14182 14133 14222
3 14222 14133 14132
3 14222 14132 14216
3 14134 14180 14223
3 14134 14223 14145
3 14152 14135 14224
3 14139 14224 14135
3 14137 14136 14225
3 14142 14225 14136
3 14137 14226 14138
3 14226 14137 14225
3 14226 14227 14138
3 14139 14138 14227
3 14228 14139 14227
3 14139 14228 14224
3 14142 14140 14229
3 14230 14229 14140
3 14230 14140 14141
3 14231 14230 14141
3 14231 14141 14143
3 14142 14229 14232
3 14142 14232 14225
3 14233 14231 14143
3 14233 14143 14144
3 14234 14233 14144
3 14234 14144 14145
3 14235 14234 14145
3 14235 14145 14223
3 14153 14146 14147
3 14153 14147 14148
3 14153 14148 14149
3 14154 14149 14236
3 14150 14236 14149
3 14153 14149 14154
3 14150 14151 14237
3 14237 14236 14150
3 14152 14237 14151
3 14152 14238 14237
3 14238 14152 14224
3 14154 14236 14155
3 14155 14236 14239
3 14155 14239 14156
3 14156 14239 14240
3 14156 14240 14164
3 14171 14157 14175
3 14176 14175 14157
3 14176 14157 14158
3 14158 14159 14177
3 14158 14177 14176
3 14160 14177 14159
3 14160 14178 14177
3 14178 14160 14161
3 14178 14161 14179
3 14162 14179 14161
3 14180 14162 14163
3 14162 14180 14179
3 14169 14223 14163
3 14180 14163 14223
3 14164 14240 14241
3 14164 14241 14165
3 14165 14241 14242
3 14165 14242 14243
3 14243 14166 14165
3 14243 14244 14166
3 14167 14166 14244
3 14167 14244 14245
3 14245 14168 14167
3 14245 14246 14168
3 14169 14168 14246
3 14169 14235 14223
3 14169 14246 14235
3 14181 14182 14170
3 14181 14170 14171
3 14222 14172 14170
3 14222 14170 14182
3 14171 14175 14181
3 14216 14173 14172
3 14217 14174 14173
3 14217 14173 14216
3 14216 14172 14222
3 14218 14211 14174
3 14218 14174 14217
3 14247 14221 14183
3 14247 14183 14194
3 14184 14201 14248
3 14188 14184 14248
3 14186 14249 14185
3 14249 14189 14185
3 14186 14187 14250
3 14249 14186 14250
3 14251 14250 14187
3 14188 14251 14187
3 14188 14248 14252
3 14251 14188 14252
3 14253 14190 14189
3 14254 14191 14190
3 14254 14190 14253
3 14253 14189 14255
3 14249 14255 14189
3 14191 14254 14256
3 14191 14256 14192
3 14257 14193 14192
3 14257 14192 14256
3 14193 14257 14258
3 14193 14258 14194
3 14259 14247 14194
3 14259 14194 14258
3 14202 14197 14195
3 14202 14195 14196
3 14202 14198 14197
3 14260 14198 14203
3 14199 14198 14260
3 14202 14203 14198
3 14260 14261 14199
3 14199 14261 14200
3 14261 14201 14200
3 14262 14248 14201
3 14261 14262 14201
3 14260 14203 14204
3 14204 14206 14263
3 14204 14263 14260
3 14264 14206 14205
3 14264 14205 14209
3 14265 14263 14206
3 14265 14206 14264
3 14266 14207 14208
3 14207 14266 14267
3 14207 14267 14209
3 14266 14208 14268
3 14210 14268 14208
3 14209 14267 14269
3 14209 14269 14264
3 14210 14215 14270
3 14210 14270 14268
3 14218 14212 14211
3 14219 14213 14212
3 14218 14219 14212
3 14219 14220 14213
3 14220 14214 14213
3 14221 14215 14214
3 14220 14221 14214
3 14247 14270 14215
3 14221 14247 14215
3 14228 14271 14224
3 14238 14224 14271
3 14226 14225 14272
3 14273 14272 14225
3 14273 14225 14232
3 14274 14226 14272
3 14226 14274 14227
3 14274 14275 14227
3 14228 14227 14275
3 14228 14276 14271
3 14276 14228 14275
3 14232 14229 14277
3 14229 14230 14278
3 14229 14278 14277
3 14230 14231 14279
3 14230 14279 14278
3 14231 14233 14280
3 14231 14280 14279
3 14232 14277 14273
3 14234 14280 14233
3 14235 14281 14234
3 14234 14281 14280
3 14235 14246 14281
3 14237 14239 14236
3 14238 14239 14237
3 14238 14240 14239
3 14240 14238 14271
3 14240 14271 14241
3 14276 14242 14241
3 14276 14241 14271
3 14242 14276 14282
3 14242 14282 14283
3 14243 14242 14283
3 14243 14283 14284
3 14284 14244 14243
3 14284 14285 14244
3 14245 14244 14285
3 14245 14285 14286
3 14286 14246 14245
3 14286 14281 14246
3 14247 14259 14270
3 14287 14252 14248
3 14262 14287 14248
3 14249 14250 14288
3 14249 14288 14289
3 14249 14289 14255
3 14290 14288 14250
3 14251 14290 14250
3 14290 14251 14291
3 14251 14252 14291
3 14292 14291 14252
3 14287 14292 14252
3 14255 14293 14253
3 14294 14254 14253
3 14294 14253 14293
3 14254 14294 14295
3 14254 14295 14256
3 14255 14289 14293
3 14296 14257 14256
3 14296 14256 14295
3 14296 14258 14257
3 14259 14258 14297
3 14296 14297 14258
3 14259 14297 14298
3 14298 14270 14259
3 14260 14263 14261
3 14262 14261 14263
3 14262 14263 14265
3 14287 14262 14265
3 14264 14269 14299
3 14264 14299 14265
3 14287 14265 14299
3 14300 14269 14267
3 14300 14267 14301
3 14301 14267 14266
3 14301 14266 14302
3 14302 14266 14268
3 14302 14268 14298
3 14298 14268 14270
3 14303 14299 14269
3 14303 14269 14300
3 14274 14272 14304
3 14305 14304 14272
3 14305 14272 14273
3 14273 14277 14306
3 14273 14306 14305
3 14274 14304 14283
3 14274 14283 14282
3 14274 14282 14275
3 14276 14275 14282
3 14307 14306 14277
3 14307 14277 14278
3 14307 14278 14279
3 14307 14279 14280
3 14307 14280 14281
3 14307 14281 14286
3 14284 14283 14304
3 14284 14304 14305
3 14305 14285 14284
3 14305 14306 14285
3 14286 14285 14306
3 14286 14306 14307
3 14292 14287 14299
3 14290 14308 14288
3 14309 14289 14288
3 14309 14288 14308
3 14310 14293 14289
3 14310 14289 14309
3 14290 14291 14311
3 14290 14311 14312
3 14290 14312 14308
3 14292 14311 14291
3 14292 14299 14303
3 14311 14292 14303
3 14313 14294 14293
3 14313 14293 14310
3 14313 14295 14294
3 14313 14296 14295
3 14313 14297 14296
3 14298 14297 14314
3 14313 14314 14297
3 14298 14314 14302
3 14301 14315 14316
3 14301 14316 14300
3 14302 14315 14301
3 14300 14316 14312
3 14300 14312 14303
3 14302 14314 14315
3 14311 14303 14312
3 14308 14312 14316
3 14308 14316 14309
3 14309 14316 14315
3 14309 14315 14310
3 14310 14315 14314
3 14310 14314 14313
